image_id,rig_frame_id,camera,timestamp_ns,capture_fraction,split_v9,battery_member,battery_faces,tile_ids,environment,lidar_ceiling_pts,lidar_wall_sectors,stationary,x_m,y_m,z_m,pose_source
img_313927f8276bed83888b9791,rig_7a24f47d6c5ebd963de0ca67,right,1772726380342686976,0.0,train,True,yaw_minus_35,0|1|2|3,stationary_unresolved,1075,8,True,0.9561,0.1782,0.2842,accepted_independent_pos_prior_at
img_17a66f4cb62764dda6efae60,rig_7a24f47d6c5ebd963de0ca67,left,1772726380342691072,0.0,train,True,yaw_minus_35,2|3,stationary_unresolved,1075,8,True,0.9561,0.1782,0.2842,accepted_independent_pos_prior_at
img_1f7cf648acdfeca84393921f,rig_09c06411065d337169b08361,right,1772726380842701056,0.0023,train,True,pitch_up_56,0|1|2|3,stationary_unresolved,1075,8,True,0.9564,0.1786,0.2841,accepted_independent_pos_prior_at
img_7a23a6f62591d19f1c74cf07,rig_09c06411065d337169b08361,left,1772726380842704896,0.0023,train,False,,2|3,stationary_unresolved,1075,8,True,0.9564,0.1786,0.2841,accepted_independent_pos_prior_at
img_8448119d6dd039f747f28fad,rig_51dfbc6b06cba9f68f051556,right,1772726381342714112,0.0045,train,False,,0|1|2|3,stationary_unresolved,1075,8,True,0.9564,0.1787,0.2841,accepted_independent_pos_prior_at
img_643bc25ba5ac556419308dce,rig_51dfbc6b06cba9f68f051556,left,1772726381342716928,0.0045,train,True,yaw_plus_35,2|3,stationary_unresolved,1075,8,True,0.9564,0.1787,0.2841,accepted_independent_pos_prior_at
img_44688fc19520c97f04987182,rig_b9fca3f358eac23d79418554,right,1772726381842702848,0.0068,train,True,yaw_plus_35,0|1|2|3,stationary_unresolved,1075,8,True,0.9564,0.1785,0.2841,accepted_independent_pos_prior_at
img_7cff19823ca3910b18ba5ea2,rig_b9fca3f358eac23d79418554,left,1772726381842718720,0.0068,train,True,yaw_minus_35,2|3,stationary_unresolved,1075,8,True,0.9564,0.1785,0.2841,accepted_independent_pos_prior_at
img_4a2e56357884866047e5d674,rig_47dce3c32d0c6bb0b1551710,right,1772726382342784768,0.009,train,True,pitch_up_56,0|1|2|3,stationary_unresolved,1075,8,True,0.9564,0.1787,0.2841,accepted_independent_pos_prior_at
img_6f4375e52569cc403f7728ef,rig_47dce3c32d0c6bb0b1551710,left,1772726382342788096,0.009,train,True,pitch_down_56,2|3,stationary_unresolved,1075,8,True,0.9564,0.1787,0.2841,accepted_independent_pos_prior_at
img_5f8884d4e0886ce2c7c3329d,rig_ffc55ff4cebb277e5037350b,right,1772726382842777856,0.0113,train,True,pitch_up_56,0|1|2|3,stationary_unresolved,1075,8,True,0.9564,0.1787,0.284,accepted_independent_pos_prior_at
img_cee8a0fda1c15d318c63755c,rig_ffc55ff4cebb277e5037350b,left,1772726382842792960,0.0113,train,True,yaw_minus_35,2|3,stationary_unresolved,1075,8,True,0.9564,0.1787,0.284,accepted_independent_pos_prior_at
img_246e9ec9e0ed774cd0cbefb4,rig_3fcd9fae7198946570f03492,right,1772726383342850816,0.0136,train,False,,0|1|2|3,stationary_unresolved,1075,8,True,0.9564,0.1786,0.2841,accepted_independent_pos_prior_at
img_b315a63daceac938b89018f5,rig_3fcd9fae7198946570f03492,left,1772726383342854144,0.0136,train,False,,2|3,stationary_unresolved,1075,8,True,0.9564,0.1786,0.2841,accepted_independent_pos_prior_at
img_0808a922b5bfb00ee7a01908,rig_883a4ebb7e6586e4fd3b4547,right,1772726383842921984,0.0158,train,False,,0|1|2|3,stationary_unresolved,1075,8,True,0.9564,0.1787,0.2841,accepted_independent_pos_prior_at
img_17bf1628f94e193f3c3d8235,rig_883a4ebb7e6586e4fd3b4547,left,1772726383842925056,0.0158,train,True,pitch_down_56,2|3,stationary_unresolved,1075,8,True,0.9564,0.1787,0.2841,accepted_independent_pos_prior_at
img_50b466a226a3e1103ba42d6f,rig_4d16d7410b532f5a8e99b5f1,right,1772726384342926080,0.0181,train,False,,0|1|2|3,stationary_unresolved,1075,8,True,0.9564,0.1786,0.2841,accepted_independent_pos_prior_at
img_a6a68e03d00b4ed4df22aa71,rig_4d16d7410b532f5a8e99b5f1,left,1772726384342942976,0.0181,train,True,pitch_down_56,2|3,stationary_unresolved,1075,8,True,0.9564,0.1786,0.2841,accepted_independent_pos_prior_at
img_5f5029f3630b2fb09e6d6efa,rig_44024581676052797570e8d0,right,1772726384842983936,0.0204,train,False,,0|1|2|3,stationary_unresolved,1075,8,True,0.9564,0.1787,0.2841,accepted_independent_pos_prior_at
img_dd9664454cab0177d97f0316,rig_44024581676052797570e8d0,left,1772726384842999808,0.0204,train,False,,2|3,stationary_unresolved,1075,8,True,0.9564,0.1787,0.2841,accepted_independent_pos_prior_at
img_5563e8df2be4dc830dc08c92,rig_3001c1810024c616a028c6a1,right,1772726385343024896,0.0226,train,True,yaw_plus_35,0|1|2|3,stationary_unresolved,1075,8,True,0.9564,0.1787,0.2841,accepted_independent_pos_prior_at
img_c31546b9726699e2c2a82906,rig_3001c1810024c616a028c6a1,left,1772726385343041024,0.0226,train,True,pitch_down_56,2|3,stationary_unresolved,1075,8,True,0.9564,0.1787,0.2841,accepted_independent_pos_prior_at
img_998fac7e5f651da4c2cd8d17,rig_8376cf6ed2d267b6372abc97,right,1772726385843104768,0.0249,train,True,pitch_up_56,0|1|2|3,stationary_unresolved,1075,8,True,0.9565,0.1787,0.2841,accepted_independent_pos_prior_at
img_d73f523f6c5e437eb0a0a82f,rig_8376cf6ed2d267b6372abc97,left,1772726385843107840,0.0249,train,False,,2|3,stationary_unresolved,1075,8,True,0.9565,0.1787,0.2841,accepted_independent_pos_prior_at
img_4bdcc685ea71836c64354033,rig_0c0fa752260adc2d7d42204f,right,1772726386343086080,0.0271,train,False,,0|1|2|3,stationary_unresolved,1075,8,True,0.9566,0.1788,0.2841,accepted_independent_pos_prior_at
img_7ce79754f20b04e0897c295c,rig_0c0fa752260adc2d7d42204f,left,1772726386343101952,0.0271,train,False,,2|3,stationary_unresolved,1075,8,True,0.9566,0.1788,0.2841,accepted_independent_pos_prior_at
img_80940ca2f4c06ff631233746,rig_06b48d05e685561591643b16,right,1772726386843112960,0.0294,train,False,,0|1|2|3,stationary_unresolved,1075,8,True,0.9566,0.1786,0.2842,accepted_independent_pos_prior_at
img_a9080d3bc1d37c269cf33d87,rig_06b48d05e685561591643b16,left,1772726386843129856,0.0294,train,True,pitch_up_56,2|3,stationary_unresolved,1075,8,True,0.9566,0.1786,0.2842,accepted_independent_pos_prior_at
img_7cbdf15076430dd9350f81b8,rig_0ef9dbc241cdbcffd9ef8830,right,1772726387343147008,0.0317,train,True,yaw_plus_35,0|1|2|3,stationary_unresolved,1075,8,True,0.9566,0.1787,0.2841,accepted_independent_pos_prior_at
img_f06c118891312ac9fdda5367,rig_0ef9dbc241cdbcffd9ef8830,left,1772726387343162112,0.0317,train,False,,2|3,stationary_unresolved,1075,8,True,0.9566,0.1787,0.2841,accepted_independent_pos_prior_at
img_4e3d57a9706d9cb78afd5c41,rig_fcb5e5bc6e447db8fc1d90a4,right,1772726387843228928,0.0339,train,True,pitch_down_56,0|1|2|3,stationary_unresolved,1075,8,True,0.9566,0.1786,0.2842,accepted_independent_pos_prior_at
img_00ef5ab491af9d423626e07b,rig_fcb5e5bc6e447db8fc1d90a4,left,1772726387843232000,0.0339,train,True,yaw_minus_35,2|3,stationary_unresolved,1075,8,True,0.9566,0.1786,0.2842,accepted_independent_pos_prior_at
img_39a06855544f8de8351e1656,rig_a33a8865eb8de38ea721d39e,right,1772726388343209984,0.0362,train,False,,0|1|2|3,stationary_unresolved,1075,8,True,0.9566,0.1788,0.2842,accepted_independent_pos_prior_at
img_c326b2f0fdca6a85fe5d45f5,rig_a33a8865eb8de38ea721d39e,left,1772726388343225856,0.0362,train,False,,2|3,stationary_unresolved,1075,8,True,0.9566,0.1788,0.2842,accepted_independent_pos_prior_at
img_cd4571ad8de26172a08ecd80,rig_32f3e003a2a8f07e44263418,right,1772726388843239936,0.0385,train,True,yaw_plus_35,0|1|2|3,indoor,1074,8,False,0.9609,0.1796,0.2871,accepted_independent_pos_prior_at
img_528ff619306a8c9703bb57a9,rig_32f3e003a2a8f07e44263418,left,1772726388843257856,0.0385,train,True,pitch_up_56,2|3,indoor,1074,8,False,0.9609,0.1796,0.2871,accepted_independent_pos_prior_at
img_f2e31727fc02a2394640f8b4,rig_98874fa67831ae4f824c36f3,right,1772726389343258880,0.0407,train,False,,0|1|2|3,indoor,257,8,False,0.9515,0.1817,0.379,accepted_independent_pos_prior_at
img_2d4e13c684e33e7f3276e86f,rig_98874fa67831ae4f824c36f3,left,1772726389343275008,0.0407,train,False,,2|3,indoor,257,8,False,0.9515,0.1817,0.379,accepted_independent_pos_prior_at
img_1a415e4ff347474b2fe0e6fd,rig_38eb9f77a7130dc9f18b2333,right,1772726389843281920,0.043,train,False,,0|1|2|3,outdoor,0,6,False,0.8903,0.1781,0.5834,accepted_independent_pos_prior_at
img_d9e667f8ffbba146e74d55f3,rig_38eb9f77a7130dc9f18b2333,left,1772726389843298048,0.043,train,True,pitch_up_56,2|3,outdoor,0,6,False,0.8903,0.1781,0.5834,accepted_independent_pos_prior_at
img_77ed34b0126642eb21004da8,rig_cadcf89307b35ca8d6de3827,right,1772726390343308032,0.0452,train,True,pitch_up_56,0|1|2|3,outdoor,0,5,False,0.7439,0.1926,0.9011,accepted_independent_pos_prior_at
img_972156b97cd01036788d2d93,rig_cadcf89307b35ca8d6de3827,left,1772726390343323904,0.0452,train,False,,2|3,outdoor,0,5,False,0.7439,0.1926,0.9011,accepted_independent_pos_prior_at
img_a845da47748e8a6ca297bb3a,rig_b657874324625bd3f19ad991,right,1772726390843336960,0.0475,train,False,,0|1|2|3,outdoor,0,5,False,0.446,0.1627,1.2406,accepted_independent_pos_prior_at
img_57c2604724963389dad6b8fc,rig_b657874324625bd3f19ad991,left,1772726390843351808,0.0475,train,False,,1|2|3,outdoor,0,5,False,0.446,0.1627,1.2406,accepted_independent_pos_prior_at
img_864756b6e6d7af01e546481e,rig_0c8aaeaf8cc9714a437895cb,right,1772726391343368960,0.0498,train,True,yaw_plus_35,0|1|2|3,outdoor,0,5,False,0.0917,0.0799,1.3817,accepted_independent_pos_prior_at
img_b2ca7d398dbb3a51d6b172e1,rig_0c8aaeaf8cc9714a437895cb,left,1772726391343385088,0.0498,train,True,yaw_plus_35,1|2|3,outdoor,0,5,False,0.0917,0.0799,1.3817,accepted_independent_pos_prior_at
img_3674d4aa9eeeccc919db54a9,rig_9838789f9a6a87aba15b73bf,right,1772726391843453952,0.052,train,True,pitch_down_56,0|1|2|3,outdoor,0,4,False,-0.2305,0.082,1.4034,accepted_independent_pos_prior_at
img_0e90c061ce70226ad4b32bed,rig_9838789f9a6a87aba15b73bf,left,1772726391843456000,0.052,train,True,pitch_up_56,1|2|3,outdoor,0,4,False,-0.2305,0.082,1.4034,accepted_independent_pos_prior_at
img_ea26996fa398f540eb0ce21a,rig_1d61027fe342b36f3c325c8a,right,1772726392343447808,0.0543,train,False,,0|1|2|3,outdoor,0,3,False,-0.4882,0.1435,1.3826,accepted_independent_pos_prior_at
img_ce4c8b78f0d154af4ad15c0f,rig_1d61027fe342b36f3c325c8a,left,1772726392343450112,0.0543,train,False,,1|2|3,outdoor,0,3,False,-0.4882,0.1435,1.3826,accepted_independent_pos_prior_at
img_a9801515c4acedf4f042d6ee,rig_3c64bb05b7b5c9abf9f8ea57,right,1772726392843508992,0.0566,train,False,,0|1|2|3,outdoor,0,3,False,-0.6815,0.0902,1.3823,accepted_independent_pos_prior_at
img_46f7e3520c57796e33d0dd24,rig_3c64bb05b7b5c9abf9f8ea57,left,1772726392843512064,0.0566,train,True,yaw_minus_35,1|2|3,outdoor,0,3,False,-0.6815,0.0902,1.3823,accepted_independent_pos_prior_at
img_10530dbf7d673c59270af5e2,rig_3a9d46edf8ddc75aac3a8541,right,1772726393343502080,0.0588,train,False,,0|1|2|3,outdoor,0,5,False,-0.885,0.0208,1.3841,accepted_independent_pos_prior_at
img_4482606b56ce83da57f0a986,rig_3a9d46edf8ddc75aac3a8541,left,1772726393343517184,0.0588,train,False,,1|2|3,outdoor,0,5,False,-0.885,0.0208,1.3841,accepted_independent_pos_prior_at
img_7e1c9e745aed152b1e706429,rig_f8e970507b82986a3831673c,right,1772726393843569920,0.0611,train,True,pitch_down_56,0|1|2|3,outdoor,0,4,False,-0.9206,0.1699,1.3737,accepted_independent_pos_prior_at
img_4767ec0db6e2111433779ace,rig_f8e970507b82986a3831673c,left,1772726393843571968,0.0611,train,True,pitch_down_56,1|2|3,outdoor,0,4,False,-0.9206,0.1699,1.3737,accepted_independent_pos_prior_at
img_764fe29b4e1960f79bb29e3d,rig_3d9d76b364297e6d0323be2b,right,1772726394343603968,0.0633,train,False,,0|1|2|3,outdoor,20,5,False,-0.8671,0.5232,1.3505,accepted_independent_pos_prior_at
img_a32938d8e900c340762569b1,rig_3d9d76b364297e6d0323be2b,left,1772726394343606016,0.0633,train,False,,2|3,outdoor,20,5,False,-0.8671,0.5232,1.3505,accepted_independent_pos_prior_at
img_4dc8f84b30561037eb7ae084,rig_0ec87fa7eec60a30376bb767,right,1772726394843634944,0.0656,train,False,,0|1|2|3,outdoor,0,5,False,-0.7279,0.7902,1.3451,accepted_independent_pos_prior_at
img_14760453402721edd574fe64,rig_0ec87fa7eec60a30376bb767,left,1772726394843636992,0.0656,train,False,,2|3,outdoor,0,5,False,-0.7279,0.7902,1.3451,accepted_independent_pos_prior_at
img_e42f586216482cf4776c2f4f,rig_9046f76f1478053c9ede3a0a,right,1772726395343628800,0.0679,train,False,,0|1|2|3,outdoor,0,6,False,-0.4628,1.0055,1.3677,accepted_independent_pos_prior_at
img_4c939a2934d534171cff834e,rig_9046f76f1478053c9ede3a0a,left,1772726395343644928,0.0679,train,True,yaw_plus_35,2|3,outdoor,0,6,False,-0.4628,1.0055,1.3677,accepted_independent_pos_prior_at
img_f4e71c9e7ff3353987c9c41a,rig_5ee177202cb8d68c8541b2a5,right,1772726395843659776,0.0701,train,False,,0|1|2|3,outdoor,0,5,False,-0.1721,1.2364,1.3701,accepted_independent_pos_prior_at
img_4e3bab9abc88385e6174502c,rig_5ee177202cb8d68c8541b2a5,left,1772726395843675904,0.0701,train,True,yaw_minus_35,2|3,outdoor,0,5,False,-0.1721,1.2364,1.3701,accepted_independent_pos_prior_at
img_495d939ae647085d401c5718,rig_160ad198af150b5eea3e794e,right,1772726396343687936,0.0724,train,False,,0|1|2|3,outdoor,0,4,False,0.1579,1.4667,1.3806,accepted_independent_pos_prior_at
img_6b1b0c8108862b9717715345,rig_160ad198af150b5eea3e794e,left,1772726396343704832,0.0724,train,True,yaw_minus_35,2|3,outdoor,0,4,False,0.1579,1.4667,1.3806,accepted_independent_pos_prior_at
img_c6c64c84f33e7ba57d01e36f,rig_2cdcb12b87524dcabf8ab53f,right,1772726396843715840,0.0747,train,True,pitch_up_56,0|1|2|3,outdoor,0,4,False,0.5381,1.6896,1.3881,accepted_independent_pos_prior_at
img_2ae3e0c408fdb6d83118f6ea,rig_2cdcb12b87524dcabf8ab53f,left,1772726396843731968,0.0747,train,True,yaw_plus_35,2|3,outdoor,0,4,False,0.5381,1.6896,1.3881,accepted_independent_pos_prior_at
img_c77512e4e0ce2d4fa776ea2d,rig_e6e5a94fe91931079cceaf87,right,1772726397343741952,0.0769,train,False,,0|1|2|3,outdoor,0,5,False,0.8917,1.9397,1.3974,accepted_independent_pos_prior_at
img_bffdcc7ee41289ae3a61b39a,rig_e6e5a94fe91931079cceaf87,left,1772726397343757824,0.0769,train,True,yaw_minus_35,2|3,outdoor,0,5,False,0.8917,1.9397,1.3974,accepted_independent_pos_prior_at
img_f218d51dae29bd11fe08c9e2,rig_f0af01a9cee1d04f58cbbb9f,right,1772726397843756800,0.0792,train,False,,0|1|2|3,outdoor,0,5,False,1.2674,2.1624,1.3789,accepted_independent_pos_prior_at
img_d149230582e76ff92f833847,rig_f0af01a9cee1d04f58cbbb9f,left,1772726397843773952,0.0792,train,True,pitch_down_56,2|3,outdoor,0,5,False,1.2674,2.1624,1.3789,accepted_independent_pos_prior_at
img_3a1483836f813dc9ad7e4edb,rig_5c02d0174791430a31e970bf,right,1772726398343756800,0.0814,train,True,pitch_up_56,0|1|2|3,outdoor,0,6,False,1.6079,2.4277,1.3902,accepted_independent_pos_prior_at
img_3e88d0dfb8ec76e7b1d751e2,rig_5c02d0174791430a31e970bf,left,1772726398343771904,0.0814,train,False,,2|3,outdoor,0,6,False,1.6079,2.4277,1.3902,accepted_independent_pos_prior_at
img_88226fd046cc5356cc68c8ec,rig_efcd62d71c5d28e141da5cb3,right,1772726398843760896,0.0837,train,False,,0|1|2|3,outdoor,0,5,False,1.9008,2.7291,1.3862,accepted_independent_pos_prior_at
img_118dfff94fcc01a22eedc2e8,rig_efcd62d71c5d28e141da5cb3,left,1772726398843777024,0.0837,train,True,yaw_plus_35,2|3,outdoor,0,5,False,1.9008,2.7291,1.3862,accepted_independent_pos_prior_at
img_9f8e6e6735bab2261cf49998,rig_8bde27053478a07cd47f4415,right,1772726399343814912,0.086,train,False,,0|1|2|3,outdoor,0,5,False,2.244,2.9482,1.3696,accepted_independent_pos_prior_at
img_59c328a30ed6112505cd2268,rig_8bde27053478a07cd47f4415,left,1772726399343816960,0.086,train,True,yaw_minus_35,2|3,outdoor,0,5,False,2.244,2.9482,1.3696,accepted_independent_pos_prior_at
img_552ccaef249d70922a2b9ae7,rig_7e0029c18aafeeabec73c08f,right,1772726399843804928,0.0882,train,False,,0|1|2|3,outdoor,0,5,False,2.5093,3.1843,1.3613,accepted_independent_pos_prior_at
img_9fff771b01cbbb84aede4919,rig_7e0029c18aafeeabec73c08f,left,1772726399843821056,0.0882,train,True,yaw_plus_35,2|3,outdoor,0,5,False,2.5093,3.1843,1.3613,accepted_independent_pos_prior_at
img_03470cda035b5adeddb4a5b3,rig_45254873f743668026e05080,right,1772726400343847936,0.0905,train,True,pitch_down_56,0|1|2|3,outdoor,0,5,False,2.7609,3.3457,1.3627,accepted_independent_pos_prior_at
img_8176d36ae3b7dfeb51721892,rig_45254873f743668026e05080,left,1772726400343864064,0.0905,train,True,pitch_up_56,2|3,outdoor,0,5,False,2.7609,3.3457,1.3627,accepted_independent_pos_prior_at
img_68f31368a376525690e48608,rig_e3b31d945474d7df98786cf7,right,1772726400843888896,0.0928,train,False,,0|1|2|3,outdoor,0,4,False,3.1184,3.4932,1.3838,accepted_independent_pos_prior_at
img_5cf9d1382308cfa305655804,rig_e3b31d945474d7df98786cf7,left,1772726400843904000,0.0928,train,True,pitch_down_56,2|3,outdoor,0,4,False,3.1184,3.4932,1.3838,accepted_independent_pos_prior_at
img_92dd1fda516c07508a76a56c,rig_a3034e10afdfd13c3bb3b127,right,1772726401343922944,0.095,train,True,pitch_down_56,0|1|2|3,outdoor,0,5,False,3.4804,3.6626,1.3768,accepted_independent_pos_prior_at
img_5feae9f76544f90eda804478,rig_a3034e10afdfd13c3bb3b127,left,1772726401343939072,0.095,train,False,,2|3,outdoor,0,5,False,3.4804,3.6626,1.3768,accepted_independent_pos_prior_at
img_8c80111aab308428694788f4,rig_1cb9c5d4c879116ef855a1a5,right,1772726401843961088,0.0973,train,True,yaw_minus_35,0|1|2|3,outdoor,0,5,False,3.8458,3.7021,1.3599,accepted_independent_pos_prior_at
img_a5821da77bd01917280213c1,rig_1cb9c5d4c879116ef855a1a5,left,1772726401843976960,0.0973,train,True,yaw_minus_35,2|3,outdoor,0,5,False,3.8458,3.7021,1.3599,accepted_independent_pos_prior_at
img_df46b1666c566e3ae900c93b,rig_63977d60ee824dce1a601b9b,right,1772726402344006912,0.0995,train,True,yaw_plus_35,0|1|2|3,outdoor,0,4,False,4.243,3.7584,1.3746,accepted_independent_pos_prior_at
img_ff39ce60372fe31cfff4dc43,rig_63977d60ee824dce1a601b9b,left,1772726402344023040,0.0995,train,False,,2|3,outdoor,0,4,False,4.243,3.7584,1.3746,accepted_independent_pos_prior_at
img_72d329aaeffd9ca5bb751d0f,rig_8685b41aac1770a226eb43f6,right,1772726402844056832,0.1018,train,False,,0|1|2|3,outdoor,0,4,False,4.5891,3.8193,1.3831,accepted_independent_pos_prior_at
img_25e6a3ccf8f993f62610918f,rig_8685b41aac1770a226eb43f6,left,1772726402844072960,0.1018,train,False,,2|3,outdoor,0,4,False,4.5891,3.8193,1.3831,accepted_independent_pos_prior_at
img_298eb4ad7a7fb190d39583ea,rig_98411c0aa32b79a2d0ca9baa,right,1772726403344114176,0.1041,train,False,,0|1|2|3,outdoor,0,4,False,4.913,3.7808,1.3689,accepted_independent_pos_prior_at
img_37246760b5ed4ed5a5e1b554,rig_98411c0aa32b79a2d0ca9baa,left,1772726403344131072,0.1041,train,False,,2|3,outdoor,0,4,False,4.913,3.7808,1.3689,accepted_independent_pos_prior_at
img_bca1f40e65c0073ea5c3b207,rig_950ebaef281cbcf80c72a826,right,1772726403844158976,0.1063,train,False,,0|1|2|3,outdoor,0,4,False,5.1743,3.805,1.3809,accepted_independent_pos_prior_at
img_29d23f4728629b14cbc9d1c0,rig_950ebaef281cbcf80c72a826,left,1772726403844177920,0.1063,train,False,,2|3,outdoor,0,4,False,5.1743,3.805,1.3809,accepted_independent_pos_prior_at
img_65f505414e53514b40c87f66,rig_b288ec74ca1539f772649716,right,1772726404344176128,0.1086,train,False,,0|1|2|3,outdoor,0,3,False,5.346,3.8236,1.3829,accepted_independent_pos_prior_at
img_750ed64f5a06937cd1e4fa08,rig_b288ec74ca1539f772649716,left,1772726404344192000,0.1086,train,False,,2|3,outdoor,0,3,False,5.346,3.8236,1.3829,accepted_independent_pos_prior_at
img_20db9aea57590d693ed1f417,rig_06c6acc11162079bbf66bfcb,right,1772726404844192000,0.1109,train,False,,0|1|2|3,outdoor,0,3,False,5.5305,3.7219,1.3706,accepted_independent_pos_prior_at
img_de3ad288ce825697ce6af212,rig_06c6acc11162079bbf66bfcb,left,1772726404844208896,0.1109,train,False,,2|3,outdoor,0,3,False,5.5305,3.7219,1.3706,accepted_independent_pos_prior_at
img_7e5fa33d0d13a5a9e8727f84,rig_73278438c5987edce280624d,right,1772726405344205824,0.1131,train,False,,0|1|2|3,outdoor,0,3,False,5.7179,3.5797,1.3673,accepted_independent_pos_prior_at
img_137fc7a6b6690290c21a8800,rig_73278438c5987edce280624d,left,1772726405344221952,0.1131,train,False,,2|3,outdoor,0,3,False,5.7179,3.5797,1.3673,accepted_independent_pos_prior_at
img_2cb25c84f93cba5efbbe84c5,rig_a9ee8dfa439c365279d61976,right,1772726405844225792,0.1154,train,False,,0|1|2|3,outdoor,0,3,False,5.982,3.4225,1.3697,accepted_independent_pos_prior_at
img_0438825960239522ce92a086,rig_a9ee8dfa439c365279d61976,left,1772726405844240896,0.1154,train,False,,2|3,outdoor,0,3,False,5.982,3.4225,1.3697,accepted_independent_pos_prior_at
img_5bf2570751fa5012e024eb20,rig_b1b4744543888aaed04abc31,right,1772726406344256768,0.1176,train,False,,0|1|2|3,outdoor,0,3,False,6.219,3.28,1.3953,accepted_independent_pos_prior_at
img_15fea5143b9ed9b965e29b36,rig_b1b4744543888aaed04abc31,left,1772726406344272896,0.1176,train,False,,2|3,outdoor,0,3,False,6.219,3.28,1.3953,accepted_independent_pos_prior_at
img_59524914ac06cf1a2d6e317a,rig_a4484fe11e03722462ec74f3,right,1772726406844327936,0.1199,train,False,,0|1|2|3,outdoor,0,5,False,6.5067,3.1436,1.4194,accepted_independent_pos_prior_at
img_7fc70193a1c9db1d85cc998e,rig_a4484fe11e03722462ec74f3,left,1772726406844329984,0.1199,train,False,,2|3,outdoor,0,5,False,6.5067,3.1436,1.4194,accepted_independent_pos_prior_at
img_cc49a20a9f67e4bfb75ac5cd,rig_7aef461595f805c89596172b,right,1772726407344320000,0.1222,train,False,,0|1|2|3,outdoor,0,5,False,6.8568,3.0744,1.3932,accepted_independent_pos_prior_at
img_36e0205c98558c91ecf7584a,rig_7aef461595f805c89596172b,left,1772726407344336128,0.1222,train,False,,2|3,outdoor,0,5,False,6.8568,3.0744,1.3932,accepted_independent_pos_prior_at
img_43880861e0630f5d7ac7cc0d,rig_e601727fcbd717550873cb63,right,1772726407844350976,0.1244,train,False,,0|1|2|3,outdoor,0,4,False,7.1414,2.9505,1.386,accepted_independent_pos_prior_at
img_7d06dbe48c57eacee34b64be,rig_e601727fcbd717550873cb63,left,1772726407844367104,0.1244,train,False,,2|3,outdoor,0,4,False,7.1414,2.9505,1.386,accepted_independent_pos_prior_at
img_6ed6c4d41155b1fef7584c54,rig_67a9228c1efdcd385969f983,right,1772726408344381952,0.1267,train,False,,0|1|2|3,outdoor,0,4,False,7.4584,2.8233,1.4054,accepted_independent_pos_prior_at
img_9dc91b94d046c1df9d217aee,rig_67a9228c1efdcd385969f983,left,1772726408344398848,0.1267,train,False,,2|3,outdoor,0,4,False,7.4584,2.8233,1.4054,accepted_independent_pos_prior_at
img_53e20a3aa805e1f7b110ddf9,rig_a79b081ba3a99dbcf8a0dd11,right,1772726408844413952,0.129,train,False,,0|1|2|3,outdoor,0,4,False,7.8143,2.8475,1.4173,accepted_independent_pos_prior_at
img_e562ab7a1e826741726f0f32,rig_a79b081ba3a99dbcf8a0dd11,left,1772726408844430080,0.129,train,False,,2|3,outdoor,0,4,False,7.8143,2.8475,1.4173,accepted_independent_pos_prior_at
img_592f2c020773fd3d0eba846b,rig_28b837fa6430a71dc20de2a4,right,1772726409344444928,0.1312,train,False,,0|1|2|3,outdoor,0,4,False,8.1336,2.8518,1.4196,accepted_independent_pos_prior_at
img_373b64b7f7265a6208ff2cda,rig_28b837fa6430a71dc20de2a4,left,1772726409344460032,0.1312,train,False,,2|3,outdoor,0,4,False,8.1336,2.8518,1.4196,accepted_independent_pos_prior_at
img_732560e3ddae6ed22512b874,rig_1b77278a024b36d79631b868,right,1772726409844475136,0.1335,train,False,,0|1|2|3,outdoor,0,4,False,8.441,2.8248,1.4514,accepted_independent_pos_prior_at
img_241bf65803f5d5bdb63fa53d,rig_1b77278a024b36d79631b868,left,1772726409844491008,0.1335,train,False,,2|3,outdoor,0,4,False,8.441,2.8248,1.4514,accepted_independent_pos_prior_at
img_a14105de462c87fe3f894b4d,rig_fecabf1f0df1d4efe3758382,right,1772726410344506880,0.1357,train,False,,0|1|2|3,outdoor,0,3,False,8.7423,2.8639,1.4608,accepted_independent_pos_prior_at
img_1c484dfbc739f998461e0252,rig_fecabf1f0df1d4efe3758382,left,1772726410344523008,0.1357,train,False,,2|3,outdoor,0,3,False,8.7423,2.8639,1.4608,accepted_independent_pos_prior_at
img_7a41592105a1e385ea290380,rig_497c4abbdddec44fc1e5c68e,right,1772726410844537856,0.138,train,False,,0|1|2|3,outdoor,0,3,False,9.0002,2.8387,1.4485,accepted_independent_pos_prior_at
img_76feac06669caa33d9d03c46,rig_497c4abbdddec44fc1e5c68e,left,1772726410844553984,0.138,train,False,,2|3,outdoor,0,3,False,9.0002,2.8387,1.4485,accepted_independent_pos_prior_at
img_ea1f81bdd6efac58674c0e1b,rig_e0b76e648edd0850c5717ab3,right,1772726411344570880,0.1403,train,False,,0|1|2|3,outdoor,0,4,False,9.3569,2.79,1.4634,accepted_independent_pos_prior_at
img_d76fad2c039eb7392b547d6f,rig_e0b76e648edd0850c5717ab3,left,1772726411344586752,0.1403,train,False,,3,outdoor,0,4,False,9.3569,2.79,1.4634,accepted_independent_pos_prior_at
img_1618118629bef1789633f0dd,rig_95015a4111967a6aaf48d481,right,1772726411844603136,0.1425,train,False,,0|1|2|3,outdoor,0,3,False,9.6782,2.8075,1.4748,accepted_independent_pos_prior_at
img_f8342fb5c1c93714f24cf6d7,rig_95015a4111967a6aaf48d481,left,1772726411844619008,0.1425,train,False,,3,outdoor,0,3,False,9.6782,2.8075,1.4748,accepted_independent_pos_prior_at
img_2583dd744e4c06e135d8853a,rig_d5ea6b2b38d4468cdf4ea78f,right,1772726412344637952,0.1448,train,False,,0|1|2|3,outdoor,0,3,False,9.9516,2.7277,1.4596,accepted_independent_pos_prior_at
img_ead8ead193eebdbcd9f3e091,rig_d5ea6b2b38d4468cdf4ea78f,left,1772726412344653824,0.1448,train,False,,3,outdoor,0,3,False,9.9516,2.7277,1.4596,accepted_independent_pos_prior_at
img_a4bc513964ab0170b07c28bc,rig_c95956aed608037d72998ed8,right,1772726412844669952,0.1471,train,False,,0|1|2|3,outdoor,0,3,False,10.2713,2.5965,1.4761,accepted_independent_pos_prior_at
img_9446f6a0c7f008ec3e6bd51c,rig_c95956aed608037d72998ed8,left,1772726412844686080,0.1471,train,False,,3,outdoor,0,3,False,10.2713,2.5965,1.4761,accepted_independent_pos_prior_at
img_e6dc6c821682e92c7098c3fc,rig_4c34c3a1c33027aceddb5082,right,1772726413344698880,0.1493,train,False,,0|1|2|3,outdoor,0,3,False,10.6352,2.5267,1.4819,accepted_independent_pos_prior_at
img_953e3fa1e628b02d56633790,rig_4c34c3a1c33027aceddb5082,left,1772726413344714752,0.1493,train,False,,3,outdoor,0,3,False,10.6352,2.5267,1.4819,accepted_independent_pos_prior_at
img_9cc72b24cfc01e68bb74537b,rig_b5f4408ea9ce288b4ad01045,right,1772726413844727040,0.1516,train,False,,0|1|2|3,outdoor,0,3,False,10.9626,2.4394,1.4681,accepted_independent_pos_prior_at
img_9d2679f27d8a3a53f9ffea05,rig_b5f4408ea9ce288b4ad01045,left,1772726413844742912,0.1516,train,False,,3,outdoor,0,3,False,10.9626,2.4394,1.4681,accepted_independent_pos_prior_at
img_e59222a5e5b43cad84439894,rig_f635cb8661e815fa59f70fee,right,1772726414344753920,0.1538,train,False,,0|1|2|3,outdoor,0,3,False,11.3101,2.3595,1.482,accepted_independent_pos_prior_at
img_6fa669b10fbb724dc3362a0d,rig_f635cb8661e815fa59f70fee,left,1772726414344770816,0.1538,train,False,,3,outdoor,0,3,False,11.3101,2.3595,1.482,accepted_independent_pos_prior_at
img_e1287e860ec48f842b16e821,rig_eaeb2e1206c42c0409048a96,right,1772726414844784896,0.1561,train,False,,0|1|2|3,outdoor,0,2,False,11.6191,2.4071,1.4939,accepted_independent_pos_prior_at
img_2fd11bed5dd89d8bb3df71b2,rig_eaeb2e1206c42c0409048a96,left,1772726414844801024,0.1561,train,False,,3,outdoor,0,2,False,11.6191,2.4071,1.4939,accepted_independent_pos_prior_at
img_d691623e566cde7f444905b2,rig_0579fcb345a3734afc890594,right,1772726415344815872,0.1584,train,False,,0|1|2|3,outdoor,0,2,False,11.859,2.3757,1.4788,accepted_independent_pos_prior_at
img_865c420d4a9421a95d80a555,rig_0579fcb345a3734afc890594,left,1772726415344832000,0.1584,train,False,,3,outdoor,0,2,False,11.859,2.3757,1.4788,accepted_independent_pos_prior_at
img_8a5782154627496067ab070d,rig_77f65590b82898143d4b614f,right,1772726415844847872,0.1606,train,False,,0|1|2|3,outdoor,0,2,False,12.1629,2.3206,1.5032,accepted_independent_pos_prior_at
img_0018dd0404626269c5456dd5,rig_77f65590b82898143d4b614f,left,1772726415844864000,0.1606,train,False,,3,outdoor,0,2,False,12.1629,2.3206,1.5032,accepted_independent_pos_prior_at
img_f5f133cabb2d110c4de5284e,rig_3d14390fb7f803b2f50b1ae3,right,1772726416344879872,0.1629,train,False,,0|1|2|3,outdoor,0,2,False,12.4766,2.3296,1.5456,accepted_independent_pos_prior_at
img_4e6189ace79de6dc79f9225f,rig_3d14390fb7f803b2f50b1ae3,left,1772726416344895744,0.1629,train,False,,3,outdoor,0,2,False,12.4766,2.3296,1.5456,accepted_independent_pos_prior_at
img_1a38b2127348ddbd3e540b2f,rig_815f0bdecab8dc5043ac5c96,right,1772726416844912896,0.1652,train,False,,0|1|2|3,outdoor,0,2,False,12.7592,2.2588,1.5441,accepted_independent_pos_prior_at
img_fd0037e7275d396e2f105035,rig_815f0bdecab8dc5043ac5c96,left,1772726416844929024,0.1652,train,False,,3,outdoor,0,2,False,12.7592,2.2588,1.5441,accepted_independent_pos_prior_at
img_6f0133802dcbba5715db2a6b,rig_99f5a520bc8d9a34771777a3,right,1772726417344945920,0.1674,train,False,,0|1|2|3,outdoor,0,1,False,13.0553,2.1136,1.5681,accepted_independent_pos_prior_at
img_3aba23b72ba6c200262fd220,rig_99f5a520bc8d9a34771777a3,left,1772726417344962816,0.1674,train,False,,3,outdoor,0,1,False,13.0553,2.1136,1.5681,accepted_independent_pos_prior_at
img_a2ef0a0058461539f6d32279,rig_edcce550aec0ad3c1825731d,right,1772726417844980992,0.1697,train,False,,0|1|2|3,outdoor,0,1,False,13.3451,1.9492,1.5807,accepted_independent_pos_prior_at
img_5b7430adf431b687f1129ef4,rig_edcce550aec0ad3c1825731d,left,1772726417844996864,0.1697,train,False,,3,outdoor,0,1,False,13.3451,1.9492,1.5807,accepted_independent_pos_prior_at
img_24d4e5bc6fa22cd9ea92ff2e,rig_421a6a88885f1816ddea56e9,right,1772726418345015040,0.1719,train,False,,0|1|2|3,outdoor,0,2,False,13.5193,1.6885,1.5834,accepted_independent_pos_prior_at
img_219ea8f06811fd11b0b0b7e9,rig_421a6a88885f1816ddea56e9,left,1772726418345032960,0.1719,train,False,,0|3,outdoor,0,2,False,13.5193,1.6885,1.5834,accepted_independent_pos_prior_at
img_789243cb60bd90423c2cc36f,rig_6a5d942215c501958c71318c,right,1772726418845048832,0.1742,train,False,,0|1|2|3,outdoor,0,2,False,13.6576,1.3945,1.6147,accepted_independent_pos_prior_at
img_6f41a78957ac84401e77ac83,rig_6a5d942215c501958c71318c,left,1772726418845064960,0.1742,train,False,,0|3,outdoor,0,2,False,13.6576,1.3945,1.6147,accepted_independent_pos_prior_at
img_5e8f6477648ca5ac8d8ba881,rig_92fa282269d33e02e9d45cfe,right,1772726419345082880,0.1765,train,False,,0|1|2|3,outdoor,0,2,False,13.7935,1.1061,1.6337,accepted_independent_pos_prior_at
img_53ce9f841d68099d3fc67dcc,rig_92fa282269d33e02e9d45cfe,left,1772726419345099008,0.1765,train,False,,0|3,outdoor,0,2,False,13.7935,1.1061,1.6337,accepted_independent_pos_prior_at
img_28ae3ec748a5e0d8c78031df,rig_244a3146cf6923f6963a3a04,right,1772726419845116928,0.1787,train,False,,0|1|2|3,outdoor,0,2,False,13.8398,0.8109,1.6028,accepted_independent_pos_prior_at
img_4f5b2c7c217540835929062d,rig_244a3146cf6923f6963a3a04,left,1772726419845134080,0.1787,train,False,,0|3,outdoor,0,2,False,13.8398,0.8109,1.6028,accepted_independent_pos_prior_at
img_5550c6ee126a8a927e97dac2,rig_490a36809620a920c1761945,right,1772726420345161984,0.181,train,False,,0|1|2|3,outdoor,0,3,False,13.8939,0.5079,1.6162,accepted_independent_pos_prior_at
img_4db96f69333eb99d762ebc31,rig_490a36809620a920c1761945,left,1772726420345177856,0.181,train,False,,0|3,outdoor,0,3,False,13.8939,0.5079,1.6162,accepted_independent_pos_prior_at
img_b7f55877796392d83c722aba,rig_5d9632624c35a86076db1c01,right,1772726420845197056,0.1833,train,False,,0|1|2|3,outdoor,0,3,False,13.9602,0.3549,1.6143,accepted_independent_pos_prior_at
img_ef40b78b1d380170b13f632c,rig_5d9632624c35a86076db1c01,left,1772726420845212928,0.1833,train,False,,0|1|3,outdoor,0,3,False,13.9602,0.3549,1.6143,accepted_independent_pos_prior_at
img_864f94111ef95cfcf74e9828,rig_fdc0fa397462e41f7b7a979b,right,1772726421345256960,0.1855,train,False,,0|1|2|3,outdoor,0,3,False,13.906,0.3447,1.6005,accepted_independent_pos_prior_at
img_ebb44aa4fd7128a21d824082,rig_fdc0fa397462e41f7b7a979b,left,1772726421345259008,0.1855,train,False,,0|1|3,outdoor,0,3,False,13.906,0.3447,1.6005,accepted_independent_pos_prior_at
img_05cc6ae9bfec314d854c8837,rig_c4948ea06c313f97a02e89a1,right,1772726421845284864,0.1878,train,False,,0|1|2|3,outdoor,0,3,False,13.8087,0.371,1.5906,accepted_independent_pos_prior_at
img_21571925b3bdee2457e819f8,rig_c4948ea06c313f97a02e89a1,left,1772726421845287936,0.1878,train,False,,0|1|3,outdoor,0,3,False,13.8087,0.371,1.5906,accepted_independent_pos_prior_at
img_1fb3a72aca781ca07d397457,rig_a269c1f9931fa5f01c0c3525,right,1772726422345296896,0.19,train,False,,0|1|2|3,outdoor,0,3,False,13.7659,0.3846,1.5788,accepted_independent_pos_prior_at
img_9d11a004e9202f7dd1430bdc,rig_a269c1f9931fa5f01c0c3525,left,1772726422345299968,0.19,train,False,,0|1|3,outdoor,0,3,False,13.7659,0.3846,1.5788,accepted_independent_pos_prior_at
img_0fd1829e4d452fc9e06670fe,rig_9270bb45deabba98f3d35bfa,right,1772726422845303040,0.1923,train,False,,0|1|2|3,outdoor,0,3,False,13.7368,0.3965,1.565,accepted_independent_pos_prior_at
img_a49f9bef3e593948cf72d9a1,rig_9270bb45deabba98f3d35bfa,left,1772726422845305856,0.1923,train,False,,0|1|3,outdoor,0,3,False,13.7368,0.3965,1.565,accepted_independent_pos_prior_at
img_ef78b6a90549d802aaf81efd,rig_93ddb5288f9d2dadb2d5c06c,right,1772726423345286912,0.1946,train,False,,0|1|2|3,outdoor,0,3,False,13.7085,0.4266,1.5573,accepted_independent_pos_prior_at
img_2b4f13c695909781ea9270a7,rig_93ddb5288f9d2dadb2d5c06c,left,1772726423345303040,0.1946,train,False,,0|1|3,outdoor,0,3,False,13.7085,0.4266,1.5573,accepted_independent_pos_prior_at
img_89a641da0fa44949a2822d47,rig_f5dd1d7af2daf6378e3249b4,right,1772726423845319936,0.1968,train,False,,0|1|2|3,outdoor,0,3,False,13.6895,0.4596,1.5487,accepted_independent_pos_prior_at
img_753e568dd0cb0b359ee23e57,rig_f5dd1d7af2daf6378e3249b4,left,1772726423845337856,0.1968,train,False,,0|1|2|3,outdoor,0,3,False,13.6895,0.4596,1.5487,accepted_independent_pos_prior_at
img_46a0d026a1d62e44f0b7636f,rig_beb86146e928504f312b06b7,right,1772726424345372928,0.1991,train,False,,0|1|2|3,outdoor,0,3,False,13.6716,0.4681,1.5244,accepted_independent_pos_prior_at
img_dad684e3df7bafd45b805a5d,rig_beb86146e928504f312b06b7,left,1772726424345376000,0.1991,train,False,,0|1|2|3,outdoor,0,3,False,13.6716,0.4681,1.5244,accepted_independent_pos_prior_at
img_affda59b9b625a3dde9beb85,rig_a1697c621b1dd2f46054211e,right,1772726424845394944,0.2014,train,False,,0|1|2|3,outdoor,0,3,False,13.6794,0.3999,1.5124,accepted_independent_pos_prior_at
img_954f086e75547572ac933571,rig_a1697c621b1dd2f46054211e,left,1772726424845409792,0.2014,train,False,,0|1|2|3,outdoor,0,3,False,13.6794,0.3999,1.5124,accepted_independent_pos_prior_at
img_23f736d972ccf1608ccbe107,rig_77d59ad49037938e9356612d,right,1772726425345463040,0.2036,train,False,,0|1|2|3,outdoor,0,3,False,13.7721,0.2125,1.535,accepted_independent_pos_prior_at
img_e0bbacc0010098c4844951ac,rig_77d59ad49037938e9356612d,left,1772726425345465856,0.2036,train,False,,0|1|2|3,outdoor,0,3,False,13.7721,0.2125,1.535,accepted_independent_pos_prior_at
img_b4812019b4dfa216489f95df,rig_3960b36ac8ce3239da9d48e4,right,1772726425845450752,0.2059,train,False,,0|1|2|3,outdoor,0,3,False,13.9159,-0.0743,1.5914,accepted_independent_pos_prior_at
img_93526b49c3d4ea71e085b123,rig_3960b36ac8ce3239da9d48e4,left,1772726425845465856,0.2059,train,False,,0|1|3,outdoor,0,3,False,13.9159,-0.0743,1.5914,accepted_independent_pos_prior_at
img_fe46c480df46c4db13c4fd6c,rig_b5687b0cb5abac30ed7f48ac,right,1772726426345481984,0.2081,train,False,,0|1|2|3,outdoor,0,3,False,13.9757,-0.4806,1.5927,accepted_independent_pos_prior_at
img_85721e8fec7e71b7c7f73a5a,rig_b5687b0cb5abac30ed7f48ac,left,1772726426345499904,0.2081,train,False,,0|1|3,outdoor,0,3,False,13.9757,-0.4806,1.5927,accepted_independent_pos_prior_at
img_39bde7ed1336ec78411af4c0,rig_17282dbd39188418a1f5eefc,right,1772726426845512960,0.2104,train,False,,0|1|2|3,outdoor,0,3,False,14.087,-0.8969,1.6239,accepted_independent_pos_prior_at
img_8901b6f736c41a065c80f94a,rig_17282dbd39188418a1f5eefc,left,1772726426845527808,0.2104,train,False,,0|3,outdoor,0,3,False,14.087,-0.8969,1.6239,accepted_independent_pos_prior_at
img_98bb570ecf462a8b29f1009a,rig_63b1b61f95c59794d3396860,right,1772726427345547008,0.2127,train,False,,0|1|2|3,outdoor,0,3,False,14.1668,-1.2622,1.653,accepted_independent_pos_prior_at
img_6e169def21ca3501e9621c38,rig_63b1b61f95c59794d3396860,left,1772726427345562880,0.2127,train,False,,0|3,outdoor,0,3,False,14.1668,-1.2622,1.653,accepted_independent_pos_prior_at
img_5e80513ffc34b6196a43e365,rig_55d2fa68d70e2680e935a845,right,1772726427845582848,0.2149,train,False,,0|1|2|3,outdoor,0,3,False,14.166,-1.6479,1.6459,accepted_independent_pos_prior_at
img_1155e179ac216f5cb603d167,rig_55d2fa68d70e2680e935a845,left,1772726427845598976,0.2149,train,False,,0|3,outdoor,0,3,False,14.166,-1.6479,1.6459,accepted_independent_pos_prior_at
img_4beafc8e6c2ff2943ec8c75d,rig_35cbefd3d2f4b7df687cc3ec,right,1772726428345662976,0.2172,train,False,,0|1|2|3,outdoor,0,5,False,14.2311,-2.055,1.6409,accepted_independent_pos_prior_at
img_7bd4d14dab635bb5b3357c9a,rig_35cbefd3d2f4b7df687cc3ec,left,1772726428345666048,0.2172,train,False,,0|3,outdoor,0,5,False,14.2311,-2.055,1.6409,accepted_independent_pos_prior_at
img_1a62eea81648de2de47d1d27,rig_cc780f250500d86fdd99fa40,right,1772726428845664000,0.2195,train,False,,0|1|2|3,outdoor,0,5,False,14.2673,-2.396,1.6586,accepted_independent_pos_prior_at
img_a173ce5b858d0e4cc6535939,rig_cc780f250500d86fdd99fa40,left,1772726428845679872,0.2195,train,False,,0|3,outdoor,0,5,False,14.2673,-2.396,1.6586,accepted_independent_pos_prior_at
img_5b91b0038b79183f5c7235e8,rig_ed250a4472d03f10bfc2170d,right,1772726429345707776,0.2217,train,False,,0|1|2|3,outdoor,0,5,False,14.2338,-2.7698,1.6417,accepted_independent_pos_prior_at
img_f4ae6e2da52ae15360acd5f8,rig_ed250a4472d03f10bfc2170d,left,1772726429345723904,0.2217,train,False,,0|3,outdoor,0,5,False,14.2338,-2.7698,1.6417,accepted_independent_pos_prior_at
img_d63e075dca6c1af17d7d7f52,rig_3e151bea98cdd64a08e262ab,right,1772726429845752064,0.224,train,False,,0|1|2|3,outdoor,0,5,False,14.2536,-3.1065,1.6434,accepted_independent_pos_prior_at
img_4cba75fecd5719f789a62848,rig_3e151bea98cdd64a08e262ab,left,1772726429845767936,0.224,train,False,,0|3,outdoor,0,5,False,14.2536,-3.1065,1.6434,accepted_independent_pos_prior_at
img_07ad9afb8ee9b4439797e520,rig_a7eccdb605b1978cb585d069,right,1772726430345854976,0.2262,train,False,,0|1|2|3,outdoor,0,4,False,14.2822,-3.4643,1.6515,accepted_independent_pos_prior_at
img_84806c3a7a1913d739ff8f11,rig_a7eccdb605b1978cb585d069,left,1772726430345857792,0.2262,train,False,,0|3,outdoor,0,4,False,14.2822,-3.4643,1.6515,accepted_independent_pos_prior_at
img_8025ffd18b089ef27d299a02,rig_3b08745339cf8d14f6aec219,right,1772726430845890048,0.2285,train,False,,0|1|2|3,outdoor,0,4,False,14.2524,-3.7819,1.6445,accepted_independent_pos_prior_at
img_a644c06abc0af04ee00daff9,rig_3b08745339cf8d14f6aec219,left,1772726430845891840,0.2285,train,False,,0|3,outdoor,0,4,False,14.2524,-3.7819,1.6445,accepted_independent_pos_prior_at
img_729de0fdc89bc5da6f822671,rig_cfc18cfe48f786541e17e507,right,1772726431345884928,0.2308,train,False,,0|1|2|3,outdoor,0,3,False,14.2274,-4.0773,1.6545,accepted_independent_pos_prior_at
img_371829f130cc2bfcee62b62f,rig_cfc18cfe48f786541e17e507,left,1772726431345901056,0.2308,train,False,,0|3,outdoor,0,3,False,14.2274,-4.0773,1.6545,accepted_independent_pos_prior_at
img_b66bfddd418c61e670dc3a5c,rig_9b30bbe8a1c651d62230aada,right,1772726431845913856,0.233,train,False,,0|1|2|3,outdoor,0,4,False,14.2476,-4.3702,1.641,accepted_independent_pos_prior_at
img_1ebc50fda2a6ee2870ef2919,rig_9b30bbe8a1c651d62230aada,left,1772726431845929984,0.233,train,False,,0|3,outdoor,0,4,False,14.2476,-4.3702,1.641,accepted_independent_pos_prior_at
img_2528134f0c15a2a2a931c0df,rig_1d90e98300a7062d9a2aaa55,right,1772726432345931008,0.2353,train,False,,0|1|2|3,outdoor,0,4,False,14.1689,-4.6626,1.6126,accepted_independent_pos_prior_at
img_41d795cffe8ac5958ba0e943,rig_1d90e98300a7062d9a2aaa55,left,1772726432345947136,0.2353,train,False,,0|3,outdoor,0,4,False,14.1689,-4.6626,1.6126,accepted_independent_pos_prior_at
img_8cb5b725b7b6ad962fac04a5,rig_38381b3fc18c826f13eeff77,right,1772726432846006784,0.2376,train,False,,0|1|2|3,outdoor,0,4,False,14.0663,-4.9389,1.6097,accepted_independent_pos_prior_at
img_23bcc9a1d7f545975441d295,rig_38381b3fc18c826f13eeff77,left,1772726432846009856,0.2376,train,False,,0|3,outdoor,0,4,False,14.0663,-4.9389,1.6097,accepted_independent_pos_prior_at
img_4fcd6a3db493c1c587d8b3a9,rig_0361f91ef4389a6eb93d4af1,right,1772726433345968128,0.2398,train,False,,0|1|2|3,outdoor,0,5,False,13.9821,-5.2366,1.6129,accepted_independent_pos_prior_at
img_67cb9bc06ca9a801a5b68e06,rig_0361f91ef4389a6eb93d4af1,left,1772726433345984000,0.2398,train,False,,0|3,outdoor,0,5,False,13.9821,-5.2366,1.6129,accepted_independent_pos_prior_at
img_d243f0bef95f3ab8666465b0,rig_11bbd48412450b6da32f86e5,right,1772726433845985792,0.2421,train,False,,0|1|2|3,outdoor,0,5,False,13.8553,-5.46,1.6085,accepted_independent_pos_prior_at
img_654114daebb73a29c72bdb27,rig_11bbd48412450b6da32f86e5,left,1772726433846001920,0.2421,train,False,,0|3,outdoor,0,5,False,13.8553,-5.46,1.6085,accepted_independent_pos_prior_at
img_ae76977466c8fa930454864c,rig_b4d4cab763a4251789f68ec8,right,1772726434346002944,0.2443,train,False,,0|1|2|3,outdoor,0,6,False,13.6978,-5.7195,1.6088,accepted_independent_pos_prior_at
img_429e11f512c9ec7cca7d8eff,rig_b4d4cab763a4251789f68ec8,left,1772726434346017792,0.2443,train,False,,0|3,outdoor,0,6,False,13.6978,-5.7195,1.6088,accepted_independent_pos_prior_at
img_20a58f5ac4250200235962e2,rig_bd64003ad2891939b621d468,right,1772726434846021888,0.2466,train,False,,0|1|2|3,outdoor,0,6,False,13.6032,-5.9908,1.6089,accepted_independent_pos_prior_at
img_36cdbf68fcc766fb18c480a2,rig_bd64003ad2891939b621d468,left,1772726434846037760,0.2466,train,False,,0|3,outdoor,0,6,False,13.6032,-5.9908,1.6089,accepted_independent_pos_prior_at
img_0c5af46cf601f1ba240045ea,rig_78d42ea51d8af589ae473677,right,1772726435346088960,0.2489,train,False,,0|1|2|3,outdoor,0,6,False,13.5299,-6.2187,1.6405,accepted_independent_pos_prior_at
img_aad3e392c49e55bff2867b51,rig_78d42ea51d8af589ae473677,left,1772726435346091008,0.2489,train,False,,0|3,outdoor,0,6,False,13.5299,-6.2187,1.6405,accepted_independent_pos_prior_at
img_575f482e53a2e9d903317aeb,rig_fb0e1762cbaab1415ccede67,right,1772726435846081024,0.2511,train,False,,0|1|2|3,outdoor,0,6,False,13.3752,-6.4685,1.6546,accepted_independent_pos_prior_at
img_602aaa7e37f9400e20d3d20c,rig_fb0e1762cbaab1415ccede67,left,1772726435846096896,0.2511,train,False,,0|3,outdoor,0,6,False,13.3752,-6.4685,1.6546,accepted_independent_pos_prior_at
img_19b325eb7f251301eb6db660,rig_f4fa085608d11316ec5a7092,right,1772726436346120960,0.2534,train,False,,0|1|2|3,outdoor,0,7,False,13.2517,-6.7215,1.6742,accepted_independent_pos_prior_at
img_046152e78c23ba2a63570a36,rig_f4fa085608d11316ec5a7092,left,1772726436346135808,0.2534,train,False,,0|3,outdoor,0,7,False,13.2517,-6.7215,1.6742,accepted_independent_pos_prior_at
img_622228827b821ea7fad563a5,rig_7964ba6473e309db290c0c7f,right,1772726436846160896,0.2557,train,False,,0|1|2|3,outdoor,0,7,False,13.1661,-6.9903,1.735,accepted_independent_pos_prior_at
img_b1522372fee2db4f57295874,rig_7964ba6473e309db290c0c7f,left,1772726436846227968,0.2557,train,False,,0|3,outdoor,0,7,False,13.1661,-6.9903,1.735,accepted_independent_pos_prior_at
img_6945a13d80ea37856cdb03cf,rig_e103c590c09389ae0126d79e,right,1772726437346190848,0.2579,train,False,,0|1|2|3,outdoor,0,7,False,13.0331,-7.2029,1.749,accepted_independent_pos_prior_at
img_38f675d4e9377237a9fb5a56,rig_e103c590c09389ae0126d79e,left,1772726437346205952,0.2579,train,False,,0|3,outdoor,0,7,False,13.0331,-7.2029,1.749,accepted_independent_pos_prior_at
img_1371e2f1b988b88eea55fbdc,rig_e585abc0baa8a604cac46954,right,1772726437846272000,0.2602,train,False,,0|1|2|3,outdoor,0,7,False,12.914,-7.4201,1.7581,accepted_independent_pos_prior_at
img_41a6f55bab15569819e335b6,rig_e585abc0baa8a604cac46954,left,1772726437846274816,0.2602,train,False,,0|3,outdoor,0,7,False,12.914,-7.4201,1.7581,accepted_independent_pos_prior_at
img_eeceff5515532096691986e5,rig_6353b36c3c3a1db736617388,right,1772726438346266112,0.2624,train,False,,0|1|2|3,outdoor,0,6,False,12.8889,-7.6967,1.7724,accepted_independent_pos_prior_at
img_d9c3121dcde066b8a9b4e709,rig_6353b36c3c3a1db736617388,left,1772726438346287104,0.2624,train,False,,0|3,outdoor,0,6,False,12.8889,-7.6967,1.7724,accepted_independent_pos_prior_at
img_8d2653f0e92eb51552d9d708,rig_499c71c63328b454a4c529ad,right,1772726438846304000,0.2647,train,False,,0|1|2|3,outdoor,0,6,False,12.794,-7.8997,1.7593,accepted_independent_pos_prior_at
img_40839df87738117d53fe5712,rig_499c71c63328b454a4c529ad,left,1772726438846319872,0.2647,train,False,,0|3,outdoor,0,6,False,12.794,-7.8997,1.7593,accepted_independent_pos_prior_at
img_36179b59758015708cbc0529,rig_c5283cd6ab5e0aa874eff166,right,1772726439346339840,0.267,train,False,,0|1|2|3,outdoor,0,6,False,12.6894,-8.0716,1.7318,accepted_independent_pos_prior_at
img_a4d25ce454cd8f58122e6006,rig_c5283cd6ab5e0aa874eff166,left,1772726439346355968,0.267,train,False,,0|3,outdoor,0,6,False,12.6894,-8.0716,1.7318,accepted_independent_pos_prior_at
img_be28532475a779685710f991,rig_55fa4cc81889406467df0ec5,right,1772726439846374144,0.2692,train,False,,0|1|2|3,outdoor,0,6,False,12.5874,-8.3148,1.7295,accepted_independent_pos_prior_at
img_4c1515ea06c18f0b0a5b1619,rig_55fa4cc81889406467df0ec5,left,1772726439846391040,0.2692,train,False,,0|3,outdoor,0,6,False,12.5874,-8.3148,1.7295,accepted_independent_pos_prior_at
img_5d36f96d95329bc275b1e854,rig_a2de1d976e32bcdbbac82c3b,right,1772726440346407936,0.2715,train,False,,0|1|2|3,outdoor,0,6,False,12.5065,-8.5859,1.7394,accepted_independent_pos_prior_at
img_74cdbe608be852f5a3b0f9fe,rig_a2de1d976e32bcdbbac82c3b,left,1772726440346422784,0.2715,train,False,,0|3,outdoor,0,6,False,12.5065,-8.5859,1.7394,accepted_independent_pos_prior_at
img_336e1066e62f9bd81c7fb187,rig_388a49b5615936ae67d820be,right,1772726440846436864,0.2738,train,False,,0|1|2|3,outdoor,0,6,False,12.319,-8.763,1.733,accepted_independent_pos_prior_at
img_8502bdf4dc3ab8de3bafafb0,rig_388a49b5615936ae67d820be,left,1772726440846451968,0.2738,train,False,,0|3,outdoor,0,6,False,12.319,-8.763,1.733,accepted_independent_pos_prior_at
img_69419e5adbf182700c58bb12,rig_99601681f6fb3541aef8004d,right,1772726441346459904,0.276,train,False,,0|1|2|3,outdoor,0,6,False,12.15,-8.8502,1.7493,accepted_independent_pos_prior_at
img_a02ab4c174e113a279d4bed5,rig_99601681f6fb3541aef8004d,left,1772726441346475776,0.276,train,False,,0|3,outdoor,0,6,False,12.15,-8.8502,1.7493,accepted_independent_pos_prior_at
img_2bd2f89c0ed9038a7ebb2598,rig_b956cd29b76bd80f8e2fcff3,right,1772726441846484992,0.2783,train,False,,0|1|2|3,outdoor,0,6,False,12.0048,-8.8031,1.7406,accepted_independent_pos_prior_at
img_6ca3ccb0981185a28e1f93dc,rig_b956cd29b76bd80f8e2fcff3,left,1772726441846500864,0.2783,train,False,,0|1|2|3,outdoor,0,6,False,12.0048,-8.8031,1.7406,accepted_independent_pos_prior_at
img_53f96406e0c9d22b6885bb47,rig_fec2268a8a2fbc4f8156eda1,right,1772726442346515968,0.2805,train,False,,0|1|2|3,outdoor,0,6,False,11.8381,-8.7341,1.7336,accepted_independent_pos_prior_at
img_df3950cdb921076b35a98310,rig_fec2268a8a2fbc4f8156eda1,left,1772726442346531840,0.2805,train,False,,0|1|2|3,outdoor,0,6,False,11.8381,-8.7341,1.7336,accepted_independent_pos_prior_at
img_7d6f42b0bce05fe141244829,rig_8895a9a6f5acbf57a1c1a144,right,1772726442846546944,0.2828,train,False,,0|1|2|3,outdoor,0,6,False,11.8331,-8.9354,1.7463,accepted_independent_pos_prior_at
img_d93088ca1a3836c5d531bcdd,rig_8895a9a6f5acbf57a1c1a144,left,1772726442846562816,0.2828,train,False,,0|3,outdoor,0,6,False,11.8331,-8.9354,1.7463,accepted_independent_pos_prior_at
img_a1f74d52ddf18a7b95f8fb82,rig_8aab95e150e309add8a41d73,right,1772726443346631936,0.2851,train,False,,0|1|2|3,outdoor,0,6,False,11.9015,-9.2758,1.7462,accepted_independent_pos_prior_at
img_3caf02b05fda5adf6265db80,rig_8aab95e150e309add8a41d73,left,1772726443346633984,0.2851,train,False,,0|3,outdoor,0,6,False,11.9015,-9.2758,1.7462,accepted_independent_pos_prior_at
img_f04af7535fdbb03e8401bbe0,rig_cf95d26e75342ba62534d752,right,1772726443846608896,0.2873,train,False,,0|1|2|3,outdoor,0,5,False,11.9598,-9.662,1.7098,accepted_independent_pos_prior_at
img_730e104f8bd0470783b519ad,rig_cf95d26e75342ba62534d752,left,1772726443846624768,0.2873,train,False,,0|3,outdoor,0,5,False,11.9598,-9.662,1.7098,accepted_independent_pos_prior_at
img_ef51ea18654a5079d4e233ba,rig_bd4b88b17b4b42a98be46845,right,1772726444346638080,0.2896,train,False,,0|1|2|3,outdoor,0,5,False,12.1037,-10.0335,1.6969,accepted_independent_pos_prior_at
img_0013434cabcfe39de86e02cb,rig_bd4b88b17b4b42a98be46845,left,1772726444346652928,0.2896,train,False,,0|3,outdoor,0,5,False,12.1037,-10.0335,1.6969,accepted_independent_pos_prior_at
img_125efba8e64a1900654063c3,rig_d5b118e7a9fc9447562f0248,right,1772726444846667008,0.2919,train,False,,0|1|2|3,outdoor,0,5,False,12.301,-10.4195,1.6909,accepted_independent_pos_prior_at
img_859c9298a97165b8bde29d70,rig_d5b118e7a9fc9447562f0248,left,1772726444846680832,0.2919,train,False,,0|3,outdoor,0,5,False,12.301,-10.4195,1.6909,accepted_independent_pos_prior_at
img_c54fcbe99fb2556e3eee453b,rig_dcafed623bbc1de68d459686,right,1772726445346695936,0.2941,train,False,,0|1|2|3,outdoor,0,5,False,12.3304,-10.7838,1.6525,accepted_independent_pos_prior_at
img_d01afa21ca5242b7a5e0f749,rig_dcafed623bbc1de68d459686,left,1772726445346711808,0.2941,train,False,,0|3,outdoor,0,5,False,12.3304,-10.7838,1.6525,accepted_independent_pos_prior_at
img_714f4ac0cedca8648afe46e2,rig_ce5f04bbbfd27e2ea68e131c,right,1772726445846728960,0.2964,train,False,,0|1|2|3,outdoor,0,5,False,12.3549,-11.0639,1.6734,accepted_independent_pos_prior_at
img_2fa0e87e84861be1dfacfe33,rig_ce5f04bbbfd27e2ea68e131c,left,1772726445846744064,0.2964,train,False,,0|3,outdoor,0,5,False,12.3549,-11.0639,1.6734,accepted_independent_pos_prior_at
img_dee26d9c80b097e644b27948,rig_8fe94e3e4b7b499cea385c9f,right,1772726446346759936,0.2986,train,False,,0|1|2|3,outdoor,0,5,False,12.3797,-11.3537,1.724,accepted_independent_pos_prior_at
img_059735131c8240a4d502ecba,rig_8fe94e3e4b7b499cea385c9f,left,1772726446346776064,0.2986,train,False,,0|3,outdoor,0,5,False,12.3797,-11.3537,1.724,accepted_independent_pos_prior_at
img_1a5eee9849f95e3f1ffef40d,rig_91e8f573f92fc625b8bc22c6,right,1772726446846832896,0.3009,train,False,,0|1|2|3,outdoor,0,5,False,12.2393,-11.6283,1.6937,accepted_independent_pos_prior_at
img_4684934416f0dd355c57cc5e,rig_91e8f573f92fc625b8bc22c6,left,1772726446846834944,0.3009,train,False,,0|1|3,outdoor,0,5,False,12.2393,-11.6283,1.6937,accepted_independent_pos_prior_at
img_575d0f2b73c72c0a37d1fdaf,rig_9d95aa2abfb26fc1498a5395,right,1772726447346824960,0.3032,train,False,,0|1|2|3,outdoor,0,4,False,12.0524,-11.9251,1.7067,accepted_independent_pos_prior_at
img_84dc5ebb65e295c784cd23a8,rig_9d95aa2abfb26fc1498a5395,left,1772726447346840832,0.3032,train,False,,0|1|3,outdoor,0,4,False,12.0524,-11.9251,1.7067,accepted_independent_pos_prior_at
img_44aa2004a4a7e90eb9ff462e,rig_26e50c15137820a10f968d07,right,1772726447846856960,0.3054,train,False,,0|1|2|3,outdoor,0,4,False,11.895,-12.1819,1.7207,accepted_independent_pos_prior_at
img_2f7b071dd4a79eebbbade4ce,rig_26e50c15137820a10f968d07,left,1772726447846873088,0.3054,train,False,,0|1|2|3,outdoor,0,4,False,11.895,-12.1819,1.7207,accepted_independent_pos_prior_at
img_78a3f1935a07eebf17609099,rig_5bc34c2fed18618a32e97745,right,1772726448346888960,0.3077,train,False,,0|1|2|3,outdoor,0,4,False,11.6642,-12.3713,1.6896,accepted_independent_pos_prior_at
img_96ec06089b236e99424a6f3b,rig_5bc34c2fed18618a32e97745,left,1772726448346905088,0.3077,train,False,,0|1|2|3,outdoor,0,4,False,11.6642,-12.3713,1.6896,accepted_independent_pos_prior_at
img_c00a2dd81dbcbe2ba6d1a126,rig_35081e0547a7cfcbca79dbba,right,1772726448846920960,0.31,train,False,,0|1|2|3,outdoor,0,4,False,11.3573,-12.6219,1.7038,accepted_independent_pos_prior_at
img_730764b3a74203f26ba4ada6,rig_35081e0547a7cfcbca79dbba,left,1772726448846936832,0.31,train,False,,0|1|2|3,outdoor,0,4,False,11.3573,-12.6219,1.7038,accepted_independent_pos_prior_at
img_18bab3dd6b4d34c67c53fdb6,rig_7f2588eb25297d7f69e812fc,right,1772726449346952960,0.3122,train,False,,0|1|2|3,outdoor,0,3,False,11.0442,-12.8347,1.7197,accepted_independent_pos_prior_at
img_2a571292a4944bb3c65b1e06,rig_7f2588eb25297d7f69e812fc,left,1772726449346968832,0.3122,train,False,,0|1|2|3,outdoor,0,3,False,11.0442,-12.8347,1.7197,accepted_independent_pos_prior_at
img_3dd943e1fbc94dc8c092af49,rig_b6c28fb60084e876cb1574da,right,1772726449847023872,0.3145,train,False,,0|1|2|3,outdoor,0,4,False,10.6792,-12.913,1.7078,accepted_independent_pos_prior_at
img_3a67c36eb4b7f4b5eacf371d,rig_b6c28fb60084e876cb1574da,left,1772726449847025920,0.3145,train,False,,0|1|2|3,outdoor,0,4,False,10.6792,-12.913,1.7078,accepted_independent_pos_prior_at
img_af7bad065c75951e1c1e1c4f,rig_e8f612a2355b17f8b3c2c37d,right,1772726450347016960,0.3167,train,False,,0|1|2|3,outdoor,0,4,False,10.3514,-13.0158,1.7132,accepted_independent_pos_prior_at
img_29f0cdf6a31f8207e452d529,rig_e8f612a2355b17f8b3c2c37d,left,1772726450347032064,0.3167,train,False,,0|1|2|3,outdoor,0,4,False,10.3514,-13.0158,1.7132,accepted_independent_pos_prior_at
img_46fb35a374a648bbf7d67b4a,rig_14ad50c8337caec754d4ed52,right,1772726450847046912,0.319,train,False,,0|1|2|3,outdoor,0,5,False,10.0603,-13.1425,1.7334,accepted_independent_pos_prior_at
img_d21f5584847186fb48689a7a,rig_14ad50c8337caec754d4ed52,left,1772726450847063040,0.319,train,False,,0|1|2|3,outdoor,0,5,False,10.0603,-13.1425,1.7334,accepted_independent_pos_prior_at
img_e984e928226015a4b56c841d,rig_677aee1563d91ee8f93d06ce,right,1772726451347099904,0.3213,train,False,,0|1|2|3,outdoor,0,5,False,9.7449,-13.1583,1.7088,accepted_independent_pos_prior_at
img_0898f79cccd2c021fa397a68,rig_677aee1563d91ee8f93d06ce,left,1772726451347102976,0.3213,train,False,,0|1|2,outdoor,0,5,False,9.7449,-13.1583,1.7088,accepted_independent_pos_prior_at
img_eac8d6fea7b11f2aed473852,rig_4828a7d15a4b39f1ba02447d,right,1772726451847107840,0.3235,train,False,,0|1|2|3,outdoor,0,5,False,9.4778,-13.1163,1.7204,accepted_independent_pos_prior_at
img_d94379474e894655ae5606ba,rig_4828a7d15a4b39f1ba02447d,left,1772726451847122944,0.3235,train,False,,0|1|2,outdoor,0,5,False,9.4778,-13.1163,1.7204,accepted_independent_pos_prior_at
img_f266fb814ed9e48ef6890df7,rig_4bc8bf23531299bc76b8e440,right,1772726452347136000,0.3258,train,False,,0|1|2|3,outdoor,0,5,False,9.3266,-12.98,1.7644,accepted_independent_pos_prior_at
img_be5a270ff906e798953439de,rig_4bc8bf23531299bc76b8e440,left,1772726452347151872,0.3258,train,False,,0|1|2,outdoor,0,5,False,9.3266,-12.98,1.7644,accepted_independent_pos_prior_at
img_a4d051fe3a11af8a0bd89a37,rig_b1b74993b2cfab693abe02c3,right,1772726452847165952,0.3281,train,False,,3,outdoor,0,4,False,9.3668,-12.6827,1.7409,accepted_independent_pos_prior_at
img_c4432fd9be4c02760427f369,rig_b1b74993b2cfab693abe02c3,left,1772726452847183104,0.3281,train,False,,0|1|2,outdoor,0,4,False,9.3668,-12.6827,1.7409,accepted_independent_pos_prior_at
img_fa40fff161d318d8d11e919d,rig_5a979f6cd3d0d9c63b8d2d12,right,1772726453347233024,0.3303,train,False,,3,outdoor,0,4,False,9.3806,-12.3448,1.7342,accepted_independent_pos_prior_at
img_cc7973236912a72f232cc17b,rig_5a979f6cd3d0d9c63b8d2d12,left,1772726453347235072,0.3303,train,False,,0|1|2|3,outdoor,0,4,False,9.3806,-12.3448,1.7342,accepted_independent_pos_prior_at
img_faf4b32025c3822308257dea,rig_dc7d050f3d4f4e2f909906ff,right,1772726453847238912,0.3326,train,False,,3,outdoor,0,4,False,9.4323,-11.99,1.7371,accepted_independent_pos_prior_at
img_0e30201037f2d207322568eb,rig_dc7d050f3d4f4e2f909906ff,left,1772726453847245824,0.3326,train,False,,0|1|2|3,outdoor,0,4,False,9.4323,-11.99,1.7371,accepted_independent_pos_prior_at
img_18f18b25e7045a85c7b0e440,rig_d5ad6e81c3c552f2ccd6e469,right,1772726454347259136,0.3348,train,False,,3,outdoor,0,4,False,9.6528,-11.6595,1.7376,accepted_independent_pos_prior_at
img_3a21b7ae860b72ed8804abcc,rig_d5ad6e81c3c552f2ccd6e469,left,1772726454347276032,0.3348,train,False,,0|1|2|3,outdoor,0,4,False,9.6528,-11.6595,1.7376,accepted_independent_pos_prior_at
img_52dc06d656b73eee0de4398d,rig_164ce30d30979d2920995f26,right,1772726454847290112,0.3371,train,False,,3,outdoor,0,4,False,9.7873,-11.3338,1.7183,accepted_independent_pos_prior_at
img_2a01d8380fb472ce1a05426b,rig_164ce30d30979d2920995f26,left,1772726454847305984,0.3371,train,False,,0|1|2|3,outdoor,0,4,False,9.7873,-11.3338,1.7183,accepted_independent_pos_prior_at
img_efe49939c1a8576d6a026c7c,rig_9307fd853a2319e8adb58722,right,1772726455347319808,0.3394,train,False,,3,outdoor,0,4,False,9.8937,-10.97,1.737,accepted_independent_pos_prior_at
img_d14ce879e6a132a7c0aaf3ea,rig_9307fd853a2319e8adb58722,left,1772726455347335936,0.3394,train,False,,0|1|2|3,outdoor,0,4,False,9.8937,-10.97,1.737,accepted_independent_pos_prior_at
img_a1e9717ee3998764de9f7ae7,rig_59eed7d9c2a5ce60170ecb11,right,1772726455847347968,0.3416,train,False,,3,outdoor,0,4,False,10.021,-10.5787,1.7389,accepted_independent_pos_prior_at
img_e33c0f642afa1aec24e17c11,rig_59eed7d9c2a5ce60170ecb11,left,1772726455847363840,0.3416,train,False,,0|1|2|3,outdoor,0,4,False,10.021,-10.5787,1.7389,accepted_independent_pos_prior_at
img_e8bf43a0b9ef8f9f6b1dca21,rig_0ddb1b1864e5a016c4535dcf,right,1772726456347375872,0.3439,train,False,,2|3,covered,227,6,False,10.0491,-10.1776,1.7122,accepted_independent_pos_prior_at
img_02ea8d71b98fade9b737af1e,rig_0ddb1b1864e5a016c4535dcf,left,1772726456347391744,0.3439,train,False,,0|1|2|3,covered,227,6,False,10.0491,-10.1776,1.7122,accepted_independent_pos_prior_at
img_90eea4dd5eaa99d0803f2f7d,rig_489762f527d5662e4bef440b,right,1772726456847405056,0.3462,train,False,,0|1|2|3,covered,32681,5,False,10.1081,-9.8009,1.7145,accepted_independent_pos_prior_at
img_9b81a0f6a1bf887a91ae2d98,rig_489762f527d5662e4bef440b,left,1772726456847420928,0.3462,train,False,,0|1|2|3,covered,32681,5,False,10.1081,-9.8009,1.7145,accepted_independent_pos_prior_at
img_06fe18d7805639029a0909d7,rig_67298aabd7f28fa9d9b15387,right,1772726457347432960,0.3484,train,False,,0|1|2|3,covered,65484,6,False,10.2475,-9.4103,1.7145,accepted_independent_pos_prior_at
img_98f96242d8c202d61ed3e10a,rig_67298aabd7f28fa9d9b15387,left,1772726457347449088,0.3484,train,False,,0|1|2|3,covered,65484,6,False,10.2475,-9.4103,1.7145,accepted_independent_pos_prior_at
img_f183b48604735a8c86b10b9b,rig_4c261f202575cfa7ee3d3302,right,1772726457847497984,0.3507,train,False,,0|1|2|3,indoor,70109,8,False,10.3276,-9.0367,1.7169,accepted_independent_pos_prior_at
img_be3df20bb870c84751cfa689,rig_4c261f202575cfa7ee3d3302,left,1772726457847501056,0.3507,train,False,,0|1|2|3,indoor,70109,8,False,10.3276,-9.0367,1.7169,accepted_independent_pos_prior_at
img_6819a75fda93260e77669bee,rig_f2fd1bd083c3e3340c9155b2,right,1772726458347492864,0.3529,train,False,,0|1|2|3,indoor,62868,8,False,10.4557,-8.7222,1.731,accepted_independent_pos_prior_at
img_4de2b810d4947fd02c7d9da0,rig_f2fd1bd083c3e3340c9155b2,left,1772726458347508992,0.3529,train,False,,0|1|2|3,indoor,62868,8,False,10.4557,-8.7222,1.731,accepted_independent_pos_prior_at
img_b6beedc52cef4f2ac0a45e14,rig_b71e39aff0f21581116681d0,right,1772726458847518976,0.3552,train,False,,0|1|2|3,covered,56494,6,False,10.584,-8.416,1.7411,accepted_independent_pos_prior_at
img_a8804fb8fac29a211615de16,rig_b71e39aff0f21581116681d0,left,1772726458847533824,0.3552,train,False,,0|1|2|3,covered,56494,6,False,10.584,-8.416,1.7411,accepted_independent_pos_prior_at
img_b9f940b901e71cda50ef8ab3,rig_3643b57e556caa0d5a540338,right,1772726459347586816,0.3575,train,False,,0|1|2|3,indoor,51723,7,False,10.5632,-8.1265,1.7432,accepted_independent_pos_prior_at
img_69e4bef02a10ed141acc261e,rig_3643b57e556caa0d5a540338,left,1772726459347589888,0.3575,train,False,,0|1|2|3,indoor,51723,7,False,10.5632,-8.1265,1.7432,accepted_independent_pos_prior_at
img_a82e5ed8936520040da5595f,rig_61551f3cbc92909dad638c73,right,1772726459847555840,0.3597,train,False,,0|1|2|3,covered,47541,6,False,10.5367,-7.8917,1.7509,accepted_independent_pos_prior_at
img_662459e85d0d8812f926ab99,rig_61551f3cbc92909dad638c73,left,1772726459847571968,0.3597,train,False,,0|1|2|3,covered,47541,6,False,10.5367,-7.8917,1.7509,accepted_independent_pos_prior_at
img_b709d4e3277d2f8c8b7f9745,rig_a6a833bb554e1ed680f753a0,right,1772726460347631872,0.362,train,False,,0|1|2|3,covered,43483,6,False,10.5106,-7.6627,1.7557,accepted_independent_pos_prior_at
img_0466fd896d0aec73619005f8,rig_a6a833bb554e1ed680f753a0,left,1772726460347633920,0.362,train,False,,0|1|2|3,covered,43483,6,False,10.5106,-7.6627,1.7557,accepted_independent_pos_prior_at
img_61f4cc2148cac254e5f04ce6,rig_8f689c5c301741cf23abc7c9,right,1772726460847625984,0.3643,train,False,,0|1|2|3,covered,40854,6,False,10.3468,-7.5648,1.7437,accepted_independent_pos_prior_at
img_18576273c5c20fc7e1f342c8,rig_8f689c5c301741cf23abc7c9,left,1772726460847641856,0.3643,train,False,,0|1|2|3,covered,40854,6,False,10.3468,-7.5648,1.7437,accepted_independent_pos_prior_at
img_649f98a511547e2d01b94687,rig_32b1a8068abd4ccfe24bead8,right,1772726461347658752,0.3665,train,False,,0|1|2|3,indoor,45039,7,False,10.1063,-7.5243,1.772,accepted_independent_pos_prior_at
img_f0ff00b70da5711d5c787073,rig_32b1a8068abd4ccfe24bead8,left,1772726461347674880,0.3665,train,False,,0|1|2|3,indoor,45039,7,False,10.1063,-7.5243,1.772,accepted_independent_pos_prior_at
img_431341ddc18bf7bbfc873256,rig_7ad14362b8ac6b0657939ec6,right,1772726461847692032,0.3688,train,False,,0|1|2|3,indoor,43928,8,False,9.9372,-7.4966,1.7726,accepted_independent_pos_prior_at
img_3a6ce437da18165267558062,rig_7ad14362b8ac6b0657939ec6,left,1772726461847707904,0.3688,train,False,,0|1|2|3,indoor,43928,8,False,9.9372,-7.4966,1.7726,accepted_independent_pos_prior_at
img_9ee9430204cbc4d2cbd30ed3,rig_8c9df4cc0f7e042daa4d11b5,right,1772726462347724032,0.371,train,False,,0|1|2|3,indoor,45902,8,False,9.7678,-7.4281,1.7851,accepted_independent_pos_prior_at
img_32e9de537a5b3fe60feaa235,rig_8c9df4cc0f7e042daa4d11b5,left,1772726462347738880,0.371,train,False,,0|1|2|3,indoor,45902,8,False,9.7678,-7.4281,1.7851,accepted_independent_pos_prior_at
img_5cb86470777358c38d50242e,rig_a9078c41c0a096c560d438f1,right,1772726462847753984,0.3733,train,False,,0|1|2|3,indoor,46540,8,False,9.5962,-7.4324,1.7801,accepted_independent_pos_prior_at
img_8efe5cca9c8833e14b9d60ff,rig_a9078c41c0a096c560d438f1,left,1772726462847769856,0.3733,train,False,,0|1|2|3,indoor,46540,8,False,9.5962,-7.4324,1.7801,accepted_independent_pos_prior_at
img_6edd04890eae67b7aad63fbe,rig_60e8f730ae92a2e612df4c7c,right,1772726463347784960,0.3756,train,False,,0|1|2|3,indoor,47115,8,False,9.3694,-7.4357,1.7952,accepted_independent_pos_prior_at
img_eca6b916bacacf912bf06b66,rig_60e8f730ae92a2e612df4c7c,left,1772726463347801088,0.3756,train,False,,0|1|2|3,indoor,47115,8,False,9.3694,-7.4357,1.7952,accepted_independent_pos_prior_at
img_dfe7b5527c55d8ae2d07efc4,rig_902609d5327928fded01e1b9,right,1772726463847827968,0.3778,train,False,,0|1|2|3,indoor,50064,8,False,9.1266,-7.3916,1.7691,accepted_independent_pos_prior_at
img_38fa922ad61d7da7aa5839a9,rig_902609d5327928fded01e1b9,left,1772726463847832064,0.3778,train,False,,0|1|3,indoor,50064,8,False,9.1266,-7.3916,1.7691,accepted_independent_pos_prior_at
img_3bda781d868a9fac1d656701,rig_2eceaef844c68e4af5ba152c,right,1772726464347843840,0.3801,train,False,,0|1|2|3,indoor,56543,8,False,8.8602,-7.3434,1.7507,accepted_independent_pos_prior_at
img_790005ba0043de4a43aaf92c,rig_2eceaef844c68e4af5ba152c,left,1772726464347859968,0.3801,train,False,,0|1|3,indoor,56543,8,False,8.8602,-7.3434,1.7507,accepted_independent_pos_prior_at
img_8445df47b782669dc1b90367,rig_683015a639244cc715d9d250,right,1772726464847874816,0.3824,train,False,,0|1|2|3,indoor,62945,8,False,8.5499,-7.3589,1.7398,accepted_independent_pos_prior_at
img_dbd584d2499ddb3864fbca49,rig_683015a639244cc715d9d250,left,1772726464847891968,0.3824,train,False,,0|3,indoor,62945,8,False,8.5499,-7.3589,1.7398,accepted_independent_pos_prior_at
img_a415e25dd2ef27ecc5a4e82a,rig_d6963ee8dba6eb0fb6f95ff1,right,1772726465347912960,0.3846,train,False,,0|1|2|3,indoor,73474,8,False,8.3118,-7.3447,1.7209,accepted_independent_pos_prior_at
img_6a2408035c3724c55335982f,rig_d6963ee8dba6eb0fb6f95ff1,left,1772726465347929088,0.3846,train,False,,0|1|2|3,indoor,73474,8,False,8.3118,-7.3447,1.7209,accepted_independent_pos_prior_at
img_02167f65b42e301e9acb4f89,rig_b6d35ffa75aea615e7ca680d,right,1772726465847951872,0.3869,train,False,,0|1|2|3,indoor,75018,8,False,8.0767,-7.3145,1.6431,accepted_independent_pos_prior_at
img_074273e7808b362c2a94f76a,rig_b6d35ffa75aea615e7ca680d,left,1772726465847965952,0.3869,train,False,,0|1|2|3,indoor,75018,8,False,8.0767,-7.3145,1.6431,accepted_independent_pos_prior_at
img_4c9b79ac5540a2016119f618,rig_a6081c1007b9caf70b92b37c,right,1772726466347982848,0.3891,train,False,,0|1|2|3,indoor,81181,7,False,7.9368,-7.3764,1.515,accepted_independent_pos_prior_at
img_8090a41117eb65d08a63dfb6,rig_a6081c1007b9caf70b92b37c,left,1772726466347998976,0.3891,train,False,,0|1|2|3,indoor,81181,7,False,7.9368,-7.3764,1.515,accepted_independent_pos_prior_at
img_3393210d231014661a40fa97,rig_46f240f13cd2c9799ddd288b,right,1772726466848016896,0.3914,train,False,,0|1|2|3,indoor,82122,7,False,7.9037,-7.453,1.3991,accepted_independent_pos_prior_at
img_114e1796fe707593c85a2478,rig_46f240f13cd2c9799ddd288b,left,1772726466848033024,0.3914,train,False,,0|1|2|3,indoor,82122,7,False,7.9037,-7.453,1.3991,accepted_independent_pos_prior_at
img_de19e8fb18e453296b788e19,rig_c59a84b4ba6e661aaff146e3,right,1772726467348050944,0.3937,train,False,,0|1|2|3,indoor,84246,7,False,7.8876,-7.5597,1.3467,accepted_independent_pos_prior_at
img_6cda7e312f7350eff34e978b,rig_c59a84b4ba6e661aaff146e3,left,1772726467348067072,0.3937,train,False,,0|3,indoor,84246,7,False,7.8876,-7.5597,1.3467,accepted_independent_pos_prior_at
img_f8b73b376042c741c55a06cd,rig_62cc6c408b26478c0d47b991,right,1772726467848083968,0.3959,train,False,,0|1|2|3,indoor,87239,7,False,7.852,-7.66,1.3896,accepted_independent_pos_prior_at
img_dd2f24e7f072d05744eec3d3,rig_62cc6c408b26478c0d47b991,left,1772726467848099840,0.3959,train,False,,0|3,indoor,87239,7,False,7.852,-7.66,1.3896,accepted_independent_pos_prior_at
img_00ec71ecfd73b6eb59d8f832,rig_daf5c6b3afeb96478e0b6632,right,1772726468348113920,0.3982,train,False,,0|1|2|3,indoor,87049,7,False,7.7488,-7.7423,1.4411,accepted_independent_pos_prior_at
img_411807728d76ab36722f4446,rig_daf5c6b3afeb96478e0b6632,left,1772726468348134912,0.3982,train,False,,0|3,indoor,87049,7,False,7.7488,-7.7423,1.4411,accepted_independent_pos_prior_at
img_8034bee18078f34322ce32c4,rig_0d54a9615cbd3ca2a4fd9201,right,1772726468848142848,0.4005,train,False,,0|1|2,indoor,84424,7,False,7.6866,-7.8877,1.5472,accepted_independent_pos_prior_at
img_39a2d47accaabf667edfaff8,rig_0d54a9615cbd3ca2a4fd9201,left,1772726468848158720,0.4005,train,False,,0|3,indoor,84424,7,False,7.6866,-7.8877,1.5472,accepted_independent_pos_prior_at
img_f2a30da6a549712b99cdddf8,rig_c59f4da26a70f7176c76ee72,right,1772726469348175104,0.4027,train,False,,0|1|2,indoor,89151,8,False,7.7589,-8.1046,1.6231,accepted_independent_pos_prior_at
img_48e8112988b931da208a71d3,rig_c59f4da26a70f7176c76ee72,left,1772726469348190976,0.4027,train,False,,0|3,indoor,89151,8,False,7.7589,-8.1046,1.6231,accepted_independent_pos_prior_at
img_582ed6d44277f03d95c67651,rig_f63969ba431f0e877a4c5b0c,right,1772726469848243968,0.405,train,False,,0|1|2,indoor,93542,8,False,7.8291,-8.3739,1.646,accepted_independent_pos_prior_at
img_e1c210b7ccfec82ca9152ea4,rig_f63969ba431f0e877a4c5b0c,left,1772726469848247040,0.405,train,False,,0|3,indoor,93542,8,False,7.8291,-8.3739,1.646,accepted_independent_pos_prior_at
img_cfa7bd7ddd9ffe59243cc69d,rig_695d8250eaeeb6965adc50d0,right,1772726470348238848,0.4072,train,False,,0|1|2,indoor,90108,8,False,7.8622,-8.6934,1.655,accepted_independent_pos_prior_at
img_0bd606416eabd8fdcf14e062,rig_695d8250eaeeb6965adc50d0,left,1772726470348254976,0.4072,train,False,,0|3,indoor,90108,8,False,7.8622,-8.6934,1.655,accepted_independent_pos_prior_at
img_94e02476ceafeb0eb6a0b463,rig_b63838d545636c8ddf8b3e09,right,1772726470848311808,0.4095,train,False,,0|1|2,indoor,94101,7,False,7.9008,-8.9863,1.643,accepted_independent_pos_prior_at
img_03f32cc827b85f5858eb1527,rig_b63838d545636c8ddf8b3e09,left,1772726470848314112,0.4095,train,False,,0|3,indoor,94101,7,False,7.9008,-8.9863,1.643,accepted_independent_pos_prior_at
img_876fed3a87ac79c0d63a1017,rig_91b93595f9dd2b17759817f5,right,1772726471348340992,0.4118,train,False,,0|1|2,covered,82425,6,False,7.8943,-9.2288,1.6419,accepted_independent_pos_prior_at
img_79a5da34e66aa18a2c24eaef,rig_91b93595f9dd2b17759817f5,left,1772726471348343808,0.4118,train,False,,0|3,covered,82425,6,False,7.8943,-9.2288,1.6419,accepted_independent_pos_prior_at
img_c0e1cf412031577bfe06ae4a,rig_e3cad702ba9b2b03fd0f82ec,right,1772726471848332032,0.414,train,False,,0|1|2|3,covered,51063,6,False,7.8429,-9.5229,1.6333,accepted_independent_pos_prior_at
img_876be3733d92d1284bc4e71c,rig_e3cad702ba9b2b03fd0f82ec,left,1772726471848347904,0.414,train,False,,0|3,covered,51063,6,False,7.8429,-9.5229,1.6333,accepted_independent_pos_prior_at
img_77098503d4402a0360da6d34,rig_9fc13daa2646d960710abb93,right,1772726472348363776,0.4163,train,False,,0|1|2|3,covered,28199,5,False,7.8618,-9.7763,1.6413,accepted_independent_pos_prior_at
img_dff7712559aff38cdd461b46,rig_9fc13daa2646d960710abb93,left,1772726472348438016,0.4163,train,False,,0|3,covered,28199,5,False,7.8618,-9.7763,1.6413,accepted_independent_pos_prior_at
img_31fb7f1b070f7fce4248960d,rig_e576df630958d6c8fa132821,right,1772726472848409856,0.4186,train,False,,0|1|2|3,outdoor,146,5,False,7.8419,-10.0194,1.6643,accepted_independent_pos_prior_at
img_fd1d55f9f4b7e2b7ee949fce,rig_e576df630958d6c8fa132821,left,1772726472848412928,0.4186,train,False,,0|3,outdoor,146,5,False,7.8419,-10.0194,1.6643,accepted_independent_pos_prior_at
img_58f765e4917dce185f3d11f7,rig_895fd355c8ced5417ce3ab2a,right,1772726473348428032,0.4208,train,False,,0|1|2|3,outdoor,0,5,False,7.7379,-10.2389,1.6771,accepted_independent_pos_prior_at
img_5296101fce9f36e01239e372,rig_895fd355c8ced5417ce3ab2a,left,1772726473348443904,0.4208,train,False,,0|1|2,outdoor,0,5,False,7.7379,-10.2389,1.6771,accepted_independent_pos_prior_at
img_4b5896706fe6c5ae2a2b3dee,rig_edffa4d6285651ca67b8af0e,right,1772726473848504064,0.4231,train,False,,0|1|2|3,outdoor,0,5,False,7.7352,-10.5215,1.6979,accepted_independent_pos_prior_at
img_d7e512cbedb4f9b8349c4ef8,rig_edffa4d6285651ca67b8af0e,left,1772726473848505856,0.4231,train,False,,0|1|2,outdoor,0,5,False,7.7352,-10.5215,1.6979,accepted_independent_pos_prior_at
img_ffa390bbaefb6eec5a6f87fb,rig_ce9e6546973b269e2e388a8f,right,1772726474348491008,0.4253,train,False,,0|1|2|3,outdoor,0,4,False,7.7,-10.7146,1.677,accepted_independent_pos_prior_at
img_eeaaf4a5a026cc79fff21b37,rig_ce9e6546973b269e2e388a8f,left,1772726474348506880,0.4253,train,False,,0|1|2,outdoor,0,4,False,7.7,-10.7146,1.677,accepted_independent_pos_prior_at
img_296543e0b24fc5e6e262f386,rig_9d5f571dfecabff590a1442a,right,1772726474848523008,0.4276,train,False,,0|1|2|3,outdoor,0,4,False,7.5719,-10.8535,1.6142,accepted_independent_pos_prior_at
img_55fe11611681b29c521c95c5,rig_9d5f571dfecabff590a1442a,left,1772726474848538880,0.4276,train,False,,0|1|2,outdoor,0,4,False,7.5719,-10.8535,1.6142,accepted_independent_pos_prior_at
img_8123b95a19d4d38c968b46a6,rig_ef5c8187f0bb37e1cf8995b4,right,1772726475348558848,0.4299,train,False,,0|1|2|3,outdoor,0,4,False,7.5072,-10.9985,1.6273,accepted_independent_pos_prior_at
img_9962d88cb31eac6975120aa9,rig_ef5c8187f0bb37e1cf8995b4,left,1772726475348614912,0.4299,train,False,,0|1|2,outdoor,0,4,False,7.5072,-10.9985,1.6273,accepted_independent_pos_prior_at
img_8f0e7759dc55f86773c50f2b,rig_1bee9a2dc1fc8f2952ede860,right,1772726475848583936,0.4321,train,False,,0|1|2|3,outdoor,0,4,False,7.4955,-11.1572,1.6671,accepted_independent_pos_prior_at
img_476b4f00ba8277b62f95bb54,rig_1bee9a2dc1fc8f2952ede860,left,1772726475848599808,0.4321,train,False,,0|1|2,outdoor,0,4,False,7.4955,-11.1572,1.6671,accepted_independent_pos_prior_at
img_28d49635350a139c44d259ec,rig_d0d21b60f0a7f6764ead35e1,right,1772726476348654080,0.4344,train,False,,0|1|2|3,outdoor,0,4,False,7.4546,-11.3005,1.6776,accepted_independent_pos_prior_at
img_332391c32c9690fa8c9a0d25,rig_d0d21b60f0a7f6764ead35e1,left,1772726476348655872,0.4344,train,False,,0|1|2,outdoor,0,4,False,7.4546,-11.3005,1.6776,accepted_independent_pos_prior_at
img_aedaf82ed3842144ec0c3951,rig_2a055bfd636f7d211ae0a779,right,1772726476848721920,0.4367,train,False,,0|1|2|3,outdoor,0,4,False,7.3083,-11.4098,1.6819,accepted_independent_pos_prior_at
img_85a543b7c72c048e16fcfee4,rig_2a055bfd636f7d211ae0a779,left,1772726476848726016,0.4367,train,False,,0|1|2,outdoor,0,4,False,7.3083,-11.4098,1.6819,accepted_independent_pos_prior_at
img_4e8573cfcd31389b1a28d8e3,rig_ae4998da7d29fe3cf72badee,right,1772726477348664064,0.4389,train,False,,0|1|2|3,outdoor,0,4,False,6.994,-11.5473,1.6972,accepted_independent_pos_prior_at
img_322efdb132cc0b10097d5d2f,rig_ae4998da7d29fe3cf72badee,left,1772726477348679936,0.4389,train,False,,0|1|2,outdoor,0,4,False,6.994,-11.5473,1.6972,accepted_independent_pos_prior_at
img_87edfad3f6901cbaccb73eb1,rig_4b1ec4e3e45bd3dd1eeed80c,right,1772726477848688896,0.4412,train,False,,0|1|2|3,outdoor,0,4,False,6.6848,-11.6927,1.6987,accepted_independent_pos_prior_at
img_82d9fb8847d38ab47a5fd588,rig_4b1ec4e3e45bd3dd1eeed80c,left,1772726477848705024,0.4412,train,False,,0|1|2,outdoor,0,4,False,6.6848,-11.6927,1.6987,accepted_independent_pos_prior_at
img_f7140eacb75d560d184fb31f,rig_7862adc4c91ebba1b81887fe,right,1772726478348717056,0.4434,train,False,,0|1|2|3,outdoor,0,4,False,6.4091,-11.7325,1.6936,accepted_independent_pos_prior_at
img_12a22b7454c54ed6dd944f06,rig_7862adc4c91ebba1b81887fe,left,1772726478348732928,0.4434,train,False,,0|1|2,outdoor,0,4,False,6.4091,-11.7325,1.6936,accepted_independent_pos_prior_at
img_4af6cd6dac376ccdcc60db74,rig_1e3881120caef06297f0f25e,right,1772726478848744960,0.4457,train,False,,0|1|2|3,outdoor,0,4,False,6.096,-11.6453,1.6903,accepted_independent_pos_prior_at
img_26f74b29376a0bc5d2f9d8b7,rig_1e3881120caef06297f0f25e,left,1772726478848760832,0.4457,train,False,,0|1|2,outdoor,0,4,False,6.096,-11.6453,1.6903,accepted_independent_pos_prior_at
img_ba2f05a90b6e766693a2bd0d,rig_c9c2c0b046ae211cf9f30fad,right,1772726479348774912,0.448,train,False,,0|1|2|3,outdoor,0,4,False,5.7788,-11.5733,1.6772,accepted_independent_pos_prior_at
img_b4d42ee9e22aa2aad4ed310f,rig_c9c2c0b046ae211cf9f30fad,left,1772726479348790784,0.448,train,False,,0|1|2,outdoor,0,4,False,5.7788,-11.5733,1.6772,accepted_independent_pos_prior_at
img_d1b98043d8de5060ebfdfffe,rig_c834a316c058d90965269ede,right,1772726479848804864,0.4502,train,False,,0|1|2|3,outdoor,131,4,False,5.5384,-11.4975,1.6954,accepted_independent_pos_prior_at
img_110381b7bba614dd62d9fdec,rig_c834a316c058d90965269ede,left,1772726479848819968,0.4502,train,False,,0|1|2,outdoor,131,4,False,5.5384,-11.4975,1.6954,accepted_independent_pos_prior_at
img_6140eac6fa52c2bec7a4cf37,rig_7efa8cac190f48b14d87776f,right,1772726480348834048,0.4525,train,False,,0|1|2|3,covered,3065,4,False,5.323,-11.354,1.6839,accepted_independent_pos_prior_at
img_76ca13299aa4657ab76c685e,rig_7efa8cac190f48b14d87776f,left,1772726480348849152,0.4525,train,False,,0|1|2,covered,3065,4,False,5.323,-11.354,1.6839,accepted_independent_pos_prior_at
img_4ce1f1404af327ce8e242a2e,rig_2d8f0bdda1ba1facabf86573,right,1772726480848863744,0.4548,train,False,,0|1|2|3,covered,7345,4,False,5.06,-11.2432,1.6631,accepted_independent_pos_prior_at
img_2e26d35424d8cce53de1db47,rig_2d8f0bdda1ba1facabf86573,left,1772726480848880128,0.4548,train,False,,0|1|2,covered,7345,4,False,5.06,-11.2432,1.6631,accepted_independent_pos_prior_at
img_06c8139bc95f57cd809da4fb,rig_e98573ad02fccb17e2acf042,right,1772726481348893952,0.457,train,False,,0|1|2|3,covered,14892,5,False,4.7493,-11.1821,1.6662,accepted_independent_pos_prior_at
img_9633e8945f2c59ccce41f434,rig_e98573ad02fccb17e2acf042,left,1772726481348909824,0.457,train,False,,0|1|2,covered,14892,5,False,4.7493,-11.1821,1.6662,accepted_independent_pos_prior_at
img_9294bdfdfc421be19feca3a8,rig_5bd893355a78101c356da067,right,1772726481848922880,0.4593,train,False,,0|1|2|3,covered,18587,5,False,4.4563,-11.0542,1.6266,accepted_independent_pos_prior_at
img_0c6b408f60b2b130e10c33e8,rig_5bd893355a78101c356da067,left,1772726481848939008,0.4593,train,False,,0|1|2,covered,18587,5,False,4.4563,-11.0542,1.6266,accepted_independent_pos_prior_at
img_e08b30473e1f1809ad33265e,rig_e9da6b15668a54354ee2535d,right,1772726482348953856,0.4615,train,False,,0|1|2|3,covered,14811,5,False,4.1702,-11.0433,1.6385,accepted_independent_pos_prior_at
img_963a1658563cdcae13dded91,rig_e9da6b15668a54354ee2535d,left,1772726482348969984,0.4615,train,False,,0|1|2,covered,14811,5,False,4.1702,-11.0433,1.6385,accepted_independent_pos_prior_at
img_7075633227ed0e239cb80bdf,rig_75972693af0c6674030fbff4,right,1772726482849029120,0.4638,train,False,,0|1|2|3,covered,14488,5,False,3.9415,-11.0827,1.6397,accepted_independent_pos_prior_at
img_22e44fb6ad093ee3fb1939ad,rig_75972693af0c6674030fbff4,left,1772726482849031936,0.4638,train,False,,0|1|2,covered,14488,5,False,3.9415,-11.0827,1.6397,accepted_independent_pos_prior_at
img_0fcf49cd7f81361297e23ec7,rig_867b85a1c6e97d39fa18e806,right,1772726483349016064,0.4661,train,False,,0|1|2|3,covered,7738,5,False,3.6903,-11.0029,1.5997,accepted_independent_pos_prior_at
img_f6a41d2296905ce621e12836,rig_867b85a1c6e97d39fa18e806,left,1772726483349031936,0.4661,train,False,,0|1|2,covered,7738,5,False,3.6903,-11.0029,1.5997,accepted_independent_pos_prior_at
img_dbdbf05b0a89d3325091981a,rig_3a320fe4b204c9933496b019,right,1772726483849047808,0.4683,train,False,,0|1|2|3,covered,4956,4,False,3.4773,-10.9924,1.6113,accepted_independent_pos_prior_at
img_34740bb45b5ff4b8f0691b68,rig_3a320fe4b204c9933496b019,left,1772726483849063936,0.4683,train,False,,0|1|2,covered,4956,4,False,3.4773,-10.9924,1.6113,accepted_independent_pos_prior_at
img_190257395cb0336ab5d50631,rig_42c8aac685d419f4a083e936,right,1772726484349078016,0.4706,train,False,,0|1|2|3,covered,3372,4,False,3.2624,-11.0591,1.6318,accepted_independent_pos_prior_at
img_21d4e3abf4b931012a5defa6,rig_42c8aac685d419f4a083e936,left,1772726484349094912,0.4706,train,False,,0|1|2,covered,3372,4,False,3.2624,-11.0591,1.6318,accepted_independent_pos_prior_at
img_c8bbc2a08c7cc7dc37c199cd,rig_628ed43a6e99e253002d2a91,right,1772726484849107968,0.4729,train,False,,0|1|2|3,covered,3855,4,False,3.0627,-11.0181,1.6166,accepted_independent_pos_prior_at
img_282eaf688d90268d18f5fd7a,rig_628ed43a6e99e253002d2a91,left,1772726484849123840,0.4729,train,False,,0|1|2,covered,3855,4,False,3.0627,-11.0181,1.6166,accepted_independent_pos_prior_at
img_977b8a805006c0e5b74cbe6d,rig_8e1b5e3e3f305e48552bbd59,right,1772726485349135872,0.4751,train,False,,0|1|2|3,covered,2734,4,False,2.8026,-10.9343,1.6184,accepted_independent_pos_prior_at
img_8cd89f371a942c3c6c92b440,rig_8e1b5e3e3f305e48552bbd59,left,1772726485349150976,0.4751,train,False,,0|1|2,covered,2734,4,False,2.8026,-10.9343,1.6184,accepted_independent_pos_prior_at
img_07354bc7c501761f73d5c2ad,rig_71ae938deaaa4b9c6973bf08,right,1772726485849161984,0.4774,train,False,,0|1|2|3,covered,2373,4,False,2.5541,-10.9827,1.6112,accepted_independent_pos_prior_at
img_9a02444f21bdbcb3a9eda962,rig_71ae938deaaa4b9c6973bf08,left,1772726485849179136,0.4774,train,False,,0|1|2,covered,2373,4,False,2.5541,-10.9827,1.6112,accepted_independent_pos_prior_at
img_94927e44b477e8913c19b6ca,rig_b7a1dcca113aef53dd74f487,right,1772726486349238784,0.4796,train,False,,0|1|2|3,covered,1607,4,False,2.3384,-10.9235,1.5945,accepted_independent_pos_prior_at
img_0ff5a27bcf3781c5964f8ee6,rig_b7a1dcca113aef53dd74f487,left,1772726486349241856,0.4796,train,False,,0|1|2|3,covered,1607,4,False,2.3384,-10.9235,1.5945,accepted_independent_pos_prior_at
img_afbad3a10e48842de673fe08,rig_d929eaf79452849333e04afb,right,1772726486849220096,0.4819,train,False,,0|1|2|3,covered,200,4,False,2.118,-10.7023,1.5808,accepted_independent_pos_prior_at
img_cf9d47bf271465783b283e59,rig_d929eaf79452849333e04afb,left,1772726486849235968,0.4819,train,False,,0|1|2|3,covered,200,4,False,2.118,-10.7023,1.5808,accepted_independent_pos_prior_at
img_3ca07cccfdd3e5371e570909,rig_30d4452a792173a2a3a04f83,right,1772726487349249792,0.4842,train,False,,0|1|3,covered,3269,4,False,1.9182,-10.5524,1.5793,accepted_independent_pos_prior_at
img_faa25ac6c422ab56ed53979a,rig_30d4452a792173a2a3a04f83,left,1772726487349266176,0.4842,train,False,,0|1|2|3,covered,3269,4,False,1.9182,-10.5524,1.5793,accepted_independent_pos_prior_at
img_3902505c4cb7ff45451f2bc1,rig_ecdcd5cf180b6355105f69dd,right,1772726487849280000,0.4864,train,False,,0|1|2|3,covered,4528,4,False,1.64,-10.3381,1.588,accepted_independent_pos_prior_at
img_6173ff107b2e5193068fdc8c,rig_ecdcd5cf180b6355105f69dd,left,1772726487849295872,0.4864,train,False,,0|1|2|3,covered,4528,4,False,1.64,-10.3381,1.588,accepted_independent_pos_prior_at
img_4a98c51fd068bcc6903eb8bd,rig_74a2fbfee61b66c0431611c4,right,1772726488349309952,0.4887,train,False,,0|1|2|3,covered,7037,3,False,1.3425,-10.0776,1.5951,accepted_independent_pos_prior_at
img_23dfbf209861f4b03fe77515,rig_74a2fbfee61b66c0431611c4,left,1772726488349326848,0.4887,train,False,,0|1|2|3,covered,7037,3,False,1.3425,-10.0776,1.5951,accepted_independent_pos_prior_at
img_b5ca4a382aa3fedf86678fdd,rig_7e4fdd970b45bc54ea2a4c73,right,1772726488849341952,0.491,train,False,,0|1|3,covered,10868,6,False,1.0772,-9.8436,1.6269,accepted_independent_pos_prior_at
img_b163f81048a3ba50a89567c5,rig_7e4fdd970b45bc54ea2a4c73,left,1772726488849356800,0.491,train,False,,0|1|2|3,covered,10868,6,False,1.0772,-9.8436,1.6269,accepted_independent_pos_prior_at
img_0f09b1c8a16caf36b2272fd5,rig_8a95544bd414a0336597cf60,right,1772726489349372928,0.4932,train,False,,0|1|3,covered,15402,5,False,0.9159,-9.6176,1.6347,accepted_independent_pos_prior_at
img_6957fc6391e712cf9f28468c,rig_8a95544bd414a0336597cf60,left,1772726489349388800,0.4932,train,False,,0|1|2|3,covered,15402,5,False,0.9159,-9.6176,1.6347,accepted_independent_pos_prior_at
img_e57c4c5b365a33a7eb8e26d4,rig_a252e4466eab7879f3d747fc,right,1772726489849451008,0.4955,train,False,,0|1|3,covered,12963,5,False,0.8342,-9.2851,1.6379,accepted_independent_pos_prior_at
img_b2093a79c6bb26d7f93e593e,rig_a252e4466eab7879f3d747fc,left,1772726489849453824,0.4955,train,False,,0|1|2|3,covered,12963,5,False,0.8342,-9.2851,1.6379,accepted_independent_pos_prior_at
img_22d548c6b36b38776c5e943b,rig_659d09ba8e1aa4a543372606,right,1772726490349437952,0.4977,train,False,,0|1|3,covered,13897,5,False,0.7751,-8.9629,1.6219,accepted_independent_pos_prior_at
img_4cc3626700bd186e509ecde4,rig_659d09ba8e1aa4a543372606,left,1772726490349453824,0.4977,train,False,,0|1|2|3,covered,13897,5,False,0.7751,-8.9629,1.6219,accepted_independent_pos_prior_at
img_dee09a762c2ac8b362ea620b,rig_e2975eb44280d79c0dcae59e,right,1772726490849469952,0.5,val,False,,,covered,10046,5,False,0.752,-8.6507,1.6058,accepted_independent_pos_prior_at
img_6c6c74d8a04907f746df6f1a,rig_e2975eb44280d79c0dcae59e,left,1772726490849485824,0.5,val,False,,,covered,10046,5,False,0.752,-8.6507,1.6058,accepted_independent_pos_prior_at
img_8b86a5f7e66ce5098ea7120a,rig_313632335919463682d800b2,right,1772726491349501952,0.5023,train,False,,0|1|2|3,covered,2878,5,False,0.7503,-8.2778,1.5961,accepted_independent_pos_prior_at
img_4f76dde4fe751d7ed49ed11b,rig_313632335919463682d800b2,left,1772726491349520896,0.5023,train,False,,0|1|2|3,covered,2878,5,False,0.7503,-8.2778,1.5961,accepted_independent_pos_prior_at
img_f2585d3a202c23e6a618ac51,rig_5d4869e6d451014f72650917,right,1772726491849536000,0.5045,train,False,,0|1|3,covered,1565,5,False,0.7709,-7.9587,1.5489,accepted_independent_pos_prior_at
img_c4fce4edb71733e79d9ea3ae,rig_5d4869e6d451014f72650917,left,1772726491849551872,0.5045,train,False,,0|1|2|3,covered,1565,5,False,0.7709,-7.9587,1.5489,accepted_independent_pos_prior_at
img_7bb3380ce80f1bc1d599c623,rig_5db1eaca76128be874ae3761,right,1772726492349608960,0.5068,train,False,,0|1|3,covered,312,4,False,0.854,-7.6557,1.4671,accepted_independent_pos_prior_at
img_0d0e8da31b5f41cd32b8700d,rig_5db1eaca76128be874ae3761,left,1772726492349612032,0.5068,train,False,,0|1|2|3,covered,312,4,False,0.854,-7.6557,1.4671,accepted_independent_pos_prior_at
img_601de3b87602df931f31758c,rig_dc8eaf8fd3cf32cfbd3583e3,right,1772726492849620992,0.5091,train,False,,0|1|3,outdoor,14,4,False,0.926,-7.3672,1.384,accepted_independent_pos_prior_at
img_451e741ae2b46e2f2b3dc3ea,rig_dc8eaf8fd3cf32cfbd3583e3,left,1772726492849637120,0.5091,train,False,,0|1|2|3,outdoor,14,4,False,0.926,-7.3672,1.384,accepted_independent_pos_prior_at
img_15fb76ef6ac109612bfa8138,rig_08045c9415b26b9156f0210b,right,1772726493349649920,0.5113,train,False,,0|1|2|3,outdoor,19,4,False,0.9353,-7.1075,1.3389,accepted_independent_pos_prior_at
img_4b22a1c9aabd064214d20b5a,rig_08045c9415b26b9156f0210b,left,1772726493349665792,0.5113,train,False,,0|1|2|3,outdoor,19,4,False,0.9353,-7.1075,1.3389,accepted_independent_pos_prior_at
img_4c9783af531b33c68bea8192,rig_f328e8b1198e7beebbc58972,right,1772726493849678080,0.5136,train,False,,0|1|3,outdoor,0,4,False,0.9117,-6.8658,1.3342,accepted_independent_pos_prior_at
img_756290dd6ae53ced57388fae,rig_f328e8b1198e7beebbc58972,left,1772726493849693184,0.5136,train,False,,0|1|2|3,outdoor,0,4,False,0.9117,-6.8658,1.3342,accepted_independent_pos_prior_at
img_5f72e3f2d8823789d5a9d3d9,rig_26aae248f7fb7669b2f80ebc,right,1772726494349693184,0.5158,train,False,,0|1|3,outdoor,0,4,False,0.9174,-6.627,1.3282,accepted_independent_pos_prior_at
img_5574682a334b8acf3720ae26,rig_26aae248f7fb7669b2f80ebc,left,1772726494349710080,0.5158,train,False,,0|1|2|3,outdoor,0,4,False,0.9174,-6.627,1.3282,accepted_independent_pos_prior_at
img_3043344b3e94c3b01cca615b,rig_6c81c8380411c3f8b5338f5b,right,1772726494849748736,0.5181,train,False,,0|1|2|3,outdoor,0,4,False,0.8518,-6.4187,1.3469,accepted_independent_pos_prior_at
img_e0818eba31b6c55f3d2e736b,rig_6c81c8380411c3f8b5338f5b,left,1772726494849752064,0.5181,train,False,,0|1|2|3,outdoor,0,4,False,0.8518,-6.4187,1.3469,accepted_independent_pos_prior_at
img_6740b2dd81f92ad3ddabaecd,rig_f617e13b0b17a308839b24e9,right,1772726495349742848,0.5204,train,False,,0|1|3,outdoor,0,4,False,0.7733,-6.2607,1.3519,accepted_independent_pos_prior_at
img_838c23e27b7d0914a3d56cc1,rig_f617e13b0b17a308839b24e9,left,1772726495349758976,0.5204,train,False,,0|1|2|3,outdoor,0,4,False,0.7733,-6.2607,1.3519,accepted_independent_pos_prior_at
img_340ae29e89772b35f8739137,rig_845d3f5e0068e3363d4d6e0b,right,1772726495849774848,0.5226,train,False,,0|1|3,outdoor,0,3,False,0.7979,-6.1259,1.3098,accepted_independent_pos_prior_at
img_a994d67bd8f7baf8bc80fc12,rig_845d3f5e0068e3363d4d6e0b,left,1772726495849790976,0.5226,train,False,,0|1|2|3,outdoor,0,3,False,0.7979,-6.1259,1.3098,accepted_independent_pos_prior_at
img_1577cf4d82720ebc65a2d403,rig_5ba6282df12e9eb109b72ac5,right,1772726496349851904,0.5249,train,False,,0|1|3,outdoor,0,4,False,0.8473,-5.9694,1.3011,accepted_independent_pos_prior_at
img_0bdb034725fc3184e49fe35e,rig_5ba6282df12e9eb109b72ac5,left,1772726496349854976,0.5249,train,False,,0|1|2|3,outdoor,0,4,False,0.8473,-5.9694,1.3011,accepted_independent_pos_prior_at
img_754e03fcb0ec2dfff08a5e4f,rig_d3ec7439c84909d45dd66af3,right,1772726496849842176,0.5271,train,False,,0|1|3,outdoor,0,4,False,0.8331,-5.9375,1.2818,accepted_independent_pos_prior_at
img_f90a0e7c2348a7898510133c,rig_d3ec7439c84909d45dd66af3,left,1772726496849858048,0.5271,train,False,,0|1|2|3,outdoor,0,4,False,0.8331,-5.9375,1.2818,accepted_independent_pos_prior_at
img_a6864217916e2f53d62d8977,rig_62d2ba632bb86ef1b9ad4845,right,1772726497349878016,0.5294,train,False,,0|1|3,outdoor,0,4,False,0.8497,-5.9345,1.2096,accepted_independent_pos_prior_at
img_873f8a46b4f56524c493f90f,rig_62d2ba632bb86ef1b9ad4845,left,1772726497349894144,0.5294,train,False,,0|1|2|3,outdoor,0,4,False,0.8497,-5.9345,1.2096,accepted_independent_pos_prior_at
img_692d5bbdcde19c70d8b4d819,rig_30e098cecdf3e677d028b972,right,1772726497849912832,0.5317,train,False,,0|1|3,outdoor,0,4,False,0.84,-5.9553,1.0622,accepted_independent_pos_prior_at
img_77219089d0772978b6821983,rig_30e098cecdf3e677d028b972,left,1772726497849928960,0.5317,train,False,,0|1|2|3,outdoor,0,4,False,0.84,-5.9553,1.0622,accepted_independent_pos_prior_at
img_5f0968e8c59bf8c0f031ebb5,rig_8aaaec889bb180ad08da0231,right,1772726498349988096,0.5339,train,False,,0|1|3,outdoor,0,4,False,0.8546,-5.9492,1.0034,accepted_independent_pos_prior_at
img_e48dfaec6a6a7416d851faf8,rig_8aaaec889bb180ad08da0231,left,1772726498349990912,0.5339,train,False,,0|1|2|3,outdoor,0,4,False,0.8546,-5.9492,1.0034,accepted_independent_pos_prior_at
img_e118f3ea231cf2ce3d66f996,rig_3d9e538c8670b6985619e201,right,1772726498850012928,0.5362,train,False,,0|1|3,outdoor,0,4,False,0.8626,-5.9111,1.0362,accepted_independent_pos_prior_at
img_854fa679dccac7d7e0b62e14,rig_3d9e538c8670b6985619e201,left,1772726498850016000,0.5362,train,False,,0|1|2|3,outdoor,0,4,False,0.8626,-5.9111,1.0362,accepted_independent_pos_prior_at
img_dc18fca2079f0373be58c3e3,rig_239e0e0e1c144aa3406d452a,right,1772726499350000896,0.5385,train,False,,0|1|3,outdoor,0,4,False,0.803,-5.852,1.0988,accepted_independent_pos_prior_at
img_17448ab8d9da2c0b067a56a8,rig_239e0e0e1c144aa3406d452a,left,1772726499350018048,0.5385,train,False,,0|1|2|3,outdoor,0,4,False,0.803,-5.852,1.0988,accepted_independent_pos_prior_at
img_9b8b69704375b186076619ee,rig_7b7a57d6184106ae9aedf6f9,right,1772726499850030848,0.5407,train,False,,0|1|3,outdoor,0,4,False,0.711,-5.7628,1.1818,accepted_independent_pos_prior_at
img_88f56dd83ab43bbefa88be99,rig_7b7a57d6184106ae9aedf6f9,left,1772726499850046976,0.5407,train,False,,0|1|2|3,outdoor,0,4,False,0.711,-5.7628,1.1818,accepted_independent_pos_prior_at
img_db86d5ac2b734eb4da28813c,rig_23ed0e5ae3378bafc2ba969b,right,1772726500350064128,0.543,train,False,,0|1|3,outdoor,0,4,False,0.6662,-5.5925,1.231,accepted_independent_pos_prior_at
img_b11bf686109a135a518900ea,rig_23ed0e5ae3378bafc2ba969b,left,1772726500350077952,0.543,train,False,,0|1|2|3,outdoor,0,4,False,0.6662,-5.5925,1.231,accepted_independent_pos_prior_at
img_56534ab6df13e69183a60733,rig_f0cfe3c8f1ed9a3fa4387de4,right,1772726500850092800,0.5452,train,False,,0|1|3,outdoor,0,4,False,0.6415,-5.3457,1.2639,accepted_independent_pos_prior_at
img_e1b141cf1dba63ec9d10fcb9,rig_f0cfe3c8f1ed9a3fa4387de4,left,1772726500850108928,0.5452,train,False,,0|1|2|3,outdoor,0,4,False,0.6415,-5.3457,1.2639,accepted_independent_pos_prior_at
img_ee0485aae04823911b094b7b,rig_d1077f475644d1228245e736,right,1772726501350121984,0.5475,train,False,,0|1|3,outdoor,0,4,False,0.5831,-5.123,1.3052,accepted_independent_pos_prior_at
img_4136eead8b3734fcaedcc071,rig_d1077f475644d1228245e736,left,1772726501350138880,0.5475,train,False,,1|2|3,outdoor,0,4,False,0.5831,-5.123,1.3052,accepted_independent_pos_prior_at
img_f3d8c24aaa1e434fce0c84c9,rig_78a65b692becc49e31d1aec2,right,1772726501850153984,0.5498,train,False,,0|1|3,outdoor,0,4,False,0.5612,-4.9553,1.3696,accepted_independent_pos_prior_at
img_e98965ec0ffeff99f4f502d2,rig_78a65b692becc49e31d1aec2,left,1772726501850169856,0.5498,train,False,,1|2|3,outdoor,0,4,False,0.5612,-4.9553,1.3696,accepted_independent_pos_prior_at
img_e7b6529d70d4db5e5f62f1d7,rig_def98c2a5e6d5c0a7de63407,right,1772726502350180864,0.552,train,False,,0|1|3,outdoor,0,3,False,0.6576,-4.7581,1.3632,accepted_independent_pos_prior_at
img_b6f60c640d307fe68e410087,rig_def98c2a5e6d5c0a7de63407,left,1772726502350198016,0.552,train,False,,1|2|3,outdoor,0,3,False,0.6576,-4.7581,1.3632,accepted_independent_pos_prior_at
img_da125fffd75e75e75f384c08,rig_000c0f69828def079c9a9ef2,right,1772726502850210816,0.5543,train,False,,0|1|3,outdoor,0,3,False,0.7037,-4.7246,1.4162,accepted_independent_pos_prior_at
img_f9abc9581a5c24b6086035c3,rig_000c0f69828def079c9a9ef2,left,1772726502850225920,0.5543,train,False,,1|2|3,outdoor,0,3,False,0.7037,-4.7246,1.4162,accepted_independent_pos_prior_at
img_8901278318a66954269e0d13,rig_d0d3489bce13de8504e92186,right,1772726503350235904,0.5566,train,False,,0|3,outdoor,0,4,False,0.7553,-4.8978,1.5095,accepted_independent_pos_prior_at
img_0a619ec4779c27a97495a4d5,rig_d0d3489bce13de8504e92186,left,1772726503350252800,0.5566,train,False,,0|1|2|3,outdoor,0,4,False,0.7553,-4.8978,1.5095,accepted_independent_pos_prior_at
img_6dc396b50fafbf1b48918d54,rig_4fdb0f6024349585e6749f6c,right,1772726503850262784,0.5588,train,False,,0|3,outdoor,0,4,False,0.8836,-5.2559,1.5672,accepted_independent_pos_prior_at
img_a43232d113b6f9e20c343e11,rig_4fdb0f6024349585e6749f6c,left,1772726503850278912,0.5588,train,False,,0|1|2|3,outdoor,0,4,False,0.8836,-5.2559,1.5672,accepted_independent_pos_prior_at
img_fad5eb411875cdcdf65f8a09,rig_8aaa89fb48befc2bfd49c616,right,1772726504350323968,0.5611,train,False,,0|3,outdoor,0,4,False,1.0494,-5.5345,1.5787,accepted_independent_pos_prior_at
img_bc2f93ba4d934d3232b673e3,rig_8aaa89fb48befc2bfd49c616,left,1772726504350326016,0.5611,train,False,,0|1|2|3,outdoor,0,4,False,1.0494,-5.5345,1.5787,accepted_independent_pos_prior_at
img_2b193a1fc7e61ea656b8c654,rig_54dd0aae97db62e2835f9262,right,1772726504850352896,0.5633,train,False,,0|3,outdoor,0,4,False,1.3496,-5.8234,1.6233,accepted_independent_pos_prior_at
img_1bdd12683633f0e9db0e63a8,rig_54dd0aae97db62e2835f9262,left,1772726504850355968,0.5633,train,False,,0|1|2|3,outdoor,0,4,False,1.3496,-5.8234,1.6233,accepted_independent_pos_prior_at
img_bb7edb68adad44f80e71b2f8,rig_91315d3ab36ef2819c717c09,right,1772726505350347008,0.5656,train,False,,0|3,covered,1258,6,False,1.6186,-6.2036,1.6255,accepted_independent_pos_prior_at
img_25873a17d1cb3eab2998efaa,rig_91315d3ab36ef2819c717c09,left,1772726505350363136,0.5656,train,False,,0|1|2|3,covered,1258,6,False,1.6186,-6.2036,1.6255,accepted_independent_pos_prior_at
img_643ec58d9d0fb7661aa212c4,rig_06f4639d8949a3bf0dfcbab3,right,1772726505850379008,0.5679,train,False,,0|3,covered,3873,6,False,1.949,-6.512,1.6288,accepted_independent_pos_prior_at
img_d49c62f7d279e50fc3606d70,rig_06f4639d8949a3bf0dfcbab3,left,1772726505850394880,0.5679,train,False,,0|1|2|3,covered,3873,6,False,1.949,-6.512,1.6288,accepted_independent_pos_prior_at
img_fd4fb1c12739601c54cfab71,rig_a9481abfdcb40f879a0fa555,right,1772726506350406912,0.5701,train,False,,0|3,covered,9031,5,False,2.3164,-6.7872,1.6871,accepted_independent_pos_prior_at
img_19e8211ae6c6bb6328e3ac0c,rig_a9481abfdcb40f879a0fa555,left,1772726506350424064,0.5701,train,False,,0|1|2|3,covered,9031,5,False,2.3164,-6.7872,1.6871,accepted_independent_pos_prior_at
img_0ccbf3f46b4b4f4b127c2af2,rig_c0ac69772678faceae0ef9a2,right,1772726506850443776,0.5724,train,False,,0|3,covered,10003,5,False,2.6926,-7.0231,1.7553,accepted_independent_pos_prior_at
img_2f10fcf8c5f46899fd84dae9,rig_c0ac69772678faceae0ef9a2,left,1772726506850470144,0.5724,train,False,,0|1|2|3,covered,10003,5,False,2.6926,-7.0231,1.7553,accepted_independent_pos_prior_at
img_e4bb23a13a72e999ad5754d1,rig_10999e61705fcb5317bcce18,right,1772726507350512896,0.5747,train,False,,0|3,covered,6626,6,False,3.0691,-7.1353,1.8727,accepted_independent_pos_prior_at
img_767138f6ff85ce73dc611a99,rig_10999e61705fcb5317bcce18,left,1772726507350515968,0.5747,train,False,,0|1|2|3,covered,6626,6,False,3.0691,-7.1353,1.8727,accepted_independent_pos_prior_at
img_c6d4a7e7e0a2a005cecdad2f,rig_5b8f8987e5c066d5adbfbd83,right,1772726507850499840,0.5769,train,False,,0|3,covered,19285,6,False,3.3244,-7.2168,1.9918,accepted_independent_pos_prior_at
img_32de473ad787ca0a568e7a34,rig_5b8f8987e5c066d5adbfbd83,left,1772726507850516992,0.5769,train,False,,0|1|2|3,covered,19285,6,False,3.3244,-7.2168,1.9918,accepted_independent_pos_prior_at
img_615171763cd60793081fb097,rig_bbcd876b02050dbe22e039ec,right,1772726508350533120,0.5792,train,False,,0|1|3,covered,22176,6,False,3.4193,-7.2327,2.0528,accepted_independent_pos_prior_at
img_6f8a41645307886414fdb6d8,rig_bbcd876b02050dbe22e039ec,left,1772726508350550016,0.5792,train,False,,0|1|2|3,covered,22176,6,False,3.4193,-7.2327,2.0528,accepted_independent_pos_prior_at
img_36e74cf7a944d9e1fac9aac6,rig_ed63431d19d218ecf3fca2b4,right,1772726508850566912,0.5814,train,False,,0|1|3,covered,18851,6,False,3.3252,-7.1396,2.0785,accepted_independent_pos_prior_at
img_e2235c52dc2cc4282e7d40fd,rig_ed63431d19d218ecf3fca2b4,left,1772726508850582784,0.5814,train,False,,0|1|2|3,covered,18851,6,False,3.3252,-7.1396,2.0785,accepted_independent_pos_prior_at
img_62ded7e2c0eb75337746a1b4,rig_ee943dd6b5dc0ea6f147e99c,right,1772726509350600960,0.5837,train,False,,0|1|3,covered,7126,6,False,3.1201,-6.9406,2.0669,accepted_independent_pos_prior_at
img_204ab088850d639090e9ac4e,rig_ee943dd6b5dc0ea6f147e99c,left,1772726509350616064,0.5837,train,False,,0|1|2|3,covered,7126,6,False,3.1201,-6.9406,2.0669,accepted_independent_pos_prior_at
img_7c194d874150e53dc7911d70,rig_57c2ba4c8eedc151ab23a032,right,1772726509850633984,0.586,train,False,,0|1|2|3,covered,7146,6,False,2.9713,-6.6118,2.0319,accepted_independent_pos_prior_at
img_953b301eedea931f01d7519b,rig_57c2ba4c8eedc151ab23a032,left,1772726509850650112,0.586,train,False,,0|1|2|3,covered,7146,6,False,2.9713,-6.6118,2.0319,accepted_independent_pos_prior_at
img_b18850b17273389e3aefd9cd,rig_f06333428d4f48f2cf7fbe79,right,1772726510350720000,0.5882,train,False,,0|1|2|3,covered,4614,6,False,2.8413,-6.1618,1.9827,accepted_independent_pos_prior_at
img_21b946b919113ef2ad217f20,rig_f06333428d4f48f2cf7fbe79,left,1772726510350723072,0.5882,train,False,,0|1|2|3,covered,4614,6,False,2.8413,-6.1618,1.9827,accepted_independent_pos_prior_at
img_3aa5f8a1a9bd140b901357b4,rig_214904616a70a88658d746f2,right,1772726510850697984,0.5905,train,False,,0|1|2|3,covered,3257,6,False,2.76,-5.7264,1.9117,accepted_independent_pos_prior_at
img_6546170e68807f8e8a52ad34,rig_214904616a70a88658d746f2,left,1772726510850713856,0.5905,train,False,,0|1|2|3,covered,3257,6,False,2.76,-5.7264,1.9117,accepted_independent_pos_prior_at
img_2461a33a99ca0046b9a7c112,rig_3968ced941aff232b9a4cb9c,right,1772726511350733056,0.5928,train,False,,0|1|2|3,covered,917,5,False,2.8289,-5.2193,1.816,accepted_independent_pos_prior_at
img_5e316fa8cb258a2918d30eed,rig_3968ced941aff232b9a4cb9c,left,1772726511350748160,0.5928,train,False,,0|1|2|3,covered,917,5,False,2.8289,-5.2193,1.816,accepted_independent_pos_prior_at
img_4ccf82bd2664b37fa8da5db0,rig_69b32be839e545787a8f86ad,right,1772726511850806016,0.595,train,False,,0|1|2|3,outdoor,0,5,False,2.8122,-4.6968,1.7296,accepted_independent_pos_prior_at
img_70695d79bf115291f89af020,rig_69b32be839e545787a8f86ad,left,1772726511850808832,0.595,train,False,,0|1|2|3,outdoor,0,5,False,2.8122,-4.6968,1.7296,accepted_independent_pos_prior_at
img_3fa45fac1cc1abd6364f0bd3,rig_aa9ac4028b9a2a76f393fd18,right,1772726512350790144,0.5973,train,False,,0|1|2|3,outdoor,0,5,False,2.81,-4.2097,1.6847,accepted_independent_pos_prior_at
img_4c8368637cb715bc93aab9aa,rig_aa9ac4028b9a2a76f393fd18,left,1772726512350807040,0.5973,train,False,,0|1|2|3,outdoor,0,5,False,2.81,-4.2097,1.6847,accepted_independent_pos_prior_at
img_4a2a9f47a7d72128ad9d9b23,rig_954e3438a79223fdcc4271fc,right,1772726512850861056,0.5995,train,False,,0|1|2|3,outdoor,0,5,False,2.7606,-3.7404,1.6101,accepted_independent_pos_prior_at
img_c1c7ee83afa5320441b43b8c,rig_954e3438a79223fdcc4271fc,left,1772726512850864896,0.5995,train,False,,0|1|2,outdoor,0,5,False,2.7606,-3.7404,1.6101,accepted_independent_pos_prior_at
img_74943b1f05f275dfa3e64b53,rig_a651d290576dfa06dcd5066f,right,1772726513350844928,0.6018,train,False,,0|1|2|3,outdoor,0,5,False,2.7386,-3.2657,1.5353,accepted_independent_pos_prior_at
img_1c8b089945f81db8f6c8dded,rig_a651d290576dfa06dcd5066f,left,1772726513350861056,0.6018,train,False,,0|1|2|3,outdoor,0,5,False,2.7386,-3.2657,1.5353,accepted_independent_pos_prior_at
img_780059d915b011a5bd08b6b7,rig_7ee093cfd4a4a20579ebc37a,right,1772726513850872064,0.6041,train,False,,0|1|2|3,outdoor,0,6,False,2.7752,-2.8192,1.4697,accepted_independent_pos_prior_at
img_15207674b99f1db132d932c6,rig_7ee093cfd4a4a20579ebc37a,left,1772726513850887936,0.6041,train,False,,0|1|2|3,outdoor,0,6,False,2.7752,-2.8192,1.4697,accepted_independent_pos_prior_at
img_a022d4ac11daef96817ffead,rig_57abffbe71119b953b048e03,right,1772726514350947840,0.6063,train,False,,0|1|2|3,outdoor,0,5,False,2.7523,-2.4196,1.4369,accepted_independent_pos_prior_at
img_289ddac6eecdcfcb171a9cff,rig_57abffbe71119b953b048e03,left,1772726514350950912,0.6063,train,False,,1|2|3,outdoor,0,5,False,2.7523,-2.4196,1.4369,accepted_independent_pos_prior_at
img_94448b4974045a36f76fb520,rig_475020cf2c7c50962fbaae56,right,1772726514850932736,0.6086,train,False,,0|1|2|3,outdoor,0,5,False,2.7598,-2.034,1.4178,accepted_independent_pos_prior_at
img_12ce6a109336320a768745d0,rig_475020cf2c7c50962fbaae56,left,1772726514850949120,0.6086,train,False,,1|2|3,outdoor,0,5,False,2.7598,-2.034,1.4178,accepted_independent_pos_prior_at
img_d92232056a803e065181c4fc,rig_abf4a71f8bd95682baa5944c,right,1772726515350967040,0.6109,train,False,,0|1|2|3,outdoor,0,5,False,2.8104,-1.6867,1.4124,accepted_independent_pos_prior_at
img_979bfd5fa0f6aaab6792aa9a,rig_abf4a71f8bd95682baa5944c,left,1772726515350981120,0.6109,train,False,,1|2|3,outdoor,0,5,False,2.8104,-1.6867,1.4124,accepted_independent_pos_prior_at
img_3b6ed57064a70ad37a048c7b,rig_7fdb0caca6507a455ae7188f,right,1772726515850993920,0.6131,train,False,,0|1|2|3,outdoor,0,6,False,2.7896,-1.4392,1.4146,accepted_independent_pos_prior_at
img_af0c1eda2c65e76e902ac346,rig_7fdb0caca6507a455ae7188f,left,1772726515851009792,0.6131,train,False,,2|3,outdoor,0,6,False,2.7896,-1.4392,1.4146,accepted_independent_pos_prior_at
img_4a58d805e5b8e03110fdfac7,rig_96ae58701ae6a7d9fbdeb55b,right,1772726516351023872,0.6154,train,False,,0|1|2|3,outdoor,0,6,False,2.8168,-1.3163,1.4236,accepted_independent_pos_prior_at
img_10dc9db4cfbc3df8c9f6bd2d,rig_96ae58701ae6a7d9fbdeb55b,left,1772726516351040000,0.6154,train,False,,2|3,outdoor,0,6,False,2.8168,-1.3163,1.4236,accepted_independent_pos_prior_at
img_1871157e950c16814045b7fb,rig_000e7028c2e231119a9064fc,right,1772726516851055872,0.6176,train,False,,0|1|2|3,outdoor,0,6,False,2.9759,-1.2945,1.3813,accepted_independent_pos_prior_at
img_540db3645c82d34acccf1fbb,rig_000e7028c2e231119a9064fc,left,1772726516851070976,0.6176,train,False,,2|3,outdoor,0,6,False,2.9759,-1.2945,1.3813,accepted_independent_pos_prior_at
img_26e10d650ada982eed86237e,rig_fdfcb9dc9abc485751e8d4da,right,1772726517351086848,0.6199,train,False,,0|1|2|3,outdoor,0,6,False,3.1177,-1.2484,1.3409,accepted_independent_pos_prior_at
img_0dbc2e12a7bdf36399e2e44c,rig_fdfcb9dc9abc485751e8d4da,left,1772726517351102976,0.6199,train,False,,2|3,outdoor,0,6,False,3.1177,-1.2484,1.3409,accepted_independent_pos_prior_at
img_c1d98062a4244b5006970c32,rig_00a3588c60e97948cf94e53a,right,1772726517851119104,0.6222,train,False,,0|1|2|3,outdoor,0,6,False,3.147,-1.1664,1.3752,accepted_independent_pos_prior_at
img_9ebdbf472ddeb6c9d82994c8,rig_00a3588c60e97948cf94e53a,left,1772726517851133952,0.6222,train,False,,2|3,outdoor,0,6,False,3.147,-1.1664,1.3752,accepted_independent_pos_prior_at
img_b03cab9432767781d37d0c40,rig_34a82c122eafbdd07729c7a3,right,1772726518351147776,0.6244,train,False,,0|1|2|3,outdoor,0,6,False,3.0213,-1.1388,1.4093,accepted_independent_pos_prior_at
img_21b71b6f7e7b5625bf4518b6,rig_34a82c122eafbdd07729c7a3,left,1772726518351163904,0.6244,train,False,,2|3,outdoor,0,6,False,3.0213,-1.1388,1.4093,accepted_independent_pos_prior_at
img_fc66080d5ff5d4c012c31698,rig_555a91a88fb42ed8d310cfa5,right,1772726518851176960,0.6267,train,False,,0|1|2|3,outdoor,0,6,False,2.7868,-1.0854,1.4285,accepted_independent_pos_prior_at
img_f16ac9f7735df4383c77a668,rig_555a91a88fb42ed8d310cfa5,left,1772726518851192832,0.6267,train,False,,2|3,outdoor,0,6,False,2.7868,-1.0854,1.4285,accepted_independent_pos_prior_at
img_58caed980ab70c4132efecfd,rig_083bc66ce28c3ad6214b88c3,right,1772726519351250944,0.629,train,False,,0|1|2|3,outdoor,0,6,False,2.5317,-0.9416,1.4316,accepted_independent_pos_prior_at
img_9b4b225cdf274d4a95011c0b,rig_083bc66ce28c3ad6214b88c3,left,1772726519351252992,0.629,train,False,,2|3,outdoor,0,6,False,2.5317,-0.9416,1.4316,accepted_independent_pos_prior_at
img_8c2af5819c98a4c49838403d,rig_392adee9b1d023baeac738a4,right,1772726519851233024,0.6312,train,False,,0|1|2|3,outdoor,0,5,False,2.3874,-0.7581,1.4034,accepted_independent_pos_prior_at
img_dff0038d369b2a2f077bf957,rig_392adee9b1d023baeac738a4,left,1772726519851248896,0.6312,train,False,,2|3,outdoor,0,5,False,2.3874,-0.7581,1.4034,accepted_independent_pos_prior_at
img_9fc13fc6b2a89839552d140b,rig_a9f7d98bdef46fd501af8b17,right,1772726520351264000,0.6335,train,False,,0|1|2|3,outdoor,0,6,False,2.2494,-0.6364,1.408,accepted_independent_pos_prior_at
img_68d3eb363c2845459f47e8d5,rig_a9f7d98bdef46fd501af8b17,left,1772726520351279872,0.6335,train,False,,2|3,outdoor,0,6,False,2.2494,-0.6364,1.408,accepted_independent_pos_prior_at
img_f2e26c722981ec0176325e6b,rig_8306253f54ee66d50c913fec,right,1772726520851335168,0.6357,train,False,,0|1|2|3,outdoor,0,6,False,2.137,-0.6094,1.4074,accepted_independent_pos_prior_at
img_7c0a4bbe04e2a982312985e3,rig_8306253f54ee66d50c913fec,left,1772726520851337984,0.6357,train,False,,2|3,outdoor,0,6,False,2.137,-0.6094,1.4074,accepted_independent_pos_prior_at
img_f4bf71d79eb426e24a089014,rig_5a5ac7fa4f5b9d2c2ddad340,right,1772726521351321856,0.638,train,False,,0|1|2|3,outdoor,0,6,False,2.1154,-0.6535,1.413,accepted_independent_pos_prior_at
img_3ccd121aa7728f30746b1d1b,rig_5a5ac7fa4f5b9d2c2ddad340,left,1772726521351338752,0.638,train,False,,2|3,outdoor,0,6,False,2.1154,-0.6535,1.413,accepted_independent_pos_prior_at
img_9b00be96662f65f6e44b8ae9,rig_6fa23521d90b426cbd139334,right,1772726521851394816,0.6403,train,False,,0|1|2|3,outdoor,0,6,False,2.2358,-0.8358,1.4021,accepted_independent_pos_prior_at
img_9620b0e2d41b237347f467c4,rig_6fa23521d90b426cbd139334,left,1772726521851397120,0.6403,train,False,,2|3,outdoor,0,6,False,2.2358,-0.8358,1.4021,accepted_independent_pos_prior_at
img_99cab519f1ef124e4b6289fd,rig_61ddcb249fb315d6b3a7c599,right,1772726522351382016,0.6425,train,False,,0|1|2|3,outdoor,0,7,False,2.4869,-1.0292,1.4056,accepted_independent_pos_prior_at
img_03155e815f3ed8c386df41d7,rig_61ddcb249fb315d6b3a7c599,left,1772726522351398912,0.6425,train,False,,2|3,outdoor,0,7,False,2.4869,-1.0292,1.4056,accepted_independent_pos_prior_at
img_e89062940cc4d3083aa9a723,rig_5654a1001ac64ec796b10960,right,1772726522851449856,0.6448,train,False,,0|1|2|3,outdoor,0,6,False,2.868,-1.139,1.4366,accepted_independent_pos_prior_at
img_f7ab5b5375d058e24fa94d7a,rig_5654a1001ac64ec796b10960,left,1772726522851451904,0.6448,train,False,,1|2|3,outdoor,0,6,False,2.868,-1.139,1.4366,accepted_independent_pos_prior_at
img_0cfe3b000d78b3cbe984aa45,rig_10786c3b130262b1f7860d86,right,1772726523351441920,0.6471,train,False,,0|1|3,outdoor,0,6,False,3.276,-1.2882,1.4378,accepted_independent_pos_prior_at
img_3856b29d30a5f8fae4c2ddaf,rig_10786c3b130262b1f7860d86,left,1772726523351459072,0.6471,train,False,,1|2|3,outdoor,0,6,False,3.276,-1.2882,1.4378,accepted_independent_pos_prior_at
img_572c8b231f54c3e8ed7f76c5,rig_ed3f68cd30c4e541e9180d4e,right,1772726523851472896,0.6493,train,False,,0|1|3,indoor,1912,7,False,3.6891,-1.4054,1.4369,accepted_independent_pos_prior_at
img_37961c1c8cbf65e14d0ea61c,rig_ed3f68cd30c4e541e9180d4e,left,1772726523851490048,0.6493,train,False,,2|3,indoor,1912,7,False,3.6891,-1.4054,1.4369,accepted_independent_pos_prior_at
img_bc2bea11a1cb64d9ca5716c4,rig_815b5dd557cc5801e2725257,right,1772726524351503872,0.6516,train,False,,0|1|3,indoor,13544,8,False,4.1156,-1.4505,1.4389,accepted_independent_pos_prior_at
img_a34bf12eed338786d18daa62,rig_815b5dd557cc5801e2725257,left,1772726524351521024,0.6516,train,False,,1|2|3,indoor,13544,8,False,4.1156,-1.4505,1.4389,accepted_independent_pos_prior_at
img_d21fa2720d52a4374c4fd316,rig_e03d1eabb3deba3492123b63,right,1772726524851536128,0.6538,train,False,,0|1|3,indoor,42461,7,False,4.504,-1.5476,1.4344,accepted_independent_pos_prior_at
img_aabac34ed43c0f022c9ce39e,rig_e03d1eabb3deba3492123b63,left,1772726524851557120,0.6538,train,False,,2|3,indoor,42461,7,False,4.504,-1.5476,1.4344,accepted_independent_pos_prior_at
img_d4396334be5e1583896c837d,rig_03d12388aba2090fc187d74a,right,1772726525351567104,0.6561,train,False,,0|1|3,indoor,53796,8,False,4.8395,-1.6005,1.4248,accepted_independent_pos_prior_at
img_9c233d6fe5c0b3c4bb7581ba,rig_03d12388aba2090fc187d74a,left,1772726525351582976,0.6561,train,False,,2|3,indoor,53796,8,False,4.8395,-1.6005,1.4248,accepted_independent_pos_prior_at
img_55c5e08398906fce5cdae7a1,rig_f78e34acd123753db7989244,right,1772726525851599104,0.6584,train,False,,0|1|3,indoor,62530,8,False,5.0747,-1.6319,1.4298,accepted_independent_pos_prior_at
img_e1eba2f46bf75c270241b3a7,rig_f78e34acd123753db7989244,left,1772726525851614976,0.6584,train,False,,1|2|3,indoor,62530,8,False,5.0747,-1.6319,1.4298,accepted_independent_pos_prior_at
img_a55455197d4f2ef471861034,rig_15351bdd38b5f8052a7c981c,right,1772726526351633152,0.6606,train,False,,0|1|3,indoor,73197,8,False,5.2136,-1.7171,1.4043,accepted_independent_pos_prior_at
img_8962d14dfb4d12b9b2cf4058,rig_15351bdd38b5f8052a7c981c,left,1772726526351647744,0.6606,train,False,,2|3,indoor,73197,8,False,5.2136,-1.7171,1.4043,accepted_independent_pos_prior_at
img_64fe4e65c3736b0d7b32fecb,rig_c6cff1a0bc4601c184ce5765,right,1772726526851661056,0.6629,train,False,,0|1|3,indoor,74571,8,False,5.3111,-1.7403,1.4005,accepted_independent_pos_prior_at
img_9ffea0abbf2eabd75d38e11e,rig_c6cff1a0bc4601c184ce5765,left,1772726526851676928,0.6629,train,False,,1|2|3,indoor,74571,8,False,5.3111,-1.7403,1.4005,accepted_independent_pos_prior_at
img_a910ffa64c6d26f6ee830d8c,rig_16e86f8952d26123cc30a803,right,1772726527351692800,0.6652,train,False,,0|1|3,indoor,73913,8,False,5.4924,-1.7097,1.4156,accepted_independent_pos_prior_at
img_9d2169dd4ead7e93fd64a667,rig_16e86f8952d26123cc30a803,left,1772726527351708928,0.6652,train,False,,1|2|3,indoor,73913,8,False,5.4924,-1.7097,1.4156,accepted_independent_pos_prior_at
img_2fe423406c20124d89e4eefe,rig_d5186ce78eff9fccefa2c9c4,right,1772726527851723008,0.6674,train,False,,0|1|3,indoor,75985,8,False,5.656,-1.7018,1.4084,accepted_independent_pos_prior_at
img_f739255a36fa35e2286826a2,rig_d5186ce78eff9fccefa2c9c4,left,1772726527851739904,0.6674,train,False,,2|3,indoor,75985,8,False,5.656,-1.7018,1.4084,accepted_independent_pos_prior_at
img_9c271c30d50fb06f24be9e36,rig_3c9b5164bc1951213a7933b9,right,1772726528351819008,0.6697,train,False,,0|1|3,indoor,76096,8,False,5.9115,-1.7541,1.4305,accepted_independent_pos_prior_at
img_18d28fb7e23a0e8d27ec413d,rig_3c9b5164bc1951213a7933b9,left,1772726528351821824,0.6697,train,False,,1|2|3,indoor,76096,8,False,5.9115,-1.7541,1.4305,accepted_independent_pos_prior_at
img_2e52f81e7ee67150f3fdea5c,rig_1a8aa3d2d41fd3a907f5761d,right,1772726528851806976,0.6719,train,False,,0|1|3,indoor,78426,8,False,6.1122,-1.7747,1.4198,accepted_independent_pos_prior_at
img_3f546d37732238c9dca340d3,rig_1a8aa3d2d41fd3a907f5761d,left,1772726528851811840,0.6719,train,False,,1|2|3,indoor,78426,8,False,6.1122,-1.7747,1.4198,accepted_independent_pos_prior_at
img_b94d750c916e200cf37c2ad4,rig_1e8b9b6d6e185fe3fe9e73b3,right,1772726529351817728,0.6742,train,False,,0|1|3,indoor,74776,8,False,6.397,-1.7521,1.4564,accepted_independent_pos_prior_at
img_3b78593293b36ba29767fecd,rig_1e8b9b6d6e185fe3fe9e73b3,left,1772726529351892992,0.6742,train,False,,1|2|3,indoor,74776,8,False,6.397,-1.7521,1.4564,accepted_independent_pos_prior_at
img_eee76b0c1f95c447b6eb24bc,rig_b6dda00ce31fe345c8a93d93,right,1772726529851939072,0.6765,train,False,,0|1|3,indoor,75768,8,False,6.6783,-1.7591,1.4621,accepted_independent_pos_prior_at
img_fdf56b0a509ae739efc34a67,rig_b6dda00ce31fe345c8a93d93,left,1772726529851942144,0.6765,train,False,,1|2|3,indoor,75768,8,False,6.6783,-1.7591,1.4621,accepted_independent_pos_prior_at
img_9eeaefa15ae4a16e7247811e,rig_a5c8751d41a665d69d33986e,right,1772726530351940864,0.6787,train,False,,0|1|3,indoor,74645,8,False,6.9334,-1.764,1.4705,accepted_independent_pos_prior_at
img_b38496117cb29adcbf2b8c36,rig_a5c8751d41a665d69d33986e,left,1772726530351944960,0.6787,train,False,,1|2|3,indoor,74645,8,False,6.9334,-1.764,1.4705,accepted_independent_pos_prior_at
img_5a69ae6aa259126ae595c8c1,rig_1ae5de5a59bb2cd0d482e564,right,1772726530851907072,0.681,train,False,,0|1|3,indoor,54421,8,False,7.1765,-1.7102,1.4829,accepted_independent_pos_prior_at
img_b251ac174beee6a14aba41c5,rig_1ae5de5a59bb2cd0d482e564,left,1772726530851922944,0.681,train,False,,1|2|3,indoor,54421,8,False,7.1765,-1.7102,1.4829,accepted_independent_pos_prior_at
img_3f3cab25aa79e21874774641,rig_14d04a77332d48a4e699008e,right,1772726531351935744,0.6833,train,False,,0|1|3,indoor,58070,8,False,7.3803,-1.7279,1.4831,accepted_independent_pos_prior_at
img_57251049682317c7fee99ae1,rig_14d04a77332d48a4e699008e,left,1772726531351951872,0.6833,train,False,,1|2|3,indoor,58070,8,False,7.3803,-1.7279,1.4831,accepted_independent_pos_prior_at
img_6016a762546377de75ffa928,rig_5374f8e6cc4cc91413bc936f,right,1772726531852012800,0.6855,train,False,,0|1|3,indoor,60024,8,False,7.6074,-1.8044,1.5044,accepted_independent_pos_prior_at
img_dc90c819e52ff1c3d1b227fd,rig_5374f8e6cc4cc91413bc936f,left,1772726531852015104,0.6855,train,False,,1|2|3,indoor,60024,8,False,7.6074,-1.8044,1.5044,accepted_independent_pos_prior_at
img_4208ccff31ff4f5807b3f287,rig_f37b6e125599ee8ce13ef928,right,1772726532352040960,0.6878,train,False,,0|1|3,indoor,55821,8,False,7.7439,-1.7973,1.5019,accepted_independent_pos_prior_at
img_a9e7f0e0c40e93878609f3f3,rig_f37b6e125599ee8ce13ef928,left,1772726532352043776,0.6878,train,False,,1|2|3,indoor,55821,8,False,7.7439,-1.7973,1.5019,accepted_independent_pos_prior_at
img_975693a59615e9b56e83fb87,rig_1dec5dd5563196de35e6f643,right,1772726532852074752,0.69,train,False,,0|1|3,indoor,54057,8,False,7.8906,-1.7482,1.5203,accepted_independent_pos_prior_at
img_cc8461f788875306eb810405,rig_1dec5dd5563196de35e6f643,left,1772726532852078080,0.69,train,False,,1|2|3,indoor,54057,8,False,7.8906,-1.7482,1.5203,accepted_independent_pos_prior_at
img_80df250f9970d79b3541dfbf,rig_69c73ab5587f94c045ee516e,right,1772726533352098816,0.6923,train,False,,0|1|3,indoor,52802,8,False,7.9566,-1.7449,1.5331,accepted_independent_pos_prior_at
img_d21054a6b72eec0a64282c9c,rig_69c73ab5587f94c045ee516e,left,1772726533352102912,0.6923,train,False,,1|2|3,indoor,52802,8,False,7.9566,-1.7449,1.5331,accepted_independent_pos_prior_at
img_595254c320c27cdb74e35158,rig_0ecd86b20f310e2fb0b20192,right,1772726533852087040,0.6946,train,False,,0|1|3,indoor,52514,8,False,7.9571,-1.7761,1.5275,accepted_independent_pos_prior_at
img_fce08d9c2de871a505cf83b2,rig_0ecd86b20f310e2fb0b20192,left,1772726533852102912,0.6946,train,False,,1|2|3,indoor,52514,8,False,7.9571,-1.7761,1.5275,accepted_independent_pos_prior_at
img_7c4bd9a8b55c8f86fa134466,rig_8e3bbcc1620e7105fa423668,right,1772726534352160000,0.6968,train,False,,0|1|2|3,indoor,53375,8,False,7.9221,-1.8172,1.5368,accepted_independent_pos_prior_at
img_33375a69985ab3e518251da0,rig_8e3bbcc1620e7105fa423668,left,1772726534352162816,0.6968,train,False,,1|2|3,indoor,53375,8,False,7.9221,-1.8172,1.5368,accepted_independent_pos_prior_at
img_d0d851b2ccfa742fa1bd8d68,rig_9a545eaf708caa7909f4a115,right,1772726534852189952,0.6991,train,False,,0|1|2|3,indoor,57281,8,False,7.8871,-1.9269,1.5382,accepted_independent_pos_prior_at
img_d458c189bfed47078603fdd4,rig_9a545eaf708caa7909f4a115,left,1772726534852192000,0.6991,train,False,,1|2|3,indoor,57281,8,False,7.8871,-1.9269,1.5382,accepted_independent_pos_prior_at
img_f1799d46a7022022561e4cd1,rig_89edac79d760e3d41c63a4ac,right,1772726535352224000,0.7014,train,False,,0|1|2|3,indoor,112338,8,False,7.8237,-2.1373,1.6117,accepted_independent_pos_prior_at
img_5748713b2a9018e0c4489afb,rig_89edac79d760e3d41c63a4ac,left,1772726535352226048,0.7014,train,False,,0|1|2|3,indoor,112338,8,False,7.8237,-2.1373,1.6117,accepted_independent_pos_prior_at
img_426186dbb8206cf129f21911,rig_efe79713cf7a7fd38fbf03f9,right,1772726535852211968,0.7036,train,False,,0|1|2,indoor,137404,8,False,7.7785,-2.3091,1.7064,accepted_independent_pos_prior_at
img_1aa7b18f3768436540234cc0,rig_efe79713cf7a7fd38fbf03f9,left,1772726535852226048,0.7036,train,False,,0|1|2|3,indoor,137404,8,False,7.7785,-2.3091,1.7064,accepted_independent_pos_prior_at
img_40f2bb33f03616da71c7aa76,rig_07365b42985639b762ddee0a,right,1772726536352324864,0.7059,train,False,,0|1|2,indoor,138878,8,False,7.7902,-2.499,1.8804,accepted_independent_pos_prior_at
img_a2e7e9dbb51942d5d12a742f,rig_07365b42985639b762ddee0a,left,1772726536352329984,0.7059,train,False,,0|1|2|3,indoor,138878,8,False,7.7902,-2.499,1.8804,accepted_independent_pos_prior_at
img_23c65376ef8846d50e306c49,rig_cdf107e3e1b044065efd0add,right,1772726536852359168,0.7081,train,False,,0|1|2,indoor,133318,8,False,7.7446,-2.6697,2.0319,accepted_independent_pos_prior_at
img_a90635e58244461b86267963,rig_cdf107e3e1b044065efd0add,left,1772726536852362752,0.7081,train,False,,0|1|3,indoor,133318,8,False,7.7446,-2.6697,2.0319,accepted_independent_pos_prior_at
img_899fdb6f39652cc58649d147,rig_90ae543fbb5ad945f5a42e17,right,1772726537352364032,0.7104,train,False,,0|1|2,indoor,118421,8,False,7.7362,-2.8253,2.2433,accepted_independent_pos_prior_at
img_b60e7cefcb6bc5ac435ea8ab,rig_90ae543fbb5ad945f5a42e17,left,1772726537352367872,0.7104,train,False,,0|1|3,indoor,118421,8,False,7.7362,-2.8253,2.2433,accepted_independent_pos_prior_at
img_2d1f1a8a27f682dc4d1d2341,rig_56363446e94c146075038316,right,1772726537852328960,0.7127,train,False,,0|1|2,indoor,105786,8,False,7.7485,-3.0505,2.346,accepted_independent_pos_prior_at
img_2a2ffa54460f316927e5ffa5,rig_56363446e94c146075038316,left,1772726537852345856,0.7127,train,False,,0|1|3,indoor,105786,8,False,7.7485,-3.0505,2.346,accepted_independent_pos_prior_at
img_1f5dcabe54d22d5e520d4af1,rig_44c5ab838227c5301b4ca274,right,1772726538352439808,0.7149,train,False,,0|1|2,indoor,94693,8,False,7.7069,-3.3005,2.3215,accepted_independent_pos_prior_at
img_2f8a2aae4ed7883e440a4072,rig_44c5ab838227c5301b4ca274,left,1772726538352443904,0.7149,train,False,,0|1|3,indoor,94693,8,False,7.7069,-3.3005,2.3215,accepted_independent_pos_prior_at
img_f7b75abef16041d243e1cb24,rig_d207455f26029db6394d4973,right,1772726538852431104,0.7172,train,False,,0|1|2,indoor,108922,8,False,7.5918,-3.5404,2.2473,accepted_independent_pos_prior_at
img_45b060488b1c090ac0309083,rig_d207455f26029db6394d4973,left,1772726538852432896,0.7172,train,False,,0|1|3,indoor,108922,8,False,7.5918,-3.5404,2.2473,accepted_independent_pos_prior_at
img_d5f2691253c920066b1d8ab4,rig_3498b35f4620e15e5dcbbbf8,right,1772726539352480768,0.7195,train,False,,0|1|2,indoor,124463,8,False,7.5659,-3.7334,2.1985,accepted_independent_pos_prior_at
img_31da46dee68cbffb8b8d1ac3,rig_3498b35f4620e15e5dcbbbf8,left,1772726539352484096,0.7195,train,False,,0|1|3,indoor,124463,8,False,7.5659,-3.7334,2.1985,accepted_independent_pos_prior_at
img_99ff5b55953852c01f3971b3,rig_0eb3371c1a9cf742253ad85d,right,1772726539852445952,0.7217,train,False,,0|1|2,indoor,148859,8,False,7.6278,-3.9177,2.157,accepted_independent_pos_prior_at
img_d83918b5d04a40dd88d821b9,rig_0eb3371c1a9cf742253ad85d,left,1772726539852460800,0.7217,train,False,,0|1|3,indoor,148859,8,False,7.6278,-3.9177,2.157,accepted_independent_pos_prior_at
img_d34ebd3e7b1ab9e604af32bc,rig_8fb31491596f578115f083f3,right,1772726540352509952,0.724,train,False,,0|1|2,indoor,158579,8,False,7.6443,-4.0271,2.125,accepted_independent_pos_prior_at
img_1a7c8c71cb3bf1efb9603846,rig_8fb31491596f578115f083f3,left,1772726540352512000,0.724,train,False,,0|1|3,indoor,158579,8,False,7.6443,-4.0271,2.125,accepted_independent_pos_prior_at
img_c61c2887cae73f809045af53,rig_2aefb045eb2673e7be71d02a,right,1772726540852501760,0.7262,train,False,,0|1|2,indoor,158616,8,False,7.601,-4.1062,2.1203,accepted_independent_pos_prior_at
img_99d41f95d5644a7003fc4ed6,rig_2aefb045eb2673e7be71d02a,left,1772726540852517888,0.7262,train,False,,0|1|3,indoor,158616,8,False,7.601,-4.1062,2.1203,accepted_independent_pos_prior_at
img_24360a542c1b719c91d5a0e8,rig_d7a8710ef2ec0515707ccb1c,right,1772726541352529920,0.7285,train,False,,0|1|2|3,indoor,157625,8,False,7.5765,-4.1596,2.1063,accepted_independent_pos_prior_at
img_b217e9690565a9a90ac89dcd,rig_d7a8710ef2ec0515707ccb1c,left,1772726541352546048,0.7285,train,False,,0|1|3,indoor,157625,8,False,7.5765,-4.1596,2.1063,accepted_independent_pos_prior_at
img_af0c87414478c62a4258fbee,rig_626e93c9228dc8ed10db7617,right,1772726541852632064,0.7308,train,False,,0|1|2|3,indoor,160101,8,False,7.6009,-4.2153,2.0952,accepted_independent_pos_prior_at
img_ff02d8c153151283c2e34cd4,rig_626e93c9228dc8ed10db7617,left,1772726541852634880,0.7308,train,False,,0|1|2|3,indoor,160101,8,False,7.6009,-4.2153,2.0952,accepted_independent_pos_prior_at
img_7eb69cbcb3cfc4f6f4283b99,rig_f50ee5341312269e69fe7892,right,1772726542352633088,0.733,train,False,,0|1|2|3,indoor,165147,8,False,7.6795,-4.3098,2.0994,accepted_independent_pos_prior_at
img_afa4fada790a296589f9fe98,rig_f50ee5341312269e69fe7892,left,1772726542352634880,0.733,train,False,,0|1|2|3,indoor,165147,8,False,7.6795,-4.3098,2.0994,accepted_independent_pos_prior_at
img_74b928466746e82240803e26,rig_bb59c628595f4627352f9cf5,right,1772726542852616192,0.7353,train,False,,0|1|3,indoor,165158,8,False,7.7516,-4.3717,2.103,accepted_independent_pos_prior_at
img_c04b37a9ccae6e3f6a62ef81,rig_bb59c628595f4627352f9cf5,left,1772726542852632064,0.7353,train,False,,0|1|2|3,indoor,165158,8,False,7.7516,-4.3717,2.103,accepted_independent_pos_prior_at
img_0baaa27b93015822440b687d,rig_f8ded7c55aa6618f7f932f78,right,1772726543352647936,0.7376,train,False,,0|1|3,indoor,162872,8,False,7.7927,-4.4147,2.1009,accepted_independent_pos_prior_at
img_c49faa1d11365b47610f1cef,rig_f8ded7c55aa6618f7f932f78,left,1772726543352663040,0.7376,train,False,,0|1|2|3,indoor,162872,8,False,7.7927,-4.4147,2.1009,accepted_independent_pos_prior_at
img_024ff4947bc3d3decbcf878c,rig_eab7ff45ccdb39a9651cea7d,right,1772726543852675840,0.7398,train,False,,0|1|3,indoor,155738,8,False,7.8079,-4.4843,2.1064,accepted_independent_pos_prior_at
img_b831b33deb3ad98c70a7934d,rig_eab7ff45ccdb39a9651cea7d,left,1772726543852691968,0.7398,train,False,,1|2|3,indoor,155738,8,False,7.8079,-4.4843,2.1064,accepted_independent_pos_prior_at
img_4bfbec80c6152c3ca53f80df,rig_5f69d828774526ed0ca7afd8,right,1772726544352706048,0.7421,train,False,,0|1|3,indoor,153948,8,False,7.8019,-4.4995,2.1058,accepted_independent_pos_prior_at
img_a6e40bded3c9f2217bdca885,rig_5f69d828774526ed0ca7afd8,left,1772726544352721920,0.7421,train,False,,1|2|3,indoor,153948,8,False,7.8019,-4.4995,2.1058,accepted_independent_pos_prior_at
img_b0dff84e59a8923bb4475ce6,rig_f332edb76f172fde248e998e,right,1772726544852802048,0.7443,train,False,,0|1|3,indoor,151942,8,False,7.7908,-4.5157,2.0951,accepted_independent_pos_prior_at
img_d4b43c110801599d2031af14,rig_f332edb76f172fde248e998e,left,1772726544852805888,0.7443,train,False,,1|2|3,indoor,151942,8,False,7.7908,-4.5157,2.0951,accepted_independent_pos_prior_at
img_7bd154c88477cf14f3e327e8,rig_cae275c40aa549790e52fd20,right,1772726545352769024,0.7466,train,False,,0|1|3,indoor,151481,8,False,7.8141,-4.5239,2.0791,accepted_independent_pos_prior_at
img_41472835d6d01c3b9eee86f3,rig_cae275c40aa549790e52fd20,left,1772726545352782848,0.7466,train,False,,1|2|3,indoor,151481,8,False,7.8141,-4.5239,2.0791,accepted_independent_pos_prior_at
img_0b5c7e5b6ece9c8468b97f45,rig_e4d458f95dcbeb0f06651337,right,1772726545852794880,0.7489,train,False,,0|1|3,indoor,149205,8,False,7.9212,-4.5437,2.0897,accepted_independent_pos_prior_at
img_02c50c1e41ca50d8799dfef7,rig_e4d458f95dcbeb0f06651337,left,1772726545852810752,0.7489,train,False,,1|2|3,indoor,149205,8,False,7.9212,-4.5437,2.0897,accepted_independent_pos_prior_at
img_c7ece5aea1a2713fff288e22,rig_17ce22fa282acba5bd402357,right,1772726546352824064,0.7511,train,False,,0|1|3,indoor,145899,8,False,8.0372,-4.5437,2.0992,accepted_independent_pos_prior_at
img_809b1e32b82c29585751f38a,rig_17ce22fa282acba5bd402357,left,1772726546352840960,0.7511,train,False,,1|2|3,indoor,145899,8,False,8.0372,-4.5437,2.0992,accepted_independent_pos_prior_at
img_5140482a9cf7118888ff9760,rig_4325fccd73567f9f5074f0e8,right,1772726546852904960,0.7534,train,False,,0|1|3,indoor,141031,8,False,8.0786,-4.5733,2.0862,accepted_independent_pos_prior_at
img_25e709e621e208bb6d69963c,rig_4325fccd73567f9f5074f0e8,left,1772726546852907776,0.7534,train,False,,1|2|3,indoor,141031,8,False,8.0786,-4.5733,2.0862,accepted_independent_pos_prior_at
img_e551d37320249fc3f94c8b16,rig_9c3f1ac5de3379b735c9526f,right,1772726547352928000,0.7557,train,False,,0|1|3,indoor,127470,8,False,8.083,-4.6796,2.0683,accepted_independent_pos_prior_at
img_ae847fd97d3627e78b825c01,rig_9c3f1ac5de3379b735c9526f,left,1772726547352930048,0.7557,train,False,,1|2|3,indoor,127470,8,False,8.083,-4.6796,2.0683,accepted_independent_pos_prior_at
img_2c358f7a9417c85d1593883a,rig_7f979503308dbb5497dc8184,right,1772726547852914944,0.7579,train,False,,0|1|3,indoor,122579,8,False,8.0419,-4.7267,2.0774,accepted_independent_pos_prior_at
img_84697fc9c6f4c5bed7b7f5e7,rig_7f979503308dbb5497dc8184,left,1772726547852930048,0.7579,train,False,,1|2|3,indoor,122579,8,False,8.0419,-4.7267,2.0774,accepted_independent_pos_prior_at
img_6400739caa04d0ac69c41527,rig_5916fbf9e5b59aa4a15d6852,right,1772726548352942848,0.7602,train,False,,0|1|3,indoor,126652,8,False,7.9947,-4.7079,2.0544,accepted_independent_pos_prior_at
img_cde176116532a2d3ea90b8fd,rig_5916fbf9e5b59aa4a15d6852,left,1772726548352958976,0.7602,train,False,,1|2|3,indoor,126652,8,False,7.9947,-4.7079,2.0544,accepted_independent_pos_prior_at
img_5bdabac3f28d924130023096,rig_3a5432d0e841f5018f0426c3,right,1772726548853032960,0.7624,train,False,,0|1|3,indoor,125794,8,False,7.9771,-4.7172,1.9829,accepted_independent_pos_prior_at
img_4fc4ba78911aae895973bd93,rig_3a5432d0e841f5018f0426c3,left,1772726548853036800,0.7624,train,False,,1|2|3,indoor,125794,8,False,7.9771,-4.7172,1.9829,accepted_independent_pos_prior_at
img_1625062b5dbc6697b950a64d,rig_baf1f86f504d512866abf083,right,1772726549353006848,0.7647,train,False,,0|1|3,indoor,117236,8,False,8.008,-4.7754,1.9401,accepted_independent_pos_prior_at
img_1dbea71c3cf92e7aa3fc5df4,rig_baf1f86f504d512866abf083,left,1772726549353015808,0.7647,train,False,,0|1|2|3,indoor,117236,8,False,8.008,-4.7754,1.9401,accepted_independent_pos_prior_at
img_00bf665bae8b75617aac7789,rig_b7463a427ef7798624fd8d32,right,1772726549853083904,0.767,train,False,,0|1|3,indoor,108271,8,False,8.0259,-4.8411,1.9034,accepted_independent_pos_prior_at
img_4e61dfa73359cbec43694b5d,rig_b7463a427ef7798624fd8d32,left,1772726549853085952,0.767,train,False,,0|1|2|3,indoor,108271,8,False,8.0259,-4.8411,1.9034,accepted_independent_pos_prior_at
img_39d39b7da0de74e43e25c19f,rig_73fcc250282f0b61f460356a,right,1772726550353062912,0.7692,train,False,,0|1|3,indoor,103282,8,False,8.0356,-4.8771,1.8628,accepted_independent_pos_prior_at
img_0ea21c0b2a26ae88b3f41c1b,rig_73fcc250282f0b61f460356a,left,1772726550353076992,0.7692,train,False,,0|1|2|3,indoor,103282,8,False,8.0356,-4.8771,1.8628,accepted_independent_pos_prior_at
img_27c0b49a4b63e69324d8c3d1,rig_6296a401173f311ed04d9c2f,right,1772726550853093888,0.7715,train,False,,0|1|3,indoor,101315,8,False,8.0436,-4.8895,1.8481,accepted_independent_pos_prior_at
img_50788709c27115356ae913b1,rig_6296a401173f311ed04d9c2f,left,1772726550853106944,0.7715,train,False,,0|1|2|3,indoor,101315,8,False,8.0436,-4.8895,1.8481,accepted_independent_pos_prior_at
img_c9d1fab35661b2bd69281bfa,rig_403ae798f86ad0a17606adde,right,1772726551353185024,0.7738,train,False,,0|1|3,indoor,100502,8,False,8.052,-4.8935,1.8293,accepted_independent_pos_prior_at
img_d22b97313624830c9ce567d4,rig_403ae798f86ad0a17606adde,left,1772726551353188096,0.7738,train,False,,0|1|2|3,indoor,100502,8,False,8.052,-4.8935,1.8293,accepted_independent_pos_prior_at
img_fa406b2765880acfff439bb7,rig_259f13e81b17068c6635d2e1,right,1772726551853153024,0.776,train,False,,0|1|3,indoor,101402,8,False,8.0531,-4.8873,1.8196,accepted_independent_pos_prior_at
img_be7fbc047b987740dd2c4760,rig_259f13e81b17068c6635d2e1,left,1772726551853168896,0.776,train,False,,0|1|2|3,indoor,101402,8,False,8.0531,-4.8873,1.8196,accepted_independent_pos_prior_at
img_7ce21959ed0341af67a18655,rig_a8b7714d368911bee760906e,right,1772726552353229056,0.7783,train,False,,0|1|3,indoor,100183,8,False,8.0631,-4.8941,1.8106,accepted_independent_pos_prior_at
img_d542368d10f026e374aefea0,rig_a8b7714d368911bee760906e,left,1772726552353230848,0.7783,train,False,,0|1|2|3,indoor,100183,8,False,8.0631,-4.8941,1.8106,accepted_independent_pos_prior_at
img_73f4d80d0df342e9c22fd43b,rig_6f63cb3e6f1715db3efb3145,right,1772726552853213952,0.7805,train,False,,0|1|3,indoor,99145,8,False,8.1002,-4.8936,1.8451,accepted_independent_pos_prior_at
img_afaf7f3f1d8bcc555be40c0f,rig_6f63cb3e6f1715db3efb3145,left,1772726552853229056,0.7805,train,False,,1|2|3,indoor,99145,8,False,8.1002,-4.8936,1.8451,accepted_independent_pos_prior_at
img_36d8bec5f2733d9cb65049e8,rig_b80565635f69091466b4cc32,right,1772726553353293056,0.7828,train,False,,0|1|3,indoor,99063,8,False,8.1444,-4.8829,1.8807,accepted_independent_pos_prior_at
img_84c4dd47f20c39c3503715c4,rig_b80565635f69091466b4cc32,left,1772726553353296128,0.7828,train,False,,1|2|3,indoor,99063,8,False,8.1444,-4.8829,1.8807,accepted_independent_pos_prior_at
img_b1c500990871617a4fbe2492,rig_dad6414d3a0780b4bd18caeb,right,1772726553853325824,0.7851,train,False,,0|1|3,indoor,103728,8,False,8.221,-4.816,1.9159,accepted_independent_pos_prior_at
img_6d2459e72635c43c38ab9b72,rig_dad6414d3a0780b4bd18caeb,left,1772726553853328896,0.7851,train,False,,1|2|3,indoor,103728,8,False,8.221,-4.816,1.9159,accepted_independent_pos_prior_at
img_db885bf185aea1b124e987d6,rig_3f5315056beccf8512b5d98a,right,1772726554353341952,0.7873,train,False,,0|1|3,indoor,110109,8,False,8.3449,-4.6989,1.9699,accepted_independent_pos_prior_at
img_349bb000c52f5a9444858a63,rig_3f5315056beccf8512b5d98a,left,1772726554353345792,0.7873,train,False,,1|2|3,indoor,110109,8,False,8.3449,-4.6989,1.9699,accepted_independent_pos_prior_at
img_cd82e547ec1029199a8abeed,rig_694808f82a99f58369491ead,right,1772726554853381888,0.7896,train,False,,0|1|3,indoor,100590,8,False,8.4905,-4.6949,1.9992,accepted_independent_pos_prior_at
img_5375dc7ac212760e86ea04e4,rig_694808f82a99f58369491ead,left,1772726554853384960,0.7896,train,False,,1|2|3,indoor,100590,8,False,8.4905,-4.6949,1.9992,accepted_independent_pos_prior_at
img_1447a95d9944f177d0c884ab,rig_e0ad9a754c98bed980df1462,right,1772726555353361920,0.7919,train,False,,0|1|3,indoor,82734,8,False,8.7515,-4.7919,2.0353,accepted_independent_pos_prior_at
img_ae7fcdb96cefc23a2e9b1cb8,rig_e0ad9a754c98bed980df1462,left,1772726555353378048,0.7919,train,False,,1|2|3,indoor,82734,8,False,8.7515,-4.7919,2.0353,accepted_independent_pos_prior_at
img_4bf0c01e63bf51cbb309ab52,rig_f21f6751ff670a2c323f314f,right,1772726555853392896,0.7941,train,False,,0|3,indoor,73921,8,False,8.9391,-4.8531,2.0591,accepted_independent_pos_prior_at
img_db74abe8fe99e50cd417fb92,rig_f21f6751ff670a2c323f314f,left,1772726555853407744,0.7941,train,False,,1|2|3,indoor,73921,8,False,8.9391,-4.8531,2.0591,accepted_independent_pos_prior_at
img_7db20f6aebe0e3a515e10bd7,rig_4dbcf0b4219e7ac87e58c966,right,1772726556353435904,0.7964,train,False,,0|3,indoor,67524,8,False,9.1647,-4.8136,2.1124,accepted_independent_pos_prior_at
img_bde382b774c98e42606ebea1,rig_4dbcf0b4219e7ac87e58c966,left,1772726556353438976,0.7964,train,False,,1|2|3,indoor,67524,8,False,9.1647,-4.8136,2.1124,accepted_independent_pos_prior_at
img_3a2cd4cb27c6ae470c8a776f,rig_9bc444ecb573fb381ad46385,right,1772726556853451008,0.7986,train,False,,0|3,indoor,61941,8,False,9.3289,-4.7776,2.1611,accepted_independent_pos_prior_at
img_c3ccda95371ed93a9732b302,rig_9bc444ecb573fb381ad46385,left,1772726556853466880,0.7986,train,False,,1|2|3,indoor,61941,8,False,9.3289,-4.7776,2.1611,accepted_independent_pos_prior_at
img_9fe8d294f8291e2e63f2ff7a,rig_0c0cecb0aef0c52ce2c6aa9d,right,1772726557353544960,0.8009,train,False,,0|3,indoor,57431,8,False,9.4968,-4.7538,2.1972,accepted_independent_pos_prior_at
img_dbcbd71faaeb6348cda02573,rig_0c0cecb0aef0c52ce2c6aa9d,left,1772726557353548032,0.8009,train,False,,1|2|3,indoor,57431,8,False,9.4968,-4.7538,2.1972,accepted_independent_pos_prior_at
img_7553fbc5b6a2ed11c46f6679,rig_c5a8656612f8451157b2314f,right,1772726557853574144,0.8032,train,False,,0|3,indoor,60964,8,False,9.5788,-4.6842,2.2104,accepted_independent_pos_prior_at
img_c722df52e100f0a4d6d722c4,rig_c5a8656612f8451157b2314f,left,1772726557853576960,0.8032,train,False,,1|2|3,indoor,60964,8,False,9.5788,-4.6842,2.2104,accepted_independent_pos_prior_at
img_91231b770853ee6f31fd441d,rig_a22b187e8c911fae160eb070,right,1772726558353667072,0.8054,train,False,,0|3,indoor,62630,8,False,9.6285,-4.5694,2.2444,accepted_independent_pos_prior_at
img_441e03f73d0b76f84c505db3,rig_a22b187e8c911fae160eb070,left,1772726558353671936,0.8054,train,False,,1|2|3,indoor,62630,8,False,9.6285,-4.5694,2.2444,accepted_independent_pos_prior_at
img_440b6428527ae918168fe118,rig_b523206b5c02312cc70e1083,right,1772726558853574144,0.8077,train,False,,3,indoor,63369,8,False,9.6613,-4.4827,2.2496,accepted_independent_pos_prior_at
img_1a265d9e130f6059a7c5e9a6,rig_b523206b5c02312cc70e1083,left,1772726558853588992,0.8077,train,False,,1|2|3,indoor,63369,8,False,9.6613,-4.4827,2.2496,accepted_independent_pos_prior_at
img_bfbb16cab9351336cbae5c22,rig_57daa39210e3df64a754fd7b,right,1772726559353668864,0.81,train,False,,3,indoor,63008,8,False,9.7282,-4.4161,2.2517,accepted_independent_pos_prior_at
img_ad64d81e52a8a7bcc90a5256,rig_57daa39210e3df64a754fd7b,left,1772726559353672960,0.81,train,False,,1|2|3,indoor,63008,8,False,9.7282,-4.4161,2.2517,accepted_independent_pos_prior_at
img_ca6a4f96a142bed62ed01bae,rig_dbc687d199a2da7ebdb5dda7,right,1772726559853711872,0.8122,train,False,,3,indoor,61905,8,False,9.7867,-4.3488,2.2585,accepted_independent_pos_prior_at
img_2b03f8db151c2afacd17aa26,rig_dbc687d199a2da7ebdb5dda7,left,1772726559853716736,0.8122,train,False,,0|1|2|3,indoor,61905,8,False,9.7867,-4.3488,2.2585,accepted_independent_pos_prior_at
img_935670a8a1dbf6b894912f46,rig_c046f0161fd75506c28c1295,right,1772726560353713920,0.8145,train,False,,3,indoor,61938,8,False,9.7541,-4.2687,2.2518,accepted_independent_pos_prior_at
img_df257f89026fc472276ed04c,rig_c046f0161fd75506c28c1295,left,1772726560353716736,0.8145,train,False,,0|1|2|3,indoor,61938,8,False,9.7541,-4.2687,2.2518,accepted_independent_pos_prior_at
img_0e50eb0011f0a71bb300d616,rig_3d361a9bac2d45b63fbaa31a,right,1772726560853689856,0.8167,train,False,,3,indoor,59691,8,False,9.684,-4.1512,2.258,accepted_independent_pos_prior_at
img_af58ddf11594de171687a482,rig_3d361a9bac2d45b63fbaa31a,left,1772726560853705984,0.8167,train,False,,0|1|2|3,indoor,59691,8,False,9.684,-4.1512,2.258,accepted_independent_pos_prior_at
img_37557d4033ab0e63b9269326,rig_b53ee284fd9a573a541d1d24,right,1772726561353721856,0.819,train,False,,3,indoor,54861,8,False,9.609,-4.0878,2.2576,accepted_independent_pos_prior_at
img_443900e4c8ed5b29fb38d36a,rig_b53ee284fd9a573a541d1d24,left,1772726561353735936,0.819,train,False,,0|1|2|3,indoor,54861,8,False,9.609,-4.0878,2.2576,accepted_independent_pos_prior_at
img_2eb75f90a556b23139d0bb4a,rig_ed33bf04ed9e08f599df2b53,right,1772726561853813760,0.8213,train,False,,2|3,indoor,50890,8,False,9.5713,-4.0469,2.2612,accepted_independent_pos_prior_at
img_39270baa183005e40c561a87,rig_ed33bf04ed9e08f599df2b53,left,1772726561853817856,0.8213,train,False,,0|1|2,indoor,50890,8,False,9.5713,-4.0469,2.2612,accepted_independent_pos_prior_at
img_72da77466142f9222ca9b432,rig_88881f0687d041c6f2099021,right,1772726562353859072,0.8235,train,False,,1|2|3,indoor,48709,8,False,9.5351,-4.0105,2.2796,accepted_independent_pos_prior_at
img_d733262793847c605e65099a,rig_88881f0687d041c6f2099021,left,1772726562353862912,0.8235,train,False,,0|1|2,indoor,48709,8,False,9.5351,-4.0105,2.2796,accepted_independent_pos_prior_at
img_a2dfad8a426ffd116653cba3,rig_8dc919a038e91363f01ee701,right,1772726562853868032,0.8258,train,False,,1|2|3,indoor,48157,8,False,9.5334,-3.991,2.2825,accepted_independent_pos_prior_at
img_d04d0ca787fbef2b28f090d4,rig_8dc919a038e91363f01ee701,left,1772726562853872128,0.8258,train,False,,0|1|2,indoor,48157,8,False,9.5334,-3.991,2.2825,accepted_independent_pos_prior_at
img_ff4fb6b1ca02a215264ee27d,rig_d173e0b2e7cdcd32b8c5aeed,right,1772726563353837056,0.8281,train,False,,3,indoor,52242,8,False,9.6619,-3.9784,2.2747,accepted_independent_pos_prior_at
img_fb8d4e5c370423a144a63ab7,rig_d173e0b2e7cdcd32b8c5aeed,left,1772726563353852928,0.8281,train,False,,0|1|2|3,indoor,52242,8,False,9.6619,-3.9784,2.2747,accepted_independent_pos_prior_at
img_34035c60c399851165cbcde7,rig_ab047c378b76552bf8f719ce,right,1772726563853946880,0.8303,train,False,,3,indoor,53317,8,False,9.6498,-4.0101,2.2713,accepted_independent_pos_prior_at
img_56187043b1e7cbb8149b6379,rig_ab047c378b76552bf8f719ce,left,1772726563853952000,0.8303,train,False,,0|1|2|3,indoor,53317,8,False,9.6498,-4.0101,2.2713,accepted_independent_pos_prior_at
img_d5335345fe007b4c44932e1a,rig_edc3bafffda033f20b96d6e7,right,1772726564353953792,0.8326,train,False,,3,indoor,51985,8,False,9.5955,-4.0417,2.2738,accepted_independent_pos_prior_at
img_a582079f26f392696e22c9e8,rig_edc3bafffda033f20b96d6e7,left,1772726564353956864,0.8326,train,False,,0|1|2|3,indoor,51985,8,False,9.5955,-4.0417,2.2738,accepted_independent_pos_prior_at
img_90c0463e6650f34ae43bf0a1,rig_ed16943e003f7cce4fcbc055,right,1772726564853986048,0.8348,train,False,,3,indoor,52073,8,False,9.584,-4.0631,2.279,accepted_independent_pos_prior_at
img_357e0e61ad2c2c039b3d8981,rig_ed16943e003f7cce4fcbc055,left,1772726564853989888,0.8348,train,False,,0|1|2|3,indoor,52073,8,False,9.584,-4.0631,2.279,accepted_independent_pos_prior_at
img_90c4c943ac74ab146341b73c,rig_4e6715c571c1c91471c3c28b,right,1772726565353952768,0.8371,train,False,,1|2|3,indoor,52065,8,False,9.5584,-4.1052,2.2867,accepted_independent_pos_prior_at
img_736215cb0d2336e90c45f014,rig_4e6715c571c1c91471c3c28b,left,1772726565353968896,0.8371,train,False,,0|1|2,indoor,52065,8,False,9.5584,-4.1052,2.2867,accepted_independent_pos_prior_at
img_61807e09bce534e140ff3497,rig_bfc013a648d9cb272acc2072,right,1772726565854044928,0.8394,train,False,,1|2|3,indoor,55101,8,False,9.4286,-4.148,2.2774,accepted_independent_pos_prior_at
img_e077fcb4955280ec1710e251,rig_bfc013a648d9cb272acc2072,left,1772726565854048000,0.8394,train,False,,0|1|2,indoor,55101,8,False,9.4286,-4.148,2.2774,accepted_independent_pos_prior_at
img_783c40ea973d77f89e68bd01,rig_18ad96609b9bcb22a55e0903,right,1772726566354014976,0.8416,train,False,,1|2|3,indoor,64747,8,False,9.2404,-4.2094,2.2641,accepted_independent_pos_prior_at
img_e9e61ec207e9b17024332b8e,rig_18ad96609b9bcb22a55e0903,left,1772726566354029056,0.8416,train,False,,0|1|2,indoor,64747,8,False,9.2404,-4.2094,2.2641,accepted_independent_pos_prior_at
img_8ef82436b387ffb945bf91a5,rig_4c0225da8a77199deca115fd,right,1772726566854084864,0.8439,train,False,,1|2|3,indoor,77114,8,False,9.0022,-4.2975,2.2592,accepted_independent_pos_prior_at
img_3d1b5a29d5f1e5eadcddf16e,rig_4c0225da8a77199deca115fd,left,1772726566854088192,0.8439,train,False,,0|1|2|3,indoor,77114,8,False,9.0022,-4.2975,2.2592,accepted_independent_pos_prior_at
img_ff7bb1d8e38e09e81058a33b,rig_675eeb0cbecc3b94dff85183,right,1772726567354107904,0.8462,train,False,,1|2|3,indoor,90891,8,False,8.7686,-4.3381,2.2484,accepted_independent_pos_prior_at
img_769f7332c72ccca1e08d266b,rig_675eeb0cbecc3b94dff85183,left,1772726567354110976,0.8462,train,False,,0|1|2|3,indoor,90891,8,False,8.7686,-4.3381,2.2484,accepted_independent_pos_prior_at
img_1c9c566ccc6d3b5e801f396d,rig_3d24f62e769f9eae03564a1a,right,1772726567854182912,0.8484,train,False,,1|2|3,indoor,120101,8,False,8.4953,-4.288,2.2379,accepted_independent_pos_prior_at
img_231b7c7f9d8a8a43c94a9fd3,rig_3d24f62e769f9eae03564a1a,left,1772726567854188032,0.8484,train,False,,0|1|2|3,indoor,120101,8,False,8.4953,-4.288,2.2379,accepted_independent_pos_prior_at
img_3a87ece1cbe89f05808cde41,rig_9c5420c2dc4237861155c34a,right,1772726568354127872,0.8507,train,False,,1|2|3,indoor,151494,8,False,8.2247,-4.2969,2.2179,accepted_independent_pos_prior_at
img_1de04bfc85f49dfaa0d0a760,rig_9c5420c2dc4237861155c34a,left,1772726568354146048,0.8507,train,False,,0|1|2|3,indoor,151494,8,False,8.2247,-4.2969,2.2179,accepted_independent_pos_prior_at
img_50b23cb80cabf1841bac6f5c,rig_e7b87302ddd5eea841767532,right,1772726568854157056,0.8529,train,False,,1|2|3,indoor,168021,8,False,8.0222,-4.2331,2.2014,accepted_independent_pos_prior_at
img_066ac1dbdc61cd379421eeef,rig_e7b87302ddd5eea841767532,left,1772726568854172928,0.8529,train,False,,0|1|2|3,indoor,168021,8,False,8.0222,-4.2331,2.2014,accepted_independent_pos_prior_at
img_71a7ea5f418376a993b7afdc,rig_6c1ad393c23fd7273a74566c,right,1772726569354188032,0.8552,train,False,,1|2|3,indoor,167675,8,False,7.7845,-4.0445,2.1765,accepted_independent_pos_prior_at
img_03d3b8c62d66fac93b032a26,rig_6c1ad393c23fd7273a74566c,left,1772726569354202880,0.8552,train,False,,0|1|2|3,indoor,167675,8,False,7.7845,-4.0445,2.1765,accepted_independent_pos_prior_at
img_abcaa5cd6df859ada3b95e63,rig_707e643a791bb47a4463b704,right,1772726569854267904,0.8575,train,False,,1|2|3,indoor,145342,8,False,7.5766,-3.9278,2.132,accepted_independent_pos_prior_at
img_4777fe5d9cdf240d46e60bea,rig_707e643a791bb47a4463b704,left,1772726569854270976,0.8575,train,False,,0|1|2|3,indoor,145342,8,False,7.5766,-3.9278,2.132,accepted_independent_pos_prior_at
img_1966204401da23120883fd70,rig_185c950ddf4051317e0a520a,right,1772726570354244864,0.8597,train,False,,1|2|3,indoor,116664,8,False,7.3594,-3.8457,2.1068,accepted_independent_pos_prior_at
img_485cd4c5ca8d267f58fcc97d,rig_185c950ddf4051317e0a520a,left,1772726570354260992,0.8597,train,False,,0|1|2|3,indoor,116664,8,False,7.3594,-3.8457,2.1068,accepted_independent_pos_prior_at
img_bcc1fa7629c0cbff22cd2e32,rig_5942bb995bfef7e68350bdd4,right,1772726570854327808,0.862,train,False,,1|2|3,indoor,104096,8,False,7.2588,-3.7903,2.0728,accepted_independent_pos_prior_at
img_11466a5a9c6d1f4586f1c7d2,rig_5942bb995bfef7e68350bdd4,left,1772726570854331136,0.862,train,False,,0|1|2|3,indoor,104096,8,False,7.2588,-3.7903,2.0728,accepted_independent_pos_prior_at
img_cc38ed44cf7d949c28bae20e,rig_62b603365e4950b385b6def3,right,1772726571354300928,0.8643,train,False,,1|2|3,indoor,97883,8,False,7.2137,-3.7379,2.067,accepted_independent_pos_prior_at
img_5411aa9b437446a0c0642a33,rig_62b603365e4950b385b6def3,left,1772726571354317056,0.8643,train,False,,0|1|2|3,indoor,97883,8,False,7.2137,-3.7379,2.067,accepted_independent_pos_prior_at
img_4a55ba7140adf532c2944b6d,rig_9614504d089c4bd4339bcbf8,right,1772726571854328832,0.8665,train,False,,1|2|3,indoor,93328,8,False,7.1733,-3.7119,2.0679,accepted_independent_pos_prior_at
img_10c63029b85d03efbb6fd32d,rig_9614504d089c4bd4339bcbf8,left,1772726571854343936,0.8665,train,False,,0|1|2|3,indoor,93328,8,False,7.1733,-3.7119,2.0679,accepted_independent_pos_prior_at
img_e1b2fb3c5e8472dcbba00e23,rig_170506eedce2237ac07c901a,right,1772726572354413056,0.8688,train,False,,1|2|3,indoor,88866,8,False,7.1008,-3.7462,2.064,accepted_independent_pos_prior_at
img_3991b4dd0731c1ce6d644839,rig_170506eedce2237ac07c901a,left,1772726572354415872,0.8688,train,False,,0|1|3,indoor,88866,8,False,7.1008,-3.7462,2.064,accepted_independent_pos_prior_at
img_669111f98083cce643c39165,rig_3df5a96cc5f425ee41796945,right,1772726572854388992,0.871,train,False,,0|1|2|3,indoor,76314,8,False,6.9438,-3.8263,2.0695,accepted_independent_pos_prior_at
img_8d2055f12af7808e4abb1128,rig_3df5a96cc5f425ee41796945,left,1772726572854402048,0.871,train,False,,0|1|3,indoor,76314,8,False,6.9438,-3.8263,2.0695,accepted_independent_pos_prior_at
img_7cbe47c2fcf912025e6a1750,rig_e615de20b17fa11c9c697b26,right,1772726573354415872,0.8733,train,False,,0|1|2|3,indoor,66686,8,False,6.8333,-3.8728,2.08,accepted_independent_pos_prior_at
img_44fb2a201f01c452448f0215,rig_e615de20b17fa11c9c697b26,left,1772726573354430976,0.8733,train,False,,0|1|3,indoor,66686,8,False,6.8333,-3.8728,2.08,accepted_independent_pos_prior_at
img_59814f6dd62bb0daf23334d6,rig_f1394cd3b2ae3a8bd62a7396,right,1772726573854449152,0.8756,train,False,,0|1|2,indoor,58903,8,False,6.7283,-3.908,2.0864,accepted_independent_pos_prior_at
img_d415319caa70877985cc76c3,rig_f1394cd3b2ae3a8bd62a7396,left,1772726573854462976,0.8756,train,False,,0|1|3,indoor,58903,8,False,6.7283,-3.908,2.0864,accepted_independent_pos_prior_at
img_72ad41ba4c78ddfc7ef4dd7c,rig_1e23692547857c6754b68bdd,right,1772726574354477056,0.8778,train,False,,0|1|2,indoor,57877,8,False,6.7057,-3.9546,2.1,accepted_independent_pos_prior_at
img_f9eb2cffff53e048735a99bc,rig_1e23692547857c6754b68bdd,left,1772726574354490880,0.8778,train,False,,0|1|3,indoor,57877,8,False,6.7057,-3.9546,2.1,accepted_independent_pos_prior_at
img_a7702c940d1875989ae07bb5,rig_3b41916b103981a8eccd4f43,right,1772726574854508032,0.8801,train,False,,0|1|2,indoor,69880,8,False,6.8456,-4.0364,2.103,accepted_independent_pos_prior_at
img_524aae58b9d36d472cff225d,rig_3b41916b103981a8eccd4f43,left,1772726574854533888,0.8801,train,False,,0|1|3,indoor,69880,8,False,6.8456,-4.0364,2.103,accepted_independent_pos_prior_at
img_3a3f6e458912e59d4d103169,rig_fd5029fa6244f23a7f271048,right,1772726575354534912,0.8824,train,False,,0|1|2,indoor,97017,8,False,7.0944,-4.1227,2.1216,accepted_independent_pos_prior_at
img_745b8376779d3a40a84872e7,rig_fd5029fa6244f23a7f271048,left,1772726575354549760,0.8824,train,False,,0|1|3,indoor,97017,8,False,7.0944,-4.1227,2.1216,accepted_independent_pos_prior_at
img_d13775f3817c9aa225ed22ac,rig_73e81d3c113b311ca4494c65,right,1772726575854564864,0.8846,train,False,,0|1|2,indoor,128660,8,False,7.3268,-4.2707,2.1129,accepted_independent_pos_prior_at
img_e5e870cda39b6866c67e7fa1,rig_73e81d3c113b311ca4494c65,left,1772726575854580992,0.8846,train,False,,0|1|3,indoor,128660,8,False,7.3268,-4.2707,2.1129,accepted_independent_pos_prior_at
img_42034df9dc9f931dfaad45d6,rig_6283a32deb59e6bf9f3db3ae,right,1772726576354593024,0.8869,train,False,,0|1|2,indoor,127658,8,False,7.4414,-4.5756,2.079,accepted_independent_pos_prior_at
img_bb2a68f657118be7ff0b05ea,rig_6283a32deb59e6bf9f3db3ae,left,1772726576354608896,0.8869,train,False,,0|1|3,indoor,127658,8,False,7.4414,-4.5756,2.079,accepted_independent_pos_prior_at
img_b1eaa3cc3bdadd20836fdc60,rig_4bfe51f308b316471a58f4d3,right,1772726576854681856,0.8891,train,False,,0|1|2,indoor,107368,8,False,7.536,-4.8553,2.0368,accepted_independent_pos_prior_at
img_74efacc1aeb4fe0934adf511,rig_4bfe51f308b316471a58f4d3,left,1772726576854685952,0.8891,train,False,,0|1|3,indoor,107368,8,False,7.536,-4.8553,2.0368,accepted_independent_pos_prior_at
img_5fd035bec4171d6b6ba5975a,rig_87e502b4ef51672981b834d9,right,1772726577354654976,0.8914,train,False,,0|1|2,indoor,86404,8,False,7.6205,-5.1464,2.0353,accepted_independent_pos_prior_at
img_09089484c86c6333a69d214c,rig_87e502b4ef51672981b834d9,left,1772726577354671104,0.8914,train,False,,0|1|3,indoor,86404,8,False,7.6205,-5.1464,2.0353,accepted_independent_pos_prior_at
img_f89e0e1434c5b600664c93cc,rig_efef53661a0378ed55e2807f,right,1772726577854688000,0.8937,train,False,,0|1|2,indoor,96258,8,False,7.5913,-5.4492,1.9961,accepted_independent_pos_prior_at
img_6775eeb93e9fdc907d461bdf,rig_efef53661a0378ed55e2807f,left,1772726577854702080,0.8937,train,False,,0|1|3,indoor,96258,8,False,7.5913,-5.4492,1.9961,accepted_independent_pos_prior_at
img_7dcdf9e8d78797e6f40a6690,rig_4632608bd59f3269d67c0a56,right,1772726578354714880,0.8959,train,False,,0|1|2,indoor,119813,8,False,7.5391,-5.739,2.0026,accepted_independent_pos_prior_at
img_844c2dcd66a9f0b1ea61b610,rig_4632608bd59f3269d67c0a56,left,1772726578354730752,0.8959,train,False,,0|1|3,indoor,119813,8,False,7.5391,-5.739,2.0026,accepted_independent_pos_prior_at
img_c6f511fd619078aef91932cc,rig_6ac4fbfb6c11253d29172b3e,right,1772726578854806016,0.8982,train,False,,0|1|2,indoor,116600,8,False,7.5391,-6.056,2.0039,accepted_independent_pos_prior_at
img_3ecb1a5cb53e875c9a44c043,rig_6ac4fbfb6c11253d29172b3e,left,1772726578854810112,0.8982,train,False,,0|1|3,indoor,116600,8,False,7.5391,-6.056,2.0039,accepted_independent_pos_prior_at
img_43c0ea71b530e898a1a8a3bd,rig_5af663697925ca79c4a912c2,right,1772726579354812928,0.9005,train,False,,0|1|2,indoor,96027,8,False,7.5315,-6.3189,1.9899,accepted_independent_pos_prior_at
img_b32a46a681c9c410d35408e6,rig_5af663697925ca79c4a912c2,left,1772726579354814976,0.9005,train,False,,0|1|3,indoor,96027,8,False,7.5315,-6.3189,1.9899,accepted_independent_pos_prior_at
img_8c3e6079842882b7a563f29e,rig_3a1c49b0b99f45f0ffa75938,right,1772726579854802944,0.9027,train,False,,0|1|2,indoor,64533,8,False,7.5015,-6.6787,1.991,accepted_independent_pos_prior_at
img_6d97759db67f18d871487e44,rig_3a1c49b0b99f45f0ffa75938,left,1772726579854817792,0.9027,train,False,,0|1|3,indoor,64533,8,False,7.5015,-6.6787,1.991,accepted_independent_pos_prior_at
img_99068fd6187eaec18010aec9,rig_eab71990738eceee3836f663,right,1772726580354832896,0.905,train,False,,0|1|2,indoor,71956,8,False,7.5265,-6.9747,1.9899,accepted_independent_pos_prior_at
img_6f75eacf9361a6cb5df4799d,rig_eab71990738eceee3836f663,left,1772726580354848000,0.905,train,False,,0|3,indoor,71956,8,False,7.5265,-6.9747,1.9899,accepted_independent_pos_prior_at
img_587cbd925df8e3060b13d134,rig_9febeabbae3b97836920896c,right,1772726580854862080,0.9072,train,False,,0|1|2,indoor,77557,8,False,7.5598,-7.2534,1.9203,accepted_independent_pos_prior_at
img_ba1f9bf2a46929e6fb4e8ac2,rig_9febeabbae3b97836920896c,left,1772726580854876928,0.9072,train,False,,0|3,indoor,77557,8,False,7.5598,-7.2534,1.9203,accepted_independent_pos_prior_at
img_3039370f245c728e2420d10a,rig_9f4872e9303c818831e70a82,right,1772726581354892032,0.9095,train,False,,0|1|2,indoor,77175,8,False,7.61,-7.5102,1.7948,accepted_independent_pos_prior_at
img_51866d14b07dd3ca601a1cde,rig_9f4872e9303c818831e70a82,left,1772726581354907904,0.9095,train,False,,0|3,indoor,77175,8,False,7.61,-7.5102,1.7948,accepted_independent_pos_prior_at
img_579db4a7b14316cffd5a2b3f,rig_64ba07982d918ecf2f55417d,right,1772726581854920960,0.9118,train,False,,0|1|2,indoor,83140,8,False,7.6696,-7.8418,1.7077,accepted_independent_pos_prior_at
img_a7fc5741e568a245c780da9f,rig_64ba07982d918ecf2f55417d,left,1772726581854936832,0.9118,train,False,,0|3,indoor,83140,8,False,7.6696,-7.8418,1.7077,accepted_independent_pos_prior_at
img_a21e76e673caa3f2f9ac6c92,rig_1cc1bd00f27f66174cd517e6,right,1772726582354951936,0.914,train,False,,0|1|2,indoor,89406,8,False,7.695,-8.3206,1.7115,accepted_independent_pos_prior_at
img_fe23bdc2249b367294f2ad0b,rig_1cc1bd00f27f66174cd517e6,left,1772726582354969088,0.914,train,False,,0|3,indoor,89406,8,False,7.695,-8.3206,1.7115,accepted_independent_pos_prior_at
img_dcbc2d6867bbac2c09510fa0,rig_e869791fa28178aa7bf19129,right,1772726582855046912,0.9163,train,False,,0|1|2,indoor,103252,8,False,7.7646,-8.8621,1.7231,accepted_independent_pos_prior_at
img_2c48bbf509b38c8a6870501a,rig_e869791fa28178aa7bf19129,left,1772726582855049728,0.9163,train,False,,0|3,indoor,103252,8,False,7.7646,-8.8621,1.7231,accepted_independent_pos_prior_at
img_89dbae486825e8e491b2f107,rig_91fc1ab762411955ff6045b9,right,1772726583355017984,0.9186,train,False,,0|1|2,covered,69136,6,False,7.7194,-9.4224,1.7072,accepted_independent_pos_prior_at
img_ecdc8d808fcc0fa035b6e1e8,rig_91fc1ab762411955ff6045b9,left,1772726583355035136,0.9186,train,False,,0|3,covered,69136,6,False,7.7194,-9.4224,1.7072,accepted_independent_pos_prior_at
img_8e7406ac1d20129cfb445559,rig_f5d85a923d4d655269390443,right,1772726583855046912,0.9208,train,False,,0|1|2,covered,2900,5,False,7.6766,-9.9362,1.6734,accepted_independent_pos_prior_at
img_312d2eb9da835e3f76e2ca08,rig_f5d85a923d4d655269390443,left,1772726583855062016,0.9208,train,False,,0|3,covered,2900,5,False,7.6766,-9.9362,1.6734,accepted_independent_pos_prior_at
img_362f09e7739015207616d3d1,rig_358f66a96b2fd87a9bb34919,right,1772726584355077120,0.9231,train,False,,0|1|2,outdoor,0,5,False,7.5227,-10.346,1.6431,accepted_independent_pos_prior_at
img_d8f715c81a95d33e3447b123,rig_358f66a96b2fd87a9bb34919,left,1772726584355092992,0.9231,train,False,,0|3,outdoor,0,5,False,7.5227,-10.346,1.6431,accepted_independent_pos_prior_at
img_62bb470e8f17d63e54df8e2e,rig_d0fcdd798e9daefb6d44e850,right,1772726584855147008,0.9253,train,False,,0|1|2|3,outdoor,0,4,False,7.3901,-10.7838,1.6515,accepted_independent_pos_prior_at
img_bdfcb387bd32e009a83ba8d8,rig_d0fcdd798e9daefb6d44e850,left,1772726584855149056,0.9253,train,False,,0|3,outdoor,0,4,False,7.3901,-10.7838,1.6515,accepted_independent_pos_prior_at
img_c97b935806f8446352f5c059,rig_a76a9055d2df009d0a0f06fe,right,1772726585355197952,0.9276,train,False,,0|1|2|3,outdoor,0,4,False,7.3013,-11.1744,1.6535,accepted_independent_pos_prior_at
img_f12f321bac487a7477d9f8b2,rig_a76a9055d2df009d0a0f06fe,left,1772726585355202048,0.9276,train,False,,0|3,outdoor,0,4,False,7.3013,-11.1744,1.6535,accepted_independent_pos_prior_at
img_e76aadc0656e16023b5889f4,rig_e407ca7277d806fb33b09f51,right,1772726585855228928,0.9299,train,False,,0|1|2|3,outdoor,0,4,False,7.1739,-11.587,1.6717,accepted_independent_pos_prior_at
img_19f9a29e0653442b28934a1d,rig_e407ca7277d806fb33b09f51,left,1772726585855233024,0.9299,train,False,,0|3,outdoor,0,4,False,7.1739,-11.587,1.6717,accepted_independent_pos_prior_at
img_8a836ae7085e580269664f4b,rig_44a497d2cddd76ad8dc46b77,right,1772726586355254016,0.9321,train,False,,0|1|2|3,outdoor,0,4,False,7.1265,-12.0152,1.7043,accepted_independent_pos_prior_at
img_4409c7a08d9668bf891b56e4,rig_44a497d2cddd76ad8dc46b77,left,1772726586355255808,0.9321,train,False,,0|1|2,outdoor,0,4,False,7.1265,-12.0152,1.7043,accepted_independent_pos_prior_at
img_fa65b3aa880c9101e305af46,rig_d14b49b462a068a3c9a4ed3a,right,1772726586855226880,0.9344,train,False,,0|1|2|3,outdoor,0,3,False,7.083,-12.44,1.7282,accepted_independent_pos_prior_at
img_01a908951bd4dc96cb442bce,rig_d14b49b462a068a3c9a4ed3a,left,1772726586855243008,0.9344,train,False,,0|1|2,outdoor,0,3,False,7.083,-12.44,1.7282,accepted_independent_pos_prior_at
img_2fe71151d4c449e1d3233bb5,rig_7dd4daacf866047206cfc7cd,right,1772726587355255808,0.9367,train,False,,0|1|2|3,outdoor,0,3,False,7.0272,-12.9345,1.7614,accepted_independent_pos_prior_at
img_9fdb192a6cce5207a022ddf4,rig_7dd4daacf866047206cfc7cd,left,1772726587355271936,0.9367,train,False,,0|1|2,outdoor,0,3,False,7.0272,-12.9345,1.7614,accepted_independent_pos_prior_at
img_13691d7391a8be50b061c1b3,rig_dee50a77658b8fc7cdc87a21,right,1772726587855288064,0.9389,train,False,,0|1|2|3,outdoor,0,2,False,7.0352,-13.3754,1.7904,accepted_independent_pos_prior_at
img_7c515910e5b2babce47b2d20,rig_dee50a77658b8fc7cdc87a21,left,1772726587855303168,0.9389,train,False,,0|1|2,outdoor,0,2,False,7.0352,-13.3754,1.7904,accepted_independent_pos_prior_at
img_86575fe5a65f1c1856691512,rig_325fa81b9d3269e8ec77d8ed,right,1772726588355316992,0.9412,train,False,,0|1|2|3,outdoor,0,2,False,6.9965,-13.7738,1.8096,accepted_independent_pos_prior_at
img_a3cc951b233b580ed90eef07,rig_325fa81b9d3269e8ec77d8ed,left,1772726588355331840,0.9412,train,False,,0|1|2,outdoor,0,2,False,6.9965,-13.7738,1.8096,accepted_independent_pos_prior_at
img_5ef19597a38170b745e3d0e8,rig_284fb60ef0905080016bbb13,right,1772726588855346944,0.9434,train,False,,0|1|3,outdoor,0,2,False,7.078,-14.2073,1.8366,accepted_independent_pos_prior_at
img_beb01b280b14e79f616ea854,rig_284fb60ef0905080016bbb13,left,1772726588855362048,0.9434,train,False,,0|1|2,outdoor,0,2,False,7.078,-14.2073,1.8366,accepted_independent_pos_prior_at
img_c945937fd972cd35ccc3f927,rig_08081db25aa286b3c2771e0f,right,1772726589355375104,0.9457,train,False,,0|1|2|3,outdoor,0,1,False,7.2342,-14.5439,1.8255,accepted_independent_pos_prior_at
img_a81fedc93cf86c096628e077,rig_08081db25aa286b3c2771e0f,left,1772726589355390976,0.9457,train,False,,0|1|2,outdoor,0,1,False,7.2342,-14.5439,1.8255,accepted_independent_pos_prior_at
img_3ac01cda397a4cc40e9e6616,rig_4913278e27738ee2d6dd6368,right,1772726589855403776,0.948,train,False,,0|3,outdoor,0,1,False,7.3913,-14.8866,1.8328,accepted_independent_pos_prior_at
img_49cecc6b7a7ebcfb56922fe8,rig_4913278e27738ee2d6dd6368,left,1772726589855419904,0.948,train,False,,0|1|2,outdoor,0,1,False,7.3913,-14.8866,1.8328,accepted_independent_pos_prior_at
img_b051feaa1d7f5d42e0047343,rig_ddb2dc46864d9ccf8bbf6717,right,1772726590355437056,0.9502,train,False,,0|3,outdoor,0,1,False,7.484,-15.1813,1.8262,accepted_independent_pos_prior_at
img_dfbaef61d9e8160adafd7543,rig_ddb2dc46864d9ccf8bbf6717,left,1772726590355452160,0.9502,train,False,,0|1|2|3,outdoor,0,1,False,7.484,-15.1813,1.8262,accepted_independent_pos_prior_at
img_7d2a5bc3e40f82f3d13b4a0d,rig_522ee9fc76480605b197e81b,right,1772726590855462912,0.9525,train,False,,0|3,outdoor,0,0,False,7.625,-15.4485,1.7805,accepted_independent_pos_prior_at
img_75a30ee17616282a88941ad2,rig_522ee9fc76480605b197e81b,left,1772726590855480064,0.9525,train,False,,0|1|2,outdoor,0,0,False,7.625,-15.4485,1.7805,accepted_independent_pos_prior_at
img_4c0792163a6966f5a8e1cf2f,rig_d87764c773928f6cedabc5b1,right,1772726591355494144,0.9548,train,False,,0|3,outdoor,0,0,False,7.7384,-15.7497,1.7343,accepted_independent_pos_prior_at
img_a70b864456069a8a04299a32,rig_d87764c773928f6cedabc5b1,left,1772726591355510016,0.9548,train,False,,0|1|2,outdoor,0,0,False,7.7384,-15.7497,1.7343,accepted_independent_pos_prior_at
img_7755967d0102f125faed8b27,rig_ff90e80b9b81ea3540b051b3,right,1772726591855524096,0.957,train,False,,0|3,outdoor,0,0,False,7.8374,-16.0051,1.6932,accepted_independent_pos_prior_at
img_c1e12f0629dd3d406e51c28a,rig_ff90e80b9b81ea3540b051b3,left,1772726591855539968,0.957,train,False,,0|1|2,outdoor,0,0,False,7.8374,-16.0051,1.6932,accepted_independent_pos_prior_at
img_457eb49193ea77999deda763,rig_76ea8904683bf37063ee2987,right,1772726592355553792,0.9593,train,False,,0|2|3,outdoor,0,0,False,8.0341,-16.1041,1.6761,accepted_independent_pos_prior_at
img_4d9c2a8e76e687e5179a2990,rig_76ea8904683bf37063ee2987,left,1772726592355569920,0.9593,train,False,,0|1|2,outdoor,0,0,False,8.0341,-16.1041,1.6761,accepted_independent_pos_prior_at
img_bd0554e5df5436ff7dc3ffa3,rig_a14eac5361ec93600b1d4f72,right,1772726592855634944,0.9615,train,False,,0|3,outdoor,0,0,False,8.215,-16.2231,1.721,accepted_independent_pos_prior_at
img_738d35da53c08f4a598d2f51,rig_a14eac5361ec93600b1d4f72,left,1772726592855638016,0.9615,train,False,,0|1|2|3,outdoor,0,0,False,8.215,-16.2231,1.721,accepted_independent_pos_prior_at
img_24c2a995e3fcebf84f29eaa8,rig_ba5318699c629cc66af87c63,right,1772726593355615744,0.9638,train,False,,0|3,outdoor,0,0,False,8.4313,-16.3549,1.7924,accepted_independent_pos_prior_at
img_654224d56a5a5fc52b21d876,rig_ba5318699c629cc66af87c63,left,1772726593355632128,0.9638,train,False,,0|1|2|3,outdoor,0,0,False,8.4313,-16.3549,1.7924,accepted_independent_pos_prior_at
img_4747428218324686ba86d51f,rig_1ab5226f8da5570f953ba492,right,1772726593855644928,0.9661,train,False,,0|3,outdoor,0,0,False,8.8216,-16.3668,1.8196,accepted_independent_pos_prior_at
img_103dec49eddc71b8b42bba6d,rig_1ab5226f8da5570f953ba492,left,1772726593855660800,0.9661,train,False,,0|1|2|3,outdoor,0,0,False,8.8216,-16.3668,1.8196,accepted_independent_pos_prior_at
img_c065ef0536968532c5e2bc02,rig_9fa7fdd6dfcf10b571e64ed2,right,1772726594355675904,0.9683,train,False,,3,outdoor,0,0,False,9.0807,-16.1893,1.8186,accepted_independent_pos_prior_at
img_f029e0f1f983d146f96286a0,rig_9fa7fdd6dfcf10b571e64ed2,left,1772726594355692032,0.9683,train,False,,0|1|2|3,outdoor,0,0,False,9.0807,-16.1893,1.8186,accepted_independent_pos_prior_at
img_ba6950cf6a646f152c71b8b6,rig_137f7ca11f3ce7fff3502d2f,right,1772726594855705856,0.9706,train,False,,3,outdoor,0,0,False,9.2484,-15.9192,1.8034,accepted_independent_pos_prior_at
img_304b50c95ed848aecc410e2d,rig_137f7ca11f3ce7fff3502d2f,left,1772726594855721984,0.9706,train,False,,0|1|2|3,outdoor,0,0,False,9.2484,-15.9192,1.8034,accepted_independent_pos_prior_at
img_e976c5741cfe298b0280b28c,rig_f6c0a409ad2a6f05349ec701,right,1772726595355772928,0.9729,train,False,,3,outdoor,0,0,False,9.4206,-15.691,1.7544,accepted_independent_pos_prior_at
img_1b406da0e87bb6871507e4a4,rig_f6c0a409ad2a6f05349ec701,left,1772726595355776000,0.9729,train,False,,0|1|2,outdoor,0,0,False,9.4206,-15.691,1.7544,accepted_independent_pos_prior_at
img_0e3dd50d94474712343fd59f,rig_a76b62550f78b1898ad49484,right,1772726595855809024,0.9751,train,False,,3,outdoor,0,1,False,9.4866,-15.5356,1.7068,accepted_independent_pos_prior_at
img_bce41815c3435d5918fa786f,rig_a76b62550f78b1898ad49484,left,1772726595855812096,0.9751,train,False,,0|1|2,outdoor,0,1,False,9.4866,-15.5356,1.7068,accepted_independent_pos_prior_at
img_e9f6e97739a0b71ce57240a3,rig_ffd93b45a7c8eb804dca964f,right,1772726596355837952,0.9774,train,False,,3,outdoor,0,1,False,9.5059,-15.4291,1.7213,accepted_independent_pos_prior_at
img_72b0880469760869c633c6c8,rig_ffd93b45a7c8eb804dca964f,left,1772726596355841024,0.9774,train,False,,0|1|2,outdoor,0,1,False,9.5059,-15.4291,1.7213,accepted_independent_pos_prior_at
img_63edf459d2337c0842d81e38,rig_953c741586a8c1e2764492f2,right,1772726596855826944,0.9796,train,False,,3,outdoor,0,1,False,9.5048,-15.3239,1.6599,accepted_independent_pos_prior_at
img_017105047612fa06bd54d2a9,rig_953c741586a8c1e2764492f2,left,1772726596855841792,0.9796,train,False,,0|1|2,outdoor,0,1,False,9.5048,-15.3239,1.6599,accepted_independent_pos_prior_at
img_4fab7bc3a27f5b81c484839c,rig_5b86fc4cc527019cc1bbe3e0,right,1772726597355855872,0.9819,train,False,,3,outdoor,0,1,False,9.4299,-15.0668,1.4314,accepted_independent_pos_prior_at
img_ace39114ea6e3dc2c06be34b,rig_5b86fc4cc527019cc1bbe3e0,left,1772726597355872000,0.9819,train,False,,0|1|2|3,outdoor,0,1,False,9.4299,-15.0668,1.4314,accepted_independent_pos_prior_at
img_85e78662bf093fa213534df1,rig_a576337316816313a8efe5fa,right,1772726597855890944,0.9842,train,False,,0|1|2|3,outdoor,0,2,False,9.4143,-14.6659,1.0625,accepted_independent_pos_prior_at
img_d9a7c8becf1e2afe7e043c05,rig_a576337316816313a8efe5fa,left,1772726597855902976,0.9842,train,False,,0|1|2,outdoor,0,2,False,9.4143,-14.6659,1.0625,accepted_independent_pos_prior_at
img_b49a7a00f760704e50863571,rig_c6d39b13c662c182cb5e41b6,right,1772726598355917056,0.9864,train,False,,0|1|2|3,indoor,754,8,False,9.4082,-14.4877,0.6604,accepted_independent_pos_prior_at
img_8bdef04bbeeb5f84aab07251,rig_c6d39b13c662c182cb5e41b6,left,1772726598355931904,0.9864,train,False,,0|1|2,indoor,754,8,False,9.4082,-14.4877,0.6604,accepted_independent_pos_prior_at
img_0270831497d17f59f1c3de3e,rig_8b13c74411784e7525ca0187,right,1772726598855995904,0.9887,train,False,,0|1|2|3,indoor,1697,8,False,9.3931,-14.4589,0.5982,accepted_independent_pos_prior_at
img_f62c18a51fe6eeab821492db,rig_8b13c74411784e7525ca0187,left,1772726598855998976,0.9887,train,False,,0|1|2,indoor,1697,8,False,9.3931,-14.4589,0.5982,accepted_independent_pos_prior_at
img_4d472e322a81763c2fd0b666,rig_b9e77c1689a5f6e9a74cc126,right,1772726599355980032,0.991,train,False,,0|1|2|3,stationary_unresolved,1725,8,True,9.3891,-14.4559,0.5953,accepted_independent_pos_prior_at
img_08be8925fb80bbea018fd25a,rig_b9e77c1689a5f6e9a74cc126,left,1772726599355994880,0.991,train,False,,0|1|2,stationary_unresolved,1725,8,True,9.3891,-14.4559,0.5953,accepted_independent_pos_prior_at
img_90c01a0a342d72f043a54865,rig_69c65f7075f6f69eff3108cd,right,1772726599856006912,0.9932,train,False,,0|1|2|3,stationary_unresolved,1725,8,True,9.389,-14.4559,0.5952,accepted_independent_pos_prior_at
img_245cad044e9f3a264ef1987a,rig_69c65f7075f6f69eff3108cd,left,1772726599856021760,0.9932,train,False,,0|1|2,stationary_unresolved,1725,8,True,9.389,-14.4559,0.5952,accepted_independent_pos_prior_at
img_98fbe7ea8fe6d8ecf2b8b9d7,rig_2dcb1105a9bc83267ba2531f,right,1772726600356036864,0.9955,train,False,,0|1|2|3,stationary_unresolved,1725,8,True,9.389,-14.4559,0.5953,accepted_independent_pos_prior_at
img_99b7912c3fb02b71077e5347,rig_2dcb1105a9bc83267ba2531f,left,1772726600356051968,0.9955,train,False,,0|1|2,stationary_unresolved,1725,8,True,9.389,-14.4559,0.5953,accepted_independent_pos_prior_at
img_cbaa2ed931cc075f3b1eb8f6,rig_ccb968cc149a169e0aeab8b0,right,1772726600856066816,0.9977,train,False,,0|1|2|3,stationary_unresolved,1725,8,True,9.389,-14.4558,0.5953,accepted_independent_pos_prior_at
img_5f4b3c215e0cb99dc6bba658,rig_ccb968cc149a169e0aeab8b0,left,1772726600856082944,0.9977,train,False,,0|1|2,stationary_unresolved,1725,8,True,9.389,-14.4558,0.5953,accepted_independent_pos_prior_at
img_1bc6af48816e6b6269928548,rig_0deca8a3105fec84911844ac,right,1772726601356096000,1.0,train,False,,0|1|2|3,stationary_unresolved,1725,8,True,9.3891,-14.4558,0.5953,accepted_independent_pos_prior_at
img_b6ba74c87f4094b04dbb2f59,rig_0deca8a3105fec84911844ac,left,1772726601356112128,1.0,train,False,,0|1|2,stationary_unresolved,1725,8,True,9.3891,-14.4558,0.5953,accepted_independent_pos_prior_at
