region,tile,point_index,n_views,luma_mean_raw,luma_cv_raw,luma_logstd_raw,luma_min_raw,luma_max_raw,rgb_std_mean_raw,range_median_m,n_views_learned,luma_cv_learned,luma_cv_raw_paired_learned,luma_logstd_learned,luma_logstd_raw_paired_learned,rgb_std_mean_learned,n_views_per_camera_mean,luma_cv_per_camera_mean,luma_cv_raw_paired_per_camera_mean,luma_logstd_per_camera_mean,luma_logstd_raw_paired_per_camera_mean,rgb_std_mean_per_camera_mean,n_views_per_camera_time_block_10s,luma_cv_per_camera_time_block_10s,luma_cv_raw_paired_per_camera_time_block_10s,luma_logstd_per_camera_time_block_10s,luma_logstd_raw_paired_per_camera_time_block_10s,rgb_std_mean_per_camera_time_block_10s,n_views_per_camera_time_block_20s,luma_cv_per_camera_time_block_20s,luma_cv_raw_paired_per_camera_time_block_20s,luma_logstd_per_camera_time_block_20s,luma_logstd_raw_paired_per_camera_time_block_20s,rgb_std_mean_per_camera_time_block_20s,n_views_per_camera_time_block_60s,luma_cv_per_camera_time_block_60s,luma_cv_raw_paired_per_camera_time_block_60s,luma_logstd_per_camera_time_block_60s,luma_logstd_raw_paired_per_camera_time_block_60s,rgb_std_mean_per_camera_time_block_60s,n_views_oracle_per_image,luma_cv_oracle_per_image,luma_cv_raw_paired_oracle_per_image,luma_logstd_oracle_per_image,luma_logstd_raw_paired_oracle_per_image,rgb_std_mean_oracle_per_image,n_views_oracle_per_image_tile_views,luma_cv_oracle_per_image_tile_views,luma_cv_raw_paired_oracle_per_image_tile_views,luma_logstd_oracle_per_image_tile_views,luma_logstd_raw_paired_oracle_per_image_tile_views,rgb_std_mean_oracle_per_image_tile_views
indoor_door_leaf_Tile_1,Tile_1,0,127,63.975,0.520099,0.461298,18.37,197.521,33.9082,6.02888,127,0.374293,0.520099,0.363233,0.461298,24.5592,127,0.522824,0.520099,0.466412,0.461298,38.3826,127,0.43738,0.520099,0.40218,0.461298,29.9191,127,0.441822,0.520099,0.407634,0.461298,30.387,127,0.534214,0.520099,0.453109,0.461298,39.5477,127,0.184127,0.520099,0.179036,0.461298,12.6207,127,0.184127,0.520099,0.179036,0.461298,12.6207
indoor_door_leaf_Tile_1,Tile_1,1,126,64.9136,0.51289,0.472228,19.37,155.484,33.8567,6.0459,126,0.357613,0.51289,0.372998,0.472228,23.8303,126,0.515401,0.51289,0.47673,0.472228,38.3113,126,0.430302,0.51289,0.408636,0.472228,29.7112,126,0.438845,0.51289,0.418683,0.472228,30.5085,126,0.528546,0.51289,0.471059,0.472228,39.6766,126,0.184197,0.51289,0.187183,0.472228,12.4697,126,0.184197,0.51289,0.187183,0.472228,12.4697
indoor_door_leaf_Tile_1,Tile_1,2,126,63.5796,0.512177,0.449602,18.441,197.521,33.1557,6.08086,126,0.366504,0.512177,0.354175,0.449602,24.0458,126,0.514801,0.512177,0.45411,0.449602,37.5255,126,0.430995,0.512177,0.393881,0.449602,29.3249,126,0.43566,0.512177,0.399359,0.449602,29.8007,126,0.526843,0.512177,0.443754,0.449602,38.6901,126,0.16763,0.512177,0.164028,0.449602,11.5337,126,0.16763,0.512177,0.164028,0.449602,11.5337
indoor_door_leaf_Tile_1,Tile_1,3,60,110.977,0.431318,0.596195,15.929,195.635,47.3212,3.04972,60,0.39844,0.431318,0.54714,0.596195,41.4168,60,0.428024,0.431318,0.592961,0.596195,52.3857,60,0.386521,0.431318,0.515705,0.596195,40.6811,60,0.402777,0.431318,0.522806,0.596195,43.3295,60,0.416519,0.431318,0.568893,0.596195,48.9087,60,0.136053,0.431318,0.153265,0.596195,10.6248,60,0.136053,0.431318,0.153265,0.596195,10.6248
indoor_door_leaf_Tile_1,Tile_1,4,120,66.4663,0.467595,0.426765,15.929,197.852,31.6843,6.12203,120,0.341343,0.467595,0.346481,0.426765,23.9707,120,0.470015,0.467595,0.431022,0.426765,35.8664,120,0.400685,0.467595,0.38234,0.426765,28.6897,120,0.400838,0.467595,0.384529,0.426765,28.8308,120,0.481995,0.467595,0.420013,0.426765,36.8459,120,0.182017,0.467595,0.189083,0.426765,13.1649,120,0.182017,0.467595,0.189083,0.426765,13.1649
indoor_door_leaf_Tile_1,Tile_1,5,133,62.1251,0.525419,0.483993,19.37,165.14,33.1089,6.13967,133,0.377671,0.525419,0.383808,0.483993,23.8252,133,0.528033,0.525419,0.488197,0.483993,37.4688,133,0.443137,0.525419,0.428514,0.483993,29.2823,133,0.452271,0.525419,0.436566,0.483993,30.0305,133,0.540115,0.525419,0.482373,0.483993,38.6538,133,0.206346,0.525419,0.209106,0.483993,13.406,133,0.206346,0.525419,0.209106,0.483993,13.406
indoor_door_leaf_Tile_1,Tile_1,6,116,68.339,0.475683,0.408719,18.837,197.624,33.1689,6.11566,116,0.338258,0.475683,0.324476,0.408719,24.6036,116,0.477938,0.475683,0.412404,0.408719,37.5276,116,0.405469,0.475683,0.36344,0.408719,29.8908,116,0.404167,0.475683,0.367253,0.408719,29.9204,116,0.49383,0.475683,0.404516,0.408719,38.9003,116,0.178558,0.475683,0.182818,0.408719,13.2154,116,0.178558,0.475683,0.182818,0.408719,13.2154
indoor_door_leaf_Tile_1,Tile_1,7,120,73.7805,0.48395,0.420225,23.641,203.923,36.1798,5.87043,120,0.323628,0.48395,0.309691,0.420225,24.6223,120,0.486013,0.48395,0.423371,0.420225,40.9262,120,0.406371,0.48395,0.368342,0.420225,31.7885,120,0.408806,0.48395,0.375447,0.420225,32.1502,120,0.506373,0.48395,0.421476,0.420225,42.9156,120,0.175647,0.48395,0.183635,0.420225,13.097,120,0.175647,0.48395,0.183635,0.420225,13.097
indoor_door_leaf_Tile_1,Tile_1,8,62,101.101,0.387236,0.497153,15.342,176.057,38.9638,3.15949,62,0.315293,0.387236,0.423016,0.497153,29.4884,62,0.384019,0.387236,0.493385,0.497153,43.1365,62,0.3351,0.387236,0.428244,0.497153,32.8006,62,0.336801,0.387236,0.428647,0.497153,33.474,62,0.375142,0.387236,0.474201,0.497153,39.9186,62,0.144121,0.387236,0.162657,0.497153,10.9304,62,0.144121,0.387236,0.162657,0.497153,10.9304
indoor_door_leaf_Tile_1,Tile_1,9,117,70.0059,0.425244,0.417296,19.299,161.968,30.2477,5.98333,117,0.289745,0.425244,0.322417,0.417296,21.3996,117,0.427438,0.425244,0.420081,0.417296,34.231,117,0.358753,0.425244,0.371685,0.417296,26.9144,117,0.372359,0.425244,0.384363,0.417296,28.1145,117,0.442391,0.425244,0.423917,0.417296,35.6368,117,0.182318,0.425244,0.194734,0.417296,13.475,117,0.182318,0.425244,0.194734,0.417296,13.475
indoor_door_leaf_Tile_1,Tile_1,10,130,57.0696,0.551091,0.52003,18.299,169.779,32.0962,6.21964,130,0.431464,0.551091,0.439818,0.52003,25.513,130,0.553698,0.551091,0.523558,0.52003,36.3068,130,0.481173,0.551091,0.481414,0.52003,29.641,130,0.487926,0.551091,0.484101,0.52003,30.1671,130,0.560357,0.551091,0.511138,0.52003,36.9113,130,0.267374,0.551091,0.296918,0.52003,16.3595,130,0.267374,0.551091,0.296918,0.52003,16.3595
indoor_door_leaf_Tile_1,Tile_1,11,125,68.5591,0.501399,0.436686,14.527,204.026,34.7861,6.22292,125,0.357566,0.501399,0.36865,0.436686,25.6436,125,0.503928,0.501399,0.440677,0.436686,39.3591,125,0.426064,0.501399,0.40107,0.436686,31.3171,125,0.425584,0.501399,0.401395,0.436686,31.3753,125,0.519109,0.501399,0.432669,0.436686,40.7622,125,0.189774,0.501399,0.195873,0.436686,14.112,125,0.189774,0.501399,0.195873,0.436686,14.112
indoor_door_leaf_Tile_1,Tile_1,12,122,63.9861,0.47588,0.41244,14.826,203.613,31.1528,6.2842,122,0.365325,0.47588,0.371467,0.41244,25.3915,122,0.47847,0.47588,0.416336,0.41244,35.2541,122,0.413747,0.47588,0.388831,0.41244,29.061,122,0.408288,0.47588,0.385824,0.41244,28.7455,122,0.487658,0.47588,0.402554,0.41244,35.9757,122,0.197774,0.47588,0.20352,0.41244,14.4511,122,0.197774,0.47588,0.20352,0.41244,14.4511
indoor_door_leaf_Tile_1,Tile_1,13,68,103.276,0.444267,0.644311,14.114,188.918,45.1033,3.14829,68,0.395611,0.444267,0.578579,0.644311,37.9763,68,0.442091,0.444267,0.643169,0.644311,50.0703,68,0.391958,0.444267,0.556371,0.644311,38.4727,68,0.403558,0.444267,0.56423,0.644311,40.5775,68,0.43338,0.444267,0.618136,0.644311,47.0435,68,0.135269,0.444267,0.155896,0.644311,10.8934,68,0.135269,0.444267,0.155896,0.644311,10.8934
indoor_door_leaf_Tile_1,Tile_1,14,125,61.362,0.411016,0.432033,14.712,152.409,25.9619,6.29442,125,0.325365,0.411016,0.385443,0.432033,21.8092,125,0.41332,0.411016,0.436223,0.432033,29.3808,125,0.357537,0.411016,0.391916,0.432033,24.2045,125,0.368028,0.411016,0.399335,0.432033,25.019,125,0.423056,0.411016,0.43235,0.432033,30.156,125,0.177673,0.411016,0.196028,0.432033,12.5797,125,0.177673,0.411016,0.196028,0.432033,12.5797
indoor_door_leaf_Tile_1,Tile_1,15,70,108.819,0.472163,0.660309,14.712,255,50.9611,3.62959,70,0.442428,0.472163,0.623984,0.660309,45.0544,70,0.467235,0.472163,0.657027,0.660309,56.0548,70,0.425236,0.472163,0.571146,0.660309,44.3433,70,0.469413,0.472163,0.599583,0.660309,51.5433,70,0.461634,0.472163,0.630516,0.660309,53.4395,70,0.152122,0.472163,0.150609,0.660309,12.447,70,0.152122,0.472163,0.150609,0.660309,12.447
indoor_door_leaf_Tile_1,Tile_1,16,131,58.4754,0.474399,0.46608,19.652,170.026,28.4848,6.49218,131,0.388217,0.474399,0.408873,0.46608,24.2902,131,0.477216,0.474399,0.470829,0.46608,32.2516,131,0.410129,0.474399,0.417668,0.46608,26.3322,131,0.419604,0.474399,0.42703,0.46608,27.033,131,0.487284,0.474399,0.466207,0.46608,33.1404,131,0.221128,0.474399,0.234097,0.46608,14.5859,131,0.221128,0.474399,0.234097,0.46608,14.5859
indoor_door_leaf_Tile_1,Tile_1,17,121,70.1829,0.480356,0.4532,13.826,199.151,34.2868,6.14778,121,0.346165,0.480356,0.386248,0.4532,25.7505,121,0.482484,0.480356,0.458375,0.4532,38.7834,121,0.411827,0.480356,0.40295,0.4532,31.0982,121,0.407579,0.480356,0.401407,0.4532,30.9001,121,0.502993,0.480356,0.448042,0.4532,40.5519,121,0.21354,0.480356,0.217403,0.4532,15.8407,121,0.21354,0.480356,0.217403,0.4532,15.8407
indoor_door_leaf_Tile_1,Tile_1,18,127,63.655,0.418407,0.424396,15.712,168.2,27.387,6.29225,127,0.333756,0.418407,0.381532,0.424396,23.1317,127,0.420947,0.418407,0.428818,0.424396,31.0128,127,0.361276,0.418407,0.384514,0.424396,25.3153,127,0.367041,0.418407,0.388497,0.424396,25.8165,127,0.43235,0.418407,0.423498,0.424396,31.9281,127,0.175311,0.418407,0.191125,0.424396,12.7132,127,0.175311,0.418407,0.191125,0.424396,12.7132
indoor_door_leaf_Tile_1,Tile_1,19,44,126.323,0.343489,0.59514,14.228,192.155,45.258,2.91351,44,0.312662,0.343489,0.547524,0.59514,38.0319,44,0.342821,0.343489,0.594681,0.59514,50.283,44,0.325786,0.343489,0.5342,0.59514,40.2947,44,0.327517,0.343489,0.532837,0.59514,41.4606,44,0.323272,0.343489,0.554198,0.59514,44.2904,44,0.0668703,0.343489,0.0671167,0.59514,5.82953,44,0.0668703,0.343489,0.0671167,0.59514,5.82953
indoor_door_leaf_Tile_1,Tile_1,20,127,62.3457,0.47093,0.455644,14.712,172.745,30.006,6.30621,127,0.365964,0.47093,0.404044,0.455644,24.6545,127,0.473205,0.47093,0.459895,0.455644,33.9388,127,0.411463,0.47093,0.411966,0.455644,27.9848,127,0.412719,0.47093,0.41578,0.455644,28.1704,127,0.491918,0.47093,0.458491,0.455644,35.4439,127,0.201991,0.47093,0.214409,0.455644,13.9785,127,0.201991,0.47093,0.214409,0.455644,13.9785
indoor_door_leaf_Tile_1,Tile_1,21,59,95.4977,0.501556,0.671426,15.712,155.594,46.777,2.97713,59,0.480645,0.501556,0.636727,0.671426,44.056,59,0.497745,0.501556,0.669744,0.671426,51.8247,59,0.442972,0.501556,0.58041,0.671426,40.4256,59,0.452523,0.501556,0.58529,0.671426,41.6215,59,0.481015,0.501556,0.637798,0.671426,47.8135,59,0.199823,0.501556,0.210747,0.671426,14.8123,59,0.199823,0.501556,0.210747,0.671426,14.8123
indoor_door_leaf_Tile_1,Tile_1,22,126,57.6953,0.496596,0.479536,11.929,206.592,29.6094,6.12116,126,0.414502,0.496596,0.449037,0.479536,26.2865,126,0.498839,0.496596,0.482847,0.479536,33.4772,126,0.445353,0.496596,0.461056,0.479536,28.479,126,0.439297,0.496596,0.45511,0.479536,28.1879,126,0.509692,0.496596,0.471291,0.479536,34.185,126,0.284884,0.496596,0.328332,0.479536,18.5634,126,0.284884,0.496596,0.328332,0.479536,18.5634
indoor_door_leaf_Tile_1,Tile_1,23,127,65.3842,0.455404,0.417668,18.228,189.151,30.3909,6.4033,127,0.343033,0.455404,0.37197,0.417668,23.9908,127,0.458016,0.455404,0.422283,0.417668,34.3973,127,0.386019,0.455404,0.371682,0.417668,27.5216,127,0.387365,0.455404,0.37534,0.417668,27.7113,127,0.474581,0.455404,0.419825,0.417668,35.9477,127,0.17755,0.455404,0.18059,0.417668,12.8147,127,0.17755,0.455404,0.18059,0.417668,12.8147
indoor_door_leaf_Tile_1,Tile_1,24,46,125.008,0.325955,0.561018,15.157,188.579,42.3766,2.41962,46,0.315417,0.325955,0.519173,0.561018,36.3201,46,0.325882,0.325955,0.561681,0.561018,47.2798,46,0.30675,0.325955,0.497687,0.561018,37.3548,46,0.30708,0.325955,0.493796,0.561018,38.0141,46,0.310616,0.325955,0.52435,0.561018,42.7098,46,0.0948005,0.325955,0.10255,0.561018,7.45392,46,0.0948005,0.325955,0.10255,0.561018,7.45392
indoor_door_leaf_Tile_1,Tile_1,25,49,121.074,0.365929,0.682369,11.043,189.754,45.5126,2.82655,49,0.351973,0.365929,0.640059,0.682369,39.4733,49,0.367163,0.365929,0.684442,0.682369,50.9399,49,0.341965,0.365929,0.608041,0.682369,39.9832,49,0.341192,0.365929,0.603645,0.682369,40.5039,49,0.355876,0.365929,0.646997,0.682369,46.7634,49,0.108478,0.365929,0.114472,0.682369,7.99755,49,0.108478,0.365929,0.114472,0.682369,7.99755
indoor_door_leaf_Tile_1,Tile_1,26,56,86.9526,0.434546,0.622297,10.929,172.573,37.4638,3.05692,56,0.385358,0.434546,0.559217,0.622297,30.7595,56,0.43503,0.434546,0.622682,0.622297,41.899,56,0.384607,0.434546,0.539069,0.622297,31.8036,56,0.383305,0.434546,0.53584,0.622297,32.0703,56,0.451614,0.434546,0.599586,0.622297,41.7712,56,0.145577,0.434546,0.141279,0.622297,8.90482,56,0.145577,0.434546,0.141279,0.622297,8.90482
indoor_door_leaf_Tile_1,Tile_1,27,126,64.2537,0.485929,0.448332,17.484,192.439,31.6872,6.43437,126,0.363136,0.485929,0.386355,0.448332,24.6123,126,0.488649,0.485929,0.453371,0.448332,35.8676,126,0.412626,0.485929,0.395311,0.448332,28.632,126,0.415141,0.485929,0.400106,0.448332,28.9064,126,0.50443,0.485929,0.448528,0.448332,37.3655,126,0.172816,0.485929,0.184434,0.448332,12.2003,126,0.172816,0.485929,0.184434,0.448332,12.2003
indoor_door_leaf_Tile_1,Tile_1,28,48,120.183,0.356298,0.680866,10.989,180.489,43.8338,2.82609,48,0.353854,0.356298,0.641908,0.680866,39.2992,48,0.357022,0.356298,0.682877,0.680866,48.9781,48,0.335316,0.356298,0.603569,0.680866,38.3978,48,0.333259,0.356298,0.598083,0.680866,38.7109,48,0.346196,0.356298,0.645529,0.680866,44.9013,48,0.103116,0.356298,0.113054,0.680866,7.49729,48,0.103116,0.356298,0.113054,0.680866,7.49729
indoor_door_leaf_Tile_1,Tile_1,29,53,99.8753,0.48549,0.684309,14.712,163.06,47.7942,2.93957,53,0.477084,0.48549,0.653756,0.684309,44.4948,53,0.483897,0.48549,0.682789,0.684309,53.1754,53,0.432358,0.48549,0.590947,0.684309,40.9727,53,0.434507,0.48549,0.592975,0.684309,41.5109,53,0.475365,0.48549,0.65156,0.684309,50.2006,53,0.132048,0.48549,0.143268,0.684309,10.5998,53,0.132048,0.48549,0.143268,0.684309,10.5998
indoor_door_leaf_Tile_1,Tile_1,30,61,100.348,0.525937,0.714268,15.299,166.771,51.8482,2.94867,61,0.506945,0.525937,0.668743,0.714268,47.4794,61,0.523208,0.525937,0.712708,0.714268,57.6107,61,0.467965,0.525937,0.617096,0.714268,44.5419,61,0.474787,0.525937,0.622323,0.714268,45.5315,61,0.513199,0.525937,0.687187,0.714268,54.7903,61,0.172749,0.525937,0.191119,0.714268,13.0871,61,0.172749,0.525937,0.191119,0.714268,13.0871
indoor_door_leaf_Tile_1,Tile_1,31,57,96.9139,0.529792,0.708531,15.185,171.651,50.1561,2.94624,57,0.503293,0.529792,0.663902,0.708531,45.0281,57,0.525645,0.529792,0.706381,0.708531,55.5118,57,0.471404,0.529792,0.612235,0.708531,43.2452,57,0.479478,0.529792,0.618242,0.708531,44.3941,57,0.503739,0.529792,0.673731,0.708531,51.1058,57,0.153282,0.529792,0.1815,0.708531,11.6636,57,0.153282,0.529792,0.1815,0.708531,11.6636
indoor_door_leaf_Tile_1,Tile_1,32,47,129.461,0.328316,0.632317,12.402,201.416,44.1773,2.73335,47,0.321082,0.328316,0.593796,0.632317,38.5378,47,0.328498,0.328316,0.634589,0.632317,49.2838,47,0.310386,0.328316,0.5607,0.632317,39.2375,47,0.310127,0.328316,0.557273,0.632317,39.7887,47,0.314536,0.328316,0.598877,0.632317,44.5736,47,0.0926655,0.328316,0.10042,0.632317,7.59303,47,0.0926655,0.328316,0.10042,0.632317,7.59303
indoor_door_leaf_Tile_1,Tile_1,33,53,63.2115,0.660114,0.659017,10.869,166.203,41.3352,2.96761,53,0.635721,0.660114,0.629534,0.659017,36.8824,53,0.667086,0.660114,0.664482,0.659017,46.8454,53,0.647283,0.660114,0.640574,0.659017,39.7713,53,0.646083,0.660114,0.635699,0.659017,39.9563,53,0.716613,0.660114,0.667378,0.659017,49.2031,53,0.721443,0.660114,0.67403,0.659017,34.2412,53,0.721443,0.660114,0.67403,0.659017,34.2412
indoor_door_leaf_Tile_1,Tile_1,34,57,109.471,0.414066,0.649865,13.951,169.425,44.9119,2.94137,57,0.395773,0.414066,0.626586,0.649865,40.1077,57,0.411923,0.414066,0.650962,0.649865,49.9813,57,0.368529,0.414066,0.566171,0.649865,38.9699,57,0.371967,0.414066,0.567333,0.649865,39.6333,57,0.404479,0.414066,0.619295,0.649865,47.5577,57,0.307067,0.414066,0.243496,0.649865,24.4195,57,0.307067,0.414066,0.243496,0.649865,24.4195
indoor_door_leaf_Tile_1,Tile_1,35,44,144.875,0.366196,0.640209,17.516,235.653,54.9984,2.78347,44,0.361766,0.366196,0.602957,0.640209,49.1231,44,0.366094,0.366196,0.641944,0.640209,61.2963,44,0.34859,0.366196,0.567077,0.640209,49.2873,44,0.349737,0.366196,0.562919,0.640209,50.2875,44,0.344824,0.366196,0.599699,0.640209,54.4237,44,0.121827,0.366196,0.122586,0.640209,11.1104,44,0.121827,0.366196,0.122586,0.640209,11.1104
indoor_door_leaf_Tile_1,Tile_1,36,125,76.0856,0.611455,0.634542,12.712,234.866,47.3318,6.19224,125,0.501006,0.611455,0.564724,0.634542,39.0795,125,0.613199,0.611455,0.639077,0.634542,53.4623,125,0.556094,0.611455,0.601963,0.634542,45.4052,125,0.552906,0.611455,0.600175,0.634542,45.2293,125,0.624587,0.611455,0.617144,0.634542,54.5285,125,0.402376,0.611455,0.388942,0.634542,31.5713,125,0.402376,0.611455,0.388942,0.634542,31.5713
indoor_door_leaf_Tile_1,Tile_1,37,63,114.566,0.428663,0.675775,14.071,189.153,48.8613,2.9818,63,0.421366,0.428663,0.653436,0.675775,46.0645,63,0.426702,0.428663,0.6754,0.675775,54.2428,63,0.391683,0.428663,0.591148,0.675775,43.428,63,0.412437,0.428663,0.606099,0.675775,47.2022,63,0.424076,0.428663,0.649374,0.675775,52.2033,63,0.4046,0.428663,0.257867,0.675775,31.888,63,0.4046,0.428663,0.257867,0.675775,31.888
indoor_door_leaf_Tile_1,Tile_1,38,61,113.344,0.416091,0.669582,12.826,172.995,46.7832,2.95089,61,0.403525,0.416091,0.644331,0.669582,43.8495,61,0.414619,0.416091,0.670068,0.669582,52.0612,61,0.376019,0.416091,0.58724,0.669582,41.0439,61,0.389431,0.416091,0.594894,0.669582,43.3702,61,0.40727,0.416091,0.641196,0.669582,49.2934,61,0.248605,0.416091,0.211072,0.669582,19.7545,61,0.248605,0.416091,0.211072,0.669582,19.7545
indoor_door_leaf_Tile_1,Tile_1,39,58,108.705,0.465386,0.71772,13.484,188.951,50.1438,2.92411,58,0.466137,0.465386,0.682606,0.71772,48.3195,58,0.464405,0.465386,0.718201,0.71772,55.9494,58,0.419557,0.465386,0.625983,0.71772,43.7488,58,0.42568,0.465386,0.630097,0.71772,44.7366,58,0.46227,0.465386,0.692624,0.71772,54.0802,58,0.179819,0.465386,0.163587,0.71772,14.9105,58,0.179819,0.465386,0.163587,0.71772,14.9105
indoor_door_leaf_Tile_1,Tile_1,40,126,66.4364,0.514192,0.496719,12.37,180.766,34.2991,6.4823,126,0.43658,0.514192,0.457184,0.496719,30.1236,126,0.515779,0.514192,0.501504,0.496719,38.7241,126,0.45179,0.514192,0.438943,0.496719,31.8783,126,0.460103,0.514192,0.445759,0.496719,32.5913,126,0.539658,0.514192,0.499104,0.496719,41.044,126,0.36829,0.514192,0.267764,0.496719,26.3213,126,0.36829,0.514192,0.267764,0.496719,26.3213
indoor_door_leaf_Tile_1,Tile_1,41,118,79.1968,0.534249,0.586328,12.598,231.632,43.352,6.38479,118,0.458156,0.534249,0.554698,0.586328,39.1335,118,0.535496,0.534249,0.590578,0.586328,48.9166,118,0.492791,0.534249,0.571813,0.586328,43.0632,118,0.48809,0.534249,0.56674,0.586328,42.6469,118,0.544413,0.534249,0.564594,0.586328,49.5949,118,0.355226,0.534249,0.359902,0.586328,31.352,118,0.355226,0.534249,0.359902,0.586328,31.352
indoor_door_leaf_Tile_1,Tile_1,42,55,54.6884,0.653583,0.63646,7.57,150.964,35.3254,3.03365,55,0.645874,0.653583,0.610589,0.63646,32.9208,55,0.659604,0.653583,0.640549,0.63646,39.9052,55,0.61914,0.653583,0.598881,0.63646,32.4129,55,0.613063,0.653583,0.593592,0.63646,32.473,55,0.715927,0.653583,0.642356,0.63646,42.2685,55,0.509046,0.653583,0.533247,0.63646,19.406,55,0.509046,0.653583,0.533247,0.63646,19.406
indoor_door_leaf_Tile_1,Tile_1,43,124,68.5862,0.610289,0.577887,11.712,226.116,42.4486,6.18839,124,0.477542,0.610289,0.508382,0.577887,33.3598,124,0.612098,0.610289,0.582313,0.577887,47.9467,124,0.550753,0.610289,0.546321,0.577887,40.3217,124,0.541562,0.610289,0.53973,0.577887,39.6475,124,0.629325,0.610289,0.567491,0.577887,49.5465,124,0.394139,0.610289,0.346392,0.577887,27.7357,124,0.394139,0.610289,0.346392,0.577887,27.7357
indoor_door_leaf_Tile_1,Tile_1,44,58,51.3219,0.806846,0.653723,7.63,238.166,42.0217,3.8103,58,0.720731,0.806846,0.631726,0.653723,35.5451,58,0.800714,0.806846,0.656313,0.653723,46.5061,58,0.783422,0.806846,0.64694,0.653723,40.4839,58,0.856757,0.806846,0.656115,0.653723,46.7431,58,0.83443,0.806846,0.654857,0.653723,46.9769,58,0.638374,0.806846,0.644125,0.653723,24.2739,58,0.638374,0.806846,0.644125,0.653723,24.2739
indoor_door_leaf_Tile_1,Tile_1,45,123,53.9774,0.523709,0.498537,8.331,174.271,29.5653,6.14096,123,0.392912,0.523709,0.426903,0.498537,22.9434,123,0.526154,0.523709,0.502823,0.498537,33.4485,123,0.459287,0.523709,0.468051,0.498537,27.5167,123,0.454439,0.523709,0.465832,0.498537,27.3384,123,0.539469,0.523709,0.490593,0.498537,34.3634,123,0.186659,0.523709,0.181624,0.498537,11.5653,123,0.186659,0.523709,0.181624,0.498537,11.5653
indoor_door_leaf_Tile_1,Tile_1,46,69,64.9571,0.79977,0.723393,9.157,254.413,51.8016,3.79555,69,0.77427,0.79977,0.706963,0.723393,47.9409,69,0.790196,0.79977,0.720338,0.723393,56.9257,69,0.753313,0.79977,0.708761,0.723393,48.0152,69,0.836455,0.79977,0.746025,0.723393,57.2485,69,0.817361,0.79977,0.73047,0.723393,57.4676,69,0.578887,0.79977,0.665843,0.723393,26.0233,69,0.578887,0.79977,0.665843,0.723393,26.0233
indoor_door_leaf_Tile_1,Tile_1,47,118,51.8899,0.456782,0.464535,9.929,119.581,24.5253,6.19114,118,0.341917,0.456782,0.393767,0.464535,19.3689,118,0.458622,0.456782,0.468226,0.464535,27.7248,118,0.411132,0.456782,0.439621,0.464535,23.6018,118,0.411212,0.456782,0.438933,0.464535,23.7408,118,0.466132,0.456782,0.454375,0.464535,28.0972,118,0.194715,0.456782,0.181247,0.464535,11.6319,118,0.194715,0.456782,0.181247,0.464535,11.6319
indoor_door_leaf_Tile_1,Tile_1,48,60,58.8994,0.700989,0.600457,9.929,239.916,41.7613,3.74071,60,0.646187,0.700989,0.553096,0.600457,35.7752,60,0.695975,0.700989,0.600957,0.600457,46.1911,60,0.677781,0.700989,0.576949,0.600457,39.2742,60,0.745528,0.700989,0.591587,0.600457,45.8107,60,0.731634,0.700989,0.600758,0.600457,47.1296,60,0.531425,0.700989,0.507993,0.600457,20.8844,60,0.531425,0.700989,0.507993,0.600457,20.8844
indoor_door_leaf_Tile_1,Tile_1,49,65,113.182,0.428841,0.617325,11.869,255,48.7678,3.06405,65,0.419033,0.428841,0.583396,0.617325,45.755,65,0.426028,0.428841,0.613892,0.617325,53.9088,65,0.388654,0.428841,0.540639,0.617325,42.7561,65,0.421086,0.428841,0.561884,0.617325,48.3709,65,0.426977,0.428841,0.589604,0.617325,51.9315,65,0.226816,0.428841,0.203857,0.617325,17.2729,65,0.226816,0.428841,0.203857,0.617325,17.2729
indoor_door_leaf_Tile_1,Tile_1,50,73,107.241,0.46702,0.691234,9.983,255,49.8157,3.0322,73,0.456174,0.46702,0.649856,0.691234,45.2308,73,0.465534,0.46702,0.690123,0.691234,55.3186,73,0.428615,0.46702,0.61413,0.691234,43.9599,73,0.446491,0.46702,0.624932,0.691234,47.6223,73,0.462999,0.46702,0.665404,0.691234,53.2459,73,0.238707,0.46702,0.259837,0.691234,16.8218,73,0.238707,0.46702,0.259837,0.691234,16.8218
indoor_door_leaf_Tile_1,Tile_1,51,61,64.5958,0.683417,0.623781,9.815,237.568,44.4539,3.20286,61,0.624363,0.683417,0.558619,0.623781,36.7621,61,0.679981,0.683417,0.625001,0.623781,49.3623,61,0.654075,0.683417,0.59095,0.623781,41.1168,61,0.715302,0.683417,0.606614,0.623781,47.4601,61,0.718868,0.683417,0.632238,0.623781,51.1124,61,0.515408,0.683417,0.487965,0.623781,21.6066,61,0.515408,0.683417,0.487965,0.623781,21.6066
indoor_door_leaf_Tile_1,Tile_1,52,69,112.161,0.439758,0.641022,13.299,254.114,49.676,3.03944,69,0.408199,0.439758,0.621625,0.641022,44.5296,69,0.435617,0.439758,0.639753,0.641022,54.818,69,0.391005,0.439758,0.558615,0.641022,43.029,69,0.428001,0.439758,0.57715,0.641022,48.7471,69,0.434051,0.439758,0.609471,0.641022,52.527,69,0.275362,0.439758,0.230844,0.641022,21.76,69,0.275362,0.439758,0.230844,0.641022,21.76
indoor_door_leaf_Tile_1,Tile_1,53,126,68.1734,0.606126,0.592869,12.413,211.727,41.6496,6.21003,126,0.495758,0.606126,0.525888,0.592869,34.5197,126,0.607672,0.606126,0.596902,0.592869,47.0191,126,0.554619,0.606126,0.564887,0.592869,40.3507,126,0.545345,0.606126,0.558097,0.592869,39.7039,126,0.619003,0.606126,0.579668,0.592869,47.9543,126,0.440261,0.606126,0.388003,0.592869,31.1843,126,0.440261,0.606126,0.388003,0.592869,31.1843
indoor_door_leaf_Tile_1,Tile_1,54,52,51.2082,0.635733,0.574528,7.929,202.481,32.8002,3.16995,52,0.662152,0.635733,0.573685,0.574528,33.4483,52,0.633356,0.635733,0.577134,0.574528,36.4919,52,0.606996,0.635733,0.536177,0.574528,30.6489,52,0.603372,0.635733,0.530253,0.574528,31.0417,52,0.651962,0.635733,0.561061,0.574528,35.8069,52,0.478587,0.635733,0.452029,0.574528,17.8671,52,0.478587,0.635733,0.452029,0.574528,17.8671
indoor_door_leaf_Tile_1,Tile_1,55,120,50.0874,0.462425,0.475566,7.929,173.271,24.1531,6.31388,120,0.371805,0.462425,0.428884,0.475566,20.6815,120,0.464928,0.462425,0.480127,0.475566,27.3421,120,0.413579,0.462425,0.45232,0.475566,23.2055,120,0.408457,0.462425,0.447978,0.475566,23.0433,120,0.472331,0.462425,0.463537,0.475566,27.6399,120,0.174448,0.462425,0.177168,0.475566,10.6133,120,0.174448,0.462425,0.177168,0.475566,10.6133
indoor_door_leaf_Tile_1,Tile_1,56,71,114.921,0.422543,0.655878,10.299,255,49.006,3.09898,71,0.393499,0.422543,0.638756,0.655878,43.3541,71,0.418115,0.422543,0.654781,0.655878,54.0017,71,0.377837,0.422543,0.57614,0.655878,42.5209,71,0.413025,0.422543,0.5934,0.655878,48.1041,71,0.414481,0.422543,0.622491,0.655878,51.334,71,0.265497,0.422543,0.226625,0.655878,20.8735,71,0.265497,0.422543,0.226625,0.655878,20.8735
indoor_door_leaf_Tile_1,Tile_1,57,68,105.575,0.501173,0.732108,10.043,254.772,52.9004,3.27031,68,0.477739,0.501173,0.695834,0.732108,47.2839,68,0.497779,0.501173,0.730167,0.732108,58.4572,68,0.45791,0.501173,0.641763,0.732108,46.4818,68,0.483248,0.501173,0.658421,0.732108,50.9059,68,0.486056,0.501173,0.696322,0.732108,54.7944,68,0.203511,0.501173,0.191448,0.732108,15.4388,68,0.203511,0.501173,0.191448,0.732108,15.4388
indoor_door_leaf_Tile_1,Tile_1,58,53,51.5608,0.65382,0.591502,8.815,199.435,34.3007,3.15771,53,0.649196,0.65382,0.566006,0.591502,32.7776,53,0.651994,0.65382,0.593683,0.591502,38.1908,53,0.637675,0.65382,0.556734,0.591502,32.6693,53,0.682746,0.65382,0.561511,0.591502,36.1452,53,0.692956,0.65382,0.582139,0.591502,39.1448,53,0.488453,0.65382,0.47344,0.591502,18.3245,53,0.488453,0.65382,0.47344,0.591502,18.3245
indoor_door_leaf_Tile_1,Tile_1,59,131,56.1187,0.511629,0.544189,8.929,148.96,28.7076,6.55818,131,0.430317,0.511629,0.518271,0.544189,25.1673,131,0.513484,0.511629,0.548581,0.544189,32.4285,131,0.455788,0.511629,0.499379,0.544189,27.3024,131,0.469005,0.511629,0.503914,0.544189,28.2112,131,0.529982,0.511629,0.544507,0.544189,33.7179,131,0.369757,0.511629,0.297125,0.544189,22.546,131,0.369757,0.511629,0.297125,0.544189,22.546
indoor_door_leaf_Tile_1,Tile_1,60,55,50.7055,0.579669,0.568868,8.456,199.435,30.2939,3.20546,55,0.536509,0.579669,0.543027,0.568868,27.1198,55,0.575,0.579669,0.570714,0.568868,33.5423,55,0.577098,0.579669,0.539874,0.568868,29.779,55,0.633086,0.579669,0.544556,0.568868,33.6698,55,0.596918,0.579669,0.550675,0.568868,33.2447,55,0.582329,0.579669,0.489749,0.568868,22.8517,55,0.582329,0.579669,0.489749,0.568868,22.8517
indoor_door_leaf_Tile_1,Tile_1,61,61,56.2522,0.656262,0.614312,8.929,206.937,37.1218,3.24433,61,0.654012,0.656262,0.600749,0.614312,36.0578,61,0.650993,0.656262,0.615782,0.614312,41.166,61,0.604884,0.656262,0.577865,0.614312,33.7194,61,0.615826,0.656262,0.576039,0.614312,34.7513,61,0.667506,0.656262,0.606748,0.614312,40.4876,61,0.488621,0.656262,0.515652,0.614312,20.8405,61,0.488621,0.656262,0.515652,0.614312,20.8405
indoor_door_leaf_Tile_1,Tile_1,62,61,59.0315,0.641259,0.63558,7.869,196.758,38.5428,3.89953,61,0.633266,0.641259,0.631286,0.63558,37.8255,61,0.636027,0.641259,0.637114,0.63558,42.6897,61,0.647294,0.641259,0.627117,0.63558,39.3031,61,0.699895,0.641259,0.638356,0.63558,44.4229,61,0.661618,0.641259,0.62775,0.63558,42.6743,61,0.709906,0.641259,0.616649,0.63558,34.287,61,0.709906,0.641259,0.616649,0.63558,34.287
indoor_door_leaf_Tile_1,Tile_1,63,71,61.8253,0.706099,0.655574,9.228,206.307,43.6231,3.75222,71,0.647567,0.706099,0.61274,0.655574,37.8471,71,0.698545,0.706099,0.65354,0.655574,48.0256,71,0.643279,0.706099,0.605795,0.655574,39.1464,71,0.700498,0.706099,0.63057,0.655574,44.5709,71,0.716877,0.706099,0.645545,0.655574,47.4953,71,0.477421,0.706099,0.530017,0.655574,21.2872,71,0.477421,0.706099,0.530017,0.655574,21.2872
indoor_door_leaf_Tile_1,Tile_1,64,67,102.681,0.458169,0.659063,12.185,207.268,47.1547,3.11507,67,0.420609,0.458169,0.637211,0.659063,42.2682,67,0.452886,0.458169,0.657132,0.659063,51.8983,67,0.402501,0.458169,0.577464,0.659063,40.6418,67,0.428576,0.458169,0.59398,0.659063,44.5511,67,0.434764,0.458169,0.619642,0.659063,47.6109,67,0.27967,0.458169,0.227354,0.659063,21.3203,67,0.27967,0.458169,0.227354,0.659063,21.3203
indoor_door_leaf_Tile_1,Tile_1,65,125,97.1447,0.367536,0.453534,12,212.942,35.5934,6.38393,125,0.288417,0.367536,0.448758,0.453534,29.4629,125,0.369253,0.367536,0.456937,0.453534,40.2509,125,0.325913,0.367536,0.42871,0.453534,33.8305,125,0.32807,0.367536,0.428676,0.453534,34.1511,125,0.384088,0.367536,0.453539,0.453534,42.0827,125,0.285169,0.367536,0.305518,0.453534,30.2931,125,0.285169,0.367536,0.305518,0.453534,30.2931
indoor_door_leaf_Tile_1,Tile_1,66,123,92.0533,0.335156,0.484951,8.342,200.228,31.1128,6.53474,123,0.295219,0.335156,0.493225,0.484951,29.6652,123,0.336427,0.335156,0.488152,0.484951,35.1486,123,0.321225,0.335156,0.479802,0.484951,32.4031,123,0.316378,0.335156,0.473689,0.484951,31.9548,123,0.343664,0.335156,0.476931,0.484951,35.7925,123,0.310044,0.335156,0.35428,0.484951,32.6745,123,0.310044,0.335156,0.35428,0.484951,32.6745
indoor_door_leaf_Tile_1,Tile_1,67,56,56.4277,0.776372,0.674793,9.114,213.946,43.8414,5.16845,56,0.731492,0.776372,0.668209,0.674793,39.8225,56,0.775231,0.776372,0.677835,0.674793,48.9301,56,0.710706,0.776372,0.618084,0.674793,40.0506,56,0.714096,0.776372,0.611909,0.674793,40.1598,56,0.79852,0.776372,0.661071,0.674793,49.1458,56,0.45914,0.776372,0.481707,0.674793,21.3941,56,0.45914,0.776372,0.481707,0.674793,21.3941
indoor_door_leaf_Tile_1,Tile_1,68,60,95.0041,0.52914,0.764256,9.701,209.036,49.7703,3.00009,60,0.516362,0.52914,0.747133,0.764256,48.2024,60,0.525358,0.52914,0.763707,0.764256,55.1626,60,0.472455,0.52914,0.672857,0.764256,43.3345,60,0.476076,0.52914,0.673191,0.764256,43.737,60,0.510833,0.52914,0.727755,0.764256,51.3569,60,0.21949,0.52914,0.201112,0.764256,16.0748,60,0.21949,0.52914,0.201112,0.764256,16.0748
indoor_door_leaf_Tile_1,Tile_1,69,127,90.4399,0.412378,0.473958,10.712,211.91,36.9523,6.48653,127,0.339136,0.412378,0.475948,0.473958,32.2126,127,0.41406,0.412378,0.476982,0.473958,41.7646,127,0.372425,0.412378,0.452551,0.473958,35.8363,127,0.373011,0.412378,0.450277,0.473958,35.9183,127,0.431959,0.412378,0.479138,0.473958,43.8763,127,0.331786,0.412378,0.370989,0.473958,33.1778,127,0.331786,0.412378,0.370989,0.473958,33.1778
indoor_door_leaf_Tile_1,Tile_1,70,51,55.2877,0.553041,0.650177,7.929,140.153,30.8125,3.20571,51,0.636171,0.553041,0.673671,0.650177,36.2246,51,0.558031,0.553041,0.654669,0.650177,34.8765,51,0.616886,0.553041,0.648018,0.650177,35.2801,51,0.602523,0.553041,0.637019,0.650177,34.7034,51,0.572409,0.553041,0.635492,0.650177,34.2091,51,0.785123,0.553041,0.72302,0.650177,39.0088,51,0.785123,0.553041,0.72302,0.650177,39.0088
indoor_door_leaf_Tile_1,Tile_1,71,60,102.101,0.461399,0.705998,12.228,206.236,47.0202,3.06092,60,0.441706,0.461399,0.692414,0.705998,44.8207,60,0.45834,0.461399,0.705979,0.705998,52.1549,60,0.409509,0.461399,0.625429,0.705998,40.9221,60,0.412036,0.461399,0.623444,0.705998,41.4836,60,0.442055,0.461399,0.668642,0.705998,47.8653,60,0.293406,0.461399,0.272895,0.705998,22.19,60,0.293406,0.461399,0.272895,0.705998,22.19
indoor_door_leaf_Tile_1,Tile_1,72,128,85.3728,0.350556,0.46501,12.228,203.964,30.0477,6.51175,128,0.30102,0.350556,0.463233,0.46501,27.6648,128,0.352127,0.350556,0.468708,0.46501,33.9703,128,0.316742,0.350556,0.437243,0.46501,29.266,128,0.321873,0.350556,0.436369,0.46501,29.8206,128,0.362606,0.350556,0.46567,0.46501,34.9808,128,0.27265,0.350556,0.300444,0.46501,25.9915,128,0.27265,0.350556,0.300444,0.46501,25.9915
indoor_door_leaf_Tile_1,Tile_1,73,61,103.845,0.496017,0.689219,11.641,215.017,51.4291,3.01745,61,0.479717,0.496017,0.664202,0.689219,49.3914,61,0.494408,0.496017,0.688402,0.689219,57.312,61,0.438339,0.496017,0.598191,0.689219,44.0762,61,0.441401,0.496017,0.597808,0.689219,44.5503,61,0.494111,0.496017,0.662124,0.689219,55.1736,61,0.229188,0.496017,0.200909,0.689219,17.9445,61,0.229188,0.496017,0.200909,0.689219,17.9445
indoor_door_leaf_Tile_1,Tile_1,74,139,59.4245,0.462038,0.492346,10.929,142.803,27.5573,6.54472,139,0.404089,0.462038,0.47356,0.492346,25.6062,139,0.463138,0.462038,0.496638,0.492346,31.0949,139,0.41997,0.462038,0.448795,0.492346,26.9482,139,0.429442,0.462038,0.452182,0.492346,27.5849,139,0.484507,0.462038,0.489947,0.492346,32.6082,139,0.347517,0.462038,0.27231,0.492346,22.8646,139,0.347517,0.462038,0.27231,0.492346,22.8646
indoor_door_leaf_Tile_1,Tile_1,75,140,55.4762,0.436659,0.46691,12.071,144.743,24.518,6.57585,140,0.374288,0.436659,0.443382,0.46691,22.4069,140,0.437935,0.436659,0.471448,0.46691,27.6761,140,0.391867,0.436659,0.423986,0.46691,23.7603,140,0.40147,0.436659,0.426752,0.46691,24.3488,140,0.448469,0.436659,0.461891,0.46691,28.3124,140,0.285156,0.436659,0.229962,0.46691,18.0136,140,0.285156,0.436659,0.229962,0.46691,18.0136
indoor_door_leaf_Tile_1,Tile_1,76,113,68.3507,0.481739,0.522503,8.869,208.964,32.8442,6.58546,113,0.416114,0.481739,0.524933,0.522503,30.5806,113,0.483695,0.481739,0.525594,0.522503,37.1208,113,0.442937,0.481739,0.513221,0.522503,32.8887,113,0.439079,0.481739,0.505436,0.522503,32.537,113,0.494194,0.481739,0.517851,0.522503,37.6577,113,0.415013,0.481739,0.390476,0.522503,31.6794,113,0.415013,0.481739,0.390476,0.522503,31.6794
indoor_door_leaf_Tile_1,Tile_1,77,67,63.1859,0.622729,0.677608,7.63,204.221,39.4944,4.1174,67,0.636623,0.622729,0.675214,0.677608,40.7309,67,0.618244,0.622729,0.678859,0.677608,43.9037,67,0.588779,0.622729,0.644133,0.677608,37.6731,67,0.608437,0.622729,0.645546,0.677608,39.9444,67,0.636328,0.622729,0.670531,0.677608,44.0479,67,0.598367,0.622729,0.609421,0.677608,30.9853,67,0.598367,0.622729,0.609421,0.677608,30.9853
indoor_door_leaf_Tile_1,Tile_1,78,25,95.2778,0.431224,0.803725,7.712,138.673,42.1054,2.766,25,0.430326,0.431224,0.746165,0.803725,38.0407,25,0.429822,0.431224,0.806456,0.803725,46.941,25,0.410601,0.431224,0.714657,0.803725,37.2013,25,0.435307,0.431224,0.731977,0.803725,41.7273,25,0.418281,0.431224,0.766811,0.803725,44.0149,25,0.145443,0.431224,0.158617,0.803725,11.5713,25,0.145443,0.431224,0.158617,0.803725,11.5713
indoor_door_leaf_Tile_1,Tile_1,79,135,80.9629,0.430575,0.578913,10.712,195.762,35.3263,6.39861,135,0.402348,0.430575,0.554201,0.578913,35.4245,135,0.431654,0.430575,0.583524,0.578913,39.8914,135,0.41584,0.430575,0.558386,0.578913,36.9941,135,0.41633,0.430575,0.558547,0.578913,37.0882,135,0.433152,0.430575,0.556844,0.578913,39.6337,135,0.350351,0.430575,0.392174,0.578913,31.8307,135,0.350351,0.430575,0.392174,0.578913,31.8307
indoor_door_leaf_Tile_1,Tile_1,80,29,74.0497,0.585071,0.868879,7.527,150.854,44.6725,4.0322,29,0.621282,0.585071,0.813115,0.868879,44.2065,29,0.584498,0.585071,0.871598,0.868879,49.9449,29,0.540511,0.585071,0.76308,0.868879,38.8809,29,0.535171,0.585071,0.766843,0.868879,39.7332,29,0.583082,0.585071,0.837112,0.868879,47.8408,29,0.304341,0.585071,0.239131,0.868879,17.7222,29,0.304341,0.585071,0.239131,0.868879,17.7222
indoor_door_leaf_Tile_1,Tile_1,81,82,80.8404,0.529985,0.611146,11.598,227.643,42.6641,5.37706,82,0.49835,0.529985,0.587932,0.611146,40.5601,82,0.52549,0.529985,0.609136,0.611146,47.3102,82,0.457415,0.529985,0.527117,0.611146,36.891,82,0.465423,0.529985,0.530757,0.611146,37.6835,82,0.533072,0.529985,0.589123,0.611146,46.2887,82,0.235193,0.529985,0.219616,0.611146,15.8439,82,0.235193,0.529985,0.219616,0.611146,15.8439
indoor_door_leaf_Tile_1,Tile_1,82,143,58.8776,0.464651,0.493626,12.185,133.082,27.6424,6.43966,143,0.446646,0.464651,0.47292,0.493626,28.5279,143,0.466174,0.464651,0.498025,0.493626,31.2311,143,0.444663,0.464651,0.452629,0.493626,28.5336,143,0.46065,0.464651,0.461718,0.493626,29.6811,143,0.485207,0.464651,0.495222,0.493626,32.4817,143,0.397905,0.464651,0.316699,0.493626,26.4983,143,0.397905,0.464651,0.316699,0.493626,26.4983
indoor_door_leaf_Tile_1,Tile_1,83,146,59.3004,0.449424,0.457558,12.783,148.904,26.9733,6.47235,146,0.403497,0.449424,0.431719,0.457558,25.9202,146,0.450983,0.449424,0.462363,0.457558,30.484,146,0.412983,0.449424,0.414004,0.457558,26.7924,146,0.420463,0.449424,0.419041,0.457558,27.3227,146,0.467515,0.449424,0.453444,0.457558,31.4956,146,0.326498,0.449424,0.25102,0.457558,22.0154,146,0.326498,0.449424,0.25102,0.457558,22.0154
indoor_door_leaf_Tile_1,Tile_1,84,31,98.7714,0.423815,0.740254,8.598,152.386,42.8055,3.72527,31,0.412165,0.423815,0.692657,0.740254,39.4697,31,0.421725,0.423815,0.740735,0.740254,47.5053,31,0.396579,0.423815,0.65648,0.740254,37.8628,31,0.428216,0.423815,0.683207,0.740254,43.4705,31,0.409518,0.423815,0.705542,0.740254,44.529,31,0.180071,0.423815,0.174405,0.740254,14.9729,31,0.180071,0.423815,0.174405,0.740254,14.9729
indoor_door_leaf_Tile_1,Tile_1,85,85,84.9862,0.539702,0.657333,12.071,166.175,44.7228,5.704,85,0.503934,0.539702,0.61496,0.657333,42.5278,85,0.535212,0.539702,0.655083,0.657333,49.6173,85,0.464975,0.539702,0.569742,0.657333,38.7969,85,0.47036,0.539702,0.573362,0.657333,39.2765,85,0.520742,0.539702,0.628306,0.657333,46.2678,85,0.175309,0.539702,0.156721,0.657333,13.6195,85,0.175309,0.539702,0.156721,0.657333,13.6195
indoor_door_leaf_Tile_1,Tile_1,86,88,77.8793,0.501875,0.59955,12.071,215.942,39.1021,5.69341,88,0.44375,0.501875,0.550501,0.59955,34.7523,88,0.499397,0.501875,0.598392,0.59955,43.5913,88,0.432056,0.501875,0.517862,0.59955,34.2996,88,0.444251,0.501875,0.524096,0.59955,35.344,88,0.502169,0.501875,0.577685,0.59955,42.2601,88,0.190582,0.501875,0.171283,0.59955,13.7355,88,0.190582,0.501875,0.171283,0.59955,13.7355
indoor_door_leaf_Tile_1,Tile_1,87,141,60.2831,0.445115,0.474272,12.826,137.096,27.1366,6.45334,141,0.427756,0.445115,0.450273,0.474272,28.0253,141,0.446442,0.445115,0.478266,0.474272,30.6494,141,0.419702,0.445115,0.429817,0.474272,27.5891,141,0.434457,0.445115,0.437934,0.474272,28.6324,141,0.465337,0.445115,0.476269,0.474272,31.901,141,0.377046,0.445115,0.301749,0.474272,25.7739,141,0.377046,0.445115,0.301749,0.474272,25.7739
indoor_door_leaf_Tile_1,Tile_1,88,48,50.1169,0.656358,0.719789,7,154.238,33.9647,5.88887,48,0.553882,0.656358,0.657332,0.719789,29.3036,48,0.657215,0.656358,0.723471,0.719789,38.2946,48,0.604621,0.656358,0.676892,0.719789,32.7134,48,0.606617,0.656358,0.673697,0.719789,32.9718,48,0.627674,0.656358,0.698495,0.719789,34.9244,48,0.367074,0.656358,0.393805,0.719789,17.6593,48,0.367074,0.656358,0.393805,0.719789,17.6593
indoor_door_leaf_Tile_1,Tile_1,89,70,55.0034,0.5117,0.600726,7.043,134.925,28.1783,3.16664,70,0.564184,0.5117,0.592049,0.600726,30.2958,70,0.514704,0.5117,0.602952,0.600726,31.6747,70,0.511027,0.5117,0.56685,0.600726,27.7888,70,0.502288,0.5117,0.562236,0.600726,27.5446,70,0.539622,0.5117,0.590322,0.600726,31.9135,70,0.455287,0.5117,0.443815,0.600726,17.8688,70,0.455287,0.5117,0.443815,0.600726,17.8688
indoor_door_leaf_Tile_1,Tile_1,90,84,89.828,0.522294,0.642006,10.712,213.056,45.9238,5.66172,84,0.455329,0.522294,0.580122,0.642006,39.346,84,0.517714,0.522294,0.63885,0.642006,50.8897,84,0.447645,0.522294,0.555078,0.642006,39.3073,84,0.456079,0.522294,0.561553,0.642006,40.3877,84,0.507602,0.522294,0.615149,0.642006,47.7144,84,0.177678,0.522294,0.161253,0.642006,13.7108,84,0.177678,0.522294,0.161253,0.642006,13.7108
indoor_door_leaf_Tile_1,Tile_1,91,90,89.6889,0.552677,0.678539,11.299,214.828,48.5414,5.65832,90,0.50033,0.552677,0.625715,0.678539,43.6623,90,0.548798,0.552677,0.675909,0.678539,53.8817,90,0.477451,0.552677,0.587951,0.678539,41.7071,90,0.48555,0.552677,0.595494,0.678539,42.7693,90,0.542446,0.552677,0.651355,0.678539,51.0835,90,0.183453,0.552677,0.16887,0.678539,13.8905,90,0.183453,0.552677,0.16887,0.678539,13.8905
indoor_door_leaf_Tile_1,Tile_1,92,141,74.0235,0.390766,0.457294,11.299,150.843,28.8625,6.34002,141,0.377646,0.390766,0.457633,0.457294,30.2914,141,0.391081,0.390766,0.459031,0.457294,32.5086,141,0.36826,0.390766,0.430138,0.457294,29.4342,141,0.377768,0.390766,0.43392,0.457294,30.2402,141,0.412543,0.390766,0.469382,0.457294,34.3297,141,0.373925,0.390766,0.351236,0.457294,31.1569,141,0.373925,0.390766,0.351236,0.457294,31.1569
indoor_door_leaf_Tile_1,Tile_1,93,132,56.1544,0.540576,0.612658,8.869,185.626,30.842,6.4167,132,0.484824,0.540576,0.566094,0.612658,29.8079,132,0.542461,0.540576,0.616426,0.612658,34.8625,132,0.511924,0.540576,0.586608,0.612658,31.6069,132,0.507372,0.540576,0.583128,0.612658,31.3431,132,0.538088,0.540576,0.596977,0.612658,34.1639,132,0.409725,0.540576,0.39192,0.612658,25.7307,132,0.409725,0.540576,0.39192,0.612658,25.7307
indoor_door_leaf_Tile_1,Tile_1,94,79,81.3482,0.556714,0.662103,11.598,191.899,44.5092,5.75055,79,0.477317,0.556714,0.612872,0.662103,37.9293,79,0.553129,0.556714,0.66143,0.662103,49.495,79,0.479961,0.556714,0.576878,0.662103,38.9586,79,0.484085,0.556714,0.579642,0.662103,39.407,79,0.537434,0.556714,0.628787,0.662103,45.9123,79,0.145029,0.556714,0.14629,0.662103,11.4182,79,0.145029,0.556714,0.14629,0.662103,11.4182
indoor_door_leaf_Tile_1,Tile_1,95,71,45.7504,0.49702,0.593054,7,139.039,23.176,3.32199,71,0.532104,0.49702,0.556718,0.593054,24.8304,71,0.500511,0.49702,0.595565,0.593054,26.1098,71,0.514187,0.49702,0.560874,0.593054,24.1119,71,0.502317,0.49702,0.554173,0.593054,23.7479,71,0.517637,0.49702,0.577602,0.593054,25.742,71,0.498864,0.49702,0.51901,0.593054,17.756,71,0.498864,0.49702,0.51901,0.593054,17.756
indoor_door_leaf_Tile_1,Tile_1,96,70,79.2938,0.486082,0.657134,10.125,150.088,38.217,5.52214,70,0.478351,0.486082,0.65358,0.657134,38.604,70,0.481346,0.486082,0.656378,0.657134,42.3309,70,0.441039,0.486082,0.593444,0.657134,35.2352,70,0.437567,0.486082,0.589068,0.657134,35.0332,70,0.474277,0.486082,0.625799,0.657134,39.9147,70,0.359077,0.486082,0.33472,0.657134,23.4548,70,0.359077,0.486082,0.33472,0.657134,23.4548
indoor_door_leaf_Tile_1,Tile_1,97,80,80.7735,0.544719,0.64874,11.071,198.116,43.3342,5.60806,80,0.477485,0.544719,0.589786,0.64874,38.7289,80,0.540674,0.544719,0.646471,0.64874,48.1754,80,0.472701,0.544719,0.587381,0.64874,38.2884,80,0.472355,0.544719,0.583268,0.64874,38.3302,80,0.523379,0.544719,0.612437,0.64874,44.5744,80,0.198374,0.544719,0.185505,0.64874,14.5889,80,0.198374,0.544719,0.185505,0.64874,14.5889
indoor_door_leaf_Tile_1,Tile_1,98,55,56.2304,0.544177,0.623562,7.94,145.088,30.4807,3.15129,55,0.624687,0.544177,0.65243,0.623562,35.6229,55,0.550028,0.544177,0.627778,0.623562,34.5022,55,0.576634,0.544177,0.601965,0.623562,32.3011,55,0.567591,0.544177,0.594159,0.623562,31.8647,55,0.577255,0.544177,0.613332,0.623562,34.9005,55,0.573908,0.544177,0.519261,0.623562,24.1675,55,0.573908,0.544177,0.519261,0.623562,24.1675
indoor_door_leaf_Tile_1,Tile_1,99,138,70.3932,0.415425,0.49792,11.783,143.54,29.3433,6.44175,138,0.407521,0.415425,0.497235,0.49792,31.3287,138,0.415814,0.415425,0.500005,0.49792,33.0489,138,0.394635,0.415425,0.465792,0.49792,30.1763,138,0.407298,0.415425,0.472883,0.49792,31.2255,138,0.433021,0.415425,0.509095,0.49792,34.4898,138,0.385153,0.415425,0.359929,0.49792,31.0831,138,0.385153,0.415425,0.359929,0.49792,31.0831
indoor_door_leaf_Tile_1,Tile_1,100,138,76.3265,0.407107,0.461846,11.071,176.693,31.2555,6.44028,138,0.358282,0.407107,0.446277,0.461846,29.9035,138,0.408292,0.407107,0.464773,0.461846,35.2879,138,0.368786,0.407107,0.423611,0.461846,30.6047,138,0.375636,0.407107,0.428478,0.461846,31.1937,138,0.426828,0.407107,0.467252,0.461846,36.846,138,0.304534,0.407107,0.285532,0.461846,26.5278,138,0.304534,0.407107,0.285532,0.461846,26.5278
indoor_door_leaf_Tile_1,Tile_1,101,126,67.3486,0.3724,0.358317,29.637,153.978,26.1054,6.10401,126,0.31589,0.3724,0.301695,0.358317,24.0538,126,0.374259,0.3724,0.360806,0.358317,29.5424,126,0.336459,0.3724,0.325395,0.358317,25.7332,126,0.347454,0.3724,0.336456,0.358317,26.5798,126,0.371908,0.3724,0.353555,0.358317,28.968,126,0.159159,0.3724,0.15494,0.358317,12.7856,126,0.159159,0.3724,0.15494,0.358317,12.7856
indoor_door_leaf_Tile_1,Tile_1,102,146,64.3696,0.392377,0.457421,12.185,131.119,25.6022,6.54968,146,0.347082,0.392377,0.440309,0.457421,24.6092,146,0.39433,0.392377,0.462346,0.457421,28.9697,146,0.358642,0.392377,0.421305,0.457421,25.5684,146,0.364138,0.392377,0.422847,0.457421,25.9126,146,0.394602,0.392377,0.445231,0.457421,28.782,146,0.218385,0.392377,0.198397,0.457421,17.1301,146,0.218385,0.392377,0.198397,0.457421,17.1301
indoor_door_leaf_Tile_1,Tile_1,103,140,69.7882,0.368906,0.414311,10.071,145.005,26.2684,6.40032,140,0.307197,0.368906,0.388241,0.414311,24.0136,140,0.371043,0.368906,0.418506,0.414311,29.749,140,0.325708,0.368906,0.382107,0.414311,25.3211,140,0.329879,0.368906,0.382706,0.414311,25.6446,140,0.365303,0.368906,0.40109,0.414311,28.9889,140,0.154,0.368906,0.153804,0.414311,13.9866,140,0.154,0.368906,0.153804,0.414311,13.9866
indoor_door_leaf_Tile_1,Tile_1,104,76,74.891,0.568447,0.637967,11.957,155.654,41.512,5.87584,76,0.504342,0.568447,0.609936,0.637967,37.6569,76,0.562191,0.568447,0.636946,0.637967,45.9661,76,0.48533,0.568447,0.559231,0.637967,36.3839,76,0.490096,0.568447,0.56155,0.637967,36.8615,76,0.527794,0.568447,0.598696,0.637967,41.2785,76,0.15264,0.568447,0.163623,0.637967,11.9726,76,0.15264,0.568447,0.163623,0.637967,11.9726
indoor_door_leaf_Tile_1,Tile_1,105,132,75.4416,0.320056,0.409689,8.641,169.881,24.695,6.50718,132,0.251062,0.320056,0.386734,0.409689,21.6356,132,0.322116,0.320056,0.414168,0.409689,27.9796,132,0.284135,0.320056,0.38269,0.409689,24.0796,132,0.286515,0.320056,0.381756,0.409689,24.2744,132,0.329107,0.320056,0.404537,0.409689,28.271,132,0.162968,0.320056,0.171854,0.409689,15.5894,132,0.162968,0.320056,0.171854,0.409689,15.5894
indoor_door_leaf_Tile_1,Tile_1,106,62,85.9516,0.441555,0.654093,10.054,155.25,37.6145,3.35091,62,0.381412,0.441555,0.585992,0.654093,31.9534,62,0.438435,0.441555,0.653134,0.654093,41.7279,62,0.403563,0.441555,0.590201,0.654093,33.9194,62,0.402334,0.441555,0.587377,0.654093,34.0956,62,0.415154,0.441555,0.616631,0.654093,37.2985,62,0.27295,0.441555,0.248235,0.654093,17.3745,62,0.27295,0.441555,0.248235,0.654093,17.3745
indoor_door_leaf_Tile_1,Tile_1,107,113,66.5911,0.379171,0.395038,26.05,113.901,26.2443,6.19935,113,0.323978,0.379171,0.32287,0.395038,24.5456,113,0.381304,0.379171,0.398006,0.395038,29.7075,113,0.348882,0.379171,0.362946,0.395038,26.1563,113,0.360159,0.379171,0.371675,0.395038,27.0275,113,0.372608,0.379171,0.385556,0.395038,28.8967,113,0.203392,0.379171,0.19662,0.395038,16.1048,113,0.203392,0.379171,0.19662,0.395038,16.1048
indoor_door_leaf_Tile_1,Tile_1,108,131,64.9409,0.36276,0.368178,26.719,117.957,24.5093,6.42882,131,0.309846,0.36276,0.313499,0.368178,22.8492,131,0.364536,0.36276,0.370705,0.368178,27.7379,131,0.333356,0.36276,0.339253,0.368178,24.4628,131,0.34153,0.36276,0.346663,0.368178,25.0016,131,0.364388,0.36276,0.362493,0.368178,27.467,131,0.20921,0.36276,0.192407,0.368178,16.4185,131,0.20921,0.36276,0.192407,0.368178,16.4185
indoor_door_leaf_Tile_1,Tile_1,109,85,76.8158,0.309199,0.327024,28.132,121.064,25.1627,6.14609,85,0.260373,0.309199,0.26614,0.327024,23.2415,85,0.311047,0.309199,0.328306,0.327024,28.4912,85,0.289152,0.309199,0.311076,0.327024,25.3059,85,0.298104,0.309199,0.318949,0.327024,26.2574,85,0.304704,0.309199,0.329079,0.327024,27.8688,85,0.159719,0.309199,0.161477,0.327024,15.3884,85,0.159719,0.309199,0.161477,0.327024,15.3884
indoor_door_leaf_Tile_1,Tile_1,110,108,65.7145,0.374782,0.400158,20.762,111.982,25.4964,6.13442,108,0.314719,0.374782,0.320966,0.400158,23.4607,108,0.377264,0.374782,0.403645,0.400158,28.8928,108,0.343684,0.374782,0.371347,0.400158,25.3705,108,0.351801,0.374782,0.376856,0.400158,26.042,108,0.366204,0.374782,0.385423,0.400158,27.8908,108,0.198002,0.374782,0.188493,0.400158,15.3368,108,0.198002,0.374782,0.188493,0.400158,15.3368
indoor_door_leaf_Tile_1,Tile_1,111,106,66.1399,0.359841,0.409228,12.228,115.228,24.8198,6.23512,106,0.308034,0.359841,0.35072,0.409228,23.2537,106,0.361857,0.359841,0.412714,0.409228,28.0991,106,0.332239,0.359841,0.374608,0.409228,24.7084,106,0.337834,0.359841,0.378464,0.409228,25.1597,106,0.358535,0.359841,0.401335,0.409228,27.7719,106,0.210315,0.359841,0.191866,0.409228,16.9891,106,0.210315,0.359841,0.191866,0.409228,16.9891
indoor_door_leaf_Tile_1,Tile_1,112,60,78.8267,0.357107,0.361738,29.05,147.675,28.93,6.29529,60,0.287137,0.357107,0.290086,0.361738,25.0404,60,0.3589,0.357107,0.363813,0.361738,32.7417,60,0.305571,0.357107,0.313581,0.361738,26.7403,60,0.307774,0.357107,0.320495,0.361738,27.336,60,0.36136,0.357107,0.356081,0.361738,32.5262,60,0.109994,0.357107,0.113456,0.361738,10.5935,60,0.109994,0.357107,0.113456,0.361738,10.5935
indoor_door_leaf_Tile_1,Tile_1,113,60,81.939,0.338475,0.326486,35.42,167.936,28.4294,6.23918,60,0.276908,0.338475,0.266659,0.326486,24.8387,60,0.341257,0.338475,0.329357,0.326486,32.2515,60,0.303373,0.338475,0.306653,0.326486,27.0124,60,0.307646,0.338475,0.314594,0.326486,27.7048,60,0.340439,0.338475,0.318982,0.326486,31.9539,60,0.114915,0.338475,0.117372,0.326486,10.5493,60,0.114915,0.338475,0.117372,0.326486,10.5493
indoor_door_leaf_Tile_1,Tile_1,114,55,83.242,0.318122,0.360056,26.235,134.463,27.9234,5.90845,55,0.272754,0.318122,0.29464,0.360056,25.3319,55,0.318122,0.318122,0.360056,0.360056,31.509,55,0.298033,0.318122,0.344079,0.360056,27.6163,55,0.296395,0.318122,0.346579,0.360056,28.1276,55,0.318742,0.318122,0.358552,0.360056,31.1981,55,0.149655,0.318122,0.149234,0.360056,13.492,55,0.149655,0.318122,0.149234,0.360056,13.492
indoor_door_leaf_Tile_1,Tile_1,115,106,64.9966,0.450261,0.514653,13.637,133.012,29.8198,6.47818,106,0.394823,0.450261,0.459088,0.514653,28.0944,106,0.451344,0.450261,0.517746,0.514653,33.7064,106,0.418153,0.450261,0.466016,0.514653,29.6359,106,0.425698,0.450261,0.481524,0.514653,30.3962,106,0.458445,0.450261,0.509288,0.514653,33.9109,106,0.299464,0.450261,0.324409,0.514653,21.5222,106,0.299464,0.450261,0.324409,0.514653,21.5222
indoor_door_leaf_Tile_1,Tile_1,116,22,77.583,0.51856,0.443175,41.891,180.826,40.4465,4.9597,22,0.480603,0.51856,0.411528,0.443175,40.4626,22,0.51856,0.51856,0.443175,0.443175,45.6401,22,0.440788,0.51856,0.400654,0.443175,37.0547,22,0.42145,0.51856,0.385798,0.443175,35.574,22,0.544716,0.51856,0.450984,0.443175,47.8768,22,0.187381,0.51856,0.178296,0.443175,13.9091,22,0.187381,0.51856,0.178296,0.443175,13.9091
indoor_door_leaf_Tile_1,Tile_1,117,60,84.4053,0.305972,0.340815,25.235,147.157,27.5863,5.42309,60,0.258114,0.305972,0.278859,0.340815,25.1062,60,0.30645,0.305972,0.341536,0.340815,31.1641,60,0.289795,0.305972,0.333864,0.340815,27.8172,60,0.287634,0.305972,0.33747,0.340815,28.1819,60,0.307378,0.305972,0.337511,0.340815,30.9073,60,0.16043,0.305972,0.176486,0.340815,15.1138,60,0.16043,0.305972,0.176486,0.340815,15.1138
indoor_door_leaf_Tile_1,Tile_1,118,66,72.1967,0.367475,0.434376,23.046,113.516,27.5447,6.16219,66,0.320026,0.367475,0.363932,0.434376,25.7014,66,0.367475,0.367475,0.434376,0.434376,31.0816,66,0.350642,0.367475,0.426428,0.434376,27.7567,66,0.351938,0.367475,0.427492,0.434376,28.2773,66,0.370639,0.367475,0.431854,0.434376,30.9073,66,0.238492,0.367475,0.232682,0.434376,18.2817,66,0.238492,0.367475,0.232682,0.434376,18.2817
indoor_door_leaf_Tile_1,Tile_1,119,66,73.6015,0.342751,0.399187,23.605,107.797,26.0918,6.14451,66,0.297583,0.342751,0.32454,0.399187,24.2243,66,0.343498,0.342751,0.399818,0.399187,29.4854,66,0.330453,0.342751,0.394529,0.399187,26.5757,66,0.332315,0.342751,0.395942,0.399187,27.1626,66,0.336442,0.342751,0.391835,0.399187,28.6598,66,0.206646,0.342751,0.202641,0.399187,16.3212,66,0.206646,0.342751,0.202641,0.399187,16.3212
indoor_door_leaf_Tile_1,Tile_1,120,42,92.4563,0.334402,0.36447,34.648,162.082,31.2048,6.29126,42,0.269301,0.334402,0.287582,0.36447,26.1478,42,0.335677,0.334402,0.36604,0.36447,35.3107,42,0.291557,0.334402,0.337553,0.36447,28.533,42,0.290787,0.334402,0.34164,0.36447,28.8933,42,0.352215,0.334402,0.366315,0.36447,36.2933,42,0.118943,0.334402,0.123491,0.36447,10.2391,42,0.118943,0.334402,0.123491,0.36447,10.2391
indoor_door_leaf_Tile_1,Tile_1,121,45,88.4471,0.295173,0.330871,28.762,147.31,27.1156,6.29911,45,0.233209,0.295173,0.250118,0.330871,22.7749,45,0.296383,0.295173,0.332124,0.330871,30.6858,45,0.265675,0.295173,0.305717,0.330871,25.661,45,0.266819,0.295173,0.309308,0.330871,26.2548,45,0.296493,0.295173,0.32733,0.330871,30.4122,45,0.133289,0.295173,0.134178,0.330871,12.8472,45,0.133289,0.295173,0.134178,0.330871,12.8472
indoor_door_leaf_Tile_1,Tile_1,122,55,79.8041,0.333175,0.384642,22.822,127.554,27.2268,5.59928,55,0.284947,0.333175,0.317294,0.384642,24.3439,55,0.333175,0.333175,0.384642,0.384642,30.7229,55,0.323114,0.333175,0.387712,0.384642,27.6042,55,0.31968,0.333175,0.38618,0.384642,28.0035,55,0.329476,0.333175,0.373691,0.384642,30.0119,55,0.151913,0.333175,0.157323,0.384642,12.0861,55,0.151913,0.333175,0.157323,0.384642,12.0861
indoor_door_leaf_Tile_1,Tile_1,123,63,71.2636,0.466741,0.60187,10.566,145.348,33.5287,6.00333,63,0.424032,0.466741,0.538241,0.60187,31.5817,63,0.466941,0.466741,0.603022,0.60187,37.8469,63,0.447187,0.466741,0.603279,0.60187,33.4367,63,0.443834,0.466741,0.600147,0.60187,33.8343,63,0.463229,0.466741,0.584524,0.60187,37.0523,63,0.278871,0.466741,0.335584,0.60187,18.5602,63,0.278871,0.466741,0.335584,0.60187,18.5602
indoor_door_leaf_Tile_1,Tile_1,124,51,86.5842,0.280638,0.310321,33.278,131.94,25.8839,5.39598,51,0.231004,0.280638,0.245001,0.310321,22.728,51,0.281213,0.280638,0.31105,0.310321,29.2501,51,0.268583,0.280638,0.308104,0.310321,25.9159,51,0.270777,0.280638,0.312232,0.310321,26.7804,51,0.276247,0.280638,0.303781,0.310321,28.8084,51,0.132896,0.280638,0.137019,0.310321,14.0403,51,0.132896,0.280638,0.137019,0.310321,14.0403
indoor_door_leaf_Tile_1,Tile_1,125,52,74.684,0.350508,0.437576,16.762,108.641,26.6943,5.81426,52,0.321212,0.350508,0.371821,0.437576,25.4656,52,0.350508,0.350508,0.437576,0.437576,30.122,52,0.350393,0.350508,0.45059,0.437576,27.8835,52,0.351174,0.350508,0.450903,0.437576,28.6922,52,0.337164,0.350508,0.420106,0.437576,28.6575,52,0.202255,0.350508,0.212812,0.437576,14.4906,52,0.202255,0.350508,0.212812,0.437576,14.4906
indoor_door_leaf_Tile_1,Tile_1,126,27,67.7454,0.572359,0.536812,17.648,159.164,39.0813,3.92925,27,0.448171,0.572359,0.423179,0.536812,31.3701,27,0.572359,0.572359,0.536812,0.536812,44.0996,27,0.511386,0.572359,0.542128,0.536812,37.0169,27,0.48939,0.572359,0.527649,0.536812,35.679,27,0.588322,0.572359,0.534053,0.536812,45.8025,27,0.183106,0.572359,0.180111,0.536812,12.2168,27,0.183106,0.572359,0.180111,0.536812,12.2168
indoor_door_leaf_Tile_1,Tile_1,127,47,89.3423,0.264265,0.278128,35.057,173.843,24.8747,6.18898,47,0.22139,0.264265,0.223145,0.278128,22.0332,47,0.264905,0.264265,0.278978,0.278128,28.1199,47,0.253089,0.264265,0.284862,0.278128,24.7327,47,0.249361,0.264265,0.284905,0.278128,25.0829,47,0.261482,0.264265,0.266371,0.278128,27.9563,47,0.131391,0.264265,0.13198,0.278128,13.8811,47,0.131391,0.264265,0.13198,0.278128,13.8811
indoor_door_leaf_Tile_1,Tile_1,128,43,84.8986,0.284838,0.337121,27.708,123.153,24.9133,4.44591,43,0.250072,0.284838,0.283916,0.337121,22.4999,43,0.284838,0.284838,0.337121,0.337121,28.1124,43,0.281888,0.284838,0.344803,0.337121,25.2598,43,0.281296,0.284838,0.344474,0.337121,25.9786,43,0.273219,0.284838,0.319147,0.337121,27.0385,43,0.174697,0.284838,0.176933,0.337121,14.5707,43,0.174697,0.284838,0.176933,0.337121,14.5707
indoor_door_leaf_Tile_1,Tile_1,129,52,101.492,0.508512,0.786253,11.957,160.1,50.2879,3.55363,52,0.493257,0.508512,0.7547,0.786253,44.6625,52,0.503861,0.508512,0.781696,0.786253,55.0328,52,0.477029,0.508512,0.69291,0.786253,44.1602,52,0.505557,0.508512,0.72496,0.786253,49.9454,52,0.484239,0.508512,0.735779,0.786253,50.7884,52,0.152449,0.508512,0.180319,0.786253,10.8282,52,0.152449,0.508512,0.180319,0.786253,10.8282
indoor_door_leaf_Tile_1,Tile_1,130,36,84.5814,0.51905,0.784822,10.712,136.213,42.1167,3.21824,36,0.507657,0.51905,0.761943,0.784822,38.0305,36,0.516812,0.51905,0.78379,0.784822,46.5556,36,0.480821,0.51905,0.686479,0.784822,36.6384,36,0.479642,0.51905,0.686036,0.784822,36.9345,36,0.482839,0.51905,0.724543,0.784822,40.7938,36,0.121326,0.51905,0.133819,0.784822,8.84248,36,0.121326,0.51905,0.133819,0.784822,8.84248
indoor_door_leaf_Tile_1,Tile_1,131,42,84.7283,0.427427,0.697129,9,144.007,35.4597,3.16034,42,0.411004,0.427427,0.662896,0.697129,32.7666,42,0.427263,0.427427,0.697516,0.697129,39.4621,42,0.409822,0.427427,0.619777,0.697129,31.6005,42,0.404128,0.427427,0.613966,0.697129,31.4684,42,0.4026,0.427427,0.648981,0.697129,35.2384,42,0.168638,0.427427,0.184399,0.697129,9.70357,42,0.168638,0.427427,0.184399,0.697129,9.70357
indoor_door_leaf_Tile_1,Tile_1,132,50,103.829,0.407322,0.656664,11.185,220.734,41.7807,3.58482,50,0.382146,0.407322,0.626547,0.656664,35.3488,50,0.403616,0.407322,0.653006,0.656664,45.7308,50,0.383235,0.407322,0.568151,0.656664,36.4332,50,0.427982,0.407322,0.611317,0.656664,44.7151,50,0.394795,0.407322,0.614173,0.656664,42.9852,50,0.128566,0.407322,0.115508,0.656664,9.68638,50,0.128566,0.407322,0.115508,0.656664,9.68638
indoor_door_leaf_Tile_1,Tile_1,133,56,106.113,0.380704,0.619267,12.071,220.332,39.9329,3.49893,56,0.364766,0.380704,0.595869,0.619267,35.0538,56,0.377896,0.380704,0.615727,0.619267,43.7809,56,0.358348,0.380704,0.538065,0.619267,35.0541,56,0.396153,0.380704,0.573111,0.619267,42.0155,56,0.368064,0.380704,0.577865,0.619267,40.9951,56,0.127552,0.380704,0.118082,0.619267,9.34451,56,0.127552,0.380704,0.118082,0.619267,9.34451
indoor_door_leaf_Tile_1,Tile_1,134,64,104.838,0.362765,0.631886,12.071,142.328,36.8268,3.16837,64,0.354699,0.362765,0.608872,0.631886,33.3256,64,0.360178,0.362765,0.628561,0.631886,40.4837,64,0.338279,0.362765,0.548307,0.631886,31.9161,64,0.369373,0.362765,0.58314,0.631886,37.2701,64,0.347037,0.362765,0.591647,0.631886,37.5383,64,0.0927253,0.362765,0.0986603,0.631886,7.17254,64,0.0927253,0.362765,0.0986603,0.631886,7.17254
indoor_door_leaf_Tile_1,Tile_1,135,63,97.169,0.349612,0.601681,10.071,131.919,33.3941,3.20209,63,0.340787,0.349612,0.578921,0.601681,30.4757,63,0.347445,0.349612,0.598944,0.601681,36.7369,63,0.327374,0.349612,0.524003,0.601681,29.118,63,0.352797,0.349612,0.55252,0.601681,33.5667,63,0.333451,0.349612,0.561427,0.601681,33.9138,63,0.0994683,0.349612,0.103595,0.601681,7.21863,63,0.0994683,0.349612,0.103595,0.601681,7.21863
indoor_door_leaf_Tile_1,Tile_1,136,67,95.2269,0.370155,0.63665,10.185,133.17,34.3151,3.18728,67,0.366936,0.370155,0.619251,0.63665,31.8861,67,0.368664,0.370155,0.634735,0.63665,37.856,67,0.346884,0.370155,0.554916,0.63665,29.9707,67,0.364711,0.370155,0.578433,0.63665,33.5246,67,0.351727,0.370155,0.594923,0.63665,34.6315,67,0.103472,0.370155,0.105253,0.63665,7.4477,67,0.103472,0.370155,0.105253,0.63665,7.4477
indoor_door_leaf_Tile_1,Tile_1,137,114,64.8147,0.549437,0.516947,17.669,166.157,35.7758,6.92757,114,0.396795,0.549437,0.388951,0.516947,25.6045,114,0.551817,0.549437,0.520862,0.516947,40.468,114,0.463477,0.549437,0.445834,0.516947,31.1714,114,0.472489,0.549437,0.456542,0.516947,31.8401,114,0.569986,0.549437,0.515386,0.516947,42.2834,114,0.205125,0.549437,0.207879,0.516947,12.5866,114,0.205125,0.549437,0.207879,0.516947,12.5866
indoor_door_leaf_Tile_1,Tile_1,138,137,68.0036,0.556514,0.528559,13.929,210.189,38.0114,7.05827,137,0.425325,0.556514,0.426874,0.528559,28.9496,137,0.557041,0.556514,0.531692,0.528559,42.7116,137,0.478639,0.556514,0.478672,0.528559,33.9899,137,0.484468,0.556514,0.483361,0.528559,34.5047,137,0.56919,0.556514,0.531201,0.528559,44.1572,137,0.248081,0.556514,0.237713,0.528559,17.1505,137,0.248081,0.556514,0.237713,0.528559,17.1505
indoor_door_leaf_Tile_1,Tile_1,139,134,121.46,0.61898,0.636696,18.146,255,75.5673,6.91559,133,0.526204,0.613772,0.538493,0.627552,62.1912,133,0.605741,0.613772,0.625618,0.627552,82.9477,133,0.533901,0.613772,0.561437,0.627552,65.763,133,0.532879,0.613772,0.56185,0.627552,65.4149,133,0.580076,0.613772,0.608368,0.627552,77.3003,134,0.299843,0.61898,0.322694,0.636696,28.6931,133,0.300002,0.613772,0.323542,0.627552,28.7529
indoor_door_leaf_Tile_1,Tile_1,140,111,70.5524,0.570233,0.516112,21.082,185.69,40.3341,6.74983,111,0.381503,0.570233,0.371001,0.516112,26.5304,111,0.572692,0.570233,0.51981,0.516112,45.6171,111,0.481632,0.570233,0.44914,0.516112,34.8814,111,0.484269,0.570233,0.454923,0.516112,35.2152,111,0.594291,0.570233,0.519324,0.516112,48.0902,111,0.202198,0.570233,0.208769,0.516112,13.0348,111,0.202198,0.570233,0.208769,0.516112,13.0348
indoor_door_leaf_Tile_1,Tile_1,141,141,128.93,0.582411,0.694621,23.228,249.939,76.2567,6.65796,140,0.503425,0.579846,0.595771,0.694634,63.8574,140,0.573965,0.579846,0.692795,0.694634,83.7858,140,0.510631,0.579846,0.605311,0.694634,66.3454,140,0.520646,0.579846,0.61224,0.694634,67.7391,140,0.549847,0.579846,0.662538,0.694634,77.475,141,0.434366,0.582411,0.389501,0.694621,46.1955,140,0.43529,0.579846,0.388593,0.694634,46.1363
indoor_door_leaf_Tile_1,Tile_1,142,123,130.56,0.594482,0.718461,12.054,255,78.2482,5.36672,122,0.52291,0.588706,0.617161,0.710753,66.8775,122,0.58057,0.588706,0.708306,0.710753,85.4922,122,0.522187,0.588706,0.63649,0.710753,68.6128,122,0.523856,0.588706,0.637882,0.710753,68.6078,122,0.548546,0.588706,0.681542,0.710753,78.5282,123,0.372162,0.594482,0.357979,0.718461,40.3198,122,0.372371,0.588706,0.358976,0.710753,40.422
indoor_door_leaf_Tile_1,Tile_1,143,151,68.0829,0.518477,0.492071,23.598,166.802,35.6115,6.96159,151,0.441909,0.518477,0.426037,0.492071,30.5801,151,0.518525,0.518477,0.495176,0.492071,40.0036,151,0.472756,0.518477,0.465208,0.492071,34.3096,151,0.468005,0.518477,0.46098,0.492071,33.8256,151,0.523809,0.518477,0.481005,0.492071,40.5745,151,0.336923,0.518477,0.300031,0.492071,22.6675,151,0.336923,0.518477,0.300031,0.492071,22.6675
indoor_door_leaf_Tile_1,Tile_1,144,122,66.0534,0.516657,0.486491,21.228,153.581,34.4058,6.81857,122,0.396178,0.516657,0.377215,0.486491,26.3903,122,0.519047,0.516657,0.489826,0.486491,38.9292,122,0.440797,0.516657,0.440292,0.486491,30.2757,122,0.438416,0.516657,0.440153,0.486491,30.1504,122,0.535686,0.516657,0.484573,0.486491,40.6823,122,0.206794,0.516657,0.226557,0.486491,12.9001,122,0.206794,0.516657,0.226557,0.486491,12.9001
indoor_door_leaf_Tile_1,Tile_1,145,120,68.1364,0.584306,0.558041,11.559,183.124,39.9327,6.76309,120,0.405229,0.584306,0.409703,0.558041,26.7559,120,0.586525,0.584306,0.560657,0.558041,45.138,120,0.493599,0.584306,0.486803,0.558041,34.6419,120,0.500926,0.584306,0.495756,0.558041,35.2001,120,0.607293,0.584306,0.562948,0.558041,47.4852,120,0.185643,0.584306,0.198622,0.558041,11.8595,120,0.185643,0.584306,0.198622,0.558041,11.8595
indoor_door_leaf_Tile_1,Tile_1,146,34,95.9254,0.592352,0.679392,20,193.267,56.1916,3.48703,34,0.571556,0.592352,0.616993,0.679392,54.0509,34,0.592352,0.592352,0.679392,0.679392,63.407,34,0.524305,0.592352,0.591424,0.679392,47.9864,34,0.529859,0.592352,0.596174,0.679392,48.4192,34,0.573683,0.592352,0.669644,0.679392,60.3382,34,0.245398,0.592352,0.240233,0.679392,16.7178,34,0.245398,0.592352,0.240233,0.679392,16.7178
indoor_door_leaf_Tile_1,Tile_1,147,130,91.1277,0.569423,0.574735,11.858,250.891,51.8986,6.88575,129,0.402137,0.564688,0.472711,0.567488,36.2782,129,0.566136,0.564688,0.570071,0.567488,58.3619,129,0.482785,0.564688,0.530041,0.567488,45.5557,129,0.47945,0.564688,0.530115,0.567488,45.3485,129,0.58072,0.564688,0.577633,0.567488,60.9315,130,0.345855,0.569423,0.419282,0.574735,29.7055,129,0.346572,0.564688,0.420844,0.567488,29.8018
indoor_door_leaf_Tile_1,Tile_1,148,125,129.18,0.645663,0.80959,10.527,255,84.1459,5.98821,124,0.575798,0.640234,0.7034,0.80447,72.605,124,0.632966,0.640234,0.802209,0.80447,92.184,124,0.577754,0.640234,0.717574,0.80447,74.0715,124,0.582847,0.640234,0.722402,0.80447,75.0366,124,0.601199,0.640234,0.767031,0.80447,84.1528,125,0.420639,0.645663,0.399673,0.80959,43.9586,124,0.42122,0.640234,0.401051,0.80447,44.0942
indoor_door_leaf_Tile_1,Tile_1,149,147,124.486,0.612542,0.647778,20.26,255,76.5879,6.89032,146,0.529301,0.607708,0.549039,0.639364,63.4912,146,0.599247,0.607708,0.63708,0.639364,83.9393,146,0.53418,0.607708,0.569337,0.639364,66.7681,146,0.53281,0.607708,0.569547,0.639364,66.3952,146,0.573919,0.607708,0.61624,0.639364,78.3251,147,0.291139,0.612542,0.322642,0.647778,27.2491,146,0.291381,0.607708,0.323497,0.639364,27.307
indoor_door_leaf_Tile_1,Tile_1,150,127,129.478,0.638601,0.78787,11.641,255,83.4573,5.83384,126,0.564929,0.633135,0.680304,0.781908,71.2618,126,0.625201,0.633135,0.780558,0.781908,91.5237,126,0.568314,0.633135,0.699588,0.781908,74.0607,126,0.568872,0.633135,0.69904,0.781908,73.7875,126,0.594373,0.633135,0.747237,0.781908,84.2131,127,0.374836,0.638601,0.382005,0.78787,39.6716,126,0.375022,0.633135,0.383103,0.781908,39.7728
indoor_door_leaf_Tile_1,Tile_1,151,66,91.4139,0.540567,0.617775,18.641,181.019,48.8813,6.90921,66,0.519408,0.540567,0.610143,0.617775,47.7158,66,0.540501,0.540567,0.619433,0.617775,54.7762,66,0.470524,0.540567,0.545489,0.617775,44.1706,66,0.479268,0.540567,0.543683,0.617775,44.4716,66,0.516894,0.540567,0.593309,0.617775,50.9119,66,0.315917,0.540567,0.278469,0.617775,24.9612,66,0.315917,0.540567,0.278469,0.617775,24.9612
indoor_door_leaf_Tile_1,Tile_1,152,130,88.8705,0.567605,0.579796,12.271,238.875,50.491,6.89509,129,0.394189,0.562958,0.471803,0.573078,34.6962,129,0.565881,0.562958,0.576242,0.573078,56.9723,129,0.484868,0.562958,0.530368,0.573078,44.6768,129,0.479337,0.562958,0.531211,0.573078,44.2426,129,0.585647,0.562958,0.583138,0.573078,60.0015,130,0.344088,0.567605,0.411536,0.579796,28.926,129,0.344906,0.562958,0.413093,0.573078,29.0237
indoor_door_leaf_Tile_1,Tile_1,153,74,84.7475,0.615602,0.72342,10.114,188.075,51.7699,6.91927,74,0.588761,0.615602,0.675012,0.72342,49.8923,74,0.616809,0.615602,0.726372,0.72342,58.1673,74,0.552172,0.615602,0.671784,0.72342,47.99,74,0.549754,0.615602,0.661987,0.72342,47.0769,74,0.591038,0.615602,0.705985,0.72342,54.2981,74,0.308497,0.615602,0.306525,0.72342,24.0088,74,0.308497,0.615602,0.306525,0.72342,24.0088
indoor_door_leaf_Tile_1,Tile_1,154,145,65.4998,0.512047,0.477454,18.228,175.368,34.0155,6.55496,145,0.421751,0.512047,0.401114,0.477454,28.216,145,0.514759,0.512047,0.482249,0.477454,38.5091,145,0.463698,0.512047,0.435859,0.477454,32.7295,145,0.452969,0.512047,0.431155,0.477454,31.8014,145,0.524571,0.512047,0.472256,0.477454,39.4687,145,0.200948,0.512047,0.199165,0.477454,13.3948,145,0.200948,0.512047,0.199165,0.477454,13.3948
indoor_door_leaf_Tile_1,Tile_1,155,143,137.301,0.562341,0.699585,26.125,249.662,78.5514,6.33057,142,0.486073,0.559179,0.595514,0.698631,65.0173,142,0.553205,0.559179,0.695536,0.698631,86.0097,142,0.493009,0.559179,0.609925,0.698631,68.0733,142,0.5244,0.559179,0.630953,0.698631,74.0957,142,0.53398,0.559179,0.668816,0.698631,80.3591,143,0.532858,0.562341,0.402009,0.699585,59.0325,142,0.53523,0.559179,0.402038,0.698631,59.1527
indoor_door_leaf_Tile_1,Tile_1,156,104,131.642,0.634572,0.735239,23.57,255,84.2142,5.12822,103,0.564016,0.631152,0.627034,0.735722,71.8426,103,0.623058,0.631152,0.731663,0.735722,92.1705,103,0.564505,0.631152,0.637441,0.735722,73.6616,103,0.570838,0.631152,0.641166,0.735722,74.564,103,0.592228,0.631152,0.694455,0.735722,83.6594,104,0.323101,0.634572,0.344072,0.735239,31.2865,103,0.319717,0.631152,0.341024,0.735722,30.7939
indoor_door_leaf_Tile_1,Tile_1,157,168,118.748,0.642396,0.657858,15.527,254.701,76.629,6.57583,167,0.544283,0.638203,0.556278,0.650477,62.4255,167,0.629804,0.638203,0.647079,0.650477,84.155,167,0.568675,0.638203,0.59586,0.650477,67.7261,167,0.563889,0.638203,0.592178,0.650477,67.0446,167,0.60225,0.638203,0.629758,0.650477,78.8575,168,0.290145,0.642396,0.341371,0.657858,26.4473,167,0.290154,0.638203,0.342067,0.650477,26.4879
indoor_door_leaf_Tile_1,Tile_1,158,71,87.3301,0.59926,0.686249,12.641,186.2,51.9167,6.94607,71,0.584193,0.59926,0.656008,0.686249,51.8264,71,0.600742,0.59926,0.689438,0.686249,58.3971,71,0.533821,0.59926,0.632965,0.686249,47.98,71,0.530285,0.59926,0.623032,0.686249,46.9113,71,0.573925,0.59926,0.666861,0.686249,54.2081,71,0.288585,0.59926,0.281055,0.686249,23.3637,71,0.288585,0.59926,0.281055,0.686249,23.3637
indoor_door_leaf_Tile_1,Tile_1,159,133,130.349,0.589781,0.723729,14.103,254.701,77.7822,5.07779,132,0.525537,0.586938,0.634167,0.723816,66.2752,132,0.580115,0.586938,0.721883,0.723816,85.2016,132,0.525456,0.586938,0.635852,0.723816,67.8422,132,0.536116,0.586938,0.642378,0.723816,69.8807,132,0.548524,0.586938,0.687871,0.723816,77.8593,133,0.455911,0.589781,0.415132,0.723729,49.0722,132,0.457409,0.586938,0.414625,0.723816,49.07
indoor_door_leaf_Tile_1,Tile_1,160,118,62.0084,0.559349,0.49505,18.794,173.69,34.8913,6.9083,118,0.373717,0.559349,0.374161,0.49505,23.4919,118,0.561503,0.559349,0.497652,0.49505,39.4329,118,0.475554,0.559349,0.451558,0.49505,30.9382,118,0.481989,0.559349,0.457205,0.49505,31.5129,118,0.580175,0.559349,0.493791,0.49505,41.0638,118,0.218939,0.559349,0.219795,0.49505,13.2279,118,0.218939,0.559349,0.219795,0.49505,13.2279
indoor_door_leaf_Tile_1,Tile_1,161,43,94.0193,0.635883,0.704961,13.826,192.336,59.1045,5.2722,43,0.606342,0.635883,0.648014,0.704961,56.1883,43,0.632856,0.635883,0.701811,0.704961,66.0332,43,0.569481,0.635883,0.634794,0.704961,52.5129,43,0.560502,0.635883,0.629701,0.704961,51.1359,43,0.599099,0.635883,0.673272,0.704961,60.081,43,0.212615,0.635883,0.228624,0.704961,15.1787,43,0.212615,0.635883,0.228624,0.704961,15.1787
indoor_door_leaf_Tile_1,Tile_1,162,122,68.1943,0.574662,0.541603,14.794,171.196,39.2953,6.92713,122,0.391391,0.574662,0.398701,0.541603,26.1241,122,0.576814,0.574662,0.544376,0.541603,44.4178,122,0.489249,0.574662,0.489843,0.541603,34.3841,122,0.492309,0.574662,0.494324,0.541603,34.7195,122,0.597175,0.574662,0.544363,0.541603,46.5993,122,0.227072,0.574662,0.22424,0.541603,14.1089,122,0.227072,0.574662,0.22424,0.541603,14.1089
indoor_door_leaf_Tile_1,Tile_1,163,162,69.3303,0.563267,0.558784,12.755,212.156,39.1616,6.90619,162,0.4484,0.563267,0.469572,0.558784,31.4002,162,0.563835,0.563267,0.561864,0.558784,44.0381,162,0.506612,0.563267,0.521329,0.558784,37.1489,162,0.504845,0.563267,0.520523,0.558784,36.8914,162,0.577343,0.563267,0.559566,0.558784,45.4164,162,0.267582,0.563267,0.254736,0.558784,18.5757,162,0.267582,0.563267,0.254736,0.558784,18.5757
indoor_door_leaf_Tile_1,Tile_1,164,118,129.365,0.659028,0.814373,13.402,255,85.8783,5.94867,117,0.589266,0.652853,0.697143,0.806897,73.1791,117,0.645061,0.652853,0.803607,0.806897,93.915,117,0.58785,0.652853,0.717871,0.806897,75.5484,117,0.592733,0.652853,0.723102,0.806897,76.5763,117,0.611618,0.652853,0.767487,0.806897,85.3395,118,0.430098,0.659028,0.402789,0.814373,44.7421,117,0.429763,0.652853,0.403561,0.806897,44.8377
indoor_door_leaf_Tile_1,Tile_1,165,127,117.559,0.729253,0.86155,18.559,255,86.7421,6.18854,126,0.660654,0.724531,0.75559,0.859158,75.0861,126,0.717466,0.724531,0.857013,0.859158,95.5116,126,0.661757,0.724531,0.775842,0.859158,78.1643,126,0.66202,0.724531,0.777802,0.859158,77.7842,126,0.690702,0.724531,0.823731,0.859158,88.5728,127,0.411058,0.729253,0.418859,0.86155,37.7607,126,0.412411,0.724531,0.420516,0.859158,37.9056
indoor_door_leaf_Tile_1,Tile_1,166,109,131.35,0.605299,0.675607,20.374,255,80.1333,5.77477,108,0.525467,0.598434,0.576138,0.663366,66.979,108,0.590281,0.598434,0.659118,0.663366,87.4579,108,0.527323,0.598434,0.592688,0.663366,70.2973,108,0.525628,0.598434,0.59393,0.663366,69.5722,108,0.557739,0.598434,0.63133,0.663366,79.4256,109,0.319798,0.605299,0.370709,0.675607,32.2581,108,0.319473,0.598434,0.371663,0.663366,32.3143
indoor_door_leaf_Tile_1,Tile_1,167,159,71.479,0.526822,0.499704,19.228,188.556,38.2108,6.85745,159,0.426154,0.526822,0.427497,0.499704,31.1233,159,0.527363,0.526822,0.502799,0.499704,42.98,159,0.469306,0.526822,0.465555,0.499704,35.9479,159,0.46284,0.526822,0.461993,0.499704,35.3182,159,0.539372,0.526822,0.497317,0.499704,44.3088,159,0.236907,0.526822,0.202338,0.499704,17.168,159,0.236907,0.526822,0.202338,0.499704,17.168
indoor_door_leaf_Tile_1,Tile_1,168,129,126.897,0.664115,0.784013,15.228,255,84.7844,5.4347,128,0.590429,0.658899,0.676362,0.778538,72.1954,128,0.650688,0.658899,0.775559,0.778538,92.9303,128,0.592397,0.658899,0.697355,0.778538,74.9021,128,0.595591,0.658899,0.69859,0.778538,75.1549,128,0.620721,0.658899,0.749545,0.778538,85.771,129,0.393682,0.664115,0.369033,0.784013,39.3598,128,0.394238,0.658899,0.370242,0.778538,39.4801
indoor_door_leaf_Tile_1,Tile_1,169,128,89.509,0.521731,0.561449,11.157,202.684,46.843,6.92744,128,0.367288,0.521731,0.453481,0.561449,32.6633,128,0.523999,0.521731,0.565541,0.561449,52.9866,128,0.449,0.521731,0.504346,0.561449,41.5374,128,0.444419,0.521731,0.506839,0.561449,41.2042,128,0.543296,0.521731,0.55975,0.561449,55.6814,128,0.291477,0.521731,0.350921,0.561449,24.0597,128,0.291477,0.521731,0.350921,0.561449,24.0597
indoor_door_leaf_Tile_1,Tile_1,170,139,132.547,0.573269,0.697518,13.598,252.907,77.064,4.92003,138,0.499712,0.57059,0.606535,0.697455,64.6877,138,0.563929,0.57059,0.695373,0.697455,84.408,138,0.504175,0.57059,0.610586,0.697455,66.954,138,0.526507,0.57059,0.622627,0.697455,70.7869,138,0.536684,0.57059,0.662503,0.697455,77.4694,139,0.42431,0.573269,0.38848,0.697518,44.9672,138,0.424922,0.57059,0.38737,0.697455,44.8565
indoor_door_leaf_Tile_1,Tile_1,171,128,135.726,0.575213,0.722486,12.712,254.103,79.0938,4.8996,127,0.509247,0.572626,0.631699,0.723136,67.0316,127,0.566392,0.572626,0.720954,0.723136,86.6552,127,0.513048,0.572626,0.63403,0.723136,69.006,127,0.532245,0.572626,0.646534,0.723136,72.6128,127,0.535346,0.572626,0.685248,0.723136,79.0379,128,0.432518,0.575213,0.399344,0.722486,47.8266,127,0.432821,0.572626,0.397769,0.723136,47.6269
indoor_door_leaf_Tile_1,Tile_1,172,128,79.4237,0.505543,0.514134,23.869,196.211,40.2493,6.95987,128,0.38388,0.505543,0.401559,0.514134,30.3297,128,0.507907,0.505543,0.517647,0.514134,45.5443,128,0.440176,0.505543,0.458979,0.514134,36.1129,128,0.435748,0.505543,0.458787,0.514134,35.7582,128,0.521693,0.505543,0.515196,0.514134,47.4064,128,0.312328,0.505543,0.308657,0.514134,22.761,128,0.312328,0.505543,0.308657,0.514134,22.761
indoor_door_leaf_Tile_1,Tile_1,173,166,66.7707,0.548705,0.547424,13.456,191.705,36.8122,6.81277,166,0.445613,0.548705,0.458291,0.547424,30.0563,166,0.548846,0.548705,0.550228,0.547424,41.3667,166,0.497374,0.548705,0.509023,0.547424,35.2042,166,0.495886,0.548705,0.508877,0.547424,35.0071,166,0.560875,0.548705,0.550162,0.547424,42.612,166,0.280057,0.548705,0.264024,0.547424,18.7006,166,0.280057,0.548705,0.264024,0.547424,18.7006
indoor_door_leaf_Tile_1,Tile_1,174,83,88.2886,0.607835,0.703635,12.456,186.039,52.999,6.55139,83,0.57725,0.607835,0.649121,0.703635,51.2269,83,0.607259,0.607835,0.705073,0.703635,59.2992,83,0.53968,0.607835,0.650465,0.703635,48.3407,83,0.541729,0.607835,0.642199,0.703635,47.8232,83,0.586983,0.607835,0.689094,0.703635,55.7215,83,0.288025,0.607835,0.284461,0.703635,22.2996,83,0.288025,0.607835,0.284461,0.703635,22.2996
indoor_door_leaf_Tile_1,Tile_1,175,148,124.424,0.607501,0.621018,25.445,255,75.8698,6.90285,147,0.518995,0.602737,0.522697,0.61226,62.6988,147,0.593627,0.602737,0.608673,0.61226,83.0175,147,0.525651,0.602737,0.541216,0.61226,65.8774,147,0.52575,0.602737,0.542157,0.61226,65.7197,147,0.567327,0.602737,0.59057,0.61226,77.1034,148,0.294416,0.607501,0.31985,0.621018,27.99,147,0.294687,0.602737,0.320699,0.61226,28.05
indoor_door_leaf_Tile_1,Tile_1,176,125,68.622,0.543404,0.510559,17.968,171.288,37.4476,6.69371,125,0.382016,0.543404,0.375162,0.510559,26.1086,125,0.545757,0.543404,0.513629,0.510559,42.3617,125,0.460634,0.543404,0.460559,0.510559,32.7525,125,0.466731,0.543404,0.466594,0.510559,33.3328,125,0.566724,0.543404,0.515552,0.510559,44.5041,125,0.171805,0.543404,0.183283,0.510559,10.9643,125,0.171805,0.543404,0.183283,0.510559,10.9643
indoor_door_leaf_Tile_1,Tile_1,177,151,68.6452,0.484821,0.463915,20.837,166.912,33.6653,6.84074,151,0.409962,0.484821,0.395422,0.463915,28.7983,151,0.48401,0.484821,0.466125,0.463915,37.7649,151,0.436621,0.484821,0.422778,0.463915,32.1164,151,0.430179,0.484821,0.421954,0.463915,31.554,151,0.491738,0.484821,0.460084,0.463915,38.6387,151,0.27407,0.484821,0.228267,0.463915,18.9154,151,0.27407,0.484821,0.228267,0.463915,18.9154
indoor_door_leaf_Tile_1,Tile_1,178,135,134.487,0.556838,0.657806,28.869,254.701,76.0062,4.77254,134,0.47849,0.553142,0.555516,0.655502,62.7779,134,0.546845,0.553142,0.652536,0.655502,83.0495,134,0.48619,0.553142,0.566176,0.655502,65.5818,134,0.512334,0.553142,0.585764,0.655502,70.5274,134,0.5212,0.553142,0.61602,0.655502,76.2396,135,0.512009,0.556838,0.368732,0.657806,55.5365,134,0.514419,0.553142,0.369119,0.655502,55.6855
indoor_door_leaf_Tile_1,Tile_1,179,113,138.42,0.600102,0.790787,9.011,255,83.8287,4.75538,112,0.531165,0.597052,0.693041,0.792033,71.33,112,0.590383,0.597052,0.789488,0.792033,91.895,112,0.533729,0.597052,0.709238,0.792033,72.9516,112,0.541881,0.597052,0.714543,0.792033,74.5393,112,0.556129,0.597052,0.750449,0.792033,83.1482,113,0.442495,0.600102,0.369867,0.790787,49.1928,112,0.443418,0.597052,0.368181,0.792033,49.03
indoor_door_leaf_Tile_1,Tile_1,180,130,127.358,0.64141,0.779295,8.641,255,82.0046,5.68034,129,0.570534,0.63588,0.665548,0.772303,69.0249,129,0.6269,0.63588,0.768936,0.772303,89.5975,129,0.567218,0.63588,0.691167,0.772303,71.9139,129,0.572358,0.63588,0.693306,0.772303,72.5922,129,0.594422,0.63588,0.742119,0.772303,82.1775,130,0.430253,0.64141,0.413827,0.779295,44.2798,129,0.43021,0.63588,0.414824,0.772303,44.3805
indoor_door_leaf_Tile_1,Tile_1,181,127,67.226,0.54813,0.534236,12.157,167.026,37.0665,6.62571,127,0.41142,0.54813,0.406307,0.534236,27.6004,127,0.550351,0.54813,0.536815,0.534236,41.9154,127,0.467081,0.54813,0.472382,0.534236,32.6928,127,0.47004,0.54813,0.477917,0.534236,32.904,127,0.569915,0.54813,0.537949,0.534236,43.9,127,0.190966,0.54813,0.203173,0.534236,12.2474,127,0.190966,0.54813,0.203173,0.534236,12.2474
indoor_door_leaf_Tile_1,Tile_1,182,36,116.269,0.659658,0.752476,19.043,255,76.34,2.52217,36,0.572276,0.659658,0.647529,0.752476,66.6547,36,0.651705,0.659658,0.747993,0.752476,84.4697,36,0.626233,0.659658,0.679415,0.752476,71.4771,36,0.605034,0.659658,0.665577,0.752476,67.2929,36,0.63617,0.659658,0.734874,0.752476,77.7498,36,0.315335,0.659658,0.319975,0.752476,23.4369,36,0.315335,0.659658,0.319975,0.752476,23.4369
indoor_door_leaf_Tile_1,Tile_1,183,128,73.5832,0.624318,0.583351,18.929,199.912,46.1121,6.96626,128,0.476164,0.624318,0.464662,0.583351,34.3602,128,0.626504,0.624318,0.586867,0.583351,52.1264,128,0.545054,0.624318,0.51487,0.583351,41.0762,128,0.54087,0.624318,0.519137,0.583351,40.8366,128,0.646413,0.624318,0.587951,0.583351,54.6346,128,0.30375,0.624318,0.307738,0.583351,19.7448,128,0.30375,0.624318,0.307738,0.583351,19.7448
indoor_door_leaf_Tile_1,Tile_1,184,139,67.1191,0.504888,0.477638,19.082,166.944,34.4115,6.30841,139,0.348065,0.504888,0.379105,0.477638,23.7751,139,0.507672,0.504888,0.483138,0.477638,38.9561,139,0.420661,0.504888,0.413396,0.477638,30.1727,139,0.42702,0.504888,0.419811,0.477638,30.7382,139,0.519864,0.504888,0.474966,0.477638,40.2391,139,0.161192,0.504888,0.167266,0.477638,11.4415,139,0.161192,0.504888,0.167266,0.477638,11.4415
indoor_door_leaf_Tile_1,Tile_1,185,156,72.4544,0.505966,0.480632,21.901,172.854,36.9009,6.78337,156,0.410437,0.505966,0.403536,0.480632,29.9573,156,0.505963,0.505966,0.483254,0.480632,41.4729,156,0.445438,0.505966,0.435449,0.480632,34.2583,156,0.441761,0.505966,0.433802,0.480632,33.8713,156,0.514322,0.505966,0.473816,0.480632,42.3532,156,0.241107,0.505966,0.200111,0.480632,17.1869,156,0.241107,0.505966,0.200111,0.480632,17.1869
indoor_door_leaf_Tile_1,Tile_1,186,54,97.681,0.628945,0.698395,22.185,194.716,60.9237,5.40199,54,0.562222,0.628945,0.601998,0.698395,52.7533,54,0.624501,0.628945,0.693526,0.698395,67.6508,54,0.575506,0.628945,0.626233,0.698395,55.0887,54,0.571331,0.628945,0.621718,0.698395,53.9558,54,0.601255,0.628945,0.667223,0.698395,62.2256,54,0.237125,0.628945,0.232172,0.698395,17.6871,54,0.237125,0.628945,0.232172,0.698395,17.6871
indoor_door_leaf_Tile_1,Tile_1,187,136,91.6475,0.72511,0.765781,9.858,254.886,67.6714,5.85822,134,0.640985,0.718588,0.688006,0.764306,58.0703,134,0.715752,0.718588,0.762917,0.764306,75.2449,134,0.633369,0.718588,0.698154,0.764306,59.1093,134,0.64915,0.718588,0.700019,0.764306,60.3976,134,0.689802,0.718588,0.735393,0.764306,69.9948,136,0.400265,0.72511,0.378434,0.765781,29.0557,134,0.402959,0.718588,0.380778,0.764306,29.244
indoor_door_leaf_Tile_1,Tile_1,188,99,92.1752,0.617071,0.727145,9.912,195.94,56.1224,5.99212,99,0.567897,0.617071,0.665399,0.727145,51.624,99,0.614534,0.617071,0.726231,0.727145,62.398,99,0.549331,0.617071,0.671131,0.727145,50.717,99,0.562175,0.617071,0.670523,0.727145,51.6344,99,0.5909,0.617071,0.704131,0.727145,57.9098,99,0.284578,0.617071,0.296507,0.727145,22.013,99,0.284578,0.617071,0.296507,0.727145,22.013
indoor_door_leaf_Tile_1,Tile_1,189,138,62.5988,0.530966,0.496839,17.31,165.099,33.6751,6.46659,138,0.380358,0.530966,0.403691,0.496839,24.2934,138,0.533722,0.530966,0.501937,0.496839,38.1091,138,0.446666,0.530966,0.435286,0.496839,29.8675,138,0.455674,0.530966,0.444271,0.496839,30.6153,138,0.549125,0.530966,0.497613,0.496839,39.5924,138,0.194352,0.530966,0.203256,0.496839,13.0232,138,0.194352,0.530966,0.203256,0.496839,13.0232
indoor_door_leaf_Tile_1,Tile_1,190,73,105.458,0.731569,0.680088,21.157,255,77.1872,7.06578,73,0.594115,0.731569,0.573931,0.680088,63.5915,73,0.721095,0.731569,0.675257,0.680088,84.2812,73,0.611504,0.731569,0.582444,0.680088,65.7465,73,0.636368,0.731569,0.597965,0.680088,68.687,73,0.68503,0.731569,0.640324,0.680088,76.7429,73,0.298466,0.731569,0.323893,0.680088,27.3291,73,0.298466,0.731569,0.323893,0.680088,27.3291
indoor_door_leaf_Tile_1,Tile_1,191,163,67.3651,0.473608,0.477162,15.641,165.765,32.3658,6.88572,163,0.394506,0.473608,0.410166,0.477162,27.4035,163,0.473255,0.473608,0.480359,0.477162,36.3285,163,0.430696,0.473608,0.445998,0.477162,31.2646,163,0.426881,0.473608,0.443596,0.477162,30.9516,163,0.479537,0.473608,0.475204,0.477162,37.0895,163,0.233061,0.473608,0.205756,0.477162,16.4774,163,0.233061,0.473608,0.205756,0.477162,16.4774
indoor_door_leaf_Tile_1,Tile_1,192,132,118.064,0.672297,0.785828,10.527,255,79.9325,6.09449,131,0.592306,0.667071,0.699821,0.779713,68.4236,131,0.658097,0.667071,0.775104,0.779713,87.5278,131,0.600545,0.667071,0.723052,0.779713,71.7728,131,0.600141,0.667071,0.722304,0.779713,71.1393,131,0.621883,0.667071,0.756431,0.779713,79.7978,132,0.446654,0.672297,0.472901,0.785828,42.1456,131,0.446979,0.667071,0.47444,0.779713,42.2544
indoor_door_leaf_Tile_1,Tile_1,193,129,67.1695,0.541448,0.510193,17.787,194.912,36.6939,6.83799,129,0.401577,0.541448,0.393276,0.510193,27.086,129,0.543634,0.541448,0.512483,0.510193,41.4893,129,0.463006,0.541448,0.467765,0.510193,32.5316,129,0.459221,0.541448,0.465538,0.510193,32.2783,129,0.563088,0.541448,0.51009,0.510193,43.4057,129,0.257373,0.541448,0.279331,0.510193,16.2134,129,0.257373,0.541448,0.279331,0.510193,16.2134
indoor_door_leaf_Tile_1,Tile_1,194,58,101.136,0.631787,0.743623,23.082,194.168,63.7567,5.40201,57,0.571063,0.620775,0.647696,0.733011,56.6559,57,0.614907,0.620775,0.726781,0.733011,70.1301,57,0.573434,0.620775,0.660577,0.733011,57.6372,57,0.570758,0.620775,0.663555,0.733011,57.3235,57,0.597109,0.620775,0.700413,0.733011,65.3532,58,0.224981,0.631787,0.229163,0.743623,17.1556,57,0.226967,0.620775,0.231127,0.733011,17.2855
indoor_door_leaf_Tile_1,Tile_1,195,65,111.03,0.641493,0.64747,24.456,255,71.5993,6.11852,65,0.534104,0.641493,0.546411,0.64747,59.8329,65,0.631529,0.641493,0.640329,0.64747,78.3678,65,0.560046,0.641493,0.562196,0.64747,63.1132,65,0.556116,0.641493,0.564411,0.64747,62.4977,65,0.599833,0.641493,0.616027,0.64747,70.7697,65,0.321556,0.641493,0.351687,0.64747,27.152,65,0.321556,0.641493,0.351687,0.64747,27.152
indoor_door_leaf_Tile_1,Tile_1,196,133,121.967,0.657913,0.765247,11.054,255,80.5561,5.95978,132,0.58295,0.652472,0.67612,0.757602,69.2302,132,0.642021,0.652472,0.753886,0.757602,87.8888,132,0.579191,0.652472,0.688115,0.757602,71.0124,132,0.585584,0.652472,0.690683,0.757602,71.6145,132,0.60597,0.652472,0.727976,0.757602,80.2505,133,0.41406,0.657913,0.406148,0.765247,41.6437,132,0.413638,0.652472,0.406776,0.757602,41.7039
indoor_door_leaf_Tile_1,Tile_1,197,131,124.297,0.645934,0.767207,11.168,255,80.644,5.84825,130,0.568062,0.640316,0.676605,0.759158,68.9736,130,0.630268,0.640316,0.755877,0.759158,88.0051,130,0.566695,0.640316,0.691393,0.759158,70.8592,130,0.57134,0.640316,0.693028,0.759158,71.2363,130,0.593022,0.640316,0.730161,0.759158,80.1242,131,0.410221,0.645934,0.412804,0.767207,41.9957,130,0.409658,0.640316,0.413373,0.759158,42.0475
indoor_door_leaf_Tile_1,Tile_1,198,139,70.0982,0.575857,0.531331,15.854,175.271,40.5119,6.68964,138,0.415643,0.57267,0.408172,0.527912,29.2168,138,0.57491,0.57267,0.530312,0.527912,45.7588,138,0.490002,0.57267,0.48234,0.527912,35.7987,138,0.490908,0.57267,0.483766,0.527912,35.9098,138,0.594336,0.57267,0.528782,0.527912,47.9313,139,0.245728,0.575857,0.223941,0.531331,16.7962,138,0.246549,0.57267,0.224302,0.527912,16.8356
indoor_door_leaf_Tile_1,Tile_1,199,165,67.7262,0.542354,0.533527,14.869,171.847,37.0619,6.9058,165,0.434158,0.542354,0.448977,0.533527,29.9952,165,0.542838,0.542354,0.536338,0.533527,41.6685,165,0.485297,0.542354,0.501155,0.533527,35.1597,165,0.480507,0.542354,0.497454,0.533527,34.6901,165,0.553823,0.542354,0.532305,0.533527,42.8494,165,0.248757,0.542354,0.232959,0.533527,17.4204,165,0.248757,0.542354,0.232959,0.533527,17.4204
indoor_door_leaf_Tile_1,Tile_1,200,128,118.321,0.689791,0.764108,12.424,255,82.2539,6.30426,127,0.606836,0.684326,0.659308,0.756761,70.044,127,0.675294,0.684326,0.752192,0.756761,89.9932,127,0.611883,0.684326,0.688663,0.756761,73.3125,127,0.61346,0.684326,0.694106,0.756761,73.3114,127,0.63839,0.684326,0.726087,0.756761,81.9463,128,0.432928,0.689791,0.433586,0.764108,42.131,127,0.432781,0.684326,0.434647,0.756761,42.215
indoor_door_leaf_Tile_1,Tile_1,201,133,126.496,0.642204,0.754634,12.082,255,81.526,5.42327,132,0.568903,0.640349,0.667403,0.756147,69.3888,132,0.631558,0.640349,0.752703,0.756147,89.389,132,0.572755,0.640349,0.679286,0.756147,71.8791,132,0.577868,0.640349,0.683575,0.756147,72.7273,132,0.596946,0.640349,0.721365,0.756147,81.5293,133,0.379988,0.642204,0.355563,0.754634,38.8368,132,0.377539,0.640349,0.352511,0.756147,38.364
indoor_door_leaf_Tile_1,Tile_1,202,157,69.4951,0.486601,0.462448,16.31,181.48,34.0158,6.78831,157,0.396928,0.486601,0.391763,0.462448,28.0706,157,0.48602,0.486601,0.464886,0.462448,38.1891,157,0.432884,0.486601,0.422221,0.462448,32.1423,157,0.42838,0.486601,0.420106,0.462448,31.7091,157,0.496887,0.486601,0.45899,0.462448,39.226,157,0.238222,0.486601,0.197717,0.462448,16.4085,157,0.238222,0.486601,0.197717,0.462448,16.4085
indoor_door_leaf_Tile_1,Tile_1,203,134,119.829,0.709926,0.84496,16.886,255,85.5986,5.82281,133,0.637157,0.704716,0.742086,0.839572,73.4434,133,0.695578,0.704716,0.836326,0.839572,93.7866,133,0.639459,0.704716,0.760958,0.839572,76.5902,133,0.642564,0.704716,0.763681,0.839572,76.7211,133,0.664482,0.704716,0.813575,0.839572,86.7458,134,0.492673,0.709926,0.469797,0.84496,47.1417,133,0.492805,0.704716,0.471135,0.839572,47.2539
indoor_door_leaf_Tile_1,Tile_1,204,130,126.787,0.6448,0.75919,14.587,255,82.0999,5.48669,129,0.569706,0.640075,0.668223,0.755177,69.9367,129,0.631124,0.640075,0.751875,0.755177,89.7425,129,0.572611,0.640075,0.681729,0.755177,72.5605,129,0.5781,0.640075,0.685438,0.755177,73.4398,129,0.596896,0.640075,0.721419,0.755177,81.9391,130,0.463097,0.6448,0.381383,0.75919,48.5824,129,0.464491,0.640075,0.382856,0.755177,48.7551
indoor_door_leaf_Tile_1,Tile_1,205,125,68.3439,0.493193,0.453419,25.787,164.153,33.8784,6.84214,125,0.316943,0.493193,0.322655,0.453419,21.9255,125,0.495505,0.493193,0.456469,0.453419,38.3309,125,0.412323,0.493193,0.398442,0.453419,29.5003,125,0.412092,0.493193,0.400474,0.453419,29.5359,125,0.515641,0.493193,0.456408,0.453419,40.2381,125,0.22506,0.493193,0.244559,0.453419,14.8006,125,0.22506,0.493193,0.244559,0.453419,14.8006
indoor_door_leaf_Tile_1,Tile_1,206,49,88.83,0.670842,0.706374,21.847,222.945,59.8308,5.84565,48,0.581553,0.660967,0.616068,0.701124,51.8148,48,0.65506,0.660967,0.698033,0.701124,66.4298,48,0.598755,0.660967,0.630894,0.701124,53.7857,48,0.597896,0.660967,0.632955,0.701124,53.6719,48,0.648093,0.660967,0.689456,0.701124,64.2128,49,0.224894,0.670842,0.229198,0.706374,16.6667,48,0.225986,0.660967,0.229245,0.701124,16.6942
indoor_door_leaf_Tile_1,Tile_1,207,38,116.863,0.652852,0.715114,23.228,250.57,77.1559,5.42859,38,0.572833,0.652852,0.610273,0.715114,66.7499,38,0.642756,0.652852,0.705096,0.715114,84.3704,38,0.609114,0.652852,0.64916,0.715114,72.9145,38,0.589408,0.652852,0.634585,0.715114,68.6944,38,0.630669,0.652852,0.69306,0.715114,77.9965,38,0.304052,0.652852,0.310768,0.715114,23.8258,38,0.304052,0.652852,0.310768,0.715114,23.8258
indoor_door_leaf_Tile_1,Tile_1,208,100,142.813,0.558065,0.774678,16.815,255,80.3778,3.80285,99,0.498135,0.550475,0.690518,0.76562,68.3332,99,0.543652,0.550475,0.762116,0.76562,87.5818,99,0.501985,0.550475,0.709049,0.76562,70.6357,99,0.508956,0.550475,0.711415,0.76562,72.1768,99,0.521031,0.550475,0.743307,0.76562,80.2892,100,0.496092,0.558065,0.421847,0.774678,56.5837,99,0.496738,0.550475,0.423546,0.76562,56.7944
indoor_door_leaf_Tile_1,Tile_1,209,139,100.232,0.71399,0.814499,13.174,255,72.8466,6.02673,137,0.635388,0.705645,0.717211,0.809354,62.7351,137,0.702665,0.705645,0.809115,0.809354,80.8379,137,0.643249,0.705645,0.733728,0.809354,65.7223,137,0.661057,0.705645,0.737781,0.809354,67.4785,137,0.692029,0.705645,0.782976,0.809354,77.0483,139,0.714387,0.71399,0.456987,0.814499,59.858,137,0.715929,0.705645,0.459557,0.809354,60.2151
indoor_door_leaf_Tile_1,Tile_1,210,133,130.461,0.633872,0.802398,17.869,255,83.249,5.64499,132,0.560409,0.627807,0.693325,0.792236,71.0542,132,0.618978,0.627807,0.790968,0.792236,91.0234,132,0.562972,0.627807,0.709588,0.792236,73.6865,132,0.566603,0.627807,0.710195,0.792236,73.9272,132,0.590349,0.627807,0.759833,0.792236,84.0334,133,0.547529,0.633872,0.446176,0.802398,59.2139,132,0.546239,0.627807,0.445661,0.792236,59.2826
indoor_door_leaf_Tile_1,Tile_1,211,131,94.8501,0.538943,0.5374,11.314,254.103,51.0603,6.91808,131,0.400434,0.538943,0.441749,0.5374,37.5867,131,0.540029,0.538943,0.540464,0.5374,57.5734,131,0.462211,0.538943,0.487429,0.5374,44.9665,131,0.457712,0.538943,0.485704,0.5374,44.5297,131,0.554023,0.538943,0.540601,0.5374,59.8963,131,0.341186,0.538943,0.380779,0.5374,30.0073,131,0.341186,0.538943,0.380779,0.5374,30.0073
indoor_door_leaf_Tile_1,Tile_1,212,124,69.306,0.548423,0.507186,19.598,170.512,38.0521,6.75657,124,0.398243,0.548423,0.388827,0.507186,27.3998,124,0.550549,0.548423,0.509589,0.507186,43.0243,124,0.463056,0.548423,0.453913,0.507186,33.0938,124,0.466127,0.548423,0.458624,0.507186,33.4213,124,0.572915,0.548423,0.51282,0.507186,45.3513,124,0.204411,0.548423,0.196358,0.507186,13.2206,124,0.204411,0.548423,0.196358,0.507186,13.2206
indoor_door_leaf_Tile_1,Tile_1,213,170,70.3787,0.519524,0.514926,12.755,169.131,36.6103,6.94263,170,0.408354,0.519524,0.424624,0.514926,29.0983,170,0.520338,0.519524,0.518268,0.514926,41.2001,170,0.460027,0.519524,0.476337,0.514926,34.2351,170,0.45709,0.519524,0.4747,0.514926,33.8744,170,0.534306,0.519524,0.514117,0.514926,42.6676,170,0.215556,0.519524,0.201756,0.514926,15.538,170,0.215556,0.519524,0.201756,0.514926,15.538
indoor_door_leaf_Tile_1,Tile_1,214,124,74.7271,0.507435,0.465415,23.082,171.901,37.8327,6.81904,124,0.339628,0.507435,0.321045,0.465415,24.964,124,0.509774,0.507435,0.468738,0.465415,42.8063,124,0.418896,0.507435,0.396669,0.465415,32.0224,124,0.420842,0.507435,0.401556,0.465415,32.261,124,0.533637,0.507435,0.475581,0.465415,45.5254,124,0.200314,0.507435,0.188891,0.465415,13.3475,124,0.200314,0.507435,0.188891,0.465415,13.3475
indoor_door_leaf_Tile_1,Tile_1,215,116,66.3479,0.583627,0.528674,19.527,181.017,38.7681,6.94989,116,0.416608,0.583627,0.413869,0.528674,27.6942,116,0.585982,0.583627,0.530455,0.528674,43.8139,116,0.500813,0.583627,0.488041,0.528674,34.4717,116,0.50577,0.583627,0.493482,0.528674,34.9398,116,0.603605,0.583627,0.53305,0.528674,45.5995,116,0.250286,0.583627,0.257496,0.528674,15.7625,116,0.250286,0.583627,0.257496,0.528674,15.7625
indoor_door_leaf_Tile_1,Tile_1,216,124,128.873,0.660302,0.796114,18.527,255,85.3909,5.51248,123,0.601052,0.654573,0.695302,0.789315,74.8099,123,0.645821,0.654573,0.787064,0.789315,93.3823,123,0.591542,0.654573,0.707828,0.789315,75.9667,123,0.594865,0.654573,0.708743,0.789315,76.4185,123,0.61468,0.654573,0.759154,0.789315,85.8091,124,0.708553,0.660302,0.482445,0.796114,78.5883,123,0.708956,0.654573,0.483868,0.789315,78.8344
indoor_door_leaf_Tile_1,Tile_1,217,128,128.392,0.622289,0.697296,18.712,255,80.3948,5.89853,127,0.554543,0.617926,0.610425,0.693724,69.5677,127,0.608459,0.617926,0.689388,0.693724,87.78,127,0.546756,0.617926,0.620792,0.693724,70.7889,127,0.552647,0.617926,0.623716,0.693724,71.3752,127,0.574265,0.617926,0.668521,0.693724,80.4362,128,0.631679,0.622289,0.450804,0.697296,71.0732,127,0.634111,0.617926,0.452476,0.693724,71.3487
indoor_door_leaf_Tile_1,Tile_1,218,112,136.249,0.514306,0.639926,28.31,255,71.0236,2.78571,111,0.475253,0.508505,0.576076,0.633432,61.9595,111,0.504407,0.508505,0.630598,0.633432,77.7051,111,0.480402,0.508505,0.586026,0.633432,64.3363,111,0.486799,0.508505,0.596761,0.633432,66.1143,111,0.480673,0.508505,0.603247,0.633432,71.3534,112,0.460701,0.514306,0.403268,0.639926,49.4943,111,0.462999,0.508505,0.404838,0.633432,49.7087
indoor_door_leaf_Tile_1,Tile_1,219,127,131.685,0.58736,0.62848,21.299,255,77.8612,6.55252,126,0.517511,0.589041,0.554247,0.630946,67.0444,126,0.580663,0.589041,0.627063,0.630946,85.6446,126,0.519862,0.589041,0.565809,0.630946,69.1693,126,0.52332,0.589041,0.571644,0.630946,69.2183,126,0.547358,0.589041,0.600175,0.630946,78.1217,127,0.667226,0.58736,0.467524,0.62848,79.0485,126,0.655331,0.589041,0.456196,0.630946,76.4123
indoor_door_leaf_Tile_1,Tile_1,220,167,71.8963,0.508392,0.52492,12.456,166.501,36.4808,6.96521,167,0.405915,0.508392,0.436852,0.52492,29.5314,167,0.509228,0.508392,0.528025,0.52492,41.0511,167,0.450901,0.508392,0.48575,0.52492,34.1284,167,0.449643,0.508392,0.48464,0.52492,33.8934,167,0.524563,0.508392,0.527027,0.52492,42.7443,167,0.235921,0.508392,0.2255,0.52492,17.4843,167,0.235921,0.508392,0.2255,0.52492,17.4843
indoor_door_leaf_Tile_1,Tile_1,221,77,79.0198,0.618937,0.664815,16.697,181.452,48.2988,7.11784,77,0.585984,0.618937,0.640557,0.664815,48.5599,77,0.617169,0.618937,0.666221,0.664815,53.8506,77,0.547706,0.618937,0.620287,0.664815,44.7773,77,0.550774,0.618937,0.611845,0.664815,44.253,77,0.592294,0.618937,0.64104,0.664815,50.3125,77,0.242388,0.618937,0.213044,0.664815,19.6624,77,0.242388,0.618937,0.213044,0.664815,19.6624
indoor_door_leaf_Tile_1,Tile_1,222,127,62.3099,0.436954,0.42936,15.071,150.181,27.7255,6.73895,127,0.309162,0.436954,0.367459,0.42936,20.4306,127,0.440128,0.436954,0.435616,0.42936,31.429,127,0.363364,0.436954,0.372261,0.42936,24.6548,127,0.369249,0.436954,0.37537,0.42936,25.0885,127,0.451755,0.436954,0.425738,0.42936,32.4572,127,0.161504,0.436954,0.166728,0.42936,11.2392,127,0.161504,0.436954,0.166728,0.42936,11.2392
indoor_door_leaf_Tile_1,Tile_1,223,50,96.3013,0.54817,0.487372,25.598,253.239,53.3466,7.1198,50,0.433808,0.54817,0.400558,0.487372,45.1854,50,0.540653,0.54817,0.48726,0.487372,58.831,50,0.413633,0.54817,0.395912,0.487372,42.7351,50,0.437088,0.54817,0.405882,0.487372,45.0123,50,0.49519,0.54817,0.450907,0.487372,52.6426,50,0.294211,0.54817,0.33317,0.487372,28.8724,50,0.294211,0.54817,0.33317,0.487372,28.8724
indoor_door_leaf_Tile_1,Tile_1,224,128,72.9057,0.502884,0.464962,23.043,179.091,36.5641,6.90014,128,0.379015,0.502884,0.343071,0.464962,27.7431,128,0.505032,0.502884,0.467463,0.464962,41.3496,128,0.42098,0.502884,0.420554,0.464962,31.6927,128,0.419926,0.502884,0.42033,0.464962,31.6504,128,0.526674,0.502884,0.470001,0.464962,43.6818,128,0.207347,0.502884,0.210567,0.464962,14.436,128,0.207347,0.502884,0.210567,0.464962,14.436
indoor_door_leaf_Tile_1,Tile_1,225,137,63.6182,0.509992,0.442308,17.783,187.182,33.0476,6.81411,137,0.385786,0.509992,0.36682,0.442308,25.5379,137,0.512876,0.509992,0.446886,0.442308,37.3947,137,0.428613,0.509992,0.394703,0.442308,29.373,137,0.425216,0.509992,0.392906,0.442308,29.1156,137,0.528303,0.509992,0.441342,0.442308,38.8628,137,0.198206,0.509992,0.179471,0.442308,13.9496,137,0.198206,0.509992,0.179471,0.442308,13.9496
indoor_door_leaf_Tile_1,Tile_1,226,96,147.133,0.456913,0.59218,27.886,254.114,69.1241,2.87291,95,0.41633,0.459046,0.535703,0.595207,59.8875,95,0.453476,0.459046,0.590009,0.595207,76.1105,95,0.413589,0.459046,0.535056,0.595207,60.5398,95,0.423355,0.459046,0.539684,0.595207,62.5537,95,0.432051,0.459046,0.563071,0.595207,69.3557,96,0.698065,0.456913,0.435499,0.59218,89.5329,95,0.674587,0.459046,0.415298,0.595207,84.2752
indoor_door_leaf_Tile_1,Tile_1,227,131,132.277,0.575699,0.671932,15.071,255,77.3089,6.15574,129,0.52687,0.575213,0.58593,0.673208,69.3049,129,0.572417,0.575213,0.671545,0.673208,86.0105,129,0.526006,0.575213,0.604369,0.673208,71.4076,129,0.541334,0.575213,0.614656,0.673208,73.6471,129,0.56687,0.575213,0.655385,0.673208,82.9109,131,0.854476,0.575699,0.666492,0.671932,120.356,129,0.850306,0.575213,0.659556,0.673208,117.961
indoor_door_leaf_Tile_1,Tile_1,228,81,77.4959,0.571652,0.608439,17.271,217.924,44.3209,6.90029,81,0.55278,0.571652,0.587028,0.608439,44.5172,81,0.565336,0.571652,0.60711,0.608439,48.9141,81,0.520341,0.571652,0.57102,0.608439,41.9082,81,0.517034,0.571652,0.561334,0.608439,41.0519,81,0.551116,0.571652,0.589191,0.608439,46.4722,81,0.319392,0.571652,0.283301,0.608439,23.8972,81,0.319392,0.571652,0.283301,0.608439,23.8972
indoor_door_leaf_Tile_1,Tile_1,229,130,98.4013,0.561702,0.526597,11.168,255,55.281,6.92672,129,0.444346,0.564098,0.456987,0.526052,43.9575,129,0.558486,0.564098,0.52465,0.526052,61.2888,129,0.470132,0.564098,0.487233,0.526052,47.2756,129,0.482239,0.564098,0.491445,0.526052,48.883,129,0.546626,0.564098,0.523892,0.526052,60.1547,130,0.577338,0.561702,0.457098,0.526597,56.8913,129,0.482181,0.564098,0.433799,0.526052,46.0762
indoor_door_leaf_Tile_1,Tile_1,230,61,73.9161,0.616237,0.644582,13.228,172.268,44.8733,6.92297,61,0.599973,0.616237,0.641151,0.644582,46.3399,61,0.61772,0.616237,0.649894,0.644582,50.5734,61,0.537877,0.616237,0.58695,0.644582,41.3352,61,0.541082,0.616237,0.57785,0.644582,40.9709,61,0.583165,0.616237,0.621846,0.644582,46.3329,61,0.224157,0.616237,0.230011,0.644582,18.0845,61,0.224157,0.616237,0.230011,0.644582,18.0845
indoor_door_leaf_Tile_1,Tile_1,231,125,72.8411,0.48739,0.440727,21.495,171.83,35.3619,6.85081,125,0.335878,0.48739,0.304922,0.440727,24.246,125,0.489723,0.48739,0.443617,0.440727,40.012,125,0.398596,0.48739,0.378782,0.440727,29.7414,125,0.398778,0.48739,0.38104,0.440727,29.8105,125,0.513031,0.48739,0.451416,0.440727,42.5734,125,0.164612,0.48739,0.166574,0.440727,11.1095,125,0.164612,0.48739,0.166574,0.440727,11.1095
indoor_door_leaf_Tile_1,Tile_1,232,129,141.452,0.536253,0.678361,19.146,255,77.0499,6.40952,127,0.488146,0.537274,0.584186,0.682395,68.6776,127,0.53251,0.537274,0.680102,0.682395,85.4702,127,0.483015,0.537274,0.593974,0.682395,69.843,127,0.496757,0.537274,0.605096,0.682395,71.9795,127,0.523264,0.537274,0.654711,0.682395,81.5004,129,0.813748,0.536253,0.648084,0.678361,122.209,127,0.812115,0.537274,0.641349,0.682395,119.96
indoor_door_leaf_Tile_1,Tile_1,233,126,65.296,0.56618,0.501399,16.712,172.901,37.0197,6.77159,125,0.419575,0.56411,0.390394,0.500401,27.6468,125,0.566326,0.56411,0.503071,0.500401,41.88,125,0.473457,0.56411,0.444487,0.500401,31.9389,125,0.475105,0.56411,0.446546,0.500401,32.1298,125,0.582779,0.56411,0.498899,0.500401,43.5061,126,0.251372,0.56618,0.219795,0.501399,16.0261,125,0.248666,0.56411,0.216762,0.500401,15.8182
indoor_door_leaf_Tile_1,Tile_1,234,160,64.9357,0.55064,0.527638,15,173.146,35.9355,6.95945,160,0.468504,0.55064,0.4627,0.527638,30.8994,160,0.55084,0.55064,0.530182,0.527638,40.3685,160,0.494723,0.55064,0.49595,0.527638,34.1159,160,0.490388,0.55064,0.491793,0.527638,33.6856,160,0.561529,0.55064,0.526493,0.527638,41.5596,160,0.267678,0.55064,0.253594,0.527638,17.9397,160,0.267678,0.55064,0.253594,0.527638,17.9397
indoor_door_leaf_Tile_1,Tile_1,235,158,71.7066,0.497395,0.492498,14.712,173.69,35.9016,6.91469,158,0.400318,0.497395,0.427436,0.492498,29.2114,158,0.498221,0.497395,0.496341,0.492498,40.402,158,0.439217,0.497395,0.459388,0.492498,33.4494,158,0.434561,0.497395,0.45513,0.492498,33.0098,158,0.511966,0.497395,0.488807,0.492498,41.9112,158,0.201919,0.497395,0.171831,0.492498,15.3261,158,0.201919,0.497395,0.171831,0.492498,15.3261
indoor_door_leaf_Tile_1,Tile_1,236,150,70.6149,0.517837,0.491836,19.31,173.551,36.3887,7.1698,150,0.398486,0.517837,0.405468,0.491836,28.1097,150,0.51873,0.517837,0.49437,0.491836,40.9213,150,0.454598,0.517837,0.451796,0.491836,33.7271,150,0.452604,0.517837,0.450693,0.491836,33.4264,150,0.535268,0.517837,0.492949,0.491836,42.5814,150,0.259685,0.517837,0.206991,0.491836,18.5912,150,0.259685,0.517837,0.206991,0.491836,18.5912
indoor_door_leaf_Tile_1,Tile_1,237,122,74.1495,0.487269,0.440202,26.142,174.912,35.8409,6.94013,122,0.339642,0.487269,0.307479,0.440202,24.9806,122,0.489461,0.487269,0.442509,0.440202,40.5313,122,0.405346,0.487269,0.3959,0.440202,30.8093,122,0.406544,0.487269,0.395817,0.440202,30.9294,122,0.51081,0.487269,0.447059,0.440202,42.9151,122,0.176469,0.487269,0.178193,0.440202,12.3898,122,0.176469,0.487269,0.178193,0.440202,12.3898
indoor_door_leaf_Tile_1,Tile_1,238,101,152.286,0.524169,0.646349,29.288,255,80.5541,2.92127,100,0.485778,0.526871,0.579564,0.64927,71.1838,100,0.518511,0.526871,0.641404,0.64927,88.3298,100,0.480053,0.526871,0.581164,0.64927,71.4144,100,0.482206,0.526871,0.58292,0.64927,72.1822,100,0.492039,0.526871,0.620295,0.64927,80.0648,101,0.678792,0.524169,0.446306,0.646349,88.0363,100,0.643377,0.526871,0.424766,0.64927,81.1603
indoor_door_leaf_Tile_1,Tile_1,239,131,133.601,0.55988,0.623488,30.196,255,75.7525,6.202,130,0.502074,0.56258,0.545148,0.625157,65.7482,130,0.554606,0.56258,0.618779,0.625157,83.2913,130,0.498036,0.56258,0.552755,0.625157,67.6942,130,0.497425,0.56258,0.554452,0.625157,67.2909,130,0.52148,0.56258,0.602772,0.625157,76.2634,131,0.656628,0.55988,0.532739,0.623488,85.3808,130,0.625863,0.56258,0.518628,0.625157,79.7012
indoor_door_leaf_Tile_1,Tile_1,240,158,65.7242,0.529167,0.503217,14.299,178.14,35.0474,6.92457,158,0.440215,0.529167,0.443615,0.503217,29.5817,158,0.529504,0.529167,0.506255,0.503217,39.3915,158,0.476992,0.529167,0.478581,0.503217,33.5161,158,0.469191,0.529167,0.471182,0.503217,32.8279,158,0.538175,0.529167,0.494295,0.503217,40.3292,158,0.277994,0.529167,0.260494,0.503217,19.3893,158,0.277994,0.529167,0.260494,0.503217,19.3893
indoor_door_leaf_Tile_1,Tile_1,241,163,68.1745,0.555604,0.545628,16.06,179.966,37.9965,6.99223,163,0.444989,0.555604,0.462306,0.545628,30.4726,163,0.556193,0.555604,0.548364,0.545628,42.7123,163,0.49557,0.555604,0.507765,0.545628,35.6724,163,0.491876,0.555604,0.506444,0.545628,35.3274,163,0.568677,0.555604,0.54306,0.545628,44.0932,163,0.289702,0.555604,0.247284,0.545628,20.3393,163,0.289702,0.555604,0.247284,0.545628,20.3393
indoor_door_leaf_Tile_1,Tile_1,242,117,122.335,0.626305,0.701068,23.876,255,77.705,5.39021,116,0.554319,0.622007,0.587864,0.698564,65.6679,116,0.614065,0.622007,0.694876,0.698564,85.0156,116,0.552688,0.622007,0.601504,0.698564,67.9532,116,0.561989,0.622007,0.605517,0.698564,69.159,116,0.581015,0.622007,0.654897,0.698564,77.4724,117,0.572862,0.626305,0.404423,0.701068,58.6835,116,0.575893,0.622007,0.405567,0.698564,58.905
indoor_door_leaf_Tile_1,Tile_1,243,154,71.7728,0.526531,0.499858,20.723,175.85,37.6975,7.06845,154,0.420029,0.526531,0.415837,0.499858,30.2641,154,0.527948,0.526531,0.502497,0.499858,42.44,154,0.460533,0.526531,0.46216,0.499858,34.6967,154,0.457336,0.526531,0.459068,0.499858,34.2651,154,0.545019,0.526531,0.501829,0.499858,44.208,154,0.251142,0.526531,0.20352,0.499858,18.0674,154,0.251142,0.526531,0.20352,0.499858,18.0674
indoor_door_leaf_Tile_1,Tile_1,244,49,77.9348,0.619765,0.658136,16.31,164.622,47.528,6.68222,49,0.614294,0.619765,0.666671,0.658136,48.4815,49,0.621731,0.619765,0.665496,0.658136,53.7469,49,0.514512,0.619765,0.561404,0.658136,39.93,49,0.524716,0.619765,0.561429,0.658136,40.5426,49,0.596502,0.619765,0.638949,0.658136,50.8637,49,0.157612,0.619765,0.162404,0.658136,13.2599,49,0.157612,0.619765,0.162404,0.658136,13.2599
indoor_door_leaf_Tile_1,Tile_1,245,73,76.5781,0.59864,0.648388,16.74,172.655,45.1958,7.20863,73,0.582349,0.59864,0.636026,0.648388,46.6215,73,0.598405,0.59864,0.650957,0.648388,50.575,73,0.529514,0.59864,0.60178,0.648388,41.954,73,0.533973,0.59864,0.596615,0.648388,41.7809,73,0.570074,0.59864,0.622514,0.648388,47.0256,73,0.311104,0.59864,0.236379,0.648388,25.2524,73,0.311104,0.59864,0.236379,0.648388,25.2524
indoor_door_leaf_Tile_1,Tile_1,246,124,68.3187,0.537755,0.50503,14.751,171.566,36.4916,6.87589,124,0.430476,0.537755,0.405681,0.50503,28.9748,124,0.540231,0.537755,0.508079,0.50503,41.2717,124,0.445919,0.537755,0.438607,0.50503,31.0976,124,0.447971,0.537755,0.442479,0.50503,31.2344,124,0.55779,0.537755,0.505983,0.50503,43.2042,124,0.21954,0.537755,0.209333,0.50503,14.3397,124,0.21954,0.537755,0.209333,0.50503,14.3397
indoor_door_leaf_Tile_1,Tile_1,247,160,71.404,0.49983,0.48977,14.826,172.049,35.8988,6.93338,160,0.398068,0.49983,0.422138,0.48977,28.9026,160,0.500567,0.49983,0.49355,0.48977,40.3926,160,0.441416,0.49983,0.455684,0.48977,33.4766,160,0.438705,0.49983,0.453217,0.48977,33.2064,160,0.511884,0.49983,0.485947,0.48977,41.6062,160,0.22998,0.49983,0.196021,0.48977,17.232,160,0.22998,0.49983,0.196021,0.48977,17.232
indoor_door_leaf_Tile_1,Tile_1,248,59,99.3314,0.540326,0.723745,14.37,178.918,52.8915,2.90813,59,0.535813,0.540326,0.710553,0.723745,51.6664,59,0.537456,0.540326,0.724059,0.723745,58.7616,59,0.479359,0.540326,0.621982,0.723745,46.0455,59,0.486035,0.540326,0.627478,0.723745,46.8154,59,0.519388,0.540326,0.688513,0.723745,55.1081,59,0.142427,0.540326,0.127756,0.723745,12.7168,59,0.142427,0.540326,0.127756,0.723745,12.7168
indoor_door_leaf_Tile_1,Tile_1,249,72,80.0864,0.573877,0.612059,15.31,176.573,45.3335,7.24732,72,0.553393,0.573877,0.602253,0.612059,46.5783,72,0.574439,0.573877,0.613738,0.612059,50.8198,72,0.506927,0.573877,0.571242,0.612059,41.9023,72,0.508919,0.573877,0.564311,0.612059,41.3265,72,0.555599,0.573877,0.590989,0.612059,48.0934,72,0.307021,0.573877,0.249424,0.612059,24.7277,72,0.307021,0.573877,0.249424,0.612059,24.7277
indoor_door_leaf_Tile_1,Tile_1,250,125,140.443,0.560571,0.660594,32.712,255,79.2848,5.30313,124,0.509561,0.563258,0.563598,0.662686,69.1528,124,0.554514,0.563258,0.657865,0.662686,87.0454,124,0.501428,0.563258,0.563642,0.662686,69.8715,124,0.504362,0.563258,0.568002,0.662686,70.3601,124,0.522507,0.563258,0.623294,0.662686,79.3531,125,0.693627,0.560571,0.511405,0.660594,89.6892,124,0.665346,0.563258,0.495826,0.662686,84.057
indoor_door_leaf_Tile_1,Tile_1,251,78,95.778,0.701094,0.671054,25.039,255,67.6004,7.10389,78,0.568958,0.701094,0.591521,0.671054,56.978,78,0.692614,0.701094,0.66872,0.671054,74.1606,78,0.572057,0.701094,0.5839,0.671054,56.8352,78,0.611235,0.701094,0.603367,0.671054,61.2545,78,0.664918,0.701094,0.637506,0.671054,68.5885,78,0.376558,0.701094,0.369939,0.671054,33.3506,78,0.376558,0.701094,0.369939,0.671054,33.3506
indoor_door_leaf_Tile_1,Tile_1,252,151,130.861,0.556166,0.55735,38.929,255,73.0164,6.93363,150,0.476711,0.558509,0.459811,0.558554,59.9962,150,0.549494,0.558509,0.553426,0.558554,80.2238,150,0.480142,0.558509,0.478951,0.558554,62.8131,150,0.485899,0.558509,0.48673,0.558554,63.7463,150,0.524158,0.558509,0.536079,0.558554,74.549,151,0.541034,0.556166,0.382593,0.55735,59.7923,150,0.478299,0.558509,0.361925,0.558554,51.5866
indoor_door_leaf_Tile_1,Tile_1,253,62,79.8087,0.586226,0.62135,19.125,173.243,46.49,6.94887,62,0.563416,0.586226,0.626778,0.62135,46.0972,62,0.589396,0.586226,0.628109,0.62135,52.6044,62,0.510235,0.586226,0.558108,0.62135,42.4324,62,0.509791,0.586226,0.548406,0.62135,41.6725,62,0.57466,0.586226,0.604268,0.62135,50.3562,62,0.301133,0.586226,0.243748,0.62135,24.2973,62,0.301133,0.586226,0.243748,0.62135,24.2973
indoor_door_leaf_Tile_1,Tile_1,254,119,74.058,0.464046,0.457722,25.153,164.241,34.1396,7.02656,119,0.298488,0.464046,0.313944,0.457722,21.8635,119,0.466175,0.464046,0.460804,0.457722,38.6142,119,0.388853,0.464046,0.398937,0.457722,29.6166,119,0.392991,0.464046,0.405304,0.457722,30.0625,119,0.485733,0.464046,0.464274,0.457722,40.7954,119,0.209444,0.464046,0.192287,0.457722,14.5045,119,0.209444,0.464046,0.192287,0.457722,14.5045
indoor_door_leaf_Tile_1,Tile_1,255,127,65.9547,0.527506,0.487722,16.854,174.271,34.722,6.76755,126,0.381194,0.524364,0.380658,0.484455,25.3965,126,0.526565,0.524364,0.486582,0.484455,39.2105,126,0.44152,0.524364,0.446821,0.484455,30.2604,126,0.443182,0.524364,0.446967,0.484455,30.4246,126,0.546677,0.524364,0.486594,0.484455,41.2778,127,0.197854,0.527506,0.210631,0.487722,13.0436,126,0.197405,0.524364,0.210035,0.484455,12.9762
indoor_door_leaf_Tile_1,Tile_1,256,115,139.143,0.539065,0.577534,30.239,255,75.3464,6.18051,115,0.459972,0.539065,0.474861,0.577534,62.2398,115,0.530752,0.539065,0.572916,0.577534,82.501,115,0.457418,0.539065,0.485943,0.577534,63.6364,115,0.466576,0.539065,0.496563,0.577534,64.9166,115,0.500946,0.539065,0.546809,0.577534,75.8832,115,0.495006,0.539065,0.356829,0.577534,57.1104,115,0.495006,0.539065,0.356829,0.577534,57.1104
indoor_door_leaf_Tile_1,Tile_1,257,158,62.6236,0.533166,0.536721,6.989,174.391,33.4328,6.96454,158,0.439879,0.533166,0.47431,0.536721,28.0353,158,0.532983,0.533166,0.53958,0.536721,37.5319,158,0.484166,0.533166,0.51659,0.536721,32.2699,158,0.479931,0.533166,0.511035,0.536721,31.8846,158,0.539035,0.533166,0.52589,0.536721,38.1662,158,0.28799,0.533166,0.274792,0.536721,19.0411,158,0.28799,0.533166,0.274792,0.536721,19.0411
indoor_door_leaf_Tile_1,Tile_1,258,135,61.0769,0.486187,0.461488,13.342,174.271,29.9011,6.62169,135,0.341106,0.486187,0.397018,0.461488,21.4455,135,0.488927,0.486187,0.466476,0.461488,33.8509,135,0.406695,0.486187,0.41652,0.461488,26.5149,135,0.408419,0.486187,0.415885,0.461488,26.6624,135,0.502385,0.486187,0.456388,0.461488,35.0449,135,0.156672,0.486187,0.16718,0.461488,10.75,135,0.156672,0.486187,0.16718,0.461488,10.75
indoor_door_leaf_Tile_1,Tile_1,259,120,62.4986,0.561664,0.516603,13.342,174.271,35.0557,6.79526,119,0.382234,0.558895,0.400242,0.514666,23.8054,119,0.561168,0.558895,0.517239,0.514666,39.6411,119,0.472567,0.558895,0.473039,0.514666,30.6419,119,0.474407,0.558895,0.474351,0.514666,30.8463,119,0.581629,0.558895,0.512455,0.514666,41.525,120,0.212765,0.561664,0.218769,0.516603,13.1567,119,0.211081,0.558895,0.217119,0.514666,12.9777
indoor_door_leaf_Tile_1,Tile_1,260,121,62.221,0.548799,0.514104,13.342,174.271,34.1442,6.78718,120,0.41215,0.546029,0.414685,0.512164,25.9408,120,0.548255,0.546029,0.514587,0.512164,38.602,120,0.462592,0.546029,0.47348,0.512164,29.9185,120,0.465447,0.546029,0.476166,0.512164,30.2489,120,0.56846,0.546029,0.508714,0.512164,40.2603,121,0.233071,0.548799,0.232571,0.514104,14.3606,120,0.232051,0.546029,0.23125,0.512164,14.2176
indoor_door_leaf_Tile_1,Tile_1,261,124,83.9861,0.481578,0.470029,27.196,204.577,40.2585,7.00115,124,0.346963,0.481578,0.34253,0.470029,28.8333,124,0.484043,0.481578,0.473776,0.470029,45.5672,124,0.414136,0.481578,0.411966,0.470029,35.7673,124,0.407877,0.481578,0.410784,0.470029,35.231,124,0.499177,0.481578,0.471776,0.470029,47.6796,124,0.293469,0.481578,0.272882,0.470029,22.8282,124,0.293469,0.481578,0.272882,0.470029,22.8282
indoor_door_leaf_Tile_1,Tile_1,262,152,64.7992,0.508864,0.570727,6.484,153.832,32.8387,6.95103,152,0.442806,0.508864,0.536492,0.570727,29.4876,152,0.508155,0.508864,0.57272,0.570727,36.8328,152,0.47531,0.508864,0.550694,0.570727,32.686,152,0.470351,0.508864,0.547597,0.570727,32.2186,152,0.51852,0.508864,0.563974,0.570727,37.7863,152,0.319641,0.508864,0.313246,0.570727,21.3894,152,0.319641,0.508864,0.313246,0.570727,21.3894
indoor_door_leaf_Tile_1,Tile_1,263,111,133.528,0.477875,0.591197,26.146,254.413,65.5252,2.84581,110,0.408201,0.471553,0.514674,0.582455,53.5041,110,0.465241,0.471553,0.578296,0.582455,71.0802,110,0.415683,0.471553,0.528295,0.582455,56.1783,110,0.455578,0.471553,0.553709,0.582455,63.0774,110,0.448948,0.471553,0.558629,0.582455,65.9466,111,0.631766,0.477875,0.408043,0.591197,67.1226,110,0.634601,0.471553,0.409786,0.582455,67.4213
indoor_door_leaf_Tile_1,Tile_1,264,94,116.154,0.476437,0.554215,30.157,254.103,57.0042,2.86004,94,0.467367,0.476437,0.518292,0.554215,52.1851,94,0.473528,0.476437,0.55202,0.554215,62.7146,94,0.438238,0.476437,0.509054,0.554215,50.6512,94,0.441725,0.476437,0.512138,0.554215,51.5592,94,0.447288,0.476437,0.518818,0.554215,56.742,94,0.757699,0.476437,0.495777,0.554215,75.7247,94,0.757699,0.476437,0.495777,0.554215,75.7247
indoor_door_leaf_Tile_1,Tile_1,265,136,52.6787,0.470626,0.48085,9.157,121.017,24.9763,6.67285,136,0.33748,0.470626,0.393411,0.48085,18.248,136,0.473205,0.470626,0.483479,0.48085,28.2691,136,0.408005,0.470626,0.444885,0.48085,22.7437,136,0.411552,0.470626,0.447876,0.48085,23.0265,136,0.480377,0.470626,0.467538,0.48085,28.9002,136,0.221892,0.470626,0.222787,0.48085,12.3502,136,0.221892,0.470626,0.222787,0.48085,12.3502
indoor_door_leaf_Tile_1,Tile_1,266,41,62.511,0.514912,0.577181,13.157,136.951,33.328,6.07072,40,0.543426,0.505038,0.552017,0.571788,35.5417,40,0.50542,0.505038,0.571732,0.571788,37.3118,40,0.445655,0.505038,0.514482,0.571788,28.8027,40,0.43581,0.505038,0.508648,0.571788,28.3639,40,0.519794,0.505038,0.544677,0.571788,36.7484,41,0.389663,0.514912,0.393586,0.577181,21.9758,40,0.393237,0.505038,0.393036,0.571788,21.9421
indoor_door_leaf_Tile_1,Tile_1,267,51,89.9648,0.435353,0.386099,35.082,231.278,40.5906,7.13851,51,0.350813,0.435353,0.313994,0.386099,34.9338,51,0.431653,0.435353,0.387834,0.386099,45.1373,51,0.35988,0.435353,0.326726,0.386099,36.0466,51,0.345543,0.435353,0.319979,0.386099,34.0897,51,0.415292,0.435353,0.372007,0.386099,42.9468,51,0.332929,0.435353,0.381613,0.386099,30.5079,51,0.332929,0.435353,0.381613,0.386099,30.5079
indoor_door_leaf_Tile_1,Tile_1,268,126,130.4,0.611783,0.676439,29.082,255,80.5703,5.83984,126,0.550514,0.611783,0.594466,0.676439,69.9958,126,0.602357,0.611783,0.6699,0.676439,88.1427,126,0.541853,0.611783,0.596694,0.676439,70.977,126,0.546527,0.611783,0.603184,0.676439,71.3644,126,0.563496,0.611783,0.647715,0.676439,80.0075,126,0.595349,0.611783,0.503133,0.676439,67.8249,126,0.595349,0.611783,0.503133,0.676439,67.8249
indoor_door_leaf_Tile_1,Tile_1,269,98,62.3653,0.559647,0.51212,13.157,174.684,34.8053,6.83712,97,0.41164,0.556085,0.402153,0.509305,25.6902,97,0.558017,0.556085,0.51198,0.509305,39.3316,97,0.460163,0.556085,0.448019,0.509305,29.7983,97,0.462029,0.556085,0.452647,0.509305,29.9907,97,0.587587,0.556085,0.506579,0.509305,41.4709,98,0.27384,0.559647,0.232089,0.51212,16.6062,97,0.273679,0.556085,0.23062,0.509305,16.5367
indoor_door_leaf_Tile_1,Tile_1,270,164,59.4394,0.555964,0.621199,8.929,166.684,33.0341,7.00965,164,0.534757,0.555964,0.580892,0.621199,32.7793,164,0.553209,0.555964,0.623843,0.621199,36.9034,164,0.546679,0.555964,0.599539,0.621199,34.7312,164,0.535775,0.555964,0.590163,0.621199,33.7768,164,0.559788,0.555964,0.605733,0.621199,37.3985,164,0.450067,0.555964,0.36679,0.621199,28.1517,164,0.450067,0.555964,0.36679,0.621199,28.1517
indoor_door_leaf_Tile_1,Tile_1,271,147,68.9407,0.442032,0.496984,10.456,147.189,30.2439,6.86819,147,0.391526,0.442032,0.477146,0.496984,27.7275,147,0.441165,0.442032,0.499753,0.496984,33.8996,147,0.415897,0.442032,0.485503,0.496984,30.5543,147,0.406849,0.442032,0.477746,0.496984,29.7729,147,0.440562,0.442032,0.487063,0.496984,33.9161,147,0.367301,0.442032,0.299831,0.496984,26.4299,147,0.367301,0.442032,0.299831,0.496984,26.4299
indoor_door_leaf_Tile_1,Tile_1,272,62,89.9674,0.555028,0.805789,10.929,196.52,50.0233,2.878,62,0.553617,0.555028,0.791623,0.805789,47.5825,62,0.553464,0.555028,0.806305,0.805789,55.607,62,0.511754,0.555028,0.714901,0.805789,44.4031,62,0.511219,0.555028,0.718849,0.805789,44.9916,62,0.544965,0.555028,0.767738,0.805789,52.7112,62,0.239786,0.555028,0.263244,0.805789,15.1239,62,0.239786,0.555028,0.263244,0.805789,15.1239
indoor_door_leaf_Tile_1,Tile_1,273,84,70.1524,0.556771,0.487249,24.712,195.929,38.6786,7.00054,84,0.415987,0.556771,0.348501,0.487249,28.2258,84,0.558436,0.556771,0.490822,0.487249,43.7326,84,0.461426,0.556771,0.403124,0.487249,32.843,84,0.46205,0.556771,0.409348,0.487249,32.9625,84,0.591038,0.556771,0.494817,0.487249,46.2788,84,0.203346,0.556771,0.184504,0.487249,12.5035,84,0.203346,0.556771,0.184504,0.487249,12.5035
indoor_door_leaf_Tile_1,Tile_1,274,103,152.269,0.488185,0.584048,32.712,255,74.9662,2.9157,103,0.437845,0.488185,0.507792,0.584048,64.3997,103,0.478289,0.488185,0.576343,0.584048,81.5245,103,0.43521,0.488185,0.503624,0.584048,65.1363,103,0.439675,0.488185,0.50817,0.584048,65.9855,103,0.446921,0.488185,0.547064,0.584048,73.0961,103,0.593637,0.488185,0.466174,0.584048,76.7683,103,0.593637,0.488185,0.466174,0.584048,76.7683
indoor_door_leaf_Tile_1,Tile_1,275,60,78.0806,0.602869,0.783911,10.815,175.858,47.0503,3.49398,60,0.606144,0.602869,0.778227,0.783911,45.3398,60,0.599561,0.602869,0.782307,0.783911,51.9568,60,0.547869,0.602869,0.69379,0.783911,41.2019,60,0.565693,0.602869,0.712404,0.783911,44.3394,60,0.586794,0.602869,0.745638,0.783911,48.9168,60,0.300315,0.602869,0.346451,0.783911,16.8242,60,0.300315,0.602869,0.346451,0.783911,16.8242
indoor_door_leaf_Tile_1,Tile_1,276,149,83.7205,0.494269,0.582964,9.484,175.107,41.1153,7.00599,149,0.438759,0.494269,0.526649,0.582964,37.7964,149,0.492414,0.494269,0.585876,0.582964,45.9812,149,0.468494,0.494269,0.564914,0.582964,41.6023,149,0.462182,0.494269,0.557996,0.582964,40.7299,149,0.523423,0.494269,0.582225,0.582964,49.3487,149,0.399323,0.494269,0.358566,0.582964,34.0762,149,0.399323,0.494269,0.358566,0.582964,34.0762
indoor_door_leaf_Tile_1,Tile_1,277,61,119.167,0.574456,0.597932,24.712,255,68.7023,6.73074,61,0.475412,0.574456,0.484041,0.597932,57.6721,61,0.564987,0.574456,0.597529,0.597932,75.3972,61,0.494904,0.574456,0.488489,0.597932,60.8196,61,0.480615,0.574456,0.479828,0.597932,57.9392,61,0.532714,0.574456,0.544634,0.597932,68.3471,61,0.253687,0.574456,0.290633,0.597932,25.0452,61,0.253687,0.574456,0.290633,0.597932,25.0452
indoor_door_leaf_Tile_1,Tile_1,278,133,143.029,0.615397,0.786528,12.228,255,88.1574,5.77656,131,0.586388,0.617775,0.722553,0.792088,81.6471,131,0.612711,0.617775,0.787446,0.792088,97.9168,131,0.572756,0.617775,0.718282,0.792088,81.9658,131,0.574086,0.617775,0.725535,0.792088,82.1414,131,0.584535,0.617775,0.756927,0.792088,90.0861,133,0.887474,0.615397,0.761806,0.786528,128.857,131,0.891434,0.617775,0.75596,0.792088,127.157
indoor_door_leaf_Tile_1,Tile_1,279,126,93.8591,0.551107,0.538037,13.271,255,51.1764,6.94036,126,0.402074,0.551107,0.436766,0.538037,36.6716,126,0.552021,0.551107,0.540692,0.538037,57.692,126,0.47901,0.551107,0.500801,0.538037,45.8481,126,0.473419,0.551107,0.495071,0.538037,45.2551,126,0.567792,0.551107,0.543268,0.538037,59.965,126,0.360912,0.551107,0.418072,0.538037,31.7731,126,0.360912,0.551107,0.418072,0.538037,31.7731
indoor_door_leaf_Tile_1,Tile_1,280,71,60.6957,0.669166,0.7449,9.082,184.271,40.4472,6.85401,71,0.677586,0.669166,0.751376,0.7449,42.1295,71,0.664993,0.669166,0.747041,0.7449,45.0105,71,0.667529,0.669166,0.736204,0.7449,42.3874,71,0.662731,0.669166,0.723104,0.7449,41.663,71,0.677421,0.669166,0.722369,0.7449,44.7905,71,0.411562,0.669166,0.419617,0.7449,21.903,71,0.411562,0.669166,0.419617,0.7449,21.903
indoor_door_leaf_Tile_1,Tile_1,281,87,69.0948,0.554221,0.548574,11.57,174.157,38.0052,7.15032,86,0.411629,0.551003,0.426239,0.547691,27.5798,86,0.552865,0.551003,0.551065,0.547691,42.989,86,0.453097,0.551003,0.466724,0.547691,32.1526,86,0.453229,0.551003,0.472191,0.547691,32.1193,86,0.582283,0.551003,0.545309,0.547691,45.5294,87,0.26849,0.554221,0.222984,0.548574,17.0936,86,0.264307,0.551003,0.217969,0.547691,16.7166
indoor_door_leaf_Tile_1,Tile_1,282,119,63.3161,0.417219,0.47968,10.456,149.736,26.4235,6.70352,119,0.327098,0.417219,0.456235,0.47968,21.8171,119,0.419718,0.417219,0.484441,0.47968,29.9124,119,0.366851,0.417219,0.449114,0.47968,24.9652,119,0.370061,0.417219,0.447242,0.47968,25.2597,119,0.421953,0.417219,0.470134,0.47968,30.1342,119,0.293566,0.417219,0.271469,0.47968,20.4073,119,0.293566,0.417219,0.271469,0.47968,20.4073
indoor_door_leaf_Tile_1,Tile_1,283,145,68.6194,0.433577,0.511662,10.26,153.654,29.5777,6.88301,145,0.402644,0.433577,0.502266,0.511662,29.0138,145,0.432598,0.433577,0.514434,0.511662,33.134,145,0.417251,0.433577,0.506726,0.511662,30.7209,145,0.405919,0.433577,0.497687,0.511662,29.7481,145,0.428208,0.433577,0.501494,0.511662,32.8178,145,0.35481,0.433577,0.30432,0.511662,26.1724,145,0.35481,0.433577,0.30432,0.511662,26.1724
indoor_door_leaf_Tile_1,Tile_1,284,147,70.5305,0.570057,0.641991,8.929,172.684,40.1327,7.30596,147,0.540703,0.570057,0.604928,0.641991,40.3195,147,0.565426,0.570057,0.642733,0.641991,44.623,147,0.559681,0.570057,0.61977,0.641991,42.4828,147,0.553505,0.570057,0.614568,0.641991,41.6174,147,0.605616,0.570057,0.642092,0.641991,48.3219,147,0.500239,0.570057,0.433761,0.641991,37.5902,147,0.500239,0.570057,0.433761,0.641991,37.5902
indoor_door_leaf_Tile_1,Tile_1,285,99,149.821,0.502081,0.611281,28.054,255,76.0171,2.879,98,0.459479,0.504181,0.551096,0.614335,65.985,98,0.495924,0.504181,0.607536,0.614335,83.3273,98,0.455859,0.504181,0.553286,0.614335,66.9756,98,0.458888,0.504181,0.55038,0.614335,67.7115,98,0.4688,0.504181,0.57891,0.614335,75.1104,99,0.693731,0.502081,0.514402,0.611281,90.8854,98,0.674508,0.504181,0.499057,0.614335,86.1353
indoor_door_leaf_Tile_1,Tile_1,286,96,140.66,0.485941,0.5812,34.858,255,69.5997,2.89528,95,0.442242,0.48833,0.524235,0.584121,60.0883,95,0.481252,0.48833,0.578188,0.584121,76.4734,95,0.437665,0.48833,0.522995,0.584121,60.8373,95,0.441321,0.48833,0.519837,0.584121,61.6752,95,0.454481,0.48833,0.546261,0.584121,68.7491,96,0.702993,0.485941,0.490958,0.5812,87.0896,95,0.679763,0.48833,0.473035,0.584121,81.8874
indoor_door_leaf_Tile_1,Tile_1,287,61,67.852,0.704727,0.728568,9.929,197.879,47.9936,2.85431,61,0.697005,0.704727,0.704815,0.728568,44.5107,61,0.701115,0.704727,0.72986,0.728568,53.2281,61,0.674777,0.704727,0.672548,0.728568,44.5827,61,0.658872,0.704727,0.661592,0.728568,43.6371,61,0.710424,0.704727,0.709868,0.728568,52.3615,61,0.45983,0.704727,0.474855,0.728568,21.4839,61,0.45983,0.704727,0.474855,0.728568,21.4839
indoor_door_leaf_Tile_1,Tile_1,288,69,76.1321,0.600762,0.592051,24.082,162.764,44.9421,7.00842,69,0.438727,0.600762,0.410196,0.592051,30.4003,69,0.6025,0.600762,0.596526,0.592051,50.8112,69,0.501197,0.600762,0.487547,0.592051,37.8302,69,0.5081,0.600762,0.492247,0.592051,37.9365,69,0.62829,0.600762,0.601845,0.592051,53.9588,69,0.210294,0.600762,0.200417,0.592051,13.3801,69,0.210294,0.600762,0.200417,0.592051,13.3801
indoor_door_leaf_Tile_1,Tile_1,289,69,74.2147,0.554014,0.535878,22.228,173.157,40.7322,7.19665,68,0.441614,0.550329,0.40778,0.535134,32.3131,68,0.552666,0.550329,0.539712,0.535134,46.1296,68,0.448371,0.550329,0.43963,0.535134,34.2349,68,0.455566,0.550329,0.442823,0.535134,34.3482,68,0.576964,0.550329,0.535775,0.535134,48.6449,69,0.435182,0.554014,0.249537,0.535878,30.978,68,0.436561,0.550329,0.244146,0.535134,30.8107
indoor_door_leaf_Tile_1,Tile_1,290,155,68.0426,0.601142,0.670976,8.929,174.074,40.5727,7.22563,155,0.540791,0.601142,0.628965,0.670976,37.8083,155,0.597667,0.601142,0.673159,0.670976,45.2335,155,0.574901,0.601142,0.650348,0.670976,41.5626,155,0.572895,0.601142,0.646322,0.670976,41.1599,155,0.630953,0.601142,0.674523,0.670976,48.3347,155,0.467429,0.601142,0.388739,0.670976,32.5127,155,0.467429,0.601142,0.388739,0.670976,32.5127
indoor_door_leaf_Tile_1,Tile_1,291,65,66.2038,0.626094,0.764903,9.712,154.779,41.2795,6.67525,65,0.628986,0.626094,0.75444,0.764903,41.1517,65,0.622621,0.626094,0.765825,0.764903,45.8079,65,0.623122,0.626094,0.741518,0.764903,42.3727,65,0.616209,0.626094,0.731729,0.764903,41.7443,65,0.631681,0.626094,0.736927,0.764903,45.0888,65,0.441393,0.626094,0.412174,0.764903,24.3674,65,0.441393,0.626094,0.412174,0.764903,24.3674
indoor_door_leaf_Tile_1,Tile_1,292,112,126.73,0.538968,0.627161,25.673,253.804,69.6032,2.84317,111,0.473243,0.532648,0.568103,0.61755,58.7188,111,0.525522,0.532648,0.613616,0.61755,75.5924,111,0.473335,0.532648,0.570586,0.61755,60.196,111,0.500351,0.532648,0.574625,0.61755,64.6897,111,0.506599,0.532648,0.595331,0.61755,70.0508,112,0.634551,0.538968,0.511491,0.627161,67.0255,111,0.636294,0.532648,0.513776,0.61755,67.3067
indoor_door_leaf_Tile_1,Tile_1,293,59,96.8983,0.566509,0.497226,32.082,254.299,55.8019,6.28164,59,0.466548,0.566509,0.401477,0.497226,47.4625,59,0.555469,0.566509,0.493607,0.497226,61.1079,59,0.510691,0.566509,0.44199,0.497226,52.375,59,0.483427,0.566509,0.428234,0.497226,48.472,59,0.527981,0.566509,0.471758,0.497226,56.4289,59,0.33706,0.566509,0.372941,0.497226,27.839,59,0.33706,0.566509,0.372941,0.497226,27.839
indoor_door_leaf_Tile_1,Tile_1,294,156,76.5174,0.506695,0.615898,8.804,174.888,38.4287,7.27876,156,0.435967,0.506695,0.578599,0.615898,34.5867,156,0.504824,0.506695,0.619063,0.615898,42.9571,156,0.475337,0.506695,0.603408,0.615898,38.844,156,0.470897,0.506695,0.596096,0.615898,38.1613,156,0.532212,0.506695,0.619217,0.615898,45.7049,156,0.357171,0.506695,0.327892,0.615898,28.626,156,0.357171,0.506695,0.327892,0.615898,28.626
indoor_door_leaf_Tile_1,Tile_1,295,97,132.561,0.509179,0.640877,30.929,251.331,69.2439,2.91457,96,0.468882,0.505068,0.591051,0.639904,60.615,96,0.500033,0.505068,0.634604,0.639904,75.7681,96,0.463886,0.505068,0.584441,0.639904,61.1079,96,0.467179,0.505068,0.58141,0.639904,62.0354,96,0.473185,0.505068,0.59897,0.639904,68.4732,97,0.715497,0.509179,0.500858,0.640877,80.9675,96,0.721123,0.505068,0.500479,0.639904,81.17
indoor_door_leaf_Tile_1,Tile_1,296,66,87.772,0.683434,0.853654,9.157,210.828,60.4365,5.38073,66,0.647319,0.683434,0.838091,0.853654,55.6605,66,0.676742,0.683434,0.852965,0.853654,66.56,66,0.63992,0.683434,0.797423,0.853654,57.1706,66,0.636692,0.683434,0.788341,0.853654,56.2854,66,0.670289,0.683434,0.81744,0.853654,63.3564,66,0.330064,0.683434,0.36871,0.853654,20.5,66,0.330064,0.683434,0.36871,0.853654,20.5
indoor_door_leaf_Tile_1,Tile_1,297,119,115.767,0.55044,0.532876,12.168,255,63.7397,6.94369,118,0.439004,0.553359,0.424125,0.534379,48.6177,118,0.546917,0.553359,0.532059,0.534379,70.7873,118,0.459888,0.553359,0.465816,0.534379,53.2637,118,0.473912,0.553359,0.471835,0.534379,55.1639,118,0.537453,0.553359,0.526808,0.534379,68.4463,119,0.588706,0.55044,0.401298,0.532876,61.3234,118,0.532356,0.553359,0.378373,0.534379,53.9447
indoor_door_leaf_Tile_1,Tile_1,298,123,135.952,0.553075,0.60622,36.456,255,75.8265,5.89359,122,0.488909,0.555355,0.522888,0.608489,64.9439,122,0.546062,0.555355,0.603449,0.608489,83.1044,122,0.482721,0.555355,0.515357,0.608489,65.6746,122,0.488235,0.555355,0.520446,0.608489,66.3312,122,0.511797,0.555355,0.560773,0.608489,75.3853,123,0.609238,0.553075,0.395298,0.60622,75.5659,122,0.582839,0.555355,0.378141,0.608489,70.7566
indoor_door_leaf_Tile_1,Tile_1,299,66,89.3322,0.58854,0.788278,10.043,196.933,53.0057,3.1378,66,0.569592,0.58854,0.749654,0.788278,48.2644,66,0.584191,0.58854,0.787983,0.788278,58.6192,66,0.540985,0.58854,0.696152,0.788278,47.0528,66,0.53609,0.58854,0.697753,0.788278,46.9233,66,0.572243,0.58854,0.750041,0.788278,55.0642,66,0.248103,0.58854,0.258799,0.788278,15.696,66,0.248103,0.58854,0.258799,0.788278,15.696
indoor_door_leaf_Tile_1,Tile_1,300,70,74.3933,0.529472,0.488732,31.712,167.437,38.3381,7.06941,70,0.384725,0.529472,0.32233,0.488732,27.3427,70,0.531514,0.529472,0.49297,0.488732,43.3787,70,0.413405,0.529472,0.383442,0.488732,30.8433,70,0.422085,0.529472,0.387455,0.488732,31.0692,70,0.562111,0.529472,0.500724,0.488732,46.399,70,0.149658,0.529472,0.13483,0.488732,10.3005,70,0.149658,0.529472,0.13483,0.488732,10.3005
indoor_door_leaf_Tile_1,Tile_1,301,156,74.4525,0.52699,0.575143,8,171.775,38.9906,7.28535,156,0.468343,0.52699,0.511898,0.575143,36.1877,156,0.525736,0.52699,0.578286,0.575143,43.6558,156,0.496137,0.52699,0.55076,0.575143,39.3737,156,0.48925,0.52699,0.545746,0.575143,38.4938,156,0.555483,0.52699,0.568242,0.575143,46.3595,156,0.394361,0.52699,0.345703,0.575143,30.9398,156,0.394361,0.52699,0.345703,0.575143,30.9398
indoor_door_leaf_Tile_1,Tile_1,302,138,75.941,0.503128,0.52612,11.456,171.775,37.8984,6.99278,138,0.411495,0.503128,0.455952,0.52612,32.0267,138,0.502863,0.503128,0.528055,0.52612,42.5493,138,0.461786,0.503128,0.514213,0.52612,36.9595,138,0.458259,0.503128,0.512939,0.52612,36.6522,138,0.534123,0.503128,0.536309,0.52612,46.0191,138,0.52179,0.503128,0.341406,0.52612,42.8659,138,0.52179,0.503128,0.341406,0.52612,42.8659
indoor_door_leaf_Tile_1,Tile_1,303,72,75.8082,0.568014,0.560353,25.228,194.196,42.3224,6.96012,72,0.382527,0.568014,0.368184,0.560353,26.6342,72,0.570158,0.568014,0.564579,0.560353,47.8758,72,0.466905,0.568014,0.461385,0.560353,35.6679,72,0.472133,0.568014,0.463132,0.560353,35.6078,72,0.592917,0.568014,0.568599,0.560353,50.4999,72,0.250611,0.568014,0.245215,0.560353,16.4299,72,0.250611,0.568014,0.245215,0.560353,16.4299
indoor_door_leaf_Tile_1,Tile_1,304,149,63.7786,0.472989,0.539824,9.157,150.789,29.8641,6.8914,149,0.434813,0.472989,0.53721,0.539824,29.0765,149,0.47115,0.472989,0.542895,0.539824,33.4016,149,0.452773,0.472989,0.531907,0.539824,31.0934,149,0.442906,0.472989,0.523361,0.539824,30.2893,149,0.467957,0.472989,0.528682,0.539824,33.0866,149,0.302553,0.472989,0.289207,0.539824,20.8634,149,0.302553,0.472989,0.289207,0.539824,20.8634
indoor_door_leaf_Tile_1,Tile_1,305,139,76.9098,0.507595,0.532697,11.157,171.775,38.6664,6.99641,139,0.414978,0.507595,0.463727,0.532697,32.5526,139,0.507547,0.507595,0.534653,0.532697,43.4328,139,0.463136,0.507595,0.518766,0.532697,37.456,139,0.460665,0.507595,0.518468,0.532697,37.1965,139,0.53779,0.507595,0.543758,0.532697,46.8737,139,0.521461,0.507595,0.343348,0.532697,42.8761,139,0.521461,0.507595,0.343348,0.532697,42.8761
indoor_door_leaf_Tile_1,Tile_1,306,96,102.133,0.481858,0.475491,31.381,254.185,48.6176,6.9995,96,0.334933,0.481858,0.353595,0.475491,32.9447,96,0.481823,0.481858,0.478606,0.475491,54.668,96,0.39646,0.481858,0.410734,0.475491,41.1788,96,0.397428,0.481858,0.410646,0.475491,41.3246,96,0.502567,0.481858,0.476022,0.475491,56.8663,96,0.318776,0.481858,0.323902,0.475491,29.1129,96,0.318776,0.481858,0.323902,0.475491,29.1129
indoor_door_leaf_Tile_1,Tile_1,307,121,118.534,0.636686,0.734751,17.349,255,76.5602,5.86847,120,0.574854,0.633093,0.630919,0.734016,66.4751,120,0.624467,0.633093,0.729481,0.734016,83.7232,120,0.566834,0.633093,0.637002,0.734016,67.3658,120,0.575153,0.633093,0.641372,0.734016,68.3862,120,0.588977,0.633093,0.685958,0.734016,76.0477,121,0.551698,0.636686,0.405946,0.734751,52.85,120,0.554685,0.633093,0.406071,0.734016,52.9666
indoor_door_leaf_Tile_1,Tile_1,308,68,74.6822,0.574825,0.556113,24.929,167.437,42.1616,7.01785,68,0.373157,0.574825,0.365275,0.556113,25.6035,68,0.57672,0.574825,0.560538,0.556113,47.6814,68,0.467177,0.574825,0.452647,0.556113,35.2299,68,0.473347,0.574825,0.455911,0.556113,35.2205,68,0.605193,0.574825,0.565426,0.556113,50.6439,68,0.173594,0.574825,0.167812,0.556113,11.3898,68,0.173594,0.574825,0.167812,0.556113,11.3898
indoor_door_leaf_Tile_1,Tile_1,309,65,62.5134,0.546723,0.471331,26.826,172.228,34.0731,7.20742,65,0.442762,0.546723,0.364146,0.471331,28.9324,65,0.548984,0.546723,0.475528,0.471331,38.5515,65,0.442178,0.546723,0.389458,0.471331,29.4894,65,0.450272,0.546723,0.392723,0.471331,29.6326,65,0.570401,0.546723,0.465847,0.471331,40.035,65,0.516676,0.546723,0.253748,0.471331,35.6297,65,0.516676,0.546723,0.253748,0.471331,35.6297
indoor_door_leaf_Tile_1,Tile_1,310,69,65.7617,0.528479,0.476778,22.673,169.815,34.5413,7.12755,69,0.472648,0.528479,0.362991,0.476778,31.8736,69,0.530602,0.528479,0.480899,0.476778,39.0819,69,0.422838,0.528479,0.384753,0.476778,29.0704,69,0.421676,0.528479,0.384571,0.476778,28.4936,69,0.561019,0.528479,0.486307,0.476778,41.5743,69,0.22982,0.528479,0.203321,0.476778,14.9755,69,0.22982,0.528479,0.203321,0.476778,14.9755
indoor_door_leaf_Tile_1,Tile_1,311,117,138.329,0.554226,0.600895,25.588,255,77.1398,5.59256,116,0.485635,0.556743,0.490654,0.603197,64.1158,116,0.547779,0.556743,0.597554,0.603197,84.7467,116,0.480218,0.556743,0.513393,0.603197,66.3968,116,0.485506,0.556743,0.518525,0.603197,66.8591,116,0.518874,0.556743,0.574474,0.603197,77.7337,117,0.515966,0.554226,0.371163,0.600895,58.5823,116,0.452471,0.556743,0.347539,0.603197,50.1978
indoor_door_leaf_Tile_1,Tile_1,312,85,62.1646,0.604385,0.557278,15.228,169.757,37.1915,7.28546,84,0.497943,0.598938,0.486487,0.551439,31.651,84,0.601412,0.598938,0.554669,0.551439,42.0083,84,0.503678,0.598938,0.491661,0.551439,32.9037,84,0.506492,0.598938,0.488733,0.551439,32.5631,84,0.623737,0.598938,0.543708,0.551439,43.8348,85,0.334584,0.604385,0.297476,0.557278,22.1963,84,0.336558,0.598938,0.299204,0.551439,22.3119
indoor_door_leaf_Tile_1,Tile_1,313,134,132.294,0.562162,0.66489,15.869,255,75.0603,6.12678,132,0.501565,0.56443,0.569266,0.669041,64.7388,132,0.555922,0.56443,0.663678,0.669041,82.7418,132,0.501429,0.56443,0.580597,0.669041,66.9163,132,0.504887,0.56443,0.586818,0.669041,67.2589,132,0.527612,0.56443,0.634363,0.669041,75.8545,134,0.682226,0.562162,0.550433,0.66489,87.1873,132,0.663494,0.56443,0.538892,0.669041,82.917
indoor_door_leaf_Tile_1,Tile_1,314,152,72.3442,0.515118,0.626775,5.712,170.97,36.9065,7.05847,152,0.434734,0.515118,0.566742,0.626775,32.2902,152,0.514574,0.515118,0.631102,0.626775,41.408,152,0.477811,0.515118,0.598728,0.626775,36.6616,152,0.470992,0.515118,0.59288,0.626775,35.8679,152,0.527213,0.515118,0.617764,0.626775,42.418,152,0.298495,0.515118,0.289837,0.626775,21.9556,152,0.298495,0.515118,0.289837,0.626775,21.9556
indoor_door_leaf_Tile_1,Tile_1,315,132,127.078,0.60102,0.743729,17.153,255,76.9227,6.3324,130,0.546149,0.603886,0.640129,0.748533,66.9472,130,0.595442,0.603886,0.744537,0.748533,84.9011,130,0.54058,0.603886,0.651946,0.748533,68.771,130,0.548817,0.603886,0.659411,0.748533,69.7675,130,0.566762,0.603886,0.708854,0.748533,78.0562,132,0.694284,0.60102,0.584117,0.743729,83.8485,130,0.671455,0.603886,0.571888,0.748533,79.1261
indoor_door_leaf_Tile_1,Tile_1,316,91,72.6754,0.656289,0.748012,6.157,169.196,48.1153,6.26751,90,0.630901,0.650427,0.726339,0.744649,46.8592,90,0.644381,0.650427,0.742871,0.744649,52.9942,90,0.631646,0.650427,0.729165,0.744649,47.739,90,0.612308,0.650427,0.712167,0.744649,45.4639,90,0.644477,0.650427,0.718631,0.744649,51.0685,91,0.466014,0.656289,0.490472,0.748012,28.8763,90,0.468774,0.650427,0.49294,0.744649,29.0204
indoor_door_leaf_Tile_1,Tile_1,317,130,126.567,0.61505,0.737374,16.766,255,78.4973,6.33329,128,0.55759,0.615619,0.640651,0.742732,68.5825,128,0.606754,0.615619,0.738016,0.742732,86.5086,128,0.550112,0.615619,0.646332,0.742732,69.9538,128,0.559498,0.615619,0.654338,0.742732,71.1538,128,0.577634,0.615619,0.69913,0.742732,79.2227,130,0.680707,0.61505,0.565795,0.737374,80.6246,128,0.68062,0.615619,0.560283,0.742732,79.4002
indoor_door_leaf_Tile_1,Tile_1,318,117,112.31,0.534767,0.483777,42.794,255,60.2909,6.96343,116,0.428294,0.537722,0.378148,0.48475,46.3587,116,0.531625,0.537722,0.483409,0.48475,66.9792,116,0.437717,0.537722,0.404481,0.48475,49.7704,116,0.44997,0.537722,0.408709,0.48475,51.3077,116,0.521524,0.537722,0.47567,0.48475,64.5158,117,0.552517,0.534767,0.378122,0.483777,55.9651,116,0.473208,0.537722,0.351038,0.48475,46.6155
indoor_door_leaf_Tile_1,Tile_1,319,153,70.8793,0.510311,0.61015,6.712,171.454,35.7925,7.00235,153,0.426611,0.510311,0.558861,0.61015,31.1431,153,0.51074,0.510311,0.614508,0.61015,40.2435,153,0.474067,0.510311,0.587458,0.61015,35.7027,153,0.465728,0.510311,0.579657,0.61015,34.7922,153,0.521772,0.510311,0.603178,0.61015,41.0973,153,0.291905,0.510311,0.289183,0.61015,21.2112,153,0.291905,0.510311,0.289183,0.61015,21.2112
indoor_door_leaf_Tile_1,Tile_1,320,128,120.745,0.660293,0.718431,26.854,255,80.6534,6.06345,127,0.597065,0.663595,0.633485,0.720385,70.5445,127,0.653852,0.663595,0.712519,0.720385,88.4776,127,0.590818,0.663595,0.64043,0.720385,71.7318,127,0.596913,0.663595,0.649579,0.720385,72.416,127,0.616082,0.663595,0.686296,0.720385,80.4512,128,0.655365,0.660293,0.541896,0.718431,72.2452,127,0.617323,0.663595,0.526576,0.720385,66.4019
indoor_door_leaf_Tile_1,Tile_1,321,135,124.831,0.602775,0.676967,22.157,255,75.9257,6.42607,133,0.541776,0.603131,0.590906,0.681567,66.544,133,0.594517,0.603131,0.675435,0.681567,83.7104,133,0.535872,0.603131,0.596842,0.681567,67.8441,133,0.543274,0.603131,0.603663,0.681567,68.6363,133,0.564355,0.603131,0.646007,0.681567,76.6698,135,0.705485,0.602775,0.558488,0.676967,85.7491,133,0.708359,0.603131,0.554182,0.681567,85.0015
indoor_door_leaf_Tile_1,Tile_1,322,117,126.552,0.640488,0.716039,29.712,255,81.9857,5.91685,116,0.576454,0.643882,0.609163,0.718304,70.9018,116,0.634747,0.643882,0.711735,0.718304,89.9397,116,0.572607,0.643882,0.616777,0.718304,72.2267,116,0.577332,0.643882,0.623527,0.718304,73.0011,116,0.599058,0.643882,0.669544,0.718304,81.4738,117,0.574331,0.640488,0.4379,0.716039,64.3885,116,0.518194,0.643882,0.417091,0.718304,56.5669
indoor_door_leaf_Tile_1,Tile_1,323,126,124.762,0.610589,0.65135,23.463,255,77.1384,6.30101,125,0.547036,0.613447,0.556263,0.653415,66.9433,125,0.60321,0.613447,0.646414,0.653415,84.514,125,0.536813,0.613447,0.569625,0.653415,67.6991,125,0.544011,0.613447,0.574932,0.653415,68.2983,125,0.565134,0.613447,0.618369,0.653415,76.7103,126,0.589247,0.610589,0.459329,0.65135,65.7399,125,0.547445,0.613447,0.442234,0.653415,59.6262
indoor_door_leaf_Tile_1,Tile_1,324,148,63.0508,0.480735,0.538532,9.228,173.271,30.2602,6.83718,148,0.439635,0.480735,0.538337,0.538532,29.2307,148,0.479996,0.480735,0.541509,0.538532,33.9377,148,0.449583,0.480735,0.526432,0.538532,30.5651,148,0.437845,0.480735,0.517962,0.538532,29.6177,148,0.484523,0.480735,0.529434,0.538532,34.1992,148,0.323685,0.480735,0.325777,0.538532,21.2725,148,0.323685,0.480735,0.325777,0.538532,21.2725
indoor_door_leaf_Tile_1,Tile_1,325,129,124.608,0.697532,0.789625,11.869,255,86.8562,6.5151,127,0.645929,0.699942,0.705387,0.794413,77.8393,127,0.694511,0.699942,0.788662,0.794413,96.3646,127,0.634435,0.699942,0.709996,0.794413,78.6954,127,0.636838,0.699942,0.715567,0.794413,78.8122,127,0.658762,0.699942,0.754625,0.794413,87.549,129,0.740699,0.697532,0.62639,0.789625,87.1563,127,0.721353,0.699942,0.615843,0.794413,82.9648
indoor_door_leaf_Tile_1,Tile_1,326,132,124.321,0.639711,0.709476,27.121,255,80.3848,6.55449,131,0.569934,0.64285,0.621297,0.711303,69.084,131,0.634088,0.64285,0.703822,0.711303,88.3341,131,0.567473,0.64285,0.631995,0.711303,71.3019,131,0.571255,0.64285,0.63947,0.711303,71.6154,131,0.599299,0.64285,0.681761,0.711303,80.8766,132,0.594905,0.639711,0.495909,0.709476,67.6087,131,0.547821,0.64285,0.479553,0.711303,60.8408
indoor_door_leaf_Tile_1,Tile_1,327,148,62.3862,0.581801,0.573757,6.157,170.23,35.9727,7.1831,147,0.46114,0.57836,0.509399,0.569874,29.3547,147,0.57788,0.57836,0.571355,0.569874,40.3005,147,0.520255,0.57836,0.538792,0.569874,34.3121,147,0.521704,0.57836,0.536467,0.569874,34.1053,147,0.595456,0.57836,0.564984,0.569874,41.4747,148,0.244772,0.581801,0.280052,0.573757,14.8018,147,0.245638,0.57836,0.280959,0.569874,14.8309
indoor_door_leaf_Tile_1,Tile_1,328,67,62.7775,0.49351,0.438498,29.413,137.843,30.5776,7.15885,67,0.420091,0.49351,0.330143,0.438498,27.3443,67,0.495806,0.49351,0.44277,0.438498,34.6168,67,0.38867,0.49351,0.352943,0.438498,25.7736,67,0.388578,0.49351,0.351841,0.438498,25.3167,67,0.524641,0.49351,0.443822,0.438498,36.5995,67,0.176163,0.49351,0.154336,0.438498,11.3377,67,0.176163,0.49351,0.154336,0.438498,11.3377
indoor_door_leaf_Tile_1,Tile_1,329,127,128.518,0.627766,0.738721,20.794,255,81.4403,6.63078,126,0.56951,0.631005,0.632949,0.740669,70.8704,126,0.622114,0.631005,0.735321,0.740669,89.489,126,0.564352,0.631005,0.644285,0.740669,72.7282,126,0.566347,0.631005,0.649739,0.740669,72.7083,126,0.592104,0.631005,0.697589,0.740669,82.1156,127,0.656715,0.627766,0.498676,0.738721,77.0924,126,0.614381,0.631005,0.481165,0.740669,70.2824
indoor_door_leaf_Tile_1,Tile_1,330,72,81.3737,0.539074,0.554597,26.669,190.583,43.0157,6.96914,72,0.391913,0.539074,0.389446,0.554597,29.9495,72,0.541137,0.539074,0.558954,0.554597,48.66,72,0.442038,0.539074,0.458147,0.554597,36.6401,72,0.446332,0.539074,0.457833,0.554597,36.4738,72,0.560082,0.539074,0.557389,0.554597,50.629,72,0.313087,0.539074,0.272891,0.554597,22.6611,72,0.313087,0.539074,0.272891,0.554597,22.6611
indoor_door_leaf_Tile_1,Tile_1,331,80,56.8904,0.572569,0.529042,14.847,168.23,32.259,7.24416,79,0.44162,0.566119,0.450773,0.520214,25.8528,79,0.568537,0.566119,0.523442,0.520214,36.3882,79,0.46696,0.566119,0.459628,0.520214,28.2364,79,0.467927,0.566119,0.456,0.520214,27.879,79,0.591518,0.566119,0.51178,0.520214,38.0393,80,0.333882,0.572569,0.290517,0.529042,20.8119,79,0.335433,0.566119,0.292287,0.520214,20.9152
indoor_door_leaf_Tile_1,Tile_1,332,140,128.858,0.57033,0.596972,17.168,255,73.6709,6.9215,139,0.489387,0.572648,0.496136,0.598765,60.3152,139,0.562983,0.572648,0.593211,0.598765,80.9564,139,0.493743,0.572648,0.521117,0.598765,63.68,139,0.496634,0.572648,0.524136,0.598765,64.0658,139,0.54266,0.572648,0.578932,0.598765,75.4987,140,0.569868,0.57033,0.409198,0.596972,60.8305,139,0.521859,0.572648,0.390594,0.598765,54.4186
indoor_door_leaf_Tile_1,Tile_1,333,51,61.8972,0.649898,0.579059,17.413,166.978,40.4757,6.05548,50,0.579797,0.641244,0.543662,0.570855,37.5584,50,0.634106,0.641244,0.567503,0.570855,44.8354,50,0.570037,0.641244,0.521638,0.570855,36.0256,50,0.565868,0.641244,0.521183,0.570855,35.8221,50,0.63798,0.641244,0.548876,0.570855,43.9677,51,0.432839,0.649898,0.401617,0.579059,26.9084,50,0.437509,0.641244,0.405202,0.570855,27.1391
indoor_door_leaf_Tile_1,Tile_1,334,72,67.9332,0.543838,0.482767,27.57,179.622,36.3691,7.12004,72,0.436547,0.543838,0.356011,0.482767,29.7814,72,0.545861,0.543838,0.486597,0.482767,41.1411,72,0.43475,0.543838,0.392691,0.482767,30.5735,72,0.4356,0.543838,0.392035,0.482767,30.1186,72,0.577759,0.543838,0.493795,0.482767,43.7853,72,0.158015,0.543838,0.149996,0.482767,10.2528,72,0.158015,0.543838,0.149996,0.482767,10.2528
indoor_door_leaf_Tile_1,Tile_1,335,64,67.2495,0.801401,0.776202,10.043,212.563,54.415,5.15182,64,0.74589,0.801401,0.783748,0.776202,49.9317,64,0.790057,0.801401,0.77538,0.776202,59.7285,64,0.757588,0.801401,0.751607,0.776202,53.2169,64,0.746139,0.801401,0.73273,0.776202,51.3049,64,0.775538,0.801401,0.744035,0.776202,55.8346,64,0.467485,0.801401,0.527254,0.776202,23.5349,64,0.467485,0.801401,0.527254,0.776202,23.5349
indoor_door_leaf_Tile_1,Tile_1,336,60,58.8375,0.873842,0.755058,10.402,219.131,51.6315,4.0126,60,0.790385,0.873842,0.733547,0.755058,43.9423,60,0.867954,0.873842,0.75771,0.755058,57.2412,60,0.80855,0.873842,0.704573,0.755058,47.5466,60,0.814132,0.873842,0.69745,0.755058,47.7694,60,0.87262,0.873842,0.740899,0.755058,56.036,60,0.509621,0.873842,0.566933,0.755058,23.8668,60,0.509621,0.873842,0.566933,0.755058,23.8668
indoor_door_leaf_Tile_1,Tile_1,337,60,54.4423,0.753627,0.692802,8.157,186.916,41.0645,2.93487,60,0.814552,0.753627,0.726567,0.692802,45.3714,60,0.752123,0.753627,0.696856,0.692802,45.8393,60,0.705677,0.753627,0.638155,0.692802,38.2394,60,0.702312,0.753627,0.628067,0.692802,37.8042,60,0.772533,0.753627,0.682864,0.692802,46.0276,60,0.536416,0.753627,0.525902,0.692802,23.9891,60,0.536416,0.753627,0.525902,0.692802,23.9891
indoor_door_leaf_Tile_1,Tile_1,338,143,58.317,0.478555,0.51496,10.043,173.157,28.1239,6.89188,143,0.422856,0.478555,0.507969,0.51496,26.5163,143,0.476366,0.478555,0.518064,0.51496,31.439,143,0.443839,0.478555,0.494559,0.51496,28.3787,143,0.432694,0.478555,0.487029,0.51496,27.5096,143,0.476356,0.478555,0.498216,0.51496,31.2897,143,0.219296,0.478555,0.229212,0.51496,14.151,143,0.219296,0.478555,0.229212,0.51496,14.151
indoor_door_leaf_Tile_1,Tile_1,339,72,69.8244,0.571458,0.539107,21.968,167.671,39.3871,7.03247,72,0.418722,0.571458,0.379228,0.539107,28.248,72,0.573238,0.571458,0.543528,0.539107,44.5376,72,0.465759,0.571458,0.441603,0.539107,33.3337,72,0.47048,0.571458,0.445404,0.539107,33.2505,72,0.60384,0.571458,0.543208,0.539107,46.9301,72,0.189819,0.571458,0.181845,0.539107,12.1767,72,0.189819,0.571458,0.181845,0.539107,12.1767
indoor_door_leaf_Tile_1,Tile_1,340,128,121.075,0.643845,0.719794,22,255,78.879,5.90649,127,0.571856,0.640051,0.610219,0.718019,67.5629,127,0.630635,0.640051,0.714303,0.718019,86.2803,127,0.567282,0.640051,0.62106,0.718019,69.1943,127,0.577859,0.640051,0.628551,0.718019,70.7286,127,0.600956,0.640051,0.682424,0.718019,79.7014,128,0.528941,0.643845,0.410988,0.719794,53.9291,127,0.53149,0.640051,0.412047,0.718019,54.1048
indoor_door_leaf_Tile_1,Tile_1,341,74,60.8528,0.678143,0.713586,8.157,181.74,41.0599,6.9841,74,0.630584,0.678143,0.680797,0.713586,37.9795,74,0.676142,0.678143,0.717913,0.713586,45.8791,74,0.642594,0.678143,0.685469,0.713586,40.7695,74,0.636961,0.678143,0.675833,0.713586,39.9521,74,0.695542,0.678143,0.705316,0.713586,46.5595,74,0.296204,0.678143,0.319925,0.713586,16.7466,74,0.296204,0.678143,0.319925,0.713586,16.7466
indoor_door_leaf_Tile_1,Tile_1,342,153,52.1869,0.520495,0.557464,7,169.198,27.3592,7.12502,153,0.478418,0.520495,0.546806,0.557464,27.2456,153,0.519086,0.520495,0.56106,0.557464,30.631,153,0.508061,0.520495,0.554718,0.557464,29.318,153,0.495835,0.520495,0.547226,0.557464,28.4115,153,0.512516,0.520495,0.538958,0.557464,30.039,153,0.2146,0.520495,0.247684,0.557464,13.0208,153,0.2146,0.520495,0.247684,0.557464,13.0208
indoor_door_leaf_Tile_1,Tile_1,343,138,56.7685,0.45723,0.504988,9.157,173.157,26.1013,6.7209,138,0.404247,0.45723,0.497083,0.504988,24.8152,138,0.459648,0.45723,0.510104,0.504988,29.5425,138,0.428354,0.45723,0.484262,0.504988,26.7679,138,0.414882,0.45723,0.476736,0.504988,25.7541,138,0.455854,0.45723,0.486295,0.504988,29.0951,138,0.180502,0.45723,0.223283,0.504988,11.7635,138,0.180502,0.45723,0.223283,0.504988,11.7635
indoor_door_leaf_Tile_1,Tile_1,344,130,133.82,0.582548,0.626913,22,255,78.4099,6.51073,129,0.503513,0.57826,0.519113,0.62248,64.7142,129,0.56885,0.57826,0.616909,0.62248,85.5625,129,0.503064,0.57826,0.539697,0.62248,67.889,129,0.521545,0.57826,0.552364,0.62248,70.6565,129,0.540712,0.57826,0.593329,0.62248,78.9296,130,0.476608,0.582548,0.362012,0.626913,52.5831,129,0.478718,0.57826,0.363141,0.62248,52.7656
indoor_door_leaf_Tile_1,Tile_1,345,126,118.352,0.62279,0.623044,22,255,74.5404,6.8692,125,0.535871,0.618088,0.539922,0.616905,63.0778,125,0.608113,0.618088,0.611917,0.616905,81.388,125,0.535924,0.618088,0.546994,0.616905,64.964,125,0.545048,0.618088,0.555993,0.616905,66.1199,125,0.569477,0.618088,0.583781,0.616905,73.7507,126,0.506275,0.62279,0.421542,0.623044,53.6597,125,0.507778,0.618088,0.423221,0.616905,53.8645
indoor_door_leaf_Tile_1,Tile_1,346,132,120.774,0.737251,0.824105,13.054,255,89.3619,6.72156,130,0.663197,0.728909,0.73004,0.8201,78.4347,130,0.72108,0.728909,0.814084,0.8201,98.1675,130,0.66464,0.728909,0.735933,0.8201,80.9361,130,0.675069,0.728909,0.744808,0.8201,82.7006,130,0.694766,0.728909,0.78567,0.8201,90.6851,132,0.698544,0.737251,0.547728,0.824105,73.0222,130,0.700053,0.728909,0.551494,0.8201,73.4959
indoor_door_leaf_Tile_1,Tile_1,347,68,80.1878,0.747956,0.829648,8.929,207.041,60.4268,5.81892,68,0.703342,0.747956,0.827412,0.829648,56.533,68,0.736385,0.747956,0.826214,0.829648,66.0138,68,0.695675,0.747956,0.785657,0.829648,57.3317,68,0.694479,0.747956,0.77575,0.829648,56.4427,68,0.715633,0.747956,0.793399,0.829648,61.2729,68,0.387341,0.747956,0.448337,0.829648,22.344,68,0.387341,0.747956,0.448337,0.829648,22.344
indoor_door_leaf_Tile_1,Tile_1,348,52,78.8015,0.734269,0.72301,19.153,192.655,57.219,6.16714,51,0.652219,0.723997,0.671068,0.715418,52.2776,51,0.7169,0.723997,0.710107,0.715418,63.3469,51,0.651401,0.723997,0.648543,0.715418,51.4497,51,0.643821,0.723997,0.650183,0.715418,50.8142,51,0.687763,0.723997,0.676682,0.715418,58.2413,52,0.283416,0.734269,0.304101,0.72301,19.1017,51,0.286184,0.723997,0.307005,0.715418,19.2225
indoor_door_leaf_Tile_1,Tile_1,349,77,60.797,0.486994,0.411757,26.712,170.362,29.1053,7.14258,77,0.294019,0.486994,0.278665,0.411757,18.3846,77,0.489315,0.486994,0.415839,0.411757,32.9505,77,0.389685,0.486994,0.3486,0.411757,25.1172,77,0.392406,0.486994,0.346603,0.411757,24.859,77,0.51477,0.486994,0.41087,0.411757,34.4702,77,0.132236,0.486994,0.134097,0.411757,8.9995,77,0.132236,0.486994,0.134097,0.411757,8.9995
indoor_door_leaf_Tile_1,Tile_1,350,75,67.5058,0.708109,0.772088,9.886,176.366,47.1886,7.09013,75,0.66503,0.708109,0.749844,0.772088,45.7823,75,0.709149,0.708109,0.775169,0.772088,52.9761,75,0.647083,0.708109,0.737898,0.772088,45.1627,75,0.641118,0.708109,0.726555,0.772088,43.9258,75,0.68722,0.708109,0.745633,0.772088,49.7717,75,0.310821,0.708109,0.307372,0.772088,19.5302,75,0.310821,0.708109,0.307372,0.772088,19.5302
indoor_door_leaf_Tile_1,Tile_1,351,128,119.913,0.649189,0.648831,24.641,255,78.4251,6.86888,127,0.552745,0.644321,0.544091,0.642114,65.2581,127,0.634543,0.644321,0.638238,0.642114,85.7855,127,0.555281,0.644321,0.564603,0.642114,67.8758,127,0.563991,0.644321,0.569566,0.642114,68.526,127,0.598155,0.644321,0.610762,0.642114,78.2213,128,0.347857,0.649189,0.318623,0.648831,35.1738,127,0.34858,0.644321,0.319734,0.642114,35.2929
indoor_door_leaf_Tile_1,Tile_1,352,123,113.526,0.670169,0.695285,20.865,247.912,77.0291,6.68671,122,0.592494,0.665883,0.588188,0.691983,65.5595,122,0.655269,0.665883,0.688454,0.691983,84.14,122,0.585701,0.665883,0.600196,0.691983,67.3945,122,0.592127,0.665883,0.604238,0.691983,68.0884,122,0.618774,0.665883,0.651196,0.691983,76.8399,123,0.354435,0.670169,0.32123,0.695285,33.8387,122,0.355996,0.665883,0.322419,0.691983,33.9686
indoor_door_leaf_Tile_1,Tile_1,353,151,54.8577,0.52728,0.530474,10,172.527,29.1582,7.20428,151,0.477216,0.52728,0.502451,0.530474,28.3036,151,0.527086,0.52728,0.533965,0.530474,32.7218,151,0.495099,0.52728,0.522663,0.530474,29.891,151,0.484391,0.52728,0.515734,0.530474,28.9849,151,0.520898,0.52728,0.515497,0.530474,32.1067,151,0.226623,0.52728,0.224737,0.530474,14.0499,151,0.226623,0.52728,0.224737,0.530474,14.0499
indoor_door_leaf_Tile_1,Tile_1,354,155,59.6465,0.539403,0.546185,10.256,172.228,32.1128,7.02565,155,0.442819,0.539403,0.503316,0.546185,27.6354,155,0.540879,0.539403,0.550935,0.546185,36.1738,155,0.489292,0.539403,0.52122,0.546185,31.3373,155,0.47953,0.539403,0.515087,0.546185,30.5211,155,0.54851,0.539403,0.537678,0.546185,36.6186,155,0.166737,0.539403,0.182158,0.546185,11.092,155,0.166737,0.539403,0.182158,0.546185,11.092
indoor_door_leaf_Tile_1,Tile_1,355,157,58.0387,0.50813,0.548094,8.843,172.228,29.4648,7.01094,157,0.436107,0.50813,0.516925,0.548094,26.7107,157,0.508677,0.50813,0.552787,0.548094,33.1428,157,0.46912,0.50813,0.528427,0.548094,29.4208,157,0.459788,0.50813,0.521709,0.548094,28.6764,157,0.517331,0.50813,0.538871,0.548094,33.6368,157,0.176305,0.50813,0.205616,0.548094,11.4358,157,0.176305,0.50813,0.205616,0.548094,11.4358
indoor_door_leaf_Tile_1,Tile_1,356,132,87.9346,0.495383,0.483909,12.94,205.867,42.7367,7.00326,132,0.342838,0.495383,0.381021,0.483909,29.7489,132,0.497323,0.495383,0.487774,0.483909,48.2957,132,0.423083,0.495383,0.441406,0.483909,38.1416,132,0.41966,0.495383,0.438766,0.483909,37.8392,132,0.517016,0.495383,0.482884,0.483909,50.5656,132,0.311548,0.495383,0.337571,0.483909,26.4752,132,0.311548,0.495383,0.337571,0.483909,26.4752
indoor_door_leaf_Tile_1,Tile_1,357,132,108.924,0.677006,0.661567,18.609,254.185,74.6115,6.87701,131,0.590724,0.672509,0.5762,0.656009,64.2403,131,0.662312,0.672509,0.651372,0.656009,81.6571,131,0.591374,0.672509,0.591191,0.656009,66.4617,131,0.593749,0.672509,0.593711,0.656009,66.2331,131,0.621525,0.672509,0.626108,0.656009,73.9385,132,0.561222,0.677006,0.433956,0.661567,54.8664,131,0.562449,0.672509,0.435553,0.656009,55.061
indoor_door_leaf_Tile_1,Tile_1,358,132,57.0765,0.474883,0.461995,13.05,167.772,27.2663,6.92564,132,0.417122,0.474883,0.399464,0.461995,25.3639,132,0.477125,0.474883,0.464342,0.461995,30.8488,132,0.414207,0.474883,0.438924,0.461995,25.4319,132,0.411494,0.474883,0.438134,0.461995,25.2697,132,0.488718,0.474883,0.450822,0.461995,31.6171,132,0.223251,0.474883,0.219543,0.461995,13.7766,132,0.223251,0.474883,0.219543,0.461995,13.7766
indoor_door_leaf_Tile_1,Tile_1,359,103,122.456,0.582985,0.713595,23.68,254.114,72.931,4.82889,102,0.519026,0.57615,0.635554,0.704932,61.5929,102,0.570459,0.57615,0.702198,0.704932,79.6604,102,0.514367,0.57615,0.644039,0.704932,63.2806,102,0.527828,0.57615,0.649662,0.704932,65.0298,102,0.544799,0.57615,0.671585,0.704932,72.5142,103,0.51365,0.582985,0.280724,0.713595,47.6351,102,0.515285,0.57615,0.281937,0.704932,47.8501
indoor_door_leaf_Tile_1,Tile_1,360,104,122.476,0.578964,0.710925,22.125,252.94,72.4557,4.77654,103,0.51559,0.572215,0.636428,0.702449,61.5878,103,0.566384,0.572215,0.699508,0.702449,79.1005,103,0.511074,0.572215,0.641588,0.702449,62.8735,103,0.524783,0.572215,0.649034,0.702449,64.8275,103,0.540882,0.572215,0.669602,0.702449,72.0546,104,0.514856,0.578964,0.290622,0.710925,47.9833,103,0.516523,0.572215,0.291904,0.702449,48.1997
indoor_door_leaf_Tile_1,Tile_1,361,130,99.3803,0.773602,0.773972,17.94,250.271,77.7591,6.8085,129,0.705101,0.77036,0.681174,0.773684,68.5277,129,0.758068,0.77036,0.769471,0.773684,85.0557,129,0.693097,0.77036,0.689302,0.773684,69.7989,129,0.70028,0.77036,0.694441,0.773684,70.3929,129,0.720772,0.77036,0.738135,0.773684,77.9145,130,0.618781,0.773602,0.489278,0.773972,52.8624,129,0.621822,0.77036,0.490497,0.773684,53.0473
indoor_door_leaf_Tile_1,Tile_1,362,91,90.2339,0.672554,0.760242,12.684,207.574,61.0157,6.54956,91,0.615164,0.672554,0.725359,0.760242,55.7994,91,0.66657,0.672554,0.76014,0.760242,67.4292,91,0.595188,0.672554,0.68778,0.760242,54.3633,91,0.605639,0.672554,0.690089,0.760242,55.5094,91,0.650663,0.672554,0.734669,0.760242,63.4525,91,0.294122,0.672554,0.252249,0.760242,22.2264,91,0.294122,0.672554,0.252249,0.760242,22.2264
indoor_door_leaf_Tile_1,Tile_1,363,131,101.099,0.74361,0.740303,17.94,250.581,76.2141,6.89951,130,0.664452,0.740116,0.663722,0.739042,66.8317,130,0.730364,0.740116,0.733805,0.739042,83.6256,130,0.662498,0.740116,0.676716,0.739042,69.088,130,0.661026,0.740116,0.680619,0.739042,68.5486,130,0.688621,0.740116,0.714806,0.739042,76.1898,131,0.582437,0.74361,0.504391,0.740303,53.0767,130,0.584916,0.740116,0.506056,0.739042,53.2784
indoor_door_leaf_Tile_1,Tile_1,364,121,60.2601,0.449969,0.415084,18.05,179.22,27.1391,6.97718,121,0.306392,0.449969,0.298984,0.415084,19.4638,121,0.45239,0.449969,0.418701,0.415084,30.7248,121,0.381303,0.449969,0.381322,0.415084,24.5254,121,0.38233,0.449969,0.382833,0.415084,24.6375,121,0.470477,0.449969,0.410638,0.415084,31.9667,121,0.128191,0.449969,0.132737,0.415084,8.65086,121,0.128191,0.449969,0.132737,0.415084,8.65086
indoor_door_leaf_Tile_1,Tile_1,365,55,86.4382,0.65567,0.684178,19.886,182.833,55.7665,6.32685,54,0.595161,0.64704,0.613625,0.679282,51.1445,54,0.645442,0.64704,0.677368,0.679282,62.5251,54,0.564782,0.64704,0.595654,0.679282,47.7715,54,0.565804,0.64704,0.600688,0.679282,47.9412,54,0.626828,0.64704,0.654726,0.679282,58.6455,55,0.235661,0.65567,0.226117,0.684178,16.6157,54,0.236648,0.64704,0.225846,0.679282,16.5334
indoor_door_leaf_Tile_1,Tile_1,366,98,93.0012,0.645397,0.757324,11.57,208.449,60.3529,6.2274,98,0.595711,0.645397,0.71702,0.757324,54.6578,98,0.639327,0.645397,0.757317,0.757324,66.6898,98,0.576791,0.645397,0.687142,0.757324,54.2251,98,0.583557,0.645397,0.687835,0.757324,54.9419,98,0.620995,0.645397,0.731581,0.757324,62.4142,98,0.294314,0.645397,0.249721,0.757324,21.9418,98,0.294314,0.645397,0.249721,0.757324,21.9418
indoor_door_leaf_Tile_1,Tile_1,367,99,90.9026,0.717837,0.767022,19.413,252.331,65.5724,7.11204,99,0.625349,0.717837,0.682516,0.767022,57.4498,99,0.71053,0.717837,0.76545,0.767022,72.1327,99,0.61945,0.717837,0.675792,0.767022,57.2049,99,0.637285,0.717837,0.678117,0.767022,58.3999,99,0.69018,0.717837,0.729991,0.767022,66.8725,99,0.319886,0.717837,0.325171,0.767022,21.9746,99,0.319886,0.717837,0.325171,0.767022,21.9746
indoor_door_leaf_Tile_1,Tile_1,368,64,79.6421,0.648881,0.631555,20.673,182,50.6025,6.29733,63,0.572812,0.639699,0.557359,0.619665,45.3902,63,0.637389,0.639699,0.618118,0.619665,56.5923,63,0.555351,0.639699,0.549588,0.619665,44.162,63,0.561572,0.639699,0.554614,0.619665,44.6092,63,0.613286,0.639699,0.597197,0.619665,52.9444,64,0.195215,0.648881,0.185767,0.631555,13.9403,63,0.196426,0.639699,0.187153,0.619665,13.9407
indoor_door_leaf_Tile_1,Tile_1,369,135,65.7456,0.486386,0.435216,23.409,176.721,31.6483,7.06286,135,0.339916,0.486386,0.310726,0.435216,22.6585,135,0.488344,0.486386,0.437959,0.435216,35.786,135,0.40611,0.486386,0.392805,0.435216,27.8434,135,0.408002,0.486386,0.392258,0.435216,28.0126,135,0.510348,0.486386,0.434724,0.435216,37.5231,135,0.148892,0.486386,0.15644,0.435216,10.2151,135,0.148892,0.486386,0.15644,0.435216,10.2151
indoor_door_leaf_Tile_1,Tile_1,370,166,58.4618,0.540105,0.497381,12.235,175.942,31.5661,6.87854,166,0.43277,0.540105,0.426098,0.497381,26.3615,166,0.540592,0.540105,0.500343,0.497381,35.4962,166,0.490751,0.540105,0.484249,0.497381,30.8132,166,0.481024,0.540105,0.479012,0.497381,30.0652,166,0.551372,0.540105,0.490291,0.497381,36.1749,166,0.205454,0.540105,0.195512,0.497381,12.9685,166,0.205454,0.540105,0.195512,0.497381,12.9685
indoor_door_leaf_Tile_1,Tile_1,371,91,89.5671,0.601888,0.675602,12.869,205.221,54.0614,6.38059,91,0.542467,0.601888,0.641882,0.675602,49.0802,91,0.594664,0.601888,0.673213,0.675602,59.5323,91,0.523531,0.601888,0.594266,0.675602,47.8175,91,0.533178,0.601888,0.599202,0.675602,48.7242,91,0.571674,0.601888,0.644271,0.675602,54.8942,91,0.185453,0.601888,0.179358,0.675602,14.0659,91,0.185453,0.601888,0.179358,0.675602,14.0659
indoor_door_leaf_Tile_1,Tile_1,372,162,58.9315,0.485395,0.475848,12.869,159.32,28.6969,6.79673,162,0.426237,0.485395,0.438202,0.475848,26.4179,162,0.48413,0.485395,0.479662,0.475848,32.1497,162,0.458036,0.485395,0.454636,0.475848,29.341,162,0.452812,0.485395,0.452141,0.475848,28.9328,162,0.484814,0.485395,0.468957,0.475848,32.073,162,0.247207,0.485395,0.191622,0.475848,16.0217,162,0.247207,0.485395,0.191622,0.475848,16.0217
indoor_door_leaf_Tile_1,Tile_1,373,103,127.564,0.595931,0.703841,14.659,240.172,76.9159,5.31573,102,0.531266,0.589302,0.595256,0.695504,66.2193,102,0.58167,0.589302,0.690543,0.695504,83.9555,102,0.524762,0.589302,0.601389,0.695504,66.8026,102,0.526927,0.589302,0.604936,0.695504,67.4283,102,0.54738,0.589302,0.648847,0.695504,75.5196,103,0.558949,0.595931,0.418189,0.703841,60.6463,102,0.560072,0.589302,0.419989,0.695504,60.8876
indoor_door_leaf_Tile_1,Tile_1,374,114,116.184,0.649996,0.712344,20.463,242.645,76.4147,6.39118,113,0.573692,0.644606,0.603869,0.706741,66.0142,113,0.635884,0.644606,0.701745,0.706741,83.5651,113,0.569045,0.644606,0.608495,0.706741,66.8402,113,0.572066,0.644606,0.612933,0.706741,67.2933,113,0.599616,0.644606,0.661047,0.706741,75.4932,114,0.592221,0.649996,0.448087,0.712344,62.3798,113,0.593543,0.644606,0.449968,0.706741,62.6184
indoor_door_leaf_Tile_1,Tile_1,375,63,111.939,0.499189,0.591529,30.979,193.74,55.0593,2.82032,63,0.427752,0.499189,0.475049,0.591529,45.5739,63,0.493143,0.499189,0.584397,0.591529,60.6886,63,0.438228,0.499189,0.507954,0.591529,47.3272,63,0.440274,0.499189,0.510775,0.591529,47.5547,63,0.48345,0.499189,0.577996,0.591529,56.8723,63,0.168149,0.499189,0.168418,0.591529,12.8591,63,0.168149,0.499189,0.168418,0.591529,12.8591
indoor_door_leaf_Tile_1,Tile_1,376,125,104.471,0.717325,0.727005,19.228,247.58,75.9229,6.91503,124,0.623395,0.715459,0.626971,0.72845,64.4536,124,0.706767,0.715459,0.723077,0.72845,83.5491,124,0.62813,0.715459,0.651911,0.72845,67.5761,124,0.631626,0.715459,0.659222,0.72845,67.783,124,0.671651,0.715459,0.701272,0.72845,76.8375,125,0.50002,0.717325,0.479506,0.727005,47.4602,124,0.501842,0.715459,0.478908,0.72845,47.4313
indoor_door_leaf_Tile_1,Tile_1,377,133,63.3104,0.462288,0.442023,12.153,177.975,29.0151,7.01323,133,0.337537,0.462288,0.31751,0.442023,22.0185,133,0.464592,0.462288,0.444867,0.442023,32.8424,133,0.387809,0.462288,0.404087,0.442023,25.8123,133,0.389477,0.462288,0.405858,0.442023,26.0025,133,0.47369,0.462288,0.439473,0.442023,33.457,133,0.12259,0.462288,0.135651,0.442023,8.58104,133,0.12259,0.462288,0.135651,0.442023,8.58104
indoor_door_leaf_Tile_1,Tile_1,378,98,134.229,0.561953,0.658461,25.271,254.413,76.3569,4.86267,97,0.50563,0.554537,0.575321,0.646943,65.9198,97,0.54629,0.554537,0.639468,0.646943,83.0497,97,0.498459,0.554537,0.575038,0.646943,66.2924,97,0.502949,0.554537,0.579751,0.646943,67.3231,97,0.514588,0.554537,0.609759,0.646943,74.5484,98,0.559973,0.561953,0.423589,0.658461,62.0704,97,0.561,0.554537,0.425441,0.646943,62.3233
indoor_door_leaf_Tile_1,Tile_1,379,137,63.6417,0.454408,0.419622,20.452,162.327,28.8039,7.0904,137,0.333758,0.454408,0.306259,0.419622,22.0662,137,0.456284,0.454408,0.422244,0.419622,32.5714,137,0.386067,0.454408,0.386447,0.419622,26.0432,137,0.386432,0.454408,0.385474,0.419622,26.1126,137,0.473604,0.454408,0.415947,0.419622,33.8075,137,0.158228,0.454408,0.158516,0.419622,10.7146,137,0.158228,0.454408,0.158516,0.419622,10.7146
indoor_door_leaf_Tile_1,Tile_1,380,125,99.5247,0.740741,0.738882,17.071,250.271,74.5305,6.84694,124,0.659213,0.736646,0.63323,0.736408,64.8442,124,0.72505,0.736646,0.732017,0.736408,81.5294,124,0.650339,0.736646,0.644628,0.736408,66.0373,124,0.660567,0.736646,0.65095,0.736408,67.0811,124,0.687073,0.736646,0.694798,0.736408,74.2983,125,0.601073,0.740741,0.467079,0.738882,53.1979,124,0.603305,0.736646,0.468896,0.736408,53.4076
indoor_door_leaf_Tile_1,Tile_1,381,74,81.62,0.6097,0.663358,17.826,182.642,49.2688,6.79033,74,0.5296,0.6097,0.572691,0.663358,44.5384,74,0.604538,0.6097,0.663913,0.663358,54.6972,74,0.522272,0.6097,0.576057,0.663358,44.2957,74,0.51761,0.6097,0.577058,0.663358,43.394,74,0.583414,0.6097,0.630063,0.663358,51.0945,74,0.341945,0.6097,0.340043,0.663358,24.3509,74,0.341945,0.6097,0.340043,0.663358,24.3509
indoor_door_leaf_Tile_1,Tile_1,382,61,107.66,0.499978,0.594066,30.463,190.702,53.0628,3.15052,61,0.424016,0.499978,0.481548,0.594066,44.6026,61,0.493231,0.499978,0.585531,0.594066,58.2643,61,0.444151,0.499978,0.520101,0.594066,46.9335,61,0.435052,0.499978,0.515255,0.594066,45.4566,61,0.480838,0.499978,0.572209,0.594066,53.6849,61,0.162156,0.499978,0.172361,0.594066,12.3756,61,0.162156,0.499978,0.172361,0.594066,12.3756
indoor_door_leaf_Tile_1,Tile_1,383,81,84.7315,0.591664,0.703764,14,205.292,49.2029,5.73017,81,0.540572,0.591664,0.658238,0.703764,44.3751,81,0.585468,0.591664,0.702574,0.703764,54.344,81,0.507442,0.591664,0.607363,0.703764,42.2619,81,0.521139,0.591664,0.616139,0.703764,43.8651,81,0.559931,0.591664,0.667242,0.703764,49.6154,81,0.156346,0.591664,0.144402,0.703764,12.3319,81,0.156346,0.591664,0.144402,0.703764,12.3319
indoor_door_leaf_Tile_1,Tile_1,384,77,83.0814,0.590016,0.693725,12.783,188.662,48.0596,5.66051,77,0.532115,0.590016,0.648019,0.693725,42.561,77,0.583797,0.590016,0.691739,0.693725,53.0969,77,0.510186,0.590016,0.600531,0.693725,41.4534,77,0.515779,0.590016,0.604171,0.693725,42.01,77,0.555926,0.590016,0.657843,0.693725,48.2983,77,0.143513,0.590016,0.151398,0.693725,11.1399,77,0.143513,0.590016,0.151398,0.693725,11.1399
indoor_door_leaf_Tile_1,Tile_1,385,82,75.6691,0.688316,0.687948,16.381,184.228,51.1374,6.1935,82,0.596292,0.688316,0.613553,0.687948,43.7334,82,0.688435,0.688316,0.691477,0.687948,57.4731,82,0.602936,0.688316,0.628847,0.687948,45.4138,82,0.601654,0.688316,0.625781,0.687948,45.1607,82,0.668485,0.688316,0.668084,0.687948,54.1697,82,0.170946,0.688316,0.158229,0.687948,12.9935,82,0.170946,0.688316,0.158229,0.687948,12.9935
indoor_door_leaf_Tile_1,Tile_1,386,132,111.864,0.619996,0.585611,23.751,255,70.2987,6.82754,131,0.524706,0.616336,0.500439,0.581869,59.5026,131,0.605906,0.616336,0.575944,0.581869,76.8041,131,0.530381,0.616336,0.513542,0.581869,61.8406,131,0.539057,0.616336,0.520364,0.581869,62.6293,131,0.568549,0.616336,0.545729,0.581869,69.5328,132,0.490899,0.619996,0.406419,0.585611,50.3418,131,0.492989,0.616336,0.407749,0.581869,50.5294
indoor_door_leaf_Tile_1,Tile_1,387,145,60.9412,0.471759,0.441704,14.256,169.071,28.7104,6.8569,145,0.36412,0.471759,0.348829,0.441704,23.3304,145,0.473929,0.471759,0.444173,0.441704,32.4816,145,0.402662,0.471759,0.406955,0.441704,26.1529,145,0.406753,0.471759,0.410808,0.441704,26.4739,145,0.481567,0.471759,0.435114,0.441704,33.023,145,0.118345,0.471759,0.11985,0.441704,8.70474,145,0.118345,0.471759,0.11985,0.441704,8.70474
indoor_door_leaf_Tile_1,Tile_1,388,138,64.9179,0.429709,0.399246,23.925,151.668,27.6435,7.11009,138,0.257019,0.429709,0.264454,0.399246,17.4294,138,0.431573,0.429709,0.40187,0.399246,31.265,138,0.360373,0.429709,0.363933,0.399246,24.7699,138,0.365034,0.429709,0.366606,0.399246,25.1581,138,0.449727,0.429709,0.39953,0.399246,32.5619,138,0.119142,0.429709,0.114129,0.399246,8.80431,138,0.119142,0.429709,0.114129,0.399246,8.80431
indoor_door_leaf_Tile_1,Tile_1,389,75,108.43,0.490777,0.568695,30.164,190.452,52.5226,5.5239,75,0.404518,0.490777,0.444896,0.568695,42.0482,75,0.485522,0.490777,0.561681,0.568695,57.937,75,0.422301,0.490777,0.485902,0.568695,44.8582,75,0.419489,0.490777,0.485602,0.568695,44.3667,75,0.476748,0.490777,0.551135,0.568695,54.2007,75,0.173785,0.490777,0.168972,0.568695,13.5499,75,0.173785,0.490777,0.168972,0.568695,13.5499
indoor_door_leaf_Tile_1,Tile_1,390,139,62.5359,0.424242,0.398207,23.908,164.327,26.5056,7.07287,139,0.284873,0.424242,0.277345,0.398207,18.6851,139,0.426407,0.424242,0.400939,0.398207,30.0024,139,0.360384,0.424242,0.357701,0.398207,24.0348,139,0.360386,0.424242,0.357691,0.398207,24.0803,139,0.441216,0.424242,0.397273,0.398207,30.9924,139,0.131529,0.424242,0.139134,0.398207,9.16452,139,0.131529,0.424242,0.139134,0.398207,9.16452
indoor_door_leaf_Tile_1,Tile_1,391,165,55.0542,0.421189,0.445011,13.228,144.956,23.5735,6.78636,165,0.362641,0.421189,0.410007,0.445011,21.7048,165,0.423625,0.421189,0.450048,0.445011,26.653,165,0.393318,0.421189,0.424232,0.445011,23.9834,165,0.38844,0.421189,0.420771,0.445011,23.6174,165,0.42753,0.421189,0.443578,0.445011,26.7483,165,0.263928,0.421189,0.266278,0.445011,16.7674,165,0.263928,0.421189,0.266278,0.445011,16.7674
indoor_door_leaf_Tile_1,Tile_1,392,77,82.6835,0.640657,0.673685,14.854,181,51.9032,6.11426,77,0.555232,0.640657,0.596036,0.673685,44.8762,77,0.638457,0.640657,0.6738,0.673685,58.03,77,0.565359,0.640657,0.618172,0.673685,46.5217,77,0.561943,0.640657,0.61379,0.673685,45.7182,77,0.615975,0.640657,0.649392,0.673685,53.7955,77,0.189401,0.640657,0.183053,0.673685,13.898,77,0.189401,0.640657,0.183053,0.673685,13.898
indoor_door_leaf_Tile_1,Tile_1,393,98,74.9324,0.641863,0.680997,12.385,170.089,46.9678,6.68909,98,0.564265,0.641863,0.638622,0.680997,42.8075,98,0.641197,0.641863,0.683654,0.680997,52.6115,98,0.549463,0.641863,0.623112,0.680997,41.7876,98,0.558003,0.641863,0.621519,0.680997,42.0612,98,0.61414,0.641863,0.656196,0.680997,48.4542,98,0.165868,0.641863,0.183885,0.680997,12.3972,98,0.165868,0.641863,0.183885,0.680997,12.3972
indoor_door_leaf_Tile_1,Tile_1,394,98,79.1787,0.621196,0.681104,14.228,168.306,48.3371,6.50443,98,0.570234,0.621196,0.64841,0.681104,45.6218,98,0.619401,0.621196,0.683903,0.681104,54.0539,98,0.555413,0.621196,0.633471,0.681104,45.0841,98,0.558028,0.621196,0.6289,0.681104,44.9696,98,0.600887,0.621196,0.65808,0.681104,50.6346,98,0.162434,0.621196,0.173778,0.681104,12.382,98,0.162434,0.621196,0.173778,0.681104,12.382
indoor_door_leaf_Tile_1,Tile_1,395,68,109.333,0.501186,0.580784,29.164,199.04,54.0996,4.39744,68,0.422234,0.501186,0.462524,0.580784,44.547,68,0.494226,0.501186,0.572777,0.580784,59.4215,68,0.432435,0.501186,0.499501,0.580784,46.1453,68,0.433024,0.501186,0.498465,0.580784,46.0651,68,0.480296,0.501186,0.5595,0.580784,54.5639,68,0.15148,0.501186,0.152522,0.580784,11.8394,68,0.15148,0.501186,0.152522,0.580784,11.8394
indoor_door_leaf_Tile_1,Tile_1,396,71,81.258,0.628701,0.622558,18.495,178.117,50.0506,5.95408,71,0.537462,0.628701,0.547409,0.622558,42.8224,71,0.626278,0.628701,0.620471,0.622558,56.035,71,0.542712,0.628701,0.558772,0.622558,44.0473,71,0.541536,0.628701,0.558859,0.622558,43.7479,71,0.597976,0.628701,0.590455,0.622558,51.3135,71,0.158398,0.628701,0.153351,0.622558,11.9621,71,0.158398,0.628701,0.153351,0.622558,11.9621
indoor_door_leaf_Tile_1,Tile_1,397,131,106.925,0.675552,0.702577,21.153,242.983,72.8851,6.07384,130,0.604678,0.671976,0.594316,0.70077,62.7016,130,0.661771,0.671976,0.696344,0.70077,79.7412,130,0.591249,0.671976,0.609499,0.70077,63.7689,130,0.597592,0.671976,0.612002,0.70077,64.4766,130,0.622763,0.671976,0.65677,0.70077,72.1749,131,0.506789,0.675552,0.37786,0.702577,45.2371,130,0.509179,0.671976,0.378733,0.70077,45.3874
indoor_door_leaf_Tile_1,Tile_1,398,144,58.4379,0.381336,0.402487,14.712,140.883,22.8435,6.58076,144,0.303549,0.381336,0.36121,0.402487,19.6779,144,0.383994,0.381336,0.408052,0.402487,25.8942,144,0.340762,0.381336,0.367941,0.402487,22.2501,144,0.341368,0.381336,0.366813,0.402487,22.259,144,0.386611,0.381336,0.390347,0.402487,25.9052,144,0.10275,0.381336,0.100077,0.402487,8.52311,144,0.10275,0.381336,0.100077,0.402487,8.52311
indoor_door_leaf_Tile_1,Tile_1,399,93,123.905,0.504857,0.601541,26.424,240.09,63.5424,4.84011,92,0.452029,0.497728,0.524995,0.592237,54.0283,92,0.493012,0.497728,0.590792,0.592237,69.2762,92,0.455229,0.497728,0.536118,0.592237,56.242,92,0.455336,0.497728,0.541288,0.592237,56.3656,92,0.460544,0.497728,0.562497,0.592237,61.9534,93,0.370458,0.504857,0.327767,0.601541,38.0937,92,0.372371,0.497728,0.329522,0.592237,38.298
indoor_door_leaf_Tile_1,Tile_1,400,83,82.5552,0.597709,0.686516,13.826,194.591,48.4947,5.67277,83,0.543257,0.597709,0.644,0.686516,43.9262,83,0.591555,0.597709,0.684428,0.686516,53.5779,83,0.516991,0.597709,0.59428,0.686516,42.0701,83,0.528147,0.597709,0.601379,0.686516,43.3281,83,0.567317,0.597709,0.651401,0.686516,49.1514,83,0.159814,0.597709,0.147893,0.686516,12.2054,83,0.159814,0.597709,0.147893,0.686516,12.2054
indoor_door_leaf_Tile_1,Tile_1,401,108,128.372,0.564946,0.653307,18.239,254.114,73.7881,4.67577,107,0.492993,0.559119,0.573444,0.646586,61.6485,107,0.551601,0.559119,0.64354,0.646586,80.4097,107,0.500403,0.559119,0.585519,0.646586,64.2591,107,0.517615,0.559119,0.598716,0.646586,67.1764,107,0.523895,0.559119,0.621269,0.646586,73.4429,108,0.50545,0.564946,0.341155,0.653307,51.1198,107,0.50782,0.559119,0.342674,0.646586,51.3577
indoor_door_leaf_Tile_1,Tile_1,402,122,111.668,0.679693,0.734686,15.577,241.798,76.7642,6.46496,121,0.597915,0.674818,0.618262,0.730257,66.0426,121,0.665831,0.674818,0.724573,0.730257,84.0006,121,0.592802,0.674818,0.633007,0.730257,67.0094,121,0.597698,0.674818,0.638201,0.730257,67.7504,121,0.629403,0.674818,0.686175,0.730257,75.9854,122,0.462393,0.679693,0.407096,0.734686,45.1568,121,0.463562,0.674818,0.408727,0.730257,45.3057
indoor_door_leaf_Tile_1,Tile_1,403,80,91.6334,0.520976,0.561944,20.854,196.943,47.0207,6.80261,80,0.422172,0.520976,0.451769,0.561944,39.7251,80,0.515794,0.520976,0.562468,0.561944,52.1143,80,0.41113,0.520976,0.457728,0.561944,38.8559,80,0.421371,0.520976,0.464398,0.561944,39.7091,80,0.487076,0.520976,0.523774,0.561944,47.4459,80,0.275554,0.520976,0.284008,0.561944,23.057,80,0.275554,0.520976,0.284008,0.561944,23.057
indoor_door_leaf_Tile_1,Tile_1,404,142,91.4801,0.407969,0.408463,16.88,199.949,36.52,7.00618,142,0.277632,0.407969,0.320816,0.408463,25.9309,142,0.410539,0.407969,0.4125,0.408463,41.3861,142,0.345903,0.407969,0.378131,0.408463,32.9775,142,0.344466,0.407969,0.377434,0.408463,32.8817,142,0.425646,0.407969,0.404843,0.408463,42.9178,142,0.280997,0.407969,0.300287,0.408463,26.0212,142,0.280997,0.407969,0.300287,0.408463,26.0212
indoor_door_leaf_Tile_1,Tile_1,405,68,84.4198,0.608963,0.627026,18.082,177.772,50.4725,6.10584,68,0.51746,0.608963,0.539197,0.627026,43.0523,68,0.605956,0.608963,0.624241,0.627026,56.3916,68,0.525324,0.608963,0.559022,0.627026,44.1395,68,0.525911,0.608963,0.561896,0.627026,44.0763,68,0.584142,0.608963,0.597283,0.627026,52.0741,68,0.158611,0.608963,0.153673,0.627026,11.8862,68,0.158611,0.608963,0.153673,0.627026,11.8862
indoor_door_leaf_Tile_1,Tile_1,406,81,83.5066,0.597189,0.652561,13.413,210.17,49.1862,5.73867,81,0.508047,0.597189,0.594495,0.652561,41.2201,81,0.592121,0.597189,0.651779,0.652561,54.5564,81,0.50433,0.597189,0.56311,0.652561,41.9885,81,0.517276,0.597189,0.571153,0.652561,43.3917,81,0.573429,0.597189,0.621232,0.652561,50.8324,81,0.119182,0.597189,0.121876,0.652561,10.1147,81,0.119182,0.597189,0.121876,0.652561,10.1147
indoor_door_leaf_Tile_1,Tile_1,407,138,58.4569,0.423582,0.432641,11.637,145.657,24.9972,6.97615,138,0.302568,0.423582,0.342304,0.432641,19.1578,138,0.425726,0.423582,0.434617,0.432641,28.2882,138,0.37364,0.423582,0.417947,0.432641,23.8302,138,0.378233,0.423582,0.419131,0.432641,24.1564,138,0.432376,0.423582,0.422279,0.432641,28.5646,138,0.152424,0.423582,0.17645,0.432641,10.4677,138,0.152424,0.423582,0.17645,0.432641,10.4677
indoor_door_leaf_Tile_1,Tile_1,408,166,58.6905,0.4545,0.444853,15.968,170.544,26.8211,6.83824,166,0.353662,0.4545,0.371484,0.444853,22.2892,166,0.456387,0.4545,0.447878,0.444853,30.2732,166,0.396642,0.4545,0.419687,0.444853,25.2757,166,0.402115,0.4545,0.423193,0.444853,25.5587,166,0.470506,0.4545,0.446202,0.444853,31.1087,166,0.219103,0.4545,0.225583,0.444853,14.3705,166,0.219103,0.4545,0.225583,0.444853,14.3705
indoor_door_leaf_Tile_1,Tile_1,409,110,119.799,0.549938,0.633707,20.463,253.239,66.6828,4.53384,109,0.480195,0.544405,0.561779,0.627574,56.0012,109,0.537876,0.544405,0.623057,0.627574,72.6876,109,0.484807,0.544405,0.56299,0.627574,57.7504,109,0.511923,0.544405,0.583039,0.627574,62.2914,109,0.512811,0.544405,0.594327,0.627574,66.4493,110,0.501385,0.549938,0.298125,0.633707,46.3371,109,0.504009,0.544405,0.299193,0.627574,46.5409
indoor_door_leaf_Tile_1,Tile_1,410,140,78.0405,0.522717,0.528511,12.62,205.586,39.9092,7.0029,140,0.361992,0.522717,0.427198,0.528511,28.3367,140,0.525024,0.522717,0.529709,0.528511,45.111,140,0.451574,0.522717,0.489162,0.528511,36.4989,140,0.455659,0.522717,0.494083,0.528511,36.9939,140,0.547896,0.522717,0.546052,0.528511,47.5519,140,0.314126,0.522717,0.360146,0.528511,24.0757,140,0.314126,0.522717,0.360146,0.528511,24.0757
indoor_door_leaf_Tile_1,Tile_1,411,85,84.206,0.582502,0.669557,13.94,213.583,47.9649,5.73611,85,0.522025,0.582502,0.622845,0.669557,42.3976,85,0.578018,0.582502,0.669145,0.669557,53.2502,85,0.493719,0.582502,0.575951,0.669557,40.9869,85,0.504832,0.582502,0.582583,0.669557,42.1588,85,0.561558,0.582502,0.638029,0.669557,49.7875,85,0.15817,0.582502,0.148426,0.669557,12.3762,85,0.15817,0.582502,0.148426,0.669557,12.3762
indoor_door_leaf_Tile_1,Tile_1,412,138,58.6994,0.406916,0.420628,14.637,129.85,24.3143,6.95391,137,0.304489,0.403008,0.339744,0.415043,19.6917,137,0.405112,0.403008,0.416984,0.415043,27.3849,137,0.361683,0.403008,0.402707,0.415043,23.5048,137,0.361623,0.403008,0.400185,0.415043,23.526,137,0.408182,0.403008,0.401047,0.415043,27.4446,138,0.179389,0.406916,0.222752,0.420628,12.2161,137,0.179966,0.403008,0.223334,0.415043,12.2385
indoor_door_leaf_Tile_1,Tile_1,413,168,55.2667,0.442996,0.43695,15.893,147.956,24.8088,6.9827,168,0.349563,0.442996,0.376184,0.43695,21.1318,168,0.446528,0.442996,0.441693,0.43695,28.1142,168,0.396846,0.442996,0.424825,0.43695,24.1897,168,0.403456,0.442996,0.426062,0.43695,24.5056,168,0.455979,0.442996,0.438008,0.43695,28.5771,168,0.245996,0.442996,0.295196,0.43695,15.8068,168,0.245996,0.442996,0.295196,0.43695,15.8068
indoor_door_leaf_Tile_1,Tile_1,414,169,58.5639,0.433352,0.440347,15.228,162.017,25.6232,6.91504,169,0.343812,0.433352,0.404442,0.440347,21.8837,169,0.436765,0.433352,0.446894,0.440347,29.0366,169,0.385377,0.433352,0.417574,0.440347,24.8462,169,0.389619,0.433352,0.417045,0.440347,25.0545,169,0.445985,0.433352,0.439656,0.440347,29.535,169,0.226243,0.433352,0.329632,0.440347,15.7552,169,0.226243,0.433352,0.329632,0.440347,15.7552
indoor_door_leaf_Tile_1,Tile_1,415,166,59.9972,0.410693,0.43919,15.484,139.13,24.9911,6.85667,166,0.363475,0.410693,0.412736,0.43919,23.789,166,0.413438,0.410693,0.444679,0.43919,28.2808,166,0.386321,0.410693,0.418153,0.43919,25.6384,166,0.386786,0.410693,0.417012,0.43919,25.6125,166,0.416524,0.410693,0.431983,0.43919,28.3029,166,0.180932,0.410693,0.200813,0.43919,13.2175,166,0.180932,0.410693,0.200813,0.43919,13.2175
indoor_door_leaf_Tile_1,Tile_1,416,103,121.591,0.561037,0.64996,16.327,228.955,69.2505,4.69801,102,0.492891,0.554896,0.571029,0.642789,57.5479,102,0.548307,0.554896,0.63807,0.642789,75.4357,102,0.493712,0.554896,0.577207,0.642789,59.8439,102,0.520082,0.554896,0.598413,0.642789,64.5264,102,0.522741,0.554896,0.609325,0.642789,68.9861,103,0.50671,0.561037,0.315062,0.64996,48.3126,102,0.509258,0.554896,0.316514,0.642789,48.5459
indoor_door_leaf_Tile_1,Tile_1,417,86,81.5876,0.703035,0.58885,22.153,248.809,57.7409,7.14578,86,0.566369,0.703035,0.513017,0.58885,48.1644,86,0.693992,0.703035,0.586444,0.58885,63.4505,86,0.567249,0.703035,0.508016,0.58885,48.3398,86,0.601583,0.703035,0.527751,0.58885,52.071,86,0.659379,0.703035,0.559873,0.58885,58.2449,86,0.338776,0.703035,0.328711,0.58885,27.0558,86,0.338776,0.703035,0.328711,0.58885,27.0558
indoor_door_leaf_Tile_1,Tile_1,418,102,117.863,0.590146,0.707798,10.467,237.912,70.4405,4.72849,101,0.520228,0.583798,0.629633,0.700961,59.5913,101,0.575989,0.583798,0.696393,0.700961,76.6908,101,0.522992,0.583798,0.638234,0.700961,61.1379,101,0.543442,0.583798,0.652589,0.700961,64.1828,101,0.548761,0.583798,0.667513,0.700961,69.8486,102,0.268092,0.590146,0.313398,0.707798,24.3169,101,0.269389,0.583798,0.314927,0.700961,24.4339
indoor_door_leaf_Tile_1,Tile_1,419,155,115.491,0.766314,0.933262,7.402,255,89.0126,5.99871,153,0.703775,0.764886,0.840902,0.938523,77.613,153,0.75631,0.764886,0.931308,0.938523,98.013,153,0.703434,0.764886,0.854527,0.938523,80.7739,153,0.728684,0.764886,0.873519,0.938523,85.884,153,0.731785,0.764886,0.910503,0.938523,91.3223,155,0.611107,0.766314,0.62924,0.933262,55.3175,153,0.615829,0.764886,0.628614,0.938523,55.2933
indoor_door_leaf_Tile_1,Tile_1,420,83,66.1536,0.635712,0.592947,17.196,169.805,41.2404,6.58557,83,0.560322,0.635712,0.583972,0.592947,38.164,83,0.637582,0.635712,0.599353,0.592947,46.5562,83,0.527453,0.635712,0.533263,0.592947,36.2194,83,0.53958,0.635712,0.534807,0.592947,36.7801,83,0.60781,0.635712,0.574955,0.592947,42.8679,83,0.281124,0.635712,0.396374,0.592947,18.3405,83,0.281124,0.635712,0.396374,0.592947,18.3405
indoor_door_leaf_Tile_1,Tile_1,421,131,62.9052,0.394031,0.369716,26.05,146.066,24.9242,7.10357,131,0.255473,0.394031,0.254164,0.369716,17.449,131,0.396276,0.394031,0.372766,0.369716,28.222,131,0.337483,0.394031,0.334121,0.369716,23.0577,131,0.341576,0.394031,0.337418,0.369716,23.4071,131,0.4069,0.394031,0.365935,0.369716,28.8585,131,0.101511,0.394031,0.0992829,0.369716,8.14957,131,0.101511,0.394031,0.0992829,0.369716,8.14957
indoor_door_leaf_Tile_1,Tile_1,422,91,80.5445,0.679318,0.586223,9.794,255,55.0251,7.16726,91,0.541991,0.679318,0.511984,0.586223,46.6082,91,0.668234,0.679318,0.583226,0.586223,60.3126,91,0.541045,0.679318,0.527816,0.586223,46.9395,91,0.597616,0.679318,0.546616,0.586223,52.2513,91,0.643227,0.679318,0.566443,0.586223,56.1051,91,0.329993,0.679318,0.343808,0.586223,26.2359,91,0.329993,0.679318,0.343808,0.586223,26.2359
indoor_door_leaf_Tile_1,Tile_1,423,162,109.447,0.668604,0.627415,12.566,255,73.4161,7.0111,161,0.560648,0.664214,0.52257,0.618276,60.4205,161,0.653103,0.664214,0.613249,0.618276,80.197,161,0.569261,0.664214,0.545861,0.618276,63.3957,161,0.597755,0.664214,0.563033,0.618276,67.9371,161,0.625418,0.664214,0.59523,0.618276,74.3379,162,0.307231,0.668604,0.333123,0.627415,27.6442,161,0.30666,0.664214,0.333237,0.618276,27.6302
indoor_door_leaf_Tile_1,Tile_1,424,93,120.252,0.677806,0.830721,17.413,247.695,82.0445,5.0076,92,0.624554,0.669644,0.73038,0.819595,71.0368,92,0.662213,0.669644,0.812494,0.819595,89.5166,92,0.621228,0.669644,0.748101,0.819595,72.9176,92,0.622116,0.669644,0.753182,0.819595,73.8858,92,0.634301,0.669644,0.781583,0.819595,81.3621,93,0.299794,0.677806,0.335715,0.830721,26.5202,92,0.29844,0.669644,0.335636,0.819595,26.493
indoor_door_leaf_Tile_1,Tile_1,425,155,105.499,0.720394,0.734892,18.452,254.413,76.7009,6.43883,153,0.628976,0.713845,0.622456,0.729676,64.79,153,0.704378,0.713845,0.724523,0.729676,84.0909,153,0.6317,0.713845,0.647366,0.729676,67.8355,153,0.671818,0.713845,0.671139,0.729676,73.9682,153,0.680964,0.713845,0.697859,0.729676,78.5022,155,0.326733,0.720394,0.328924,0.734892,27.9164,153,0.327669,0.713845,0.330715,0.729676,28.0445
indoor_door_leaf_Tile_1,Tile_1,426,189,106.623,0.642776,0.592823,19.957,253.957,68.7271,6.96064,188,0.54517,0.638974,0.495161,0.584273,57.1821,188,0.628148,0.638974,0.581067,0.584273,75.2621,188,0.554229,0.638974,0.525533,0.584273,60.4347,188,0.555049,0.638974,0.528336,0.584273,60.4659,188,0.591762,0.638974,0.552901,0.584273,68.8803,189,0.228137,0.642776,0.222663,0.592823,21.224,188,0.227141,0.638974,0.221669,0.584273,21.1601
indoor_door_leaf_Tile_1,Tile_1,427,89,118.882,0.71978,0.953549,10.097,242.695,85.9125,5.11295,88,0.671453,0.711785,0.855668,0.947815,75.021,88,0.70562,0.711785,0.940667,0.947815,94.0028,88,0.668491,0.711785,0.875802,0.947815,77.1191,88,0.668906,0.711785,0.881636,0.947815,78.0479,88,0.680719,0.711785,0.908686,0.947815,85.6602,89,0.341396,0.71978,0.459476,0.953549,28.7588,88,0.341503,0.711785,0.461662,0.947815,28.857
indoor_door_leaf_Tile_1,Tile_1,428,157,90.1176,0.55642,0.600249,22.071,213.325,51.243,6.06152,155,0.477666,0.549798,0.4981,0.592856,43.2234,155,0.548425,0.549798,0.591682,0.592856,56.8009,155,0.476427,0.549798,0.513652,0.592856,44.6513,155,0.498176,0.549798,0.531882,0.592856,47.6432,155,0.523876,0.549798,0.559543,0.592856,52.3948,157,0.324814,0.55642,0.312115,0.600249,25.4044,155,0.326173,0.549798,0.314019,0.592856,25.5452
indoor_door_leaf_Tile_1,Tile_1,429,168,119.053,0.668054,0.685604,25.061,255,80.1338,6.44496,166,0.571406,0.661131,0.591371,0.678188,66.7061,166,0.651269,0.661131,0.672906,0.678188,87.6216,166,0.580893,0.661131,0.602692,0.678188,70.3106,166,0.612382,0.661131,0.623608,0.678188,75.7864,166,0.628217,0.661131,0.642352,0.678188,81.3735,168,0.227843,0.668054,0.241732,0.685604,22.0671,166,0.227169,0.661131,0.241569,0.678188,22.0632
indoor_door_leaf_Tile_1,Tile_1,430,193,111.28,0.643844,0.608783,25.317,255,72.0524,6.89279,191,0.543492,0.63803,0.520914,0.600994,60.0919,191,0.627324,0.63803,0.597338,0.600994,78.8902,191,0.553171,0.63803,0.537299,0.600994,63.1561,191,0.556917,0.63803,0.541739,0.600994,63.7436,191,0.592222,0.63803,0.566318,0.600994,71.8754,193,0.226655,0.643844,0.225203,0.608783,21.8569,191,0.226018,0.63803,0.224876,0.600994,21.8478
indoor_door_leaf_Tile_1,Tile_1,431,143,105.503,0.706997,0.734944,13.762,254.413,75.2288,6.19602,142,0.626034,0.702443,0.644773,0.729321,65.0279,142,0.69225,0.702443,0.724846,0.729321,82.2611,142,0.621357,0.702443,0.654463,0.729321,66.6464,142,0.633898,0.702443,0.667823,0.729321,69.0692,142,0.658637,0.702443,0.686355,0.729321,75.1257,143,0.294209,0.706997,0.319601,0.734944,25.3246,142,0.29437,0.702443,0.320399,0.729321,25.3745
indoor_door_leaf_Tile_1,Tile_1,432,95,111.108,0.71137,0.924597,11.755,243.037,79.5594,5.14849,94,0.650856,0.704271,0.855129,0.920176,69.0185,94,0.698224,0.704271,0.915788,0.920176,87.0116,94,0.651468,0.704271,0.864455,0.920176,71.208,94,0.660858,0.704271,0.869533,0.920176,72.7013,94,0.67567,0.704271,0.880428,0.920176,79.6719,95,0.324588,0.71137,0.349629,0.924597,24.9503,94,0.325728,0.704271,0.35143,0.920176,25.0618
indoor_door_leaf_Tile_1,Tile_1,433,87,121.219,0.68802,0.919448,13.57,245.787,83.9126,5.25276,86,0.637339,0.679882,0.835663,0.913221,72.8175,86,0.674874,0.679882,0.908293,0.913221,91.7176,86,0.637941,0.679882,0.853704,0.913221,75.1944,86,0.640751,0.679882,0.856943,0.913221,76.2603,86,0.647991,0.679882,0.871265,0.913221,83.438,87,0.408212,0.68802,0.375006,0.919448,35.1998,86,0.408997,0.679882,0.376777,0.913221,35.3557
indoor_door_leaf_Tile_1,Tile_1,434,53,76.4686,0.506616,0.520988,25.794,176.822,38.4988,6.47364,53,0.422067,0.506616,0.430865,0.520988,33.8314,53,0.506616,0.506616,0.520988,0.520988,43.4423,53,0.429144,0.506616,0.475338,0.520988,34.8745,53,0.435284,0.506616,0.480077,0.520988,35.2487,53,0.507487,0.506616,0.522564,0.520988,41.8015,53,0.274379,0.506616,0.26845,0.520988,19.8801,53,0.274379,0.506616,0.26845,0.520988,19.8801
indoor_door_leaf_Tile_1,Tile_1,435,187,101.688,0.558366,0.502359,22.228,253.826,57.0123,6.95759,185,0.46199,0.55186,0.438142,0.489144,48.2205,185,0.539783,0.55186,0.486757,0.489144,62.1131,185,0.471678,0.55186,0.454992,0.489144,50.448,185,0.473381,0.55186,0.458361,0.489144,50.814,185,0.498288,0.55186,0.462848,0.489144,56.3695,187,0.249801,0.558366,0.266684,0.502359,24.8983,185,0.247785,0.55186,0.265215,0.489144,24.799
indoor_door_leaf_Tile_1,Tile_1,436,142,110.598,0.593948,0.666832,23.583,241.3,66.2296,5.67412,140,0.521975,0.585524,0.587771,0.657575,56.207,140,0.577058,0.585524,0.652082,0.657575,72.3638,140,0.520695,0.585524,0.595507,0.657575,58.1823,140,0.556089,0.585524,0.615826,0.657575,63.8088,140,0.559167,0.585524,0.627218,0.657575,67.2745,142,0.22839,0.593948,0.239787,0.666832,20.2339,140,0.228618,0.585524,0.240665,0.657575,20.2995
indoor_door_leaf_Tile_1,Tile_1,437,94,64.7381,0.6746,0.618248,14.74,180.583,42.7668,6.86158,94,0.587926,0.6746,0.580749,0.618248,39.0504,94,0.676227,0.6746,0.623022,0.618248,48.1572,94,0.57415,0.6746,0.572375,0.618248,38.4702,94,0.582829,0.6746,0.572336,0.618248,38.6353,94,0.652759,0.6746,0.600157,0.618248,44.8531,94,0.287949,0.6746,0.352239,0.618248,18.9194,94,0.287949,0.6746,0.352239,0.618248,18.9194
indoor_door_leaf_Tile_1,Tile_1,438,131,63.0748,0.444333,0.431848,20.893,159.696,28.1004,7.14662,131,0.30335,0.444333,0.325568,0.431848,20.5305,131,0.446223,0.444333,0.434734,0.431848,31.7749,131,0.387578,0.444333,0.398425,0.431848,26.4021,131,0.391921,0.444333,0.403916,0.431848,26.7839,131,0.45933,0.444333,0.42658,0.431848,32.5457,131,0.172146,0.444333,0.185311,0.431848,12.1762,131,0.172146,0.444333,0.185311,0.431848,12.1762
indoor_door_leaf_Tile_1,Tile_1,439,43,80.1308,0.470033,0.454232,27.153,178.42,37.0817,6.3569,43,0.391673,0.470033,0.384404,0.454232,33.4837,43,0.470033,0.470033,0.454232,0.454232,41.8433,43,0.392232,0.470033,0.41543,0.454232,33.6526,43,0.394492,0.470033,0.415597,0.454232,33.7116,43,0.449305,0.470033,0.446008,0.454232,38.1685,43,0.291431,0.470033,0.281577,0.454232,22.6931,43,0.291431,0.470033,0.281577,0.454232,22.6931
indoor_door_leaf_Tile_1,Tile_1,440,129,110.931,0.602311,0.692768,22.968,224.144,64.7903,5.44534,127,0.536687,0.592961,0.626385,0.683283,55.8243,127,0.582646,0.592961,0.676552,0.683283,70.4423,127,0.534366,0.592961,0.625424,0.683283,57.3895,127,0.556527,0.592961,0.641982,0.683283,61.2686,127,0.560872,0.592961,0.647022,0.683283,64.699,129,0.229036,0.602311,0.248947,0.692768,19.6707,127,0.229398,0.592961,0.250069,0.683283,19.7334
indoor_door_leaf_Tile_1,Tile_1,441,133,111.129,0.563983,0.660165,22.648,219.426,61.0014,5.53613,131,0.498254,0.554555,0.588167,0.649289,52.1215,131,0.544406,0.554555,0.643031,0.649289,66.2033,131,0.494832,0.554555,0.591841,0.649289,53.5752,131,0.515597,0.554555,0.607316,0.649289,57.1949,131,0.523143,0.554555,0.615646,0.649289,60.8088,133,0.205821,0.563983,0.217832,0.660165,18.0559,131,0.205732,0.554555,0.21832,0.649289,18.0835
indoor_door_leaf_Tile_1,Tile_1,442,130,64.2185,0.39439,0.384536,18.936,162.17,25.555,7.09341,130,0.275086,0.39439,0.276542,0.384536,19.2703,130,0.3968,0.39439,0.387854,0.384536,28.9509,130,0.339855,0.39439,0.354207,0.384536,23.8067,130,0.341997,0.39439,0.355354,0.384536,24.0242,130,0.406217,0.39439,0.376474,0.384536,29.4442,130,0.109727,0.39439,0.117434,0.384536,8.90898,130,0.109727,0.39439,0.117434,0.384536,8.90898
indoor_door_leaf_Tile_1,Tile_1,443,72,98.4297,0.58131,0.705125,11.57,254.701,57.1852,6.15897,71,0.49856,0.571142,0.639714,0.690299,49.357,71,0.566431,0.571142,0.69213,0.690299,62.7833,71,0.499875,0.571142,0.646951,0.690299,49.467,71,0.53083,0.571142,0.658407,0.690299,54.0647,71,0.554059,0.571142,0.675337,0.690299,58.508,72,0.328298,0.58131,0.33986,0.705125,26.1956,71,0.328488,0.571142,0.341423,0.690299,26.2878
indoor_door_leaf_Tile_1,Tile_1,444,95,117.698,0.598014,0.732777,21.153,255,70.6483,5.5914,94,0.531198,0.590098,0.646601,0.720985,60.5709,94,0.581645,0.590098,0.71594,0.720985,76.8899,94,0.53889,0.590098,0.66653,0.720985,63.4164,94,0.54196,0.590098,0.669705,0.720985,64.3646,94,0.562675,0.590098,0.688529,0.720985,70.6551,95,0.286001,0.598014,0.299417,0.732777,24.4564,94,0.286148,0.590098,0.300418,0.720985,24.5269
indoor_door_leaf_Tile_1,Tile_1,445,108,94.4381,0.591746,0.722793,18.071,255,54.9776,5.72244,107,0.530627,0.585443,0.665269,0.715537,48.7125,107,0.580267,0.585443,0.711227,0.715537,60.4115,107,0.532022,0.585443,0.665586,0.715537,49.9135,107,0.545297,0.585443,0.670983,0.715537,51.8069,107,0.557414,0.585443,0.675662,0.715537,55.2443,108,0.294112,0.591746,0.279184,0.722793,22.782,107,0.294804,0.585443,0.28029,0.715537,22.8541
indoor_door_leaf_Tile_1,Tile_1,446,77,72.0719,0.585446,0.654892,13.527,159.458,41.0786,5.92734,77,0.504878,0.585446,0.619136,0.654892,36.3748,77,0.580769,0.585446,0.656249,0.654892,45.6942,77,0.498013,0.585446,0.581508,0.654892,36.2665,77,0.504744,0.585446,0.583054,0.654892,36.8148,77,0.541955,0.585446,0.615978,0.654892,40.7802,77,0.137119,0.585446,0.147642,0.654892,11.0995,77,0.137119,0.585446,0.147642,0.654892,11.0995
indoor_door_leaf_Tile_1,Tile_1,447,43,86.6651,0.536807,0.537047,25.164,173.822,45.6881,6.23055,43,0.453279,0.536807,0.446332,0.537047,40.8948,43,0.536807,0.536807,0.537047,0.537047,51.5548,43,0.442289,0.536807,0.471444,0.537047,39.3921,43,0.444117,0.536807,0.470857,0.537047,39.3903,43,0.531966,0.536807,0.535555,0.537047,49.0125,43,0.179396,0.536807,0.169128,0.537047,13.7356,43,0.179396,0.536807,0.169128,0.537047,13.7356
indoor_door_leaf_Tile_1,Tile_1,448,130,62.2139,0.387897,0.386112,20.121,148.348,24.5528,7.18175,130,0.276557,0.387897,0.29077,0.386112,18.9629,130,0.389857,0.387897,0.388465,0.386112,27.7781,130,0.344279,0.387897,0.362437,0.386112,23.6115,130,0.352436,0.387897,0.369501,0.386112,24.2441,130,0.397808,0.387897,0.384717,0.386112,28.1993,130,0.154605,0.387897,0.163402,0.386112,11.3047,130,0.154605,0.387897,0.163402,0.386112,11.3047
indoor_door_leaf_Tile_1,Tile_1,449,56,80.6754,0.577604,0.590591,18.043,170.316,45.4676,6.36853,55,0.4873,0.565201,0.500409,0.567872,40.9696,55,0.56257,0.565201,0.564748,0.567872,50.4461,55,0.467375,0.565201,0.495263,0.567872,38.3022,55,0.479483,0.565201,0.507266,0.567872,39.5423,55,0.531603,0.565201,0.535107,0.567872,45.2078,56,0.151243,0.577604,0.15097,0.590591,11.5611,55,0.14984,0.565201,0.149846,0.567872,11.5128
indoor_door_leaf_Tile_1,Tile_1,450,132,66.4486,0.448586,0.393474,24.99,187.547,29.8346,7.09196,132,0.301138,0.448586,0.286594,0.393474,21.3478,132,0.450443,0.448586,0.395573,0.393474,33.7183,132,0.390884,0.448586,0.367369,0.393474,28.039,132,0.384263,0.448586,0.364297,0.393474,27.6206,132,0.468013,0.448586,0.394585,0.393474,35.0258,132,0.221225,0.448586,0.209283,0.393474,15.7194,132,0.221225,0.448586,0.209283,0.393474,15.7194
indoor_door_leaf_Tile_1,Tile_1,451,164,63.0898,0.422579,0.458999,12.897,170.06,27.0114,6.90699,164,0.368648,0.422579,0.437542,0.458999,25.4587,164,0.423646,0.422579,0.46432,0.458999,30.4371,164,0.37824,0.422579,0.431698,0.458999,26.327,164,0.380041,0.422579,0.43011,0.458999,26.3691,164,0.425122,0.422579,0.452699,0.458999,30.3467,164,0.177126,0.422579,0.213048,0.458999,13.5578,164,0.177126,0.422579,0.213048,0.458999,13.5578
indoor_door_leaf_Tile_1,Tile_1,452,109,100.859,0.538597,0.714382,16.598,181.887,53.0467,5.33586,108,0.489359,0.531514,0.650053,0.704421,46.8765,108,0.527948,0.531514,0.700855,0.704421,58.2685,108,0.48281,0.531514,0.651616,0.704421,47.4146,108,0.485192,0.531514,0.658964,0.704421,48.3813,108,0.5029,0.531514,0.664811,0.704421,52.6552,109,0.286533,0.538597,0.264507,0.714382,22.3787,108,0.286682,0.531514,0.265121,0.704421,22.4238
indoor_door_leaf_Tile_1,Tile_1,453,122,107.834,0.521969,0.700148,14.712,187.765,54.877,5.11581,120,0.464914,0.511201,0.636846,0.689379,47.5698,120,0.505851,0.511201,0.68476,0.689379,59.8491,120,0.462672,0.511201,0.636744,0.689379,48.633,120,0.483789,0.511201,0.654675,0.689379,52.351,120,0.485984,0.511201,0.652937,0.689379,54.705,122,0.277397,0.521969,0.268015,0.700148,22.9864,120,0.278214,0.511201,0.269631,0.689379,23.0873
indoor_door_leaf_Tile_1,Tile_1,454,128,63.7631,0.378894,0.367078,21.306,174.953,24.7596,7.17291,128,0.286033,0.378894,0.275965,0.367078,20.3454,128,0.381317,0.378894,0.370213,0.367078,28.05,128,0.332764,0.378894,0.344608,0.367078,23.6332,128,0.336914,0.378894,0.346166,0.367078,23.9992,128,0.370546,0.378894,0.351522,0.367078,27.061,128,0.122295,0.378894,0.128179,0.367078,9.98213,128,0.122295,0.378894,0.128179,0.367078,9.98213
indoor_door_leaf_Tile_1,Tile_1,455,41,85.5421,0.542032,0.530578,26.865,173.736,45.468,6.24209,41,0.44466,0.542032,0.429356,0.530578,39.2057,41,0.542032,0.542032,0.530578,0.530578,51.3064,41,0.44418,0.542032,0.463735,0.530578,39.1023,41,0.446603,0.542032,0.464113,0.530578,39.2034,41,0.528693,0.542032,0.521862,0.530578,47.5726,41,0.136473,0.542032,0.135765,0.530578,10.9272,41,0.136473,0.542032,0.135765,0.530578,10.9272
indoor_door_leaf_Tile_1,Tile_1,456,145,56.2527,0.39141,0.433445,8.594,108.712,22.7946,6.93005,145,0.360042,0.39141,0.394428,0.433445,22.59,145,0.393544,0.39141,0.436182,0.433445,25.7947,145,0.381626,0.39141,0.42707,0.433445,24.0535,145,0.387989,0.39141,0.430908,0.433445,24.5072,145,0.379454,0.39141,0.416742,0.433445,24.8439,145,0.2305,0.39141,0.291581,0.433445,15.5518,145,0.2305,0.39141,0.291581,0.433445,15.5518
indoor_door_leaf_Tile_1,Tile_1,457,165,56.1518,0.377988,0.403391,14.207,127.729,21.9031,7.04826,165,0.362212,0.377988,0.375984,0.403391,22.828,165,0.38174,0.377988,0.408291,0.403391,24.858,165,0.363004,0.377988,0.399413,0.403391,22.9812,165,0.372658,0.377988,0.403596,0.403391,23.4812,165,0.371664,0.377988,0.394992,0.403391,24.072,165,0.2588,0.377988,0.291462,0.403391,17.4987,165,0.2588,0.377988,0.291462,0.403391,17.4987
indoor_door_leaf_Tile_1,Tile_1,458,128,63.9914,0.353346,0.455237,6.534,156.691,23.387,7.10109,128,0.303494,0.353346,0.413355,0.455237,22.093,128,0.355582,0.353346,0.456737,0.455237,26.4842,128,0.335892,0.353346,0.471404,0.455237,24.359,128,0.341625,0.353346,0.469632,0.455237,24.7992,128,0.345606,0.353346,0.437543,0.455237,25.5205,128,0.23298,0.353346,0.346367,0.455237,17.3184,128,0.23298,0.353346,0.346367,0.455237,17.3184
indoor_door_leaf_Tile_1,Tile_1,459,171,60.2096,0.40601,0.450266,11.936,139.831,24.7377,7.0763,171,0.351496,0.40601,0.416387,0.450266,23.418,171,0.409873,0.40601,0.455985,0.450266,28.0752,171,0.374485,0.40601,0.442646,0.450266,25.1046,171,0.379742,0.40601,0.443422,0.450266,25.3469,171,0.40733,0.40601,0.442564,0.450266,27.667,171,0.225923,0.40601,0.289011,0.450266,16.6177,171,0.225923,0.40601,0.289011,0.450266,16.6177
indoor_door_leaf_Tile_1,Tile_1,460,82,76.1147,0.543661,0.636719,13.299,189.497,40.931,5.93844,82,0.471962,0.543661,0.603688,0.636719,36.2134,82,0.540872,0.543661,0.638559,0.636719,45.6893,82,0.463298,0.543661,0.553362,0.636719,36.0105,82,0.467362,0.543661,0.554687,0.636719,36.2806,82,0.526336,0.543661,0.606528,0.636719,42.8988,82,0.143966,0.543661,0.144763,0.636719,11.5741,82,0.143966,0.543661,0.144763,0.636719,11.5741
indoor_door_leaf_Tile_1,Tile_1,461,124,59.2725,0.36638,0.37003,26.452,110.413,22.6289,6.86348,124,0.319217,0.36638,0.314858,0.37003,21.8056,124,0.368411,0.36638,0.372517,0.37003,25.6013,124,0.355307,0.36638,0.353916,0.37003,24.0348,124,0.367975,0.36638,0.366955,0.37003,24.9901,124,0.358376,0.36638,0.364656,0.37003,24.6513,124,0.154655,0.36638,0.162093,0.37003,11.7958,124,0.154655,0.36638,0.162093,0.37003,11.7958
indoor_door_leaf_Tile_1,Tile_1,462,124,60.3365,0.351953,0.356978,25.452,111.011,22.2564,6.83478,124,0.30556,0.351953,0.304673,0.356978,21.4426,124,0.353828,0.351953,0.35917,0.356978,25.171,124,0.341104,0.351953,0.340665,0.356978,23.644,124,0.354509,0.351953,0.355384,0.356978,24.6663,124,0.343834,0.351953,0.34969,0.356978,24.2275,124,0.15167,0.351953,0.159048,0.356978,12.0369,124,0.15167,0.351953,0.159048,0.356978,12.0369
indoor_door_leaf_Tile_1,Tile_1,463,157,64.1891,0.401944,0.441592,15.527,157.242,25.9513,7.15567,155,0.319242,0.396222,0.391315,0.434681,22.7868,155,0.399335,0.396222,0.438684,0.434681,29.2257,155,0.364809,0.396222,0.427452,0.434681,25.9442,155,0.371634,0.396222,0.431925,0.434681,26.4961,155,0.398319,0.396222,0.426772,0.434681,28.953,157,0.142197,0.401944,0.154718,0.441592,12.1384,155,0.142326,0.396222,0.15522,0.434681,12.1364
indoor_door_leaf_Tile_1,Tile_1,464,128,72.708,0.290059,0.290367,32.588,158.872,21.659,7.09238,128,0.194984,0.290059,0.201338,0.290367,16.602,128,0.292267,0.290059,0.293736,0.290367,24.5581,128,0.255399,0.290059,0.269469,0.290367,21.0497,128,0.262734,0.290059,0.274992,0.290367,21.6488,128,0.296997,0.290059,0.283372,0.290367,24.6368,128,0.108754,0.290059,0.116786,0.290367,10.4788,128,0.108754,0.290059,0.116786,0.290367,10.4788
indoor_door_leaf_Tile_1,Tile_1,465,138,68.3224,0.353772,0.426728,8.893,130.934,24.5568,6.97889,138,0.288296,0.353772,0.369346,0.426728,22.0269,138,0.355977,0.353772,0.42885,0.426728,27.8132,138,0.326988,0.353772,0.42623,0.426728,24.8478,138,0.32843,0.353772,0.427085,0.426728,24.982,138,0.351395,0.353772,0.409434,0.426728,27.2434,138,0.168694,0.353772,0.207619,0.426728,14.0579,138,0.168694,0.353772,0.207619,0.426728,14.0579
indoor_door_leaf_Tile_1,Tile_1,466,154,68.6979,0.352243,0.4306,13.605,136.745,24.6003,6.66973,154,0.299152,0.352243,0.406484,0.4306,23.0184,154,0.35462,0.352243,0.435301,0.4306,27.878,154,0.312652,0.352243,0.400598,0.4306,24.1637,154,0.319858,0.352243,0.403433,0.4306,24.5793,154,0.351465,0.352243,0.41971,0.4306,27.3608,154,0.182024,0.352243,0.214055,0.4306,15.4781,154,0.182024,0.352243,0.214055,0.4306,15.4781
indoor_door_leaf_Tile_1,Tile_1,467,129,67.9153,0.352797,0.34686,29.762,140.44,24.969,6.46426,129,0.31577,0.352797,0.29255,0.34686,24.6761,129,0.354886,0.352797,0.350037,0.34686,28.2741,129,0.32672,0.352797,0.32501,0.34686,25.2724,129,0.33646,0.352797,0.334406,0.34686,26.0646,129,0.352195,0.352797,0.340586,0.34686,27.7608,129,0.132759,0.352797,0.137513,0.34686,12.3193,129,0.132759,0.352797,0.137513,0.34686,12.3193
indoor_door_leaf_Tile_1,Tile_1,468,166,62.6572,0.419288,0.448958,17.342,159.894,26.3642,7.10728,164,0.337543,0.41384,0.396409,0.4418,23.0848,164,0.416911,0.41384,0.445667,0.4418,29.7154,164,0.379247,0.41384,0.436316,0.4418,26.1835,164,0.384545,0.41384,0.439254,0.4418,26.657,164,0.415771,0.41384,0.434723,0.4418,29.4985,166,0.147446,0.419288,0.158185,0.448958,12.2508,164,0.147301,0.41384,0.158411,0.4418,12.2333
indoor_door_leaf_Tile_1,Tile_1,469,159,62.8665,0.412507,0.447878,15.413,154.111,26.1385,7.1608,158,0.330325,0.408631,0.394461,0.441991,22.8801,158,0.411862,0.408631,0.44616,0.441991,29.4889,158,0.376341,0.408631,0.436736,0.441991,26.1262,158,0.381276,0.408631,0.439659,0.441991,26.5549,158,0.409584,0.408631,0.433461,0.441991,29.1656,159,0.148936,0.412507,0.159038,0.447878,12.309,158,0.149088,0.408631,0.159358,0.441991,12.3008
indoor_door_leaf_Tile_1,Tile_1,470,149,72.3985,0.351893,0.422977,15.054,159.496,25.8834,6.59309,149,0.296835,0.351893,0.407929,0.422977,23.8929,149,0.354206,0.351893,0.427904,0.422977,29.3233,149,0.317041,0.351893,0.394003,0.422977,25.6033,149,0.320132,0.351893,0.394895,0.422977,25.8042,149,0.348011,0.351893,0.409241,0.422977,28.6146,149,0.153235,0.351893,0.159166,0.422977,14.36,149,0.153235,0.351893,0.159166,0.422977,14.36
indoor_door_leaf_Tile_1,Tile_1,471,50,86.3866,0.429588,0.502313,20.821,148.695,36.8076,5.83145,50,0.332181,0.429588,0.388524,0.502313,29.0159,50,0.425979,0.429588,0.498933,0.502313,40.8898,50,0.359798,0.429588,0.425793,0.502313,31.6634,50,0.370903,0.429588,0.437749,0.502313,33.1708,50,0.423744,0.429588,0.488736,0.502313,38.715,50,0.175059,0.429588,0.185965,0.502313,13.0707,50,0.175059,0.429588,0.185965,0.502313,13.0707
indoor_door_leaf_Tile_1,Tile_1,472,78,66.0004,0.570006,0.571702,14.94,156.202,36.9902,6.33099,78,0.510813,0.570006,0.560702,0.571702,35.855,78,0.568641,0.570006,0.575284,0.571702,41.5624,78,0.474036,0.570006,0.508111,0.571702,33.1069,78,0.486752,0.570006,0.510684,0.571702,33.6947,78,0.534785,0.570006,0.54815,0.571702,37.88,78,0.213927,0.570006,0.254249,0.571702,15.2836,78,0.213927,0.570006,0.254249,0.571702,15.2836
indoor_door_leaf_Tile_1,Tile_1,473,165,63.2106,0.412794,0.450327,16.381,159.182,26.2407,7.12723,163,0.334883,0.40699,0.403016,0.442547,23.235,163,0.409901,0.40699,0.446152,0.442547,29.5409,163,0.374419,0.40699,0.438384,0.442547,26.1707,163,0.379271,0.40699,0.441015,0.442547,26.6119,163,0.409013,0.40699,0.436044,0.442547,29.3354,165,0.154282,0.412794,0.164975,0.450327,12.766,163,0.153873,0.40699,0.164975,0.442547,12.7363
indoor_door_leaf_Tile_1,Tile_1,474,128,68.9455,0.284202,0.295973,26.42,141.261,20.4665,7.18359,128,0.228681,0.284202,0.261548,0.295973,18.3157,128,0.286531,0.284202,0.298572,0.295973,23.213,128,0.269119,0.284202,0.301322,0.295973,21.2242,128,0.276427,0.284202,0.307374,0.295973,21.8053,128,0.278576,0.284202,0.280958,0.295973,22.4128,128,0.175414,0.284202,0.276021,0.295973,14.5434,128,0.175414,0.284202,0.276021,0.295973,14.5434
indoor_door_leaf_Tile_1,Tile_1,475,128,75.7262,0.269706,0.288632,16.271,145.36,21.1765,7.06343,127,0.177716,0.259969,0.177347,0.257152,16.3379,127,0.262087,0.259969,0.259927,0.257152,23.383,127,0.232325,0.259969,0.238687,0.257152,20.3825,127,0.236385,0.259969,0.242643,0.257152,20.7349,127,0.268528,0.259969,0.25553,0.257152,23.6287,128,0.10476,0.269706,0.108838,0.288632,10.7006,127,0.0987197,0.259969,0.0997331,0.257152,10.3667
indoor_door_leaf_Tile_1,Tile_1,476,131,66.5844,0.370664,0.367679,21.078,133.327,25.5894,6.497,131,0.324963,0.370664,0.303539,0.367679,24.6174,131,0.372906,0.370664,0.370816,0.367679,28.9854,131,0.339862,0.370664,0.34863,0.367679,25.5408,131,0.348165,0.370664,0.355154,0.367679,26.1695,131,0.369527,0.370664,0.358573,0.367679,28.3929,131,0.141514,0.370664,0.148733,0.367679,11.9341,131,0.141514,0.370664,0.148733,0.367679,11.9341
indoor_door_leaf_Tile_1,Tile_1,477,131,68.0378,0.359017,0.348057,29.16,139.006,25.4361,6.46963,131,0.291715,0.359017,0.27983,0.348057,22.9031,131,0.36107,0.359017,0.350827,0.348057,28.7967,131,0.329438,0.359017,0.326278,0.348057,25.4971,131,0.338218,0.359017,0.335477,0.348057,26.21,131,0.359333,0.359017,0.339643,0.348057,28.3353,131,0.131845,0.359017,0.148773,0.348057,12.2758,131,0.131845,0.359017,0.148773,0.348057,12.2758
indoor_door_leaf_Tile_1,Tile_1,478,115,69.8078,0.51494,0.661611,10.755,145.702,36.9,4.8865,113,0.465579,0.506574,0.594878,0.656622,32.1658,113,0.504359,0.506574,0.651856,0.656622,40.6075,113,0.471052,0.506574,0.602463,0.656622,33.4601,113,0.482054,0.506574,0.619051,0.656622,35.2467,113,0.485164,0.506574,0.618949,0.656622,37.128,115,0.228095,0.51494,0.21796,0.661611,12.6126,113,0.229696,0.506574,0.218577,0.656622,12.6091
indoor_door_leaf_Tile_1,Tile_1,479,48,83.9269,0.388602,0.423443,31.349,172.85,32.7931,5.87528,48,0.329937,0.388602,0.3305,0.423443,29.1996,48,0.386306,0.388602,0.41964,0.423443,36.5519,48,0.328577,0.388602,0.358803,0.423443,28.683,48,0.334064,0.388602,0.367576,0.423443,29.6073,48,0.392357,0.388602,0.416025,0.423443,35.3471,48,0.187713,0.388602,0.204449,0.423443,13.7061,48,0.187713,0.388602,0.204449,0.423443,13.7061
indoor_door_leaf_Tile_1,Tile_1,480,114,60.2256,0.35422,0.363012,25.751,110.011,22.3643,6.89126,114,0.305248,0.35422,0.304213,0.363012,21.4414,114,0.356106,0.35422,0.3655,0.363012,25.2994,114,0.34025,0.35422,0.344289,0.363012,23.5298,114,0.354068,0.35422,0.358979,0.363012,24.6128,114,0.345874,0.35422,0.353865,0.363012,24.2977,114,0.14237,0.35422,0.14908,0.363012,11.6712,114,0.14237,0.35422,0.14908,0.363012,11.6712
indoor_door_leaf_Tile_1,Tile_1,481,94,81.5797,0.724728,0.510537,30.844,255,59.5778,5.91075,92,0.596743,0.725654,0.442617,0.514776,51.484,92,0.709834,0.725654,0.509439,0.514776,65.717,92,0.620744,0.725654,0.472325,0.514776,53.1761,92,0.624048,0.725654,0.479709,0.514776,54.4577,92,0.672355,0.725654,0.492785,0.514776,59.9693,94,0.260072,0.724728,0.240666,0.510537,20.1712,92,0.261716,0.725654,0.242886,0.514776,20.2562
indoor_door_leaf_Tile_1,Tile_1,482,50,77.4844,0.60288,0.620898,16.271,175.39,45.7265,6.38217,49,0.515508,0.588743,0.531536,0.59491,41.6521,49,0.588127,0.588743,0.593833,0.59491,50.9835,49,0.50228,0.588743,0.541958,0.59491,40.412,49,0.515658,0.588743,0.55157,0.59491,41.874,49,0.572314,0.588743,0.572453,0.59491,47.2556,50,0.188872,0.60288,0.202519,0.620898,14.0509,49,0.185538,0.588743,0.199829,0.59491,13.9307
indoor_door_leaf_Tile_1,Tile_1,483,79,64.278,0.602304,0.627942,16.054,165.356,38.4729,6.82715,79,0.569514,0.602304,0.637897,0.627942,39.5669,79,0.604136,0.602304,0.633642,0.627942,43.3342,79,0.544951,0.602304,0.602094,0.627942,38.0033,79,0.543026,0.602304,0.592633,0.627942,37.3721,79,0.572258,0.602304,0.604511,0.627942,39.7366,79,0.212989,0.602304,0.237848,0.627942,15.5917,79,0.212989,0.602304,0.237848,0.627942,15.5917
indoor_door_leaf_Tile_1,Tile_1,484,132,60.1674,0.36362,0.365478,21.833,118.038,22.6582,6.94139,132,0.302863,0.36362,0.29641,0.365478,20.7607,132,0.366048,0.36362,0.368874,0.365478,25.678,132,0.345877,0.36362,0.352008,0.365478,23.5479,132,0.354355,0.36362,0.359046,0.365478,24.1642,132,0.353198,0.36362,0.349582,0.365478,24.4937,132,0.122455,0.36362,0.122807,0.365478,9.73514,132,0.122455,0.36362,0.122807,0.365478,9.73514
indoor_door_leaf_Tile_1,Tile_1,485,61,68.4617,0.492161,0.626456,11.929,160.48,33.7299,5.92321,61,0.438743,0.492161,0.575454,0.626456,30.3305,61,0.494542,0.492161,0.632825,0.626456,37.9353,61,0.46331,0.492161,0.590379,0.626456,32.2365,61,0.473037,0.492161,0.597638,0.626456,33.6194,61,0.498838,0.492161,0.614214,0.626456,36.5472,61,0.257848,0.492161,0.272812,0.626456,15.5658,61,0.257848,0.492161,0.272812,0.626456,15.5658
indoor_door_leaf_Tile_1,Tile_1,486,49,72.5649,0.447955,0.544789,14.114,170.099,32.4777,5.82136,48,0.371901,0.431259,0.45777,0.512816,27.966,48,0.433428,0.431259,0.515847,0.512816,35.7999,48,0.401619,0.431259,0.465414,0.512816,30.0667,48,0.397193,0.431259,0.468568,0.512816,30.5049,48,0.45685,0.431259,0.505324,0.512816,35.9657,49,0.275858,0.447955,0.302965,0.544789,16.8147,48,0.276809,0.431259,0.3055,0.512816,16.9017
indoor_door_leaf_Tile_1,Tile_1,487,130,72.9343,0.298491,0.304604,22.075,169.074,22.3181,7.09916,130,0.203627,0.298491,0.235639,0.304604,17.4326,130,0.30072,0.298491,0.308447,0.304604,25.2959,130,0.263423,0.298491,0.28878,0.304604,21.7427,130,0.269361,0.298491,0.291934,0.304604,22.2517,130,0.310598,0.298491,0.306507,0.304604,25.7916,130,0.116976,0.298491,0.121685,0.304604,11.3635,130,0.116976,0.298491,0.121685,0.304604,11.3635
indoor_door_leaf_Tile_1,Tile_1,488,129,62.002,0.414091,0.418744,16.224,123.565,26.3922,6.54213,129,0.350472,0.414091,0.349588,0.418744,24.305,129,0.415779,0.414091,0.420883,0.418744,29.8399,129,0.383446,0.414091,0.402063,0.418744,26.5683,129,0.390745,0.414091,0.406043,0.418744,27.0732,129,0.412402,0.414091,0.406898,0.418744,29.2485,129,0.190317,0.414091,0.199018,0.418744,13.726,129,0.190317,0.414091,0.199018,0.418744,13.726
indoor_door_leaf_Tile_1,Tile_1,489,131,55.8518,0.39953,0.417973,12.349,100.228,23.1036,6.95471,131,0.348974,0.39953,0.357349,0.417973,22.0174,131,0.401973,0.39953,0.420923,0.417973,26.1705,131,0.384306,0.39953,0.413607,0.417973,24.1589,131,0.391934,0.39953,0.417581,0.417973,24.6709,131,0.386143,0.39953,0.400607,0.417973,24.8878,131,0.195716,0.39953,0.21034,0.417973,12.8024,131,0.195716,0.39953,0.21034,0.417973,12.8024
indoor_door_leaf_Tile_1,Tile_1,490,64,78.5454,0.258684,0.285573,32.132,110.293,22.2931,6.26935,64,0.213863,0.258684,0.221237,0.285573,20.6497,64,0.260019,0.258684,0.286424,0.285573,25.2167,64,0.256231,0.258684,0.284826,0.285573,23.8314,64,0.261731,0.258684,0.293318,0.285573,24.8028,64,0.25155,0.258684,0.284293,0.285573,24.219,64,0.0761196,0.258684,0.0774186,0.285573,10.9537,64,0.0761196,0.258684,0.0774186,0.285573,10.9537
indoor_door_leaf_Tile_1,Tile_1,491,134,54.8584,0.372154,0.402266,15.132,112.712,21.3847,6.99022,133,0.32834,0.367836,0.355259,0.396003,20.9387,133,0.371812,0.367836,0.401818,0.396003,24.1459,133,0.362718,0.367836,0.393473,0.396003,22.8636,133,0.368837,0.367836,0.395061,0.396003,23.3122,133,0.35261,0.367836,0.385121,0.396003,22.7222,134,0.168634,0.372154,0.198841,0.402266,12.3492,133,0.169285,0.367836,0.199555,0.396003,12.3389
indoor_door_leaf_Tile_1,Tile_1,492,123,67.2394,0.36759,0.389242,16.263,127.077,25.5351,6.53598,123,0.304874,0.36759,0.317745,0.389242,23.2808,123,0.369569,0.36759,0.392277,0.389242,28.907,123,0.342171,0.36759,0.366966,0.389242,25.8528,123,0.355088,0.36759,0.378145,0.389242,26.8728,123,0.370824,0.36759,0.383596,0.389242,28.7261,123,0.175696,0.36759,0.186088,0.389242,14.3298,123,0.175696,0.36759,0.186088,0.389242,14.3298
indoor_door_leaf_Tile_1,Tile_1,493,100,70.835,0.343281,0.356477,29.05,124.974,25.7575,6.50106,100,0.276272,0.343281,0.276385,0.356477,23.1043,100,0.345373,0.343281,0.359579,0.356477,29.1678,100,0.316064,0.343281,0.3317,0.356477,25.7697,100,0.323978,0.343281,0.339974,0.356477,26.5767,100,0.340254,0.343281,0.345844,0.356477,28.5408,100,0.12044,0.343281,0.122633,0.356477,12.6888,100,0.12044,0.343281,0.122633,0.356477,12.6888
indoor_door_leaf_Tile_1,Tile_1,494,155,65.1939,0.467109,0.528367,11.826,184.477,30.077,7.11289,153,0.371368,0.460758,0.488584,0.521035,26.259,153,0.463394,0.460758,0.524551,0.521035,33.8493,153,0.419708,0.460758,0.508001,0.521035,29.6147,153,0.427644,0.460758,0.5136,0.521035,30.2974,153,0.475368,0.460758,0.520227,0.521035,34.6176,155,0.221761,0.467109,0.24491,0.528367,16.5933,153,0.221042,0.460758,0.245103,0.521035,16.5853
indoor_door_leaf_Tile_1,Tile_1,495,117,59.5588,0.336224,0.349959,21.306,117.538,21.308,6.91387,117,0.290762,0.336224,0.291318,0.349959,20.4062,117,0.33911,0.336224,0.353705,0.349959,24.1779,117,0.328624,0.336224,0.342123,0.349959,22.7392,117,0.335652,0.336224,0.348775,0.349959,23.3544,117,0.318738,0.336224,0.332,0.349959,22.6082,117,0.133878,0.336224,0.137722,0.349959,11.3187,117,0.133878,0.336224,0.137722,0.349959,11.3187
indoor_door_leaf_Tile_1,Tile_1,496,63,88.6744,0.603212,0.684896,18.157,173.08,52.0595,6.18378,62,0.517747,0.591882,0.616131,0.667668,46.1872,62,0.588269,0.591882,0.667493,0.667668,57.5429,62,0.509835,0.591882,0.609793,0.667668,44.9024,62,0.533561,0.591882,0.627562,0.667668,48.0423,62,0.571731,0.591882,0.642562,0.667668,53.7062,63,0.182918,0.603212,0.194954,0.684896,14.5936,62,0.180966,0.591882,0.193595,0.667668,14.5216
indoor_door_leaf_Tile_1,Tile_1,497,80,65.0669,0.664466,0.632921,11.684,176.757,42.2223,6.67001,80,0.589906,0.664466,0.62418,0.632921,40.056,80,0.668644,0.664466,0.640172,0.632921,47.7904,80,0.570531,0.664466,0.592669,0.632921,38.6839,80,0.580515,0.664466,0.592859,0.632921,38.9932,80,0.633353,0.664466,0.611302,0.632921,43.7634,80,0.285686,0.664466,0.374772,0.632921,19.9433,80,0.285686,0.664466,0.374772,0.632921,19.9433
indoor_door_leaf_Tile_1,Tile_1,498,141,60.5717,0.415046,0.459174,7.239,112.164,25.9389,6.70132,141,0.362086,0.415046,0.418752,0.459174,24.894,141,0.418224,0.415046,0.464325,0.459174,29.3956,141,0.388319,0.415046,0.432585,0.459174,26.5497,141,0.402246,0.415046,0.441629,0.459174,27.4197,141,0.413393,0.415046,0.453986,0.459174,28.8611,141,0.275419,0.415046,0.338508,0.459174,19.4044,141,0.275419,0.415046,0.338508,0.459174,19.4044
indoor_door_leaf_Tile_1,Tile_1,499,73,65.4052,0.302615,0.327024,27.975,122.467,21.2156,6.12203,73,0.259231,0.302615,0.269306,0.327024,20.2742,73,0.304012,0.302615,0.329012,0.327024,24.0123,73,0.314198,0.302615,0.340993,0.327024,23.6889,73,0.31386,0.302615,0.344319,0.327024,24.1895,73,0.287841,0.302615,0.309877,0.327024,22.4957,73,0.123601,0.302615,0.126168,0.327024,11.6526,73,0.123601,0.302615,0.126168,0.327024,11.6526
indoor_door_leaf_Tile_1,Tile_1,500,121,70.0723,0.35295,0.395459,14.858,164.52,25.0207,7.20736,120,0.265752,0.344716,0.330545,0.373166,21.0663,120,0.347769,0.344716,0.379189,0.373166,27.9513,120,0.313766,0.344716,0.358621,0.373166,24.4691,120,0.319433,0.344716,0.361909,0.373166,25.0473,120,0.358788,0.344716,0.378921,0.373166,28.6398,121,0.177101,0.35295,0.199876,0.395459,14.4885,120,0.173371,0.344716,0.195445,0.373166,14.3059
indoor_door_leaf_Tile_1,Tile_1,501,61,76.9439,0.281807,0.315296,31.427,109.706,23.7605,6.15484,61,0.232394,0.281807,0.240416,0.315296,21.9801,61,0.282542,0.281807,0.315776,0.315296,26.8449,61,0.286839,0.281807,0.327728,0.315296,25.8678,61,0.288887,0.281807,0.332584,0.315296,26.6807,61,0.270108,0.281807,0.307051,0.315296,25.5858,61,0.0826503,0.281807,0.0821362,0.315296,11.988,61,0.0826503,0.281807,0.0821362,0.315296,11.988
indoor_door_leaf_Tile_1,Tile_1,502,59,68.0173,0.375401,0.318718,30.833,219.657,27.2345,5.62694,58,0.296765,0.37677,0.261149,0.320922,23.6628,58,0.377839,0.37677,0.321641,0.320922,30.9357,58,0.347667,0.37677,0.320541,0.320922,26.9706,58,0.33319,0.37677,0.322424,0.320922,26.6474,58,0.349809,0.37677,0.312622,0.320922,28.1695,59,0.154507,0.375401,0.154314,0.318718,13.179,58,0.155695,0.37677,0.155617,0.320922,13.2102
indoor_door_leaf_Tile_1,Tile_1,503,109,68.4829,0.517233,0.676105,12.484,135.031,35.5948,5.86044,108,0.472233,0.511343,0.622029,0.670529,31.8011,108,0.511393,0.511343,0.669494,0.670529,39.3594,108,0.486844,0.511343,0.637479,0.670529,33.8288,108,0.497543,0.511343,0.653142,0.670529,35.6085,108,0.505745,0.511343,0.647358,0.670529,37.3572,109,0.274399,0.517233,0.267029,0.676105,14.9718,108,0.275758,0.511343,0.268114,0.670529,15.0119
indoor_door_leaf_Tile_1,Tile_1,504,75,84.1881,0.67006,0.78201,13.043,193.491,54.9973,6.24477,74,0.594668,0.661027,0.719427,0.772177,49.6862,74,0.659293,0.661027,0.774648,0.772177,61.2406,74,0.581546,0.661027,0.705534,0.772177,48.4809,74,0.5997,0.661027,0.720644,0.772177,50.9683,74,0.640511,0.661027,0.739579,0.772177,57.3419,75,0.195704,0.67006,0.205383,0.78201,15.8801,74,0.193506,0.661027,0.203547,0.772177,15.795
indoor_door_leaf_Tile_1,Tile_1,505,56,66.5254,0.348356,0.406236,19.833,118.684,24.3256,5.97749,56,0.309565,0.348356,0.343574,0.406236,23.5491,56,0.349282,0.348356,0.407208,0.406236,27.495,56,0.356702,0.348356,0.418595,0.406236,26.8038,56,0.350329,0.348356,0.41873,0.406236,27.0745,56,0.335533,0.348356,0.394136,0.406236,25.8746,56,0.172347,0.348356,0.174115,0.406236,13.3651,56,0.172347,0.348356,0.174115,0.406236,13.3651
indoor_door_leaf_Tile_1,Tile_1,506,48,78.3669,0.259638,0.286444,33.762,108.673,21.2224,6.68626,48,0.223612,0.259638,0.236519,0.286444,19.6229,48,0.262099,0.259638,0.2884,0.286444,24.0887,48,0.247025,0.259638,0.27708,0.286444,21.7198,48,0.261839,0.259638,0.292755,0.286444,23.2395,48,0.246163,0.259638,0.276538,0.286444,22.3687,48,0.102831,0.259638,0.114428,0.286444,9.65826,48,0.102831,0.259638,0.114428,0.286444,9.65826
indoor_door_leaf_Tile_1,Tile_1,507,55,69.2592,0.274308,0.311542,28.609,91.523,20.6866,5.49455,55,0.222459,0.274308,0.237664,0.311542,18.7914,55,0.275081,0.274308,0.312002,0.311542,23.3662,55,0.271764,0.274308,0.314712,0.311542,21.912,55,0.279029,0.274308,0.324544,0.311542,23.128,55,0.267921,0.274308,0.309376,0.311542,22.5167,55,0.0987018,0.274308,0.104663,0.311542,10.8686,55,0.0987018,0.274308,0.104663,0.311542,10.8686
indoor_door_leaf_Tile_1,Tile_1,508,53,79.5441,0.248265,0.296768,28.577,110.342,22.2064,5.22415,53,0.20873,0.248265,0.229518,0.296768,20.8031,53,0.249554,0.248265,0.297602,0.296768,25.1144,53,0.252146,0.248265,0.299772,0.296768,24.0617,53,0.254595,0.248265,0.306963,0.296768,24.9833,53,0.239917,0.248265,0.294392,0.296768,24.1202,53,0.0784288,0.248265,0.0805998,0.296768,11.3823,53,0.0784288,0.248265,0.0805998,0.296768,11.3823
indoor_door_leaf_Tile_1,Tile_1,509,87,76.9684,0.658039,0.682033,15.228,176.231,49.3127,6.68905,87,0.588228,0.658039,0.64066,0.682033,45.2733,87,0.657183,0.658039,0.68504,0.682033,55.1124,87,0.563617,0.658039,0.615877,0.682033,43.4663,87,0.599958,0.658039,0.635881,0.682033,46.7783,87,0.631999,0.658039,0.659518,0.682033,51.316,87,0.257866,0.658039,0.299488,0.682033,18.6006,87,0.257866,0.658039,0.299488,0.682033,18.6006
indoor_door_leaf_Tile_1,Tile_1,510,112,60.8671,0.435014,0.484682,11.744,171.871,27.1669,7.02422,111,0.362418,0.429105,0.432967,0.475339,24.9271,111,0.432613,0.429105,0.481986,0.475339,30.6077,111,0.401321,0.429105,0.454909,0.475339,27.0711,111,0.403147,0.429105,0.456154,0.475339,27.3732,111,0.436125,0.429105,0.477499,0.475339,30.7444,112,0.133719,0.435014,0.138495,0.484682,11.7494,111,0.13327,0.429105,0.138237,0.475339,11.7403
indoor_door_leaf_Tile_1,Tile_1,511,53,67.8209,0.356585,0.424139,17.235,107.94,25.3556,5.55267,53,0.32039,0.356585,0.363764,0.424139,24.4393,53,0.357564,0.356585,0.425269,0.424139,28.6646,53,0.365722,0.356585,0.451881,0.424139,27.639,53,0.362471,0.356585,0.451306,0.424139,28.2426,53,0.33934,0.356585,0.402934,0.424139,26.7437,53,0.158153,0.356585,0.170121,0.424139,11.8061,53,0.158153,0.356585,0.170121,0.424139,11.8061
indoor_door_leaf_Tile_1,Tile_1,512,55,68.3766,0.347103,0.412266,18.235,109.168,24.9768,5.75444,55,0.314824,0.347103,0.3557,0.412266,24.3486,55,0.347989,0.347103,0.413203,0.412266,28.2287,55,0.360172,0.347103,0.44122,0.412266,27.5103,55,0.356367,0.347103,0.440884,0.412266,28.0518,55,0.329752,0.347103,0.391964,0.412266,26.3405,55,0.147887,0.347103,0.158473,0.412266,11.5739,55,0.147887,0.347103,0.158473,0.412266,11.5739
indoor_door_leaf_Tile_1,Tile_1,513,33,59.1839,0.446534,0.458478,22.192,119.385,27.3174,4.93722,33,0.39722,0.446534,0.39833,0.458478,27.1076,33,0.44795,0.446534,0.459704,0.458478,30.8801,33,0.459468,0.446534,0.484487,0.458478,31.2348,33,0.44835,0.446534,0.479771,0.458478,31.0391,33,0.433675,0.446534,0.451383,0.458478,29.3401,33,0.216923,0.446534,0.223179,0.458478,15.5533,33,0.216923,0.446534,0.223179,0.458478,15.5533
indoor_door_leaf_Tile_1,Tile_1,514,11,74.4304,0.35214,0.415941,28.506,110.798,26.5759,4.95224,11,0.267602,0.35214,0.294095,0.415941,22.1881,11,0.35214,0.35214,0.415941,0.415941,29.9884,11,0.352125,0.35214,0.415926,0.415941,30.0447,11,0.35214,0.35214,0.415941,0.415941,30.0484,11,0.35214,0.35214,0.415941,0.415941,28.7562,11,0.0479225,0.35214,0.048709,0.415941,4.3087,11,0.0479225,0.35214,0.048709,0.415941,4.3087
indoor_door_leaf_Tile_1,Tile_1,515,18,69.5978,0.389208,0.402798,33.463,117.157,27.8681,5.5548,18,0.305862,0.389208,0.301607,0.402798,24.9148,18,0.391933,0.389208,0.407852,0.402798,31.6084,18,0.373746,0.389208,0.373723,0.402798,30.5328,18,0.378467,0.389208,0.376889,0.402798,30.7554,18,0.367901,0.389208,0.371793,0.402798,28.9925,18,0.109462,0.389208,0.115031,0.402798,10.6343,18,0.109462,0.389208,0.115031,0.402798,10.6343
indoor_door_leaf_Tile_1,Tile_1,516,53,70.1818,0.27227,0.302894,33.16,102.211,20.8655,5.93578,53,0.225401,0.27227,0.237684,0.302894,19.3438,53,0.27306,0.27227,0.303356,0.302894,23.5705,53,0.276716,0.27227,0.318707,0.302894,22.5401,53,0.282502,0.27227,0.327051,0.302894,23.7026,53,0.263387,0.27227,0.295576,0.302894,22.5819,53,0.0696331,0.27227,0.0697339,0.302894,9.94195,53,0.0696331,0.27227,0.0697339,0.302894,9.94195
indoor_door_leaf_Tile_1,Tile_1,517,54,68.2699,0.290282,0.334035,28.491,91.452,21.2531,5.45483,54,0.235104,0.290282,0.251762,0.334035,19.09,54,0.291252,0.290282,0.334944,0.334035,24.0291,54,0.291784,0.290282,0.34947,0.334035,22.7323,54,0.296957,0.290282,0.356377,0.334035,23.8261,54,0.280544,0.290282,0.326596,0.334035,22.927,54,0.0808041,0.290282,0.0830119,0.334035,9.54047,54,0.0808041,0.290282,0.0830119,0.334035,9.54047
indoor_door_leaf_Tile_1,Tile_1,518,54,71.6207,0.28502,0.327633,28.381,110.712,22.1411,5.30823,54,0.235346,0.28502,0.24801,0.327633,20.4074,54,0.286313,0.28502,0.328549,0.327633,25.0424,54,0.29707,0.28502,0.345854,0.327633,24.4431,54,0.298541,0.28502,0.352127,0.327633,25.3245,54,0.271919,0.28502,0.319068,0.327633,23.7384,54,0.0762488,0.28502,0.0782779,0.327633,10.5119,54,0.0762488,0.28502,0.0782779,0.327633,10.5119
indoor_door_leaf_Tile_1,Tile_1,519,55,67.59,0.350874,0.331115,28.605,192.464,25.3572,5.53533,54,0.285718,0.353302,0.265053,0.334121,22.8371,54,0.354515,0.353302,0.335329,0.334121,28.8597,54,0.30656,0.353302,0.318666,0.334121,23.8797,54,0.308281,0.353302,0.32483,0.334121,24.7644,54,0.332363,0.353302,0.330047,0.334121,26.5635,55,0.131946,0.350874,0.128416,0.331115,11.9983,54,0.132985,0.353302,0.129175,0.334121,12.0012
indoor_door_leaf_Tile_1,Tile_1,520,31,85.6929,0.2319,0.308785,27.794,108.015,20.2569,6.67465,31,0.195639,0.2319,0.23149,0.308785,18.0619,31,0.2319,0.2319,0.308785,0.308785,22.858,31,0.221042,0.2319,0.287197,0.308785,20.4838,31,0.224754,0.2319,0.295638,0.308785,21.3884,31,0.2319,0.2319,0.308785,0.308785,21.9188,31,0.0716301,0.2319,0.0745769,0.308785,5.90943,31,0.0716301,0.2319,0.0745769,0.308785,5.90943
indoor_door_leaf_Tile_1,Tile_1,521,56,64.85,0.247834,0.281083,27.975,88.68,18.0215,5.66926,56,0.195268,0.247834,0.209525,0.281083,16.2187,56,0.24877,0.247834,0.281904,0.281083,20.3776,56,0.262191,0.247834,0.31202,0.281083,20.042,56,0.265652,0.247834,0.316782,0.281083,20.913,56,0.237013,0.247834,0.269454,0.281083,19.416,56,0.106822,0.247834,0.10669,0.281083,11.1253,56,0.106822,0.247834,0.10669,0.281083,11.1253
indoor_door_leaf_Tile_1,Tile_1,522,50,76.6653,0.365892,0.42457,20.409,133.327,29.5175,6.00951,50,0.362703,0.365892,0.386968,0.42457,31.0002,50,0.365892,0.365892,0.42457,0.42457,33.3078,50,0.352494,0.365892,0.426022,0.42457,29.5985,50,0.348628,0.365892,0.42348,0.42457,30.0695,50,0.361689,0.365892,0.407891,0.42457,32.6362,50,0.194403,0.365892,0.220775,0.42457,15.6212,50,0.194403,0.365892,0.220775,0.42457,15.6212
indoor_door_leaf_Tile_1,Tile_1,523,33,83.5856,0.218701,0.266704,32.463,118.157,18.7079,7.13593,33,0.17857,0.218701,0.19249,0.266704,16.3762,33,0.218701,0.218701,0.266704,0.266704,21.1102,33,0.225533,0.218701,0.258697,0.266704,20.5554,33,0.226135,0.218701,0.26723,0.266704,21.044,33,0.218701,0.218701,0.266704,0.266704,20.2428,33,0.0696689,0.218701,0.068456,0.266704,6.1633,33,0.0696689,0.218701,0.068456,0.266704,6.1633
indoor_door_leaf_Tile_1,Tile_1,524,54,69.175,0.286824,0.327322,27.089,90.968,21.5153,5.39422,54,0.237708,0.286824,0.250046,0.327322,19.8444,54,0.287643,0.286824,0.327827,0.327322,24.3052,54,0.290036,0.286824,0.343742,0.327322,23.1339,54,0.294083,0.286824,0.350196,0.327322,24.1811,54,0.275172,0.286824,0.316808,0.327322,23.0697,54,0.07785,0.286824,0.0781379,0.327322,10.1316,54,0.07785,0.286824,0.0781379,0.327322,10.1316
indoor_door_leaf_Tile_1,Tile_1,525,16,65.3173,0.500949,0.520944,26.491,118.858,33.6765,4.95499,16,0.43996,0.500949,0.452797,0.520944,32.9154,16,0.502346,0.500949,0.522768,0.520944,38.0644,16,0.513631,0.500949,0.547837,0.520944,38.6878,16,0.502858,0.500949,0.536781,0.520944,38.235,16,0.487451,0.500949,0.50854,0.520944,35.8986,16,0.230656,0.500949,0.239455,0.520944,16.7328,16,0.230656,0.500949,0.239455,0.520944,16.7328
indoor_door_leaf_Tile_1,Tile_1,526,53,64.7331,0.275017,0.314794,26.605,90.082,19.4265,5.60929,53,0.230589,0.275017,0.255802,0.314794,18.1027,53,0.276281,0.275017,0.316039,0.314794,21.9694,53,0.279701,0.275017,0.333639,0.314794,20.9632,53,0.283053,0.275017,0.338956,0.314794,21.911,53,0.264807,0.275017,0.305443,0.314794,20.8561,53,0.120231,0.275017,0.120433,0.314794,11.1442,53,0.120231,0.275017,0.120433,0.314794,11.1442
indoor_door_leaf_Tile_1,Tile_1,527,77,54.1505,0.42732,0.457957,17.822,119.837,24.1314,6.67738,76,0.381293,0.421833,0.418517,0.452739,23.6674,76,0.42512,0.421833,0.458196,0.452739,27.2314,76,0.435731,0.421833,0.476436,0.452739,26.311,76,0.437303,0.421833,0.480099,0.452739,26.9877,76,0.408871,0.421833,0.442271,0.452739,25.7881,77,0.18333,0.42732,0.1945,0.457957,12.8718,76,0.183425,0.421833,0.194273,0.452739,12.8088
indoor_door_leaf_Tile_1,Tile_1,528,27,57.5166,0.494924,0.483562,21.605,119.385,29.3484,4.87852,27,0.435663,0.494924,0.417712,0.483562,29.0585,27,0.496615,0.494924,0.484762,0.483562,33.1741,27,0.510129,0.494924,0.517583,0.483562,33.7934,27,0.495927,0.494924,0.509787,0.483562,33.404,27,0.477049,0.494924,0.472004,0.483562,31.3087,27,0.246391,0.494924,0.241891,0.483562,16.4824,27,0.246391,0.494924,0.241891,0.483562,16.4824
indoor_door_leaf_Tile_1,Tile_1,529,105,73.9679,0.463232,0.609982,15.071,137.929,34.8274,3.08744,104,0.425164,0.456471,0.540129,0.601575,30.2847,104,0.455856,0.456471,0.598182,0.601575,38.286,104,0.430841,0.456471,0.554983,0.601575,31.9297,104,0.437572,0.456471,0.571565,0.601575,33.5719,104,0.438511,0.456471,0.567487,0.601575,35.2829,105,0.256306,0.463232,0.240367,0.609982,14.6019,104,0.257616,0.456471,0.241318,0.601575,14.6177
indoor_door_leaf_Tile_1,Tile_1,530,76,62.2425,0.40227,0.457828,19.869,99.983,25.9918,6.52522,76,0.350502,0.40227,0.399259,0.457828,24.5959,76,0.404593,0.40227,0.462922,0.457828,29.4488,76,0.403151,0.40227,0.470746,0.457828,27.4701,76,0.404946,0.40227,0.472534,0.457828,28.1399,76,0.395953,0.40227,0.455383,0.457828,28.5091,76,0.160026,0.40227,0.165607,0.457828,12.549,76,0.160026,0.40227,0.165607,0.457828,12.549
indoor_door_leaf_Tile_1,Tile_1,531,59,67.7006,0.338828,0.386351,24.007,107.869,23.9519,6.01745,59,0.294555,0.338828,0.32141,0.386351,22.5575,59,0.33925,0.338828,0.386701,0.386351,27.047,59,0.350024,0.338828,0.407024,0.386351,26.221,59,0.350456,0.338828,0.410838,0.386351,26.9733,59,0.324679,0.338828,0.372935,0.386351,25.4817,59,0.108899,0.338828,0.112812,0.386351,9.24926,59,0.108899,0.338828,0.112812,0.386351,9.24926
indoor_door_leaf_Tile_1,Tile_1,532,96,62.9979,0.447321,0.540094,11.641,149.981,29.0414,6.65403,96,0.422887,0.447321,0.529734,0.540094,29.4962,96,0.450475,0.447321,0.547211,0.540094,32.9192,96,0.421998,0.447321,0.508295,0.540094,29.2833,96,0.43706,0.447321,0.518115,0.540094,30.4538,96,0.440753,0.447321,0.541351,0.540094,32.0239,96,0.326419,0.447321,0.428426,0.540094,23.0315,96,0.326419,0.447321,0.428426,0.540094,23.0315
indoor_door_leaf_Tile_1,Tile_1,533,43,70.4318,0.26791,0.31171,26.377,98.349,21.2341,5.38196,43,0.231738,0.26791,0.252294,0.31171,20.1052,43,0.269172,0.26791,0.312994,0.31171,24.0261,43,0.285794,0.26791,0.350752,0.31171,23.3864,43,0.28745,0.26791,0.354332,0.31171,24.4315,43,0.249096,0.26791,0.290027,0.31171,22.464,43,0.0668186,0.26791,0.0684835,0.31171,10.7534,43,0.0668186,0.26791,0.0684835,0.31171,10.7534
indoor_door_leaf_Tile_1,Tile_1,534,51,78.996,0.301424,0.36595,26.687,108.88,25.5585,5.51082,51,0.247965,0.301424,0.271277,0.36595,22.6979,51,0.301424,0.301424,0.36595,0.36595,28.8404,51,0.304613,0.301424,0.378048,0.36595,26.9425,51,0.305493,0.301424,0.381792,0.36595,27.8171,51,0.293054,0.301424,0.357743,0.36595,28.058,51,0.115472,0.301424,0.120672,0.36595,13.0956,51,0.115472,0.301424,0.120672,0.36595,13.0956
indoor_door_leaf_Tile_1,Tile_1,535,25,56.2212,0.441427,0.46221,17.893,108.157,25.4994,4.99445,25,0.375959,0.441427,0.386007,0.46221,24.4371,25,0.442357,0.441427,0.462906,0.46221,28.8087,25,0.463358,0.441427,0.517289,0.46221,29.7729,25,0.449669,0.441427,0.508102,0.46221,29.3681,25,0.418098,0.441427,0.439949,0.46221,26.8792,25,0.203897,0.441427,0.211108,0.46221,13.9287,25,0.203897,0.441427,0.211108,0.46221,13.9287
indoor_door_leaf_Tile_1,Tile_1,536,69,80.5343,0.66012,0.781313,11.011,168.828,51.7664,6.98628,69,0.602626,0.66012,0.719998,0.781313,45.0062,69,0.656248,0.66012,0.778064,0.781313,56.9894,69,0.593349,0.66012,0.713973,0.781313,46.6751,69,0.639221,0.66012,0.757989,0.781313,52.994,69,0.636311,0.66012,0.748846,0.781313,53.7408,69,0.197926,0.66012,0.232512,0.781313,13.4152,69,0.197926,0.66012,0.232512,0.781313,13.4152
indoor_door_leaf_Tile_1,Tile_1,537,83,60.8856,0.465371,0.504222,15.854,157.736,29.0069,6.46316,83,0.401527,0.465371,0.430206,0.504222,26.7172,83,0.46821,0.465371,0.509726,0.504222,32.8671,83,0.434846,0.465371,0.475086,0.504222,28.5661,83,0.437809,0.465371,0.479405,0.504222,29.214,83,0.451789,0.465371,0.483569,0.504222,31.6041,83,0.204086,0.465371,0.21164,0.504222,14.9172,83,0.204086,0.465371,0.21164,0.504222,14.9172
indoor_door_leaf_Tile_1,Tile_1,538,81,68.7815,0.430298,0.531428,14.951,148.323,30.3281,6.61514,81,0.374806,0.430298,0.494298,0.531428,28.459,81,0.43172,0.430298,0.536742,0.531428,34.3027,81,0.381266,0.430298,0.476843,0.531428,28.8323,81,0.392769,0.430298,0.487359,0.531428,29.8791,81,0.425495,0.430298,0.526757,0.531428,33.4932,81,0.224768,0.430298,0.257504,0.531428,18.0421,81,0.224768,0.430298,0.257504,0.531428,18.0421
indoor_door_leaf_Tile_1,Tile_1,539,22,62.6549,0.463573,0.462505,21.893,116.972,29.8133,5.02138,22,0.430136,0.463573,0.431523,0.462505,30.4598,22,0.46564,0.463573,0.464505,0.462505,33.7292,22,0.483193,0.463573,0.498808,0.462505,34.6062,22,0.467386,0.463573,0.484653,0.462505,33.9698,22,0.443881,0.463573,0.443403,0.462505,31.4774,22,0.270881,0.463573,0.274783,0.462505,18.479,22,0.270881,0.463573,0.274783,0.462505,18.479
indoor_door_leaf_Tile_1,Tile_1,540,54,78.492,0.310921,0.368485,27.986,112.338,26.0235,5.47979,54,0.250617,0.310921,0.270356,0.368485,22.7995,54,0.310921,0.310921,0.368485,0.368485,29.3651,54,0.309177,0.310921,0.374862,0.368485,27.0742,54,0.311457,0.310921,0.379847,0.368485,28.0109,54,0.305908,0.310921,0.363749,0.368485,28.8121,54,0.112897,0.310921,0.11686,0.368485,12.8555,54,0.112897,0.310921,0.11686,0.368485,12.8555
indoor_door_leaf_Tile_1,Tile_1,541,33,87.6632,0.286612,0.335552,31.05,165.394,25.6924,6.74166,33,0.249198,0.286612,0.265381,0.335552,23.6703,33,0.286612,0.286612,0.335552,0.335552,28.9915,33,0.259252,0.286612,0.321727,0.335552,24.5488,33,0.264045,0.286612,0.329625,0.335552,25.6402,33,0.275313,0.286612,0.326174,0.335552,26.7532,33,0.0788441,0.286612,0.0817485,0.335552,7.69136,33,0.0788441,0.286612,0.0817485,0.335552,7.69136
indoor_door_leaf_Tile_1,Tile_1,542,27,79.6569,0.21863,0.279212,32.463,95.381,18.2459,7.15247,27,0.188268,0.21863,0.217644,0.279212,16.9477,27,0.21863,0.21863,0.279212,0.279212,20.5888,27,0.215846,0.21863,0.277335,0.279212,18.8671,27,0.222,0.21863,0.286958,0.279212,19.9439,27,0.214566,0.21863,0.272082,0.279212,19.4311,27,0.0994768,0.21863,0.112504,0.279212,8.34283,27,0.0994768,0.21863,0.112504,0.279212,8.34283
indoor_door_leaf_Tile_1,Tile_1,543,50,80.1057,0.281075,0.334522,26.79,109.581,24.3304,5.65195,50,0.233982,0.281075,0.254278,0.334522,21.8167,50,0.281075,0.281075,0.334522,0.334522,27.4546,50,0.286316,0.281075,0.353803,0.334522,25.8411,50,0.286685,0.281075,0.356356,0.334522,26.6491,50,0.272026,0.281075,0.323016,0.334522,26.6386,50,0.111095,0.281075,0.116521,0.334522,12.7827,50,0.111095,0.281075,0.116521,0.334522,12.7827
indoor_door_leaf_Tile_1,Tile_1,544,56,67.1236,0.365297,0.438028,20.929,112.707,25.1972,7.20608,55,0.305835,0.352493,0.374452,0.418181,23.0336,55,0.35717,0.352493,0.426124,0.418181,28.0852,55,0.343392,0.352493,0.411117,0.418181,25.6055,55,0.350134,0.352493,0.416528,0.418181,26.4282,55,0.335557,0.352493,0.401741,0.418181,26.1159,56,0.147705,0.365297,0.179711,0.438028,11.5783,55,0.14901,0.352493,0.181337,0.418181,11.5739
indoor_door_leaf_Tile_1,Tile_1,545,7,56.265,0.436953,0.440451,29.876,95.968,24.8339,5.15637,7,0.400078,0.436953,0.387848,0.440451,27.1646,7,0.436953,0.436953,0.440451,0.440451,28.0227,7,0.488506,0.436953,0.505737,0.440451,30.1933,7,0.48326,0.436953,0.498256,0.440451,29.9827,7,0.416953,0.436953,0.419847,0.440451,26.072,7,0.265014,0.436953,0.303377,0.440451,18.4676,7,0.265014,0.436953,0.303377,0.440451,18.4676
indoor_door_leaf_Tile_1,Tile_1,546,41,72.1211,0.270178,0.328017,23.491,97.463,20.8733,7.09734,41,0.228006,0.270178,0.255755,0.328017,19.3167,41,0.271575,0.270178,0.329416,0.328017,23.6357,41,0.278659,0.270178,0.351387,0.328017,22.5231,41,0.285381,0.270178,0.359778,0.328017,23.7894,41,0.25702,0.270178,0.313858,0.328017,22.2085,41,0.0681492,0.270178,0.0699236,0.328017,8.27368,41,0.0681492,0.270178,0.0699236,0.328017,8.27368
indoor_door_leaf_Tile_1,Tile_1,547,33,79.6961,0.246676,0.273186,47.715,97.026,21.3707,6.46531,33,0.229335,0.246676,0.249431,0.273186,21.0228,33,0.247643,0.246676,0.274492,0.273186,24.1802,33,0.235792,0.246676,0.265779,0.273186,21.6466,33,0.23397,0.246676,0.264564,0.273186,22.4077,33,0.221774,0.246676,0.244211,0.273186,21.5602,33,0.115552,0.246676,0.121925,0.273186,10.6379,33,0.115552,0.246676,0.121925,0.273186,10.6379
indoor_door_leaf_Tile_1,Tile_1,548,93,57.2583,0.446536,0.505252,14.858,105.085,26.0847,6.85701,93,0.392582,0.446536,0.455247,0.505252,24.6774,93,0.450103,0.446536,0.508501,0.505252,29.5035,93,0.422057,0.446536,0.503605,0.505252,26.6439,93,0.433646,0.446536,0.505252,0.505252,27.2734,93,0.445869,0.446536,0.496968,0.505252,29.0406,93,0.301521,0.446536,0.324095,0.505252,19.1281,93,0.301521,0.446536,0.324095,0.505252,19.1281
indoor_door_leaf_Tile_1,Tile_1,549,68,56.3794,0.395435,0.44119,19.936,99.37,23.1875,7.22807,66,0.364091,0.384725,0.402655,0.43081,23.5085,66,0.387941,0.384725,0.436044,0.43081,26.0306,66,0.401838,0.384725,0.462399,0.43081,25.1807,66,0.402677,0.384725,0.463902,0.43081,25.9034,66,0.371645,0.384725,0.41752,0.43081,24.5707,68,0.247601,0.395435,0.239887,0.44119,16.7102,66,0.251548,0.384725,0.243122,0.43081,16.8852
indoor_door_leaf_Tile_1,Tile_1,550,57,71.4741,0.374868,0.487965,11.74,117.195,27.5396,5.55711,57,0.333019,0.374868,0.414688,0.487965,25.5423,57,0.374868,0.374868,0.487965,0.487965,31.0759,57,0.377888,0.374868,0.515013,0.487965,28.9035,57,0.372192,0.374868,0.512014,0.487965,29.1597,57,0.369367,0.374868,0.469988,0.487965,30.3005,57,0.198622,0.374868,0.232169,0.487965,13.9832,57,0.198622,0.374868,0.232169,0.487965,13.9832
indoor_door_leaf_Tile_1,Tile_1,551,69,68.9068,0.397705,0.449898,15.463,154.85,28.0141,6.83307,69,0.341492,0.397705,0.37761,0.449898,25.5736,69,0.40034,0.397705,0.452038,0.449898,31.7191,69,0.363194,0.397705,0.447417,0.449898,27.2259,69,0.371277,0.397705,0.453648,0.449898,28.07,69,0.386846,0.397705,0.436744,0.449898,30.3517,69,0.20187,0.397705,0.241766,0.449898,14.2131,69,0.20187,0.397705,0.241766,0.449898,14.2131
indoor_door_leaf_Tile_1,Tile_1,552,46,84.6687,0.321512,0.372603,25.975,157.508,28.3875,4.80832,46,0.281149,0.321512,0.303356,0.372603,25.9312,46,0.321512,0.321512,0.372603,0.372603,32.0326,46,0.305824,0.321512,0.384074,0.372603,27.6604,46,0.301582,0.321512,0.382366,0.372603,28.1417,46,0.308569,0.321512,0.353661,0.372603,30.6891,46,0.140758,0.321512,0.146179,0.372603,13.1069,46,0.140758,0.321512,0.146179,0.372603,13.1069
indoor_door_leaf_Tile_1,Tile_1,553,74,59.7071,0.502181,0.564558,11.05,149.077,30.1656,6.49793,74,0.441159,0.502181,0.50542,0.564558,27.7877,74,0.50443,0.502181,0.568401,0.564558,34.1442,74,0.488539,0.502181,0.576988,0.564558,30.7378,74,0.485084,0.502181,0.575126,0.564558,31.0482,74,0.509996,0.502181,0.557652,0.564558,34.0858,74,0.252411,0.502181,0.300883,0.564558,15.6091,74,0.252411,0.502181,0.300883,0.564558,15.6091
indoor_door_leaf_Tile_1,Tile_1,554,77,54.0704,0.389287,0.433002,20.559,94.794,22.277,7.43243,75,0.343925,0.380673,0.398452,0.424669,21.9208,75,0.383852,0.380673,0.428981,0.424669,25.0877,75,0.385674,0.380673,0.43212,0.424669,23.5345,75,0.394952,0.380673,0.443557,0.424669,24.6622,75,0.373736,0.380673,0.416554,0.424669,24.2105,77,0.157514,0.389287,0.163848,0.433002,12.8944,75,0.159582,0.380673,0.165844,0.424669,12.9557
indoor_door_leaf_Tile_1,Tile_1,555,23,57.3277,0.54386,0.671199,9.039,106.456,31.6568,5.34733,23,0.509441,0.54386,0.610486,0.671199,31.361,23,0.54386,0.54386,0.671199,0.671199,35.7218,23,0.575917,0.54386,0.725985,0.671199,36.2784,23,0.569247,0.54386,0.712433,0.671199,35.8874,23,0.52433,0.54386,0.644475,0.671199,33.9269,23,0.392395,0.54386,0.466289,0.671199,21.7671,23,0.392395,0.54386,0.466289,0.671199,21.7671
indoor_door_leaf_Tile_1,Tile_1,556,69,58.7695,0.34394,0.393183,19.342,97.783,21.5078,7.33728,67,0.307831,0.330887,0.351485,0.376955,21.3994,67,0.334261,0.330887,0.382743,0.376955,23.977,67,0.349246,0.330887,0.406031,0.376955,23.3064,67,0.351389,0.330887,0.409615,0.376955,24.0648,67,0.32413,0.330887,0.370639,0.376955,23.0205,69,0.197965,0.34394,0.193638,0.393183,15.3322,67,0.20085,0.330887,0.196493,0.376955,15.4674
indoor_door_leaf_Tile_1,Tile_1,557,88,65.4767,0.448928,0.578381,11.043,151.078,30.2293,6.69185,88,0.431829,0.448928,0.574554,0.578381,30.9396,88,0.451945,0.448928,0.586506,0.578381,34.2543,88,0.427442,0.448928,0.547218,0.578381,30.5769,88,0.441433,0.448928,0.558182,0.578381,31.7827,88,0.440757,0.448928,0.579331,0.578381,33.2177,88,0.367209,0.448928,0.508484,0.578381,25.9958,88,0.367209,0.448928,0.508484,0.578381,25.9958
indoor_door_leaf_Tile_1,Tile_1,558,70,64.1028,0.487083,0.606754,14.463,146.099,31.4357,6.52266,70,0.44284,0.487083,0.560192,0.606754,29.4694,70,0.488409,0.487083,0.611645,0.606754,35.5456,70,0.457525,0.487083,0.578016,0.606754,30.9913,70,0.461311,0.487083,0.581831,0.606754,31.7723,70,0.476955,0.487083,0.591032,0.606754,34.4802,70,0.224863,0.487083,0.243258,0.606754,15.5448,70,0.224863,0.487083,0.243258,0.606754,15.5448
indoor_door_leaf_Tile_1,Tile_1,559,57,70.6903,0.396803,0.536484,10.153,116.141,28.6307,5.49189,57,0.352019,0.396803,0.462401,0.536484,26.2958,57,0.396803,0.396803,0.536484,0.536484,32.307,57,0.396685,0.396803,0.561703,0.536484,29.7197,57,0.391192,0.396803,0.558011,0.536484,30.0051,57,0.392977,0.396803,0.518342,0.536484,31.6689,57,0.239609,0.396803,0.296358,0.536484,16.0389,57,0.239609,0.396803,0.296358,0.536484,16.0389
indoor_door_leaf_Tile_1,Tile_1,560,92,62.7834,0.50454,0.588184,13.445,167.544,32.4653,6.67578,92,0.465639,0.50454,0.576114,0.588184,32.0072,92,0.508118,0.50454,0.596573,0.588184,36.7901,92,0.472488,0.50454,0.557746,0.588184,32.1962,92,0.484302,0.50454,0.567695,0.588184,33.3208,92,0.502238,0.50454,0.591593,0.588184,36.1529,92,0.345841,0.50454,0.486976,0.588184,24.5067,92,0.345841,0.50454,0.486976,0.588184,24.5067
indoor_door_leaf_Tile_1,Tile_1,561,32,63.8514,0.46381,0.497599,16.121,114.619,30.077,4.36996,32,0.372794,0.46381,0.395576,0.497599,25.5982,32,0.46381,0.46381,0.497599,0.497599,33.9391,32,0.445457,0.46381,0.525323,0.497599,30.8645,32,0.43008,0.46381,0.512275,0.497599,30.0409,32,0.465978,0.46381,0.487252,0.497599,34.1798,32,0.188673,0.46381,0.194487,0.497599,12.4553,32,0.188673,0.46381,0.194487,0.497599,12.4553
indoor_door_leaf_Tile_1,Tile_1,562,15,60.6271,0.541834,0.595137,16.121,113.331,33.4148,4.79946,15,0.513531,0.541834,0.545291,0.595137,34.3742,15,0.541834,0.541834,0.595137,0.595137,37.7054,15,0.592538,0.541834,0.672875,0.595137,39.6542,15,0.580439,0.541834,0.661217,0.595137,39.248,15,0.509635,0.541834,0.559572,0.595137,35.0019,15,0.359133,0.541834,0.366045,0.595137,21.8174,15,0.359133,0.541834,0.366045,0.595137,21.8174
indoor_door_leaf_Tile_1,Tile_1,563,49,65.7379,0.273866,0.319767,24.605,97.011,19.9557,5.64689,49,0.215281,0.273866,0.234098,0.319767,17.622,49,0.274988,0.273866,0.320847,0.319767,22.5717,49,0.289251,0.273866,0.350789,0.319767,21.7007,49,0.293834,0.273866,0.357192,0.319767,22.7984,49,0.263806,0.273866,0.308748,0.319767,21.6984,49,0.0522363,0.273866,0.0519411,0.319767,8.93182,49,0.0522363,0.273866,0.0519411,0.319767,8.93182
indoor_door_leaf_Tile_1,Tile_1,564,79,67.7432,0.45715,0.568938,11.918,114.679,31.7747,6.68265,79,0.403072,0.45715,0.525486,0.568938,30.0681,79,0.457432,0.45715,0.572797,0.568938,35.7421,79,0.436981,0.45715,0.565478,0.568938,32.0953,79,0.441239,0.45715,0.565148,0.568938,32.7549,79,0.455013,0.45715,0.568644,0.568938,35.1003,79,0.285038,0.45715,0.366905,0.568938,20.2641,79,0.285038,0.45715,0.366905,0.568938,20.2641
indoor_door_leaf_Tile_1,Tile_1,565,77,66.3781,0.463113,0.588449,8.804,122.341,31.4272,6.69541,77,0.413098,0.463113,0.55236,0.588449,30.0116,77,0.466279,0.463113,0.594694,0.588449,35.6005,77,0.446948,0.463113,0.594176,0.588449,32.0381,77,0.452896,0.463113,0.596483,0.588449,32.8946,77,0.467563,0.463113,0.594308,0.588449,35.3413,77,0.324927,0.463113,0.447971,0.588449,22.3422,77,0.324927,0.463113,0.447971,0.588449,22.3422
indoor_door_leaf_Tile_1,Tile_1,566,7,55.9179,0.408239,0.416357,28.218,91.794,23.0785,5.21797,7,0.367059,0.408239,0.34852,0.416357,24.7904,7,0.408239,0.408239,0.416357,0.416357,26.042,7,0.46093,0.408239,0.472199,0.416357,28.2453,7,0.455464,0.408239,0.46555,0.416357,28.0264,7,0.388587,0.408239,0.400275,0.416357,24.1948,7,0.227463,0.408239,0.249656,0.416357,15.8863,7,0.227463,0.408239,0.249656,0.416357,15.8863
indoor_door_leaf_Tile_1,Tile_1,567,46,70.059,0.298328,0.350916,24.007,117.271,22.1335,5.6316,46,0.272006,0.298328,0.294308,0.350916,21.5734,46,0.299561,0.298328,0.352551,0.350916,25.0468,46,0.330356,0.298328,0.396883,0.350916,25.6199,46,0.323022,0.298328,0.395118,0.350916,25.9622,46,0.283138,0.298328,0.331722,0.350916,23.4711,46,0.127766,0.298328,0.125671,0.350916,10.6853,46,0.127766,0.298328,0.125671,0.350916,10.6853
indoor_door_leaf_Tile_1,Tile_1,568,49,67.6769,0.262122,0.30221,26.078,96.153,19.8648,5.66761,49,0.216651,0.262122,0.232818,0.30221,18.1794,49,0.26326,0.262122,0.303313,0.30221,22.4726,49,0.285255,0.262122,0.342487,0.30221,22.1715,49,0.286409,0.262122,0.346261,0.30221,23.0472,49,0.247677,0.262122,0.285438,0.30221,21.2889,49,0.0956056,0.262122,0.0879751,0.30221,10.9168,49,0.0956056,0.262122,0.0879751,0.30221,10.9168
indoor_door_leaf_Tile_1,Tile_1,569,37,88.0145,0.230492,0.264736,40.295,122.669,20.3387,6.77309,37,0.199245,0.230492,0.229547,0.264736,17.9643,37,0.230492,0.230492,0.264736,0.264736,22.9503,37,0.208873,0.230492,0.250599,0.264736,19.1957,37,0.211399,0.230492,0.255944,0.264736,19.7725,37,0.248914,0.230492,0.273681,0.264736,24.0929,37,0.104178,0.230492,0.113792,0.264736,8.01049,37,0.104178,0.230492,0.113792,0.264736,8.01049
indoor_door_leaf_Tile_1,Tile_1,570,88,50.1196,0.471445,0.496317,14,139.938,24.4102,7.4431,86,0.412585,0.467111,0.454311,0.494338,23.3432,86,0.469497,0.467111,0.496829,0.494338,27.6613,86,0.456773,0.467111,0.498547,0.494338,25.2762,86,0.465542,0.467111,0.508228,0.494338,26.289,86,0.461043,0.467111,0.482187,0.494338,26.9004,88,0.197373,0.471445,0.20552,0.496317,13.3734,86,0.198964,0.467111,0.206596,0.494338,13.3841
indoor_door_leaf_Tile_1,Tile_1,571,86,56.1122,0.462512,0.550647,11.462,106.495,26.602,7.18659,85,0.428403,0.45493,0.519738,0.540607,26.5988,85,0.458985,0.45493,0.547658,0.540607,29.975,85,0.459931,0.45493,0.541049,0.540607,28.2697,85,0.466786,0.45493,0.546576,0.540607,29.0892,85,0.444957,0.45493,0.5343,0.540607,28.9461,86,0.179879,0.462512,0.201072,0.550647,13.3464,85,0.179032,0.45493,0.200856,0.540607,13.3269
indoor_door_leaf_Tile_1,Tile_1,572,76,56.732,0.372887,0.419842,18.342,98.37,22.3956,7.55062,74,0.348959,0.363503,0.397839,0.410695,22.9807,74,0.366372,0.363503,0.414879,0.410695,25.1528,74,0.378817,0.363503,0.427498,0.410695,24.248,74,0.383228,0.363503,0.434344,0.410695,25.1118,74,0.351728,0.363503,0.400381,0.410695,23.9646,76,0.198202,0.372887,0.19383,0.419842,15.6019,74,0.200911,0.363503,0.196367,0.410695,15.7239
indoor_door_leaf_Tile_1,Tile_1,573,68,58.1282,0.360101,0.408816,19.744,98.957,22.1452,7.54509,66,0.32962,0.349718,0.373533,0.398789,22.4372,66,0.353678,0.349718,0.405044,0.398789,24.8725,66,0.372487,0.349718,0.43091,0.398789,24.3948,66,0.371957,0.349718,0.432665,0.398789,24.9584,66,0.338035,0.349718,0.389505,0.398789,23.5923,68,0.19102,0.360101,0.193678,0.408816,14.5436,66,0.19372,0.349718,0.195657,0.398789,14.6496
indoor_door_leaf_Tile_1,Tile_1,574,67,57.4849,0.3523,0.393937,21.043,95.011,21.5339,7.14485,65,0.304709,0.339568,0.347361,0.378388,20.8182,65,0.343503,0.339568,0.384728,0.378388,24.0648,65,0.355433,0.339568,0.406604,0.378388,23.1084,65,0.359244,0.339568,0.410763,0.378388,23.9912,65,0.332343,0.339568,0.372249,0.378388,23.059,67,0.180016,0.3523,0.179708,0.393937,13.9719,65,0.182794,0.339568,0.182412,0.378388,14.0879
indoor_door_leaf_Tile_1,Tile_1,575,17,57.5341,0.556162,0.573571,16.121,114.929,32.6498,4.73298,17,0.534464,0.556162,0.532798,0.573571,33.8162,17,0.556162,0.556162,0.573571,0.573571,36.8423,17,0.602196,0.556162,0.644416,0.573571,38.4829,17,0.587266,0.556162,0.632439,0.573571,38.0318,17,0.519936,0.556162,0.537983,0.573571,34.1475,17,0.364999,0.556162,0.358579,0.573571,21.198,17,0.364999,0.556162,0.358579,0.573571,21.198
indoor_door_leaf_Tile_1,Tile_1,576,52,86.355,0.59084,0.753562,11.712,166.088,49.442,3.80244,52,0.547989,0.59084,0.723575,0.753562,43.7268,52,0.584635,0.59084,0.750995,0.753562,54.4154,52,0.528399,0.59084,0.667264,0.753562,43.1154,52,0.550148,0.59084,0.680144,0.753562,45.9978,52,0.549211,0.59084,0.70318,0.753562,48.9538,52,0.172523,0.59084,0.20737,0.753562,12.6528,52,0.172523,0.59084,0.20737,0.753562,12.6528
indoor_door_leaf_Tile_1,Tile_1,577,73,93.4386,0.674084,0.899701,12.854,180.725,61.0504,7.63325,72,0.618201,0.664207,0.828442,0.89117,54.9212,72,0.664153,0.664207,0.890213,0.89117,67.6034,72,0.604175,0.664207,0.816649,0.89117,54.4193,72,0.634567,0.664207,0.848387,0.89117,59.4719,72,0.644051,0.664207,0.856476,0.89117,62.6867,73,0.245355,0.674084,0.272549,0.899701,16.9678,72,0.245011,0.664207,0.273333,0.89117,17.0138
indoor_door_leaf_Tile_1,Tile_1,578,85,126.898,0.490462,0.814742,12.559,188.241,60.2495,2.83744,84,0.468995,0.479522,0.742562,0.798402,52.5935,84,0.478662,0.479522,0.793178,0.798402,65.6016,84,0.458532,0.479522,0.739604,0.798402,53.4234,84,0.478509,0.479522,0.765055,0.798402,58.4888,84,0.461685,0.479522,0.752645,0.798402,60.1294,85,0.20154,0.490462,0.242085,0.814742,14.2706,84,0.20094,0.479522,0.242444,0.798402,14.2098
indoor_door_leaf_Tile_1,Tile_1,579,73,75.2439,0.685495,0.760462,12.74,180.444,50.1085,5.41214,73,0.616748,0.685495,0.703388,0.760462,43.2815,73,0.679429,0.685495,0.758462,0.760462,55.0771,73,0.601053,0.685495,0.678942,0.760462,43.153,73,0.658052,0.685495,0.728087,0.760462,50.2468,73,0.65836,0.685495,0.727633,0.760462,51.5911,73,0.300143,0.685495,0.364079,0.760462,17.8089,73,0.300143,0.685495,0.364079,0.760462,17.8089
indoor_door_leaf_Tile_1,Tile_1,580,85,123.677,0.519092,0.824646,12.559,190.039,62.331,2.84924,84,0.496084,0.508628,0.764112,0.809613,54.5058,84,0.5074,0.508628,0.803013,0.809613,67.9376,84,0.486511,0.508628,0.74804,0.809613,55.5403,84,0.506041,0.508628,0.774638,0.809613,60.6136,84,0.488994,0.508628,0.759068,0.809613,62.2082,85,0.219078,0.519092,0.256282,0.824646,15.1453,84,0.218836,0.508628,0.256984,0.809613,15.1071
indoor_door_leaf_Tile_1,Tile_1,581,84,110.924,0.473464,0.698942,15.854,171.604,51.4028,2.63596,84,0.463357,0.473464,0.635897,0.698942,45.8878,84,0.470995,0.473464,0.690484,0.698942,56.5633,84,0.447521,0.473464,0.630743,0.698942,45.8426,84,0.459663,0.473464,0.653089,0.698942,49.1514,84,0.450445,0.473464,0.650481,0.698942,51.2483,84,0.153258,0.473464,0.16058,0.698942,10.8786,84,0.153258,0.473464,0.16058,0.698942,10.8786
indoor_door_leaf_Tile_1,Tile_1,582,43,46.4739,0.71449,0.605417,11.854,144.832,32.5691,10.855,43,0.706983,0.71449,0.604361,0.605417,33.8411,43,0.71553,0.71449,0.609483,0.605417,36.4329,43,0.614868,0.71449,0.560789,0.605417,29.7175,43,0.62601,0.71449,0.551476,0.605417,29.7368,43,0.685033,0.71449,0.597767,0.605417,34.9372,43,0.307286,0.71449,0.382422,0.605417,17.6041,43,0.307286,0.71449,0.382422,0.605417,17.6041
indoor_door_leaf_Tile_1,Tile_1,583,69,78.2959,0.720649,0.806974,13.441,167.323,54.6927,5.45506,69,0.651862,0.720649,0.740894,0.806974,47.2773,69,0.717587,0.720649,0.806294,0.806974,60.5831,69,0.634661,0.720649,0.712025,0.806974,46.7536,69,0.681765,0.720649,0.748671,0.806974,52.2335,69,0.688265,0.720649,0.773208,0.806974,55.7704,69,0.373069,0.720649,0.498243,0.806974,22.6304,69,0.373069,0.720649,0.498243,0.806974,22.6304
indoor_door_leaf_Tile_1,Tile_1,584,83,119.823,0.435428,0.692809,15.854,199.764,50.9288,2.70264,83,0.421803,0.435428,0.629326,0.692809,44.1881,83,0.433337,0.435428,0.684042,0.692809,56.1098,83,0.410739,0.435428,0.625088,0.692809,45.175,83,0.431814,0.435428,0.650952,0.692809,49.632,83,0.420023,0.435428,0.645652,0.692809,51.9564,83,0.132125,0.435428,0.131075,0.692809,9.43679,83,0.132125,0.435428,0.131075,0.692809,9.43679
indoor_door_leaf_Tile_1,Tile_1,585,78,117.899,0.442506,0.692614,15.854,170.832,50.5071,2.6893,78,0.430422,0.442506,0.630269,0.692614,44.447,78,0.439905,0.442506,0.683287,0.692614,55.5327,78,0.415939,0.442506,0.623445,0.692614,44.6724,78,0.436565,0.442506,0.649747,0.692614,49.0856,78,0.420845,0.442506,0.640178,0.692614,50.384,78,0.117564,0.442506,0.116432,0.692614,8.36875,78,0.117564,0.442506,0.116432,0.692614,8.36875
indoor_door_leaf_Tile_1,Tile_1,586,81,122.389,0.442633,0.69561,18.039,174.968,52.4046,2.62184,81,0.427112,0.442633,0.633268,0.69561,45.878,81,0.439533,0.442633,0.686058,0.69561,57.5349,81,0.415267,0.442633,0.625598,0.69561,46.1897,81,0.43646,0.442633,0.652469,0.69561,50.9803,81,0.422262,0.442633,0.645467,0.69561,52.3317,81,0.110222,0.442633,0.112755,0.69561,8.34062,81,0.110222,0.442633,0.112755,0.69561,8.34062
indoor_door_leaf_Tile_1,Tile_1,587,81,122.69,0.442951,0.696727,17.338,175.551,52.5791,2.61608,81,0.426888,0.442951,0.634087,0.696727,45.9437,81,0.439713,0.442951,0.687128,0.696727,57.7066,81,0.415615,0.442951,0.626762,0.696727,46.3718,81,0.437702,0.442951,0.653932,0.696727,51.3002,81,0.422862,0.442951,0.646658,0.696727,52.555,81,0.110679,0.442951,0.114033,0.696727,8.46205,81,0.110679,0.442951,0.114033,0.696727,8.46205
indoor_door_leaf_Tile_1,Tile_1,588,81,90.6781,0.604772,0.768022,14.385,166.768,52.8898,5.04071,81,0.557482,0.604772,0.702702,0.768022,46.076,81,0.602558,0.604772,0.762883,0.768022,58.4209,81,0.539309,0.604772,0.68216,0.768022,45.8498,81,0.562316,0.604772,0.702814,0.768022,48.5175,81,0.576309,0.604772,0.72239,0.768022,52.7478,81,0.23,0.604772,0.265704,0.768022,14.4097,81,0.23,0.604772,0.265704,0.768022,14.4097
indoor_door_leaf_Tile_1,Tile_1,589,65,92.9439,0.631272,0.801072,13.912,208.799,56.929,5.08057,65,0.588641,0.631272,0.730099,0.801072,49.0404,65,0.628335,0.631272,0.798978,0.801072,62.7955,65,0.563491,0.631272,0.697792,0.801072,48.849,65,0.618924,0.631272,0.750855,0.801072,57.8106,65,0.61042,0.631272,0.769894,0.801072,58.8371,65,0.309803,0.631272,0.387495,0.801072,19.8572,65,0.309803,0.631272,0.387495,0.801072,19.8572
indoor_door_leaf_Tile_1,Tile_1,590,87,105.936,0.498662,0.738692,14.228,166.871,51.1704,3.12171,87,0.458005,0.498662,0.676821,0.738692,44.2084,87,0.495446,0.498662,0.73153,0.738692,56.2312,87,0.44917,0.498662,0.669676,0.738692,44.7518,87,0.482642,0.498662,0.702068,0.738692,50.1272,87,0.481461,0.498662,0.702496,0.738692,52.0677,87,0.675045,0.498662,0.295867,0.738692,46.2546,87,0.675045,0.498662,0.295867,0.738692,46.2546
indoor_door_leaf_Tile_1,Tile_1,591,68,83.7585,0.699931,0.790874,14.854,216.354,56.9004,5.39318,68,0.64914,0.699931,0.719431,0.790874,49.9948,68,0.695178,0.699931,0.786467,0.790874,62.5569,68,0.619491,0.699931,0.696502,0.790874,49.4816,68,0.681295,0.699931,0.746146,0.790874,57.6284,68,0.6773,0.699931,0.758534,0.790874,59.1816,68,0.312384,0.699931,0.362778,0.790874,19.9139,68,0.312384,0.699931,0.362778,0.790874,19.9139
indoor_door_leaf_Tile_1,Tile_1,592,80,122.811,0.447927,0.709926,15.153,176.792,53.1582,2.59176,80,0.431836,0.447927,0.645528,0.709926,46.4142,80,0.444435,0.447927,0.700118,0.709926,58.2939,80,0.420874,0.447927,0.640432,0.709926,46.9745,80,0.444657,0.447927,0.668188,0.709926,52.187,80,0.428398,0.447927,0.660326,0.709926,53.2555,80,0.120206,0.447927,0.126421,0.709926,9.09929,80,0.120206,0.447927,0.126421,0.709926,9.09929
indoor_door_leaf_Tile_1,Tile_1,593,68,102.67,0.459664,0.761684,13.114,154.299,45.5447,3.48283,68,0.451583,0.459664,0.732031,0.761684,41.4778,68,0.457284,0.459664,0.759547,0.761684,50.132,68,0.426953,0.459664,0.6591,0.761684,39.634,68,0.454895,0.459664,0.692462,0.761684,45.0115,68,0.440925,0.459664,0.715843,0.761684,46.36,68,0.105468,0.459664,0.110809,0.761684,8.36394,68,0.105468,0.459664,0.110809,0.761684,8.36394
indoor_door_leaf_Tile_1,Tile_1,594,79,125.619,0.456028,0.723082,18.039,181.035,55.4674,2.58842,79,0.441284,0.456028,0.659976,0.723082,48.6592,79,0.452904,0.456028,0.713308,0.723082,60.8891,79,0.429742,0.456028,0.653309,0.723082,49.2017,79,0.450438,0.456028,0.680392,0.723082,54.1816,79,0.436109,0.456028,0.672394,0.723082,55.5618,79,0.123161,0.456028,0.127636,0.723082,9.17097,79,0.123161,0.456028,0.127636,0.723082,9.17097
indoor_door_leaf_Tile_1,Tile_1,595,86,96.8855,0.586052,0.777052,13.854,168.181,54.7006,3.15291,86,0.53818,0.586052,0.689029,0.777052,46.4362,86,0.583085,0.586052,0.770111,0.777052,60.1909,86,0.529191,0.586052,0.682707,0.777052,47.2188,86,0.569396,0.586052,0.727494,0.777052,53.5262,86,0.566713,0.586052,0.740864,0.777052,55.7133,86,0.269539,0.586052,0.336458,0.777052,16.3768,86,0.269539,0.586052,0.336458,0.777052,16.3768
indoor_door_leaf_Tile_1,Tile_1,596,65,98.8218,0.479634,0.73717,14.712,169.05,46.3059,3.38137,65,0.47592,0.479634,0.704515,0.73717,42.9427,65,0.476228,0.479634,0.734459,0.73717,50.8673,65,0.444147,0.479634,0.635099,0.73717,40.3152,65,0.475959,0.479634,0.673406,0.73717,46.1384,65,0.46485,0.479634,0.695483,0.73717,47.9598,65,0.170396,0.479634,0.186152,0.73717,12.0538,65,0.170396,0.479634,0.186152,0.73717,12.0538
indoor_door_leaf_Tile_1,Tile_1,597,79,118.452,0.465656,0.696133,17.74,182.622,53.5603,2.55455,79,0.443379,0.465656,0.630502,0.696133,46.1746,79,0.460786,0.465656,0.685571,0.696133,58.5379,79,0.439269,0.465656,0.62899,0.696133,47.6361,79,0.461371,0.465656,0.656024,0.696133,52.5619,79,0.44516,0.465656,0.646893,0.696133,53.6784,79,0.13908,0.465656,0.147595,0.696133,10.0447,79,0.13908,0.465656,0.147595,0.696133,10.0447
indoor_door_leaf_Tile_1,Tile_1,598,85,98.8415,0.540379,0.73071,15.555,169.224,51.8567,3.10905,85,0.499083,0.540379,0.655913,0.73071,44.545,85,0.537078,0.540379,0.72385,0.73071,57.035,85,0.489685,0.540379,0.652868,0.73071,45.4338,85,0.521101,0.540379,0.691639,0.73071,50.5253,85,0.520013,0.540379,0.694191,0.73071,52.6968,85,0.226657,0.540379,0.278065,0.73071,14.1104,85,0.226657,0.540379,0.278065,0.73071,14.1104
indoor_door_leaf_Tile_1,Tile_1,599,71,89.108,0.588912,0.775631,13.342,156.637,50.8761,3.56228,71,0.561039,0.588912,0.741452,0.775631,46.0954,71,0.586568,0.588912,0.775772,0.775631,56.2908,71,0.526216,0.588912,0.686448,0.775631,44.1107,71,0.575193,0.588912,0.728809,0.775631,51.1865,71,0.571369,0.588912,0.742774,0.775631,53.0061,71,0.256288,0.588912,0.322245,0.775631,15.9009,71,0.256288,0.588912,0.322245,0.775631,15.9009
outdoor_gravel_Tile_0,Tile_0,0,240,194.226,0.224747,0.238382,94.869,255,44.1901,5.14818,240,0.260049,0.224747,0.248172,0.238382,59.9207,240,0.224355,0.224747,0.238134,0.238382,50.2732,240,0.231353,0.224747,0.232273,0.238382,52.8255,240,0.220363,0.224747,0.221685,0.238382,50.5858,240,0.204038,0.224747,0.218592,0.238382,45.378,240,0.130501,0.224747,0.121051,0.238382,23.8469,240,0.130501,0.224747,0.121051,0.238382,23.8469
outdoor_gravel_Tile_0,Tile_0,1,220,185.135,0.246394,0.271891,41.83,255,46.1748,5.14689,220,0.260064,0.246394,0.25438,0.271891,56.8604,220,0.246955,0.246394,0.272743,0.271891,52.7762,220,0.248124,0.246394,0.2546,0.271891,54.0675,220,0.238815,0.246394,0.250297,0.271891,52.0883,220,0.22625,0.246394,0.25391,0.271891,47.9565,220,0.118443,0.246394,0.135696,0.271891,20.4332,220,0.118443,0.246394,0.135696,0.271891,20.4332
outdoor_gravel_Tile_0,Tile_0,2,237,190.036,0.239838,0.259257,76.56,255,46.0677,5.0511,237,0.268744,0.239838,0.265014,0.259257,60.504,237,0.238354,0.239838,0.257372,0.259257,52.1898,237,0.240847,0.239838,0.247034,0.259257,53.7506,237,0.229304,0.239838,0.239571,0.259257,51.3798,237,0.218883,0.239838,0.239718,0.259257,47.5128,237,0.128835,0.239838,0.144346,0.259257,22.6686,237,0.128835,0.239838,0.144346,0.259257,22.6686
outdoor_gravel_Tile_0,Tile_0,3,231,186.672,0.238688,0.244825,86.409,255,45.0928,5.18317,231,0.272361,0.238688,0.255173,0.244825,60.3561,231,0.237689,0.238688,0.243803,0.244825,51.1817,231,0.241076,0.238688,0.23394,0.244825,52.8859,231,0.228286,0.238688,0.226301,0.244825,50.3218,231,0.216122,0.238688,0.224074,0.244825,46.1407,231,0.101318,0.238688,0.108143,0.244825,17.6258,231,0.101318,0.238688,0.108143,0.244825,17.6258
outdoor_gravel_Tile_0,Tile_0,4,233,184.547,0.255343,0.265853,63.164,255,47.7032,5.14235,233,0.292593,0.255343,0.275959,0.265853,64.0629,233,0.253605,0.255343,0.263878,0.265853,53.9949,233,0.260758,0.255343,0.255697,0.265853,56.5126,233,0.249616,0.255343,0.251484,0.265853,54.2907,233,0.232388,0.255343,0.245378,0.265853,49.018,233,0.109145,0.255343,0.118128,0.265853,18.6763,233,0.109145,0.255343,0.118128,0.265853,18.6763
outdoor_gravel_Tile_0,Tile_0,5,213,182.841,0.252556,0.265224,86.417,255,46.8646,5.13074,213,0.264469,0.252556,0.253393,0.265224,56.8877,213,0.252593,0.252556,0.265029,0.265224,53.4628,213,0.249321,0.252556,0.244669,0.265224,53.704,213,0.237168,0.252556,0.235266,0.265224,51.0547,213,0.231183,0.252556,0.245401,0.265224,48.5339,213,0.128289,0.252556,0.133498,0.265224,21.8688,213,0.128289,0.252556,0.133498,0.265224,21.8688
outdoor_gravel_Tile_0,Tile_0,6,237,196.229,0.21788,0.235751,84.978,255,43.4163,5.11485,237,0.247744,0.21788,0.236581,0.235751,57.6676,237,0.216767,0.21788,0.234509,0.235751,49.2301,237,0.222499,0.21788,0.224393,0.235751,51.4641,237,0.208776,0.21788,0.211579,0.235751,48.496,237,0.19549,0.21788,0.213347,0.235751,44.0378,237,0.120401,0.21788,0.118314,0.235751,22.0959,237,0.120401,0.21788,0.118314,0.235751,22.0959
outdoor_gravel_Tile_0,Tile_0,7,226,174.51,0.287067,0.298567,76.854,255,50.5838,4.94587,226,0.301711,0.287067,0.292137,0.298567,61.8781,226,0.287032,0.287067,0.298752,0.298567,57.6761,226,0.286966,0.287067,0.284512,0.298567,58.8271,226,0.279294,0.287067,0.285859,0.298567,57.3005,226,0.26633,0.287067,0.28039,0.298567,53.0443,226,0.149129,0.287067,0.157304,0.298567,24.3476,226,0.149129,0.287067,0.157304,0.298567,24.3476
outdoor_gravel_Tile_0,Tile_0,8,221,188.551,0.232195,0.258338,70.271,255,44.9449,5.08403,221,0.242654,0.232195,0.241519,0.258338,54.4697,221,0.232138,0.232195,0.258912,0.258338,51.2496,221,0.229145,0.232195,0.236092,0.258338,51.5487,221,0.219287,0.232195,0.228619,0.258338,49.3158,221,0.214977,0.232195,0.243974,0.258338,47.1894,221,0.153466,0.232195,0.155484,0.258338,27.3673,221,0.153466,0.232195,0.155484,0.258338,27.3673
outdoor_gravel_Tile_0,Tile_0,9,209,188.177,0.26157,0.282812,78.271,255,49.4795,4.86073,209,0.281112,0.26157,0.274634,0.282812,64.6357,209,0.260589,0.26157,0.282795,0.282812,56.3831,209,0.258405,0.26157,0.269436,0.282812,58.3103,209,0.249839,0.26157,0.266303,0.282812,56.393,209,0.240556,0.26157,0.263784,0.282812,51.4663,209,0.125105,0.26157,0.127509,0.282812,22.5764,209,0.125105,0.26157,0.127509,0.282812,22.5764
outdoor_gravel_Tile_0,Tile_0,10,213,183.496,0.278534,0.318325,56.349,255,51.4166,4.69055,213,0.291524,0.278534,0.301897,0.318325,64.3459,213,0.278086,0.278534,0.318317,0.318325,58.6715,213,0.278649,0.278534,0.309234,0.318325,60.9258,213,0.270998,0.278534,0.313743,0.318325,59.3138,213,0.253596,0.278534,0.297477,0.318325,53.0969,213,0.156813,0.278534,0.175201,0.318325,27.1992,213,0.156813,0.278534,0.175201,0.318325,27.1992
outdoor_gravel_Tile_0,Tile_0,11,221,178.853,0.25789,0.268802,68.05,255,46.5317,4.75296,221,0.262376,0.25789,0.247191,0.268802,56.5547,221,0.257667,0.25789,0.268646,0.268802,53.1367,221,0.249125,0.25789,0.245962,0.268802,53.3449,221,0.240418,0.25789,0.241348,0.268802,51.4002,221,0.23126,0.25789,0.246183,0.268802,47.4851,221,0.121425,0.25789,0.123325,0.268802,21.1054,221,0.121425,0.25789,0.123325,0.268802,21.1054
outdoor_gravel_Tile_0,Tile_0,12,220,185.336,0.240852,0.251743,72.056,255,45.0779,4.67337,220,0.249903,0.240852,0.239425,0.251743,55.8541,220,0.241057,0.240852,0.251862,0.251743,51.5776,220,0.235764,0.240852,0.23528,0.251743,52.4437,220,0.228207,0.240852,0.232921,0.251743,50.5136,220,0.215115,0.240852,0.229527,0.251743,45.806,220,0.111372,0.240852,0.116697,0.251743,20.0438,220,0.111372,0.240852,0.116697,0.251743,20.0438
outdoor_gravel_Tile_0,Tile_0,13,227,183.978,0.250572,0.262576,71.039,255,46.3754,4.93919,227,0.273523,0.250572,0.262252,0.262576,60.4695,227,0.248815,0.250572,0.26126,0.262576,52.5677,227,0.245373,0.250572,0.243778,0.262576,53.4976,227,0.234031,0.250572,0.234339,0.262576,51.0674,227,0.225783,0.250572,0.24061,0.262576,47.3703,227,0.12882,0.250572,0.131494,0.262576,22.172,227,0.12882,0.250572,0.131494,0.262576,22.172
outdoor_gravel_Tile_0,Tile_0,14,226,193.777,0.219783,0.230238,97.852,255,43.3598,5.05606,226,0.263426,0.219783,0.247996,0.230238,60.892,226,0.219171,0.219783,0.229442,0.230238,49.3119,226,0.227702,0.219783,0.225833,0.230238,52.3636,226,0.220411,0.219783,0.221334,0.230238,50.8303,226,0.198156,0.219783,0.207938,0.230238,44.2326,226,0.111119,0.219783,0.114264,0.230238,20.0569,226,0.111119,0.219783,0.114264,0.230238,20.0569
outdoor_gravel_Tile_0,Tile_0,15,235,186.491,0.244352,0.259102,47.57,255,46.5871,5.07915,235,0.282496,0.244352,0.266959,0.259102,63.4012,235,0.24335,0.244352,0.258496,0.259102,52.9059,235,0.249188,0.244352,0.249777,0.259102,55.411,235,0.234107,0.244352,0.235586,0.259102,52.3097,235,0.221328,0.244352,0.238499,0.259102,47.8356,235,0.150998,0.244352,0.145827,0.259102,27.0874,235,0.150998,0.244352,0.145827,0.259102,27.0874
outdoor_gravel_Tile_0,Tile_0,16,223,190.691,0.224373,0.237029,101.39,255,43.3206,4.81521,223,0.238079,0.224373,0.225127,0.237029,54.03,223,0.224608,0.224373,0.237035,0.237029,49.5087,223,0.222352,0.224373,0.218264,0.237029,50.4124,223,0.207946,0.224373,0.204129,0.237029,46.92,223,0.198453,0.224373,0.211455,0.237029,43.4875,223,0.136366,0.224373,0.13018,0.237029,24.7728,223,0.136366,0.224373,0.13018,0.237029,24.7728
outdoor_gravel_Tile_0,Tile_0,17,214,192.663,0.210832,0.222663,94.906,255,41.0923,5.09652,214,0.230148,0.210832,0.221287,0.222663,52.7159,214,0.211713,0.210832,0.224411,0.222663,47.1281,214,0.21113,0.210832,0.210106,0.222663,48.3703,214,0.202548,0.210832,0.204765,0.222663,46.3162,214,0.188366,0.210832,0.202225,0.222663,41.6445,214,0.113017,0.210832,0.114095,0.222663,20.3287,214,0.113017,0.210832,0.114095,0.222663,20.3287
outdoor_gravel_Tile_0,Tile_0,18,218,184.233,0.223654,0.231226,77.826,255,41.6253,4.81166,218,0.240082,0.223654,0.22907,0.231226,52.6875,218,0.223645,0.223654,0.230167,0.231226,47.5039,218,0.228031,0.223654,0.223589,0.231226,50.0812,218,0.213864,0.223654,0.209353,0.231226,46.7338,218,0.198273,0.223654,0.208473,0.231226,41.8702,218,0.12182,0.223654,0.126565,0.231226,21.3954,218,0.12182,0.223654,0.126565,0.231226,21.3954
outdoor_gravel_Tile_0,Tile_0,19,224,184.074,0.243747,0.25608,78.039,255,45.4004,4.81228,224,0.255906,0.243747,0.248946,0.25608,55.9522,224,0.244749,0.243747,0.256729,0.25608,52.0271,224,0.246504,0.243747,0.24943,0.25608,53.9597,224,0.23902,0.243747,0.247894,0.25608,52.1127,224,0.219413,0.243747,0.234562,0.25608,46.3411,224,0.11131,0.243747,0.118505,0.25608,19.8077,224,0.11131,0.243747,0.118505,0.25608,19.8077
outdoor_gravel_Tile_0,Tile_0,20,217,186.823,0.228156,0.237433,78.886,255,43.1528,4.83872,217,0.241594,0.228156,0.232837,0.237433,53.4596,217,0.228922,0.228156,0.237674,0.237433,49.4168,217,0.230675,0.228156,0.22895,0.237433,51.2326,217,0.221702,0.228156,0.223501,0.237433,49.0574,217,0.20425,0.228156,0.217084,0.237433,43.8381,217,0.104298,0.228156,0.110312,0.237433,18.7286,217,0.104298,0.228156,0.110312,0.237433,18.7286
outdoor_gravel_Tile_0,Tile_0,21,237,196.946,0.211942,0.225272,82.893,255,42.2926,5.04864,237,0.241883,0.211942,0.227165,0.225272,56.5664,237,0.211179,0.211942,0.224359,0.225272,48.0494,237,0.216707,0.211942,0.215134,0.225272,50.2857,237,0.201964,0.211942,0.20308,0.225272,47.1176,237,0.189356,0.211942,0.203708,0.225272,42.7917,237,0.10823,0.211942,0.104711,0.225272,20.0736,237,0.10823,0.211942,0.104711,0.225272,20.0736
outdoor_gravel_Tile_0,Tile_0,22,219,183.502,0.22239,0.228915,81.794,255,41.4291,4.72226,219,0.237305,0.22239,0.22325,0.228915,52.0577,219,0.22335,0.22239,0.228903,0.228915,47.5041,219,0.226531,0.22239,0.221909,0.228915,49.938,219,0.216916,0.22239,0.215491,0.228915,47.6037,219,0.196771,0.22239,0.205571,0.228915,41.6697,219,0.0981696,0.22239,0.100497,0.228915,17.6262,219,0.0981696,0.22239,0.100497,0.228915,17.6262
outdoor_gravel_Tile_0,Tile_0,23,229,183.517,0.262312,0.271352,84.772,255,48.6192,5.03359,229,0.289835,0.262312,0.279106,0.271352,62.9456,229,0.260808,0.262312,0.269953,0.271352,55.1176,229,0.263011,0.262312,0.260378,0.271352,56.6926,229,0.253374,0.262312,0.25603,0.271352,54.7589,229,0.238651,0.262312,0.249995,0.271352,49.9912,229,0.1292,0.262312,0.134333,0.271352,21.8738,229,0.1292,0.262312,0.134333,0.271352,21.8738
outdoor_gravel_Tile_0,Tile_0,24,215,186.506,0.203996,0.205738,103,255,38.7185,4.66416,215,0.21964,0.203996,0.203023,0.205738,49.1564,215,0.20504,0.203996,0.206362,0.205738,44.4436,215,0.207037,0.203996,0.195903,0.205738,46.4703,215,0.193868,0.203996,0.183456,0.205738,43.3487,215,0.178679,0.203996,0.182657,0.205738,38.5867,215,0.108656,0.203996,0.106563,0.205738,19.7688,215,0.108656,0.203996,0.106563,0.205738,19.7688
outdoor_gravel_Tile_0,Tile_0,25,237,187.783,0.243707,0.260823,63.555,255,46.207,5.01481,237,0.273104,0.243707,0.258163,0.260823,60.5986,237,0.242301,0.243707,0.259234,0.260823,52.366,237,0.246119,0.243707,0.249568,0.260823,54.2479,237,0.234412,0.243707,0.245364,0.260823,51.934,237,0.21988,0.243707,0.238064,0.260823,47.1225,237,0.0983399,0.243707,0.106906,0.260823,17.4199,237,0.0983399,0.243707,0.106906,0.260823,17.4199
outdoor_gravel_Tile_0,Tile_0,26,227,186.183,0.235604,0.248267,74.082,255,44.5156,4.99207,227,0.269391,0.235604,0.261769,0.248267,59.083,227,0.234806,0.235604,0.247128,0.248267,50.5796,227,0.243924,0.235604,0.243711,0.248267,53.4448,227,0.233924,0.235604,0.237352,0.248267,51.3448,227,0.212368,0.235604,0.227673,0.248267,45.4218,227,0.120278,0.235604,0.125889,0.248267,21.018,227,0.120278,0.235604,0.125889,0.248267,21.018
outdoor_gravel_Tile_0,Tile_0,27,234,194.127,0.220597,0.241546,54.164,255,43.2737,5.07464,234,0.255343,0.220597,0.250884,0.241546,58.631,234,0.219059,0.220597,0.239506,0.241546,48.9787,234,0.224977,0.220597,0.231978,0.241546,51.3137,234,0.21343,0.220597,0.223642,0.241546,48.8747,234,0.198901,0.220597,0.220405,0.241546,44.1172,234,0.118534,0.220597,0.128907,0.241546,21.2654,234,0.118534,0.220597,0.128907,0.241546,21.2654
outdoor_gravel_Tile_0,Tile_0,28,231,188.941,0.246747,0.264409,81.94,255,46.9904,5.02148,231,0.275052,0.246747,0.266184,0.264409,61.2016,231,0.245688,0.246747,0.26315,0.264409,53.3414,231,0.251422,0.246747,0.256659,0.264409,55.6789,231,0.247158,0.246747,0.258985,0.264409,54.9258,231,0.225009,0.246747,0.242057,0.264409,48.4193,231,0.129616,0.246747,0.134013,0.264409,22.5545,231,0.129616,0.246747,0.134013,0.264409,22.5545
outdoor_gravel_Tile_0,Tile_0,29,210,178.291,0.24526,0.248634,79,255,44.187,4.96379,210,0.248307,0.24526,0.238572,0.248634,52.4319,210,0.244973,0.24526,0.247813,0.248634,50.3739,210,0.241439,0.24526,0.232893,0.248634,51.021,210,0.233728,0.24526,0.230714,0.248634,49.1744,210,0.222385,0.24526,0.230076,0.248634,45.4208,210,0.124992,0.24526,0.134983,0.248634,20.8348,210,0.124992,0.24526,0.134983,0.248634,20.8348
outdoor_gravel_Tile_0,Tile_0,30,208,179.483,0.241736,0.254178,76.153,255,43.8479,4.73572,208,0.247246,0.241736,0.241933,0.254178,52.7736,208,0.24135,0.241736,0.25245,0.254178,49.9827,208,0.240286,0.241736,0.241848,0.254178,51.3665,208,0.227099,0.241736,0.230091,0.254178,48.2831,208,0.218258,0.241736,0.233527,0.254178,44.8864,208,0.127277,0.241736,0.13695,0.254178,21.6307,208,0.127277,0.241736,0.13695,0.254178,21.6307
outdoor_gravel_Tile_0,Tile_0,31,190,186.83,0.238318,0.243537,95.613,255,44.6361,4.8563,190,0.245833,0.238318,0.225937,0.243537,55.9655,190,0.238149,0.238318,0.244844,0.243537,51.0972,190,0.231516,0.238318,0.222325,0.243537,52.1894,190,0.222109,0.238318,0.214183,0.243537,49.8581,190,0.214211,0.238318,0.224069,0.243537,45.4484,190,0.104726,0.238318,0.105155,0.243537,18.9432,190,0.104726,0.238318,0.105155,0.243537,18.9432
outdoor_gravel_Tile_0,Tile_0,32,206,178.563,0.275974,0.285115,77.168,255,49.2949,5.03211,206,0.290199,0.275974,0.272674,0.285115,62.798,206,0.274848,0.275974,0.284652,0.285115,56.1869,206,0.27263,0.275974,0.271447,0.285115,58.3116,206,0.258868,0.275974,0.263835,0.285115,55.2866,206,0.249833,0.275974,0.26489,0.285115,50.578,206,0.124112,0.275974,0.124023,0.285115,21.4696,206,0.124112,0.275974,0.124023,0.285115,21.4696
outdoor_gravel_Tile_0,Tile_0,33,193,182.155,0.254853,0.261323,73.794,255,46.4845,4.79352,193,0.262559,0.254853,0.240966,0.261323,58.2192,193,0.255253,0.254853,0.262449,0.261323,53.3348,193,0.249466,0.254853,0.242731,0.261323,54.8346,193,0.241279,0.254853,0.236648,0.261323,52.7253,193,0.232421,0.254853,0.245307,0.261323,48.0421,193,0.0984646,0.254853,0.0985343,0.261323,17.6398,193,0.0984646,0.254853,0.0985343,0.261323,17.6398
outdoor_gravel_Tile_0,Tile_0,34,189,180.984,0.272673,0.284708,64.762,255,49.42,4.96045,189,0.275088,0.272673,0.261368,0.284708,60.2778,189,0.271831,0.272673,0.285355,0.284708,56.4492,189,0.261222,0.272673,0.258475,0.284708,56.6433,189,0.250811,0.272673,0.252892,0.284708,54.2566,189,0.245894,0.272673,0.26271,0.284708,50.4919,189,0.117737,0.272673,0.126028,0.284708,20.4703,189,0.117737,0.272673,0.126028,0.284708,20.4703
outdoor_gravel_Tile_0,Tile_0,35,196,181.16,0.257526,0.262077,67.31,255,46.8449,4.84816,196,0.256515,0.257526,0.236113,0.262077,56.3572,196,0.256666,0.257526,0.261949,0.262077,53.4545,196,0.247128,0.257526,0.240061,0.262077,53.9097,196,0.238488,0.257526,0.235076,0.262077,51.8586,196,0.232309,0.257526,0.242395,0.262077,47.9078,196,0.113436,0.257526,0.117829,0.262077,20.1406,196,0.113436,0.257526,0.117829,0.262077,20.1406
outdoor_gravel_Tile_0,Tile_0,36,197,172.953,0.289578,0.302215,66.168,255,50.1875,4.71579,197,0.299187,0.289578,0.290172,0.302215,62.969,197,0.289892,0.289578,0.303604,0.302215,57.5645,197,0.287142,0.289578,0.290209,0.302215,60.0213,197,0.277574,0.289578,0.283817,0.302215,57.6287,197,0.268053,0.289578,0.288545,0.302215,52.7073,197,0.150163,0.289578,0.160558,0.302215,25.1284,197,0.150163,0.289578,0.160558,0.302215,25.1284
outdoor_gravel_Tile_0,Tile_0,37,204,186.84,0.2573,0.266678,96.553,255,48.3051,5.05636,204,0.26871,0.2573,0.251687,0.266678,60.9821,204,0.255598,0.2573,0.266531,0.266678,54.897,204,0.25056,0.2573,0.246691,0.266678,56.0969,204,0.241434,0.2573,0.241818,0.266678,53.9815,204,0.232065,0.2573,0.245464,0.266678,49.345,204,0.108703,0.2573,0.111147,0.266678,19.7087,204,0.108703,0.2573,0.111147,0.266678,19.7087
outdoor_gravel_Tile_0,Tile_0,38,199,185.65,0.241283,0.247658,73.153,255,45.0844,4.80811,199,0.243936,0.241283,0.227113,0.247658,55.2829,199,0.240722,0.241283,0.247473,0.247658,51.4978,199,0.237339,0.241283,0.233213,0.247658,53.2951,199,0.227368,0.241283,0.224162,0.247658,50.8468,199,0.217098,0.241283,0.229535,0.247658,46.049,199,0.115257,0.241283,0.116704,0.247658,21.3228,199,0.115257,0.241283,0.116704,0.247658,21.3228
outdoor_gravel_Tile_0,Tile_0,39,198,176.667,0.268012,0.265697,78.007,255,47.6224,4.78945,198,0.271213,0.268012,0.248985,0.265697,58.29,198,0.267261,0.268012,0.265456,0.265697,54.3756,198,0.263104,0.268012,0.250876,0.265697,56.0993,198,0.25215,0.268012,0.244642,0.265697,53.5421,198,0.24213,0.268012,0.24594,0.265697,48.7689,198,0.116876,0.268012,0.116969,0.265697,20.5252,198,0.116876,0.268012,0.116969,0.265697,20.5252
outdoor_gravel_Tile_0,Tile_0,40,210,178.883,0.273967,0.291198,56.039,255,49.1927,4.92136,210,0.278115,0.273967,0.271344,0.291198,60.4592,210,0.273458,0.273967,0.291846,0.291198,56.2245,210,0.264373,0.273967,0.268889,0.291198,56.8147,210,0.253474,0.273967,0.263127,0.291198,54.3107,210,0.249019,0.273967,0.27493,0.291198,50.8967,210,0.134622,0.273967,0.14289,0.291198,23.4792,210,0.134622,0.273967,0.14289,0.291198,23.4792
outdoor_gravel_Tile_0,Tile_0,41,203,186.926,0.246818,0.261603,80.022,255,46.3209,4.78212,203,0.248653,0.246818,0.236706,0.261603,56.4749,203,0.246616,0.246818,0.261652,0.261603,53.0059,203,0.24093,0.246818,0.243011,0.261603,54.2492,203,0.238676,0.246818,0.24653,0.261603,53.5955,203,0.221973,0.246818,0.241126,0.261603,47.3356,203,0.110879,0.246818,0.111869,0.261603,20.3351,203,0.110879,0.246818,0.111869,0.261603,20.3351
outdoor_gravel_Tile_0,Tile_0,42,205,178.991,0.248727,0.250722,93.844,255,44.9118,4.71482,205,0.25249,0.248727,0.231711,0.250722,55.361,205,0.249504,0.248727,0.252767,0.250722,51.6007,205,0.246015,0.248727,0.239867,0.250722,53.6296,205,0.235614,0.248727,0.232921,0.250722,51.0634,205,0.225493,0.248727,0.236225,0.250722,46.4402,205,0.120898,0.248727,0.126848,0.250722,21.6534,205,0.120898,0.248727,0.126848,0.250722,21.6534
outdoor_gravel_Tile_0,Tile_0,43,212,184.397,0.259312,0.272415,54.484,255,48.1139,5.03476,212,0.282788,0.259312,0.268598,0.272415,63.7251,212,0.256618,0.259312,0.269762,0.272415,54.4566,212,0.25411,0.259312,0.253599,0.272415,56.2509,212,0.243578,0.259312,0.247999,0.272415,53.991,212,0.228992,0.259312,0.24588,0.272415,48.1933,212,0.12924,0.259312,0.13073,0.272415,22.8646,212,0.12924,0.259312,0.13073,0.272415,22.8646
outdoor_gravel_Tile_0,Tile_0,44,201,178.898,0.261718,0.264084,71.712,255,47.0042,4.86312,201,0.265569,0.261718,0.241879,0.264084,57.4699,201,0.260668,0.261718,0.263563,0.264084,53.5982,201,0.250783,0.261718,0.23823,0.264084,53.8987,201,0.240024,0.261718,0.232291,0.264084,51.4511,201,0.231065,0.261718,0.23702,0.264084,47.1418,201,0.105007,0.261718,0.108081,0.264084,18.2358,201,0.105007,0.261718,0.108081,0.264084,18.2358
outdoor_gravel_Tile_0,Tile_0,45,204,178.054,0.252335,0.253518,75.179,255,45.1784,4.77461,204,0.259376,0.252335,0.236983,0.253518,56.2233,204,0.251794,0.252335,0.253408,0.253518,51.6149,204,0.246463,0.252335,0.236894,0.253518,53.1528,204,0.236668,0.252335,0.231651,0.253518,50.8031,204,0.228456,0.252335,0.236341,0.253518,46.5352,204,0.115382,0.252335,0.119692,0.253518,20.1997,204,0.115382,0.252335,0.119692,0.253518,20.1997
outdoor_gravel_Tile_0,Tile_0,46,212,176.005,0.264716,0.265252,96.869,255,46.8298,4.72668,212,0.271841,0.264716,0.248408,0.265252,58.2918,212,0.264643,0.264716,0.266285,0.265252,53.6106,212,0.256522,0.264716,0.244652,0.265252,54.6185,212,0.247399,0.264716,0.237146,0.265252,52.4172,212,0.24095,0.264716,0.248272,0.265252,48.5122,212,0.135332,0.264716,0.134287,0.265252,23.4208,212,0.135332,0.264716,0.134287,0.265252,23.4208
outdoor_gravel_Tile_0,Tile_0,47,214,181.222,0.27262,0.285542,58.794,255,49.6896,4.97149,214,0.281454,0.27262,0.266005,0.285542,62.0697,214,0.271113,0.27262,0.284798,0.285542,56.5325,214,0.263678,0.27262,0.265166,0.285542,57.3891,214,0.252264,0.27262,0.257775,0.285542,54.8923,214,0.24503,0.27262,0.263532,0.285542,50.7451,214,0.121834,0.27262,0.13103,0.285542,21.5917,214,0.121834,0.27262,0.13103,0.285542,21.5917
outdoor_gravel_Tile_0,Tile_0,48,202,181.561,0.271873,0.282887,73.772,255,49.4936,4.9577,202,0.295673,0.271873,0.280244,0.282887,65.2213,202,0.270915,0.271873,0.282641,0.282887,56.438,202,0.267277,0.271873,0.265677,0.282887,58.0898,202,0.256698,0.271873,0.259651,0.282887,55.8307,202,0.244706,0.271873,0.26031,0.282887,50.5686,202,0.126246,0.271873,0.132028,0.282887,21.6593,202,0.126246,0.271873,0.132028,0.282887,21.6593
outdoor_gravel_Tile_0,Tile_0,49,211,182.524,0.244422,0.246584,87.246,255,44.7348,4.86658,211,0.258386,0.244422,0.240014,0.246584,57.2746,211,0.243967,0.244422,0.246792,0.246584,51.1084,211,0.240174,0.244422,0.229875,0.246584,52.6165,211,0.232219,0.244422,0.224574,0.246584,50.8233,211,0.216811,0.244422,0.224115,0.246584,45.2244,211,0.113648,0.244422,0.115674,0.246584,20.2135,211,0.113648,0.244422,0.115674,0.246584,20.2135
outdoor_gravel_Tile_0,Tile_0,50,218,161.958,0.347199,0.353811,55.794,255,56.2171,4.80528,218,0.34607,0.347199,0.335387,0.353811,67.7443,218,0.345706,0.347199,0.351654,0.353811,64.0362,218,0.335382,0.347199,0.333334,0.353811,64.9333,218,0.320126,0.347199,0.322392,0.353811,61.7533,218,0.314717,0.347199,0.324841,0.353811,57.8499,218,0.199578,0.347199,0.21361,0.353811,30.8842,218,0.199578,0.347199,0.21361,0.353811,30.8842
outdoor_gravel_Tile_0,Tile_0,51,212,181.458,0.272799,0.274954,90.196,255,49.6825,4.94868,212,0.287351,0.272799,0.263674,0.274954,63.3758,212,0.271246,0.272799,0.274768,0.274954,56.4917,212,0.2653,0.272799,0.255329,0.274954,57.5612,212,0.252141,0.272799,0.246847,0.274954,54.7084,212,0.244078,0.272799,0.250247,0.274954,50.4049,212,0.110906,0.272799,0.112886,0.274954,19.382,212,0.110906,0.272799,0.112886,0.274954,19.382
outdoor_gravel_Tile_0,Tile_0,52,217,173.619,0.284677,0.307747,51.626,255,49.6023,4.73278,217,0.295262,0.284677,0.291658,0.307747,62.1325,217,0.284875,0.284677,0.308192,0.307747,56.8139,217,0.283258,0.284677,0.299438,0.307747,59.3323,217,0.272034,0.284677,0.294528,0.307747,56.7683,217,0.261079,0.284677,0.292347,0.307747,51.85,217,0.152263,0.284677,0.16849,0.307747,25.6628,217,0.152263,0.284677,0.16849,0.307747,25.6628
outdoor_gravel_Tile_0,Tile_0,53,211,174.595,0.280284,0.292946,63.869,255,49.1687,4.76059,211,0.292627,0.280284,0.283229,0.292946,61.8493,211,0.280155,0.280284,0.293382,0.292946,56.2584,211,0.276222,0.280284,0.279641,0.292946,58.249,211,0.265398,0.280284,0.273468,0.292946,55.759,211,0.253332,0.280284,0.2714,0.292946,50.6347,211,0.137634,0.280284,0.150232,0.292946,23.3174,211,0.137634,0.280284,0.150232,0.292946,23.3174
outdoor_gravel_Tile_0,Tile_0,54,209,185.876,0.25173,0.262283,68.327,255,46.9295,4.91267,209,0.268628,0.25173,0.252524,0.262283,60.9164,209,0.24949,0.25173,0.260366,0.262283,53.1859,209,0.243008,0.25173,0.240027,0.262283,54.0296,209,0.235213,0.25173,0.236883,0.262283,52.2989,209,0.225463,0.25173,0.239356,0.262283,47.6912,209,0.110039,0.25173,0.109496,0.262283,19.7353,209,0.110039,0.25173,0.109496,0.262283,19.7353
outdoor_gravel_Tile_0,Tile_0,55,214,183.655,0.248551,0.261671,49.581,255,45.8191,4.7764,214,0.256234,0.248551,0.242602,0.261671,56.7323,214,0.247918,0.248551,0.261054,0.261671,52.2895,214,0.246607,0.248551,0.247088,0.261671,54.3368,214,0.235587,0.248551,0.239336,0.261671,51.8546,214,0.222023,0.248551,0.242164,0.261671,46.6,214,0.126849,0.248551,0.131515,0.261671,22.7723,214,0.126849,0.248551,0.131515,0.261671,22.7723
outdoor_gravel_Tile_0,Tile_0,56,210,183.193,0.248593,0.253415,84.071,255,45.7351,4.79528,210,0.260657,0.248593,0.241958,0.253415,57.7297,210,0.247696,0.248593,0.253129,0.253415,52.1462,210,0.245256,0.248593,0.237661,0.253415,53.7698,210,0.235856,0.248593,0.230898,0.253415,51.6649,210,0.224745,0.248593,0.234377,0.253415,46.9999,210,0.116991,0.248593,0.118644,0.253415,20.702,210,0.116991,0.248593,0.118644,0.253415,20.702
outdoor_gravel_Tile_0,Tile_0,57,196,191.348,0.243502,0.258381,92.132,255,46.7434,4.88145,196,0.262235,0.243502,0.253343,0.258381,60.9318,196,0.243204,0.243502,0.259758,0.258381,53.4474,196,0.240024,0.243502,0.24349,0.258381,54.9754,196,0.231596,0.243502,0.239551,0.258381,53.0886,196,0.216454,0.243502,0.234691,0.258381,47.1563,196,0.125656,0.243502,0.127335,0.258381,22.7853,196,0.125656,0.243502,0.127335,0.258381,22.7853
outdoor_gravel_Tile_0,Tile_0,58,201,177.088,0.281925,0.31023,46.179,255,50.0438,4.63192,201,0.287138,0.281925,0.290994,0.31023,61.4985,201,0.282442,0.281925,0.310999,0.31023,57.4039,201,0.27844,0.281925,0.297275,0.31023,59.4891,201,0.266323,0.281925,0.290714,0.31023,56.6715,201,0.257904,0.281925,0.29374,0.31023,52.075,201,0.161577,0.281925,0.183088,0.31023,27.507,201,0.161577,0.281925,0.183088,0.31023,27.507
outdoor_gravel_Tile_0,Tile_0,59,209,184.637,0.259185,0.259016,94.082,255,48.0736,4.89612,209,0.284486,0.259185,0.257,0.259016,63.9495,209,0.256926,0.259185,0.25793,0.259016,54.4871,209,0.255239,0.259185,0.24226,0.259016,56.3641,209,0.241946,0.259185,0.229681,0.259016,53.3862,209,0.230622,0.259185,0.233815,0.259016,48.4235,209,0.0998221,0.259185,0.0998424,0.259016,17.5464,209,0.0998221,0.259185,0.0998424,0.259016,17.5464
outdoor_gravel_Tile_0,Tile_0,60,210,179.474,0.240164,0.236328,105.452,255,43.4121,4.6543,210,0.245117,0.240164,0.215689,0.236328,53.6466,210,0.240308,0.240164,0.236788,0.236328,49.7099,210,0.235606,0.240164,0.218083,0.236328,51.267,210,0.229752,0.240164,0.216559,0.236328,49.8222,210,0.210063,0.240164,0.209844,0.236328,43.2636,210,0.0935034,0.240164,0.0940238,0.236328,16.9517,210,0.0935034,0.240164,0.0940238,0.236328,16.9517
outdoor_gravel_Tile_0,Tile_0,61,212,180.678,0.240345,0.243119,75.908,255,43.7763,4.63853,212,0.243074,0.240345,0.221657,0.243119,53.3351,212,0.240556,0.240345,0.243434,0.243119,50.1529,212,0.234813,0.240345,0.22496,0.243119,51.4057,212,0.227793,0.240345,0.222029,0.243119,49.6012,212,0.211123,0.240345,0.221515,0.243119,43.9089,212,0.102637,0.240345,0.104959,0.243119,18.6241,212,0.102637,0.240345,0.104959,0.243119,18.6241
outdoor_gravel_Tile_0,Tile_0,62,211,179.014,0.244667,0.240895,84.228,255,44.0525,4.66144,211,0.253322,0.244667,0.226744,0.240895,55.2928,211,0.245072,0.244667,0.241761,0.240895,50.5225,211,0.240925,0.244667,0.225761,0.240895,52.223,211,0.228022,0.244667,0.214803,0.240895,49.2355,211,0.214938,0.244667,0.217649,0.240895,44.2004,211,0.0983778,0.244667,0.100004,0.240895,17.5222,211,0.0983778,0.244667,0.100004,0.240895,17.5222
outdoor_gravel_Tile_0,Tile_0,63,202,187.081,0.224109,0.231071,84.153,255,42.1534,4.58802,202,0.228781,0.224109,0.211572,0.231071,52.1051,202,0.224097,0.224109,0.231221,0.231071,48.2636,202,0.217607,0.224109,0.212992,0.231071,49.3229,202,0.2089,0.224109,0.206636,0.231071,47.0049,202,0.197831,0.224109,0.212172,0.231071,42.3971,202,0.0913167,0.224109,0.0927877,0.231071,16.849,202,0.0913167,0.224109,0.0927877,0.231071,16.849
outdoor_gravel_Tile_0,Tile_0,64,206,176.905,0.260738,0.263231,70.153,255,46.3193,4.50218,206,0.273861,0.260738,0.256281,0.263231,58.7971,206,0.26069,0.260738,0.263196,0.263231,52.9979,206,0.264356,0.260738,0.258828,0.263231,56.3988,206,0.253089,0.260738,0.251516,0.263231,53.5964,206,0.234866,0.260738,0.244188,0.263231,47.442,206,0.125157,0.260738,0.12816,0.263231,21.5971,206,0.125157,0.260738,0.12816,0.263231,21.5971
outdoor_gravel_Tile_0,Tile_0,65,217,185.777,0.242172,0.266936,50.172,255,45.2408,4.6116,217,0.241248,0.242172,0.240829,0.266936,54.1486,217,0.243001,0.242172,0.26853,0.266936,51.942,217,0.232621,0.242172,0.242694,0.266936,51.9831,217,0.224933,0.242172,0.237491,0.266936,50.0446,217,0.217884,0.242172,0.248035,0.266936,46.3577,217,0.135484,0.242172,0.144827,0.266936,24.5278,217,0.135484,0.242172,0.144827,0.266936,24.5278
outdoor_gravel_Tile_0,Tile_0,66,198,182.569,0.251203,0.278988,43.25,255,46.1266,4.54784,198,0.260625,0.251203,0.262443,0.278988,57.8041,198,0.252696,0.251203,0.281033,0.278988,53.1352,198,0.254617,0.251203,0.273682,0.278988,56.1873,198,0.245942,0.251203,0.270305,0.278988,53.9599,198,0.233066,0.251203,0.268232,0.278988,48.703,198,0.146178,0.251203,0.164371,0.278988,25.6865,198,0.146178,0.251203,0.164371,0.278988,25.6865
outdoor_gravel_Tile_0,Tile_0,67,204,183.574,0.243511,0.249929,81.088,255,45.0805,4.61017,204,0.252125,0.243511,0.234979,0.249929,56.0758,204,0.244851,0.243511,0.252082,0.249929,51.8802,204,0.240195,0.243511,0.234859,0.249929,53.2727,204,0.23279,0.243511,0.233405,0.249929,51.5295,204,0.217908,0.243511,0.22861,0.249929,45.949,204,0.117242,0.243511,0.121622,0.249929,21.0025,204,0.117242,0.243511,0.121622,0.249929,21.0025
outdoor_gravel_Tile_0,Tile_0,68,222,189.17,0.231081,0.236737,93.25,255,44.1158,4.81463,222,0.256246,0.231081,0.237892,0.236737,58.859,222,0.228846,0.231081,0.234563,0.236737,49.9241,222,0.227357,0.231081,0.222322,0.236737,51.5003,222,0.219555,0.231081,0.216196,0.236737,49.737,222,0.205705,0.231081,0.21393,0.236737,44.6216,222,0.127779,0.231081,0.127148,0.236737,22.9924,222,0.127779,0.231081,0.127148,0.236737,22.9924
outdoor_gravel_Tile_0,Tile_0,69,211,183.015,0.251896,0.254276,95.794,255,46.485,4.86786,211,0.273015,0.251896,0.250817,0.254276,60.0318,211,0.250665,0.251896,0.253975,0.254276,52.8756,211,0.249256,0.251896,0.237834,0.254276,54.3903,211,0.232647,0.251896,0.223106,0.254276,50.9419,211,0.223167,0.251896,0.229899,0.254276,46.8361,211,0.101466,0.251896,0.102968,0.254276,17.5363,211,0.101466,0.251896,0.102968,0.254276,17.5363
outdoor_gravel_Tile_0,Tile_0,70,211,190.704,0.220745,0.232926,94.766,255,42.4276,4.74562,211,0.224541,0.220745,0.212113,0.232926,51.7008,211,0.220783,0.220745,0.233804,0.232926,48.5299,211,0.212736,0.220745,0.209982,0.232926,48.6455,211,0.210044,0.220745,0.210073,0.232926,48.0192,211,0.199215,0.220745,0.21546,0.232926,43.5437,211,0.113557,0.220745,0.111631,0.232926,20.832,211,0.113557,0.220745,0.111631,0.232926,20.832
outdoor_gravel_Tile_0,Tile_0,71,221,181.156,0.25962,0.266601,59.794,255,47.4729,4.74015,221,0.278297,0.25962,0.259411,0.266601,61.1569,221,0.258336,0.25962,0.266027,0.266601,53.9864,221,0.254501,0.25962,0.248235,0.266601,55.1603,221,0.242023,0.25962,0.239756,0.266601,52.4041,221,0.23102,0.25962,0.242879,0.266601,47.9997,221,0.110329,0.25962,0.114906,0.266601,19.1842,221,0.110329,0.25962,0.114906,0.266601,19.1842
outdoor_gravel_Tile_0,Tile_0,72,208,181.189,0.250505,0.259639,59.153,255,45.7248,4.68847,208,0.252097,0.250505,0.238599,0.259639,54.8594,208,0.250335,0.250505,0.259728,0.259639,52.2385,208,0.24285,0.250505,0.237196,0.259639,52.5863,208,0.231937,0.250505,0.229552,0.259639,50.1726,208,0.223944,0.250505,0.235619,0.259639,46.4028,208,0.116755,0.250505,0.11827,0.259639,20.2946,208,0.116755,0.250505,0.11827,0.259639,20.2946
outdoor_gravel_Tile_0,Tile_0,73,215,182.242,0.259098,0.269841,70.512,255,47.6934,4.86978,215,0.278458,0.259098,0.26267,0.269841,61.4748,215,0.257716,0.259098,0.268978,0.269841,54.2177,215,0.253215,0.259098,0.25065,0.269841,55.2702,215,0.239373,0.259098,0.241553,0.269841,52.3006,215,0.230048,0.259098,0.245795,0.269841,48.1342,215,0.10625,0.259098,0.112094,0.269841,18.534,215,0.10625,0.259098,0.112094,0.269841,18.534
outdoor_gravel_Tile_0,Tile_0,74,213,188.309,0.237929,0.256693,54.673,255,45.2661,4.68987,213,0.249585,0.237929,0.24445,0.256693,56.9052,213,0.238452,0.237929,0.258077,0.256693,51.8718,213,0.238511,0.237929,0.247236,0.256693,54.0075,213,0.233408,0.237929,0.245602,0.256693,52.8433,213,0.214355,0.237929,0.237207,0.256693,46.4524,213,0.134861,0.237929,0.143157,0.256693,24.627,213,0.134861,0.237929,0.143157,0.256693,24.627
outdoor_gravel_Tile_0,Tile_0,75,223,186.074,0.234102,0.233668,95.592,255,44.0698,4.7603,223,0.256211,0.234102,0.232284,0.233668,58.0765,223,0.232499,0.234102,0.232775,0.233668,50.0136,223,0.232145,0.234102,0.221462,0.233668,51.8984,223,0.223107,0.234102,0.215333,0.233668,49.8075,223,0.206927,0.234102,0.210238,0.233668,44.3007,223,0.106824,0.234102,0.104462,0.233668,19.2067,223,0.106824,0.234102,0.104462,0.233668,19.2067
outdoor_gravel_Tile_0,Tile_0,76,222,180.051,0.2707,0.286569,67.31,255,49.17,4.7463,222,0.284456,0.2707,0.271098,0.286569,61.9718,222,0.27022,0.2707,0.286484,0.286569,56.0995,222,0.267752,0.2707,0.271406,0.286569,57.6887,222,0.260837,0.2707,0.271314,0.286569,56.161,222,0.244285,0.2707,0.264321,0.286569,50.4674,222,0.127115,0.2707,0.131465,0.286569,22.1663,222,0.127115,0.2707,0.131465,0.286569,22.1663
outdoor_gravel_Tile_0,Tile_0,77,219,178.703,0.239618,0.247002,76.299,255,43.1513,4.67903,219,0.24085,0.239618,0.230506,0.247002,52.1172,219,0.239368,0.239618,0.2465,0.247002,49.2726,219,0.234396,0.239618,0.231431,0.247002,50.4867,219,0.224855,0.239618,0.223914,0.247002,48.1751,219,0.214139,0.239618,0.226641,0.247002,43.9368,219,0.110487,0.239618,0.116003,0.247002,19.2946,219,0.110487,0.239618,0.116003,0.247002,19.2946
outdoor_gravel_Tile_0,Tile_0,78,212,180.792,0.249856,0.245684,104,255,45.6462,4.83467,212,0.269439,0.249856,0.242946,0.245684,58.9943,212,0.248369,0.249856,0.244217,0.245684,51.8555,212,0.248608,0.249856,0.232872,0.245684,54.0164,212,0.233995,0.249856,0.219767,0.245684,50.8933,212,0.220152,0.249856,0.218135,0.245684,45.7645,212,0.12413,0.249856,0.123301,0.245684,21.5799,212,0.12413,0.249856,0.123301,0.245684,21.5799
outdoor_gravel_Tile_0,Tile_0,79,228,187.757,0.232367,0.242156,79.876,255,44.077,4.83387,228,0.254597,0.232367,0.242322,0.242156,57.8437,228,0.230793,0.232367,0.240349,0.242156,50.0192,228,0.233779,0.232367,0.233614,0.242156,52.5502,228,0.226671,0.232367,0.229962,0.242156,51.0009,228,0.207742,0.232367,0.22128,0.242156,44.8748,228,0.11728,0.232367,0.120893,0.242156,21.2425,228,0.11728,0.232367,0.120893,0.242156,21.2425
outdoor_gravel_Tile_0,Tile_0,80,228,180.388,0.251268,0.252125,77.181,255,45.9386,4.81819,228,0.272306,0.251268,0.249305,0.252125,59.5887,228,0.250724,0.251268,0.251957,0.252125,52.3656,228,0.252777,0.251268,0.243126,0.252125,54.7388,228,0.241361,0.251268,0.237233,0.252125,52.3229,228,0.225328,0.251268,0.232052,0.252125,46.9333,228,0.122614,0.251268,0.124419,0.252125,21.7631,228,0.122614,0.251268,0.124419,0.252125,21.7631
outdoor_gravel_Tile_0,Tile_0,81,229,188.313,0.242718,0.256222,77.794,255,46.0709,4.90017,229,0.269393,0.242718,0.25769,0.256222,61.2986,229,0.241526,0.242718,0.255147,0.256222,52.3577,229,0.243266,0.242718,0.245028,0.256222,54.6337,229,0.238119,0.242718,0.247567,0.256222,53.5535,229,0.215916,0.242718,0.232158,0.256222,46.5704,229,0.124535,0.242718,0.128356,0.256222,22.3266,229,0.124535,0.242718,0.128356,0.256222,22.3266
outdoor_gravel_Tile_0,Tile_0,82,219,182.407,0.241123,0.246729,59.869,255,44.3247,4.70639,219,0.249187,0.241123,0.232915,0.246729,54.401,219,0.241649,0.241123,0.247586,0.246729,50.7606,219,0.239796,0.241123,0.233155,0.246729,52.2113,219,0.225895,0.241123,0.222208,0.246729,49.0621,219,0.212873,0.241123,0.222649,0.246729,44.509,219,0.1085,0.241123,0.112493,0.246729,19.4463,219,0.1085,0.241123,0.112493,0.246729,19.4463
outdoor_gravel_Tile_0,Tile_0,83,216,195.232,0.216325,0.227091,103.31,255,42.5072,4.74175,216,0.225525,0.216325,0.218052,0.227091,52.7437,216,0.214372,0.216325,0.225293,0.227091,48.1174,216,0.20939,0.216325,0.206945,0.227091,48.704,216,0.202494,0.216325,0.198704,0.227091,47.0042,216,0.192331,0.216325,0.204348,0.227091,42.9467,216,0.158275,0.216325,0.14816,0.227091,29.3458,216,0.158275,0.216325,0.14816,0.227091,29.3458
outdoor_gravel_Tile_0,Tile_0,84,223,188.768,0.246569,0.265095,68.751,255,46.8289,4.94304,223,0.275472,0.246569,0.268269,0.265095,62.4107,223,0.245173,0.246569,0.263394,0.265095,53.1618,223,0.246871,0.246569,0.252939,0.265095,55.3563,223,0.236028,0.246569,0.244506,0.265095,52.9272,223,0.21967,0.246569,0.239827,0.265095,47.3064,223,0.116808,0.246569,0.125272,0.265095,20.6404,223,0.116808,0.246569,0.125272,0.265095,20.6404
outdoor_gravel_Tile_0,Tile_0,85,212,184.375,0.257609,0.287547,45.843,255,47.626,4.75735,212,0.266141,0.257609,0.270998,0.287547,58.3916,212,0.257793,0.257609,0.287742,0.287547,54.4619,212,0.257131,0.257609,0.276701,0.287547,56.3984,212,0.247031,0.257609,0.273813,0.287547,54.036,212,0.23332,0.257609,0.26949,0.287547,48.9942,212,0.124372,0.257609,0.144977,0.287547,21.6242,212,0.124372,0.257609,0.144977,0.287547,21.6242
outdoor_gravel_Tile_0,Tile_0,86,231,191.996,0.222276,0.238408,56.271,255,43.091,4.956,231,0.250131,0.222276,0.23892,0.238408,57.913,231,0.220879,0.222276,0.237414,0.238408,48.8731,231,0.221807,0.222276,0.224298,0.238408,50.6713,231,0.210562,0.222276,0.213375,0.238408,48.1695,231,0.196547,0.222276,0.214382,0.238408,43.225,231,0.130508,0.222276,0.130419,0.238408,23.764,231,0.130508,0.222276,0.130419,0.238408,23.764
outdoor_gravel_Tile_0,Tile_0,87,227,188.509,0.233919,0.244608,53.944,255,44.5769,4.81409,227,0.250768,0.233919,0.237151,0.244608,56.9159,227,0.233719,0.233919,0.245046,0.244608,50.8704,227,0.234189,0.233919,0.231872,0.244608,52.6988,227,0.224861,0.233919,0.228485,0.244608,50.6396,227,0.207339,0.233919,0.221366,0.244608,44.8813,227,0.114059,0.233919,0.121326,0.244608,20.8928,227,0.114059,0.233919,0.121326,0.244608,20.8928
outdoor_gravel_Tile_0,Tile_0,88,225,188.392,0.229134,0.245065,57.912,255,43.6161,4.82157,225,0.241645,0.229134,0.235938,0.245065,54.6484,225,0.228503,0.229134,0.244317,0.245065,49.6609,225,0.222833,0.229134,0.224817,0.245065,50.12,225,0.216497,0.229134,0.221782,0.245065,48.6571,225,0.207048,0.229134,0.227972,0.245065,44.7948,225,0.129814,0.229134,0.140123,0.245065,23.2982,225,0.129814,0.229134,0.140123,0.245065,23.2982
outdoor_gravel_Tile_0,Tile_0,89,222,186.983,0.238126,0.252959,54.961,255,44.824,4.86538,222,0.258972,0.238126,0.246182,0.252959,58.0639,222,0.237768,0.238126,0.253119,0.252959,51.1239,222,0.236013,0.238126,0.235192,0.252959,52.3774,222,0.231687,0.238126,0.236165,0.252959,51.507,222,0.217024,0.238126,0.23618,0.252959,46.3685,222,0.119638,0.238126,0.128536,0.252959,21.1452,222,0.119638,0.238126,0.128536,0.252959,21.1452
outdoor_gravel_Tile_0,Tile_0,90,223,189.755,0.221502,0.235228,54.961,255,42.5115,4.86941,223,0.233724,0.221502,0.223388,0.235228,52.9919,223,0.221151,0.221502,0.235144,0.235228,48.4604,223,0.21533,0.221502,0.21476,0.235228,48.7972,223,0.206519,0.221502,0.206826,0.235228,46.6918,223,0.199514,0.221502,0.217511,0.235228,43.5372,223,0.12354,0.221502,0.129338,0.235228,22.3532,223,0.12354,0.221502,0.129338,0.235228,22.3532
outdoor_gravel_Tile_0,Tile_0,91,229,183.951,0.222093,0.227816,100.211,255,41.1816,4.7216,229,0.232935,0.222093,0.222923,0.227816,51.4189,229,0.222956,0.222093,0.228962,0.227816,47.2326,229,0.219293,0.222093,0.215344,0.227816,48.3248,229,0.211634,0.222093,0.210899,0.227816,46.4374,229,0.200455,0.222093,0.211236,0.227816,42.3694,229,0.128213,0.222093,0.128742,0.227816,22.7388,229,0.128213,0.222093,0.128742,0.227816,22.7388
outdoor_gravel_Tile_0,Tile_0,92,233,191.08,0.213497,0.222574,82.957,255,41.4021,4.80571,233,0.226121,0.213497,0.217122,0.222574,52.0438,233,0.213591,0.213497,0.222043,0.222574,47.3135,233,0.209705,0.213497,0.206289,0.222574,48.1658,233,0.202935,0.213497,0.201457,0.222574,46.4675,233,0.188321,0.213497,0.199122,0.222574,41.6399,233,0.118798,0.213497,0.116707,0.222574,22.172,233,0.118798,0.213497,0.116707,0.222574,22.172
outdoor_gravel_Tile_0,Tile_0,93,226,188.302,0.224182,0.232877,80.789,255,42.6049,4.7083,226,0.231909,0.224182,0.218771,0.232877,52.0767,226,0.222971,0.224182,0.231015,0.232877,48.3836,226,0.220865,0.224182,0.217265,0.232877,49.5738,226,0.21488,0.224182,0.212584,0.232877,48.1339,226,0.198951,0.224182,0.209637,0.232877,42.9722,226,0.125121,0.224182,0.126431,0.232877,22.561,226,0.125121,0.224182,0.126431,0.232877,22.561
outdoor_gravel_Tile_0,Tile_0,94,238,189.109,0.231312,0.247463,77.699,255,44.5205,4.95262,238,0.253562,0.231312,0.242752,0.247463,58.1329,238,0.230057,0.231312,0.24653,0.247463,50.5389,238,0.227698,0.231312,0.229457,0.247463,51.5837,238,0.217868,0.231312,0.22335,0.247463,49.4324,238,0.208133,0.231312,0.22657,0.247463,45.4942,238,0.117871,0.231312,0.122419,0.247463,21.695,238,0.117871,0.231312,0.122419,0.247463,21.695
outdoor_gravel_Tile_0,Tile_0,95,237,188.474,0.243573,0.281801,42.837,255,47.0996,5.04247,237,0.264904,0.243573,0.2745,0.281801,60.6474,237,0.243216,0.243573,0.282238,0.281801,53.6659,237,0.241066,0.243573,0.260536,0.281801,54.7357,237,0.229868,0.243573,0.254908,0.281801,52.3639,237,0.223113,0.243573,0.264847,0.281801,49.0297,237,0.155885,0.243573,0.1752,0.281801,28.465,237,0.155885,0.243573,0.1752,0.281801,28.465
outdoor_gravel_Tile_0,Tile_0,96,233,189.783,0.235499,0.258891,48.734,255,45.1932,4.96553,233,0.257281,0.235499,0.250783,0.258891,58.8451,233,0.234589,0.235499,0.258531,0.258891,51.3905,233,0.230326,0.235499,0.239363,0.258891,52.0467,233,0.22087,0.235499,0.234622,0.258891,50.0305,233,0.211594,0.235499,0.237758,0.258891,46.0399,233,0.114542,0.235499,0.128774,0.258891,20.6487,233,0.114542,0.235499,0.128774,0.258891,20.6487
outdoor_gravel_Tile_0,Tile_0,97,221,183.595,0.229219,0.238623,64.271,255,42.3522,4.75262,221,0.238217,0.229219,0.227985,0.238623,52.2273,221,0.229875,0.229219,0.238831,0.238623,48.5212,221,0.224394,0.229219,0.221164,0.238623,49.1717,221,0.216445,0.229219,0.214642,0.238623,47.3106,221,0.20462,0.229219,0.218779,0.238623,43.0368,221,0.11842,0.229219,0.128054,0.238623,20.7953,221,0.11842,0.229219,0.128054,0.238623,20.7953
outdoor_gravel_Tile_0,Tile_0,98,228,191.789,0.217747,0.231775,80.125,255,42.104,4.79088,228,0.227494,0.217747,0.22099,0.231775,51.905,228,0.218168,0.217747,0.232227,0.231775,48.1582,228,0.218981,0.217747,0.220876,0.231775,49.9102,228,0.213505,0.217747,0.219103,0.231775,48.678,228,0.19919,0.217747,0.216726,0.231775,43.7494,228,0.13468,0.217747,0.133757,0.231775,24.7494,228,0.13468,0.217747,0.133757,0.231775,24.7494
outdoor_gravel_Tile_0,Tile_0,99,225,179.641,0.287881,0.324495,62.242,255,52.4835,5.00854,225,0.316221,0.287881,0.31837,0.324495,67.8982,225,0.287013,0.287881,0.323947,0.324495,59.6925,225,0.286005,0.287881,0.300245,0.324495,60.819,225,0.278393,0.287881,0.30053,0.324495,59.4751,225,0.266562,0.287881,0.299979,0.324495,54.9136,225,0.169888,0.287881,0.194977,0.324495,28.4133,225,0.169888,0.287881,0.194977,0.324495,28.4133
outdoor_gravel_Tile_0,Tile_0,100,222,190.904,0.209053,0.212134,101.022,255,40.4702,4.79133,222,0.225258,0.209053,0.207341,0.212134,51.0518,222,0.208681,0.209053,0.211684,0.212134,46.1053,222,0.212759,0.209053,0.20483,0.212134,48.3565,222,0.200564,0.209053,0.195219,0.212134,45.6014,222,0.186731,0.209053,0.193377,0.212134,41.105,222,0.124322,0.209053,0.123038,0.212134,22.8699,222,0.124322,0.209053,0.123038,0.212134,22.8699
outdoor_gravel_Tile_0,Tile_0,101,239,177.247,0.277828,0.287782,71.745,255,50.1545,5.04444,239,0.304796,0.277828,0.284233,0.287782,64.7812,239,0.275553,0.277828,0.285019,0.287782,56.7069,239,0.276662,0.277828,0.269665,0.287782,58.2234,239,0.265649,0.277828,0.263643,0.287782,56.1077,239,0.25441,0.277828,0.266272,0.287782,51.9554,239,0.147182,0.277828,0.153425,0.287782,25.0295,239,0.147182,0.277828,0.153425,0.287782,25.0295
outdoor_gravel_Tile_0,Tile_0,102,221,187.72,0.217169,0.223144,101.364,255,41.2661,4.70423,221,0.220318,0.217169,0.203068,0.223144,49.3312,221,0.216521,0.217169,0.221695,0.223144,46.9901,221,0.210376,0.217169,0.201371,0.223144,47.1447,221,0.205746,0.217169,0.200697,0.223144,45.9203,221,0.194768,0.217169,0.20389,0.223144,42.1105,221,0.105182,0.217169,0.106904,0.223144,19.208,221,0.105182,0.217169,0.106904,0.223144,19.208
outdoor_gravel_Tile_0,Tile_0,103,213,190.606,0.21534,0.225407,94.168,255,41.6043,4.78567,213,0.226968,0.21534,0.214799,0.225407,51.6836,213,0.215967,0.21534,0.225973,0.225407,47.6604,213,0.215696,0.21534,0.211725,0.225407,49.2536,213,0.20058,0.21534,0.196372,0.225407,45.5827,213,0.191991,0.21534,0.206083,0.225407,42.2468,213,0.140394,0.21534,0.137282,0.225407,25.5081,213,0.140394,0.21534,0.137282,0.225407,25.5081
outdoor_gravel_Tile_0,Tile_0,104,216,184.085,0.235642,0.247447,46.83,255,43.7922,4.82247,216,0.249163,0.235642,0.23929,0.247447,54.4161,216,0.235553,0.235642,0.24717,0.247447,49.9872,216,0.232375,0.235642,0.229122,0.247447,50.7936,216,0.221913,0.235642,0.222959,0.247447,48.357,216,0.20758,0.235642,0.223955,0.247447,43.8022,216,0.107084,0.235642,0.120067,0.247447,18.8694,216,0.107084,0.235642,0.120067,0.247447,18.8694
outdoor_gravel_Tile_0,Tile_0,105,222,180.441,0.248196,0.262515,46.83,255,45.1509,4.76151,222,0.258014,0.248196,0.250525,0.262515,55.3319,222,0.248548,0.248196,0.262702,0.262515,51.6329,222,0.248063,0.248196,0.250009,0.262515,53.1603,222,0.239622,0.248196,0.24878,0.262515,51.1819,222,0.220997,0.248196,0.239887,0.262515,45.6287,222,0.113898,0.248196,0.128392,0.262515,19.694,222,0.113898,0.248196,0.128392,0.262515,19.694
outdoor_gravel_Tile_0,Tile_0,106,233,190.346,0.241496,0.265943,54.83,255,46.5113,4.87802,233,0.251075,0.241496,0.25248,0.265943,56.5977,233,0.241588,0.241496,0.267154,0.265943,53.0913,233,0.237752,0.241496,0.250198,0.265943,53.4367,233,0.230253,0.241496,0.251866,0.265943,51.82,233,0.221225,0.241496,0.249293,0.265943,48.273,233,0.150584,0.241496,0.153281,0.265943,26.7746,233,0.150584,0.241496,0.153281,0.265943,26.7746
outdoor_gravel_Tile_0,Tile_0,107,220,186.639,0.242119,0.259793,52.83,255,45.7034,4.89457,220,0.251766,0.242119,0.243202,0.259793,55.441,220,0.2421,0.242119,0.260326,0.259793,52.1441,220,0.23869,0.242119,0.238746,0.259793,52.5476,220,0.232546,0.242119,0.240321,0.259793,51.22,220,0.219145,0.242119,0.241095,0.259793,46.8716,220,0.113497,0.242119,0.124169,0.259793,20.0267,220,0.113497,0.242119,0.124169,0.259793,20.0267
outdoor_gravel_Tile_0,Tile_0,108,229,185.081,0.242098,0.258087,73.843,255,45.1576,4.81337,229,0.24784,0.242098,0.2409,0.258087,54.1451,229,0.242231,0.242098,0.257797,0.258087,51.5553,229,0.240311,0.242098,0.243153,0.258087,52.4736,229,0.233971,0.242098,0.241516,0.258087,50.978,229,0.220725,0.242098,0.239926,0.258087,46.6488,229,0.110154,0.242098,0.114872,0.258087,19.1304,229,0.110154,0.242098,0.114872,0.258087,19.1304
outdoor_gravel_Tile_0,Tile_0,109,220,182.938,0.247886,0.254236,79.658,255,45.7617,4.87777,220,0.256538,0.247886,0.240321,0.254236,55.2934,220,0.247264,0.247886,0.25302,0.254236,52.0816,220,0.246356,0.247886,0.237191,0.254236,53.0597,220,0.235951,0.247886,0.233023,0.254236,50.753,220,0.222993,0.247886,0.232526,0.254236,46.6259,220,0.10369,0.247886,0.111885,0.254236,17.9996,220,0.10369,0.247886,0.111885,0.254236,17.9996
outdoor_gravel_Tile_0,Tile_0,110,225,176.886,0.276673,0.288305,72.228,255,49.5046,4.86527,225,0.286348,0.276673,0.271818,0.288305,59.7965,225,0.276757,0.276673,0.288119,0.288305,56.5072,225,0.27317,0.276673,0.269862,0.288305,57.0301,225,0.261039,0.276673,0.264654,0.288305,54.4935,225,0.25316,0.276673,0.268304,0.288305,51.3155,225,0.132958,0.276673,0.14326,0.288305,22.3453,225,0.132958,0.276673,0.14326,0.288305,22.3453
outdoor_gravel_Tile_0,Tile_0,111,201,179.915,0.252243,0.257267,67.071,255,45.5415,4.7858,201,0.241341,0.252243,0.228381,0.257267,52.7077,201,0.25227,0.252243,0.257577,0.257267,52.1687,201,0.241456,0.252243,0.234245,0.257267,52.4094,201,0.231847,0.252243,0.227436,0.257267,49.9954,201,0.226526,0.252243,0.237249,0.257267,46.3813,201,0.113027,0.252243,0.116297,0.257267,20.1934,201,0.113027,0.252243,0.116297,0.257267,20.1934
outdoor_gravel_Tile_0,Tile_0,112,213,180.605,0.257857,0.262795,76.136,255,46.921,4.96191,213,0.261471,0.257857,0.242263,0.262795,57.3769,213,0.256855,0.257857,0.262259,0.262795,53.5017,213,0.248694,0.257857,0.242115,0.262795,54.0795,213,0.239029,0.257857,0.238283,0.262795,51.9991,213,0.235293,0.257857,0.2457,0.262795,48.8018,213,0.122783,0.257857,0.125879,0.262795,21.8031,213,0.122783,0.257857,0.125879,0.262795,21.8031
outdoor_gravel_Tile_0,Tile_0,113,212,175.677,0.270081,0.287497,60.016,255,47.6573,4.70631,212,0.278348,0.270081,0.269889,0.287497,59.5835,212,0.270937,0.270081,0.289094,0.287497,54.7552,212,0.269863,0.270081,0.278206,0.287497,57.4701,212,0.257944,0.270081,0.273295,0.287497,54.6212,212,0.244963,0.270081,0.271785,0.287497,49.2735,212,0.144273,0.270081,0.157829,0.287497,25.0531,212,0.144273,0.270081,0.157829,0.287497,25.0531
outdoor_gravel_Tile_0,Tile_0,114,219,183.741,0.248277,0.252227,84.153,255,45.9303,4.93959,219,0.251865,0.248277,0.231757,0.252227,56.0873,219,0.247158,0.248277,0.251296,0.252227,52.3354,219,0.241627,0.248277,0.234845,0.252227,53.39,219,0.22761,0.248277,0.223533,0.252227,50.2918,219,0.218454,0.248277,0.225768,0.252227,46.0255,219,0.122696,0.248277,0.123922,0.252227,22.2348,219,0.122696,0.248277,0.123922,0.252227,22.2348
outdoor_gravel_Tile_0,Tile_0,115,216,180.087,0.261785,0.269058,75.665,255,47.4779,4.85476,216,0.267411,0.261785,0.249999,0.269058,58.3427,216,0.261003,0.261785,0.269186,0.269058,54.196,216,0.25408,0.261785,0.247889,0.269058,55.0007,216,0.241674,0.261785,0.23873,0.269058,52.2639,216,0.234828,0.261785,0.246695,0.269058,48.4114,216,0.121019,0.261785,0.125625,0.269058,21.3872,216,0.121019,0.261785,0.125625,0.269058,21.3872
outdoor_gravel_Tile_0,Tile_0,116,216,173.248,0.288242,0.295284,70.435,255,50.0194,4.82785,216,0.294882,0.288242,0.278724,0.295284,61.8054,216,0.287298,0.288242,0.294788,0.295284,57.0569,216,0.28331,0.288242,0.280672,0.295284,58.9508,216,0.27023,0.288242,0.270974,0.295284,55.9902,216,0.262143,0.288242,0.276384,0.295284,51.7878,216,0.133086,0.288242,0.140517,0.295284,22.2535,216,0.133086,0.288242,0.140517,0.295284,22.2535
outdoor_gravel_Tile_0,Tile_0,117,215,180.946,0.253326,0.280585,39.688,255,46.0022,4.70546,215,0.257403,0.253326,0.258149,0.280585,56.6324,215,0.254119,0.253326,0.281962,0.280585,52.8341,215,0.249903,0.253326,0.265463,0.280585,54.7457,215,0.241542,0.253326,0.262562,0.280585,52.6417,215,0.229701,0.253326,0.266177,0.280585,47.5319,215,0.121127,0.253326,0.144426,0.280585,21.735,215,0.121127,0.253326,0.144426,0.280585,21.735
outdoor_gravel_Tile_0,Tile_0,118,216,186.985,0.227025,0.23477,65.826,255,42.6584,4.73976,216,0.233902,0.227025,0.222187,0.23477,53.3432,216,0.227791,0.227025,0.236013,0.23477,49.0009,216,0.221504,0.227025,0.220823,0.23477,50.1926,216,0.213393,0.227025,0.211506,0.23477,48.1184,216,0.202544,0.227025,0.214787,0.23477,43.3851,216,0.138292,0.227025,0.135383,0.23477,25.4867,216,0.138292,0.227025,0.135383,0.23477,25.4867
outdoor_gravel_Tile_0,Tile_0,119,216,167.368,0.322218,0.336109,55.794,255,53.8948,4.85622,216,0.324461,0.322218,0.321644,0.336109,65.3912,216,0.32097,0.322218,0.334364,0.336109,61.4127,216,0.312404,0.322218,0.320193,0.336109,62.5583,216,0.297109,0.322218,0.30722,0.336109,59.2692,216,0.290041,0.322218,0.307878,0.336109,55.1333,216,0.174152,0.322218,0.194398,0.336109,27.6715,216,0.174152,0.322218,0.194398,0.336109,27.6715
outdoor_gravel_Tile_0,Tile_0,120,219,176.003,0.274774,0.284287,64.25,255,48.5572,4.79358,219,0.279137,0.274774,0.263249,0.284287,59.3111,219,0.27278,0.274774,0.281958,0.284287,55.1334,219,0.267574,0.274774,0.266628,0.284287,56.4907,219,0.25437,0.274774,0.257207,0.284287,53.5137,219,0.24512,0.274774,0.261625,0.284287,49.3876,219,0.12133,0.274774,0.129172,0.284287,20.7202,219,0.12133,0.274774,0.129172,0.284287,20.7202
outdoor_gravel_Tile_0,Tile_0,121,220,190.921,0.223904,0.238443,62.327,255,43.0173,4.81478,220,0.234661,0.223904,0.223947,0.238443,54.1033,220,0.221965,0.223904,0.236327,0.238443,48.7663,220,0.220321,0.223904,0.222768,0.238443,50.4215,220,0.210139,0.223904,0.215317,0.238443,48.0611,220,0.197759,0.223904,0.217255,0.238443,43.3084,220,0.124554,0.223904,0.123501,0.238443,23.2365,220,0.124554,0.223904,0.123501,0.238443,23.2365
outdoor_gravel_Tile_0,Tile_0,122,215,189.173,0.224961,0.236279,86.181,255,42.7639,4.76048,215,0.236602,0.224961,0.22719,0.236279,54.0099,215,0.225842,0.224961,0.238148,0.236279,49.1177,215,0.225998,0.224961,0.229258,0.236279,51.3564,215,0.21871,0.224961,0.228792,0.236279,49.6569,215,0.202193,0.224961,0.218433,0.236279,43.8397,215,0.114766,0.224961,0.122499,0.236279,21.1673,215,0.114766,0.224961,0.122499,0.236279,21.1673
outdoor_gravel_Tile_0,Tile_0,123,219,174.592,0.268538,0.283214,56.843,255,47.3021,4.65385,219,0.271521,0.268538,0.261811,0.283214,57.4685,219,0.26857,0.268538,0.283003,0.283214,54.1052,219,0.262146,0.268538,0.266277,0.283214,55.1718,219,0.258111,0.268538,0.270838,0.283214,54.285,219,0.241938,0.268538,0.262148,0.283214,48.5348,219,0.133922,0.268538,0.143474,0.283214,23.138,219,0.133922,0.268538,0.143474,0.283214,23.138
outdoor_gravel_Tile_0,Tile_0,124,219,181.045,0.275115,0.306565,54.951,255,50.0273,4.8956,219,0.285001,0.275115,0.28148,0.306565,62.2129,219,0.273002,0.275115,0.3045,0.306565,56.7494,219,0.266686,0.275115,0.285128,0.306565,57.5192,219,0.254785,0.275115,0.279898,0.306565,55.007,219,0.250277,0.275115,0.289812,0.306565,51.8344,219,0.131625,0.275115,0.147996,0.306565,22.62,219,0.131625,0.275115,0.147996,0.306565,22.62
outdoor_gravel_Tile_0,Tile_0,125,206,173.459,0.280348,0.289816,53.813,255,48.8941,4.64278,206,0.284242,0.280348,0.27,0.289816,59.4952,206,0.280414,0.280348,0.290958,0.289816,55.9753,206,0.270385,0.280348,0.264746,0.289816,56.319,206,0.259622,0.280348,0.259244,0.289816,53.9512,206,0.249641,0.280348,0.264864,0.289816,49.4967,206,0.124912,0.280348,0.135801,0.289816,20.9367,206,0.124912,0.280348,0.135801,0.289816,20.9367
outdoor_gravel_Tile_0,Tile_0,126,223,179.451,0.281804,0.305174,56.381,255,50.7407,4.83052,223,0.305792,0.281804,0.296302,0.305174,66.3367,223,0.280117,0.281804,0.303571,0.305174,57.6398,223,0.280104,0.281804,0.291188,0.305174,59.9244,223,0.271032,0.281804,0.289449,0.305174,57.9527,223,0.256342,0.281804,0.284795,0.305174,52.3981,223,0.131825,0.281804,0.142933,0.305174,22.2038,223,0.131825,0.281804,0.142933,0.305174,22.2038
outdoor_gravel_Tile_0,Tile_0,127,225,183.196,0.267917,0.275433,90.164,255,49.252,4.94168,225,0.291255,0.267917,0.271355,0.275433,64.4896,225,0.26634,0.267917,0.274253,0.275433,55.9441,225,0.264759,0.267917,0.257938,0.275433,57.6702,225,0.257117,0.267917,0.255315,0.275433,56.0916,225,0.239867,0.267917,0.250118,0.275433,50.0252,225,0.118576,0.267917,0.119629,0.275433,20.3189,225,0.118576,0.267917,0.119629,0.275433,20.3189
outdoor_gravel_Tile_0,Tile_0,128,220,188.229,0.247277,0.25942,86.751,255,46.7685,4.93155,220,0.266753,0.247277,0.251154,0.25942,60.7253,220,0.24511,0.247277,0.257875,0.25942,52.976,220,0.243409,0.247277,0.241808,0.25942,54.6429,220,0.231032,0.247277,0.230782,0.25942,51.9044,220,0.219538,0.247277,0.233424,0.25942,47.1349,220,0.120704,0.247277,0.119938,0.25942,21.3415,220,0.120704,0.247277,0.119938,0.25942,21.3415
outdoor_gravel_Tile_0,Tile_0,129,213,182.912,0.238728,0.245927,61.189,255,43.9645,4.5986,213,0.246874,0.238728,0.23053,0.245927,54.7095,213,0.240241,0.238728,0.248211,0.245927,50.6173,213,0.23863,0.238728,0.235353,0.245927,52.6522,213,0.23284,0.238728,0.231111,0.245927,51.1455,213,0.21591,0.238728,0.228666,0.245927,45.3158,213,0.10918,0.238728,0.114984,0.245927,19.7373,213,0.10918,0.238728,0.114984,0.245927,19.7373
outdoor_gravel_Tile_0,Tile_0,130,223,181.468,0.27224,0.285235,73.669,255,49.6274,4.96583,223,0.297167,0.27224,0.282954,0.285235,65.4032,223,0.270289,0.27224,0.28379,0.285235,56.306,223,0.269557,0.27224,0.271782,0.285235,58.3664,223,0.260024,0.27224,0.269957,0.285235,56.4423,223,0.244057,0.27224,0.261031,0.285235,50.5176,223,0.125794,0.27224,0.13242,0.285235,21.4849,223,0.125794,0.27224,0.13242,0.285235,21.4849
outdoor_gravel_Tile_0,Tile_0,131,221,187.1,0.261163,0.293295,44.886,255,49.1877,5.00473,221,0.279637,0.261163,0.276601,0.293295,63.2331,221,0.259787,0.261163,0.292123,0.293295,55.9224,221,0.256024,0.261163,0.27416,0.293295,57.202,221,0.244709,0.261163,0.269628,0.293295,54.8565,221,0.231562,0.261163,0.269274,0.293295,49.5769,221,0.118689,0.261163,0.138184,0.293295,20.9838,221,0.118689,0.261163,0.138184,0.293295,20.9838
outdoor_gravel_Tile_0,Tile_0,132,212,186.225,0.240215,0.249503,81.181,255,45.3423,4.80407,212,0.246108,0.240215,0.230621,0.249503,55.3656,212,0.239564,0.240215,0.249136,0.249503,51.7263,212,0.234429,0.240215,0.230262,0.249503,52.4745,212,0.22422,0.240215,0.224435,0.249503,50.2791,212,0.214493,0.240215,0.228092,0.249503,46.2292,212,0.1051,0.240215,0.10847,0.249503,19.3803,212,0.1051,0.240215,0.10847,0.249503,19.3803
outdoor_gravel_Tile_0,Tile_0,133,210,176.704,0.263461,0.27361,64.196,255,46.7099,4.65604,210,0.270627,0.263461,0.260165,0.27361,57.7308,210,0.26362,0.263461,0.273969,0.27361,53.475,210,0.260079,0.263461,0.26288,0.27361,55.2243,210,0.249131,0.263461,0.258011,0.27361,52.7797,210,0.238315,0.263461,0.255847,0.27361,48.0926,210,0.126951,0.263461,0.138188,0.27361,21.4263,210,0.126951,0.263461,0.138188,0.27361,21.4263
outdoor_gravel_Tile_0,Tile_0,134,231,188.928,0.238052,0.247626,91.712,255,45.3113,4.93019,231,0.262423,0.238052,0.24695,0.247626,60.1634,231,0.236926,0.238052,0.247339,0.247626,51.5454,231,0.236155,0.238052,0.233757,0.247626,53.3378,231,0.224435,0.238052,0.226159,0.247626,50.7866,231,0.210442,0.238052,0.22243,0.247626,45.5876,231,0.119465,0.238052,0.11642,0.247626,21.6356,231,0.119465,0.238052,0.11642,0.247626,21.6356
outdoor_gravel_Tile_0,Tile_0,135,228,181.78,0.267946,0.288219,68.658,255,49.0547,4.85557,228,0.28573,0.267946,0.280094,0.288219,62.8233,228,0.266127,0.267946,0.28656,0.288219,55.6777,228,0.263374,0.267946,0.274818,0.288219,57.2381,228,0.25497,0.267946,0.274433,0.288219,55.4574,228,0.241438,0.267946,0.265779,0.288219,50.2593,228,0.133169,0.267946,0.139588,0.288219,23.1544,228,0.133169,0.267946,0.139588,0.288219,23.1544
outdoor_gravel_Tile_0,Tile_0,136,212,190.476,0.20151,0.200128,119.065,255,38.8743,4.61007,212,0.217342,0.20151,0.195635,0.200128,50.4444,212,0.202437,0.20151,0.201483,0.200128,44.69,212,0.198747,0.20151,0.185801,0.200128,45.9422,212,0.196143,0.20151,0.186175,0.200128,45.0721,212,0.173037,0.20151,0.174586,0.200128,38.0933,212,0.12534,0.20151,0.116736,0.200128,23.515,212,0.12534,0.20151,0.116736,0.200128,23.515
outdoor_gravel_Tile_0,Tile_0,137,212,184.416,0.246518,0.261757,78.299,255,45.8319,4.66708,212,0.24772,0.246518,0.236189,0.261757,54.9538,212,0.24628,0.246518,0.261392,0.261757,52.3707,212,0.241424,0.246518,0.244542,0.261757,53.4191,212,0.231657,0.246518,0.239081,0.261757,51.1403,212,0.219965,0.246518,0.239976,0.261757,46.514,212,0.103556,0.246518,0.107417,0.261757,18.4302,212,0.103556,0.246518,0.107417,0.261757,18.4302
outdoor_gravel_Tile_0,Tile_0,138,220,184.712,0.241441,0.24604,92.521,255,45.0314,4.85595,220,0.260366,0.241441,0.241101,0.24604,57.9926,220,0.240272,0.241441,0.245504,0.24604,51.2258,220,0.237834,0.241441,0.228669,0.24604,52.5635,220,0.223974,0.241441,0.21974,0.24604,49.5566,220,0.211868,0.241441,0.221385,0.24604,44.9919,220,0.0967627,0.241441,0.0975262,0.24604,17.3202,220,0.0967627,0.241441,0.0975262,0.24604,17.3202
outdoor_gravel_Tile_0,Tile_0,139,211,179.39,0.267614,0.281621,73.901,255,48.3526,4.76066,211,0.279327,0.267614,0.267652,0.281621,60.3058,211,0.267417,0.267614,0.282671,0.281621,55.2652,211,0.261281,0.267614,0.260831,0.281621,56.1374,211,0.251274,0.267614,0.256477,0.281621,53.9423,211,0.24208,0.267614,0.263361,0.281621,49.7859,211,0.122981,0.267614,0.131106,0.281621,20.8996,211,0.122981,0.267614,0.131106,0.281621,20.8996
outdoor_gravel_Tile_0,Tile_0,140,217,185.802,0.229202,0.244584,57.435,255,42.8866,4.65581,217,0.237251,0.229202,0.235031,0.244584,53.3133,217,0.227749,0.229202,0.242583,0.244584,48.7208,217,0.224484,0.229202,0.232373,0.244584,50.1943,217,0.215299,0.229202,0.223681,0.244584,47.9525,217,0.204635,0.229202,0.224104,0.244584,43.5877,217,0.137397,0.229202,0.144337,0.244584,24.6856,217,0.137397,0.229202,0.144337,0.244584,24.6856
outdoor_gravel_Tile_0,Tile_0,141,222,184.475,0.248257,0.264645,76.327,255,46.0684,4.71542,222,0.251977,0.248257,0.246352,0.264645,55.807,222,0.24907,0.248257,0.266618,0.264645,52.8437,222,0.24344,0.248257,0.247089,0.264645,53.6042,222,0.238924,0.248257,0.247238,0.264645,52.5603,222,0.228463,0.248257,0.250665,0.264645,48.2362,222,0.129002,0.248257,0.13436,0.264645,22.7142,222,0.129002,0.248257,0.13436,0.264645,22.7142
outdoor_gravel_Tile_0,Tile_0,142,210,185.068,0.232857,0.237962,89.271,255,43.3884,4.76898,210,0.24575,0.232857,0.22788,0.237962,55.0129,210,0.233037,0.232857,0.239201,0.237962,49.6666,210,0.22763,0.232857,0.218767,0.237962,50.6438,210,0.216965,0.232857,0.207969,0.237962,48.205,210,0.205789,0.232857,0.215559,0.237962,43.6768,210,0.113205,0.232857,0.113003,0.237962,20.0926,210,0.113205,0.232857,0.113003,0.237962,20.0926
outdoor_gravel_Tile_0,Tile_0,143,215,183.339,0.253786,0.273405,56.239,255,46.8852,4.6306,215,0.254839,0.253786,0.247489,0.273405,56.3672,215,0.254677,0.253786,0.274103,0.273405,53.804,215,0.248787,0.253786,0.254248,0.273405,54.7573,215,0.239862,0.253786,0.249463,0.273405,52.6588,215,0.229374,0.253786,0.255789,0.273405,48.2908,215,0.128717,0.253786,0.137185,0.273405,22.9842,215,0.128717,0.253786,0.137185,0.273405,22.9842
outdoor_gravel_Tile_0,Tile_0,144,226,186.36,0.259831,0.297396,45.153,255,48.6822,5.00177,226,0.285697,0.259831,0.283954,0.297396,64.2191,226,0.258776,0.259831,0.296594,0.297396,55.4013,226,0.259113,0.259831,0.283097,0.297396,57.5236,226,0.247962,0.259831,0.280245,0.297396,55.2181,226,0.235215,0.259831,0.277055,0.297396,50.0477,226,0.122881,0.259831,0.141747,0.297396,21.4879,226,0.122881,0.259831,0.141747,0.297396,21.4879
outdoor_gravel_Tile_0,Tile_0,145,232,184.892,0.245508,0.247366,81.31,255,45.8325,4.9381,232,0.272462,0.245508,0.249441,0.247366,61.0487,232,0.244024,0.245508,0.246156,0.247366,52.0251,232,0.245686,0.245508,0.237063,0.247366,54.2579,232,0.235074,0.245508,0.231787,0.247366,52.0437,232,0.217232,0.245508,0.221654,0.247366,46.0966,232,0.105171,0.245508,0.108414,0.247366,18.792,232,0.105171,0.245508,0.108414,0.247366,18.792
outdoor_gravel_Tile_0,Tile_0,146,223,184.542,0.243521,0.252039,98.798,255,45.1865,4.69518,223,0.246552,0.243521,0.237431,0.252039,54.9212,223,0.243209,0.243521,0.251683,0.252039,51.5654,223,0.236383,0.243521,0.232339,0.252039,52.2413,223,0.220023,0.243521,0.214869,0.252039,48.3748,223,0.216242,0.243521,0.225783,0.252039,45.6456,223,0.161383,0.243521,0.154601,0.252039,28.6559,223,0.161383,0.243521,0.154601,0.252039,28.6559
outdoor_gravel_Tile_0,Tile_0,147,240,193.33,0.219706,0.232786,83.961,255,42.9186,4.90261,240,0.238039,0.219706,0.226517,0.232786,55.6277,240,0.218579,0.219706,0.232129,0.232786,48.7548,240,0.2159,0.219706,0.218012,0.232786,49.8035,240,0.211474,0.219706,0.217977,0.232786,48.8386,240,0.194413,0.219706,0.20827,0.232786,43.1987,240,0.120226,0.219706,0.120635,0.232786,22.3483,240,0.120226,0.219706,0.120635,0.232786,22.3483
outdoor_gravel_Tile_0,Tile_0,148,225,186.388,0.227733,0.243213,61.407,255,42.8151,4.74393,225,0.236063,0.227733,0.236317,0.243213,52.9778,225,0.227156,0.227733,0.241944,0.243213,48.776,225,0.221357,0.227733,0.226027,0.243213,49.427,225,0.214593,0.227733,0.221916,0.243213,47.6526,225,0.204263,0.227733,0.223638,0.243213,43.6797,225,0.128568,0.227733,0.138025,0.243213,23.101,225,0.128568,0.227733,0.138025,0.243213,23.101
outdoor_gravel_Tile_0,Tile_0,149,233,190.905,0.237782,0.26381,45.033,255,45.8501,5.00891,233,0.265182,0.237782,0.263211,0.26381,60.6601,233,0.235996,0.237782,0.262113,0.26381,51.9397,233,0.235267,0.237782,0.24966,0.26381,53.3331,233,0.224188,0.237782,0.243551,0.26381,50.9952,233,0.213796,0.237782,0.241767,0.26381,46.7247,233,0.113759,0.237782,0.125633,0.26381,20.3875,233,0.113759,0.237782,0.125633,0.26381,20.3875
outdoor_gravel_Tile_0,Tile_0,150,214,182.485,0.240681,0.249295,79.691,255,44.1249,4.93236,214,0.250415,0.240681,0.239907,0.249295,54.6008,214,0.240293,0.240681,0.24788,0.249295,50.3443,214,0.233479,0.240681,0.230495,0.249295,50.9979,214,0.224169,0.240681,0.22126,0.249295,48.7371,214,0.21008,0.240681,0.219599,0.249295,43.8475,214,0.134742,0.240681,0.139277,0.249295,23.3823,214,0.134742,0.240681,0.139277,0.249295,23.3823
outdoor_gravel_Tile_0,Tile_0,151,232,181.024,0.275701,0.286833,77.208,255,50.466,4.97095,232,0.304404,0.275701,0.28594,0.286833,66.378,232,0.274871,0.275701,0.286736,0.286833,57.4304,232,0.276369,0.275701,0.276016,0.286833,59.5551,232,0.26569,0.275701,0.274582,0.286833,57.3752,232,0.249584,0.275701,0.264225,0.286833,51.7947,232,0.11717,0.275701,0.1249,0.286833,20.1203,232,0.11717,0.275701,0.1249,0.286833,20.1203
outdoor_gravel_Tile_0,Tile_0,152,222,180.855,0.271885,0.315354,41.082,255,49.4565,4.86202,222,0.281595,0.271885,0.301582,0.315354,60.6963,222,0.273191,0.271885,0.316153,0.315354,56.7985,222,0.271748,0.271885,0.306795,0.315354,58.7076,222,0.263196,0.271885,0.304882,0.315354,56.6523,222,0.249903,0.271885,0.29823,0.315354,51.7446,222,0.163854,0.271885,0.192862,0.315354,28.1714,222,0.163854,0.271885,0.192862,0.315354,28.1714
outdoor_gravel_Tile_0,Tile_0,153,220,184.61,0.242407,0.260775,59.772,255,45.2333,4.87486,220,0.245219,0.242407,0.245312,0.260775,54.1885,220,0.243531,0.242407,0.262052,0.260775,51.9414,220,0.240392,0.242407,0.251417,0.260775,53.3078,220,0.230431,0.242407,0.246339,0.260775,50.8282,220,0.219942,0.242407,0.245645,0.260775,46.8042,220,0.13854,0.242407,0.149298,0.260775,24.7132,220,0.13854,0.242407,0.149298,0.260775,24.7132
outdoor_gravel_Tile_0,Tile_0,154,218,177.285,0.262885,0.265156,81.082,255,46.8704,4.80865,218,0.270257,0.262885,0.248115,0.265156,57.671,218,0.262001,0.262885,0.264893,0.265156,53.4091,218,0.255333,0.262885,0.2454,0.265156,54.1777,218,0.244559,0.262885,0.239975,0.265156,51.8562,218,0.235094,0.262885,0.243106,0.265156,47.74,218,0.100663,0.262885,0.104547,0.265156,17.3466,218,0.100663,0.262885,0.104547,0.265156,17.3466
outdoor_gravel_Tile_0,Tile_0,155,227,178.678,0.254519,0.265958,50.843,255,45.7031,4.79823,227,0.264111,0.254519,0.250805,0.265958,56.7881,227,0.253985,0.254519,0.266032,0.265958,52.1465,227,0.248209,0.254519,0.247242,0.265958,52.9535,227,0.237685,0.254519,0.239839,0.265958,50.6559,227,0.227859,0.254519,0.247056,0.265958,46.6314,227,0.11678,0.254519,0.129651,0.265958,20.21,227,0.11678,0.254519,0.129651,0.265958,20.21
outdoor_gravel_Tile_0,Tile_0,156,219,184.989,0.24997,0.273422,41.741,255,46.9546,4.80522,219,0.256204,0.24997,0.254738,0.273422,57.1337,219,0.24957,0.24997,0.273928,0.273422,53.6029,219,0.243116,0.24997,0.253944,0.273422,54.0665,219,0.230678,0.24997,0.245048,0.273422,51.3556,219,0.225286,0.24997,0.254557,0.273422,48.288,219,0.13547,0.24997,0.148643,0.273422,24.5763,219,0.13547,0.24997,0.148643,0.273422,24.5763
outdoor_gravel_Tile_0,Tile_0,157,227,173.754,0.267975,0.276329,60.089,255,46.98,4.66909,227,0.273487,0.267975,0.263204,0.276329,56.9541,227,0.267726,0.267975,0.275424,0.276329,53.6126,227,0.266235,0.267975,0.266803,0.276329,55.4592,227,0.252834,0.267975,0.254724,0.276329,52.2963,227,0.241731,0.267975,0.255062,0.276329,48.2371,227,0.137528,0.267975,0.146115,0.276329,23.2772,227,0.137528,0.267975,0.146115,0.276329,23.2772
outdoor_gravel_Tile_0,Tile_0,158,228,178.401,0.229884,0.223438,103.655,255,41.4922,4.72458,228,0.237929,0.229884,0.218037,0.223438,51.1015,228,0.230002,0.229884,0.223244,0.223438,47.4284,228,0.223356,0.229884,0.206929,0.223438,47.9112,228,0.212936,0.229884,0.198421,0.223438,45.4162,228,0.199109,0.229884,0.19611,0.223438,40.9976,228,0.11502,0.229884,0.117026,0.223438,20.0847,228,0.11502,0.229884,0.117026,0.223438,20.0847
outdoor_gravel_Tile_0,Tile_0,159,204,173.345,0.265873,0.266476,78.131,255,46.372,4.46947,204,0.260916,0.265873,0.244709,0.266476,54.8795,204,0.267446,0.265873,0.268761,0.266476,53.4129,204,0.262116,0.265873,0.254934,0.266476,55.1709,204,0.253386,0.265873,0.252665,0.266476,52.8986,204,0.240797,0.265873,0.249356,0.266476,47.883,204,0.107657,0.265873,0.113084,0.266476,18.5623,204,0.107657,0.265873,0.113084,0.266476,18.5623
outdoor_gravel_Tile_0,Tile_0,160,194,173.335,0.259404,0.258632,74.082,255,45.195,4.32787,194,0.236271,0.259404,0.219987,0.258632,48.8867,194,0.261023,0.259404,0.260015,0.258632,52.0386,194,0.24851,0.259404,0.237403,0.258632,51.7861,194,0.234913,0.259404,0.22764,0.258632,48.4936,194,0.235367,0.259404,0.241687,0.258632,46.7266,194,0.125514,0.259404,0.132294,0.258632,21.5632,194,0.125514,0.259404,0.132294,0.258632,21.5632
outdoor_gravel_Tile_0,Tile_0,161,197,178.781,0.260439,0.268212,89.673,255,46.7416,4.75799,197,0.262944,0.260439,0.243552,0.268212,57.2131,197,0.260421,0.260439,0.268896,0.268212,53.5238,197,0.252223,0.260439,0.244577,0.268212,54.4979,197,0.247359,0.260439,0.243782,0.268212,53.1831,197,0.234371,0.260439,0.246769,0.268212,47.785,197,0.113454,0.260439,0.119252,0.268212,19.7591,197,0.113454,0.260439,0.119252,0.268212,19.7591
outdoor_gravel_Tile_0,Tile_0,162,198,176.745,0.260838,0.265629,59.968,255,46.4193,4.69597,198,0.262761,0.260838,0.244758,0.265629,56.8808,198,0.26151,0.260838,0.26665,0.265629,53.3205,198,0.254838,0.260838,0.250534,0.265629,54.8262,198,0.244727,0.260838,0.244924,0.265629,52.2534,198,0.234383,0.260838,0.247413,0.265629,47.4318,198,0.105271,0.260838,0.111319,0.265629,18.8304,198,0.105271,0.260838,0.111319,0.265629,18.8304
outdoor_gravel_Tile_0,Tile_0,163,178,175.87,0.25479,0.254896,66,255,44.7468,4.60904,178,0.229284,0.25479,0.222132,0.254896,48.5278,178,0.255482,0.25479,0.255447,0.254896,51.4332,178,0.242634,0.25479,0.23564,0.254896,51.4727,178,0.230821,0.25479,0.225863,0.254896,48.351,178,0.227879,0.25479,0.23582,0.254896,45.5356,178,0.108854,0.25479,0.111975,0.254896,19.1071,178,0.108854,0.25479,0.111975,0.254896,19.1071
outdoor_gravel_Tile_0,Tile_0,164,203,180.68,0.242791,0.246079,67.843,255,44.1181,4.68257,203,0.237359,0.242791,0.219078,0.246079,52.3474,203,0.24338,0.242791,0.2468,0.246079,50.6502,203,0.234421,0.242791,0.22683,0.246079,51.4243,203,0.224717,0.242791,0.220782,0.246079,48.969,203,0.21623,0.242791,0.227542,0.246079,44.8061,203,0.109242,0.242791,0.109187,0.246079,19.8739,203,0.109242,0.242791,0.109187,0.246079,19.8739
outdoor_gravel_Tile_0,Tile_0,165,205,176.793,0.254063,0.257152,65.299,255,45.3353,4.68296,205,0.257681,0.254063,0.239438,0.257152,55.8681,205,0.254762,0.254063,0.257966,0.257152,52.0687,205,0.249893,0.254063,0.24522,0.257152,53.9478,205,0.239269,0.254063,0.23947,0.257152,51.3199,205,0.225843,0.254063,0.235427,0.257152,45.9714,205,0.118496,0.254063,0.121174,0.257152,21.1752,205,0.118496,0.254063,0.121174,0.257152,21.1752
outdoor_gravel_Tile_0,Tile_0,166,195,172.829,0.270801,0.271311,88.022,255,46.8462,4.63283,195,0.257535,0.270801,0.243022,0.271311,53.5975,195,0.272783,0.270801,0.27455,0.271311,54.085,195,0.260524,0.270801,0.249731,0.271311,54.3349,195,0.253834,0.270801,0.246025,0.271311,52.5259,195,0.246581,0.270801,0.253866,0.271311,48.6508,195,0.13237,0.270801,0.133009,0.271311,22.4683,195,0.13237,0.270801,0.133009,0.271311,22.4683
outdoor_gravel_Tile_0,Tile_0,167,191,168.71,0.273867,0.265596,79.153,255,46.2172,4.57292,191,0.248732,0.273867,0.231192,0.265596,50.4156,191,0.274374,0.273867,0.265885,0.265596,53.0402,191,0.258033,0.273867,0.243375,0.265596,52.4548,191,0.250477,0.273867,0.240422,0.265596,50.4604,191,0.245368,0.273867,0.243142,0.265596,47.2447,191,0.131428,0.273867,0.130973,0.265596,22.0353,191,0.131428,0.273867,0.130973,0.265596,22.0353
outdoor_gravel_Tile_0,Tile_0,168,196,175.533,0.274056,0.282324,69.087,255,48.3491,4.62031,196,0.279375,0.274056,0.262243,0.282324,59.9576,196,0.275243,0.274056,0.284221,0.282324,55.649,196,0.269679,0.274056,0.269731,0.282324,57.5046,196,0.25905,0.274056,0.264562,0.282324,54.7961,196,0.248232,0.274056,0.264316,0.282324,49.7655,196,0.125428,0.274056,0.132291,0.282324,21.7529,196,0.125428,0.274056,0.132291,0.282324,21.7529
outdoor_gravel_Tile_0,Tile_0,169,201,181.413,0.233457,0.234838,96.153,255,42.509,4.45371,201,0.20276,0.233457,0.191686,0.234838,44.1078,201,0.235227,0.233457,0.236972,0.234838,49.0658,201,0.220191,0.233457,0.214907,0.234838,48.2188,201,0.211327,0.233457,0.210598,0.234838,45.9427,201,0.209108,0.233457,0.217985,0.234838,43.5973,201,0.0984498,0.233457,0.0993068,0.234838,18.2038,201,0.0984498,0.233457,0.0993068,0.234838,18.2038
outdoor_gravel_Tile_0,Tile_0,170,212,182.304,0.23656,0.243123,67.43,255,43.2879,4.63269,212,0.245167,0.23656,0.227057,0.243123,54.1689,212,0.236764,0.23656,0.243376,0.243123,49.5953,212,0.231651,0.23656,0.226321,0.243123,50.9822,212,0.227284,0.23656,0.225531,0.243123,49.7339,212,0.21144,0.23656,0.224418,0.243123,43.9988,212,0.107619,0.23656,0.108617,0.243123,19.3198,212,0.107619,0.23656,0.108617,0.243123,19.3198
outdoor_gravel_Tile_0,Tile_0,171,214,182.571,0.237119,0.246317,70.897,255,43.4587,4.63035,214,0.241068,0.237119,0.223252,0.246317,53.502,214,0.237376,0.237119,0.246565,0.246317,49.8046,214,0.230478,0.237119,0.227111,0.246317,50.8981,214,0.222569,0.237119,0.222222,0.246317,48.8143,214,0.209738,0.237119,0.225253,0.246317,43.8089,214,0.10538,0.237119,0.107001,0.246317,19.1709,214,0.10538,0.237119,0.107001,0.246317,19.1709
outdoor_gravel_Tile_0,Tile_0,172,196,178.579,0.233315,0.23108,87.712,255,41.7893,4.51531,196,0.208767,0.233315,0.195182,0.23108,44.7341,196,0.234388,0.233315,0.232012,0.23108,48.0739,196,0.219375,0.233315,0.208585,0.23108,47.277,196,0.208738,0.233315,0.200991,0.23108,44.7011,196,0.204779,0.233315,0.208072,0.23108,41.9434,196,0.0905304,0.233315,0.0914258,0.23108,16.2225,196,0.0905304,0.233315,0.0914258,0.23108,16.2225
outdoor_gravel_Tile_0,Tile_0,173,207,178.81,0.239171,0.234847,90.175,255,43.1243,4.54923,207,0.247037,0.239171,0.218112,0.234847,53.8377,207,0.239753,0.239171,0.235404,0.234847,49.4804,207,0.236699,0.239171,0.22056,0.234847,51.3788,207,0.225363,0.239171,0.212092,0.234847,48.6313,207,0.212944,0.239171,0.215696,0.234847,43.7631,207,0.0889184,0.239171,0.0919667,0.234847,16.205,207,0.0889184,0.239171,0.0919667,0.234847,16.205
outdoor_gravel_Tile_0,Tile_0,174,210,176.484,0.248504,0.248023,66.196,255,44.1426,4.52818,210,0.239757,0.248504,0.223037,0.248023,51.3012,210,0.249629,0.248504,0.249433,0.248023,50.742,210,0.244173,0.248504,0.234648,0.248023,52.3118,210,0.231068,0.248504,0.220148,0.248023,49.0483,210,0.222534,0.248504,0.228517,0.248023,45.0502,210,0.121116,0.248504,0.128928,0.248023,21.1671,210,0.121116,0.248504,0.128928,0.248023,21.1671
outdoor_gravel_Tile_0,Tile_0,175,202,176.675,0.247233,0.252634,77.381,255,43.7861,4.46141,202,0.221414,0.247233,0.212468,0.252634,46.8419,202,0.247569,0.247233,0.252219,0.252634,50.1792,202,0.23391,0.247233,0.23143,0.252634,49.7144,202,0.221726,0.247233,0.222176,0.252634,46.7431,202,0.220562,0.247233,0.232336,0.252634,44.6087,202,0.115708,0.247233,0.116792,0.252634,20.4001,202,0.115708,0.247233,0.116792,0.252634,20.4001
outdoor_gravel_Tile_0,Tile_0,176,208,168.763,0.297131,0.296078,73.805,255,50.2347,4.54435,208,0.308957,0.297131,0.290816,0.296078,63.1543,208,0.296231,0.297131,0.294558,0.296078,57.3061,208,0.299052,0.297131,0.289925,0.296078,60.8159,208,0.280533,0.297131,0.268678,0.296078,56.4459,208,0.269874,0.297131,0.273565,0.296078,51.7664,208,0.173111,0.297131,0.187284,0.296078,28.3063,208,0.173111,0.297131,0.187284,0.296078,28.3063
outdoor_gravel_Tile_0,Tile_0,177,205,180.772,0.224447,0.223396,87.712,255,40.9058,4.49174,205,0.20503,0.224447,0.19152,0.223396,44.7555,205,0.226185,0.224447,0.225774,0.223396,47.1973,205,0.212214,0.224447,0.202073,0.223396,46.5129,205,0.197837,0.224447,0.186423,0.223396,43.0425,205,0.197154,0.224447,0.20195,0.223396,41.1283,205,0.110814,0.224447,0.109928,0.223396,20.2162,205,0.110814,0.224447,0.109928,0.223396,20.2162
outdoor_gravel_Tile_0,Tile_0,178,197,173.261,0.262943,0.270045,60.409,255,45.7863,4.46726,197,0.239506,0.262943,0.233627,0.270045,49.6112,197,0.265103,0.262943,0.272497,0.270045,52.8544,197,0.250766,0.262943,0.250965,0.270045,52.4859,197,0.236782,0.262943,0.244972,0.270045,49.1912,197,0.239195,0.262943,0.256213,0.270045,47.5649,197,0.115115,0.262943,0.125129,0.270045,20.0589,197,0.115115,0.262943,0.125129,0.270045,20.0589
outdoor_gravel_Tile_0,Tile_0,179,205,179.699,0.245817,0.247304,83.762,255,44.1977,4.57869,205,0.259707,0.245817,0.241022,0.247304,56.6404,205,0.244901,0.245817,0.245911,0.247304,50.3896,205,0.24578,0.245817,0.236876,0.247304,53.3287,205,0.237651,0.245817,0.2313,0.247304,51.2209,205,0.21885,0.245817,0.22639,0.247304,44.7713,205,0.127407,0.245817,0.129911,0.247304,22.0444,205,0.127407,0.245817,0.129911,0.247304,22.0444
outdoor_gravel_Tile_0,Tile_0,180,197,177.929,0.275654,0.2855,86.538,255,49.2048,4.58305,197,0.284084,0.275654,0.273571,0.2855,61.21,197,0.276547,0.275654,0.287621,0.2855,56.5313,197,0.272549,0.275654,0.275563,0.2855,58.5001,197,0.263426,0.275654,0.266807,0.2855,56.1153,197,0.255216,0.275654,0.270986,0.2855,51.7368,197,0.154346,0.275654,0.164502,0.2855,26.4163,197,0.154346,0.275654,0.164502,0.2855,26.4163
outdoor_gravel_Tile_0,Tile_0,181,198,179.374,0.242491,0.254028,52.256,255,43.6725,4.36783,198,0.225576,0.242491,0.224244,0.254028,48.5928,198,0.243203,0.242491,0.254227,0.254028,50.1223,198,0.233066,0.242491,0.234412,0.254028,50.3664,198,0.224209,0.242491,0.229748,0.254028,47.9493,198,0.217179,0.242491,0.23465,0.254028,44.5838,198,0.122793,0.242491,0.132252,0.254028,21.9982,198,0.122793,0.242491,0.132252,0.254028,21.9982
outdoor_gravel_Tile_0,Tile_0,182,204,175.75,0.25268,0.252086,83.332,255,44.5842,4.39202,204,0.243007,0.25268,0.227784,0.252086,51.4618,204,0.255094,0.25268,0.255099,0.252086,51.5514,204,0.249752,0.25268,0.240604,0.252086,53.0451,204,0.240722,0.25268,0.23757,0.252086,50.7199,204,0.227706,0.25268,0.234632,0.252086,45.864,204,0.11795,0.25268,0.124651,0.252086,20.5681,204,0.11795,0.25268,0.124651,0.252086,20.5681
outdoor_gravel_Tile_0,Tile_0,183,197,171.808,0.261416,0.262496,65.729,255,45.0505,4.34891,197,0.250339,0.261416,0.240143,0.262496,51.6108,197,0.262292,0.261416,0.262645,0.262496,51.7384,197,0.258225,0.261416,0.252798,0.262496,53.5508,197,0.242285,0.261416,0.240244,0.262496,49.5862,197,0.234148,0.261416,0.243147,0.262496,46.0009,197,0.124631,0.261416,0.130585,0.262496,21.2674,197,0.124631,0.261416,0.130585,0.262496,21.2674
outdoor_gravel_Tile_0,Tile_0,184,207,182.462,0.244232,0.253382,74.729,255,44.8765,4.49956,207,0.247679,0.244232,0.231949,0.253382,54.9355,207,0.244923,0.244232,0.253848,0.253382,51.5092,207,0.239295,0.244232,0.234579,0.253382,52.7928,207,0.233128,0.244232,0.231705,0.253382,51.0655,207,0.217134,0.244232,0.227779,0.253382,45.3766,207,0.124797,0.244232,0.128863,0.253382,22.53,207,0.124797,0.244232,0.128863,0.253382,22.53
outdoor_gravel_Tile_0,Tile_0,185,208,184.342,0.232395,0.236177,90.637,255,43.099,4.50372,208,0.236361,0.232395,0.217425,0.236177,53.0316,208,0.233504,0.232395,0.238041,0.236177,49.5838,208,0.229729,0.232395,0.221698,0.236177,51.3144,208,0.219723,0.232395,0.213488,0.236177,48.6979,208,0.208221,0.232395,0.217525,0.236177,44.0838,208,0.112659,0.232395,0.110215,0.236177,20.429,208,0.112659,0.232395,0.110215,0.236177,20.429
outdoor_gravel_Tile_0,Tile_0,186,206,177.169,0.241013,0.239792,89.179,255,42.7931,4.40711,206,0.23282,0.241013,0.213565,0.239792,49.4562,206,0.242212,0.241013,0.240797,0.239792,49.2333,206,0.235555,0.241013,0.221691,0.239792,50.2443,206,0.227867,0.241013,0.216395,0.239792,48.1925,206,0.215356,0.241013,0.22077,0.239792,43.6448,206,0.100707,0.241013,0.101764,0.239792,17.5818,206,0.100707,0.241013,0.101764,0.239792,17.5818
outdoor_gravel_Tile_0,Tile_0,187,200,178.577,0.231356,0.230818,67.153,255,41.5759,4.39514,200,0.238433,0.231356,0.218099,0.230818,51.5814,200,0.233427,0.231356,0.233159,0.230818,48.0375,200,0.233737,0.231356,0.223609,0.230818,50.6302,200,0.222513,0.231356,0.215615,0.230818,47.7836,200,0.208314,0.231356,0.214681,0.230818,42.744,200,0.0998494,0.231356,0.102179,0.230818,17.8126,200,0.0998494,0.231356,0.102179,0.230818,17.8126
outdoor_gravel_Tile_0,Tile_0,188,193,181.752,0.226072,0.224981,101.944,255,41.2593,4.35885,193,0.205792,0.226072,0.190447,0.224981,44.7056,193,0.227325,0.226072,0.226697,0.224981,47.5029,193,0.213882,0.226072,0.200737,0.224981,46.8139,193,0.20177,0.226072,0.190545,0.224981,43.8392,193,0.203279,0.226072,0.208323,0.224981,42.3472,193,0.121856,0.226072,0.117969,0.224981,22.0505,193,0.121856,0.226072,0.117969,0.224981,22.0505
outdoor_gravel_Tile_0,Tile_0,189,203,173.603,0.266479,0.27367,68.267,255,46.2684,4.3058,203,0.247471,0.266479,0.241599,0.27367,51.126,203,0.26823,0.266479,0.275063,0.27367,53.2904,203,0.256704,0.266479,0.256199,0.27367,53.3447,203,0.245638,0.266479,0.252838,0.27367,50.6781,203,0.241578,0.266479,0.256647,0.27367,47.8331,203,0.121961,0.266479,0.130411,0.27367,20.7918,203,0.121961,0.266479,0.130411,0.27367,20.7918
outdoor_gravel_Tile_0,Tile_0,190,201,181.084,0.233116,0.245601,55.214,255,42.4721,4.32098,201,0.206752,0.233116,0.203201,0.245601,44.8678,201,0.235319,0.233116,0.247163,0.245601,49.065,201,0.221457,0.233116,0.223543,0.245601,48.2861,201,0.218092,0.233116,0.227263,0.245601,47.254,201,0.213018,0.233116,0.234423,0.245601,44.3891,201,0.121033,0.233116,0.126985,0.245601,22.0027,201,0.121033,0.233116,0.126985,0.245601,22.0027
outdoor_gravel_Tile_0,Tile_0,191,191,174.631,0.266062,0.280193,57.968,255,46.581,4.49621,191,0.244722,0.266062,0.24354,0.280193,50.8628,191,0.267805,0.266062,0.281837,0.280193,53.6705,191,0.255435,0.266062,0.264167,0.280193,53.5963,191,0.243413,0.266062,0.259489,0.280193,50.7319,191,0.239452,0.266062,0.260197,0.280193,47.8027,191,0.124883,0.266062,0.142113,0.280193,21.4537,191,0.124883,0.266062,0.142113,0.280193,21.4537
outdoor_gravel_Tile_0,Tile_0,192,195,184.96,0.231912,0.244112,71.267,255,43.2467,4.49079,195,0.241036,0.231912,0.228388,0.244112,54.3226,195,0.232631,0.231912,0.245076,0.244112,49.6661,195,0.229998,0.231912,0.231388,0.244112,51.6586,195,0.22031,0.231912,0.222947,0.244112,49.1923,195,0.208185,0.231912,0.226709,0.244112,44.2275,195,0.103743,0.231912,0.110796,0.244112,18.8209,195,0.103743,0.231912,0.110796,0.244112,18.8209
outdoor_gravel_Tile_0,Tile_0,193,201,184.111,0.226643,0.228092,102.94,255,41.9449,4.43611,201,0.202624,0.226643,0.191293,0.228092,44.5471,201,0.227986,0.226643,0.228949,0.228092,48.271,201,0.214196,0.226643,0.205566,0.228092,47.4347,201,0.20485,0.226643,0.1979,0.228092,44.9495,201,0.199368,0.226643,0.20536,0.228092,42.1258,201,0.11154,0.226643,0.111489,0.228092,20.5635,201,0.11154,0.226643,0.111489,0.228092,20.5635
outdoor_gravel_Tile_0,Tile_0,194,216,177.634,0.264873,0.296345,51.609,255,47.2914,4.48677,216,0.273017,0.264873,0.277273,0.296345,58.8627,216,0.265375,0.264873,0.296071,0.296345,54.1937,216,0.261094,0.264873,0.283695,0.296345,55.9942,216,0.253797,0.264873,0.282556,0.296345,54.0994,216,0.241591,0.264873,0.279942,0.296345,49.1592,216,0.153785,0.264873,0.173542,0.296345,26.5991,216,0.153785,0.264873,0.173542,0.296345,26.5991
outdoor_gravel_Tile_0,Tile_0,195,208,175.865,0.274046,0.291513,62.185,255,48.3719,4.43709,208,0.285622,0.274046,0.281568,0.291513,60.7363,208,0.275757,0.274046,0.294046,0.291513,55.7095,208,0.276344,0.274046,0.287348,0.291513,58.5806,208,0.271134,0.274046,0.29083,0.291513,57.1858,208,0.250816,0.274046,0.27358,0.291513,50.4177,208,0.156256,0.274046,0.16708,0.291513,26.543,208,0.156256,0.274046,0.16708,0.291513,26.543
outdoor_gravel_Tile_0,Tile_0,196,209,189.717,0.215095,0.223864,105.278,255,41.1772,4.4572,209,0.221499,0.215095,0.210001,0.223864,51.042,209,0.216132,0.215095,0.225758,0.223864,47.3408,209,0.214845,0.215095,0.213572,0.223864,49.3136,209,0.20859,0.215095,0.213185,0.223864,47.6013,209,0.192791,0.215095,0.206238,0.223864,42.102,209,0.130428,0.215095,0.130418,0.223864,24.2992,209,0.130428,0.215095,0.130418,0.223864,24.2992
outdoor_gravel_Tile_0,Tile_0,197,210,181.014,0.237027,0.243505,78.527,255,43.2264,4.4591,210,0.243547,0.237027,0.22675,0.243505,53.6263,210,0.238314,0.237027,0.245554,0.243505,49.7427,210,0.234305,0.237027,0.228543,0.243505,51.2187,210,0.228059,0.237027,0.225479,0.243505,49.5509,210,0.214935,0.237027,0.22669,0.243505,44.6284,210,0.110869,0.237027,0.112343,0.243505,19.6767,210,0.110869,0.237027,0.112343,0.243505,19.6767
outdoor_gravel_Tile_0,Tile_0,198,209,170.127,0.303134,0.326799,44.886,255,51.8378,4.4898,209,0.309614,0.303134,0.308699,0.326799,63.8483,209,0.304219,0.303134,0.328671,0.326799,59.55,209,0.301675,0.303134,0.3191,0.326799,62.0099,209,0.295549,0.303134,0.322812,0.326799,60.3328,209,0.278854,0.303134,0.312882,0.326799,54.3291,209,0.156823,0.303134,0.177794,0.326799,25.714,209,0.156823,0.303134,0.177794,0.326799,25.714
outdoor_gravel_Tile_0,Tile_0,199,200,183.459,0.235523,0.242126,97.168,255,43.5363,4.50994,200,0.24774,0.235523,0.227822,0.242126,55.3315,200,0.235918,0.235523,0.241804,0.242126,49.8996,200,0.23429,0.235523,0.225724,0.242126,52.0423,200,0.230578,0.235523,0.225595,0.242126,51.0112,200,0.210811,0.235523,0.219805,0.242126,44.3859,200,0.129294,0.235523,0.130881,0.242126,23.2273,200,0.129294,0.235523,0.130881,0.242126,23.2273
outdoor_gravel_Tile_0,Tile_0,200,223,182.199,0.231691,0.237022,77.925,255,42.7244,4.6715,223,0.23772,0.231691,0.221919,0.237022,51.9566,223,0.232287,0.231691,0.237126,0.237022,48.9451,223,0.23264,0.231691,0.226301,0.237022,50.9895,223,0.2208,0.231691,0.218027,0.237022,48.1397,223,0.205691,0.231691,0.216311,0.237022,43.2644,223,0.112571,0.231691,0.115053,0.237022,20.2241,223,0.112571,0.231691,0.115053,0.237022,20.2241
outdoor_gravel_Tile_0,Tile_0,201,214,168.674,0.288446,0.302304,56.37,255,48.7535,4.70298,214,0.288254,0.288446,0.288556,0.302304,57.7687,214,0.288904,0.288446,0.302408,0.302304,55.8242,214,0.284486,0.288446,0.288262,0.302304,57.2948,214,0.278049,0.288446,0.289717,0.302304,55.7242,214,0.263332,0.288446,0.286731,0.302304,50.7881,214,0.159361,0.288446,0.17811,0.302304,25.4133,214,0.159361,0.288446,0.17811,0.302304,25.4133
outdoor_gravel_Tile_0,Tile_0,202,196,183.217,0.229654,0.245246,67.854,255,42.2951,4.73518,196,0.2215,0.229654,0.22366,0.245246,47.9367,196,0.230945,0.229654,0.245886,0.245246,48.626,196,0.224288,0.229654,0.229695,0.245246,49.0746,196,0.217027,0.229654,0.22745,0.245246,47.3111,196,0.205569,0.229654,0.226654,0.245246,43.2904,196,0.114363,0.229654,0.123674,0.245246,20.3708,196,0.114363,0.229654,0.123674,0.245246,20.3708
outdoor_gravel_Tile_0,Tile_0,203,192,178.885,0.250748,0.255482,57.179,255,44.9953,4.78264,192,0.228556,0.250748,0.213011,0.255482,49.5457,192,0.25181,0.250748,0.257085,0.255482,51.8067,192,0.239339,0.250748,0.233075,0.255482,52.0089,192,0.231276,0.250748,0.228143,0.255482,49.7719,192,0.226844,0.250748,0.240878,0.255482,46.5426,192,0.104673,0.250748,0.108909,0.255482,18.8226,192,0.104673,0.250748,0.108909,0.255482,18.8226
outdoor_gravel_Tile_0,Tile_0,204,202,169.406,0.296341,0.304921,66.609,255,50.3191,4.83432,202,0.300912,0.296341,0.285871,0.304921,62.0813,202,0.296251,0.296341,0.305462,0.304921,57.6132,202,0.290527,0.296341,0.289452,0.304921,59.524,202,0.280469,0.296341,0.285711,0.304921,57.198,202,0.271171,0.296341,0.288689,0.304921,52.361,202,0.137008,0.296341,0.14872,0.304921,22.6365,202,0.137008,0.296341,0.14872,0.304921,22.6365
outdoor_gravel_Tile_0,Tile_0,205,209,177.709,0.256126,0.263508,73.293,255,45.7074,4.81874,209,0.260469,0.256126,0.244318,0.263508,56.6771,209,0.256467,0.256126,0.264001,0.263508,52.4386,209,0.251478,0.256126,0.250941,0.263508,54.2918,209,0.240782,0.256126,0.242123,0.263508,51.6332,209,0.229867,0.256126,0.244754,0.263508,46.6584,209,0.118468,0.256126,0.128024,0.263508,20.9448,209,0.118468,0.256126,0.128024,0.263508,20.9448
outdoor_gravel_Tile_0,Tile_0,206,196,183.231,0.241051,0.24585,75.772,255,44.3946,4.76898,196,0.235696,0.241051,0.215501,0.24585,52.8471,196,0.241394,0.241051,0.246716,0.24585,50.9511,196,0.228828,0.241051,0.22147,0.24585,51.0419,196,0.225312,0.241051,0.221538,0.24585,49.8614,196,0.215648,0.241051,0.22756,0.24585,45.2816,196,0.100962,0.241051,0.099552,0.24585,18.5408,196,0.100962,0.241051,0.099552,0.24585,18.5408
outdoor_gravel_Tile_0,Tile_0,207,199,175.93,0.25443,0.255747,73.794,255,44.9393,4.74105,199,0.25907,0.25443,0.240022,0.255747,56.1054,199,0.254823,0.25443,0.256639,0.255747,51.59,199,0.250221,0.25443,0.244747,0.255747,53.6987,199,0.237903,0.25443,0.235729,0.255747,50.627,199,0.226994,0.25443,0.236321,0.255747,45.6801,199,0.106941,0.25443,0.11061,0.255747,18.886,199,0.106941,0.25443,0.11061,0.255747,18.886
outdoor_gravel_Tile_0,Tile_0,208,199,179.688,0.247246,0.2462,88.581,255,44.6824,4.68603,199,0.237758,0.247246,0.21452,0.2462,52.0002,199,0.247517,0.247246,0.246837,0.2462,51.2828,199,0.237118,0.247246,0.223156,0.2462,51.7737,199,0.230272,0.247246,0.219651,0.2462,49.9696,199,0.218297,0.247246,0.221405,0.2462,44.9763,199,0.107559,0.247246,0.108948,0.2462,19.345,199,0.107559,0.247246,0.108948,0.2462,19.345
outdoor_gravel_Tile_0,Tile_0,209,205,176.581,0.252893,0.2522,73.538,255,44.817,4.64643,205,0.246693,0.252893,0.225805,0.2522,52.9834,205,0.253508,0.252893,0.252919,0.2522,51.4977,205,0.242155,0.252893,0.227767,0.2522,51.7809,205,0.233657,0.252893,0.222427,0.2522,49.661,205,0.222871,0.252893,0.227136,0.2522,45.0249,205,0.113094,0.252893,0.116559,0.2522,19.9995,205,0.113094,0.252893,0.116559,0.2522,19.9995
outdoor_gravel_Tile_0,Tile_0,210,201,171.228,0.27602,0.284553,57.772,255,47.4138,4.66063,201,0.270545,0.27602,0.257214,0.284553,56.455,201,0.277234,0.27602,0.285523,0.284553,54.5811,201,0.26916,0.27602,0.269061,0.284553,56.018,201,0.259798,0.27602,0.263088,0.284553,53.6731,201,0.247202,0.27602,0.266035,0.284553,48.5122,201,0.1155,0.27602,0.126731,0.284553,19.7282,201,0.1155,0.27602,0.126731,0.284553,19.7282
outdoor_gravel_Tile_0,Tile_0,211,208,171.32,0.27029,0.270284,67.157,255,46.4378,4.67885,208,0.270532,0.27029,0.25157,0.270284,56.3461,208,0.270714,0.27029,0.271392,0.270284,53.2643,208,0.2647,0.27029,0.258063,0.270284,54.9314,208,0.252549,0.27029,0.251796,0.270284,52.0219,208,0.243414,0.27029,0.252869,0.270284,47.7201,208,0.114084,0.27029,0.123236,0.270284,19.3001,208,0.114084,0.27029,0.123236,0.270284,19.3001
outdoor_gravel_Tile_0,Tile_0,212,215,173.657,0.268295,0.276414,52.712,255,46.7966,4.65047,215,0.269345,0.268295,0.258967,0.276414,57.1387,215,0.269452,0.268295,0.278425,0.276414,53.8209,215,0.262307,0.268295,0.262756,0.276414,55.2966,215,0.25347,0.268295,0.259543,0.276414,53.1085,215,0.242612,0.268295,0.258452,0.276414,48.2788,215,0.130204,0.268295,0.139186,0.276414,22.4777,215,0.130204,0.268295,0.139186,0.276414,22.4777
outdoor_gravel_Tile_0,Tile_0,213,209,176.448,0.256173,0.27245,44.215,255,45.388,4.63739,209,0.258587,0.256173,0.249208,0.27245,55.6415,209,0.257439,0.256173,0.274437,0.27245,52.2309,209,0.249036,0.256173,0.254194,0.27245,53.2743,209,0.241354,0.256173,0.251238,0.27245,51.3033,209,0.229167,0.256173,0.253186,0.27245,46.256,209,0.117402,0.256173,0.135123,0.27245,20.4212,209,0.117402,0.256173,0.135123,0.27245,20.4212
outdoor_gravel_Tile_0,Tile_0,214,216,181.374,0.249899,0.269088,63.729,255,45.4885,4.64391,216,0.256176,0.249899,0.246278,0.269088,56.2175,216,0.250279,0.249899,0.269416,0.269088,52.1521,216,0.244847,0.249899,0.252916,0.269088,53.6331,216,0.242622,0.249899,0.255736,0.269088,52.8621,216,0.227856,0.249899,0.254699,0.269088,47.2261,216,0.122168,0.249899,0.129833,0.269088,21.6411,216,0.122168,0.249899,0.129833,0.269088,21.6411
outdoor_gravel_Tile_0,Tile_0,215,211,178.204,0.254346,0.265129,61.082,255,45.6065,4.50693,211,0.264438,0.254346,0.251066,0.265129,57.2946,211,0.254967,0.254346,0.265689,0.265129,52.309,211,0.251265,0.254346,0.250764,0.265129,54.019,211,0.238549,0.254346,0.240577,0.265129,50.8935,211,0.228837,0.254346,0.247102,0.265129,46.687,211,0.129272,0.254346,0.135328,0.265129,22.5009,211,0.129272,0.254346,0.135328,0.265129,22.5009
outdoor_gravel_Tile_0,Tile_0,216,209,174.7,0.275254,0.284918,66.772,255,48.3791,4.49787,209,0.286144,0.275254,0.270833,0.284918,60.7365,209,0.276504,0.275254,0.286285,0.284918,55.618,209,0.273676,0.275254,0.273271,0.284918,57.6735,209,0.264215,0.275254,0.269696,0.284918,55.2983,209,0.25002,0.275254,0.267181,0.284918,49.9756,209,0.124818,0.275254,0.131957,0.284918,21.1799,209,0.124818,0.275254,0.131957,0.284918,21.1799
outdoor_gravel_Tile_0,Tile_0,217,208,178.971,0.234672,0.233697,93.534,255,42.0869,4.4304,208,0.23989,0.234672,0.218391,0.233697,51.5476,208,0.235963,0.234672,0.234814,0.233697,48.4165,208,0.234448,0.234672,0.222625,0.233697,50.494,208,0.225985,0.234672,0.21573,0.233697,48.3133,208,0.21124,0.234672,0.217314,0.233697,43.267,208,0.125849,0.234672,0.126215,0.233697,22.1858,208,0.125849,0.234672,0.126215,0.233697,22.1858
outdoor_gravel_Tile_0,Tile_0,218,207,176.905,0.238826,0.234725,85.011,255,42.3712,4.43515,207,0.245077,0.238826,0.221291,0.234725,52.122,207,0.240458,0.238826,0.236193,0.234725,48.814,207,0.240116,0.238826,0.22475,0.234725,51.1817,207,0.232449,0.238826,0.220292,0.234725,49.1923,207,0.214186,0.238826,0.217102,0.234725,43.4159,207,0.121445,0.238826,0.12139,0.234725,21.2844,207,0.121445,0.238826,0.12139,0.234725,21.2844
outdoor_gravel_Tile_0,Tile_0,219,198,183.677,0.228958,0.241688,72.071,255,42.1795,4.29527,198,0.211405,0.228958,0.207091,0.241688,46.1084,198,0.229916,0.228958,0.241277,0.241688,48.4455,198,0.223148,0.228958,0.225431,0.241688,49.0253,198,0.215476,0.228958,0.224391,0.241688,47.0485,198,0.203932,0.228958,0.222857,0.241688,42.8401,198,0.117831,0.228958,0.123055,0.241688,21.3979,198,0.117831,0.228958,0.123055,0.241688,21.3979
outdoor_gravel_Tile_0,Tile_0,220,198,186.352,0.221998,0.222347,104.854,255,41.6103,4.76422,198,0.227334,0.221998,0.208056,0.222347,50.9076,198,0.222807,0.221998,0.223157,0.222347,47.7982,198,0.222865,0.221998,0.211844,0.222347,50.1688,198,0.20874,0.221998,0.200165,0.222347,46.7569,198,0.190886,0.221998,0.194522,0.222347,40.9411,198,0.106506,0.221998,0.102915,0.222347,19.4867,198,0.106506,0.221998,0.102915,0.222347,19.4867
outdoor_gravel_Tile_0,Tile_0,221,203,176.755,0.257958,0.269981,66.893,255,45.6931,4.50809,203,0.239223,0.257958,0.235697,0.269981,50.2271,203,0.259494,0.257958,0.270931,0.269981,52.577,203,0.252026,0.257958,0.256833,0.269981,53.2779,203,0.240647,0.257958,0.249821,0.269981,50.5524,203,0.236978,0.257958,0.256698,0.269981,48.0188,203,0.134746,0.257958,0.141679,0.269981,23.3658,203,0.134746,0.257958,0.141679,0.269981,23.3658
outdoor_gravel_Tile_0,Tile_0,222,203,177.12,0.24976,0.262742,55.153,255,44.2646,4.74524,203,0.245353,0.24976,0.240886,0.262742,51.6265,203,0.250393,0.24976,0.262971,0.262742,50.7543,203,0.248316,0.24976,0.253066,0.262742,52.6872,203,0.23195,0.24976,0.238024,0.262742,48.756,203,0.226376,0.24976,0.24596,0.262742,45.8392,203,0.135604,0.24976,0.145272,0.262742,23.1905,203,0.135604,0.24976,0.145272,0.262742,23.1905
outdoor_gravel_Tile_0,Tile_0,223,202,180.694,0.230391,0.238007,70.082,255,41.7859,4.58256,202,0.217114,0.230391,0.210224,0.238007,46.7041,202,0.232494,0.230391,0.240286,0.238007,48.239,202,0.224994,0.230391,0.224097,0.238007,48.8013,202,0.211418,0.230391,0.212498,0.238007,45.6066,202,0.207216,0.230391,0.221314,0.238007,43.0034,202,0.119937,0.230391,0.129744,0.238007,21.0892,202,0.119937,0.230391,0.129744,0.238007,21.0892
outdoor_gravel_Tile_0,Tile_0,224,210,188.336,0.218562,0.227129,83.538,255,41.4114,4.56166,210,0.221507,0.218562,0.206556,0.227129,50.4576,210,0.219976,0.218562,0.228483,0.227129,47.6783,210,0.216475,0.218562,0.211736,0.227129,49.1969,210,0.206254,0.218562,0.203705,0.227129,46.639,210,0.192101,0.218562,0.204472,0.227129,41.5068,210,0.101675,0.218562,0.103839,0.227129,18.9455,210,0.101675,0.218562,0.103839,0.227129,18.9455
outdoor_gravel_Tile_0,Tile_0,225,207,187.2,0.211147,0.2128,104.923,255,39.8996,4.65607,207,0.220039,0.211147,0.196298,0.2128,49.8936,207,0.211726,0.211147,0.213636,0.2128,45.7572,207,0.206923,0.211147,0.194034,0.2128,46.7644,207,0.19696,0.211147,0.184354,0.2128,44.3652,207,0.184479,0.211147,0.189934,0.2128,39.7653,207,0.104998,0.211147,0.101614,0.2128,19.3118,207,0.104998,0.211147,0.101614,0.2128,19.3118
outdoor_gravel_Tile_0,Tile_0,226,204,186.488,0.220348,0.226352,84.168,255,41.2953,4.80667,204,0.224695,0.220348,0.204883,0.226352,50.5806,204,0.220991,0.220348,0.226994,0.226352,47.3744,204,0.217678,0.220348,0.209921,0.226352,48.8963,204,0.206673,0.220348,0.202135,0.226352,46.3314,204,0.192932,0.220348,0.203306,0.226352,41.2168,204,0.0895602,0.220348,0.0894664,0.226352,16.3707,204,0.0895602,0.220348,0.0894664,0.226352,16.3707
outdoor_gravel_Tile_0,Tile_0,227,211,179.846,0.267857,0.287826,70.168,255,48.3966,4.51516,211,0.269762,0.267857,0.264362,0.287826,58.4368,211,0.269115,0.267857,0.289036,0.287826,55.6116,211,0.265136,0.267857,0.274586,0.287826,57.2734,211,0.262364,0.267857,0.279479,0.287826,56.466,211,0.243907,0.267857,0.270484,0.287826,50.159,211,0.125856,0.267857,0.135775,0.287826,21.9043,211,0.125856,0.267857,0.135775,0.287826,21.9043
outdoor_gravel_Tile_0,Tile_0,228,200,178.465,0.227236,0.221217,98.805,255,40.6032,4.69186,200,0.21599,0.227236,0.20289,0.221217,45.6419,200,0.226931,0.227236,0.220259,0.221217,46.3766,200,0.217256,0.227236,0.20686,0.221217,46.3103,200,0.196715,0.227236,0.186172,0.221217,41.6613,200,0.1968,0.227236,0.195744,0.221217,40.2725,200,0.118102,0.227236,0.11875,0.221217,20.3838,200,0.118102,0.227236,0.11875,0.221217,20.3838
outdoor_gravel_Tile_0,Tile_0,229,218,185.18,0.223507,0.233457,76.598,255,41.649,4.78191,218,0.236022,0.223507,0.228856,0.233457,52.721,218,0.224482,0.223507,0.23466,0.233457,47.8245,218,0.225977,0.223507,0.22718,0.233457,50.3877,218,0.222845,0.223507,0.228075,0.233457,49.4164,218,0.202298,0.223507,0.217711,0.233457,43.1052,218,0.133147,0.223507,0.138999,0.233457,24.1,218,0.133147,0.223507,0.138999,0.233457,24.1
outdoor_gravel_Tile_0,Tile_0,230,210,179.485,0.235812,0.243081,72.31,255,42.3488,4.51119,210,0.219862,0.235812,0.213872,0.243081,46.7428,210,0.236017,0.235812,0.242506,0.243081,48.4601,210,0.224526,0.235812,0.220847,0.243081,48.0434,210,0.212112,0.235812,0.21083,0.243081,45.068,210,0.206311,0.235812,0.217278,0.243081,42.4033,210,0.132114,0.235812,0.134451,0.243081,23.0651,210,0.132114,0.235812,0.134451,0.243081,23.0651
outdoor_gravel_Tile_0,Tile_0,231,211,179.67,0.220092,0.218158,73.919,255,39.6439,4.53534,211,0.209688,0.220092,0.201605,0.218158,44.9008,211,0.221001,0.220092,0.218481,0.218158,45.5192,211,0.213995,0.220092,0.203905,0.218158,46.0348,211,0.199072,0.220092,0.190965,0.218158,42.5415,211,0.191282,0.220092,0.196481,0.218158,39.5247,211,0.123673,0.220092,0.127341,0.218158,22.0802,211,0.123673,0.220092,0.127341,0.218158,22.0802
outdoor_gravel_Tile_0,Tile_0,232,210,179.113,0.245733,0.261489,59.484,255,44.1648,4.69468,210,0.25334,0.245733,0.249571,0.261489,54.3498,210,0.247227,0.245733,0.26244,0.261489,50.8054,210,0.248909,0.245733,0.257311,0.261489,53.5855,210,0.239314,0.245733,0.253657,0.261489,51.193,210,0.221887,0.245733,0.245464,0.261489,45.5632,210,0.125816,0.245733,0.138822,0.261489,21.7854,210,0.125816,0.245733,0.138822,0.261489,21.7854
outdoor_gravel_Tile_0,Tile_0,233,212,187.039,0.213388,0.223689,95.015,255,40.2562,4.70003,212,0.223293,0.213388,0.208554,0.223689,50.4502,212,0.214684,0.213388,0.225714,0.223689,46.3096,212,0.213413,0.213388,0.208127,0.223689,48.1284,212,0.202785,0.213388,0.19798,0.223689,45.5447,212,0.189852,0.213388,0.20487,0.223689,40.8259,212,0.12648,0.213388,0.122012,0.223689,22.8537,212,0.12648,0.213388,0.122012,0.223689,22.8537
outdoor_gravel_Tile_0,Tile_0,234,208,174.234,0.259629,0.266969,64.951,255,45.3465,4.43281,208,0.244251,0.259629,0.241244,0.266969,50.3794,208,0.261214,0.259629,0.268448,0.266969,52.1619,208,0.255297,0.259629,0.258055,0.266969,53.057,208,0.24662,0.259629,0.257097,0.266969,50.9812,208,0.23733,0.259629,0.252991,0.266969,47.403,208,0.135041,0.259629,0.14858,0.266969,22.9141,208,0.135041,0.259629,0.14858,0.266969,22.9141
outdoor_gravel_Tile_0,Tile_0,235,216,183.274,0.220895,0.22457,67.832,255,40.8031,4.78612,216,0.233079,0.220895,0.21908,0.22457,51.4998,216,0.220561,0.220895,0.22335,0.22457,46.5626,216,0.2182,0.220895,0.209901,0.22457,48.1862,216,0.206144,0.220895,0.199652,0.22457,45.238,216,0.193344,0.220895,0.201684,0.22457,40.7472,216,0.120389,0.220895,0.12542,0.22457,21.4875,216,0.120389,0.220895,0.12542,0.22457,21.4875
outdoor_gravel_Tile_0,Tile_0,236,213,184.577,0.230859,0.239069,90.153,255,42.9849,4.85023,213,0.238807,0.230859,0.222955,0.239069,52.9996,213,0.231131,0.230859,0.238522,0.239069,49.1825,213,0.229261,0.230859,0.224376,0.239069,50.9858,213,0.218468,0.230859,0.214259,0.239069,48.337,213,0.204409,0.230859,0.214957,0.239069,43.3804,213,0.10693,0.230859,0.109729,0.239069,19.1751,213,0.10693,0.230859,0.109729,0.239069,19.1751
outdoor_gravel_Tile_0,Tile_0,237,217,179.412,0.237742,0.241604,88.082,255,42.9201,4.5913,217,0.245505,0.237742,0.229851,0.241604,52.9299,217,0.237686,0.237742,0.240743,0.241604,49.0357,217,0.237046,0.237742,0.230145,0.241604,51.1383,217,0.225349,0.237742,0.220822,0.241604,48.2909,217,0.210363,0.237742,0.218094,0.241604,43.3259,217,0.116159,0.237742,0.120282,0.241604,20.4337,217,0.116159,0.237742,0.120282,0.241604,20.4337
outdoor_gravel_Tile_0,Tile_0,238,222,183.771,0.231696,0.239328,89.224,255,42.9968,4.65316,222,0.235322,0.231696,0.223093,0.239328,51.8235,222,0.232877,0.231696,0.240313,0.239328,49.3885,222,0.230132,0.231696,0.227054,0.239328,50.7249,222,0.220603,0.231696,0.219967,0.239328,48.3761,222,0.205876,0.231696,0.217255,0.239328,43.5294,222,0.108429,0.231696,0.11182,0.239328,19.384,222,0.108429,0.231696,0.11182,0.239328,19.384
outdoor_gravel_Tile_0,Tile_0,239,217,184.014,0.212952,0.211973,107.901,255,39.8091,4.6701,217,0.22303,0.212952,0.202908,0.211973,49.7535,217,0.214378,0.212952,0.213371,0.211973,45.8066,217,0.213704,0.212952,0.200273,0.211973,47.6868,217,0.199934,0.212952,0.186566,0.211973,44.3946,217,0.186217,0.212952,0.190103,0.211973,39.738,217,0.114399,0.212952,0.113655,0.211973,20.686,217,0.114399,0.212952,0.113655,0.211973,20.686
outdoor_gravel_Tile_0,Tile_0,240,192,175.978,0.251903,0.255441,65.527,255,44.2786,4.62396,192,0.220062,0.251903,0.213197,0.255441,46.5979,192,0.253199,0.251903,0.257327,0.255441,51.0626,192,0.235779,0.251903,0.232993,0.255441,50.0547,192,0.224593,0.251903,0.223463,0.255441,47.249,192,0.228992,0.251903,0.241094,0.255441,45.9858,192,0.101652,0.251903,0.105671,0.255441,17.8177,192,0.101652,0.251903,0.105671,0.255441,17.8177
outdoor_gravel_Tile_0,Tile_0,241,200,177.541,0.269026,0.285034,43.723,255,47.748,4.73093,200,0.2556,0.269026,0.255352,0.285034,54.7168,200,0.270549,0.269026,0.287558,0.285034,55.0713,200,0.261812,0.269026,0.269155,0.285034,56.121,200,0.249212,0.269026,0.261123,0.285034,52.9922,200,0.243106,0.269026,0.268084,0.285034,49.216,200,0.134966,0.269026,0.149998,0.285034,23.4658,200,0.134966,0.269026,0.149998,0.285034,23.4658
outdoor_gravel_Tile_0,Tile_0,242,218,179.68,0.257916,0.278033,64.772,255,46.4598,4.6648,218,0.263009,0.257916,0.259312,0.278033,56.7217,218,0.258201,0.257916,0.277529,0.278033,53.1593,218,0.254315,0.257916,0.263561,0.278033,54.8183,218,0.242766,0.257916,0.252893,0.278033,51.8907,218,0.233366,0.257916,0.258717,0.278033,47.9043,218,0.143768,0.257916,0.150468,0.278033,24.8274,218,0.143768,0.257916,0.150468,0.278033,24.8274
outdoor_gravel_Tile_0,Tile_0,243,218,187.574,0.211273,0.21678,95.172,255,40.0029,4.76411,218,0.2169,0.211273,0.200536,0.21678,48.9838,218,0.211455,0.211273,0.216858,0.21678,45.7587,218,0.206053,0.211273,0.196168,0.21678,46.4478,218,0.200298,0.211273,0.193266,0.21678,44.9479,218,0.185702,0.211273,0.193575,0.21678,40.1355,218,0.119577,0.211273,0.119516,0.21678,22.0032,218,0.119577,0.211273,0.119516,0.21678,22.0032
outdoor_gravel_Tile_0,Tile_0,244,223,181.542,0.243078,0.26323,66.957,255,44.5517,4.78476,223,0.248107,0.243078,0.246629,0.26323,53.9444,223,0.243504,0.243078,0.262538,0.26323,50.9918,223,0.241086,0.243078,0.251271,0.26323,52.5079,223,0.232332,0.243078,0.24408,0.26323,50.3009,223,0.21867,0.243078,0.244648,0.26323,45.6979,223,0.133772,0.243078,0.150717,0.26323,23.55,223,0.133772,0.243078,0.150717,0.26323,23.55
outdoor_gravel_Tile_0,Tile_0,245,177,148.374,0.303427,0.309893,47.609,255,44.9831,3.99953,170,0.297041,0.308202,0.29649,0.315752,52.1324,170,0.309658,0.308202,0.314015,0.315752,52.5873,170,0.283696,0.308202,0.29743,0.315752,50.1234,170,0.258076,0.308202,0.282839,0.315752,44.7956,170,0.277359,0.308202,0.291102,0.315752,47.2931,177,0.194523,0.303427,0.211966,0.309893,28.7519,170,0.198077,0.308202,0.215054,0.315752,29.198
outdoor_gravel_Tile_0,Tile_0,246,176,155.236,0.264043,0.253566,67.05,255,41.2376,4.40827,172,0.257382,0.263849,0.228602,0.254512,47.9067,172,0.266671,0.263849,0.254675,0.254512,47.8273,172,0.230801,0.263849,0.222302,0.254512,42.9763,172,0.19379,0.263849,0.200552,0.254512,35.404,172,0.2293,0.263849,0.226764,0.254512,41.3282,176,0.151855,0.264043,0.159061,0.253566,23.7152,172,0.152857,0.263849,0.160449,0.254512,23.8777
outdoor_gravel_Tile_0,Tile_0,247,175,154.503,0.266621,0.258716,56.794,255,41.5172,4.38109,171,0.262743,0.266665,0.247222,0.260035,48.8182,171,0.269892,0.266665,0.260404,0.260035,48.2552,171,0.24317,0.266665,0.243139,0.260035,45.2731,171,0.213621,0.266665,0.229973,0.260035,39.0995,171,0.23559,0.266665,0.238756,0.260035,42.4006,175,0.152815,0.266621,0.159138,0.258716,24.0316,171,0.154034,0.266665,0.160744,0.260035,24.2383
outdoor_gravel_Tile_0,Tile_0,248,174,151.148,0.292263,0.285239,70.484,255,44.1649,3.94602,166,0.288101,0.296161,0.272907,0.290812,52.1834,166,0.299195,0.296161,0.291132,0.290812,51.9654,166,0.265565,0.296161,0.265228,0.290812,48.208,166,0.230697,0.296161,0.238308,0.290812,40.804,166,0.264493,0.296161,0.264839,0.290812,46.0046,174,0.173617,0.292263,0.182332,0.285239,26.3918,166,0.177183,0.296161,0.18578,0.290812,26.8882
outdoor_gravel_Tile_0,Tile_0,249,174,153.429,0.281196,0.274199,67.815,255,43.2531,3.94156,166,0.274094,0.282359,0.258336,0.277093,50.581,166,0.285893,0.282359,0.278291,0.277093,50.5769,166,0.252626,0.282359,0.2514,0.277093,46.7502,166,0.220203,0.282359,0.227056,0.277093,39.7686,166,0.252746,0.282359,0.252139,0.277093,44.8315,174,0.16684,0.281196,0.172406,0.274199,25.9559,166,0.167841,0.282359,0.174141,0.277093,26.0837
outdoor_gravel_Tile_0,Tile_0,250,182,148.905,0.290362,0.28321,68.31,255,43.3604,4.18984,178,0.285189,0.291924,0.269901,0.285845,50.7772,178,0.293822,0.291924,0.284794,0.285845,50.2965,178,0.259271,0.291924,0.259859,0.285845,46.2155,178,0.222334,0.291924,0.237025,0.285845,38.8544,178,0.261318,0.291924,0.26415,0.285845,44.9558,182,0.176243,0.290362,0.187581,0.28321,26.5122,178,0.178152,0.291924,0.18957,0.285845,26.7806
outdoor_gravel_Tile_0,Tile_0,251,179,155.663,0.268698,0.257402,72.791,255,42.0849,4.22999,176,0.267355,0.26941,0.239641,0.258909,49.8619,176,0.273463,0.26941,0.260435,0.258909,49.1287,176,0.244983,0.26941,0.237411,0.258909,45.7912,176,0.206628,0.26941,0.216085,0.258909,37.9763,176,0.236384,0.26941,0.231546,0.258909,42.6341,179,0.132369,0.268698,0.136655,0.257402,20.8127,176,0.133449,0.26941,0.137792,0.258909,20.9805
outdoor_gravel_Tile_0,Tile_0,252,140,154.357,0.261571,0.24223,84.815,255,40.5947,4.39754,139,0.248091,0.262129,0.213958,0.242986,47.1931,139,0.264152,0.262129,0.243675,0.242986,47.0069,139,0.231152,0.262129,0.22236,0.242986,43.9161,139,0.20877,0.262129,0.209219,0.242986,38.3464,139,0.234214,0.262129,0.222609,0.242986,41.5064,140,0.108593,0.261571,0.109751,0.24223,17.6976,139,0.108985,0.262129,0.110124,0.242986,17.7572
outdoor_gravel_Tile_0,Tile_0,253,152,172.982,0.245819,0.239001,91.403,255,42.8034,4.3751,152,0.229763,0.245819,0.212237,0.239001,48.6392,152,0.249447,0.245819,0.242585,0.239001,49.8524,152,0.205103,0.245819,0.20519,0.239001,43.1787,152,0.183608,0.245819,0.191529,0.239001,37.5789,152,0.2228,0.245819,0.22396,0.239001,44.2307,152,0.119147,0.245819,0.116496,0.239001,20.9942,152,0.119147,0.245819,0.116496,0.239001,20.9942
outdoor_gravel_Tile_0,Tile_0,254,150,173.82,0.253065,0.246831,99.62,255,44.3363,4.38212,150,0.22633,0.253065,0.207857,0.246831,48.1115,150,0.256012,0.253065,0.249437,0.246831,51.4697,150,0.211284,0.253065,0.211005,0.246831,44.7759,150,0.192274,0.253065,0.196979,0.246831,39.6106,150,0.231117,0.253065,0.231116,0.246831,46.186,150,0.121418,0.253065,0.123687,0.246831,21.6327,150,0.121418,0.253065,0.123687,0.246831,21.6327
outdoor_gravel_Tile_0,Tile_0,255,191,174.31,0.253517,0.245548,92.071,255,44.2654,4.43268,191,0.223635,0.253517,0.208071,0.245548,46.8535,191,0.254719,0.253517,0.247206,0.245548,50.9109,191,0.234224,0.253517,0.223312,0.245548,49.2132,191,0.221854,0.253517,0.211906,0.245548,45.9261,191,0.225435,0.253517,0.224308,0.245548,44.8758,191,0.121837,0.253517,0.126695,0.245548,21.263,191,0.121837,0.253517,0.126695,0.245548,21.263
outdoor_gravel_Tile_0,Tile_0,256,197,176.968,0.253643,0.25949,73.359,255,45.0616,4.39071,197,0.226522,0.253643,0.220517,0.25949,48.1604,197,0.255417,0.253643,0.261377,0.25949,51.9441,197,0.237436,0.253643,0.240311,0.25949,50.6443,197,0.228015,0.253643,0.238308,0.25949,48.1572,197,0.230082,0.253643,0.243928,0.25949,46.706,197,0.106339,0.253643,0.111577,0.25949,18.9696,197,0.106339,0.253643,0.111577,0.25949,18.9696
outdoor_gravel_Tile_0,Tile_0,257,194,178.344,0.231951,0.228021,86.071,255,41.4826,4.42039,194,0.205234,0.231951,0.190331,0.228021,43.9961,194,0.232622,0.231951,0.228991,0.228021,47.6298,194,0.212223,0.231951,0.203485,0.228021,45.6335,194,0.200722,0.231951,0.19489,0.228021,42.7154,194,0.208257,0.231951,0.212048,0.228021,42.5894,194,0.100909,0.231951,0.101425,0.228021,18.0346,194,0.100909,0.231951,0.101425,0.228021,18.0346
outdoor_gravel_Tile_0,Tile_0,258,185,176.374,0.238896,0.235291,78.936,255,42.3206,4.34057,185,0.217667,0.238896,0.202626,0.235291,46.1064,185,0.23958,0.238896,0.23616,0.235291,48.5821,185,0.221703,0.238896,0.212735,0.235291,47.1185,185,0.212043,0.238896,0.208173,0.235291,44.56,185,0.215847,0.238896,0.219064,0.235291,43.5314,185,0.099767,0.238896,0.101832,0.235291,17.5829,185,0.099767,0.238896,0.101832,0.235291,17.5829
outdoor_gravel_Tile_0,Tile_0,259,184,174.4,0.267087,0.264889,81.691,255,46.8037,4.23383,184,0.236937,0.267087,0.223304,0.264889,49.3347,184,0.269253,0.267087,0.267345,0.264889,54.0153,184,0.249302,0.267087,0.244197,0.264889,52.211,184,0.241775,0.267087,0.244938,0.264889,49.9359,184,0.242265,0.267087,0.247381,0.264889,48.295,184,0.0971916,0.267087,0.101912,0.264889,16.9195,184,0.0971916,0.267087,0.101912,0.264889,16.9195
outdoor_gravel_Tile_0,Tile_0,260,186,175.53,0.254923,0.25547,81.86,255,44.9234,4.26081,186,0.237443,0.254923,0.228905,0.25547,49.994,186,0.256272,0.254923,0.257185,0.25547,51.6898,186,0.240279,0.254923,0.237562,0.25547,50.7112,186,0.231258,0.254923,0.233301,0.25547,48.1127,186,0.233085,0.254923,0.240251,0.25547,46.6752,186,0.120074,0.254923,0.125695,0.25547,20.8818,186,0.120074,0.254923,0.125695,0.25547,20.8818
outdoor_gravel_Tile_0,Tile_0,261,188,174.879,0.257672,0.259372,77.153,255,45.1726,4.27377,188,0.233541,0.257672,0.220664,0.259372,48.8682,188,0.259314,0.257672,0.261027,0.259372,52.0285,188,0.241581,0.257672,0.237504,0.259372,50.7052,188,0.233924,0.257672,0.234422,0.259372,48.378,188,0.235715,0.257672,0.244744,0.259372,46.9889,188,0.105352,0.257672,0.109337,0.259372,18.3251,188,0.105352,0.257672,0.109337,0.259372,18.3251
outdoor_gravel_Tile_0,Tile_0,262,182,177.632,0.244723,0.245172,87.299,255,43.5999,4.13491,182,0.220293,0.244723,0.207596,0.245172,46.7722,182,0.245837,0.244723,0.245605,0.245172,50.121,182,0.231166,0.244723,0.225672,0.245172,49.4667,182,0.223588,0.244723,0.221164,0.245172,47.0922,182,0.220222,0.244723,0.224937,0.245172,44.6512,182,0.110339,0.244723,0.111212,0.245172,19.4713,182,0.110339,0.244723,0.111212,0.245172,19.4713
outdoor_gravel_Tile_0,Tile_0,263,196,181.583,0.235912,0.242748,75.441,255,43.0115,4.31,196,0.207434,0.235912,0.198247,0.242748,44.8676,196,0.237894,0.235912,0.244321,0.242748,49.6203,196,0.218028,0.235912,0.217161,0.242748,47.3969,196,0.210476,0.235912,0.214771,0.242748,45.3249,196,0.213928,0.235912,0.226135,0.242748,44.4555,196,0.110567,0.235912,0.117551,0.242748,19.9487,196,0.110567,0.235912,0.117551,0.242748,19.9487
outdoor_gravel_Tile_0,Tile_0,264,195,177.462,0.253725,0.257358,68.104,255,45.1929,4.43247,195,0.227545,0.253725,0.219551,0.257358,47.9188,195,0.256425,0.253725,0.260374,0.257358,52.263,195,0.239506,0.253725,0.240727,0.257358,50.9097,195,0.231914,0.253725,0.241865,0.257358,48.8689,195,0.230037,0.253725,0.241495,0.257358,46.7549,195,0.115076,0.253725,0.120198,0.257358,20.1887,195,0.115076,0.253725,0.120198,0.257358,20.1887
outdoor_gravel_Tile_0,Tile_0,265,192,181.706,0.236239,0.240937,72.288,255,43.0826,4.21105,192,0.209821,0.236239,0.20196,0.240937,45.3223,192,0.23815,0.236239,0.242792,0.240937,49.7022,192,0.22028,0.236239,0.220331,0.240937,47.9014,192,0.215286,0.236239,0.222076,0.240937,46.3734,192,0.212599,0.236239,0.223855,0.240937,44.2616,192,0.109376,0.236239,0.11304,0.240937,19.7423,192,0.109376,0.236239,0.11304,0.240937,19.7423
outdoor_gravel_Tile_0,Tile_0,266,176,143.041,0.325588,0.319314,40.56,255,46.5961,3.96228,168,0.321773,0.330343,0.307574,0.325229,55.3759,168,0.335285,0.330343,0.327232,0.325229,55.1133,168,0.307021,0.330343,0.314767,0.325229,53.16,168,0.268479,0.330343,0.295751,0.325229,45.0885,168,0.298868,0.330343,0.307791,0.325229,49.2143,176,0.180567,0.325588,0.197079,0.319314,25.9368,168,0.182308,0.330343,0.199056,0.325229,26.1022
outdoor_gravel_Tile_0,Tile_0,267,180,151.622,0.289016,0.278047,73.06,255,43.9779,4.05504,173,0.2729,0.291715,0.250098,0.282577,49.8204,173,0.295108,0.291715,0.283212,0.282577,51.6507,173,0.25744,0.291715,0.247566,0.282577,47.2172,173,0.228006,0.291715,0.229032,0.282577,40.7494,173,0.258252,0.291715,0.251056,0.282577,45.3082,180,0.16575,0.289016,0.172191,0.278047,25.5295,173,0.168856,0.291715,0.175537,0.282577,26.0024
outdoor_gravel_Tile_0,Tile_0,268,185,153.35,0.282481,0.272714,65.484,255,43.2126,4.01573,181,0.279528,0.284534,0.254582,0.275506,51.3156,181,0.28754,0.284534,0.275897,0.275506,50.4504,181,0.251394,0.284534,0.246514,0.275506,46.0912,181,0.224315,0.284534,0.233465,0.275506,40.2024,181,0.251001,0.284534,0.246611,0.275506,44.1719,185,0.145847,0.282481,0.150624,0.272714,22.3267,181,0.147389,0.284534,0.151988,0.275506,22.5418
outdoor_gravel_Tile_0,Tile_0,269,183,144.24,0.315883,0.300165,72.017,255,45.6744,4.1278,176,0.30471,0.320202,0.280604,0.30469,52.6833,176,0.323044,0.320202,0.304654,0.30469,53.4827,176,0.28964,0.320202,0.276494,0.30469,50.2017,176,0.250931,0.320202,0.254559,0.30469,42.3776,176,0.283053,0.320202,0.270984,0.30469,46.8995,183,0.175187,0.315883,0.182479,0.300165,25.3928,176,0.175845,0.320202,0.18309,0.30469,25.3874
outdoor_gravel_Tile_0,Tile_0,270,176,152.481,0.275173,0.260748,78.31,255,42.1744,4.14491,168,0.264578,0.277322,0.240233,0.264611,48.5967,168,0.281095,0.277322,0.266485,0.264611,49.6102,168,0.238393,0.277322,0.226256,0.264611,43.9135,168,0.198817,0.277322,0.200144,0.264611,35.7307,168,0.247087,0.277322,0.239327,0.264611,43.7166,176,0.157279,0.275173,0.159409,0.260748,24.4484,168,0.160279,0.277322,0.162508,0.264611,24.9038
outdoor_gravel_Tile_0,Tile_0,271,176,154.726,0.286448,0.28155,75.929,255,44.5249,4.22792,169,0.278403,0.290476,0.26796,0.285857,51.7286,169,0.293855,0.290476,0.286553,0.285857,52.2929,169,0.262511,0.290476,0.262686,0.285857,48.9128,169,0.226541,0.290476,0.232323,0.285857,41.0764,169,0.257648,0.290476,0.254802,0.285857,45.9418,176,0.181865,0.286448,0.192275,0.28155,28.4467,169,0.18221,0.290476,0.192875,0.285857,28.4014
outdoor_gravel_Tile_0,Tile_0,272,180,151.166,0.283887,0.272213,74.039,255,43.2335,4.13993,172,0.277234,0.286059,0.254494,0.275987,50.567,172,0.291344,0.286059,0.278654,0.275987,51.0794,172,0.259341,0.286059,0.251417,0.275987,47.5389,172,0.225434,0.286059,0.230556,0.275987,40.45,172,0.256227,0.286059,0.249666,0.275987,45.0402,180,0.171998,0.283887,0.180746,0.272213,26.5687,172,0.172789,0.286059,0.181854,0.275987,26.6859
outdoor_gravel_Tile_0,Tile_0,273,180,154.542,0.260802,0.246799,73.082,255,40.3532,4.07411,179,0.266241,0.261133,0.236304,0.247338,49.5378,179,0.264064,0.261133,0.247442,0.247338,46.775,179,0.23321,0.261133,0.224453,0.247338,43.2608,179,0.1979,0.261133,0.206605,0.247338,35.9771,179,0.228892,0.261133,0.224118,0.247338,40.8018,180,0.131036,0.260802,0.134238,0.246799,20.5875,179,0.131408,0.261133,0.134603,0.247338,20.64
outdoor_gravel_Tile_0,Tile_0,274,179,153.145,0.280047,0.271064,71.245,255,42.9735,4.15695,173,0.270826,0.282042,0.246371,0.274648,49.4808,173,0.28563,0.282042,0.275543,0.274648,50.3718,173,0.252849,0.282042,0.246445,0.274648,46.4254,173,0.21002,0.282042,0.219398,0.274648,37.7101,173,0.248566,0.282042,0.246344,0.274648,43.9369,179,0.159136,0.280047,0.167773,0.271064,24.38,173,0.161634,0.282042,0.170559,0.274648,24.756
outdoor_gravel_Tile_0,Tile_0,275,184,161.709,0.268005,0.275507,49.688,255,43.6454,4.19508,183,0.25121,0.267642,0.236038,0.275539,48.757,183,0.272154,0.267642,0.277703,0.275539,50.7563,183,0.242454,0.267642,0.246422,0.275539,47.1317,183,0.21106,0.267642,0.228146,0.275539,40.387,183,0.237768,0.267642,0.250218,0.275539,44.5987,184,0.151613,0.268005,0.162774,0.275507,25.0423,183,0.151587,0.267642,0.162924,0.275539,25.0476
outdoor_gravel_Tile_0,Tile_0,276,184,173.775,0.246998,0.286256,40.111,255,43.3614,4.18805,183,0.236864,0.246057,0.259451,0.285813,49.8268,183,0.248168,0.246057,0.285919,0.285813,49.9113,183,0.219776,0.246057,0.256477,0.285813,46.1671,183,0.199141,0.246057,0.244729,0.285813,41.1582,183,0.225898,0.246057,0.269161,0.285813,45.7931,184,0.173555,0.246998,0.202545,0.286256,30.7868,183,0.173098,0.246057,0.202422,0.285813,30.7389
outdoor_gravel_Tile_0,Tile_0,277,186,166.594,0.233754,0.235098,68.039,255,39.0755,4.15884,186,0.229754,0.233754,0.219971,0.235098,45.9145,186,0.236012,0.233754,0.236046,0.235098,45.1175,186,0.209169,0.233754,0.214892,0.235098,41.8276,186,0.189142,0.233754,0.204414,0.235098,37.215,186,0.204426,0.233754,0.213382,0.235098,39.377,186,0.140661,0.233754,0.146473,0.235098,23.7904,186,0.140661,0.233754,0.146473,0.235098,23.7904
outdoor_gravel_Tile_0,Tile_0,278,184,145.646,0.31057,0.307118,61.06,255,45.3198,4.20738,179,0.30757,0.31472,0.299093,0.31058,53.3355,179,0.318534,0.31472,0.3113,0.31058,53.0934,179,0.286449,0.31472,0.291133,0.31058,49.7515,179,0.257906,0.31472,0.275392,0.31058,43.942,179,0.285425,0.31472,0.290308,0.31058,47.7834,184,0.194877,0.31057,0.213876,0.307118,28.5735,179,0.194841,0.31472,0.213713,0.31058,28.4455
outdoor_gravel_Tile_0,Tile_0,279,192,172.189,0.233618,0.230118,88.712,255,40.2785,4.08066,192,0.236295,0.233618,0.226771,0.230118,48.3374,192,0.236064,0.233618,0.231716,0.230118,46.5562,192,0.215686,0.233618,0.212711,0.230118,44.1185,192,0.200653,0.233618,0.204114,0.230118,40.5312,192,0.209327,0.233618,0.212183,0.230118,41.3009,192,0.129409,0.233618,0.134649,0.230118,21.8979,192,0.129409,0.233618,0.134649,0.230118,21.8979
outdoor_gravel_Tile_0,Tile_0,280,184,172.303,0.267042,0.279168,48.77,255,46.015,4.27181,184,0.250555,0.267042,0.247526,0.279168,51.2559,184,0.269908,0.267042,0.281074,0.279168,53.2041,184,0.237067,0.267042,0.250825,0.279168,48.5376,184,0.236332,0.267042,0.254762,0.279168,47.8035,184,0.248981,0.267042,0.265362,0.279168,49.3306,184,0.166263,0.267042,0.17337,0.279168,28.3787,184,0.166263,0.267042,0.17337,0.279168,28.3787
outdoor_gravel_Tile_0,Tile_0,281,179,158.65,0.27286,0.270439,58.968,255,43.3007,4.12672,179,0.269028,0.27286,0.25236,0.270439,50.7156,179,0.278035,0.27286,0.273979,0.270439,50.5,179,0.249479,0.27286,0.254682,0.270439,47.1328,179,0.221197,0.27286,0.236819,0.270439,41.1251,179,0.248666,0.27286,0.258004,0.270439,45.5445,179,0.157695,0.27286,0.167522,0.270439,25.1757,179,0.157695,0.27286,0.167522,0.270439,25.1757
outdoor_gravel_Tile_0,Tile_0,282,197,167.679,0.263628,0.260454,72.983,255,44.2818,4.26045,197,0.253314,0.263628,0.242304,0.260454,50.4855,197,0.265982,0.263628,0.261875,0.260454,51.1066,197,0.252962,0.263628,0.245514,0.260454,50.6326,197,0.239519,0.263628,0.239599,0.260454,47.3921,197,0.239414,0.263628,0.24425,0.260454,45.9721,197,0.133595,0.263628,0.142322,0.260454,22.0702,197,0.133595,0.263628,0.142322,0.260454,22.0702
outdoor_gravel_Tile_0,Tile_0,283,197,189.457,0.202912,0.208259,84.762,255,38.7278,4.49673,197,0.187052,0.202912,0.181518,0.208259,42.1897,197,0.205055,0.202912,0.209796,0.208259,44.7694,197,0.194539,0.202912,0.193019,0.208259,44.2766,197,0.179018,0.202912,0.178876,0.208259,40.357,197,0.179521,0.202912,0.191426,0.208259,39.2163,197,0.124339,0.202912,0.132622,0.208259,23.1018,197,0.124339,0.202912,0.132622,0.208259,23.1018
outdoor_gravel_Tile_0,Tile_0,284,169,180.726,0.222975,0.217679,108.299,255,40.5426,4.40976,169,0.191701,0.222975,0.177225,0.217679,42.316,169,0.226747,0.222975,0.221473,0.217679,47.2778,169,0.193139,0.222975,0.18642,0.217679,42.7053,169,0.183438,0.222975,0.180221,0.217679,39.6392,169,0.198204,0.222975,0.198016,0.217679,40.9608,169,0.109593,0.222975,0.109449,0.217679,20.4319,169,0.109593,0.222975,0.109449,0.217679,20.4319
outdoor_gravel_Tile_0,Tile_0,285,163,164.411,0.255632,0.241015,92.854,255,42.2243,4.41942,159,0.225169,0.257182,0.199204,0.243407,45.7684,159,0.261891,0.257182,0.247495,0.243407,49.6889,159,0.215751,0.257182,0.210596,0.243407,43.8771,159,0.195268,0.257182,0.1973,0.243407,38.3565,159,0.230142,0.257182,0.223722,0.243407,43.5495,163,0.103888,0.255632,0.10599,0.241015,18.2672,159,0.105116,0.257182,0.107262,0.243407,18.4708
outdoor_gravel_Tile_0,Tile_0,286,157,171.948,0.248877,0.242026,83.407,255,43.019,4.21075,157,0.22261,0.248877,0.203913,0.242026,46.9764,157,0.252693,0.248877,0.245289,0.242026,50.0954,157,0.204913,0.248877,0.2067,0.242026,43.0228,157,0.1933,0.248877,0.201014,0.242026,39.2613,157,0.222207,0.248877,0.219258,0.242026,43.63,157,0.108208,0.248877,0.107857,0.242026,19.1175,157,0.108208,0.248877,0.107857,0.242026,19.1175
outdoor_gravel_Tile_0,Tile_0,287,159,174.018,0.235264,0.23115,94.891,255,41.2219,4.19261,159,0.211314,0.235264,0.193585,0.23115,45.1225,159,0.238233,0.235264,0.233188,0.23115,47.8754,159,0.194891,0.235264,0.197711,0.23115,41.5178,159,0.181696,0.235264,0.188369,0.23115,37.557,159,0.20941,0.235264,0.208906,0.23115,41.7558,159,0.109256,0.235264,0.112687,0.23115,19.6093,159,0.109256,0.235264,0.112687,0.23115,19.6093
outdoor_gravel_Tile_0,Tile_0,288,162,164.212,0.23798,0.226491,80.228,255,39.2374,4.4322,156,0.213184,0.235038,0.191112,0.224544,43.6049,156,0.238414,0.235038,0.226522,0.224544,45.3925,156,0.194822,0.235038,0.191587,0.224544,39.8659,156,0.171383,0.235038,0.174965,0.224544,33.784,156,0.207052,0.235038,0.204092,0.224544,39.5096,162,0.118475,0.23798,0.1177,0.226491,20.64,156,0.114869,0.235038,0.114067,0.224544,20.084
outdoor_gravel_Tile_0,Tile_0,289,166,175.363,0.226787,0.221915,100.99,255,40.0696,4.15426,166,0.205991,0.226787,0.192362,0.221915,44.3139,166,0.229544,0.226787,0.223635,0.221915,46.4964,166,0.18851,0.226787,0.189468,0.221915,40.3918,166,0.163193,0.226787,0.166921,0.221915,33.9568,166,0.201558,0.226787,0.201614,0.221915,40.5508,166,0.11851,0.226787,0.127155,0.221915,21.2822,166,0.11851,0.226787,0.127155,0.221915,21.2822
outdoor_gravel_Tile_0,Tile_0,290,166,173.083,0.228856,0.221848,89.082,255,40.0342,4.16762,166,0.205402,0.228856,0.187951,0.221848,43.7698,166,0.232059,0.228856,0.224627,0.221848,46.5386,166,0.188745,0.228856,0.188899,0.221848,40.098,166,0.173537,0.228856,0.182262,0.221848,35.8054,166,0.205091,0.228856,0.203174,0.221848,40.8448,166,0.114505,0.228856,0.114998,0.221848,20.5431,166,0.114505,0.228856,0.114998,0.221848,20.5431
outdoor_gravel_Tile_0,Tile_0,291,156,155.383,0.271981,0.250102,80.293,255,42.5337,4.34353,149,0.252899,0.271594,0.220815,0.251485,49.1072,149,0.275471,0.271594,0.253179,0.251485,49.81,149,0.228901,0.271594,0.219039,0.251485,44.3621,149,0.19276,0.271594,0.195405,0.251485,35.7854,149,0.23768,0.271594,0.226739,0.251485,42.9684,156,0.11754,0.271981,0.118374,0.250102,19.3527,149,0.117363,0.271594,0.118748,0.251485,19.3739
outdoor_gravel_Tile_0,Tile_0,292,166,170.833,0.251787,0.241379,105.261,255,43.2452,4.33169,166,0.221275,0.251787,0.201013,0.241379,46.4281,166,0.255806,0.251787,0.245139,0.241379,50.332,166,0.20894,0.251787,0.203626,0.241379,43.6016,166,0.192066,0.251787,0.192956,0.241379,38.8322,166,0.229533,0.251787,0.223776,0.241379,44.772,166,0.121802,0.251787,0.118878,0.241379,21.6863,166,0.121802,0.251787,0.118878,0.241379,21.6863
outdoor_gravel_Tile_0,Tile_0,293,166,147.782,0.297332,0.277857,72.071,255,44.0843,4.39964,158,0.274959,0.301393,0.242199,0.282364,50.2562,158,0.305305,0.301393,0.284006,0.282364,51.9689,158,0.252122,0.301393,0.241026,0.282364,45.9079,158,0.222512,0.301393,0.227107,0.282364,38.9465,158,0.270299,0.301393,0.259962,0.282364,46.0116,166,0.138824,0.297332,0.147634,0.277857,21.6614,158,0.137764,0.301393,0.147253,0.282364,21.4718
outdoor_gravel_Tile_0,Tile_0,294,186,170.593,0.266903,0.266549,71.577,255,45.5164,4.39191,186,0.242918,0.266903,0.233055,0.266549,49.7052,186,0.268493,0.266903,0.268611,0.266549,52.4222,186,0.250998,0.266903,0.247543,0.266549,51.5704,186,0.235439,0.266903,0.233466,0.266549,47.5211,186,0.244138,0.266903,0.253827,0.266549,47.4443,186,0.124886,0.266903,0.131393,0.266549,21.1395,186,0.124886,0.266903,0.131393,0.266549,21.1395
outdoor_gravel_Tile_0,Tile_0,295,196,175.649,0.245442,0.251218,55.751,255,43.1345,4.43844,196,0.221713,0.245442,0.216137,0.251218,46.7695,196,0.246067,0.245442,0.251241,0.251218,49.4953,196,0.22922,0.245442,0.230952,0.251218,48.4871,196,0.216058,0.245442,0.220485,0.251218,45.1448,196,0.218454,0.245442,0.2313,0.251218,43.8557,196,0.103866,0.245442,0.114973,0.251218,18.2798,196,0.103866,0.245442,0.114973,0.251218,18.2798
outdoor_gravel_Tile_0,Tile_0,296,191,175.476,0.268819,0.279123,85.512,255,47.3414,4.33699,191,0.241483,0.268819,0.242199,0.279123,50.8152,191,0.271514,0.268819,0.282268,0.279123,54.7506,191,0.252578,0.268819,0.263643,0.279123,53.5453,191,0.245768,0.268819,0.263973,0.279123,51.3492,191,0.248309,0.268819,0.267057,0.279123,49.9554,191,0.136479,0.268819,0.146679,0.279123,23.971,191,0.136479,0.268819,0.146679,0.279123,23.971
outdoor_gravel_Tile_0,Tile_0,297,171,177.575,0.229694,0.220386,101.022,255,40.9048,4.36658,171,0.209128,0.229694,0.191175,0.220386,44.5704,171,0.23117,0.229694,0.221997,0.220386,47.148,171,0.212418,0.229694,0.198447,0.220386,45.7569,171,0.199314,0.229694,0.186075,0.220386,42.2486,171,0.20354,0.229694,0.201538,0.220386,41.3411,171,0.102933,0.229694,0.103631,0.220386,18.2424,171,0.102933,0.229694,0.103631,0.220386,18.2424
outdoor_gravel_Tile_0,Tile_0,298,186,179.938,0.23848,0.240478,71.25,255,43.0904,4.27733,186,0.215805,0.23848,0.208836,0.240478,46.6077,186,0.240253,0.23848,0.242527,0.240478,49.6792,186,0.224327,0.23848,0.222322,0.240478,48.704,186,0.218706,0.23848,0.221524,0.240478,46.8032,186,0.215285,0.23848,0.223091,0.240478,44.2993,186,0.138547,0.23848,0.142786,0.240478,24.837,186,0.138547,0.23848,0.142786,0.240478,24.837
outdoor_gravel_Tile_0,Tile_0,299,173,169.125,0.262156,0.247688,98.409,255,44.536,4.35672,173,0.245829,0.262156,0.223505,0.247688,50.0584,173,0.264429,0.262156,0.249701,0.247688,51.4696,173,0.244382,0.262156,0.226757,0.247688,50.1589,173,0.223883,0.262156,0.208611,0.247688,45.0861,173,0.233879,0.262156,0.227395,0.247688,45.3636,173,0.109838,0.262156,0.111237,0.247688,18.6939,173,0.109838,0.262156,0.111237,0.247688,18.6939
outdoor_gravel_Tile_0,Tile_0,300,179,172.417,0.225733,0.221243,77.544,255,39.0339,4.08148,179,0.211343,0.225733,0.191154,0.221243,44.0079,179,0.229172,0.225733,0.224188,0.221243,45.365,179,0.186634,0.225733,0.18509,0.221243,38.7323,179,0.165967,0.225733,0.171894,0.221243,33.797,179,0.202643,0.225733,0.207121,0.221243,40.124,179,0.100964,0.225733,0.100802,0.221243,17.9848,179,0.100964,0.225733,0.100802,0.221243,17.9848
outdoor_gravel_Tile_0,Tile_0,301,196,179.423,0.231857,0.233533,69.854,255,41.6516,4.36538,196,0.216326,0.231857,0.205027,0.233533,46.1522,196,0.232541,0.231857,0.234197,0.233533,47.7878,196,0.218099,0.231857,0.2127,0.233533,46.8495,196,0.206851,0.231857,0.205321,0.233533,43.9917,196,0.205766,0.231857,0.212434,0.233533,42.1741,196,0.105926,0.231857,0.107665,0.233533,18.7233,196,0.105926,0.231857,0.107665,0.233533,18.7233
outdoor_gravel_Tile_0,Tile_0,302,191,180.827,0.230945,0.241066,56.83,255,41.8832,4.56362,191,0.210474,0.230945,0.20237,0.241066,45.2133,191,0.231989,0.230945,0.242317,0.241066,48.1415,191,0.217425,0.230945,0.219478,0.241066,47.1851,191,0.201572,0.230945,0.205193,0.241066,43.4171,191,0.204269,0.230945,0.220331,0.241066,42.3009,191,0.114301,0.230945,0.120098,0.241066,20.3815,191,0.114301,0.230945,0.120098,0.241066,20.3815
outdoor_gravel_Tile_0,Tile_0,303,176,173.688,0.235361,0.236969,71.957,255,41.0455,4.04503,176,0.215912,0.235361,0.200517,0.236969,45.2072,176,0.238012,0.235361,0.238807,0.236969,47.5133,176,0.200485,0.235361,0.204584,0.236969,41.8555,176,0.183129,0.235361,0.194026,0.236969,37.478,176,0.209771,0.235361,0.216705,0.236969,41.8133,176,0.116513,0.235361,0.12784,0.236969,20.6911,176,0.116513,0.235361,0.12784,0.236969,20.6911
outdoor_gravel_Tile_0,Tile_0,304,187,175.757,0.251581,0.258902,72.665,255,44.326,4.17634,187,0.227709,0.251581,0.221646,0.258902,47.8209,187,0.253066,0.251581,0.260007,0.258902,51.0423,187,0.240135,0.251581,0.244064,0.258902,50.8202,187,0.231987,0.251581,0.244202,0.258902,48.4173,187,0.225777,0.251581,0.241092,0.258902,45.4039,187,0.108352,0.251581,0.114552,0.258902,18.9933,187,0.108352,0.251581,0.114552,0.258902,18.9933
outdoor_gravel_Tile_0,Tile_0,305,185,175.207,0.241408,0.233698,100.334,255,43.6121,4.15031,185,0.221574,0.241408,0.199071,0.233698,47.9404,185,0.245167,0.241408,0.237175,0.233698,50.6878,185,0.224637,0.241408,0.209828,0.233698,48.8368,185,0.21082,0.241408,0.200337,0.233698,45.2892,185,0.220014,0.241408,0.22114,0.233698,45.6364,185,0.165249,0.241408,0.155408,0.233698,30.4888,185,0.165249,0.241408,0.155408,0.233698,30.4888
outdoor_gravel_Tile_0,Tile_0,306,180,165.891,0.265143,0.269345,58.381,255,44.0845,4.09512,180,0.253783,0.265143,0.246822,0.269345,50.5824,180,0.268066,0.265143,0.27164,0.269345,51.0257,180,0.238141,0.265143,0.252652,0.269345,47.4195,180,0.216578,0.265143,0.244612,0.269345,42.3171,180,0.240202,0.265143,0.252971,0.269345,45.7347,180,0.137343,0.265143,0.150299,0.269345,22.8681,180,0.137343,0.265143,0.150299,0.269345,22.8681
outdoor_gravel_Tile_0,Tile_0,307,184,176.171,0.23823,0.232718,100.334,255,43.3594,4.1331,184,0.220831,0.23823,0.199949,0.232718,48.2026,184,0.242204,0.23823,0.236253,0.232718,50.4431,184,0.21739,0.23823,0.206914,0.232718,47.6389,184,0.20013,0.23823,0.193334,0.232718,43.3821,184,0.217109,0.23823,0.219907,0.232718,45.4413,184,0.183631,0.23823,0.171737,0.232718,33.9635,184,0.183631,0.23823,0.171737,0.232718,33.9635
outdoor_gravel_Tile_0,Tile_0,308,182,175.543,0.275474,0.295276,70.687,255,49.2605,4.13227,182,0.258686,0.275474,0.269327,0.295276,55.0288,182,0.277672,0.275474,0.295537,0.295276,56.8207,182,0.258132,0.275474,0.272623,0.295276,55.1612,182,0.237946,0.275474,0.252629,0.295276,50.0406,182,0.252788,0.275474,0.277461,0.295276,51.6503,182,0.202863,0.275474,0.22112,0.295276,36.3614,182,0.202863,0.275474,0.22112,0.295276,36.3614
outdoor_gravel_Tile_0,Tile_0,309,185,182.376,0.253336,0.258548,93.17,255,46.6018,4.21364,185,0.226231,0.253336,0.219107,0.258548,49.4951,185,0.256399,0.253336,0.261406,0.258548,53.9865,185,0.239093,0.253336,0.236477,0.258548,52.7639,185,0.229021,0.253336,0.230358,0.258548,49.7026,185,0.231216,0.253336,0.242506,0.258548,48.5421,185,0.143852,0.253336,0.142263,0.258548,26.2285,185,0.143852,0.253336,0.142263,0.258548,26.2285
outdoor_gravel_Tile_0,Tile_0,310,198,185.508,0.228767,0.237187,82.605,255,42.6077,4.3778,198,0.212727,0.228767,0.210508,0.237187,46.9882,198,0.230895,0.228767,0.239033,0.237187,49.2037,198,0.219898,0.228767,0.223874,0.237187,48.8392,198,0.21379,0.228767,0.224644,0.237187,47.1846,198,0.205951,0.228767,0.219997,0.237187,43.7982,198,0.122296,0.228767,0.130444,0.237187,22.4546,198,0.122296,0.228767,0.130444,0.237187,22.4546
outdoor_gravel_Tile_0,Tile_0,311,187,179.34,0.237456,0.246784,78.441,255,42.8122,4.26006,187,0.221664,0.237456,0.215964,0.246784,47.5807,187,0.240406,0.237456,0.248685,0.246784,49.6221,187,0.222565,0.237456,0.224669,0.246784,48.0359,187,0.203519,0.237456,0.208721,0.246784,43.2428,187,0.210588,0.237456,0.226164,0.246784,43.3482,187,0.121085,0.237456,0.124175,0.246784,21.6806,187,0.121085,0.237456,0.124175,0.246784,21.6806
outdoor_gravel_Tile_0,Tile_0,312,170,142.14,0.348446,0.340672,54.048,255,49.5592,4.0669,162,0.329992,0.35467,0.308809,0.348421,56.6223,162,0.359148,0.35467,0.349697,0.348421,58.6876,162,0.318464,0.35467,0.312357,0.348421,54.6204,162,0.284075,0.35467,0.292543,0.348421,47.0506,162,0.316483,0.35467,0.312518,0.348421,51.4377,170,0.201829,0.348446,0.218866,0.340672,28.927,162,0.206702,0.35467,0.223199,0.348421,29.5393
outdoor_gravel_Tile_0,Tile_0,313,192,181.242,0.227555,0.225474,105.136,255,41.4388,4.60992,192,0.209932,0.227555,0.197786,0.225474,45.3426,192,0.229344,0.227555,0.227738,0.225474,47.7933,192,0.213277,0.227555,0.204654,0.225474,46.4205,192,0.19634,0.227555,0.188322,0.225474,42.4194,192,0.201621,0.227555,0.20632,0.225474,41.9804,192,0.110875,0.227555,0.111583,0.225474,19.9684,192,0.110875,0.227555,0.111583,0.225474,19.9684
outdoor_gravel_Tile_0,Tile_0,314,170,138.576,0.339303,0.341148,54.951,255,46.9835,4.08442,162,0.327123,0.344141,0.31309,0.348426,54.7146,162,0.34696,0.344141,0.347192,0.348426,55.2338,162,0.304903,0.344141,0.307866,0.348426,50.8826,162,0.26876,0.344141,0.290512,0.348426,43.3756,162,0.310348,0.344141,0.315859,0.348426,49.2871,170,0.219509,0.339303,0.236681,0.341148,30.6514,162,0.224587,0.344141,0.241798,0.348426,31.3145
outdoor_gravel_Tile_0,Tile_0,315,207,173.598,0.259238,0.259022,84.794,255,45.1395,4.34842,207,0.235204,0.259238,0.226209,0.259022,48.7874,207,0.261516,0.259238,0.261334,0.259022,52.0882,207,0.247081,0.259238,0.244559,0.259022,51.5195,207,0.233531,0.259238,0.236889,0.259022,48.2506,207,0.235789,0.259238,0.244123,0.259022,46.9498,207,0.117028,0.259238,0.126894,0.259022,20.1993,207,0.117028,0.259238,0.126894,0.259022,20.1993
outdoor_gravel_Tile_0,Tile_0,316,191,174.365,0.236114,0.229125,92.31,255,41.1157,4.31787,191,0.223201,0.236114,0.20805,0.229125,46.2713,191,0.237296,0.236114,0.228578,0.229125,47.2808,191,0.220304,0.236114,0.207619,0.229125,45.9046,191,0.205079,0.236114,0.19461,0.229125,42.0934,191,0.204907,0.236114,0.203042,0.229125,40.7081,191,0.116787,0.236114,0.120883,0.229125,20.0613,191,0.116787,0.236114,0.120883,0.229125,20.0613
outdoor_gravel_Tile_0,Tile_0,317,179,178.228,0.220949,0.217353,104.811,255,39.6271,4.37817,179,0.207782,0.220949,0.192802,0.217353,44.414,179,0.223169,0.220949,0.21842,0.217353,45.8228,179,0.200815,0.220949,0.192854,0.217353,43.1865,179,0.183379,0.220949,0.174862,0.217353,38.9016,179,0.19424,0.220949,0.192912,0.217353,39.9023,179,0.12851,0.220949,0.128848,0.217353,23.0677,179,0.12851,0.220949,0.128848,0.217353,23.0677
outdoor_gravel_Tile_0,Tile_0,318,180,145.966,0.288388,0.265067,74.05,255,42.1242,3.9585,176,0.28438,0.291167,0.24541,0.267994,50.002,176,0.29482,0.291167,0.268627,0.267994,49.3413,176,0.256057,0.291167,0.241922,0.267994,44.9886,176,0.213074,0.291167,0.213961,0.267994,36.4488,176,0.255869,0.291167,0.242725,0.267994,42.9609,180,0.137535,0.288388,0.145777,0.265067,20.4336,176,0.138463,0.291167,0.146472,0.267994,20.5427
outdoor_gravel_Tile_0,Tile_0,319,175,150.608,0.3021,0.294804,74.288,255,45.413,4.06315,168,0.288634,0.306767,0.273253,0.300393,52.1212,168,0.310434,0.306767,0.301316,0.300393,53.5332,168,0.27134,0.306767,0.270647,0.300393,49.0649,168,0.241749,0.306767,0.251239,0.300393,42.4382,168,0.271792,0.306767,0.26621,0.300393,46.8187,175,0.159017,0.3021,0.173751,0.294804,23.8802,168,0.161774,0.306767,0.176258,0.300393,24.2328
outdoor_gravel_Tile_0,Tile_0,320,179,141.84,0.327961,0.314646,68.153,255,46.4825,3.9242,171,0.324573,0.333847,0.308448,0.32173,55.4639,171,0.33791,0.333847,0.32298,0.32173,54.9879,171,0.303126,0.333847,0.301413,0.32173,51.7561,171,0.268263,0.333847,0.282839,0.32173,44.4973,171,0.299923,0.333847,0.291743,0.32173,48.7151,179,0.191701,0.327961,0.209033,0.314646,27.3477,171,0.195861,0.333847,0.212685,0.32173,27.8498
outdoor_gravel_Tile_0,Tile_0,321,181,154.146,0.274387,0.257099,88.729,255,42.3799,3.94898,176,0.275381,0.278085,0.247017,0.260497,51.0089,176,0.282712,0.278085,0.263311,0.260497,49.9951,176,0.250247,0.278085,0.241722,0.260497,46.4345,176,0.216352,0.278085,0.225095,0.260497,39.1912,176,0.24293,0.278085,0.234002,0.260497,43.0726,181,0.129138,0.274387,0.133341,0.257099,20.2492,176,0.128854,0.278085,0.132839,0.260497,20.1675
outdoor_gravel_Tile_0,Tile_0,322,207,174.085,0.252668,0.2582,54.566,255,44.2477,4.67172,207,0.237208,0.252668,0.231185,0.2582,49.3144,207,0.254871,0.252668,0.26048,0.2582,51.0562,207,0.237904,0.252668,0.241107,0.2582,49.7093,207,0.227742,0.252668,0.240167,0.2582,47.2226,207,0.228016,0.252668,0.243019,0.2582,45.7266,207,0.124093,0.252668,0.133127,0.2582,21.4343,207,0.124093,0.252668,0.133127,0.2582,21.4343
outdoor_gravel_Tile_0,Tile_0,323,184,168.59,0.258728,0.26701,71.407,255,43.587,3.94055,184,0.251389,0.258728,0.257662,0.26701,50.6917,184,0.259486,0.258728,0.26557,0.26701,49.9851,184,0.228374,0.258728,0.245211,0.26701,45.8749,184,0.202845,0.258728,0.219429,0.26701,39.8662,184,0.232578,0.258728,0.248047,0.26701,44.816,184,0.165595,0.258728,0.187534,0.26701,27.8811,184,0.165595,0.258728,0.187534,0.26701,27.8811
outdoor_gravel_Tile_0,Tile_0,324,192,173.512,0.239711,0.23873,77.099,255,41.7594,4.26098,192,0.224158,0.239711,0.209189,0.23873,46.4888,192,0.243099,0.239711,0.240765,0.23873,48.4412,192,0.216987,0.239711,0.21553,0.23873,45.1292,192,0.201007,0.239711,0.207193,0.23873,41.2345,192,0.213288,0.239711,0.219928,0.23873,42.6117,192,0.10057,0.239711,0.103841,0.23873,17.6758,192,0.10057,0.239711,0.103841,0.23873,17.6758
outdoor_gravel_Tile_0,Tile_0,325,207,175.27,0.244397,0.235201,103.143,255,43.2094,4.79409,207,0.228194,0.244397,0.212227,0.235201,47.7837,207,0.246145,0.244397,0.236779,0.235201,49.7639,207,0.229742,0.244397,0.216394,0.235201,48.3981,207,0.211909,0.244397,0.202487,0.235201,44.3004,207,0.213955,0.244397,0.211576,0.235201,43.3348,207,0.102688,0.244397,0.107241,0.235201,18.2271,207,0.102688,0.244397,0.107241,0.235201,18.2271
outdoor_gravel_Tile_0,Tile_0,326,196,177.092,0.218427,0.215297,103.17,255,38.8794,4.36262,196,0.202402,0.218427,0.185676,0.215297,43.0485,196,0.220595,0.218427,0.216419,0.215297,44.9042,196,0.192651,0.218427,0.188217,0.215297,41.0076,196,0.182171,0.218427,0.182633,0.215297,38.3061,196,0.191244,0.218427,0.192891,0.215297,39.1194,196,0.0995157,0.218427,0.100439,0.215297,18.1207,196,0.0995157,0.218427,0.100439,0.215297,18.1207
outdoor_gravel_Tile_0,Tile_0,327,177,155.886,0.263841,0.246888,93.983,255,41.1391,4.11951,176,0.254747,0.264081,0.222088,0.247359,47.7959,176,0.26768,0.264081,0.248984,0.247359,47.8238,176,0.23113,0.264081,0.21999,0.247359,43.3514,176,0.198722,0.264081,0.202994,0.247359,36.4338,176,0.228453,0.264081,0.220169,0.247359,41.0524,177,0.120221,0.263841,0.122048,0.246888,19.0573,176,0.120544,0.264081,0.122392,0.247359,19.1043
outdoor_gravel_Tile_0,Tile_0,328,189,169.883,0.240154,0.241613,59.504,255,40.838,4.1438,189,0.235874,0.240154,0.23411,0.241613,47.7704,189,0.241594,0.240154,0.242065,0.241613,46.9738,189,0.205423,0.240154,0.210645,0.241613,41.5313,189,0.177471,0.240154,0.190268,0.241613,35.3624,189,0.212459,0.240154,0.22208,0.241613,41.4661,189,0.140832,0.240154,0.147696,0.241613,24.0378,189,0.140832,0.240154,0.147696,0.241613,24.0378
outdoor_gravel_Tile_0,Tile_0,329,186,161.973,0.244401,0.240879,73.267,255,39.7489,4.05353,186,0.24446,0.244401,0.22522,0.240879,47.6246,186,0.246495,0.244401,0.240836,0.240879,45.8574,186,0.224,0.244401,0.224964,0.240879,43.6464,186,0.193103,0.244401,0.205883,0.240879,36.9874,186,0.213805,0.244401,0.219066,0.240879,40.028,186,0.134441,0.244401,0.146731,0.240879,22.1217,186,0.134441,0.244401,0.146731,0.240879,22.1217
outdoor_gravel_Tile_0,Tile_0,330,193,178.05,0.21766,0.22203,88.17,255,38.9087,4.13458,193,0.202255,0.21766,0.190467,0.22203,43.1316,193,0.218304,0.21766,0.221673,0.22203,44.6113,193,0.180842,0.21766,0.184166,0.22203,38.4754,193,0.164088,0.21766,0.172274,0.22203,34.4694,193,0.192884,0.21766,0.202071,0.22203,39.6287,193,0.1501,0.21766,0.160597,0.22203,26.9505,193,0.1501,0.21766,0.160597,0.22203,26.9505
outdoor_gravel_Tile_0,Tile_0,331,201,175.379,0.262547,0.278504,53.854,255,46.1638,4.60051,201,0.241264,0.262547,0.240235,0.278504,50.1434,201,0.265302,0.262547,0.280986,0.278504,53.3615,201,0.251003,0.262547,0.258552,0.278504,52.656,201,0.238037,0.262547,0.252169,0.278504,49.4799,201,0.238326,0.262547,0.261176,0.278504,47.9674,201,0.141424,0.262547,0.152295,0.278504,24.1516,201,0.141424,0.262547,0.152295,0.278504,24.1516
outdoor_gravel_Tile_0,Tile_0,332,187,151.451,0.273123,0.259846,76.136,255,41.671,3.98903,186,0.271856,0.273826,0.24078,0.260541,49.6378,186,0.276014,0.273826,0.25986,0.260541,48.1677,186,0.241815,0.273826,0.233887,0.260541,44.1346,186,0.205654,0.273826,0.21096,0.260541,36.914,186,0.24242,0.273826,0.237382,0.260541,42.5716,187,0.145438,0.273123,0.150484,0.259846,22.6412,186,0.145549,0.273826,0.150501,0.260541,22.6478
outdoor_gravel_Tile_0,Tile_0,333,185,167.016,0.233922,0.229793,88.592,255,39.2873,4.09596,185,0.23227,0.233922,0.21592,0.229793,46.7292,185,0.236506,0.233922,0.231184,0.229793,45.4269,185,0.209677,0.233922,0.211317,0.229793,42.2379,185,0.194696,0.233922,0.209017,0.229793,38.7361,185,0.208551,0.233922,0.21305,0.229793,40.428,185,0.123811,0.233922,0.126249,0.229793,21.2764,185,0.123811,0.233922,0.126249,0.229793,21.2764
outdoor_gravel_Tile_0,Tile_0,334,181,159.139,0.254491,0.242085,92.224,255,41.2623,4.21566,180,0.247431,0.252937,0.21578,0.24019,48.2189,180,0.257245,0.252937,0.24206,0.24019,47.7842,180,0.218465,0.252937,0.205731,0.24019,42.591,180,0.182905,0.252937,0.183216,0.24019,35.2854,180,0.22143,0.252937,0.212894,0.24019,41.5651,181,0.175613,0.254491,0.167718,0.242085,29.2687,180,0.174416,0.252937,0.166289,0.24019,29.1132
outdoor_gravel_Tile_0,Tile_0,335,202,179.827,0.223839,0.236099,64.951,255,40.4308,4.36403,202,0.211003,0.223839,0.207299,0.236099,45.1947,202,0.22653,0.223839,0.237166,0.236099,46.8135,202,0.212345,0.223839,0.217957,0.236099,45.8135,202,0.197446,0.223839,0.207162,0.236099,42.0607,202,0.199182,0.223839,0.219328,0.236099,41.3008,202,0.124429,0.223839,0.131159,0.236099,22.3,202,0.124429,0.223839,0.131159,0.236099,22.3
outdoor_gravel_Tile_0,Tile_0,336,207,173.963,0.254762,0.261657,60.772,255,44.4432,4.65096,207,0.244615,0.254762,0.242073,0.261657,50.4526,207,0.25678,0.254762,0.263008,0.261657,51.2364,207,0.245162,0.254762,0.249117,0.261657,51.0221,207,0.233223,0.254762,0.243493,0.261657,47.9824,207,0.230241,0.254762,0.24629,0.261657,45.9996,207,0.127033,0.254762,0.136971,0.261657,21.4756,207,0.127033,0.254762,0.136971,0.261657,21.4756
outdoor_gravel_Tile_0,Tile_0,337,196,175.634,0.229177,0.23208,78.078,255,40.4474,4.19885,196,0.221268,0.229177,0.212552,0.23208,46.468,196,0.231386,0.229177,0.233068,0.23208,46.7026,196,0.203982,0.229177,0.205955,0.23208,42.9226,196,0.187937,0.229177,0.194212,0.23208,39.0381,196,0.203278,0.229177,0.211826,0.23208,41.2445,196,0.131241,0.229177,0.134337,0.23208,23.1443,196,0.131241,0.229177,0.134337,0.23208,23.1443
outdoor_gravel_Tile_0,Tile_0,338,190,173.005,0.263983,0.263147,94.994,255,45.6842,4.77135,190,0.250392,0.263983,0.238025,0.263147,50.7405,190,0.264628,0.263983,0.262868,0.263147,52.3423,190,0.248805,0.263983,0.236586,0.263147,50.9302,190,0.234661,0.263983,0.227277,0.263147,47.7771,190,0.234564,0.263983,0.238996,0.263147,46.2474,190,0.130824,0.263983,0.137112,0.263147,21.3711,190,0.130824,0.263983,0.137112,0.263147,21.3711
outdoor_gravel_Tile_0,Tile_0,339,188,165.156,0.244229,0.246397,69.409,255,40.3914,4.15103,188,0.245533,0.244229,0.233776,0.246397,48.6391,188,0.246751,0.244229,0.247274,0.246397,46.6694,188,0.219363,0.244229,0.22754,0.246397,43.2905,188,0.199545,0.244229,0.220975,0.246397,38.8246,188,0.221172,0.244229,0.23423,0.246397,42.1587,188,0.130506,0.244229,0.142011,0.246397,21.6684,188,0.130506,0.244229,0.142011,0.246397,21.6684
outdoor_gravel_Tile_0,Tile_0,340,175,167.657,0.250464,0.253587,79.843,255,42.036,4.31335,175,0.242393,0.250464,0.231428,0.253587,48.5965,175,0.252475,0.250464,0.25343,0.253587,48.4462,175,0.224926,0.250464,0.230723,0.253587,44.9902,175,0.199097,0.250464,0.212924,0.253587,39.2127,175,0.223241,0.250464,0.232108,0.253587,43.1171,175,0.138402,0.250464,0.148108,0.253587,23.253,175,0.138402,0.250464,0.148108,0.253587,23.253
outdoor_gravel_Tile_0,Tile_0,341,187,164.065,0.264806,0.266455,60.459,255,43.9826,4.17,186,0.25474,0.2646,0.242039,0.266601,50.729,186,0.268885,0.2646,0.268758,0.266601,51.1297,186,0.242335,0.2646,0.245788,0.266601,48.2311,186,0.216869,0.2646,0.232095,0.266601,42.4916,186,0.235684,0.2646,0.241934,0.266601,45.1958,187,0.159517,0.264806,0.169743,0.266455,27.1356,186,0.159631,0.2646,0.170018,0.266601,27.1598
outdoor_gravel_Tile_0,Tile_0,342,197,162.115,0.297337,0.315392,41.495,255,48.2256,4.31273,197,0.284111,0.297337,0.29107,0.315392,54.5058,197,0.299589,0.297337,0.316153,0.315392,55.5899,197,0.280843,0.297337,0.300106,0.315392,54.181,197,0.268034,0.297337,0.297964,0.315392,51.1112,197,0.271355,0.297337,0.297565,0.315392,50.389,197,0.171477,0.297337,0.19219,0.315392,27.0512,197,0.171477,0.297337,0.19219,0.315392,27.0512
outdoor_gravel_Tile_0,Tile_0,343,199,161.845,0.304061,0.330739,40.082,255,49.2383,4.30831,199,0.293101,0.304061,0.307073,0.330739,56.2478,199,0.306119,0.304061,0.331369,0.330739,56.7086,199,0.288428,0.304061,0.315738,0.330739,55.5796,199,0.276496,0.304061,0.316294,0.330739,52.7092,199,0.279335,0.304061,0.315497,0.330739,51.7859,199,0.179952,0.304061,0.204484,0.330739,28.3902,199,0.179952,0.304061,0.204484,0.330739,28.3902
outdoor_gravel_Tile_0,Tile_0,344,187,172.757,0.246703,0.265836,49.574,255,42.7086,4.13328,187,0.227809,0.246703,0.229752,0.265836,47.0959,187,0.248237,0.246703,0.266659,0.265836,49.1337,187,0.213606,0.246703,0.23312,0.265836,44.1223,187,0.188397,0.246703,0.214467,0.265836,38.293,187,0.223019,0.246703,0.250489,0.265836,44.5333,187,0.157204,0.246703,0.168772,0.265836,27.5536,187,0.157204,0.246703,0.168772,0.265836,27.5536
outdoor_gravel_Tile_0,Tile_0,345,198,172.231,0.278797,0.299456,61.288,255,48.1595,4.6448,198,0.268378,0.278797,0.278315,0.299456,54.5501,198,0.280762,0.278797,0.301146,0.299456,55.4886,198,0.267833,0.278797,0.284262,0.299456,55.038,198,0.258495,0.278797,0.284591,0.299456,52.6594,198,0.25646,0.278797,0.284489,0.299456,50.7154,198,0.169593,0.278797,0.184903,0.299456,28.0283,198,0.169593,0.278797,0.184903,0.299456,28.0283
outdoor_gravel_Tile_0,Tile_0,346,183,152.792,0.297811,0.309669,58.527,255,45.4269,4.11003,183,0.301367,0.297811,0.297701,0.309669,55.0359,183,0.299884,0.297811,0.30892,0.309669,52.3043,183,0.27248,0.297811,0.289986,0.309669,49.5269,183,0.248464,0.297811,0.280036,0.309669,44.4446,183,0.275121,0.297811,0.298926,0.309669,48.3895,183,0.189854,0.297811,0.212203,0.309669,28.9344,183,0.189854,0.297811,0.212203,0.309669,28.9344
outdoor_gravel_Tile_0,Tile_0,347,186,148.566,0.329909,0.351902,43.136,255,48.9826,4.22281,185,0.336057,0.330756,0.34376,0.352842,59.7912,185,0.33268,0.330756,0.351443,0.352842,56.479,185,0.308632,0.330756,0.338109,0.352842,54.5953,185,0.283909,0.330756,0.326615,0.352842,49.2728,185,0.304092,0.330756,0.338119,0.352842,51.9669,186,0.220302,0.329909,0.248068,0.351902,32.4219,185,0.220791,0.330756,0.248419,0.352842,32.4707
outdoor_gravel_Tile_0,Tile_0,348,188,169.95,0.26678,0.264392,69.153,255,45.871,4.03658,188,0.250058,0.26678,0.233988,0.264392,50.7526,188,0.268221,0.26678,0.2649,0.264392,52.7565,188,0.245536,0.26678,0.243333,0.264392,50.1273,188,0.22804,0.26678,0.230547,0.264392,46.0753,188,0.244597,0.26678,0.248811,0.264392,48.2467,188,0.152783,0.26678,0.156901,0.264392,26.1909,188,0.152783,0.26678,0.156901,0.264392,26.1909
outdoor_gravel_Tile_0,Tile_0,349,191,174.511,0.22303,0.232268,61.082,255,39.342,4.3304,191,0.220058,0.22303,0.214364,0.232268,46.0585,191,0.22639,0.22303,0.234373,0.232268,45.6569,191,0.200224,0.22303,0.213496,0.232268,42.1416,191,0.190398,0.22303,0.215544,0.232268,39.5892,191,0.203241,0.22303,0.221436,0.232268,41.315,191,0.146241,0.22303,0.154267,0.232268,25.9778,191,0.146241,0.22303,0.154267,0.232268,25.9778
outdoor_gravel_Tile_0,Tile_0,350,207,186.734,0.201186,0.20179,100.31,255,37.7745,4.47716,207,0.19427,0.201186,0.185678,0.20179,43.0509,207,0.202011,0.201186,0.201837,0.20179,43.3609,207,0.193095,0.201186,0.187846,0.20179,43.1799,207,0.17977,0.201186,0.175414,0.20179,39.7589,207,0.178693,0.201186,0.183999,0.20179,38.3886,207,0.145588,0.201186,0.14834,0.20179,26.7808,207,0.145588,0.201186,0.14834,0.20179,26.7808
outdoor_gravel_Tile_0,Tile_0,351,192,185.106,0.228353,0.239309,83.121,255,42.4558,4.49117,192,0.213864,0.228353,0.21452,0.239309,46.7779,192,0.23205,0.228353,0.242165,0.239309,49.354,192,0.2223,0.228353,0.229225,0.239309,49.2512,192,0.210329,0.228353,0.223763,0.239309,46.1846,192,0.205798,0.228353,0.221598,0.239309,43.7269,192,0.127839,0.228353,0.135106,0.239309,23.1349,192,0.127839,0.228353,0.135106,0.239309,23.1349
outdoor_gravel_Tile_0,Tile_0,352,182,182.899,0.219561,0.220059,84.022,255,40.2942,4.43649,182,0.18866,0.219561,0.176922,0.220059,41.8526,182,0.222059,0.219561,0.222637,0.220059,46.725,182,0.198477,0.219561,0.196255,0.220059,44.248,182,0.195735,0.219561,0.196155,0.220059,42.8976,182,0.197627,0.219561,0.204662,0.220059,41.3064,182,0.108562,0.219561,0.107678,0.220059,20.275,182,0.108562,0.219561,0.107678,0.220059,20.275
outdoor_gravel_Tile_0,Tile_0,353,167,159.578,0.253567,0.240677,65.847,255,40.4187,4.44049,163,0.236969,0.254658,0.215333,0.242685,46.8046,163,0.257609,0.254658,0.243896,0.242685,47.1637,163,0.216683,0.254658,0.216869,0.242685,42.5342,163,0.188932,0.254658,0.197411,0.242685,35.7135,163,0.223359,0.254658,0.219873,0.242685,40.8452,167,0.11638,0.253567,0.122953,0.240677,19.4454,163,0.117449,0.254658,0.124253,0.242685,19.6123
outdoor_gravel_Tile_0,Tile_0,354,178,170.815,0.252268,0.245436,79.964,255,43.1101,4.2918,178,0.238546,0.252268,0.220241,0.245436,49.6324,178,0.255435,0.252268,0.248298,0.245436,50.0177,178,0.226066,0.252268,0.221892,0.245436,46.7731,178,0.203472,0.252268,0.203374,0.245436,41.0462,178,0.229542,0.252268,0.229873,0.245436,44.5451,178,0.135463,0.252268,0.131623,0.245436,23.4844,178,0.135463,0.252268,0.131623,0.245436,23.4844
outdoor_gravel_Tile_0,Tile_0,355,185,165.33,0.283229,0.270446,70.94,255,46.9523,4.6164,185,0.256134,0.283229,0.235367,0.270446,51.0869,185,0.283496,0.283229,0.271158,0.270446,53.8462,185,0.259166,0.283229,0.242283,0.270446,51.812,185,0.243852,0.283229,0.229197,0.270446,48.0158,185,0.254701,0.283229,0.25003,0.270446,48.1759,185,0.122602,0.283229,0.125266,0.270446,20.3744,185,0.122602,0.283229,0.125266,0.270446,20.3744
outdoor_gravel_Tile_0,Tile_0,356,172,173.679,0.243358,0.237604,80.082,255,42.3588,4.26143,172,0.225662,0.243358,0.207996,0.237604,48.0216,172,0.246839,0.243358,0.240814,0.237604,49.2327,172,0.20938,0.243358,0.209963,0.237604,44.1852,172,0.190118,0.243358,0.196969,0.237604,38.9144,172,0.223566,0.243358,0.223285,0.237604,44.2024,172,0.114932,0.243358,0.110817,0.237604,20.5577,172,0.114932,0.243358,0.110817,0.237604,20.5577
outdoor_gravel_Tile_0,Tile_0,357,175,175.354,0.233673,0.225499,104.826,255,41.1351,4.27942,175,0.210818,0.233673,0.192555,0.225499,45.1632,175,0.237095,0.233673,0.228552,0.225499,47.8323,175,0.200231,0.233673,0.192817,0.225499,42.6454,175,0.187503,0.233673,0.182513,0.225499,39.0245,175,0.210277,0.233673,0.206873,0.225499,42.0589,175,0.12267,0.233673,0.117331,0.225499,21.8916,175,0.12267,0.233673,0.117331,0.225499,21.8916
outdoor_gravel_Tile_0,Tile_0,358,163,164.954,0.250758,0.245617,85.06,255,41.3891,4.36042,162,0.232515,0.250298,0.21791,0.245454,47.2319,162,0.254369,0.250298,0.249431,0.245454,48.1619,162,0.219839,0.250298,0.225122,0.245454,44.5048,162,0.198008,0.250298,0.208295,0.245454,38.6123,162,0.230668,0.250298,0.233006,0.245454,43.5096,163,0.120117,0.250758,0.122712,0.245617,20.5534,162,0.11977,0.250298,0.122454,0.245454,20.493
outdoor_gravel_Tile_0,Tile_0,359,160,159.623,0.275869,0.262623,85.772,255,44.0486,4.3548,159,0.255481,0.276458,0.232696,0.263394,50.1618,159,0.279883,0.276458,0.2658,0.263394,51.2003,159,0.237503,0.276458,0.235773,0.263394,46.4886,159,0.218159,0.276458,0.221035,0.263394,41.0693,159,0.253407,0.276458,0.248851,0.263394,46.1902,160,0.119564,0.275869,0.12059,0.262623,19.8114,159,0.119929,0.276458,0.120917,0.263394,19.8678
outdoor_gravel_Tile_0,Tile_0,360,163,155.68,0.292664,0.296791,47.869,255,45.5458,4.29994,162,0.283626,0.292957,0.277358,0.297493,54.2116,162,0.295971,0.292957,0.299126,0.297493,52.7981,162,0.268309,0.292957,0.289434,0.297493,51.1712,162,0.237941,0.292957,0.265064,0.297493,43.58,162,0.270215,0.292957,0.283937,0.297493,47.9318,163,0.152585,0.292664,0.172747,0.296791,24.1247,162,0.152992,0.292957,0.173268,0.297493,24.1864
outdoor_gravel_Tile_0,Tile_0,361,163,171.855,0.238054,0.230463,104.033,255,40.9311,4.34413,163,0.22026,0.238054,0.202599,0.230463,46.4289,163,0.241568,0.238054,0.23347,0.230463,47.6026,163,0.201022,0.238054,0.201272,0.230463,42.0426,163,0.178107,0.238054,0.182384,0.230463,36.0954,163,0.215273,0.238054,0.213301,0.230463,42.0289,163,0.108785,0.238054,0.112051,0.230463,19.2178,163,0.108785,0.238054,0.112051,0.230463,19.2178
outdoor_gravel_Tile_0,Tile_0,362,162,158.828,0.289298,0.289211,68.865,255,45.7856,4.31173,161,0.272757,0.290257,0.267871,0.290022,52.8357,161,0.293932,0.290257,0.293259,0.290022,53.282,161,0.259684,0.290257,0.270352,0.290022,50.1145,161,0.241946,0.290257,0.262891,0.290022,45.0614,161,0.266578,0.290257,0.273108,0.290022,48.0299,162,0.153161,0.289298,0.166389,0.289211,24.6814,161,0.152928,0.290257,0.16612,0.290022,24.6235
outdoor_gravel_Tile_0,Tile_0,363,172,172.502,0.236773,0.234226,81.06,255,40.9495,4.27765,172,0.216181,0.236773,0.201984,0.234226,45.6307,172,0.240517,0.236773,0.237081,0.234226,47.6543,172,0.200447,0.236773,0.207777,0.234226,42.0835,172,0.186581,0.236773,0.199704,0.234226,38.0988,172,0.213497,0.236773,0.217617,0.234226,41.9887,172,0.102411,0.236773,0.10445,0.234226,18.3576,172,0.102411,0.236773,0.10445,0.234226,18.3576
outdoor_gravel_Tile_0,Tile_0,364,170,146.713,0.287529,0.264364,72.94,255,42.1405,4.35532,163,0.279511,0.2917,0.250767,0.269393,50.6654,163,0.295381,0.2917,0.270333,0.269393,49.7263,163,0.256758,0.2917,0.250911,0.269393,46.3343,163,0.220509,0.2917,0.226623,0.269393,38.153,163,0.260099,0.2917,0.247121,0.269393,43.7505,170,0.131098,0.287529,0.137603,0.264364,19.9255,163,0.133136,0.2917,0.139749,0.269393,20.2069
outdoor_gravel_Tile_0,Tile_0,365,180,167.302,0.267436,0.274668,59.983,255,44.7955,4.26515,180,0.249629,0.267436,0.249751,0.274668,50.9057,180,0.27162,0.267436,0.278227,0.274668,52.1419,180,0.234651,0.267436,0.255994,0.274668,47.6331,180,0.216408,0.267436,0.245668,0.274668,42.8345,180,0.244875,0.267436,0.260533,0.274668,46.7242,180,0.144523,0.267436,0.16201,0.274668,24.794,180,0.144523,0.267436,0.16201,0.274668,24.794
outdoor_gravel_Tile_0,Tile_0,366,182,172.681,0.253504,0.252777,85.31,255,43.945,4.30485,182,0.228711,0.253504,0.217298,0.252777,48.0123,182,0.256563,0.253504,0.254692,0.252777,50.9674,182,0.222436,0.253504,0.222425,0.252777,46.6279,182,0.200671,0.253504,0.203776,0.252777,41.1305,182,0.224546,0.253504,0.229294,0.252777,44.3125,182,0.122361,0.253504,0.12789,0.252777,21.5717,182,0.122361,0.253504,0.12789,0.252777,21.5717
outdoor_gravel_Tile_0,Tile_0,367,160,164.837,0.261671,0.261264,64.908,255,43.2677,4.27388,160,0.24693,0.261671,0.234628,0.261264,50.0197,160,0.265427,0.261671,0.263945,0.261264,50.2622,160,0.235219,0.261671,0.247692,0.261264,47.5318,160,0.212821,0.261671,0.228076,0.261264,41.4639,160,0.240247,0.261671,0.24752,0.261264,45.2316,160,0.146129,0.261671,0.154102,0.261264,24.9263,160,0.146129,0.261671,0.154102,0.261264,24.9263
outdoor_gravel_Tile_0,Tile_0,368,168,150.62,0.278609,0.253167,81.049,255,42.0939,4.3299,161,0.267638,0.28144,0.232538,0.257251,49.9651,161,0.285825,0.28144,0.25994,0.257251,49.7021,161,0.241997,0.28144,0.230663,0.257251,45.0069,161,0.205685,0.28144,0.209118,0.257251,36.7768,161,0.251154,0.28144,0.23574,0.257251,43.6248,168,0.123182,0.278609,0.125624,0.253167,19.4305,161,0.124274,0.28144,0.126701,0.257251,19.6054
outdoor_gravel_Tile_0,Tile_0,369,188,179.299,0.254183,0.263027,65.261,255,45.7511,4.54351,188,0.221272,0.254183,0.218057,0.263027,47.8146,188,0.255993,0.254183,0.264408,0.263027,52.7566,188,0.235863,0.254183,0.23716,0.263027,51.0685,188,0.223864,0.254183,0.227021,0.263027,47.8649,188,0.229007,0.254183,0.238484,0.263027,46.9501,188,0.143227,0.254183,0.155725,0.263027,25.9309,188,0.143227,0.254183,0.155725,0.263027,25.9309
outdoor_gravel_Tile_0,Tile_0,370,194,167.927,0.258206,0.25363,88.168,255,43.3293,4.30535,194,0.243433,0.258206,0.231777,0.25363,49.4821,194,0.261534,0.258206,0.256508,0.25363,50.279,194,0.233834,0.258206,0.236071,0.25363,47.4609,194,0.21319,0.258206,0.222855,0.25363,42.3409,194,0.231312,0.258206,0.234698,0.25363,44.2651,194,0.111528,0.258206,0.118709,0.25363,18.9503,194,0.111528,0.258206,0.118709,0.25363,18.9503
outdoor_gravel_Tile_0,Tile_0,371,193,181.955,0.228228,0.231249,88.288,255,41.511,4.54893,193,0.201145,0.228228,0.191837,0.231249,44.0211,193,0.229786,0.228228,0.232813,0.231249,47.8708,193,0.215985,0.228228,0.210889,0.231249,47.3793,193,0.209527,0.228228,0.206068,0.231249,45.5158,193,0.204113,0.228228,0.211605,0.231249,42.4023,193,0.115282,0.228228,0.122502,0.231249,21.1455,193,0.115282,0.228228,0.122502,0.231249,21.1455
outdoor_gravel_Tile_0,Tile_0,372,174,173.25,0.251534,0.242801,86.755,255,43.6687,4.4528,174,0.226777,0.251534,0.208699,0.242801,47.4375,174,0.255145,0.251534,0.24619,0.242801,50.77,174,0.226344,0.251534,0.217595,0.242801,47.4229,174,0.20986,0.251534,0.203285,0.242801,43.0674,174,0.22402,0.251534,0.222977,0.242801,44.3485,174,0.11116,0.251534,0.114031,0.242801,19.5636,174,0.11116,0.251534,0.114031,0.242801,19.5636
outdoor_gravel_Tile_0,Tile_0,373,191,174.609,0.269851,0.271438,82.973,255,47.1614,4.51008,191,0.250536,0.269851,0.248606,0.271438,52.5162,191,0.271685,0.269851,0.273892,0.271438,54.3987,191,0.256365,0.269851,0.257144,0.271438,53.9169,191,0.241825,0.269851,0.247845,0.271438,50.1506,191,0.243112,0.269851,0.251741,0.271438,48.4368,191,0.131971,0.269851,0.137186,0.271438,22.8123,191,0.131971,0.269851,0.137186,0.271438,22.8123
outdoor_gravel_Tile_0,Tile_0,374,176,175.38,0.249597,0.24707,92.082,255,43.783,4.45444,176,0.227745,0.249597,0.215184,0.24707,48.1128,176,0.252975,0.249597,0.250252,0.24707,50.8585,176,0.227516,0.249597,0.225137,0.24707,48.1257,176,0.212093,0.249597,0.214794,0.24707,43.9878,176,0.223643,0.249597,0.22745,0.24707,44.7173,176,0.111514,0.249597,0.112177,0.24707,19.6612,176,0.111514,0.249597,0.112177,0.24707,19.6612
outdoor_gravel_Tile_0,Tile_0,375,190,174.612,0.2661,0.266239,85.011,255,46.5356,4.50804,190,0.249155,0.2661,0.243775,0.266239,52.2357,190,0.267851,0.2661,0.268359,0.266239,53.6564,190,0.252375,0.2661,0.250404,0.266239,53.0614,190,0.236901,0.2661,0.239254,0.266239,49.1151,190,0.240027,0.2661,0.24642,0.266239,47.822,190,0.129923,0.2661,0.132671,0.266239,22.4592,190,0.129923,0.2661,0.132671,0.266239,22.4592
outdoor_gravel_Tile_0,Tile_0,376,177,175.36,0.240318,0.233095,98.077,255,42.1526,4.47379,177,0.222776,0.240318,0.207099,0.233095,47.1547,177,0.243367,0.240318,0.235975,0.233095,48.9164,177,0.218647,0.240318,0.212444,0.233095,46.3586,177,0.204012,0.240318,0.201075,0.233095,42.4206,177,0.216453,0.240318,0.215647,0.233095,43.389,177,0.111906,0.240318,0.111949,0.233095,19.8642,177,0.111906,0.240318,0.111949,0.233095,19.8642
outdoor_gravel_Tile_0,Tile_0,377,173,180.036,0.226342,0.228999,87.729,255,40.8725,4.4505,173,0.204951,0.226342,0.192364,0.228999,44.7053,173,0.22953,0.226342,0.231819,0.228999,47.4843,173,0.201008,0.226342,0.203671,0.228999,43.83,173,0.184316,0.226342,0.190601,0.228999,39.3605,173,0.204096,0.226342,0.212885,0.228999,42.107,173,0.111297,0.226342,0.112658,0.228999,20.6737,173,0.111297,0.226342,0.112658,0.228999,20.6737
outdoor_gravel_Tile_0,Tile_0,378,192,179.855,0.248623,0.253974,87.071,255,44.8009,4.4887,192,0.214102,0.248623,0.205924,0.253974,46.286,192,0.248875,0.248623,0.254299,0.253974,51.3635,192,0.223292,0.248623,0.219814,0.253974,48.4232,192,0.215609,0.248623,0.21651,0.253974,46.2214,192,0.219964,0.248623,0.229543,0.253974,45.343,192,0.121316,0.248623,0.123577,0.253974,21.799,192,0.121316,0.248623,0.123577,0.253974,21.799
outdoor_gravel_Tile_0,Tile_0,379,183,172.048,0.25326,0.239361,88.239,255,43.8247,4.50492,183,0.228845,0.25326,0.211424,0.239361,47.5378,183,0.255172,0.25326,0.241407,0.239361,50.5545,183,0.235993,0.25326,0.220074,0.239361,49.3756,183,0.216771,0.25326,0.201678,0.239361,44.5892,183,0.225693,0.25326,0.219173,0.239361,44.5875,183,0.107,0.25326,0.10789,0.239361,18.9858,183,0.107,0.25326,0.10789,0.239361,18.9858
outdoor_gravel_Tile_0,Tile_0,380,185,173.997,0.277984,0.285085,75.203,255,48.4298,4.44524,185,0.244208,0.277984,0.24106,0.285085,51.1554,185,0.279183,0.277984,0.285871,0.285085,55.7135,185,0.257172,0.277984,0.259668,0.285085,54.2679,185,0.243468,0.277984,0.246201,0.285085,50.4227,185,0.251866,0.277984,0.264995,0.285085,50.1445,185,0.147666,0.277984,0.151744,0.285085,25.6965,185,0.147666,0.277984,0.151744,0.285085,25.6965
outdoor_gravel_Tile_0,Tile_0,381,188,172.012,0.255083,0.257523,70.082,255,43.9848,4.39724,188,0.228085,0.255083,0.221138,0.257523,47.3543,188,0.257518,0.255083,0.259701,0.257523,50.8518,188,0.239104,0.255083,0.242163,0.257523,49.8926,188,0.233477,0.255083,0.242529,0.257523,47.8328,188,0.229891,0.255083,0.240023,0.257523,45.2983,188,0.133903,0.255083,0.142453,0.257523,23.415,188,0.133903,0.255083,0.142453,0.257523,23.415
outdoor_gravel_Tile_0,Tile_0,382,178,182.579,0.231632,0.235927,94.708,255,42.3706,4.38543,178,0.205372,0.231632,0.196797,0.235927,45.1347,178,0.234606,0.231632,0.238619,0.235927,49.17,178,0.212335,0.231632,0.20991,0.235927,46.9512,178,0.204389,0.231632,0.204898,0.235927,44.4733,178,0.208447,0.231632,0.21623,0.235927,43.582,178,0.137555,0.231632,0.131929,0.235927,25.36,178,0.137555,0.231632,0.131929,0.235927,25.36
outdoor_gravel_Tile_0,Tile_0,383,189,182.276,0.227352,0.229222,91.762,255,41.7141,4.35494,189,0.202687,0.227352,0.192927,0.229222,44.7877,189,0.228294,0.227352,0.228962,0.229222,47.9625,189,0.200738,0.227352,0.19835,0.229222,44.4788,189,0.19162,0.227352,0.190344,0.229222,41.7224,189,0.199271,0.227352,0.204353,0.229222,41.936,189,0.148123,0.227352,0.146757,0.229222,27.7112,189,0.148123,0.227352,0.146757,0.229222,27.7112
outdoor_gravel_Tile_0,Tile_0,384,178,171.572,0.238677,0.236034,87.904,255,41.1359,4.29252,178,0.224533,0.238677,0.209123,0.236034,46.6957,178,0.241344,0.238677,0.237747,0.236034,47.6366,178,0.2052,0.238677,0.209834,0.236034,42.5595,178,0.196389,0.238677,0.210131,0.236034,39.9315,178,0.214727,0.238677,0.219874,0.236034,42.3909,178,0.123576,0.238677,0.123899,0.236034,21.8171,178,0.123576,0.238677,0.123899,0.236034,21.8171
outdoor_gravel_Tile_0,Tile_0,385,171,166.886,0.234995,0.228399,93.626,255,39.2495,4.21163,171,0.232583,0.234995,0.219195,0.228399,47.1801,171,0.237044,0.234995,0.2291,0.228399,45.3298,171,0.206142,0.234995,0.207025,0.228399,41.649,171,0.174856,0.234995,0.180714,0.228399,34.4337,171,0.211613,0.234995,0.212937,0.228399,40.5016,171,0.134438,0.234995,0.145348,0.228399,23.1607,171,0.134438,0.234995,0.145348,0.228399,23.1607
outdoor_gravel_Tile_0,Tile_0,386,174,163.509,0.241098,0.233073,79.071,255,39.377,4.1719,174,0.229644,0.241098,0.207962,0.233073,45.4318,174,0.243932,0.241098,0.23512,0.233073,45.6241,174,0.207031,0.241098,0.205375,0.233073,40.8371,174,0.188502,0.241098,0.197327,0.233073,36.2854,174,0.218497,0.241098,0.219525,0.233073,40.9161,174,0.103488,0.241098,0.106979,0.233073,17.4109,174,0.103488,0.241098,0.106979,0.233073,17.4109
outdoor_gravel_Tile_0,Tile_0,387,173,160.533,0.243014,0.231409,74.712,255,39.1836,4.14777,173,0.240648,0.243014,0.215192,0.231409,46.9873,173,0.245215,0.243014,0.231865,0.231409,45.2596,173,0.215405,0.243014,0.208635,0.231409,42.0221,173,0.182194,0.243014,0.185884,0.231409,34.7219,173,0.216435,0.243014,0.212409,0.231409,40.0175,173,0.13111,0.243014,0.134012,0.231409,21.8902,173,0.13111,0.243014,0.134012,0.231409,21.8902
outdoor_gravel_Tile_0,Tile_0,388,172,169.206,0.236136,0.226645,95.966,255,39.9434,4.19799,172,0.230846,0.236136,0.212289,0.226645,47.1229,172,0.238513,0.236136,0.227699,0.226645,46.1955,172,0.203137,0.236136,0.200453,0.226645,41.3533,172,0.176885,0.236136,0.179861,0.226645,35.2111,172,0.214809,0.236136,0.212673,0.226645,41.6022,172,0.118965,0.236136,0.123339,0.226645,20.4599,172,0.118965,0.236136,0.123339,0.226645,20.4599
outdoor_gravel_Tile_0,Tile_0,389,177,171.369,0.233303,0.226245,86.213,255,40.1187,4.21401,177,0.215534,0.233303,0.195097,0.226245,44.7237,177,0.236295,0.233303,0.228161,0.226245,46.5464,177,0.200496,0.233303,0.194284,0.226245,41.5853,177,0.182878,0.233303,0.181833,0.226245,37.2435,177,0.207079,0.233303,0.206563,0.226245,40.812,177,0.104134,0.233303,0.106367,0.226245,18.4751,177,0.104134,0.233303,0.106367,0.226245,18.4751
outdoor_gravel_Tile_0,Tile_0,390,171,169.329,0.250033,0.254713,70.478,255,42.5013,4.19334,171,0.239147,0.250033,0.231033,0.254713,49.0425,171,0.253442,0.250033,0.256782,0.254713,49.3411,171,0.217338,0.250033,0.231473,0.254713,44.5857,171,0.200316,0.250033,0.224083,0.254713,40.2659,171,0.228821,0.250033,0.242086,0.254713,44.6023,171,0.129562,0.250033,0.139113,0.254713,22.516,171,0.129562,0.250033,0.139113,0.254713,22.516
outdoor_gravel_Tile_0,Tile_0,391,177,171.925,0.225483,0.21963,89.745,255,38.8932,4.13458,177,0.210132,0.225483,0.188934,0.21963,43.6955,177,0.228445,0.225483,0.221501,0.21963,45.1302,177,0.187316,0.225483,0.184883,0.21963,38.9482,177,0.162457,0.225483,0.167529,0.21963,33.0771,177,0.200022,0.225483,0.201988,0.21963,39.6347,177,0.115505,0.225483,0.115173,0.21963,20.5094,177,0.115505,0.225483,0.115173,0.21963,20.5094
outdoor_gravel_Tile_0,Tile_0,392,171,158.119,0.266284,0.255558,73.05,255,42.2902,4.10883,171,0.259528,0.266284,0.237475,0.255558,49.7348,171,0.269274,0.266284,0.256724,0.255558,48.9656,171,0.238751,0.266284,0.23919,0.255558,45.9028,171,0.205953,0.266284,0.217694,0.255558,38.6956,171,0.239824,0.266284,0.239183,0.255558,43.6141,171,0.133341,0.266284,0.140929,0.255558,21.8082,171,0.133341,0.266284,0.140929,0.255558,21.8082
outdoor_gravel_Tile_0,Tile_0,393,176,167.95,0.247397,0.239863,72.957,255,41.7768,4.14354,176,0.230302,0.247397,0.208026,0.239863,46.7965,176,0.250704,0.247397,0.241862,0.239863,48.4585,176,0.211975,0.247397,0.210933,0.239863,43.0036,176,0.190054,0.247397,0.1991,0.239863,37.7803,176,0.222837,0.247397,0.223147,0.239863,43.0074,176,0.115605,0.247397,0.118886,0.239863,20.1433,176,0.115605,0.247397,0.118886,0.239863,20.1433
outdoor_gravel_Tile_0,Tile_0,394,180,166.606,0.254678,0.249028,77.37,255,42.5393,4.1509,180,0.239261,0.254678,0.219636,0.249028,48.1497,180,0.257089,0.254678,0.249899,0.249028,49.1405,180,0.219943,0.254678,0.22009,0.249028,44.057,180,0.197857,0.254678,0.206176,0.249028,38.8237,180,0.23011,0.254678,0.232136,0.249028,43.9509,180,0.126001,0.254678,0.132384,0.249028,21.4738,180,0.126001,0.254678,0.132384,0.249028,21.4738
outdoor_gravel_Tile_0,Tile_0,395,176,153.399,0.284284,0.280783,55.153,255,43.7568,4.08336,176,0.277697,0.284284,0.260273,0.280783,51.5961,176,0.287364,0.284284,0.282398,0.280783,50.6472,176,0.256871,0.284284,0.266615,0.280783,47.8584,176,0.230851,0.284284,0.257134,0.280783,42.0434,176,0.258567,0.284284,0.26729,0.280783,45.6561,176,0.140419,0.284284,0.151898,0.280783,22.2127,176,0.140419,0.284284,0.151898,0.280783,22.2127
outdoor_gravel_Tile_0,Tile_0,396,168,141.003,0.32099,0.289494,72.228,255,45.247,4.09222,161,0.319361,0.327352,0.280811,0.295463,54.6985,161,0.330835,0.327352,0.295566,0.295463,53.4317,161,0.287755,0.327352,0.265083,0.295463,48.9368,161,0.243704,0.327352,0.236175,0.295463,39.9713,161,0.290625,0.327352,0.266743,0.295463,46.7521,168,0.172906,0.32099,0.183171,0.289494,24.6684,161,0.175415,0.327352,0.184977,0.295463,24.936
outdoor_gravel_Tile_0,Tile_0,397,167,146.015,0.305194,0.280912,69.168,255,44.6974,4.10021,160,0.297666,0.309608,0.259517,0.286468,53.0851,160,0.31411,0.309608,0.28889,0.286468,52.879,160,0.270515,0.309608,0.253244,0.286468,48.0267,160,0.228707,0.309608,0.226571,0.286468,39.2484,160,0.274387,0.309608,0.259944,0.286468,46.0704,167,0.147459,0.305194,0.152713,0.280912,22.0931,160,0.149956,0.309608,0.155119,0.286468,22.4331
outdoor_gravel_Tile_0,Tile_0,398,173,167.141,0.241462,0.232793,86.712,255,40.3788,4.05856,172,0.222937,0.241416,0.200278,0.233006,45.0489,172,0.244532,0.241416,0.234577,0.233006,46.8521,172,0.209873,0.241416,0.207196,0.233006,42.4753,172,0.189109,0.241416,0.196487,0.233006,37.3522,172,0.215577,0.241416,0.214439,0.233006,41.3856,173,0.103802,0.241462,0.105399,0.232793,18.0318,172,0.103914,0.241416,0.105572,0.233006,18.0493
outdoor_gravel_Tile_0,Tile_0,399,181,166.082,0.247678,0.248564,49.153,255,41.3029,4.03658,181,0.231017,0.247678,0.2151,0.248564,46.4933,181,0.250833,0.247678,0.250513,0.248564,47.9017,181,0.209489,0.247678,0.213401,0.248564,42.0379,181,0.187009,0.247678,0.199991,0.248564,36.8431,181,0.216102,0.247678,0.226402,0.248564,41.4435,181,0.124496,0.247678,0.13295,0.248564,21.3195,181,0.124496,0.247678,0.13295,0.248564,21.3195
outdoor_gravel_Tile_0,Tile_0,400,162,143.936,0.319608,0.299927,67.032,255,45.9878,4.06334,155,0.304842,0.32497,0.272634,0.306335,52.9676,155,0.329012,0.32497,0.306845,0.306335,54.3567,155,0.289631,0.32497,0.276725,0.306335,50.2843,155,0.254242,0.32497,0.259349,0.306335,42.6419,155,0.286883,0.32497,0.274152,0.306335,47.1559,162,0.15565,0.319608,0.160988,0.299927,22.4761,155,0.158582,0.32497,0.163522,0.306335,22.843
outdoor_gravel_Tile_0,Tile_0,401,178,161.995,0.264451,0.26026,67.94,255,42.9225,4.01598,178,0.252098,0.264451,0.235808,0.26026,49.1737,178,0.26728,0.264451,0.2619,0.26026,49.6701,178,0.236547,0.264451,0.239427,0.26026,46.2361,178,0.211194,0.264451,0.227935,0.26026,40.4342,178,0.236062,0.264451,0.240967,0.26026,44.0537,178,0.135806,0.264451,0.140713,0.26026,22.454,178,0.135806,0.264451,0.140713,0.26026,22.454
outdoor_gravel_Tile_0,Tile_0,402,183,169.971,0.245764,0.237131,99.723,255,42.0214,4.17799,183,0.234511,0.245764,0.217989,0.237131,48.1177,183,0.249289,0.245764,0.239516,0.237131,48.8054,183,0.220306,0.245764,0.213446,0.237131,45.2186,183,0.196177,0.245764,0.193759,0.237131,39.541,183,0.218933,0.245764,0.218359,0.237131,42.8954,183,0.121702,0.245764,0.128303,0.237131,21.1663,183,0.121702,0.245764,0.128303,0.237131,21.1663
outdoor_gravel_Tile_0,Tile_0,403,187,177.275,0.256372,0.253131,100.513,255,45.8303,4.21307,187,0.233533,0.256372,0.222232,0.253131,49.8439,187,0.259434,0.256372,0.255986,0.253131,53.0981,187,0.242524,0.256372,0.234838,0.253131,52.1189,187,0.225454,0.256372,0.21967,0.253131,47.5857,187,0.22988,0.256372,0.233432,0.253131,46.9476,187,0.133948,0.256372,0.136489,0.253131,23.9659,187,0.133948,0.256372,0.136489,0.253131,23.9659
outdoor_gravel_Tile_0,Tile_0,404,183,171.883,0.242939,0.244528,91.082,255,41.8333,4.07386,183,0.229061,0.242939,0.214685,0.244528,47.1556,183,0.245477,0.242939,0.245918,0.244528,48.3843,183,0.21048,0.242939,0.215823,0.244528,43.36,183,0.197357,0.242939,0.212378,0.244528,39.9911,183,0.217819,0.242939,0.226313,0.244528,43.0528,183,0.112523,0.242939,0.117995,0.244528,19.5199,183,0.112523,0.242939,0.117995,0.244528,19.5199
outdoor_gravel_Tile_0,Tile_0,405,171,138.809,0.354756,0.356705,44.826,255,49.1397,4.03594,163,0.340904,0.358593,0.327439,0.362518,57.0223,163,0.36224,0.358593,0.362459,0.362518,57.7377,163,0.32231,0.358593,0.325803,0.362518,53.8198,163,0.287946,0.358593,0.308387,0.362518,46.4768,163,0.32263,0.358593,0.331726,0.362518,51.2121,171,0.223091,0.354756,0.244154,0.356705,31.0054,163,0.226663,0.358593,0.247872,0.362518,31.4619
outdoor_gravel_Tile_0,Tile_0,406,186,173.114,0.247641,0.250706,76.082,255,43.0358,4.21088,186,0.229567,0.247641,0.217329,0.250706,47.6881,186,0.25041,0.247641,0.252731,0.250706,49.8045,186,0.218116,0.247641,0.219201,0.250706,45.3272,186,0.205623,0.247641,0.214635,0.250706,42.1075,186,0.221361,0.247641,0.229598,0.250706,44.0558,186,0.121184,0.247641,0.124703,0.250706,21.2062,186,0.121184,0.247641,0.124703,0.250706,21.2062
outdoor_gravel_Tile_0,Tile_0,407,174,136.59,0.339574,0.336002,46.228,255,46.1499,4.05943,166,0.33619,0.346569,0.32103,0.343535,55.1305,166,0.349671,0.346569,0.343176,0.343535,54.4603,166,0.314368,0.346569,0.312706,0.343535,51.4139,166,0.281473,0.346569,0.298919,0.343535,44.5162,166,0.31245,0.346569,0.314812,0.343535,48.5896,174,0.218765,0.339574,0.24224,0.336002,29.9338,166,0.223445,0.346569,0.246021,0.343535,30.4394
outdoor_gravel_Tile_0,Tile_0,408,183,149.881,0.29198,0.279998,65.243,255,43.5672,3.99972,182,0.292204,0.292212,0.268483,0.280539,52.636,182,0.295265,0.292212,0.281609,0.280539,50.4693,182,0.26298,0.292212,0.260654,0.280539,47.2146,182,0.231231,0.292212,0.241006,0.280539,40.5002,182,0.263756,0.292212,0.261417,0.280539,45.2543,183,0.159964,0.29198,0.169845,0.279998,24.1315,182,0.160334,0.292212,0.170296,0.280539,24.1871
outdoor_gravel_Tile_0,Tile_0,409,211,177.644,0.251484,0.273539,60.267,255,44.8732,4.38911,211,0.228187,0.251484,0.236621,0.273539,48.3184,211,0.253747,0.251484,0.275264,0.273539,51.7882,211,0.23847,0.251484,0.260143,0.273539,51.0282,211,0.234785,0.251484,0.266093,0.273539,49.8104,211,0.230107,0.251484,0.260101,0.273539,47.0368,211,0.136214,0.251484,0.151448,0.273539,24.1055,211,0.136214,0.251484,0.151448,0.273539,24.1055
outdoor_gravel_Tile_0,Tile_0,410,205,179.581,0.231558,0.230397,88.31,255,41.7974,4.59738,205,0.207668,0.231558,0.197506,0.230397,44.6886,205,0.233239,0.231558,0.231797,0.230397,48.1562,205,0.215742,0.231558,0.210356,0.230397,46.7965,205,0.202983,0.231558,0.199679,0.230397,43.6056,205,0.207939,0.231558,0.211979,0.230397,42.982,205,0.121648,0.231558,0.123951,0.230397,21.9083,205,0.121648,0.231558,0.123951,0.230397,21.9083
outdoor_gravel_Tile_0,Tile_0,411,182,160.345,0.276461,0.278747,60.94,255,44.3674,3.99275,182,0.267054,0.276461,0.254815,0.278747,51.1853,182,0.278068,0.276461,0.277739,0.278747,51.0193,182,0.246827,0.276461,0.256161,0.278747,47.2838,182,0.217621,0.276461,0.235055,0.278747,40.8754,182,0.248656,0.276461,0.259768,0.278747,45.6436,182,0.144578,0.276461,0.160086,0.278747,23.1634,182,0.144578,0.276461,0.160086,0.278747,23.1634
outdoor_gravel_Tile_0,Tile_0,412,183,156.992,0.26773,0.253709,79.071,255,42.0847,3.97735,179,0.256939,0.269683,0.22817,0.256187,48.5698,179,0.27374,0.269683,0.258055,0.256187,49.3364,179,0.238683,0.269683,0.229286,0.256187,45.1748,179,0.197565,0.269683,0.202225,0.256187,36.4909,179,0.233884,0.269683,0.22777,0.256187,42.2788,183,0.128144,0.26773,0.132119,0.253709,20.5979,179,0.129166,0.269683,0.133036,0.256187,20.7417
outdoor_gravel_Tile_0,Tile_0,413,179,163.816,0.266917,0.263664,72.071,255,43.8045,4.11088,179,0.245761,0.266917,0.229842,0.263664,48.4582,179,0.270325,0.266917,0.266428,0.263664,50.7795,179,0.235202,0.266917,0.238761,0.263664,46.4801,179,0.21605,0.266917,0.231843,0.263664,41.8861,179,0.237923,0.266917,0.242265,0.263664,44.8882,179,0.132203,0.266917,0.139538,0.263664,22.2093,179,0.132203,0.266917,0.139538,0.263664,22.2093
outdoor_gravel_Tile_0,Tile_0,414,188,173.027,0.22744,0.226587,86.082,255,39.5691,3.94594,188,0.21506,0.22744,0.201505,0.226587,44.7524,188,0.228055,0.22744,0.225455,0.226587,45.3746,188,0.193549,0.22744,0.194458,0.226587,40.1387,188,0.171433,0.22744,0.17673,0.226587,34.9652,188,0.197972,0.22744,0.201069,0.226587,39.4725,188,0.142239,0.22744,0.140753,0.226587,24.9375,188,0.142239,0.22744,0.140753,0.226587,24.9375
outdoor_gravel_Tile_0,Tile_0,415,185,162.45,0.265273,0.265555,62.256,255,43.1838,4.05829,185,0.261272,0.265273,0.25083,0.265555,51.1878,185,0.267976,0.265273,0.266319,0.265555,49.9008,185,0.235801,0.265273,0.2424,0.265555,46.0201,185,0.21355,0.265273,0.231019,0.265555,40.9499,185,0.237397,0.265273,0.24532,0.265555,44.3833,185,0.145619,0.265273,0.15534,0.265555,24.1546,185,0.145619,0.265273,0.15534,0.265555,24.1546
outdoor_gravel_Tile_0,Tile_0,416,184,159.514,0.253881,0.246825,72.783,255,40.55,4.19881,180,0.247616,0.254038,0.227439,0.247921,47.8432,180,0.257872,0.254038,0.249542,0.247921,47.2977,180,0.219415,0.254038,0.216978,0.247921,42.2807,180,0.187083,0.254038,0.195201,0.247921,35.2063,180,0.218437,0.254038,0.218766,0.247921,40.2786,184,0.129328,0.253881,0.134965,0.246825,21.2772,180,0.129909,0.254038,0.135763,0.247921,21.365
outdoor_gravel_Tile_0,Tile_0,417,184,163.476,0.244346,0.234028,92.695,255,40.0199,3.95495,181,0.232391,0.245004,0.209324,0.235311,45.8036,181,0.249151,0.245004,0.237557,0.235311,46.8083,181,0.213894,0.245004,0.205767,0.235311,42.1706,181,0.185377,0.245004,0.186993,0.235311,35.7689,181,0.211375,0.245004,0.205634,0.235311,39.8938,184,0.120305,0.244346,0.122368,0.234028,20.1283,181,0.121201,0.245004,0.123312,0.235311,20.2658
outdoor_gravel_Tile_0,Tile_0,418,204,177.276,0.235276,0.235933,77.349,255,41.7533,4.69558,204,0.214771,0.235276,0.200319,0.235933,45.2909,204,0.236711,0.235276,0.23687,0.235933,48.0648,204,0.216777,0.235276,0.210177,0.235933,46.14,204,0.206759,0.235276,0.203286,0.235933,43.4593,204,0.206859,0.235276,0.214134,0.235933,42.1023,204,0.10162,0.235276,0.103578,0.235933,17.8349,204,0.10162,0.235276,0.103578,0.235933,17.8349
outdoor_gravel_Tile_0,Tile_0,419,199,174.265,0.248984,0.262487,51.818,255,43.4565,4.71158,199,0.231155,0.248984,0.244269,0.262487,47.7704,199,0.250639,0.248984,0.263726,0.262487,50.0474,199,0.235123,0.248984,0.245726,0.262487,49.1447,199,0.22072,0.248984,0.23825,0.262487,45.6135,199,0.223263,0.248984,0.246572,0.262487,44.6241,199,0.107465,0.248984,0.115592,0.262487,18.7798,199,0.107465,0.248984,0.115592,0.262487,18.7798
outdoor_gravel_Tile_0,Tile_0,420,190,161.648,0.252739,0.241994,88.912,255,40.7426,4.08619,190,0.236806,0.252739,0.212902,0.241994,45.844,190,0.255698,0.252739,0.24317,0.241994,47.1549,190,0.22171,0.252739,0.21532,0.241994,42.8865,190,0.194437,0.252739,0.19724,0.241994,36.924,190,0.222988,0.252739,0.219072,0.241994,41.3426,190,0.112457,0.252739,0.116279,0.241994,18.5329,190,0.112457,0.252739,0.116279,0.241994,18.5329
outdoor_gravel_Tile_0,Tile_0,421,200,180.162,0.226031,0.221974,100.762,255,40.8996,4.75205,200,0.207784,0.226031,0.194802,0.221974,44.4028,200,0.226724,0.226031,0.222005,0.221974,46.9153,200,0.21482,0.226031,0.205432,0.221974,46.3029,200,0.19608,0.226031,0.186538,0.221974,41.9916,200,0.195462,0.226031,0.196561,0.221974,40.4841,200,0.107913,0.226031,0.109913,0.221974,19.1818,200,0.107913,0.226031,0.109913,0.221974,19.1818
outdoor_gravel_Tile_0,Tile_0,422,189,169.998,0.229539,0.231958,64.213,255,39.141,4.00736,189,0.220182,0.229539,0.20686,0.231958,45.114,189,0.233001,0.229539,0.234331,0.231958,45.4548,189,0.203596,0.229539,0.209625,0.231958,41.6537,189,0.183228,0.229539,0.201366,0.231958,36.951,189,0.206071,0.229539,0.218969,0.231958,40.4714,189,0.11359,0.229539,0.121652,0.231958,19.9146,189,0.11359,0.229539,0.121652,0.231958,19.9146
outdoor_gravel_Tile_0,Tile_0,423,180,162.176,0.24411,0.231375,84.783,255,39.6982,4.13781,180,0.233646,0.24411,0.206347,0.231375,45.5258,180,0.246604,0.24411,0.231933,0.231375,45.8715,180,0.212761,0.24411,0.20304,0.231375,41.5081,180,0.177364,0.24411,0.178754,0.231375,33.9491,180,0.21226,0.24411,0.20867,0.231375,39.7256,180,0.110839,0.24411,0.113037,0.231375,18.4436,180,0.110839,0.24411,0.113037,0.231375,18.4436
outdoor_gravel_Tile_0,Tile_0,424,188,170.448,0.212529,0.205074,101.327,255,36.3592,4.02494,188,0.204988,0.212529,0.183769,0.205074,42.104,188,0.215746,0.212529,0.207459,0.205074,42.2282,188,0.184351,0.212529,0.179974,0.205074,37.9021,188,0.16359,0.212529,0.169807,0.205074,33.1015,188,0.189612,0.212529,0.191317,0.205074,37.4441,188,0.0882227,0.212529,0.0902851,0.205074,15.7003,188,0.0882227,0.212529,0.0902851,0.205074,15.7003
outdoor_gravel_Tile_0,Tile_0,425,206,180.966,0.22215,0.221349,90.31,255,40.3357,4.6806,206,0.20379,0.22215,0.190994,0.221349,43.7858,206,0.222441,0.22215,0.220891,0.221349,46.1717,206,0.209622,0.22215,0.200096,0.221349,45.3151,206,0.192334,0.22215,0.185256,0.221349,41.2857,206,0.194391,0.22215,0.19958,0.221349,40.4156,206,0.118241,0.22215,0.116282,0.221349,21.1658,206,0.118241,0.22215,0.116282,0.221349,21.1658
outdoor_gravel_Tile_0,Tile_0,426,187,165.916,0.277212,0.285303,62.63,255,46.1885,4.03851,187,0.268293,0.277212,0.268445,0.285303,53.5417,187,0.279145,0.277212,0.284782,0.285303,53.1929,187,0.256435,0.277212,0.268211,0.285303,51.0998,187,0.224835,0.277212,0.244326,0.285303,44.1146,187,0.252168,0.277212,0.268876,0.285303,48.3797,187,0.182652,0.277212,0.19615,0.285303,30.7644,187,0.182652,0.277212,0.19615,0.285303,30.7644
outdoor_gravel_Tile_0,Tile_0,427,201,180.698,0.222388,0.229022,77.185,255,40.3152,4.40722,201,0.207081,0.222388,0.196198,0.229022,44.4308,201,0.224386,0.222388,0.230707,0.229022,46.5185,201,0.213611,0.222388,0.210368,0.229022,46.2152,201,0.202737,0.222388,0.202827,0.229022,43.4421,201,0.20121,0.222388,0.213879,0.229022,41.721,201,0.110119,0.222388,0.113701,0.229022,19.6132,201,0.110119,0.222388,0.113701,0.229022,19.6132
outdoor_gravel_Tile_0,Tile_0,428,192,178.477,0.223388,0.226441,82.893,255,40.0167,4.16344,192,0.214938,0.223388,0.204897,0.226441,45.8522,192,0.224582,0.223388,0.22618,0.226441,46.0027,192,0.192013,0.223388,0.194659,0.226441,40.9458,192,0.165139,0.223388,0.171624,0.226441,34.6778,192,0.191578,0.223388,0.198341,0.226441,39.4367,192,0.132048,0.223388,0.132205,0.226441,23.8172,192,0.132048,0.223388,0.132205,0.226441,23.8172
outdoor_gravel_Tile_0,Tile_0,429,192,174.322,0.222371,0.218138,79.061,255,39.0615,4.14877,192,0.209849,0.222371,0.192226,0.218138,44.0154,192,0.225271,0.222371,0.219873,0.218138,45.2697,192,0.190416,0.222371,0.187317,0.218138,39.9245,192,0.16938,0.222371,0.174817,0.218138,35.0908,192,0.195346,0.222371,0.198347,0.218138,39.5786,192,0.112579,0.222371,0.115314,0.218138,20.3421,192,0.112579,0.222371,0.115314,0.218138,20.3421
outdoor_gravel_Tile_0,Tile_0,430,191,175.163,0.231174,0.237686,79.288,255,40.7316,4.20984,191,0.217805,0.231174,0.208872,0.237686,45.8448,191,0.233983,0.231174,0.239518,0.237686,47.1651,191,0.204227,0.231174,0.215139,0.237686,42.9968,191,0.186327,0.231174,0.208908,0.237686,38.7665,191,0.203436,0.231174,0.215783,0.237686,41.3203,191,0.119516,0.231174,0.123786,0.237686,21.558,191,0.119516,0.231174,0.123786,0.237686,21.558
outdoor_gravel_Tile_0,Tile_0,431,202,188.782,0.197568,0.198409,105.77,255,37.5615,4.30865,202,0.19444,0.197568,0.187017,0.198409,43.6101,202,0.19988,0.197568,0.20049,0.198409,43.4549,202,0.195178,0.197568,0.192876,0.198409,44.1373,202,0.184151,0.197568,0.184265,0.198409,41.265,202,0.173783,0.197568,0.180665,0.198409,37.8443,202,0.108207,0.197568,0.115098,0.198409,20.0495,202,0.108207,0.197568,0.115098,0.198409,20.0495
outdoor_gravel_Tile_0,Tile_0,432,206,183.845,0.245251,0.267888,64.42,255,45.6569,4.43676,206,0.229122,0.245251,0.239695,0.267888,50.0841,206,0.247216,0.245251,0.268944,0.267888,52.6133,206,0.23637,0.245251,0.252869,0.267888,52.1627,206,0.227833,0.245251,0.253199,0.267888,49.9113,206,0.221779,0.245251,0.250808,0.267888,47.2454,206,0.146652,0.245251,0.156554,0.267888,26.5888,206,0.146652,0.245251,0.156554,0.267888,26.5888
outdoor_gravel_Tile_0,Tile_0,433,199,188.737,0.211768,0.221756,64.522,255,40.3185,4.65287,199,0.208052,0.211768,0.222372,0.221756,46.486,199,0.214847,0.211768,0.224998,0.221756,46.7741,199,0.2084,0.211768,0.214017,0.221756,47.1002,199,0.199417,0.211768,0.208402,0.221756,44.7801,199,0.189646,0.211768,0.206312,0.221756,41.364,199,0.114174,0.211768,0.121211,0.221756,21.123,199,0.114174,0.211768,0.121211,0.221756,21.123
outdoor_gravel_Tile_0,Tile_0,434,186,177.479,0.256176,0.260363,75.811,255,45.8935,4.62852,186,0.222897,0.256176,0.216469,0.260363,48.2593,186,0.257485,0.256176,0.262137,0.260363,52.8825,186,0.233111,0.256176,0.234108,0.260363,50.3736,186,0.226252,0.256176,0.231634,0.260363,48.3883,186,0.23318,0.256176,0.243494,0.260363,47.6266,186,0.130364,0.256176,0.133601,0.260363,23.8209,186,0.130364,0.256176,0.133601,0.260363,23.8209
outdoor_gravel_Tile_0,Tile_0,435,188,173.983,0.260049,0.262574,74.794,255,45.2979,4.61755,188,0.22375,0.260049,0.211771,0.262574,46.8953,188,0.260517,0.260049,0.263231,0.262574,52.0173,188,0.239441,0.260049,0.237874,0.262574,50.2915,188,0.228729,0.260049,0.230685,0.262574,47.5288,188,0.236636,0.260049,0.247286,0.262574,46.9606,188,0.110388,0.260049,0.114352,0.262574,19.2263,188,0.110388,0.260049,0.114352,0.262574,19.2263
outdoor_gravel_Tile_0,Tile_0,436,190,185.258,0.239541,0.245345,81.409,255,44.7657,4.64864,190,0.215483,0.239541,0.213499,0.245345,48.6097,190,0.240897,0.239541,0.247065,0.245345,51.613,190,0.219,0.239541,0.222417,0.245345,49.4582,190,0.218226,0.239541,0.22424,0.245345,48.6773,190,0.220677,0.239541,0.233302,0.245345,47.1226,190,0.148535,0.239541,0.1541,0.245345,27.9162,190,0.148535,0.239541,0.1541,0.245345,27.9162
outdoor_gravel_Tile_0,Tile_0,437,186,183.509,0.231002,0.236918,74.331,255,42.4408,4.59183,186,0.207802,0.231002,0.204947,0.236918,46.0792,186,0.233073,0.231002,0.239751,0.236918,49.1207,186,0.219505,0.231002,0.220145,0.236918,48.7751,186,0.208837,0.231002,0.21114,0.236918,45.9231,186,0.20886,0.231002,0.222097,0.236918,43.7164,186,0.110382,0.231002,0.114658,0.236918,20.4774,186,0.110382,0.231002,0.114658,0.236918,20.4774
outdoor_gravel_Tile_0,Tile_0,438,188,169.612,0.277995,0.282434,55.228,255,47.1898,4.59034,188,0.251131,0.277995,0.24696,0.282434,51.2458,188,0.279058,0.277995,0.28316,0.282434,54.2647,188,0.261052,0.277995,0.264937,0.282434,53.4992,188,0.24835,0.277995,0.25771,0.282434,50.1846,188,0.250665,0.277995,0.262019,0.282434,48.4342,188,0.14616,0.277995,0.157644,0.282434,24.7264,188,0.14616,0.277995,0.157644,0.282434,24.7264
outdoor_gravel_Tile_0,Tile_0,439,189,175.677,0.246624,0.24561,93.392,255,43.4488,4.50615,189,0.22093,0.246624,0.21101,0.24561,46.9672,189,0.248113,0.246624,0.246885,0.24561,50.0718,189,0.229355,0.246624,0.226391,0.24561,49.0029,189,0.219108,0.246624,0.217664,0.24561,46.0903,189,0.221008,0.246624,0.224865,0.24561,44.3122,189,0.110415,0.246624,0.11603,0.24561,19.666,189,0.110415,0.246624,0.11603,0.24561,19.666
outdoor_gravel_Tile_0,Tile_0,440,187,173.324,0.272777,0.272293,88.228,255,47.2868,4.63115,187,0.246017,0.272777,0.23828,0.272293,51.3861,187,0.274073,0.272777,0.273809,0.272293,54.445,187,0.251103,0.272777,0.246375,0.272293,52.4814,187,0.236924,0.272777,0.234202,0.272293,48.8076,187,0.246601,0.272777,0.253638,0.272293,48.7392,187,0.125813,0.272777,0.134226,0.272293,21.8102,187,0.125813,0.272777,0.134226,0.272293,21.8102
outdoor_gravel_Tile_0,Tile_0,441,165,157.765,0.247499,0.225338,99.74,255,39.1702,4.37559,161,0.230524,0.247914,0.195711,0.226392,45.2034,161,0.251609,0.247914,0.22868,0.226392,45.7441,161,0.206085,0.247914,0.194391,0.226392,40.1822,161,0.178032,0.247914,0.17401,0.226392,33.454,161,0.216694,0.247914,0.201911,0.226392,39.3222,165,0.0983284,0.247499,0.0974158,0.225338,16.7008,161,0.0982279,0.247914,0.0972991,0.226392,16.6813
outdoor_gravel_Tile_0,Tile_0,442,164,157.218,0.262087,0.252603,51.712,255,41.328,4.42798,160,0.249265,0.261216,0.231839,0.252728,48.7376,160,0.265082,0.261216,0.254313,0.252728,48.0878,160,0.223528,0.261216,0.225808,0.252728,43.5727,160,0.193552,0.261216,0.204392,0.252728,36.3472,160,0.230246,0.261216,0.23102,0.252728,41.762,164,0.139862,0.262087,0.150027,0.252603,23.3174,160,0.139101,0.261216,0.149725,0.252728,23.2285
outdoor_gravel_Tile_0,Tile_0,443,194,170.93,0.255682,0.248309,98.033,255,43.7432,4.50573,194,0.229496,0.255682,0.218211,0.248309,47.2777,194,0.257247,0.255682,0.250656,0.248309,50.4215,194,0.238908,0.255682,0.230943,0.248309,49.4846,194,0.226993,0.255682,0.223084,0.248309,46.2676,194,0.231228,0.255682,0.229556,0.248309,45.0626,194,0.114498,0.255682,0.118791,0.248309,19.6679,194,0.114498,0.255682,0.118791,0.248309,19.6679
outdoor_gravel_Tile_0,Tile_0,444,168,149.315,0.272913,0.249754,83.929,255,40.8105,4.43744,162,0.256768,0.276082,0.223075,0.253841,47.4117,162,0.279931,0.276082,0.255655,0.253841,48.0844,162,0.234205,0.276082,0.224173,0.253841,43.1069,162,0.203085,0.276082,0.20523,0.253841,35.9461,162,0.247537,0.276082,0.233708,0.253841,42.5201,168,0.118357,0.272913,0.124312,0.249754,18.6437,162,0.120306,0.276082,0.126401,0.253841,18.9299
outdoor_gravel_Tile_0,Tile_0,445,161,156.713,0.257982,0.235839,94.902,255,40.5102,4.47485,156,0.245013,0.260029,0.217133,0.23871,47.7256,156,0.264234,0.260029,0.241278,0.23871,47.6842,156,0.217908,0.260029,0.208576,0.23871,42.2676,156,0.184192,0.260029,0.182808,0.23871,34.3377,156,0.230484,0.260029,0.217785,0.23871,41.5781,161,0.124928,0.257982,0.124743,0.235839,20.7054,156,0.126484,0.260029,0.126345,0.23871,20.9575
outdoor_gravel_Tile_0,Tile_0,446,167,149.333,0.278966,0.252515,88.026,255,41.6961,4.39016,161,0.270992,0.281355,0.240651,0.2557,50.1209,161,0.285841,0.281355,0.258543,0.2557,49.1275,161,0.245764,0.281355,0.239976,0.2557,45.3842,161,0.215932,0.281355,0.223616,0.2557,38.3483,161,0.25215,0.281355,0.238464,0.2557,43.363,167,0.128401,0.278966,0.13337,0.252515,20.2062,161,0.128432,0.281355,0.133052,0.2557,20.2114
outdoor_gravel_Tile_0,Tile_0,447,162,154.512,0.273152,0.250679,91.794,255,42.3131,4.38293,159,0.254233,0.274016,0.221094,0.252274,48.5912,159,0.277806,0.274016,0.254834,0.252274,49.3898,159,0.235223,0.274016,0.225751,0.252274,44.7772,159,0.208322,0.274016,0.20611,0.252274,38.1368,159,0.25018,0.274016,0.237271,0.252274,44.3502,162,0.125672,0.273152,0.12746,0.250679,20.6331,159,0.126578,0.274016,0.128529,0.252274,20.7888
outdoor_gravel_Tile_0,Tile_0,448,171,151.188,0.274735,0.257282,72.131,255,41.6374,4.36594,164,0.26296,0.277915,0.237729,0.261456,49.3428,164,0.282916,0.277915,0.264389,0.261456,49.2886,164,0.239784,0.277915,0.239058,0.261456,44.7842,164,0.207787,0.277915,0.219345,0.261456,37.3485,164,0.252215,0.277915,0.247137,0.261456,43.9787,171,0.126453,0.274735,0.135789,0.257282,20.2421,164,0.128434,0.277915,0.137977,0.261456,20.5417
outdoor_gravel_Tile_0,Tile_0,449,163,161.87,0.251586,0.236807,77.897,255,40.9526,4.3073,162,0.228158,0.251699,0.200216,0.237175,45.4739,162,0.255447,0.251699,0.239592,0.237175,47.6629,162,0.213582,0.251699,0.208279,0.237175,42.5092,162,0.192213,0.251699,0.196348,0.237175,37.0371,162,0.22295,0.251699,0.214403,0.237175,41.478,163,0.106955,0.251586,0.104719,0.236807,18.263,162,0.107166,0.251699,0.10497,0.237175,18.2971
outdoor_gravel_Tile_0,Tile_0,450,168,165.902,0.24224,0.235924,65.886,255,40.4976,4.33645,167,0.219499,0.242314,0.200046,0.236271,44.9879,167,0.24677,0.242314,0.24013,0.236271,47.2772,167,0.206531,0.242314,0.207488,0.236271,42.2931,167,0.180846,0.242314,0.189128,0.236271,35.9426,167,0.217217,0.242314,0.218821,0.236271,41.5281,168,0.111057,0.24224,0.114954,0.235924,19.7068,167,0.111258,0.242314,0.115223,0.236271,19.7438
outdoor_gravel_Tile_0,Tile_0,451,158,162.929,0.249342,0.238398,94.082,255,40.7773,4.24803,158,0.242651,0.249342,0.22352,0.238398,48.7659,158,0.253753,0.249342,0.242206,0.238398,47.5181,158,0.223176,0.249342,0.225568,0.238398,44.5566,158,0.197219,0.249342,0.210214,0.238398,37.9454,158,0.230577,0.249342,0.228459,0.238398,42.932,158,0.11372,0.249342,0.116732,0.238398,19.3428,158,0.11372,0.249342,0.116732,0.238398,19.3428
outdoor_gravel_Tile_0,Tile_0,452,188,172.475,0.255932,0.251428,75.327,255,44.2564,4.47728,188,0.228648,0.255932,0.215045,0.251428,47.4764,188,0.257719,0.255932,0.25284,0.251428,51.0439,188,0.235918,0.255932,0.227115,0.251428,49.3155,188,0.227408,0.255932,0.220707,0.251428,46.7165,188,0.228247,0.255932,0.228822,0.251428,45.0709,188,0.126544,0.255932,0.124833,0.251428,21.8439,188,0.126544,0.255932,0.124833,0.251428,21.8439
outdoor_gravel_Tile_0,Tile_0,453,161,156.882,0.273031,0.25828,76.142,255,43.1398,4.29797,157,0.249464,0.274583,0.222406,0.260827,48.4923,157,0.279962,0.274583,0.264389,0.260827,50.7815,157,0.230457,0.274583,0.225399,0.260827,44.6333,157,0.202901,0.274583,0.208097,0.260827,37.9293,157,0.249136,0.274583,0.244868,0.260827,45.0486,161,0.123637,0.273031,0.125238,0.25828,20.7024,157,0.124901,0.274583,0.126603,0.260827,20.9092
outdoor_gravel_Tile_0,Tile_0,454,161,154.841,0.266266,0.246245,75.544,255,41.4795,4.31772,155,0.252558,0.269284,0.219733,0.250165,48.4433,155,0.274545,0.269284,0.253613,0.250165,49.1679,155,0.233486,0.269284,0.224182,0.250165,44.5933,155,0.196296,0.269284,0.200303,0.250165,36.2399,155,0.240389,0.269284,0.232806,0.250165,43.0392,161,0.124029,0.266266,0.125561,0.246245,20.4929,155,0.126258,0.269284,0.127846,0.250165,20.8462
outdoor_gravel_Tile_0,Tile_0,455,190,177.569,0.214467,0.210625,91.843,255,38.1988,4.2748,190,0.18663,0.214467,0.170301,0.210625,40.3698,190,0.218836,0.214467,0.214596,0.210625,44.635,190,0.168816,0.214467,0.167424,0.210625,36.3613,190,0.152482,0.214467,0.154827,0.210625,32.1445,190,0.191906,0.214467,0.192883,0.210625,39.0269,190,0.103826,0.214467,0.101332,0.210625,19.2585,190,0.103826,0.214467,0.101332,0.210625,19.2585
outdoor_gravel_Tile_0,Tile_0,456,159,155.658,0.276187,0.263564,80.327,255,43.154,4.34877,152,0.261913,0.28143,0.234917,0.268683,50.1087,152,0.28602,0.28143,0.272097,0.268683,51.2584,152,0.241007,0.28143,0.237101,0.268683,45.9138,152,0.214027,0.28143,0.225664,0.268683,39.2663,152,0.254183,0.28143,0.249934,0.268683,45.5761,159,0.137503,0.276187,0.141278,0.263564,22.3422,152,0.138233,0.28143,0.141632,0.268683,22.4038
outdoor_gravel_Tile_0,Tile_0,457,159,156.567,0.270077,0.251085,79.794,255,42.5432,4.32946,152,0.254258,0.273001,0.223654,0.255451,49.2642,152,0.277993,0.273001,0.259151,0.255451,50.4509,152,0.232123,0.273001,0.224332,0.255451,44.8688,152,0.200113,0.273001,0.206287,0.255451,37.2274,152,0.244351,0.273001,0.237388,0.255451,44.3591,159,0.122185,0.270077,0.124446,0.251085,20.1302,152,0.123828,0.273001,0.126191,0.255451,20.3888
outdoor_gravel_Tile_0,Tile_0,458,193,173.457,0.24154,0.241209,92.342,255,41.9645,4.3543,193,0.218194,0.24154,0.209092,0.241209,45.9295,193,0.245056,0.24154,0.244519,0.241209,48.7736,193,0.215549,0.24154,0.220096,0.241209,45.3158,193,0.202335,0.24154,0.215793,0.241209,41.7494,193,0.221105,0.24154,0.227147,0.241209,43.9367,193,0.115357,0.24154,0.121987,0.241209,20.6591,193,0.115357,0.24154,0.121987,0.241209,20.6591
outdoor_gravel_Tile_0,Tile_0,459,196,173.435,0.245438,0.253212,74.484,255,42.729,4.32184,196,0.224794,0.245438,0.22446,0.253212,47.5774,196,0.249552,0.245438,0.25668,0.253212,49.7659,196,0.218782,0.245438,0.23438,0.253212,46.2371,196,0.208611,0.245438,0.232853,0.253212,43.1988,196,0.221924,0.245438,0.238699,0.253212,44.1951,196,0.12129,0.245438,0.130855,0.253212,21.7958,196,0.12129,0.245438,0.130855,0.253212,21.7958
outdoor_gravel_Tile_0,Tile_0,460,178,176,0.223101,0.223344,75.153,255,39.3064,4.13973,178,0.201226,0.223101,0.186813,0.223344,43.0744,178,0.226835,0.223101,0.226402,0.223344,45.7525,178,0.187315,0.223101,0.191691,0.223344,39.907,178,0.175035,0.223101,0.183611,0.223344,36.4062,178,0.205866,0.223101,0.211994,0.223344,41.2712,178,0.108739,0.223101,0.106295,0.223344,19.8504,178,0.108739,0.223101,0.106295,0.223344,19.8504
outdoor_gravel_Tile_0,Tile_0,461,158,166.673,0.246341,0.237327,100.338,255,41.1101,4.28418,154,0.225704,0.24691,0.202858,0.238998,46.0694,154,0.250114,0.24691,0.241151,0.238998,47.9815,154,0.206868,0.24691,0.20131,0.238998,41.956,154,0.175282,0.24691,0.179195,0.238998,34.3405,154,0.222655,0.24691,0.218966,0.238998,42.5221,158,0.128079,0.246341,0.1266,0.237327,22.1636,154,0.129153,0.24691,0.127866,0.238998,22.3511
outdoor_gravel_Tile_0,Tile_0,462,160,166.322,0.246463,0.237304,103.82,255,41.1131,4.27648,156,0.221889,0.246442,0.203212,0.238372,45.4332,156,0.251076,0.246442,0.24261,0.238372,48.1851,156,0.207742,0.246442,0.206983,0.238372,42.2168,156,0.191776,0.246442,0.19886,0.238372,37.7653,156,0.225739,0.246442,0.222697,0.238372,43.1538,160,0.128339,0.246463,0.129466,0.237304,22.3432,156,0.128918,0.246442,0.130337,0.238372,22.4632
outdoor_gravel_Tile_0,Tile_0,463,169,166.737,0.247713,0.24691,81.826,255,41.4104,4.23348,168,0.223579,0.247698,0.207668,0.247218,45.715,168,0.251055,0.247698,0.24943,0.247218,48.0722,168,0.208064,0.247698,0.212738,0.247218,42.3037,168,0.188316,0.247698,0.197662,0.247218,37.1255,168,0.228379,0.247698,0.232618,0.247218,43.5617,169,0.132579,0.247713,0.136071,0.24691,23.0211,168,0.132786,0.247698,0.136371,0.247218,23.0615
outdoor_gravel_Tile_0,Tile_0,464,160,158.798,0.256839,0.245256,81,255,40.8644,4.30118,156,0.239352,0.258078,0.211556,0.24752,46.7335,156,0.261908,0.258078,0.249533,0.24752,47.8683,156,0.218587,0.258078,0.215388,0.24752,42.363,156,0.183395,0.258078,0.191213,0.24752,34.3053,156,0.231826,0.258078,0.228306,0.24752,42.2759,160,0.118403,0.256839,0.118753,0.245256,19.7747,156,0.119641,0.258078,0.120123,0.24752,19.9745
outdoor_gravel_Tile_0,Tile_0,465,189,175.522,0.230709,0.22671,97.833,255,40.6594,4.39516,189,0.204544,0.230709,0.188598,0.22671,43.794,189,0.233912,0.230709,0.229304,0.22671,47.2152,189,0.195393,0.230709,0.191272,0.22671,41.7853,189,0.18317,0.230709,0.184577,0.22671,38.404,189,0.206726,0.230709,0.208122,0.22671,41.6689,189,0.118456,0.230709,0.117828,0.22671,21.5925,189,0.118456,0.230709,0.117828,0.22671,21.5925
outdoor_gravel_Tile_0,Tile_0,466,175,179.256,0.220535,0.219048,88.413,255,39.6576,4.29875,175,0.201976,0.220535,0.190041,0.219048,43.9983,175,0.223468,0.220535,0.221344,0.219048,46.0313,175,0.190401,0.220535,0.194786,0.219048,41.4139,175,0.170293,0.220535,0.178105,0.219048,36.2737,175,0.19854,0.220535,0.203962,0.219048,40.8684,175,0.116501,0.220535,0.118976,0.219048,21.7666,175,0.116501,0.220535,0.118976,0.219048,21.7666
outdoor_gravel_Tile_0,Tile_0,467,164,167.666,0.244463,0.241489,88.843,255,41.0219,4.20077,164,0.231344,0.244463,0.22084,0.241489,47.5872,164,0.247913,0.244463,0.244054,0.241489,47.6058,164,0.211902,0.244463,0.21952,0.241489,43.2819,164,0.199685,0.244463,0.215612,0.241489,39.5981,164,0.224224,0.244463,0.227127,0.241489,42.8114,164,0.132296,0.244463,0.13936,0.241489,23.0113,164,0.132296,0.244463,0.13936,0.241489,23.0113
outdoor_gravel_Tile_0,Tile_0,468,171,161.931,0.250949,0.24214,76.196,255,40.7316,4.20914,171,0.244214,0.250949,0.228471,0.24214,48.6348,171,0.255092,0.250949,0.245083,0.24214,47.4041,171,0.222283,0.250949,0.226194,0.24214,44.0184,171,0.196456,0.250949,0.20841,0.24214,37.8188,171,0.228695,0.250949,0.228594,0.24214,42.3868,171,0.136857,0.250949,0.139484,0.24214,23.1854,171,0.136857,0.250949,0.139484,0.24214,23.1854
outdoor_gravel_Tile_0,Tile_0,469,165,152.349,0.269837,0.238962,99.071,255,41.2947,4.25341,158,0.251884,0.270511,0.211168,0.24073,47.8608,158,0.276413,0.270511,0.244964,0.24073,48.7797,158,0.229312,0.270511,0.209931,0.24073,43.1518,158,0.190875,0.270511,0.186044,0.24073,34.6696,158,0.238606,0.270511,0.21691,0.24073,42.0251,165,0.127072,0.269837,0.123315,0.238962,20.7253,158,0.127317,0.270511,0.123692,0.24073,20.8079
outdoor_gravel_Tile_0,Tile_0,470,171,157.135,0.27321,0.259735,76.929,255,43.0965,4.24357,164,0.244193,0.275798,0.21513,0.263832,47.5634,164,0.280969,0.275798,0.266901,0.263832,50.9834,164,0.232751,0.275798,0.227382,0.263832,45.0979,164,0.20472,0.275798,0.209943,0.263832,38.2724,164,0.248152,0.275798,0.242578,0.263832,44.9794,171,0.122176,0.27321,0.126041,0.259735,20.3791,164,0.123965,0.275798,0.128119,0.263832,20.6723
outdoor_gravel_Tile_0,Tile_0,471,158,165.095,0.259837,0.248599,94.794,255,43.0958,4.22805,157,0.235321,0.260066,0.21011,0.249114,47.525,157,0.26542,0.260066,0.253346,0.249114,50.4329,157,0.224987,0.260066,0.218777,0.249114,45.2756,157,0.199477,0.260066,0.202822,0.249114,38.8937,157,0.234465,0.260066,0.230019,0.249114,44.2957,158,0.13149,0.259837,0.13371,0.248599,22.5614,157,0.131857,0.260066,0.134122,0.249114,22.6244
outdoor_gravel_Tile_0,Tile_0,472,170,169.33,0.2257,0.2159,98.327,255,38.3366,4.20821,170,0.22171,0.2257,0.203034,0.2159,45.9984,170,0.22982,0.2257,0.219862,0.2159,44.7079,170,0.198349,0.2257,0.195633,0.2159,40.9468,170,0.180936,0.2257,0.186241,0.2159,36.3604,170,0.209931,0.2257,0.208118,0.2159,40.8204,170,0.121807,0.2257,0.122475,0.2159,21.5702,170,0.121807,0.2257,0.122475,0.2159,21.5702
outdoor_gravel_Tile_0,Tile_0,473,166,158.738,0.26253,0.242538,93.039,255,41.8322,4.23094,160,0.246236,0.265686,0.218143,0.246397,48.2709,160,0.271817,0.265686,0.251412,0.246397,49.7427,160,0.229647,0.265686,0.22175,0.246397,44.6932,160,0.194547,0.265686,0.198732,0.246397,36.5569,160,0.238788,0.265686,0.228775,0.246397,43.6531,166,0.123223,0.26253,0.127613,0.242538,20.6577,160,0.124211,0.265686,0.128587,0.246397,20.8054
outdoor_gravel_Tile_0,Tile_0,474,165,153.61,0.287569,0.276649,60.772,255,44.3732,4.21386,159,0.278003,0.290306,0.260341,0.281023,52.959,159,0.295349,0.290306,0.284236,0.281023,52.4119,159,0.254861,0.290306,0.25974,0.281023,48.0667,159,0.22444,0.290306,0.247692,0.281023,40.9244,159,0.263037,0.290306,0.263091,0.281023,46.5926,165,0.144432,0.287569,0.157674,0.276649,23.3356,159,0.146711,0.290306,0.16044,0.281023,23.703
outdoor_gravel_Tile_0,Tile_0,475,164,154.45,0.280903,0.269401,61.886,255,43.5541,4.21,158,0.273014,0.283608,0.254659,0.273636,52.2254,158,0.288795,0.283608,0.276886,0.273636,51.488,158,0.247845,0.283608,0.251171,0.273636,46.9366,158,0.215511,0.283608,0.236115,0.273636,39.4272,158,0.256069,0.283608,0.255136,0.273636,45.5264,164,0.14536,0.280903,0.155177,0.269401,23.5471,158,0.147692,0.283608,0.157908,0.273636,23.9229
outdoor_gravel_Tile_0,Tile_0,476,163,161.986,0.257306,0.243428,83.729,255,41.8798,4.21495,157,0.235277,0.259757,0.206558,0.247066,47.0865,157,0.265073,0.259757,0.250774,0.247066,49.5875,157,0.218017,0.259757,0.209269,0.247066,43.318,157,0.188379,0.259757,0.190527,0.247066,36.1516,157,0.231388,0.259757,0.22474,0.247066,43.1442,163,0.12565,0.257306,0.125715,0.243428,21.5296,157,0.127151,0.259757,0.127299,0.247066,21.7841
outdoor_gravel_Tile_0,Tile_0,477,161,172.439,0.232284,0.225336,84.854,255,40.467,4.24701,161,0.218014,0.232284,0.20045,0.225336,46.4161,161,0.237256,0.232284,0.23004,0.225336,47.3299,161,0.204149,0.232284,0.202209,0.225336,43.3221,161,0.180029,0.232284,0.186952,0.225336,37.2451,161,0.21197,0.232284,0.213986,0.225336,42.3525,161,0.119221,0.232284,0.117831,0.225336,21.9043,161,0.119221,0.232284,0.117831,0.225336,21.9043
outdoor_gravel_Tile_0,Tile_0,478,174,167.58,0.248944,0.248014,66.951,255,41.8727,4.25681,174,0.23485,0.248944,0.223018,0.248014,47.846,174,0.251325,0.248944,0.249498,0.248014,48.3804,174,0.213885,0.248944,0.221141,0.248014,43.3639,174,0.198429,0.248944,0.214869,0.248014,39.3176,174,0.222826,0.248944,0.230246,0.248014,42.8063,174,0.147179,0.248944,0.150789,0.248014,25.4527,174,0.147179,0.248944,0.150789,0.248014,25.4527
outdoor_gravel_Tile_0,Tile_0,479,174,168.093,0.232676,0.224253,99.256,255,39.2081,4.23339,174,0.218884,0.232676,0.198293,0.224253,44.7161,174,0.235639,0.232676,0.226102,0.224253,45.4528,174,0.20072,0.232676,0.196819,0.224253,40.9577,174,0.175582,0.232676,0.179209,0.224253,34.9717,174,0.20943,0.232676,0.207815,0.224253,40.4885,174,0.123903,0.232676,0.124409,0.224253,21.7307,174,0.123903,0.232676,0.124409,0.224253,21.7307
outdoor_gravel_Tile_0,Tile_0,480,175,162.863,0.266772,0.269821,66.039,255,43.4869,4.2391,175,0.25939,0.266772,0.252489,0.269821,51.2229,175,0.270541,0.266772,0.273305,0.269821,50.5049,175,0.237527,0.266772,0.253583,0.269821,46.6781,175,0.220899,0.266772,0.251051,0.269821,42.4833,175,0.244885,0.266772,0.258001,0.269821,45.6032,175,0.147815,0.266772,0.157983,0.269821,24.5588,175,0.147815,0.266772,0.157983,0.269821,24.5588
outdoor_gravel_Tile_0,Tile_0,481,177,164.066,0.259156,0.256333,66.723,255,42.5636,4.24146,177,0.251402,0.259156,0.239235,0.256333,50.0474,177,0.263366,0.259156,0.260313,0.256333,49.5321,177,0.230104,0.259156,0.240014,0.256333,45.5673,177,0.211586,0.259156,0.233888,0.256333,41.0142,177,0.23751,0.259156,0.243952,0.256333,44.5773,177,0.142686,0.259156,0.150448,0.256333,24.0569,177,0.142686,0.259156,0.150448,0.256333,24.0569
outdoor_gravel_Tile_0,Tile_0,482,161,168.148,0.244009,0.236888,74.387,255,41.2847,4.22344,161,0.222527,0.244009,0.20031,0.236888,45.7216,161,0.248111,0.244009,0.240196,0.236888,48.0648,161,0.212454,0.244009,0.210705,0.236888,43.6754,161,0.187081,0.244009,0.193333,0.236888,37.483,161,0.222121,0.244009,0.222133,0.236888,42.9555,161,0.118555,0.244009,0.119166,0.236888,20.9789,161,0.118555,0.244009,0.119166,0.236888,20.9789
outdoor_gravel_Tile_0,Tile_0,483,160,160.583,0.272215,0.263877,91.151,255,43.8771,4.18815,159,0.25592,0.272651,0.231749,0.264577,50.2739,159,0.278383,0.272651,0.269598,0.264577,51.4148,159,0.232276,0.272651,0.226398,0.264577,45.3126,159,0.207442,0.272651,0.211126,0.264577,39.2964,159,0.249684,0.272651,0.248861,0.264577,45.91,160,0.167388,0.272215,0.171046,0.263877,27.7999,159,0.167916,0.272651,0.171578,0.264577,27.8829
outdoor_gravel_Tile_0,Tile_0,484,176,165.692,0.26082,0.258193,71.772,255,43.2982,4.24054,176,0.248907,0.26082,0.234958,0.258193,49.9227,176,0.26497,0.26082,0.261768,0.258193,50.3698,176,0.232809,0.26082,0.239951,0.258193,46.575,176,0.210217,0.26082,0.228972,0.258193,41.1654,176,0.240393,0.26082,0.24685,0.258193,45.6868,176,0.131267,0.26082,0.135634,0.258193,22.3007,176,0.131267,0.26082,0.135634,0.258193,22.3007
outdoor_gravel_Tile_0,Tile_0,485,165,158.106,0.2639,0.259764,55.211,255,41.7934,4.1695,161,0.256114,0.26531,0.241542,0.262213,49.72,161,0.26927,0.26531,0.264832,0.262213,48.9959,161,0.22803,0.26531,0.234198,0.262213,43.9138,161,0.193151,0.26531,0.208871,0.262213,35.9923,161,0.2416,0.26531,0.247878,0.262213,43.8929,165,0.158558,0.2639,0.166108,0.259764,25.8526,161,0.160221,0.26531,0.167953,0.262213,26.12
outdoor_gravel_Tile_0,Tile_0,486,161,159.834,0.271884,0.25841,87.163,255,43.5254,4.1894,161,0.258455,0.271884,0.236442,0.25841,50.0473,161,0.275383,0.271884,0.261547,0.25841,50.4902,161,0.242328,0.271884,0.241949,0.25841,47.004,161,0.21524,0.271884,0.22638,0.25841,40.5708,161,0.249007,0.271884,0.244375,0.25841,45.5808,161,0.128307,0.271884,0.134177,0.25841,21.1595,161,0.128307,0.271884,0.134177,0.25841,21.1595
outdoor_gravel_Tile_0,Tile_0,487,165,155.362,0.275985,0.26787,76.131,255,43.0644,4.14376,161,0.266357,0.277911,0.246361,0.270779,50.5444,161,0.280745,0.277911,0.271172,0.270779,50.2858,161,0.241044,0.277911,0.242604,0.270779,45.5729,161,0.206575,0.277911,0.218576,0.270779,37.8914,161,0.25128,0.277911,0.252048,0.270779,44.8418,165,0.146635,0.275985,0.154051,0.26787,23.6104,161,0.148465,0.277911,0.155908,0.270779,23.8911
outdoor_gravel_Tile_0,Tile_0,488,181,169.85,0.249122,0.245187,88.794,255,42.3138,4.23853,181,0.228622,0.249122,0.21064,0.245187,46.8511,181,0.252301,0.249122,0.247898,0.245187,49.0793,181,0.209144,0.249122,0.208086,0.245187,42.6645,181,0.189804,0.249122,0.194986,0.245187,37.8514,181,0.227981,0.249122,0.231299,0.245187,44.368,181,0.122094,0.249122,0.122063,0.245187,21.0974,181,0.122094,0.249122,0.122063,0.245187,21.0974
outdoor_gravel_Tile_0,Tile_0,489,179,166.268,0.252915,0.256512,72.789,255,42.2196,4.20389,179,0.241644,0.252915,0.233013,0.256512,48.6625,179,0.255814,0.252915,0.258392,0.256512,48.8974,179,0.221495,0.252915,0.234346,0.256512,44.5972,179,0.208989,0.252915,0.231313,0.256512,41.2399,179,0.232298,0.252915,0.245943,0.256512,44.5063,179,0.127022,0.252915,0.136498,0.256512,21.8036,179,0.127022,0.252915,0.136498,0.256512,21.8036
outdoor_gravel_Tile_0,Tile_0,490,177,171.085,0.236881,0.230158,97.843,255,40.6521,4.1936,177,0.22291,0.236881,0.207025,0.230158,46.1447,177,0.240265,0.236881,0.232871,0.230158,47.2024,177,0.206577,0.236881,0.207566,0.230158,42.7572,177,0.18557,0.236881,0.192915,0.230158,37.5482,177,0.212332,0.236881,0.212922,0.230158,41.7105,177,0.116059,0.236881,0.120494,0.230158,20.5704,177,0.116059,0.236881,0.120494,0.230158,20.5704
outdoor_gravel_Tile_0,Tile_0,491,179,166.373,0.243008,0.238379,76.463,255,40.5797,4.18765,179,0.238464,0.243008,0.222961,0.238379,48.0841,179,0.244617,0.243008,0.238498,0.238379,46.7584,179,0.216036,0.243008,0.217225,0.238379,43.5632,179,0.192708,0.243008,0.200708,0.238379,38.0541,179,0.219173,0.243008,0.22156,0.238379,41.981,179,0.129499,0.243008,0.134588,0.238379,22.1585,179,0.129499,0.243008,0.134588,0.238379,22.1585
outdoor_gravel_Tile_0,Tile_0,492,168,165.891,0.249264,0.242822,68.957,255,41.5426,4.15697,164,0.229932,0.249337,0.211349,0.243951,46.8864,164,0.252514,0.249337,0.245562,0.243951,48.3865,164,0.205481,0.249337,0.205734,0.243951,41.6266,164,0.181242,0.249337,0.186769,0.243951,35.6249,164,0.222515,0.249337,0.223591,0.243951,42.6143,168,0.146697,0.249264,0.144506,0.242822,25.1934,164,0.147464,0.249337,0.145523,0.243951,25.3445
outdoor_gravel_Tile_0,Tile_0,493,164,151.132,0.273035,0.245354,91.017,255,41.4382,4.2038,158,0.26319,0.276586,0.220093,0.249331,48.9808,158,0.28201,0.276586,0.253109,0.249331,49.1393,158,0.236724,0.276586,0.21825,0.249331,43.7422,158,0.194061,0.276586,0.190773,0.249331,34.7319,158,0.243253,0.276586,0.22474,0.249331,42.3817,164,0.110968,0.273035,0.111109,0.245354,17.7557,158,0.112793,0.276586,0.112781,0.249331,18.0209
outdoor_gravel_Tile_0,Tile_0,494,169,150.615,0.292287,0.279945,62.071,255,44.1692,4.13393,165,0.286695,0.29424,0.266506,0.282881,52.9032,165,0.298835,0.29424,0.286129,0.282881,51.8807,165,0.264423,0.29424,0.26734,0.282881,48.5334,165,0.232523,0.29424,0.252396,0.282881,41.48,165,0.266999,0.29424,0.266263,0.282881,46.3819,169,0.150105,0.292287,0.161588,0.279945,23.4365,165,0.151849,0.29424,0.163441,0.282881,23.6968
outdoor_gravel_Tile_0,Tile_0,495,166,146.42,0.301987,0.281253,76.869,255,44.2555,4.14619,159,0.293534,0.307705,0.253998,0.286922,52.2014,159,0.311873,0.307705,0.288876,0.286922,52.4046,159,0.267371,0.307705,0.252732,0.286922,47.35,159,0.235035,0.307705,0.23964,0.286922,40.2305,159,0.274797,0.307705,0.261437,0.286922,46.0358,166,0.149502,0.301987,0.154327,0.281253,22.2859,159,0.151387,0.307705,0.155582,0.286922,22.4942
outdoor_gravel_Tile_0,Tile_0,496,171,154.095,0.271227,0.24974,84.05,255,41.9761,4.15055,166,0.259346,0.273407,0.225828,0.252591,49.0114,166,0.278265,0.273407,0.255798,0.252591,49.4734,166,0.238635,0.273407,0.226216,0.252591,44.9123,166,0.199567,0.273407,0.201183,0.252591,36.478,166,0.241846,0.273407,0.230662,0.252591,43.0365,171,0.117551,0.271227,0.123324,0.24974,19.0678,166,0.118648,0.273407,0.124598,0.252591,19.2341
outdoor_gravel_Tile_0,Tile_0,497,178,166.733,0.246356,0.242711,79.25,255,41.1772,4.09784,177,0.232778,0.247059,0.219606,0.24338,47.1131,177,0.250185,0.247059,0.245255,0.24338,47.8793,177,0.220748,0.247059,0.22706,0.24338,44.7102,177,0.201858,0.247059,0.218022,0.24338,40.0744,177,0.222195,0.247059,0.226964,0.24338,42.7413,178,0.121268,0.246356,0.127469,0.242711,21.0494,177,0.121123,0.247059,0.127287,0.24338,21.0144
outdoor_gravel_Tile_0,Tile_0,498,177,170.851,0.233646,0.229599,86.854,255,39.9346,4.18243,176,0.213729,0.234097,0.198344,0.230197,44.3399,176,0.236823,0.234097,0.23139,0.230197,46.3662,176,0.197547,0.234097,0.199322,0.230197,40.9822,176,0.185891,0.234097,0.194211,0.230197,37.6787,176,0.207205,0.234097,0.211204,0.230197,40.8163,177,0.114761,0.233646,0.116384,0.229599,20.3691,176,0.115065,0.234097,0.116651,0.230197,20.4186
outdoor_gravel_Tile_0,Tile_0,499,175,169.748,0.238918,0.238237,72.783,255,40.542,4.12461,174,0.221051,0.239409,0.207809,0.23888,45.4216,174,0.24198,0.239409,0.23992,0.23888,47.0246,174,0.206838,0.239409,0.213861,0.23888,42.5451,174,0.19181,0.239409,0.205809,0.23888,38.5015,174,0.211383,0.239409,0.218317,0.23888,41.2329,175,0.11735,0.238918,0.122297,0.238237,20.5045,174,0.117648,0.239409,0.122559,0.23888,20.5509
outdoor_gravel_Tile_0,Tile_0,500,173,169.454,0.225232,0.220297,93.951,255,38.2312,4.06059,172,0.21657,0.225371,0.199283,0.220662,44.7272,172,0.228207,0.225371,0.222201,0.220662,44.3743,172,0.194442,0.225371,0.195184,0.220662,40.0028,172,0.170043,0.225371,0.17811,0.220662,34.1021,172,0.197723,0.225371,0.200254,0.220662,38.5036,173,0.113627,0.225232,0.115538,0.220297,20.0293,172,0.113913,0.225371,0.115858,0.220662,20.0777
outdoor_gravel_Tile_0,Tile_0,501,173,153.832,0.277875,0.261031,86.017,255,42.889,4.05355,168,0.266592,0.279921,0.237543,0.264204,50.0487,168,0.283732,0.279921,0.265759,0.264204,50.2942,168,0.244214,0.279921,0.233797,0.264204,45.6501,168,0.205155,0.279921,0.205592,0.264204,37.2597,168,0.248404,0.279921,0.242221,0.264204,44.1124,173,0.148029,0.277875,0.161944,0.261031,23.4597,168,0.149731,0.279921,0.163966,0.264204,23.7173
outdoor_gravel_Tile_0,Tile_0,502,175,159.45,0.264229,0.25756,82.17,255,42.2795,4.0384,173,0.24771,0.264937,0.226397,0.258733,47.9642,173,0.268279,0.264937,0.260051,0.258733,49.1473,173,0.235126,0.264937,0.237752,0.258733,45.486,173,0.203116,0.264937,0.215604,0.258733,38.3127,173,0.238308,0.264937,0.241441,0.258733,43.7579,175,0.138079,0.264229,0.153646,0.25756,22.8939,173,0.138869,0.264937,0.154434,0.258733,22.8963
outdoor_gravel_Tile_0,Tile_0,503,172,152.908,0.266904,0.24359,69.288,255,40.9339,4.03953,166,0.262503,0.269345,0.229278,0.247067,48.9987,166,0.27387,0.269345,0.249576,0.247067,48.2819,166,0.235462,0.269345,0.223015,0.247067,43.8372,166,0.197458,0.269345,0.201757,0.247067,35.6995,166,0.238563,0.269345,0.225965,0.247067,42.1611,172,0.113228,0.266904,0.118244,0.24359,18.0954,166,0.114993,0.269345,0.120158,0.247067,18.3562
outdoor_gravel_Tile_0,Tile_0,504,180,156.936,0.275465,0.262429,67.712,255,43.2507,4.03784,180,0.263931,0.275465,0.241455,0.262429,50.0425,180,0.278157,0.275465,0.264223,0.262429,50.0153,180,0.247119,0.275465,0.245246,0.262429,46.9279,180,0.218751,0.275465,0.229933,0.262429,40.5751,180,0.248252,0.275465,0.246907,0.262429,44.8402,180,0.130236,0.275465,0.135492,0.262429,20.9224,180,0.130236,0.275465,0.135492,0.262429,20.9224
outdoor_gravel_Tile_0,Tile_0,505,181,153.917,0.266963,0.254124,62.25,255,41.0244,4.00484,180,0.269725,0.267596,0.249861,0.254825,50.2481,180,0.269792,0.267596,0.25574,0.254825,47.4863,180,0.239409,0.267596,0.23893,0.254825,44.4627,180,0.214987,0.267596,0.226022,0.254825,39.011,180,0.240771,0.267596,0.239556,0.254825,42.6106,181,0.144673,0.266963,0.152061,0.254124,22.6817,180,0.144985,0.267596,0.152301,0.254825,22.721
outdoor_gravel_Tile_0,Tile_0,506,172,153.691,0.288786,0.27504,62.869,255,44.3692,4.04871,168,0.275766,0.289869,0.248498,0.27734,51.3059,168,0.29372,0.289869,0.279418,0.27734,51.8691,168,0.255337,0.289869,0.25108,0.27734,47.4657,168,0.23119,0.289869,0.241295,0.27734,41.8091,168,0.258836,0.289869,0.253861,0.27734,45.7805,172,0.134324,0.288786,0.140212,0.27504,21.088,168,0.13562,0.289869,0.141731,0.27734,21.2846
outdoor_gravel_Tile_0,Tile_0,507,174,151.839,0.27991,0.262559,68.31,255,42.543,4.08706,168,0.271798,0.282772,0.242792,0.266505,50.1778,168,0.28638,0.282772,0.267622,0.266505,49.9943,168,0.248085,0.282772,0.239882,0.266505,45.7335,168,0.216216,0.282772,0.221573,0.266505,38.6453,168,0.246291,0.282772,0.238394,0.266505,43.0306,174,0.142192,0.27991,0.145969,0.262559,22.0986,168,0.143771,0.282772,0.147465,0.266505,22.3219
outdoor_gravel_Tile_0,Tile_0,508,170,150.656,0.288866,0.279411,57.854,255,43.6148,4.0706,163,0.270235,0.292184,0.246166,0.284465,49.4674,163,0.296824,0.292184,0.286105,0.284465,51.5462,163,0.257093,0.292184,0.252285,0.284465,47.0312,163,0.222945,0.292184,0.233713,0.284465,39.5277,163,0.258353,0.292184,0.257988,0.284465,44.8544,170,0.13614,0.288866,0.14614,0.279411,21.083,163,0.138677,0.292184,0.148904,0.284465,21.453
outdoor_gravel_Tile_0,Tile_0,509,177,160.136,0.258528,0.255908,79.68,255,41.3639,3.97254,176,0.253216,0.25926,0.237915,0.256623,48.7876,176,0.262536,0.25926,0.258238,0.256623,48.0987,176,0.2312,0.25926,0.235346,0.256623,44.6192,176,0.205883,0.25926,0.222625,0.256623,38.7334,176,0.231909,0.25926,0.237538,0.256623,42.5908,177,0.149937,0.258528,0.161534,0.255908,24.3867,176,0.150018,0.25926,0.161541,0.256623,24.3882
outdoor_gravel_Tile_0,Tile_0,510,175,151.475,0.283329,0.276793,70.876,255,42.8401,4.02275,174,0.278758,0.284189,0.260323,0.277528,50.888,174,0.286802,0.284189,0.278451,0.277528,49.6408,174,0.253261,0.284189,0.258125,0.277528,46.1799,174,0.236124,0.284189,0.257785,0.277528,42.0743,174,0.256596,0.284189,0.261371,0.277528,44.5927,175,0.165787,0.283329,0.176563,0.276793,25.5197,174,0.165713,0.284189,0.176395,0.277528,25.4906
outdoor_gravel_Tile_0,Tile_0,511,181,149.172,0.287063,0.277451,53.63,255,42.8853,4.0704,177,0.279242,0.289103,0.255285,0.280204,50.4719,177,0.293444,0.289103,0.28272,0.280204,50.2887,177,0.256965,0.289103,0.259426,0.280204,46.3627,177,0.226479,0.289103,0.247982,0.280204,39.9075,177,0.25862,0.289103,0.261284,0.280204,44.4422,181,0.135554,0.287063,0.146161,0.277451,20.8684,177,0.136737,0.289103,0.14735,0.280204,21.0313
outdoor_gravel_Tile_0,Tile_0,512,176,143.947,0.314793,0.294614,66.157,255,45.2708,4.1546,172,0.306244,0.318033,0.274128,0.298008,53.2621,172,0.322651,0.318033,0.300991,0.298008,53.1627,172,0.28282,0.318033,0.274345,0.298008,49.0473,172,0.248206,0.318033,0.259047,0.298008,41.8063,172,0.286576,0.318033,0.276501,0.298008,47.2741,176,0.149555,0.314793,0.157157,0.294614,21.8475,172,0.150702,0.318033,0.157965,0.298008,21.9789
outdoor_gravel_Tile_0,Tile_0,513,164,156.277,0.268932,0.247498,90.598,255,42.2344,4.23885,158,0.249207,0.272529,0.215579,0.251547,48.2909,158,0.27842,0.272529,0.255698,0.251547,50.1752,158,0.23208,0.272529,0.221965,0.251547,44.6383,158,0.198374,0.272529,0.201554,0.251547,36.7868,158,0.243719,0.272529,0.230765,0.251547,43.8916,164,0.110491,0.268932,0.116152,0.247498,18.5022,158,0.112186,0.272529,0.117805,0.251547,18.7615
outdoor_gravel_Tile_0,Tile_0,514,168,148.962,0.277264,0.249832,80.945,255,41.4078,4.17896,162,0.267825,0.280372,0.228058,0.253834,49.1623,162,0.284991,0.280372,0.256388,0.253834,48.9063,162,0.242127,0.280372,0.226034,0.253834,44.0785,162,0.197153,0.280372,0.195282,0.253834,34.7039,162,0.247867,0.280372,0.232478,0.253834,42.5506,168,0.113662,0.277264,0.116119,0.249832,17.7966,162,0.115694,0.280372,0.118217,0.253834,18.0878
outdoor_gravel_Tile_0,Tile_0,515,197,176.514,0.270768,0.29158,58.093,255,47.9134,4.48093,197,0.26742,0.270768,0.279101,0.29158,55.2501,197,0.271877,0.270768,0.292687,0.29158,54.9796,197,0.270917,0.270768,0.287771,0.29158,56.6326,197,0.262929,0.270768,0.289157,0.29158,54.6568,197,0.247532,0.270768,0.274571,0.29158,49.9145,197,0.153282,0.270768,0.171379,0.29158,25.6266,197,0.153282,0.270768,0.171379,0.29158,25.6266
outdoor_gravel_Tile_0,Tile_0,516,211,180.132,0.253638,0.274883,56.271,255,46.3109,4.86839,211,0.2522,0.253638,0.255806,0.274883,54.4687,211,0.25443,0.253638,0.276058,0.274883,53.0822,211,0.244992,0.253638,0.25359,0.274883,53.1024,211,0.237295,0.253638,0.245776,0.274883,51.166,211,0.229219,0.253638,0.252603,0.274883,47.6258,211,0.148061,0.253638,0.160674,0.274883,25.4609,211,0.148061,0.253638,0.160674,0.274883,25.4609
outdoor_gravel_Tile_0,Tile_0,517,219,174.462,0.252283,0.254249,80.413,255,44.7434,4.63063,219,0.269797,0.252283,0.258815,0.254249,56.7533,219,0.253034,0.252283,0.254228,0.254249,51.2643,219,0.25934,0.252283,0.253624,0.254249,54.713,219,0.248192,0.252283,0.244083,0.254249,52.1269,219,0.225453,0.252283,0.2321,0.254249,45.5366,219,0.123667,0.252283,0.132046,0.254249,21.3212,219,0.123667,0.252283,0.132046,0.254249,21.3212
outdoor_gravel_Tile_0,Tile_0,518,212,173.198,0.281196,0.306504,54.811,255,49.1942,4.69957,212,0.289246,0.281196,0.292845,0.306504,59.6137,212,0.281407,0.281196,0.305293,0.306504,56.2117,212,0.282148,0.281196,0.294976,0.306504,58.204,212,0.27011,0.281196,0.290267,0.306504,55.3922,212,0.257344,0.281196,0.286273,0.306504,51.0109,212,0.155109,0.281196,0.171917,0.306504,25.4121,212,0.155109,0.281196,0.171917,0.306504,25.4121
outdoor_gravel_Tile_0,Tile_0,519,208,177.756,0.244162,0.249048,85.843,255,43.9699,4.70108,208,0.256036,0.244162,0.241451,0.249048,54.6482,208,0.245271,0.244162,0.249448,0.249048,50.4421,208,0.244292,0.244162,0.238124,0.249048,52.1116,208,0.23221,0.244162,0.229644,0.249048,49.3559,208,0.220861,0.244162,0.229442,0.249048,45.1424,208,0.113177,0.244162,0.120266,0.249048,19.4362,208,0.113177,0.244162,0.120266,0.249048,19.4362
outdoor_gravel_Tile_0,Tile_0,520,203,176.091,0.258174,0.27115,69.734,255,45.6237,4.4476,203,0.250638,0.258174,0.251147,0.27115,51.7392,203,0.258364,0.258174,0.269949,0.27115,52.1633,203,0.247204,0.258174,0.251414,0.27115,51.4053,203,0.235864,0.258174,0.24389,0.27115,48.6678,203,0.231452,0.258174,0.247898,0.27115,46.6057,203,0.141572,0.258174,0.153137,0.27115,23.7754,203,0.141572,0.258174,0.153137,0.27115,23.7754
outdoor_gravel_Tile_0,Tile_0,521,223,179.653,0.246304,0.259357,89.419,255,44.753,4.69278,223,0.257466,0.246304,0.256094,0.259357,55.4574,223,0.246536,0.246304,0.259875,0.259357,51.1899,223,0.242588,0.246304,0.245157,0.259357,52.3593,223,0.236708,0.246304,0.244874,0.259357,50.8804,223,0.222271,0.246304,0.238374,0.259357,46.0353,223,0.158447,0.246304,0.166743,0.259357,27.4519,223,0.158447,0.246304,0.166743,0.259357,27.4519
outdoor_gravel_Tile_0,Tile_0,522,213,190.11,0.194618,0.200459,95.983,255,37.5288,4.57329,213,0.190282,0.194618,0.177706,0.200459,43.3106,213,0.195718,0.194618,0.201589,0.200459,43.1282,213,0.193008,0.194618,0.186769,0.200459,44.2756,213,0.180512,0.194618,0.173653,0.200459,41.2086,213,0.169469,0.194618,0.178829,0.200459,37.4002,213,0.121246,0.194618,0.123597,0.200459,22.6072,213,0.121246,0.194618,0.123597,0.200459,22.6072
outdoor_gravel_Tile_0,Tile_0,523,203,169.39,0.280235,0.295275,48.951,255,47.4728,4.38486,203,0.271085,0.280235,0.278405,0.295275,53.5947,203,0.281053,0.280235,0.294796,0.295275,54.4136,203,0.267271,0.280235,0.274071,0.295275,53.4204,203,0.256237,0.280235,0.267827,0.295275,50.7401,203,0.255567,0.280235,0.277241,0.295275,49.3109,203,0.162198,0.280235,0.182928,0.295275,26.2024,203,0.162198,0.280235,0.182928,0.295275,26.2024
outdoor_gravel_Tile_0,Tile_0,524,207,186.18,0.223765,0.234596,93.762,255,41.9313,4.4526,207,0.20924,0.223765,0.204883,0.234596,45.9403,207,0.223651,0.223765,0.233901,0.234596,47.8996,207,0.212372,0.223765,0.211478,0.234596,47.1553,207,0.201633,0.223765,0.200562,0.234596,44.4328,207,0.198736,0.223765,0.211673,0.234596,42.5317,207,0.154237,0.223765,0.151039,0.234596,27.8933,207,0.154237,0.223765,0.151039,0.234596,27.8933
outdoor_gravel_Tile_0,Tile_0,525,219,177.039,0.244877,0.249764,76.729,255,44.1599,4.61904,219,0.259158,0.244877,0.248761,0.249764,55.5117,219,0.245583,0.244877,0.249917,0.249764,50.5949,219,0.252003,0.244877,0.248791,0.249764,54.0631,219,0.238555,0.244877,0.235184,0.249764,50.9243,219,0.219501,0.244877,0.228821,0.249764,45.1092,219,0.144196,0.244877,0.150687,0.249764,25.257,219,0.144196,0.244877,0.150687,0.249764,25.257
outdoor_gravel_Tile_0,Tile_0,526,207,180.952,0.230921,0.239783,77.164,255,42.0817,4.40669,207,0.221885,0.230921,0.214728,0.239783,47.2529,207,0.231551,0.230921,0.239295,0.239783,48.222,207,0.21803,0.230921,0.216676,0.239783,46.8954,207,0.211439,0.230921,0.215114,0.239783,45.1559,207,0.203177,0.230921,0.216789,0.239783,42.2893,207,0.120348,0.230921,0.12294,0.239783,21.246,207,0.120348,0.230921,0.12294,0.239783,21.246
outdoor_gravel_Tile_0,Tile_0,527,224,178.165,0.252576,0.270304,54.912,255,46.0608,4.74928,224,0.265873,0.252576,0.257289,0.270304,57.4134,224,0.253256,0.252576,0.270768,0.270304,52.7522,224,0.255422,0.252576,0.259969,0.270304,55.3101,224,0.247064,0.252576,0.255549,0.270304,53.2606,224,0.230175,0.252576,0.254264,0.270304,47.9538,224,0.141606,0.252576,0.15506,0.270304,25.7565,224,0.141606,0.252576,0.15506,0.270304,25.7565
outdoor_gravel_Tile_0,Tile_0,528,218,174.463,0.240878,0.240861,74.164,255,43.1653,4.72857,218,0.243256,0.240878,0.229896,0.240861,51.755,218,0.241771,0.240878,0.241859,0.240861,49.5085,218,0.237345,0.240878,0.231824,0.240861,50.7027,218,0.229271,0.240878,0.23234,0.240861,48.8299,218,0.220962,0.240878,0.229282,0.240861,45.3138,218,0.144542,0.240878,0.145541,0.240861,25.369,218,0.144542,0.240878,0.145541,0.240861,25.369
outdoor_gravel_Tile_0,Tile_0,529,216,167.9,0.284279,0.301859,51.783,255,48.622,4.64425,216,0.300323,0.284279,0.305781,0.301859,60.9143,216,0.284188,0.284279,0.30038,0.301859,55.5271,216,0.286821,0.284279,0.299409,0.301859,58.3177,216,0.276263,0.284279,0.293412,0.301859,55.8709,216,0.259796,0.284279,0.281702,0.301859,50.6169,216,0.18214,0.284279,0.197216,0.301859,29.8076,216,0.18214,0.284279,0.197216,0.301859,29.8076
outdoor_gravel_Tile_0,Tile_0,530,219,180.069,0.240688,0.244647,92.617,255,45.1748,4.76516,219,0.24536,0.240688,0.229351,0.244647,54.6644,219,0.243021,0.240688,0.246746,0.244647,52.0966,219,0.24061,0.240688,0.2294,0.244647,53.703,219,0.227282,0.240688,0.219831,0.244647,50.746,219,0.21724,0.240688,0.227658,0.244647,46.8452,219,0.155431,0.240688,0.156814,0.244647,29.3382,219,0.155431,0.240688,0.156814,0.244647,29.3382
outdoor_gravel_Tile_0,Tile_0,531,219,168.433,0.267844,0.264746,77.823,255,46.7084,4.71777,219,0.276428,0.267844,0.252243,0.264746,57.1398,219,0.268897,0.267844,0.265819,0.264746,53.5932,219,0.266046,0.267844,0.252379,0.264746,55.2085,219,0.254496,0.267844,0.246564,0.264746,52.7432,219,0.241657,0.267844,0.2444,0.264746,48.2616,219,0.147071,0.267844,0.147151,0.264746,26.3079,219,0.147071,0.267844,0.147151,0.264746,26.3079
outdoor_gravel_Tile_0,Tile_0,532,174,158.221,0.26963,0.260905,75.338,255,42.8324,4.4179,168,0.256949,0.270516,0.231829,0.262807,48.3375,168,0.274694,0.270516,0.264415,0.262807,50.1415,168,0.244913,0.270516,0.238802,0.262807,46.3475,168,0.209446,0.270516,0.21532,0.262807,38.9002,168,0.237921,0.270516,0.234455,0.262807,43.6561,174,0.13516,0.26963,0.140178,0.260905,21.3338,168,0.135645,0.270516,0.140762,0.262807,21.4153
outdoor_gravel_Tile_0,Tile_0,533,168,163.68,0.199979,0.192951,101.517,255,33.0817,4.12004,161,0.203768,0.199599,0.186176,0.193627,40.0855,161,0.203579,0.199599,0.195863,0.193627,38.7452,161,0.176378,0.199599,0.170451,0.193627,34.9454,161,0.150485,0.199599,0.153394,0.193627,29.6351,161,0.174681,0.199599,0.17218,0.193627,33.6581,168,0.146621,0.199979,0.142503,0.192951,24.8956,161,0.148812,0.199599,0.145019,0.193627,25.2959
outdoor_gravel_Tile_0,Tile_0,534,167,165.343,0.250271,0.26011,78.246,255,41.5923,4.33221,160,0.24157,0.250284,0.236568,0.262596,47.8923,160,0.25486,0.250284,0.264974,0.262596,48.7621,160,0.229185,0.250284,0.240519,0.262596,45.5734,160,0.214665,0.250284,0.232482,0.262596,42.1797,160,0.229063,0.250284,0.239122,0.262596,44.0967,167,0.168639,0.250271,0.174261,0.26011,28.3599,160,0.170895,0.250284,0.177298,0.262596,28.789
outdoor_gravel_Tile_0,Tile_0,535,166,170.197,0.207518,0.209756,89.022,255,35.5472,4.19329,159,0.195617,0.207136,0.187049,0.2106,39.9246,159,0.211583,0.207136,0.214078,0.2106,41.6849,159,0.183904,0.207136,0.188007,0.2106,37.7625,159,0.165406,0.207136,0.174988,0.2106,33.6764,159,0.191975,0.207136,0.202005,0.2106,38.2016,166,0.137764,0.207518,0.140609,0.209756,24.1778,159,0.138508,0.207136,0.141595,0.2106,24.3346
outdoor_gravel_Tile_0,Tile_0,536,169,155.216,0.258892,0.251857,73.381,255,40.0922,4.2578,161,0.246049,0.262568,0.237248,0.25604,45.1072,161,0.264678,0.262568,0.25596,0.25604,46.9081,161,0.240922,0.262568,0.240348,0.25604,44.5513,161,0.216643,0.262568,0.221119,0.25604,39.4812,161,0.241732,0.262568,0.241688,0.25604,43.2354,169,0.15902,0.258892,0.16673,0.251857,24.8925,161,0.15909,0.262568,0.1669,0.25604,24.8008
outdoor_gravel_Tile_0,Tile_0,537,168,151.104,0.279737,0.276178,59.338,255,42.4373,4.1484,161,0.278723,0.281454,0.269738,0.280049,50.3021,161,0.284394,0.281454,0.28011,0.280049,49.6121,161,0.264623,0.281454,0.267461,0.280049,47.9815,161,0.237323,0.281454,0.254834,0.280049,42.6155,161,0.254216,0.281454,0.257025,0.280049,44.6562,168,0.177986,0.279737,0.186613,0.276178,27.2778,161,0.181055,0.281454,0.190248,0.280049,27.7725
outdoor_gravel_Tile_0,Tile_0,538,169,160.639,0.262261,0.260586,71.082,255,42.294,4.43183,165,0.262506,0.263076,0.249659,0.262684,50.1535,165,0.265785,0.263076,0.262791,0.262684,49.1947,165,0.243383,0.263076,0.250524,0.262684,46.7442,165,0.212016,0.263076,0.232835,0.262684,39.9268,165,0.236378,0.263076,0.24504,0.262684,44.0399,169,0.139397,0.262261,0.14969,0.260586,22.1935,165,0.141007,0.263076,0.151458,0.262684,22.4477
outdoor_gravel_Tile_0,Tile_0,539,168,157.765,0.228768,0.220977,79.071,255,36.2766,4.08932,160,0.216192,0.229755,0.206087,0.223241,40.7227,160,0.232422,0.229755,0.223724,0.223241,42.3804,160,0.212302,0.229755,0.211585,0.223241,40.4335,160,0.191929,0.229755,0.204067,0.223241,36.2208,160,0.197521,0.229755,0.198054,0.223241,36.3453,168,0.130288,0.228768,0.137358,0.220977,21.1106,160,0.131896,0.229755,0.139282,0.223241,21.3722
outdoor_gravel_Tile_0,Tile_0,540,177,165.967,0.240258,0.241758,61.794,255,40.0932,4.22399,174,0.241154,0.240595,0.228927,0.242947,47.8419,174,0.243248,0.240595,0.243606,0.242947,46.549,174,0.216027,0.240595,0.224183,0.242947,42.9713,174,0.184773,0.240595,0.204906,0.242947,36.1223,174,0.217354,0.240595,0.227583,0.242947,41.8515,177,0.139509,0.240258,0.147091,0.241758,23.3966,174,0.140608,0.240595,0.148309,0.242947,23.5803
outdoor_gravel_Tile_0,Tile_0,541,171,157.946,0.261956,0.255468,81.848,255,41.4906,4.39576,167,0.259951,0.263032,0.248343,0.257671,48.9441,167,0.265679,0.263032,0.256867,0.257671,48.2644,167,0.242453,0.263032,0.240307,0.257671,45.837,167,0.206108,0.263032,0.210488,0.257671,38.1535,167,0.224681,0.263032,0.220365,0.257671,40.952,171,0.164774,0.261956,0.175777,0.255468,25.9948,167,0.166722,0.263032,0.177852,0.257671,26.2926
outdoor_gravel_Tile_0,Tile_0,542,180,155.734,0.261252,0.250129,84.022,255,40.9416,4.35516,176,0.256806,0.26119,0.234042,0.250979,47.9146,176,0.263316,0.26119,0.250719,0.250979,47.3621,176,0.233705,0.26119,0.228746,0.250979,43.7614,176,0.193851,0.26119,0.200784,0.250979,35.6563,176,0.233235,0.26119,0.231017,0.250979,42.2349,180,0.161565,0.261252,0.173427,0.250129,25.323,176,0.162479,0.26119,0.174747,0.250979,25.4754
outdoor_gravel_Tile_0,Tile_0,543,173,163.886,0.245879,0.23968,86.061,255,40.513,4.31888,169,0.242023,0.24668,0.221428,0.241288,47.118,169,0.249938,0.24668,0.241816,0.241288,47.2192,169,0.22039,0.24668,0.216872,0.241288,43.1482,169,0.189098,0.24668,0.19963,0.241288,36.3974,169,0.216039,0.24668,0.217198,0.241288,40.994,173,0.113968,0.245879,0.117267,0.23968,18.7159,169,0.114536,0.24668,0.117884,0.241288,18.7977
outdoor_gravel_Tile_0,Tile_0,544,170,169.18,0.232554,0.231942,85.104,255,39.5201,4.34533,167,0.232278,0.232903,0.219273,0.233108,46.5918,167,0.235911,0.232903,0.234727,0.233108,45.9698,167,0.206485,0.232903,0.212561,0.233108,41.7595,167,0.182385,0.232903,0.199883,0.233108,36.1988,167,0.210395,0.232903,0.217342,0.233108,41.2669,170,0.134935,0.232554,0.140488,0.231942,22.7193,167,0.136108,0.232903,0.141731,0.233108,22.9138
outdoor_gravel_Tile_0,Tile_0,545,172,157.759,0.278228,0.281445,76.039,255,44.1824,4.1907,168,0.266287,0.280083,0.246975,0.284414,49.781,168,0.282133,0.280083,0.282988,0.284414,51.362,168,0.248655,0.280083,0.247212,0.284414,46.6995,168,0.212957,0.280083,0.223519,0.284414,39.2625,168,0.243767,0.280083,0.245417,0.284414,44.5499,172,0.169109,0.278228,0.173405,0.281445,26.5547,168,0.171077,0.280083,0.175139,0.284414,26.8387
outdoor_gravel_Tile_0,Tile_0,546,178,165.756,0.247125,0.24834,63.164,255,41.3192,4.12825,174,0.239309,0.247257,0.224939,0.249502,47.2977,174,0.25177,0.247257,0.251745,0.249502,48.3403,174,0.220844,0.247257,0.223652,0.249502,44.0368,174,0.200287,0.247257,0.215557,0.249502,39.2764,174,0.222488,0.247257,0.228667,0.249502,43.0022,178,0.128741,0.247125,0.137392,0.24834,21.6295,174,0.129241,0.247257,0.138154,0.249502,21.7198
outdoor_gravel_Tile_0,Tile_0,547,178,171.38,0.218361,0.21345,92.669,255,37.6233,4.16343,174,0.219224,0.215957,0.206661,0.211517,44.824,174,0.218513,0.215957,0.211772,0.211517,43.2792,174,0.192054,0.215957,0.190284,0.211517,39.5402,174,0.155072,0.215957,0.161065,0.211517,31.3009,174,0.188608,0.215957,0.190564,0.211517,37.5969,178,0.141861,0.218361,0.143572,0.21345,24.39,174,0.141426,0.215957,0.143449,0.211517,24.3614
outdoor_gravel_Tile_0,Tile_0,548,174,149.298,0.304112,0.308035,56.033,255,45.2042,4.35396,173,0.309831,0.304805,0.30445,0.308915,55.0729,173,0.306009,0.304805,0.306498,0.308915,52.0141,173,0.281625,0.304805,0.291495,0.308915,49.7766,173,0.250544,0.304805,0.271918,0.308915,43.3783,173,0.274511,0.304805,0.285993,0.308915,46.8864,174,0.199149,0.304112,0.22614,0.308035,29.0471,173,0.199694,0.304805,0.226611,0.308915,29.1127
outdoor_gravel_Tile_0,Tile_0,549,173,166.399,0.240324,0.2381,81.327,255,40.1563,4.45043,169,0.237529,0.240648,0.219657,0.239466,47.0397,169,0.243782,0.240648,0.240289,0.239466,46.7381,169,0.210273,0.240648,0.209917,0.239466,41.8324,169,0.183034,0.240648,0.194685,0.239466,35.8054,169,0.212389,0.240648,0.215678,0.239466,41.0115,173,0.13983,0.240324,0.140995,0.2381,23.363,169,0.141033,0.240648,0.142294,0.239466,23.5644
outdoor_gravel_Tile_0,Tile_0,550,174,164.064,0.238339,0.229966,86.082,255,39.3697,4.25521,173,0.243743,0.238594,0.220658,0.230435,47.5731,173,0.241949,0.238594,0.231592,0.230435,45.7398,173,0.212485,0.238594,0.20912,0.230435,41.672,173,0.179445,0.238594,0.190767,0.230435,34.6559,173,0.209291,0.238594,0.207165,0.230435,39.7814,174,0.124126,0.238339,0.129279,0.229966,20.4518,173,0.124489,0.238594,0.129631,0.230435,20.5091
outdoor_gravel_Tile_0,Tile_0,551,199,176.885,0.240664,0.239175,79.409,255,42.9654,4.35762,199,0.231584,0.240664,0.216432,0.239175,48.3246,199,0.242072,0.240664,0.239747,0.239175,49.4031,199,0.2324,0.240664,0.222655,0.239175,49.0195,199,0.213269,0.240664,0.205914,0.239175,44.5417,199,0.213139,0.240664,0.215945,0.239175,43.4203,199,0.120969,0.240664,0.12407,0.239175,20.9664,199,0.120969,0.240664,0.12407,0.239175,20.9664
outdoor_gravel_Tile_0,Tile_0,552,183,163.667,0.255385,0.26572,63.414,255,41.8054,4.12438,182,0.257263,0.255765,0.25441,0.26636,49.8951,182,0.258865,0.255765,0.266752,0.26636,48.4931,182,0.238209,0.255765,0.255078,0.26636,46.5096,182,0.214694,0.255765,0.242372,0.26636,41.1055,182,0.229124,0.255765,0.246279,0.26636,43.1319,183,0.152039,0.255385,0.167181,0.26572,24.695,182,0.152459,0.255765,0.16759,0.26636,24.7586
outdoor_gravel_Tile_0,Tile_0,553,179,169.494,0.233619,0.24337,65.153,255,39.7194,4.20893,175,0.226787,0.233501,0.217509,0.244437,45.6864,175,0.234848,0.233501,0.24312,0.244437,45.8167,175,0.205094,0.233501,0.213231,0.244437,41.6007,175,0.17593,0.233501,0.194097,0.244437,34.9955,175,0.202769,0.233501,0.215447,0.244437,39.7864,179,0.14307,0.233619,0.152612,0.24337,24.3403,175,0.144055,0.233501,0.153904,0.244437,24.5127
outdoor_gravel_Tile_0,Tile_0,554,184,159.767,0.264272,0.280351,58.729,255,42.305,4.30814,183,0.260349,0.264458,0.262745,0.280906,49.8114,183,0.267056,0.264458,0.281262,0.280906,48.9397,183,0.240697,0.264458,0.262915,0.280906,45.9492,183,0.221433,0.264458,0.258951,0.280906,41.6727,183,0.239341,0.264458,0.265582,0.280906,44.2353,184,0.159781,0.264272,0.185469,0.280351,25.7089,183,0.160189,0.264458,0.185974,0.280906,25.7736
outdoor_gravel_Tile_0,Tile_0,555,189,170.342,0.254043,0.260579,63.211,255,43.2904,4.1658,189,0.245429,0.254043,0.245354,0.260579,49.4885,189,0.255166,0.254043,0.259721,0.260579,49.7211,189,0.235652,0.254043,0.241392,0.260579,47.7046,189,0.219822,0.254043,0.22781,0.260579,43.8967,189,0.22895,0.254043,0.242566,0.260579,44.5748,189,0.154529,0.254043,0.171709,0.260579,25.7346,189,0.154529,0.254043,0.171709,0.260579,25.7346
outdoor_gravel_Tile_0,Tile_0,556,181,153.739,0.286769,0.296686,65.986,255,44.0112,4.29794,180,0.288957,0.287321,0.291176,0.297476,52.9219,180,0.288783,0.287321,0.295565,0.297476,50.6886,180,0.263689,0.287321,0.280902,0.297476,48.1514,180,0.232796,0.287321,0.257029,0.297476,41.6881,180,0.257892,0.287321,0.274762,0.297476,45.5499,181,0.191323,0.286769,0.222669,0.296686,29.2081,180,0.19186,0.287321,0.223193,0.297476,29.2813
outdoor_gravel_Tile_0,Tile_0,557,180,163.658,0.242553,0.231917,83.772,255,39.8801,4.30652,180,0.241545,0.242553,0.218987,0.231917,47.148,180,0.24538,0.242553,0.23331,0.231917,46.126,180,0.218813,0.242553,0.21396,0.231917,42.8812,180,0.1946,0.242553,0.20162,0.231917,37.6025,180,0.21229,0.242553,0.209401,0.231917,40.2152,180,0.121176,0.242553,0.125038,0.231917,20.105,180,0.121176,0.242553,0.125038,0.231917,20.105
outdoor_gravel_Tile_0,Tile_0,558,193,167.206,0.243736,0.238985,87.201,255,40.8176,4.32083,193,0.24035,0.243736,0.227842,0.238985,47.7924,193,0.245764,0.243736,0.239865,0.238985,47.0684,193,0.221971,0.243736,0.217608,0.238985,44.1349,193,0.201906,0.243736,0.201098,0.238985,39.5573,193,0.218026,0.243736,0.218444,0.238985,41.7582,193,0.147762,0.243736,0.158568,0.238985,24.3383,193,0.147762,0.243736,0.158568,0.238985,24.3383
outdoor_gravel_Tile_0,Tile_0,559,181,162.986,0.251794,0.251317,63.327,255,41.2076,4.21218,181,0.248252,0.251794,0.232171,0.251317,48.2091,181,0.255479,0.251794,0.253402,0.251317,47.8061,181,0.225372,0.251794,0.227413,0.251317,43.922,181,0.200071,0.251794,0.214715,0.251317,38.4542,181,0.22455,0.251794,0.229901,0.251317,42.3032,181,0.136653,0.251794,0.142325,0.251317,22.568,181,0.136653,0.251794,0.142325,0.251317,22.568
outdoor_gravel_Tile_0,Tile_0,560,186,165.157,0.248051,0.247846,80.695,255,41.0272,4.38399,186,0.240199,0.248051,0.220568,0.247846,47.1408,186,0.250148,0.248051,0.248237,0.247846,47.2964,186,0.218692,0.248051,0.217564,0.247846,43.0923,186,0.198201,0.248051,0.207654,0.247846,38.4569,186,0.2173,0.248051,0.221083,0.247846,41.3067,186,0.120764,0.248051,0.125619,0.247846,20.0316,186,0.120764,0.248051,0.125619,0.247846,20.0316
outdoor_gravel_Tile_0,Tile_0,561,183,160.639,0.256125,0.256588,60.125,255,41.228,4.41928,183,0.256231,0.256125,0.242296,0.256588,49.2183,183,0.260528,0.256125,0.259096,0.256588,47.9692,183,0.229665,0.256125,0.235976,0.256588,44.0676,183,0.205736,0.256125,0.225019,0.256588,38.8975,183,0.229658,0.256125,0.239139,0.256588,42.6276,183,0.144618,0.256125,0.151303,0.256588,23.5796,183,0.144618,0.256125,0.151303,0.256588,23.5796
outdoor_gravel_Tile_0,Tile_0,562,192,165.834,0.282938,0.288872,77.843,255,47.4285,4.1547,192,0.27515,0.282938,0.274177,0.288872,54.6827,192,0.285979,0.282938,0.290141,0.288872,54.8179,192,0.260516,0.282938,0.269129,0.288872,51.9583,192,0.240516,0.282938,0.251093,0.288872,47.301,192,0.249479,0.282938,0.255236,0.288872,47.9443,192,0.183515,0.282938,0.200121,0.288872,30.7621,192,0.183515,0.282938,0.200121,0.288872,30.7621
outdoor_gravel_Tile_0,Tile_0,563,190,152.672,0.309537,0.306385,64.131,255,47.5261,4.11346,190,0.309848,0.309537,0.291987,0.306385,56.4957,190,0.311271,0.309537,0.305406,0.306385,54.6299,190,0.284933,0.309537,0.284394,0.306385,51.948,190,0.254166,0.309537,0.262419,0.306385,45.6287,190,0.275463,0.309537,0.273015,0.306385,48.3949,190,0.193682,0.309537,0.205264,0.306385,29.5168,190,0.193682,0.309537,0.205264,0.306385,29.5168
outdoor_gravel_Tile_0,Tile_0,564,186,172.809,0.233635,0.239895,69.235,255,40.5101,4.29566,186,0.22128,0.233635,0.209974,0.239895,45.559,186,0.236024,0.233635,0.240179,0.239895,46.7757,186,0.203106,0.233635,0.205459,0.239895,41.9667,186,0.183591,0.233635,0.193478,0.239895,37.3543,186,0.204248,0.233635,0.21268,0.239895,40.7909,186,0.134094,0.233635,0.140368,0.239895,23.5262,186,0.134094,0.233635,0.140368,0.239895,23.5262
outdoor_gravel_Tile_0,Tile_0,565,183,164.725,0.247776,0.2476,63.723,255,40.8652,4.44248,183,0.236418,0.247776,0.218123,0.2476,46.3981,183,0.250963,0.247776,0.248855,0.2476,47.3343,183,0.216287,0.247776,0.218708,0.2476,42.4912,183,0.18886,0.247776,0.204453,0.2476,36.4428,183,0.219175,0.247776,0.227319,0.2476,41.6378,183,0.137921,0.247776,0.150533,0.2476,22.8387,183,0.137921,0.247776,0.150533,0.2476,22.8387
outdoor_gravel_Tile_0,Tile_0,566,187,167.583,0.236165,0.235091,79.833,255,39.7769,4.28605,187,0.233562,0.236165,0.215982,0.235091,46.7809,187,0.239941,0.236165,0.237476,0.235091,46.2186,187,0.205823,0.236165,0.206121,0.235091,41.2838,187,0.197533,0.236165,0.205702,0.235091,39.1319,187,0.209394,0.236165,0.209358,0.235091,40.5417,187,0.130297,0.236165,0.136509,0.235091,22.0852,187,0.130297,0.236165,0.136509,0.235091,22.0852
outdoor_gravel_Tile_0,Tile_0,567,183,163.908,0.250003,0.248243,81.588,255,41.2287,4.29361,183,0.253023,0.250003,0.231945,0.248243,49.5857,183,0.253512,0.250003,0.250056,0.248243,47.8078,183,0.22287,0.250003,0.221874,0.248243,43.7333,183,0.197422,0.250003,0.206854,0.248243,38.2306,183,0.219612,0.250003,0.220012,0.248243,41.5638,183,0.138252,0.250003,0.147219,0.248243,22.9372,183,0.138252,0.250003,0.147219,0.248243,22.9372
outdoor_gravel_Tile_0,Tile_0,568,171,162.86,0.252472,0.246034,79.816,255,41.279,4.48041,171,0.260289,0.252472,0.239155,0.246034,50.44,171,0.25597,0.252472,0.246596,0.246034,47.8472,171,0.22748,0.252472,0.223652,0.246034,44.2604,171,0.203457,0.252472,0.209316,0.246034,38.8787,171,0.218379,0.252472,0.215832,0.246034,41.0232,171,0.135232,0.252472,0.139045,0.246034,21.9925,171,0.135232,0.252472,0.139045,0.246034,21.9925
outdoor_gravel_Tile_0,Tile_0,569,181,174.602,0.245661,0.25986,59.392,255,43.0186,4.34181,181,0.240941,0.245661,0.241759,0.25986,49.7955,181,0.247778,0.245661,0.260499,0.25986,49.6341,181,0.220485,0.245661,0.238823,0.25986,45.8299,181,0.206963,0.245661,0.233011,0.25986,42.5647,181,0.225104,0.245661,0.24319,0.25986,45.2098,181,0.140041,0.245661,0.150791,0.25986,24.1071,181,0.140041,0.245661,0.150791,0.25986,24.1071
outdoor_gravel_Tile_0,Tile_0,570,173,167.88,0.252795,0.259315,70.153,255,42.5387,4.4193,173,0.252789,0.252795,0.243271,0.259315,50.3779,173,0.257174,0.252795,0.262196,0.259315,49.5081,173,0.226508,0.252795,0.236336,0.259315,45.3767,173,0.204555,0.252795,0.226676,0.259315,40.1602,173,0.22976,0.252795,0.24216,0.259315,44.4824,173,0.150586,0.252795,0.155798,0.259315,25.0016,173,0.150586,0.252795,0.155798,0.259315,25.0016
outdoor_gravel_Tile_0,Tile_0,571,201,173.898,0.258642,0.269934,67.723,255,45.0289,4.30729,201,0.246995,0.258642,0.249376,0.269934,50.428,201,0.259997,0.258642,0.270193,0.269934,51.7437,201,0.246303,0.258642,0.249909,0.269934,50.838,201,0.232841,0.258642,0.238995,0.269934,47.4903,201,0.236177,0.258642,0.252807,0.269934,46.8389,201,0.156883,0.258642,0.167998,0.269934,26.1869,201,0.156883,0.258642,0.167998,0.269934,26.1869
outdoor_gravel_Tile_0,Tile_0,572,206,176.007,0.236483,0.235098,77.968,255,42.0118,4.48793,206,0.227641,0.236483,0.215369,0.235098,47.2979,206,0.238777,0.236483,0.237171,0.235098,48.5014,206,0.229031,0.236483,0.219049,0.235098,48.0829,206,0.209806,0.236483,0.201562,0.235098,43.6684,206,0.209991,0.236483,0.213574,0.235098,42.615,206,0.136278,0.236483,0.137797,0.235098,23.5123,206,0.136278,0.236483,0.137797,0.235098,23.5123
outdoor_gravel_Tile_0,Tile_0,573,201,172.222,0.26857,0.274287,80.937,255,46.8345,4.45824,201,0.263317,0.26857,0.257727,0.274287,53.5739,201,0.270006,0.26857,0.274645,0.274287,53.792,201,0.261189,0.26857,0.260809,0.274287,53.668,201,0.251,0.26857,0.257431,0.274287,51.1827,201,0.245409,0.26857,0.257475,0.274287,48.8195,201,0.146324,0.26857,0.161287,0.274287,24.7935,201,0.146324,0.26857,0.161287,0.274287,24.7935
outdoor_gravel_Tile_0,Tile_0,574,181,178.69,0.213168,0.213513,86.794,255,38.3567,4.62011,181,0.20406,0.213168,0.191136,0.213513,43.7566,181,0.21634,0.213168,0.216088,0.213513,44.5199,181,0.186809,0.213168,0.192903,0.213513,40.204,181,0.162669,0.213168,0.177054,0.213513,34.5781,181,0.190265,0.213168,0.197852,0.213513,39.4048,181,0.120661,0.213168,0.12257,0.213513,21.9547,181,0.120661,0.213168,0.12257,0.213513,21.9547
outdoor_gravel_Tile_0,Tile_0,575,197,185.39,0.21898,0.222273,88.206,255,40.8532,4.70402,197,0.201728,0.21898,0.194801,0.222273,44.5315,197,0.220937,0.21898,0.223517,0.222273,47.136,197,0.211246,0.21898,0.207502,0.222273,47.0213,197,0.194914,0.21898,0.193369,0.222273,42.9809,197,0.193368,0.21898,0.20067,0.222273,41.2659,197,0.128361,0.21898,0.143994,0.222273,23.2868,197,0.128361,0.21898,0.143994,0.222273,23.2868
outdoor_gravel_Tile_0,Tile_0,576,200,185.004,0.221752,0.230597,81.876,255,41.2704,4.65432,200,0.205969,0.221752,0.204384,0.230597,45.3133,200,0.223591,0.221752,0.231448,0.230597,47.5736,200,0.214543,0.221752,0.216221,0.230597,47.5777,200,0.198118,0.221752,0.203222,0.230597,43.5351,200,0.197065,0.221752,0.211305,0.230597,41.9351,200,0.137265,0.221752,0.152905,0.230597,24.7766,200,0.137265,0.221752,0.152905,0.230597,24.7766
outdoor_gravel_Tile_0,Tile_0,577,208,178.48,0.253682,0.272531,62.484,255,45.5245,4.46732,208,0.238792,0.253682,0.243822,0.272531,50.2663,208,0.256008,0.253682,0.2743,0.272531,52.5493,208,0.245395,0.253682,0.261435,0.272531,52.3509,208,0.235236,0.253682,0.259703,0.272531,49.7365,208,0.229378,0.253682,0.254116,0.272531,47.0626,208,0.141999,0.253682,0.156419,0.272531,24.6887,208,0.141999,0.253682,0.156419,0.272531,24.6887
outdoor_gravel_Tile_0,Tile_0,578,186,162.674,0.284594,0.292027,57.94,255,46.2488,4.39949,186,0.29064,0.284594,0.294766,0.292027,56.1637,186,0.286852,0.284594,0.291679,0.292027,53.2995,186,0.260806,0.284594,0.2754,0.292027,50.2621,186,0.239379,0.284594,0.258613,0.292027,45.3742,186,0.258538,0.284594,0.272006,0.292027,48.0402,186,0.188949,0.284594,0.208284,0.292027,29.9739,186,0.188949,0.284594,0.208284,0.292027,29.9739
outdoor_gravel_Tile_0,Tile_0,579,177,166.604,0.23852,0.229074,94.784,255,40.11,4.52631,177,0.235935,0.23852,0.212393,0.229074,47.2719,177,0.24299,0.23852,0.232442,0.229074,46.7156,177,0.21197,0.23852,0.206458,0.229074,42.7209,177,0.190643,0.23852,0.19453,0.229074,37.8674,177,0.216125,0.23852,0.214062,0.229074,41.8808,177,0.137597,0.23852,0.135073,0.229074,23.3865,177,0.137597,0.23852,0.135073,0.229074,23.3865
outdoor_gravel_Tile_0,Tile_0,580,203,175.608,0.273173,0.288447,73.843,255,47.9886,4.316,203,0.260962,0.273173,0.265641,0.288447,53.7562,203,0.275404,0.273173,0.289422,0.288447,55.3399,203,0.26504,0.273173,0.278086,0.288447,55.4131,203,0.263704,0.273173,0.283247,0.288447,54.6988,203,0.253811,0.273173,0.273324,0.288447,50.9586,203,0.16706,0.273173,0.175982,0.288447,28.305,203,0.16706,0.273173,0.175982,0.288447,28.305
outdoor_gravel_Tile_0,Tile_0,581,205,172.408,0.263751,0.262229,97.039,255,45.5962,4.53632,205,0.248937,0.263751,0.238082,0.262229,50.4743,205,0.267005,0.263751,0.265138,0.262229,52.785,205,0.25009,0.263751,0.244345,0.262229,51.3799,205,0.240459,0.263751,0.23907,0.262229,48.914,205,0.238578,0.263751,0.241538,0.262229,47.084,205,0.135155,0.263751,0.141552,0.262229,22.5108,205,0.135155,0.263751,0.141552,0.262229,22.5108
outdoor_gravel_Tile_0,Tile_0,582,189,162.41,0.274099,0.285699,70.588,255,44.4191,4.33432,189,0.270462,0.274099,0.268086,0.285699,52.0779,189,0.275088,0.274099,0.284457,0.285699,50.9549,189,0.243799,0.274099,0.258633,0.285699,46.9676,189,0.224493,0.274099,0.244341,0.285699,42.4889,189,0.25077,0.274099,0.266897,0.285699,46.7065,189,0.185499,0.274099,0.203541,0.285699,29.7591,189,0.185499,0.274099,0.203541,0.285699,29.7591
outdoor_gravel_Tile_0,Tile_0,583,193,162.802,0.270723,0.270114,75.729,255,44.0923,4.30297,193,0.268215,0.270723,0.256721,0.270114,52.0044,193,0.273182,0.270723,0.270571,0.270114,50.8761,193,0.246153,0.270723,0.248294,0.270114,47.7535,193,0.217526,0.270723,0.227926,0.270114,41.5772,193,0.244265,0.270723,0.249367,0.270114,45.7512,193,0.171983,0.270723,0.178395,0.270114,28.1232,193,0.171983,0.270723,0.178395,0.270114,28.1232
outdoor_gravel_Tile_0,Tile_0,584,196,178.514,0.212263,0.224422,69.854,255,38.0241,4.22013,196,0.202824,0.212263,0.197405,0.224422,42.8261,196,0.213948,0.212263,0.224492,0.224422,43.8127,196,0.183559,0.212263,0.194715,0.224422,39.0374,196,0.169573,0.212263,0.185186,0.224422,35.6499,196,0.187671,0.212263,0.204009,0.224422,38.6003,196,0.1235,0.212263,0.131329,0.224422,22.1285,196,0.1235,0.212263,0.131329,0.224422,22.1285
outdoor_gravel_Tile_0,Tile_0,585,184,153.887,0.290969,0.307021,55.834,255,45.0091,4.33983,184,0.284348,0.290969,0.282556,0.307021,52.2656,184,0.292773,0.290969,0.305269,0.307021,51.7478,184,0.264263,0.290969,0.279194,0.307021,48.7564,184,0.240439,0.290969,0.267761,0.307021,43.6821,184,0.261521,0.290969,0.279819,0.307021,46.4932,184,0.188029,0.290969,0.21075,0.307021,29.3011,184,0.188029,0.290969,0.21075,0.307021,29.3011
outdoor_gravel_Tile_0,Tile_0,586,195,179.292,0.222026,0.22529,99.099,255,39.889,4.32702,195,0.216414,0.222026,0.206095,0.22529,45.5201,195,0.223093,0.222026,0.225282,0.22529,45.807,195,0.204768,0.222026,0.205113,0.22529,43.4244,195,0.191006,0.222026,0.192751,0.22529,40.0979,195,0.200595,0.222026,0.208887,0.22529,41.1666,195,0.137578,0.222026,0.139528,0.22529,24.1206,195,0.137578,0.222026,0.139528,0.22529,24.1206
outdoor_gravel_Tile_0,Tile_0,587,188,161.614,0.266802,0.280592,43.972,255,43.0356,4.2082,188,0.263078,0.266802,0.25882,0.280592,50.2635,188,0.269794,0.266802,0.28188,0.280592,49.7469,188,0.241177,0.266802,0.256354,0.280592,46.1948,188,0.224386,0.266802,0.250593,0.280592,42.3386,188,0.244242,0.266802,0.265741,0.280592,45.2999,188,0.156968,0.266802,0.173258,0.280592,25.312,188,0.156968,0.266802,0.173258,0.280592,25.312
outdoor_gravel_Tile_0,Tile_0,588,197,175.637,0.213193,0.215694,91.211,255,37.7547,4.28885,197,0.209015,0.213193,0.191433,0.215694,43.6292,197,0.216381,0.213193,0.217959,0.215694,43.8079,197,0.179753,0.213193,0.178352,0.215694,37.7238,197,0.160125,0.213193,0.164466,0.215694,33.2865,197,0.189739,0.213193,0.194673,0.215694,38.6053,197,0.132642,0.213193,0.128839,0.215694,23.6899,197,0.132642,0.213193,0.128839,0.215694,23.6899
outdoor_gravel_Tile_0,Tile_0,589,197,178.991,0.242706,0.251887,73.919,255,43.6152,4.3268,197,0.228939,0.242706,0.224151,0.251887,48.1366,197,0.24592,0.242706,0.253981,0.251887,50.5423,197,0.232556,0.242706,0.233215,0.251887,49.4172,197,0.220894,0.242706,0.224723,0.251887,46.4896,197,0.215993,0.242706,0.229302,0.251887,44.3012,197,0.13345,0.242706,0.138696,0.251887,23.2693,197,0.13345,0.242706,0.138696,0.251887,23.2693
outdoor_gravel_Tile_0,Tile_0,590,185,166.425,0.233894,0.233201,82.033,255,39.2369,4.36768,184,0.244237,0.233539,0.234713,0.233103,48.6279,184,0.237797,0.233539,0.23539,0.233103,45.6743,184,0.21575,0.233539,0.223168,0.233103,43.2612,184,0.193888,0.233539,0.210906,0.233103,38.2341,184,0.21558,0.233539,0.222916,0.233103,41.7521,185,0.145246,0.233894,0.154586,0.233201,24.5099,184,0.145329,0.233539,0.154813,0.233103,24.5319
outdoor_gravel_Tile_0,Tile_0,591,200,167.455,0.278276,0.294597,63.854,255,46.6393,4.20791,200,0.271059,0.278276,0.273694,0.294597,53.5039,200,0.279875,0.278276,0.29404,0.294597,53.6312,200,0.255446,0.278276,0.269284,0.294597,50.7425,200,0.243892,0.278276,0.261174,0.294597,47.8697,200,0.253439,0.278276,0.2721,0.294597,48.5878,200,0.175728,0.278276,0.191481,0.294597,28.8513,200,0.175728,0.278276,0.191481,0.294597,28.8513
outdoor_gravel_Tile_0,Tile_0,592,185,161.646,0.277426,0.288997,51.94,255,45.0057,4.36279,185,0.27424,0.277426,0.277186,0.288997,52.8014,185,0.281004,0.277426,0.291741,0.288997,52.1434,185,0.258708,0.277426,0.2815,0.288997,50.1686,185,0.237837,0.277426,0.273667,0.288997,45.4694,185,0.256926,0.277426,0.278205,0.288997,48.099,185,0.164811,0.277426,0.185011,0.288997,26.6646,185,0.164811,0.277426,0.185011,0.288997,26.6646
outdoor_gravel_Tile_0,Tile_0,593,211,181.551,0.220612,0.225481,102.538,255,40.3185,4.51407,211,0.201862,0.220612,0.190225,0.225481,43.5056,211,0.222862,0.220612,0.226838,0.225481,46.5602,211,0.206205,0.220612,0.200565,0.225481,44.9302,211,0.192167,0.220612,0.188063,0.225481,41.4184,211,0.193682,0.220612,0.200748,0.225481,40.5114,211,0.142998,0.220612,0.145435,0.225481,25.8799,211,0.142998,0.220612,0.145435,0.225481,25.8799
outdoor_gravel_Tile_0,Tile_0,594,199,173.827,0.26939,0.314919,46.968,255,46.7373,4.53248,199,0.262019,0.26939,0.292985,0.314919,53.4915,199,0.271661,0.26939,0.316004,0.314919,53.9199,199,0.247505,0.26939,0.292615,0.314919,50.884,199,0.236117,0.26939,0.288109,0.314919,48.036,199,0.24897,0.26939,0.300379,0.314919,49.4948,199,0.177624,0.26939,0.213403,0.314919,29.9469,199,0.177624,0.26939,0.213403,0.314919,29.9469
outdoor_gravel_Tile_0,Tile_0,595,196,173.328,0.220586,0.222404,65.983,255,38.452,4.24035,196,0.220645,0.220586,0.207795,0.222404,45.2853,196,0.222258,0.220586,0.222718,0.222404,44.2805,196,0.194498,0.220586,0.1973,0.222404,40.1855,196,0.168861,0.220586,0.175236,0.222404,34.4829,196,0.191797,0.220586,0.197534,0.222404,38.3633,196,0.136711,0.220586,0.14123,0.222404,23.8898,196,0.136711,0.220586,0.14123,0.222404,23.8898
outdoor_gravel_Tile_0,Tile_0,596,201,171.364,0.247087,0.258205,61.033,255,42.2487,4.45513,201,0.252519,0.247087,0.257744,0.258205,50.7193,201,0.249452,0.247087,0.258849,0.258205,48.7509,201,0.230062,0.247087,0.24296,0.258205,46.4581,201,0.213587,0.247087,0.231525,0.258205,42.5955,201,0.225548,0.247087,0.24291,0.258205,44.0851,201,0.143171,0.247087,0.155516,0.258205,24.115,201,0.143171,0.247087,0.155516,0.258205,24.115
outdoor_gravel_Tile_0,Tile_0,597,201,174.145,0.249458,0.257987,65.637,255,43.2758,4.39296,201,0.248852,0.249458,0.251638,0.257987,50.736,201,0.249634,0.249458,0.257029,0.257987,49.4835,201,0.226639,0.249458,0.236195,0.257987,46.3573,201,0.20689,0.249458,0.220997,0.257987,41.762,201,0.229018,0.249458,0.24223,0.257987,45.4297,201,0.173086,0.249458,0.171725,0.257987,29.6197,201,0.173086,0.249458,0.171725,0.257987,29.6197
outdoor_gravel_Tile_0,Tile_0,598,195,170.901,0.245649,0.272231,53.673,255,41.934,4.34494,195,0.24352,0.245649,0.25144,0.272231,49.0244,195,0.246915,0.245649,0.272816,0.272231,48.1606,195,0.221677,0.245649,0.248629,0.272231,44.9553,195,0.210289,0.245649,0.244299,0.272231,42.1105,195,0.226447,0.245649,0.259716,0.272231,44.4514,195,0.162988,0.245649,0.177751,0.272231,27.9688,195,0.162988,0.245649,0.177751,0.272231,27.9688
outdoor_gravel_Tile_0,Tile_0,599,191,171.016,0.231548,0.239417,67.271,255,39.6813,4.32053,191,0.226597,0.231548,0.222426,0.239417,45.8874,191,0.233508,0.231548,0.24087,0.239417,45.7429,191,0.20713,0.231548,0.215354,0.239417,42.239,191,0.176354,0.231548,0.187988,0.239417,35.4249,191,0.208536,0.231548,0.223252,0.239417,41.0807,191,0.160632,0.231548,0.163968,0.239417,27.6364,191,0.160632,0.231548,0.163968,0.239417,27.6364
