image_id,camera,tile,environment,timestamp_ns,time_s,log_gain,log_gain_raw,saturated_clamp,tile_offset,curve_log_gain,fitted_log_gain,residual,huber_weight
img_0013434cabcfe39de86e02cb,left,Tile_0,outdoor,1772726444346652928,64.003965952,-0.380966,-0.380966,0,-0.1144026145244325,-0.16982614699150367,-0.2842287615159362,-0.09673723848406385,1.0
img_00bf665bae8b75617aac7789,right,Tile_0,indoor,1772726549853083904,169.510396928,-0.337473,-0.337473,0,-0.1144026145244325,-0.2923719114765199,-0.40677452600095243,0.06930152600095241,1.0
img_00ec71ecfd73b6eb59d8f832,right,Tile_0,indoor,1772726468348113920,88.005426944,0.204984,0.204984,0,-0.1144026145244325,0.05745577179866267,-0.056946842725769824,0.26193084272576983,0.572670245470265
img_017105047612fa06bd54d2a9,left,Tile_0,outdoor,1772726596855841792,216.513154816,-0.141666,-0.141666,0,-0.1144026145244325,0.056890486955829156,-0.05751212756860334,-0.08415387243139665,1.0
img_01a908951bd4dc96cb442bce,left,Tile_0,outdoor,1772726586855243008,206.512556032,-0.39132,-0.39132,0,-0.1144026145244325,-0.008108488957189932,-0.12251110348162243,-0.2688088965183776,0.5580172454959837
img_02167f65b42e301e9acb4f89,right,Tile_0,indoor,1772726465847951872,85.505264896,0.248701,0.248701,0,-0.1144026145244325,0.01750053940485282,-0.09690207511957968,0.34560307511957966,0.4340239158696709
img_024ff4947bc3d3decbcf878c,right,Tile_0,indoor,1772726543852675840,163.509988864,-0.0775516,-0.0775516,0,-0.1144026145244325,-0.1600535075855925,-0.274456122110025,0.19690452211002502,0.7617905286917889
img_0270831497d17f59f1c3de3e,right,Tile_0,indoor,1772726598855995904,218.513308928,-0.347779,-0.347779,0,-0.1144026145244325,-0.18206039211078487,-0.29646300663521735,-0.05131599336478265,1.0
img_02ea8d71b98fade9b737af1e,left,Tile_0,covered,1772726456347391744,76.004704768,-0.154623,-0.154623,0,-0.1144026145244325,-0.10219893281700507,-0.21660154734143755,0.06197854734143754,1.0
img_03470cda035b5adeddb4a5b3,right,Tile_0,outdoor,1772726400343847936,20.00116096,-0.208186,-0.208186,0,-0.1144026145244325,-0.014116340062975893,-0.1285189545874084,-0.07966704541259162,1.0
img_03d3b8c62d66fac93b032a26,left,Tile_0,indoor,1772726569354202880,189.011515904,-0.0717058,-0.0717058,0,-0.1144026145244325,0.05013358840040859,-0.06426902612402391,-0.007436773875976091,1.0
img_03f32cc827b85f5858eb1527,left,Tile_0,indoor,1772726470848314112,90.505627136,-0.239616,-0.239616,0,-0.1144026145244325,-0.11596938919591182,-0.23037200372034433,-0.009243996279655664,1.0
img_046152e78c23ba2a63570a36,left,Tile_0,outdoor,1772726436346135808,56.003448832,-0.374443,-0.374443,0,-0.1144026145244325,-0.20319457688507497,-0.3175971914095075,-0.05684580859049254,1.0
img_0466fd896d0aec73619005f8,left,Tile_0,covered,1772726460347633920,80.004946944,-0.0781111,-0.0781111,0,-0.1144026145244325,-0.11030060195761629,-0.22470321648204877,0.14659211648204878,1.0
img_059735131c8240a4d502ecba,left,Tile_0,outdoor,1772726446346776064,66.004089088,-0.365912,-0.365912,0,-0.1144026145244325,-0.14320925928336442,-0.25761187380779693,-0.10830012619220314,1.0
img_05cc6ae9bfec314d854c8837,right,Tile_0,outdoor,1772726421845284864,41.502597888,-0.254658,-0.254658,0,-0.1144026145244325,0.04865468878919603,-0.06574792573523647,-0.18891007426476353,0.7940285905015854
img_066ac1dbdc61cd379421eeef,left,Tile_0,indoor,1772726568854172928,188.511485952,0.0486902,0.0486902,0,-0.1144026145244325,0.06124934178710845,-0.05315327273732405,0.10184347273732405,1.0
img_06c8139bc95f57cd809da4fb,right,Tile_0,covered,1772726481348893952,101.006206976,-0.218448,-0.218448,0,-0.1144026145244325,-0.014493060703865985,-0.12889567522829848,-0.08955232477170152,1.0
img_06fe18d7805639029a0909d7,right,Tile_0,covered,1772726457347432960,77.004745984,-0.258212,-0.258212,0,-0.1144026145244325,-0.029997964127050372,-0.14440057865148287,-0.11381142134851713,1.0
img_07354bc7c501761f73d5c2ad,right,Tile_0,covered,1772726485849161984,105.506475008,-0.291279,-0.291279,0,-0.1144026145244325,-0.1402551775909291,-0.2546577921153616,-0.03662120788463841,1.0
img_074273e7808b362c2a94f76a,left,Tile_0,indoor,1772726465847965952,85.505278976,-0.124731,-0.124731,0,-0.1144026145244325,-0.11814161380924926,-0.23254422833368177,0.10781322833368177,1.0
img_07ad9afb8ee9b4439797e520,right,Tile_0,outdoor,1772726430345854976,50.003168,-0.0802043,-0.0802043,0,-0.1144026145244325,0.09001591750480337,-0.02438669701962913,-0.055817602980370876,1.0
img_0808a922b5bfb00ee7a01908,right,Tile_0,stationary_unresolved,1772726383842921984,3.500235008,-0.0841405,-0.0841405,0,-0.1144026145244325,0.07685620225235848,-0.03754641227207402,-0.046594087727925976,1.0
img_0898f79cccd2c021fa397a68,left,Tile_0,outdoor,1772726451347102976,71.004416,-0.338011,-0.338011,0,-0.1144026145244325,-0.09206816145264461,-0.2064707759770771,-0.13154022402292287,1.0
img_08be8925fb80bbea018fd25a,left,Tile_0,stationary_unresolved,1772726599355994880,219.013307904,-0.141052,-0.141052,0,-0.1144026145244325,0.07505381909902822,-0.03934879542540427,-0.10170320457459574,1.0
img_09089484c86c6333a69d214c,left,Tile_0,indoor,1772726577354671104,197.011984128,-0.344485,-0.344485,0,-0.1144026145244325,-0.020424599383643955,-0.13482721390807645,-0.20965778609192354,0.7154516070976403
img_0a619ec4779c27a97495a4d5,left,Tile_0,outdoor,1772726503350252800,123.007565824,-0.0924188,-0.0924188,0,-0.1144026145244325,0.07026831511467786,-0.044134299409754635,-0.04828450059024536,1.0
img_0b5c7e5b6ece9c8468b97f45,right,Tile_0,indoor,1772726545852794880,165.510107904,-0.108284,-0.108284,0,-0.1144026145244325,-0.204159267750882,-0.3185618822753145,0.21027788227531446,0.7133417855312366
img_0baaa27b93015822440b687d,right,Tile_0,indoor,1772726543352647936,163.00996096,-0.00203888,-0.00203888,0,-0.1144026145244325,-0.14902710847197942,-0.26342972299641193,0.2613908429964119,0.5738533082509667
img_0bd606416eabd8fdcf14e062,left,Tile_0,indoor,1772726470348254976,90.005568,-0.16051,-0.16051,0,-0.1144026145244325,-0.12445459434577588,-0.2388572088702084,0.07834720887020838,1.0
img_0bdb034725fc3184e49fe35e,left,Tile_0,outdoor,1772726496349854976,116.007168,-0.118867,-0.118867,0,-0.1144026145244325,0.062219642554801155,-0.05218297196963134,-0.06668402803036864,1.0
img_0c5af46cf601f1ba240045ea,right,Tile_0,outdoor,1772726435346088960,55.003401984,-0.0730088,-0.0730088,0,-0.1144026145244325,0.09085386849881841,-0.02354874602561409,-0.0494600539743859,1.0
img_0c6b408f60b2b130e10c33e8,left,Tile_0,covered,1772726481848939008,101.506252032,-0.0829701,-0.0829701,0,-0.1144026145244325,0.04989429944578267,-0.06450831507864982,-0.018461784921350186,1.0
img_0ccbf3f46b4b4f4b127c2af2,right,Tile_0,covered,1772726506850443776,126.5077568,-0.466383,-0.466383,0,-0.1144026145244325,-0.09301555724996576,-0.20741817177439825,-0.25896482822560174,0.5792292375292172
img_0cfe3b000d78b3cbe984aa45,right,Tile_0,outdoor,1772726523351441920,143.008754944,-0.341172,-0.341172,0,-0.1144026145244325,0.09263396533226585,-0.021768649192166645,-0.31940335080783333,0.46962563047826755
img_0d0e8da31b5f41cd32b8700d,left,Tile_0,covered,1772726492349612032,112.006925056,-0.0424556,-0.0424556,0,-0.1144026145244325,0.07188371867895911,-0.04251889584547339,6.329584547337674e-05,1.0
img_0e30201037f2d207322568eb,left,Tile_0,outdoor,1772726453847245824,73.504558848,-0.153019,-0.153019,0,-0.1144026145244325,-0.0971335440228316,-0.2115361585472641,0.05851715854726411,1.0
img_0ea21c0b2a26ae88b3f41c1b,left,Tile_0,indoor,1772726550353076992,170.010390016,0.0396823,0.0396823,0,-0.1144026145244325,0.23606208586159355,0.12165947133716105,-0.08197717133716106,1.0
img_0f09b1c8a16caf36b2272fd5,right,Tile_0,covered,1772726489349372928,109.006685952,-0.37393,-0.37393,0,-0.1144026145244325,-0.23807022654770735,-0.35247284107213983,-0.021457158927860154,1.0
img_0fcf49cd7f81361297e23ec7,right,Tile_0,covered,1772726483349016064,103.006329088,-0.113718,-0.113718,0,-0.1144026145244325,-0.07038741833970566,-0.18479003286413814,0.07107203286413814,1.0
img_0fd1829e4d452fc9e06670fe,right,Tile_0,outdoor,1772726422845303040,42.502616064,-0.318341,-0.318341,0,-0.1144026145244325,0.05352222936707868,-0.06088038515735382,-0.25746061484264615,0.5826133837661984
img_0ff5a27bcf3781c5964f8ee6,left,Tile_0,covered,1772726486349241856,106.00655488,-0.0110815,-0.0110815,0,-0.1144026145244325,0.06411401149066023,-0.050288603033772264,0.03920710303377226,1.0
img_103dec49eddc71b8b42bba6d,left,Tile_0,outdoor,1772726593855660800,213.512973824,-0.11071,-0.11071,0,-0.1144026145244325,0.035094508097989995,-0.07930810642644251,-0.03140189357355749,1.0
img_10530dbf7d673c59270af5e2,right,Tile_0,outdoor,1772726393343502080,13.000815104,-0.0784501,-0.0784501,0,-0.1144026145244325,0.013046557606686198,-0.1013560569177463,0.0229059569177463,1.0
img_10c63029b85d03efbb6fd32d,left,Tile_0,indoor,1772726571854343936,191.51165696,-0.344364,-0.344364,0,-0.1144026145244325,0.017685579294450852,-0.09671703522998165,-0.24764696477001835,0.6057009426273409
img_110381b7bba614dd62d9fdec,left,Tile_0,outdoor,1772726479848819968,99.506132992,-0.241316,-0.241316,0,-0.1144026145244325,0.03675482508724319,-0.07764778943718931,-0.1636682105628107,0.9164882996165876
img_11466a5a9c6d1f4586f1c7d2,left,Tile_0,indoor,1772726570854331136,190.51164416,-0.123558,-0.123558,0,-0.1144026145244325,0.02461437922295396,-0.08978823530147853,-0.03376976469852147,1.0
img_114e1796fe707593c85a2478,left,Tile_0,indoor,1772726466848033024,86.505346048,-0.114256,-0.114256,0,-0.1144026145244325,-0.11956726188255812,-0.23396987640699063,0.11971387640699063,1.0
img_1155e179ac216f5cb603d167,left,Tile_0,outdoor,1772726427845598976,47.502912,-0.24587,-0.24587,0,-0.1144026145244325,-0.17261300716912942,-0.28701562169356193,0.04114562169356192,1.0
img_125efba8e64a1900654063c3,right,Tile_0,outdoor,1772726444846667008,64.503980032,-0.0292968,-0.0292968,0,-0.1144026145244325,0.07952206404332153,-0.03488055048111097,0.0055837504811109655,1.0
img_12a22b7454c54ed6dd944f06,left,Tile_0,outdoor,1772726478348732928,98.006045952,-0.0879846,-0.0879846,0,-0.1144026145244325,0.011300743038330268,-0.10310187148610223,0.015117271486102243,1.0
img_13691d7391a8be50b061c1b3,right,Tile_0,outdoor,1772726587855288064,207.512601088,-0.112582,-0.112582,0,-0.1144026145244325,-0.0522386284401585,-0.16664124296459099,0.054059242964590984,1.0
img_1371e2f1b988b88eea55fbdc,right,Tile_0,outdoor,1772726437846272000,57.503585024,0.0491639,0.0491639,0,-0.1144026145244325,0.09127285506430541,-0.02312975946012709,0.07229365946012709,1.0
img_1447a95d9944f177d0c884ab,right,Tile_0,indoor,1772726555353361920,175.010674944,-0.230604,-0.230604,0,-0.1144026145244325,-0.113428666331811,-0.2278312808562435,-0.0027727191437564858,1.0
img_15207674b99f1db132d932c6,left,Tile_0,outdoor,1772726513850887936,133.50820096,0.1194,0.1194,0,-0.1144026145244325,0.08618481269428907,-0.028217801830143427,0.14761780183014345,1.0
img_1577cf4d82720ebc65a2d403,right,Tile_0,outdoor,1772726496349851904,116.007164928,-0.381145,-0.381145,0,-0.1144026145244325,-0.2007145908546718,-0.3151172053791043,-0.0660277946208957,1.0
img_15fb76ef6ac109612bfa8138,right,Tile_0,outdoor,1772726493349649920,113.006962944,-0.267618,-0.267618,0,-0.1144026145244325,-0.23323508145766292,-0.34763769598209543,0.0800196959820954,1.0
img_1618118629bef1789633f0dd,right,Tile_0,outdoor,1772726411844603136,31.50191616,-0.417284,-0.417284,0,-0.1144026145244325,-0.03204105434016623,-0.14644366886459873,-0.2708403311354013,0.5538318439177009
img_1625062b5dbc6697b950a64d,right,Tile_0,indoor,1772726549353006848,169.010319872,-0.27072,-0.27072,0,-0.1144026145244325,-0.2813444284842571,-0.3957470430086896,0.1250270430086896,1.0
img_17448ab8d9da2c0b067a56a8,left,Tile_0,outdoor,1772726499350018048,119.007331072,-0.144331,-0.144331,0,-0.1144026145244325,0.05497163169181497,-0.059430982832617524,-0.08490001716738246,1.0
img_18576273c5c20fc7e1f342c8,left,Tile_0,covered,1772726460847641856,80.50495488,-0.168277,-0.168277,0,-0.1144026145244325,-0.11101338950012778,-0.22541600402456027,0.057139004024560264,1.0
img_1871157e950c16814045b7fb,right,Tile_0,outdoor,1772726516851055872,136.508368896,0.00569768,0.00569768,0,-0.1144026145244325,-0.0001235768412002139,-0.11452619136563272,0.12022387136563271,1.0
img_18bab3dd6b4d34c67c53fdb6,right,Tile_0,outdoor,1772726449346952960,69.004265984,-0.0068432,-0.0068432,0,-0.1144026145244325,0.06736289882344973,-0.04703971570098277,0.04019651570098277,1.0
img_190257395cb0336ab5d50631,right,Tile_0,covered,1772726484349078016,104.00639104,-0.128613,-0.128613,0,-0.1144026145244325,-0.09833462219676851,-0.212737236721201,0.084124236721201,1.0
img_19b325eb7f251301eb6db660,right,Tile_0,outdoor,1772726436346120960,56.003433984,0.0172801,0.0172801,0,-0.1144026145244325,0.0910214562179388,-0.02338115830649369,0.0406612583064937,1.0
img_19e8211ae6c6bb6328e3ac0c,left,Tile_0,covered,1772726506350424064,126.007737088,-0.0464994,-0.0464994,0,-0.1144026145244325,0.08791965442548429,-0.02648296009894821,-0.020016439901051793,1.0
img_19f9a29e0653442b28934a1d,left,Tile_0,outdoor,1772726585855233024,205.512546048,-0.323464,-0.323464,0,-0.1144026145244325,-0.013178624106677809,-0.12758123863111032,-0.19588276136888966,0.7657641690966236
img_1a38b2127348ddbd3e540b2f,right,Tile_0,outdoor,1772726416844912896,36.50222592,-0.0624092,-0.0624092,0,-0.1144026145244325,0.011137188786011876,-0.10326542573842062,0.040856225738420626,1.0
img_1a415e4ff347474b2fe0e6fd,right,Tile_0,outdoor,1772726389843281920,9.500594944,-0.0682431,-0.0682431,0,-0.1144026145244325,0.02869887552769007,-0.08570373899674243,0.01746063899674241,1.0
img_1a5eee9849f95e3f1ffef40d,right,Tile_0,outdoor,1772726446846832896,66.50414592,-0.0671326,-0.0671326,0,-0.1144026145244325,0.07411788578470772,-0.04028472873972477,-0.02684787126027522,1.0
img_1a62eea81648de2de47d1d27,right,Tile_0,outdoor,1772726428845664000,48.502977024,-0.0168802,-0.0168802,0,-0.1144026145244325,0.08272869896502998,-0.03167391555940252,0.01479371555940252,1.0
img_1a7c8c71cb3bf1efb9603846,left,Tile_0,indoor,1772726540352512000,160.009825024,0.0196697,0.0196697,0,-0.1144026145244325,-0.014486372612219729,-0.12888898713665223,0.1485586871366522,1.0
img_1aa7b18f3768436540234cc0,left,Tile_0,indoor,1772726535852226048,155.509539072,-0.693147,-0.700404,1,-0.1144026145244325,-0.01881623497893787,-0.13321884950337037,-0.5599281504966296,0.26789151405757533
img_1b406da0e87bb6871507e4a4,left,Tile_0,outdoor,1772726595355776000,215.013089024,-0.162652,-0.162652,0,-0.1144026145244325,0.045992676998702624,-0.06840993752572988,-0.09424206247427012,1.0
img_1bc6af48816e6b6269928548,right,Tile_0,stationary_unresolved,1772726601356096000,221.013409024,-0.324352,-0.324352,0,-0.1144026145244325,-0.19327544263995053,-0.307678057164383,-0.01667394283561696,1.0
img_1bdd12683633f0e9db0e63a8,left,Tile_0,outdoor,1772726504850355968,124.507668992,0.0530663,0.0530663,0,-0.1144026145244325,0.07909408794215331,-0.03530852658227919,0.08837482658227919,1.0
img_1c8b089945f81db8f6c8dded,left,Tile_0,outdoor,1772726513350861056,133.00817408,-0.0342239,-0.0342239,0,-0.1144026145244325,0.08977988220059736,-0.024622732323835134,-0.009601167676164868,1.0
img_1dbea71c3cf92e7aa3fc5df4,left,Tile_0,indoor,1772726549353015808,169.010328832,-0.269305,-0.269305,0,-0.1144026145244325,0.21122814854645353,0.09682553402202103,-0.366130534022021,0.4096899495166885
img_1de04bfc85f49dfaa0d0a760,left,Tile_0,indoor,1772726568354146048,188.011459072,0.182551,0.182551,0,-0.1144026145244325,0.07236502688270949,-0.04203758764172301,0.22458858764172301,0.6678878992697922
img_1ebc50fda2a6ee2870ef2919,left,Tile_0,outdoor,1772726431845929984,51.503243008,-0.223573,-0.223573,0,-0.1144026145244325,-0.1807700161801823,-0.2951726307046148,0.07159963070461475,1.0
img_1f5dcabe54d22d5e520d4af1,right,Tile_0,indoor,1772726538352439808,158.009752832,-0.213139,-0.213139,0,-0.1144026145244325,-0.019339723093659514,-0.133742337618092,-0.07939666238190798,1.0
img_1f7cf648acdfeca84393921f,right,Tile_0,stationary_unresolved,1772726380842701056,0.50001408,-0.0450748,-0.0450748,0,-0.1144026145244325,0.10093519434898925,-0.013467420175443251,-0.03160737982455675,1.0
img_1fb3a72aca781ca07d397457,right,Tile_0,outdoor,1772726422345296896,42.00260992,-0.395656,-0.395656,0,-0.1144026145244325,0.051088473407916335,-0.06331414111651616,-0.33234185888348383,0.45134248362192825
img_204ab088850d639090e9ac4e,left,Tile_0,covered,1772726509350616064,129.007929088,-0.0672192,-0.0672192,0,-0.1144026145244325,0.1055711157353833,-0.008831498789049194,-0.05838770121095081,1.0
img_20a58f5ac4250200235962e2,right,Tile_0,outdoor,1772726434846021888,54.503334912,0.0278098,0.0278098,0,-0.1144026145244325,0.0907700660804921,-0.0236325484439404,0.0514423484439404,1.0
img_20db9aea57590d693ed1f417,right,Tile_0,outdoor,1772726404844192000,24.501505024,-0.0606358,-0.0606358,0,-0.1144026145244325,-0.028021286284329747,-0.14242390080876224,0.08178810080876225,1.0
img_21571925b3bdee2457e819f8,left,Tile_0,outdoor,1772726421845287936,41.50260096,-0.197889,-0.197889,0,-0.1144026145244325,-0.17101184951892862,-0.2854144640433611,0.08752546404336112,1.0
img_219ea8f06811fd11b0b0b7e9,left,Tile_0,outdoor,1772726418345032960,38.002345984,-0.307003,-0.307003,0,-0.1144026145244325,-0.14455388562943428,-0.2589565001538668,-0.04804649984613324,1.0
img_21b946b919113ef2ad217f20,left,Tile_0,covered,1772726510350723072,130.008036096,-0.0446899,-0.0446899,0,-0.1144026145244325,0.1113501317459725,-0.00305248277846,-0.04163741722154,1.0
img_21d4e3abf4b931012a5defa6,left,Tile_0,covered,1772726484349094912,104.006407936,-0.0336719,-0.0336719,0,-0.1144026145244325,0.057794100464280865,-0.05660851406015163,0.02293661406015164,1.0
img_22d548c6b36b38776c5e943b,right,Tile_0,covered,1772726490349437952,110.006750976,-0.308136,-0.308136,0,-0.1144026145244325,-0.2657556802815604,-0.3801582948059929,0.07202229480599287,1.0
img_22e44fb6ad093ee3fb1939ad,left,Tile_0,covered,1772726482849031936,102.50634496,-0.19459,-0.19459,0,-0.1144026145244325,0.053054316434550094,-0.0613482980898824,-0.13324170191011764,1.0
img_231b7c7f9d8a8a43c94a9fd3,left,Tile_0,indoor,1772726567854188032,187.511501056,0.251996,0.251996,0,-0.1144026145244325,0.08347918111953473,-0.030923433404897768,0.2829194334048978,0.5301862731547633
img_23bcc9a1d7f545975441d295,left,Tile_0,outdoor,1772726432846009856,52.50332288,-0.291065,-0.291065,0,-0.1144026145244325,-0.1857534219790468,-0.3001560365034793,0.00909103650347931,1.0
img_23c65376ef8846d50e306c49,right,Tile_0,indoor,1772726536852359168,156.509672192,-0.192325,-0.192325,0,-0.1144026145244325,0.028380303294641432,-0.08602231122979107,-0.10630268877020893,1.0
img_23dfbf209861f4b03fe77515,left,Tile_0,covered,1772726488349326848,108.006639872,-0.0331413,-0.0331413,0,-0.1144026145244325,0.07043372676585796,-0.043968887758574535,0.010827587758574536,1.0
img_23f736d972ccf1608ccbe107,right,Tile_0,outdoor,1772726425345463040,45.002776064,-0.439778,-0.439778,0,-0.1144026145244325,0.06569163842709859,-0.04871097609733391,-0.3910670239026661,0.3835659639697311
img_24360a542c1b719c91d5a0e8,right,Tile_0,indoor,1772726541352529920,161.009842944,-0.164159,-0.164159,0,-0.1144026145244325,-0.10492137088749544,-0.21932398541192794,0.05516498541192791,1.0
img_245cad044e9f3a264ef1987a,left,Tile_0,stationary_unresolved,1772726599856021760,219.513334784,-0.186272,-0.186272,0,-0.1144026145244325,0.07868645837442265,-0.03571615615000985,-0.15055584384999016,0.9963080552984447
img_2461a33a99ca0046b9a7c112,right,Tile_0,covered,1772726511350733056,131.00804608,-0.222345,-0.222345,0,-0.1144026145244325,-0.04941322103728696,-0.16381583556171947,-0.05852916443828052,1.0
img_246e9ec9e0ed774cd0cbefb4,right,Tile_0,stationary_unresolved,1772726383342850816,3.00016384,-0.0653115,-0.0653115,0,-0.1144026145244325,0.08086964325920187,-0.033532971265230624,-0.031778528734769364,1.0
img_24c2a995e3fcebf84f29eaa8,right,Tile_0,outdoor,1772726593355615744,213.012928768,-0.419065,-0.419065,0,-0.1144026145244325,-0.13722827443042976,-0.25163088895486224,-0.16743411104513778,0.8958747955460653
img_24d4e5bc6fa22cd9ea92ff2e,right,Tile_0,outdoor,1772726418345015040,38.002328064,-0.0289049,-0.0289049,0,-0.1144026145244325,0.02409074130507278,-0.09031187321935971,0.06140697321935973,1.0
img_2528134f0c15a2a2a931c0df,right,Tile_0,outdoor,1772726432345931008,52.003244032,-0.125744,-0.125744,0,-0.1144026145244325,0.09035109495939506,-0.02405151956503744,-0.10169248043496255,1.0
img_2583dd744e4c06e135d8853a,right,Tile_0,outdoor,1772726412344637952,32.001950976,-0.31961,-0.31961,0,-0.1144026145244325,-0.027723196868711907,-0.1421258113931444,-0.1774841886068556,0.8451457066537025
img_25873a17d1cb3eab2998efaa,left,Tile_0,covered,1772726505350363136,125.00767616,-0.0372893,-0.0372893,0,-0.1144026145244325,0.08203585206279096,-0.03236676246164154,-0.0049225375383584735,1.0
img_26e10d650ada982eed86237e,right,Tile_0,outdoor,1772726517351086848,137.008399872,-0.116644,-0.116644,0,-0.1144026145244325,0.004357314502552983,-0.11004530002187951,-0.006598699978120487,1.0
img_26f74b29376a0bc5d2f9d8b7,left,Tile_0,outdoor,1772726478848760832,98.506073856,-0.15534,-0.15534,0,-0.1144026145244325,0.01978541823101911,-0.09461719629341339,-0.060722803706586614,1.0
img_27c0b49a4b63e69324d8c3d1,right,Tile_0,indoor,1772726550853093888,170.510406912,-0.329752,-0.329752,0,-0.1144026145244325,-0.283840793947387,-0.3982434084718195,0.0684914084718195,1.0
img_282eaf688d90268d18f5fd7a,left,Tile_0,covered,1772726484849123840,104.506436864,-0.0595342,-0.0595342,0,-0.1144026145244325,0.05937405354975566,-0.055028560974676836,-0.004505639025323159,1.0
img_28ae3ec748a5e0d8c78031df,right,Tile_0,outdoor,1772726419845116928,39.502429952,-0.125752,-0.125752,0,-0.1144026145244325,0.037044291613544666,-0.07735832291088783,-0.04839367708911217,1.0
img_28d49635350a139c44d259ec,right,Tile_0,outdoor,1772726476348654080,96.005967104,-0.127285,-0.127285,0,-0.1144026145244325,0.043862810179797,-0.0705398043446355,-0.05674519565536451,1.0
img_296543e0b24fc5e6e262f386,right,Tile_0,outdoor,1772726474848523008,94.505836032,-0.182454,-0.182454,0,-0.1144026145244325,0.055219595799209084,-0.05918301872522341,-0.12327098127477659,1.0
img_298eb4ad7a7fb190d39583ea,right,Tile_0,outdoor,1772726403344114176,23.0014272,-0.169342,-0.169342,0,-0.1144026145244325,-0.023386418111155875,-0.13778903263558837,-0.03155296736441163,1.0
img_29f0cdf6a31f8207e452d529,left,Tile_0,outdoor,1772726450347032064,70.004345088,-0.267109,-0.267109,0,-0.1144026145244325,-0.09004198052036379,-0.20444459504479628,-0.0626644049552037,1.0
img_2a01d8380fb472ce1a05426b,left,Tile_0,outdoor,1772726454847305984,74.504619008,-0.117624,-0.117624,0,-0.1144026145244325,-0.09915970317115977,-0.21356231769559225,0.09593831769559225,1.0
img_2a2ffa54460f316927e5ffa5,left,Tile_0,indoor,1772726537852345856,157.50965888,-0.495052,-0.495052,0,-0.1144026145244325,-0.016997394899816935,-0.13140000942424943,-0.3636519905757506,0.41248227395239356
img_2a571292a4944bb3c65b1e06,left,Tile_0,outdoor,1772726449346968832,69.004281856,-0.344771,-0.344771,0,-0.1144026145244325,-0.1032838204084713,-0.2176864349329038,-0.1270845650670962,1.0
img_2b03f8db151c2afacd17aa26,left,Tile_0,indoor,1772726559853716736,179.51102976,0.351759,0.351759,0,-0.1144026145244325,0.24975636043257063,0.13535374590813815,0.21640525409186187,0.6931439840935031
img_2b193a1fc7e61ea656b8c654,right,Tile_0,outdoor,1772726504850352896,124.50766592,-0.260225,-0.260225,0,-0.1144026145244325,-0.11281405052399268,-0.2272166650484252,-0.03300833495157479,1.0
img_2b4f13c695909781ea9270a7,left,Tile_0,outdoor,1772726423345303040,43.002616064,-0.207156,-0.207156,0,-0.1144026145244325,-0.17141212221198995,-0.28581473673642244,0.07865873673642243,1.0
img_2bd2f89c0ed9038a7ebb2598,right,Tile_0,outdoor,1772726441846484992,61.503798016,-0.0355336,-0.0355336,0,-0.1144026145244325,0.08762815090342871,-0.02677446362100379,-0.00875913637899621,1.0
img_2c358f7a9417c85d1593883a,right,Tile_0,indoor,1772726547852914944,167.510227968,-0.325848,-0.325848,0,-0.1144026145244325,-0.248265050496977,-0.3626676650214095,0.03681966502140949,1.0
img_2c48bbf509b38c8a6870501a,left,Tile_0,indoor,1772726582855049728,202.512362752,-0.160634,-0.160634,0,-0.1144026145244325,-0.02838980702218379,-0.14279242154661628,-0.017841578453383716,1.0
img_2cb25c84f93cba5efbbe84c5,right,Tile_0,outdoor,1772726405844225792,25.501538816,-0.198477,-0.198477,0,-0.1144026145244325,-0.031111142504108895,-0.14551375702854139,-0.0529632429714586,1.0
img_2d1f1a8a27f682dc4d1d2341,right,Tile_0,indoor,1772726537852328960,157.509641984,-0.258017,-0.258017,0,-0.1144026145244325,-0.0034303764710440707,-0.11783299099547656,-0.14018400900452344,1.0
img_2e26d35424d8cce53de1db47,left,Tile_0,covered,1772726480848880128,100.506193152,-0.192313,-0.192313,0,-0.1144026145244325,0.046734390039276194,-0.0676682244851563,-0.12464477551484371,1.0
img_2e52f81e7ee67150f3fdea5c,right,Tile_0,indoor,1772726528851806976,148.50912,0.442272,0.442272,0,-0.1144026145244325,0.2050052861955334,0.0906026716711009,0.3516693283288991,0.42653705602585945
img_2f10fcf8c5f46899fd84dae9,left,Tile_0,covered,1772726506850470144,126.507783168,-0.0422576,-0.0422576,0,-0.1144026145244325,0.09086164748269086,-0.023540967041741634,-0.018716632958258365,1.0
img_2f7b071dd4a79eebbbade4ce,left,Tile_0,outdoor,1772726447846873088,67.504186112,-0.362323,-0.362323,0,-0.1144026145244325,-0.12324653132903826,-0.23764914585347074,-0.12467385414652923,1.0
img_2f8a2aae4ed7883e440a4072,left,Tile_0,indoor,1772726538352443904,158.009756928,-0.235763,-0.235763,0,-0.1144026145244325,-0.016542622955879188,-0.13094523748031167,-0.1048177625196883,1.0
img_2fa0e87e84861be1dfacfe33,left,Tile_0,outdoor,1772726445846744064,65.504057088,-0.325863,-0.325863,0,-0.1144026145244325,-0.14986349739247076,-0.26426611191690325,-0.06159688808309677,1.0
img_2fe423406c20124d89e4eefe,right,Tile_0,indoor,1772726527851723008,147.509036032,0.449127,0.449127,0,-0.1144026145244325,0.18457377750217008,0.07017116297773758,0.37895583702226243,0.3958244875673679
img_2fe71151d4c449e1d3233bb5,right,Tile_0,outdoor,1772726587355255808,207.012568832,-0.069577,-0.069577,0,-0.1144026145244325,-0.040090200387401714,-0.1544928149118342,0.0849158149118342,1.0
img_3039370f245c728e2420d10a,right,Tile_0,indoor,1772726581354892032,201.012205056,0.0412928,0.0412928,0,-0.1144026145244325,0.10569037026262897,-0.008712244261803531,0.05000504426180352,1.0
img_3043344b3e94c3b01cca615b,right,Tile_0,outdoor,1772726494849748736,114.50706176,-0.338762,-0.338762,0,-0.1144026145244325,-0.21697485974277514,-0.33137747426720765,-0.0073845257327923575,1.0
img_304b50c95ed848aecc410e2d,left,Tile_0,outdoor,1772726594855721984,214.513035008,-0.0873459,-0.0873459,0,-0.1144026145244325,0.042359840583307634,-0.07204277394112486,-0.015303126058875141,1.0
img_312d2eb9da835e3f76e2ca08,left,Tile_0,covered,1772726583855062016,203.51237504,-0.433056,-0.433056,0,-0.1144026145244325,-0.023319660191221083,-0.13772227471565357,-0.2953337252843464,0.5079000031424804
img_313927f8276bed83888b9791,right,Tile_0,stationary_unresolved,1772726380342686976,0.0,-0.0662704,-0.0662704,0,-0.1144026145244325,0.1049481771824068,-0.009454437342025696,-0.0568159626579743,1.0
img_31da46dee68cbffb8b8d1ac3,left,Tile_0,indoor,1772726539352484096,159.00979712,-0.124054,-0.124054,0,-0.1144026145244325,-0.015633220841732732,-0.13003583536616523,0.005981835366165256,1.0
img_31fb7f1b070f7fce4248960d,right,Tile_0,outdoor,1772726472848409856,92.50572288,-0.0927459,-0.0927459,0,-0.1144026145244325,0.0703615101997599,-0.04404110432467259,-0.048704795675327414,1.0
img_322efdb132cc0b10097d5d2f,left,Tile_0,outdoor,1772726477348679936,97.00599296,-0.194024,-0.194024,0,-0.1144026145244325,-0.005668559564023061,-0.12007117408845555,-0.07395282591154445,1.0
img_32de473ad787ca0a568e7a34,left,Tile_0,covered,1772726507850516992,127.507830016,-0.0170505,-0.0170505,0,-0.1144026145244325,0.09674536700649417,-0.017657247517938332,0.0006067475179383323,1.0
img_32e9de537a5b3fe60feaa235,left,Tile_0,indoor,1772726462347738880,82.005051904,-0.0743994,-0.0743994,0,-0.1144026145244325,-0.11315185650091107,-0.22755447102534357,0.15315507102534356,0.9793995000999903
img_332391c32c9690fa8c9a0d25,left,Tile_0,outdoor,1772726476348655872,96.005968896,-0.0548966,-0.0548966,0,-0.1144026145244325,-0.022637371304402545,-0.13703998582883503,0.08214338582883504,1.0
img_336e1066e62f9bd81c7fb187,right,Tile_0,outdoor,1772726440846436864,60.503749888,-0.120181,-0.120181,0,-0.1144026145244325,0.09033014596460288,-0.024072468559829613,-0.09610853144017038,1.0
img_3393210d231014661a40fa97,right,Tile_0,indoor,1772726466848016896,86.50532992,0.31853,0.31853,0,-0.1144026145244325,0.033482635635297076,-0.08091997888913542,0.3994499788891354,0.37551635480654627
img_340ae29e89772b35f8739137,right,Tile_0,outdoor,1772726495849774848,115.507087872,-0.331148,-0.331148,0,-0.1144026145244325,-0.20613514296654578,-0.3205377574909783,-0.010610242509021761,1.0
img_34740bb45b5ff4b8f0691b68,left,Tile_0,covered,1772726483849063936,103.50637696,-0.0998455,-0.0998455,0,-0.1144026145244325,0.05621414090769253,-0.05818847361673997,-0.04165702638326005,1.0
img_357e0e61ad2c2c039b3d8981,left,Tile_0,indoor,1772726564853989888,184.511302912,0.101046,0.101046,0,-0.1144026145244325,0.1501741111863212,0.03577149666188871,0.0652745033381113,1.0
img_36179b59758015708cbc0529,right,Tile_0,outdoor,1772726439346339840,59.003652864,0.0137066,0.0137066,0,-0.1144026145244325,0.09152423996781994,-0.022878374556612555,0.03658497455661255,1.0
img_362f09e7739015207616d3d1,right,Tile_0,outdoor,1772726584355077120,204.012390144,-0.117208,-0.117208,0,-0.1144026145244325,0.03280000719269005,-0.08160260733174245,-0.03560539266825756,1.0
img_3674d4aa9eeeccc919db54a9,right,Tile_0,outdoor,1772726391843453952,11.500766976,-0.0845272,-0.0845272,0,-0.1144026145244325,0.018867274392391158,-0.09553534013204135,0.01100814013204135,1.0
img_36cdbf68fcc766fb18c480a2,left,Tile_0,outdoor,1772726434846037760,54.503350784,-0.302607,-0.302607,0,-0.1144026145244325,-0.19571957661702793,-0.31012219114146045,0.007515191141460431,1.0
img_36d8bec5f2733d9cb65049e8,right,Tile_0,indoor,1772726553353293056,173.01060608,-0.509352,-0.509352,0,-0.1144026145244325,-0.18916548646526252,-0.303568100989695,-0.20578389901030503,0.7289200016201872
img_36e74cf7a944d9e1fac9aac6,right,Tile_0,covered,1772726508850566912,128.507879936,-0.190252,-0.190252,0,-0.1144026145244325,-0.07321674468034806,-0.18761935920478057,-0.0026326407952194653,1.0
img_371829f130cc2bfcee62b62f,left,Tile_0,outdoor,1772726431345901056,51.00321408,-0.263738,-0.263738,0,-0.1144026145244325,-0.17827836813369993,-0.2926809826581324,0.028942982658132443,1.0
img_38f675d4e9377237a9fb5a56,left,Tile_0,outdoor,1772726437346205952,57.003518976,-0.403013,-0.403013,0,-0.1144026145244325,-0.20817793420923963,-0.32258054873367215,-0.08043245126632786,1.0
img_38fa922ad61d7da7aa5839a9,left,Tile_0,indoor,1772726463847832064,83.505145088,-0.159632,-0.159632,0,-0.1144026145244325,-0.11529031802757293,-0.22969293255200543,0.07006093255200546,1.0
img_3902505c4cb7ff45451f2bc1,right,Tile_0,covered,1772726487849280000,107.506593024,-0.411703,-0.411703,0,-0.1144026145244325,-0.1961494207621126,-0.31055203528654507,-0.10115096471345492,1.0
img_39270baa183005e40c561a87,left,Tile_0,indoor,1772726561853817856,181.51113088,0.310274,0.310274,0,-0.1144026145244325,0.21686846077877567,0.10246584625434317,0.2078081537456568,0.7218196076347895
img_3991b4dd0731c1ce6d644839,left,Tile_0,indoor,1772726572354415872,192.011728896,-0.199816,-0.199816,0,-0.1144026145244325,0.014220725250179493,-0.100181889274253,-0.09963411072574699,1.0
img_39a06855544f8de8351e1656,right,Tile_0,stationary_unresolved,1772726388343209984,8.000523008,0.0265045,0.0265045,0,-0.1144026145244325,0.04073806236030775,-0.07366455216412475,0.10016905216412475,1.0
img_39a2d47accaabf667edfaff8,left,Tile_0,indoor,1772726468848158720,88.505471744,-0.19624,-0.19624,0,-0.1144026145244325,-0.12241854598610871,-0.2368211605105412,0.0405811605105412,1.0
img_39bde7ed1336ec78411af4c0,right,Tile_0,outdoor,1772726426845512960,46.502825984,-0.0719134,-0.0719134,0,-0.1144026145244325,0.07299305957091744,-0.04140955495351506,-0.030503845046484943,1.0
img_39d39b7da0de74e43e25c19f,right,Tile_0,indoor,1772726550353062912,170.010375936,-0.405288,-0.405288,0,-0.1144026145244325,-0.30277552003213226,-0.4171781345565648,0.011890134556564791,1.0
img_3a1483836f813dc9ad7e4edb,right,Tile_0,outdoor,1772726398343756800,18.001069824,-0.24324,-0.24324,0,-0.1144026145244325,-0.006356197570449288,-0.12075881209488179,-0.12248118790511822,1.0
img_3a21b7ae860b72ed8804abcc,left,Tile_0,outdoor,1772726454347276032,74.004589056,-0.154638,-0.154638,0,-0.1144026145244325,-0.09814662385632844,-0.21254923838076095,0.05791123838076093,1.0
img_3a2cd4cb27c6ae470c8a776f,right,Tile_0,indoor,1772726556853451008,176.510764032,0.270142,0.270142,0,-0.1144026145244325,-0.05662463348726299,-0.1710272480116955,0.4411692480116955,0.34000556629011336
img_3a3f6e458912e59d4d103169,right,Tile_0,indoor,1772726575354534912,195.011847936,0.691441,0.691441,0,-0.1144026145244325,0.19175324367646973,0.07735062915203723,0.6140903708479628,0.24426372260628912
img_3a67c36eb4b7f4b5eacf371d,left,Tile_0,outdoor,1772726449847025920,69.504338944,-0.271795,-0.271795,0,-0.1144026145244325,-0.096629248437681,-0.21103186296211351,-0.06076313703788652,1.0
img_3a6ce437da18165267558062,left,Tile_0,indoor,1772726461847707904,81.505020928,-0.0796696,-0.0796696,0,-0.1144026145244325,-0.11243903611367094,-0.22684165063810344,0.14717205063810346,1.0
img_3aa5f8a1a9bd140b901357b4,right,Tile_0,covered,1772726510850697984,130.508011008,-0.158796,-0.158796,0,-0.1144026145244325,-0.05389414908622794,-0.16829676361066043,0.009500763610660434,1.0
img_3ac01cda397a4cc40e9e6616,right,Tile_0,outdoor,1772726589855403776,209.5127168,-0.456966,-0.456966,0,-0.1144026145244325,-0.10083201723229986,-0.21523463175673235,-0.24173136824326763,0.6205235219992082
img_3b6ed57064a70ad37a048c7b,right,Tile_0,outdoor,1772726515850993920,135.508306944,-0.00858455,-0.00858455,0,-0.1144026145244325,-0.009085359528706441,-0.12348797405313894,0.11490342405313894,1.0
img_3bda781d868a9fac1d656701,right,Tile_0,indoor,1772726464347843840,84.005156864,0.0713905,0.0713905,0,-0.1144026145244325,-0.006472772677988611,-0.12087538720242111,0.1922658872024211,0.7801695983753852
img_3ca07cccfdd3e5371e570909,right,Tile_0,covered,1772726487349249792,107.006562816,-0.294371,-0.294371,0,-0.1144026145244325,-0.18217584029570438,-0.2965784548201369,0.0022074548201369004,1.0
img_3caf02b05fda5adf6265db80,left,Tile_0,outdoor,1772726443346633984,63.003947008,-0.403873,-0.403873,0,-0.1144026145244325,-0.1831340236213853,-0.2975366381458178,-0.10633636185418216,1.0
img_3d1b5a29d5f1e5eadcddf16e,left,Tile_0,indoor,1772726566854088192,186.511401216,0.230259,0.230259,0,-0.1144026145244325,0.10571157567720633,-0.008691038847226162,0.23895003884722615,0.6277462884025862
img_3dd943e1fbc94dc8c092af49,right,Tile_0,outdoor,1772726449847023872,69.504336896,-0.0624168,-0.0624168,0,-0.1144026145244325,0.06601177471588993,-0.04839083980854257,-0.01402596019145743,1.0
img_3ecb1a5cb53e875c9a44c043,left,Tile_0,indoor,1772726578854810112,198.512123136,-0.00939026,-0.00939026,0,-0.1144026145244325,-0.03081862939143499,-0.1452212439158675,0.13583098391586748,1.0
img_3f3cab25aa79e21874774641,right,Tile_0,indoor,1772726531351935744,151.009248768,0.00438415,0.00438415,0,-0.1144026145244325,0.20335779713131527,0.08895518260688277,-0.08457103260688276,1.0
img_3fa45fac1cc1abd6364f0bd3,right,Tile_0,outdoor,1772726512350790144,132.008103168,-0.168656,-0.168656,0,-0.1144026145244325,-0.04045148193719166,-0.15485409646162415,-0.013801903538375848,1.0
img_40839df87738117d53fe5712,left,Tile_0,outdoor,1772726438846319872,58.503632896,-0.382965,-0.382965,0,-0.1144026145244325,-0.2156530135675864,-0.3300556280920189,-0.05290937190798112,1.0
img_40f2bb33f03616da71c7aa76,right,Tile_0,indoor,1772726536352324864,156.009637888,0.00720357,0.00720357,0,-0.1144026145244325,0.044287214927030666,-0.07011539959740183,0.07731896959740185,1.0
img_411807728d76ab36722f4446,left,Tile_0,indoor,1772726468348134912,88.005447936,-0.160741,-0.160741,0,-0.1144026145244325,-0.12170573581722857,-0.23610835034166106,0.07536735034166109,1.0
img_41a6f55bab15569819e335b6,left,Tile_0,outdoor,1772726437846274816,57.50358784,-0.341011,-0.341011,0,-0.1144026145244325,-0.21066978125712138,-0.3250723957815539,-0.015938604218446117,1.0
img_41d795cffe8ac5958ba0e943,left,Tile_0,outdoor,1772726432345947136,52.00326016,-0.223646,-0.223646,0,-0.1144026145244325,-0.18326160554676493,-0.2976642200711974,0.0740182200711974,1.0
img_42034df9dc9f931dfaad45d6,right,Tile_0,indoor,1772726576354593024,196.011906048,0.289929,0.289929,0,-0.1144026145244325,0.17942911427874864,0.06502649975431614,0.22490250024568387,0.6669556800664277
img_4208ccff31ff4f5807b3f287,right,Tile_0,indoor,1772726532352040960,152.009353984,-0.00955896,-0.00955896,0,-0.1144026145244325,0.17154280930599486,0.05714019478156236,-0.06669915478156235,1.0
img_426186dbb8206cf129f21911,right,Tile_0,indoor,1772726535852211968,155.509524992,0.136285,0.136285,0,-0.1144026145244325,0.060196626699886624,-0.05420598782454587,0.19049098782454588,0.7874388269651863
img_429e11f512c9ec7cca7d8eff,left,Tile_0,outdoor,1772726434346017792,54.003330816,-0.287772,-0.287772,0,-0.1144026145244325,-0.19322797321829538,-0.3076305877427279,0.019858587742727918,1.0
img_431341ddc18bf7bbfc873256,right,Tile_0,indoor,1772726461847692032,81.505005056,-0.0258236,-0.0258236,0,-0.1144026145244325,-0.046427841425773796,-0.16083045595020629,0.13500685595020628,1.0
img_43880861e0630f5d7ac7cc0d,right,Tile_0,outdoor,1772726407844350976,27.501664,-0.236813,-0.236813,0,-0.1144026145244325,-0.03729103291337151,-0.151693647437804,-0.085119352562196,1.0
img_43c0ea71b530e898a1a8a3bd,right,Tile_0,indoor,1772726579354812928,199.012125952,0.157444,0.157444,0,-0.1144026145244325,0.14245616453228943,0.028053550007856934,0.12939044999214305,1.0
img_4409c7a08d9668bf891b56e4,left,Tile_0,outdoor,1772726586355255808,206.012568832,-0.451506,-0.451506,0,-0.1144026145244325,-0.010643466324989838,-0.12504608084942234,-0.3264599191505777,0.45947447512174805
img_443900e4c8ed5b29fb38d36a,left,Tile_0,indoor,1772726561353735936,181.01104896,0.19296,0.19296,0,-0.1144026145244325,0.2279853694232142,0.11358275489878171,0.0793772451012183,1.0
img_44688fc19520c97f04987182,right,Tile_0,stationary_unresolved,1772726381842702848,1.500015872,0.0164448,0.0164448,0,-0.1144026145244325,0.09290944030485754,-0.02149317421957496,0.03793797421957497,1.0
img_44aa2004a4a7e90eb9ff462e,right,Tile_0,outdoor,1772726447846856960,67.504169984,-0.0564514,-0.0564514,0,-0.1144026145244325,0.07141595574121351,-0.04298665878321899,-0.013464741216781012,1.0
img_44fb2a201f01c452448f0215,left,Tile_0,indoor,1772726573354430976,193.011744,-0.282617,-0.282617,0,-0.1144026145244325,0.007291909357925591,-0.1071107051665069,-0.17550629483349311,0.8546701993926114
img_451e741ae2b46e2f2b3dc3ea,left,Tile_0,outdoor,1772726492849637120,112.506950144,-0.0609761,-0.0609761,0,-0.1144026145244325,0.07067572191924511,-0.04372689260518739,-0.01724920739481261,1.0
img_457eb49193ea77999deda763,right,Tile_0,outdoor,1772726592355553792,212.012866816,-0.428592,-0.428592,0,-0.1144026145244325,-0.12907703873116722,-0.24347965325559973,-0.18511234674440025,0.8103187207016357
img_45b060488b1c090ac0309083,left,Tile_0,indoor,1772726538852432896,158.50974592,-0.142663,-0.142663,0,-0.1144026145244325,-0.01608795018371249,-0.130490564708145,-0.01217243529185505,1.0
img_4684934416f0dd355c57cc5e,left,Tile_0,outdoor,1772726446846834944,66.504147968,-0.321247,-0.321247,0,-0.1144026145244325,-0.13655466346531087,-0.2509572779897434,-0.07028972201025663,1.0
img_46a0d026a1d62e44f0b7636f,right,Tile_0,outdoor,1772726424345372928,44.002685952,-0.531709,-0.531709,0,-0.1144026145244325,0.0608237477041812,-0.0535788668202513,-0.4781301331797487,0.3137221220558564
img_46fb35a374a648bbf7d67b4a,right,Tile_0,outdoor,1772726450847046912,70.504359936,-0.124896,-0.124896,0,-0.1144026145244325,0.057856035863369404,-0.05654657866106309,-0.0683494213389369,1.0
img_4747428218324686ba86d51f,right,Tile_0,outdoor,1772726593855644928,213.512957952,-0.348325,-0.348325,0,-0.1144026145244325,-0.14130387767395175,-0.25570649219838426,-0.09261850780161573,1.0
img_476b4f00ba8277b62f95bb54,left,Tile_0,outdoor,1772726475848599808,95.505912832,-0.15386,-0.15386,0,-0.1144026145244325,-0.031122524327331227,-0.1455251388517637,-0.008334861148236283,1.0
img_4777fe5d9cdf240d46e60bea,left,Tile_0,indoor,1772726569854270976,189.511584,-0.263629,-0.263629,0,-0.1144026145244325,0.03901698706590917,-0.07538562745852333,-0.1882433725414767,0.7968408022808329
img_485cd4c5ca8d267f58fcc97d,left,Tile_0,indoor,1772726570354260992,190.011574016,-0.36615,-0.36615,0,-0.1144026145244325,0.02807922085097473,-0.08632339367345776,-0.2798266063265422,0.5360462393806765
img_48e8112988b931da208a71d3,left,Tile_0,indoor,1772726469348190976,89.005504,-0.149794,-0.149794,0,-0.1144026145244325,-0.123131368198056,-0.2375339827224885,0.08773998272248848,1.0
img_495d939ae647085d401c5718,right,Tile_0,outdoor,1772726396343687936,16.00100096,-0.135517,-0.135517,0,-0.1144026145244325,0.0014047763556157365,-0.11299783816881676,-0.022519161831183243,1.0
img_49cecc6b7a7ebcfb56922fe8,left,Tile_0,outdoor,1772726589855419904,209.512732928,-0.104466,-0.104466,0,-0.1144026145244325,0.0071026615097750725,-0.10729995301465742,0.002833953014657428,1.0
img_4a2a9f47a7d72128ad9d9b23,right,Tile_0,outdoor,1772726512850861056,132.50817408,-0.12034,-0.12034,0,-0.1144026145244325,-0.03597023271785617,-0.15037284724228867,0.030032847242288663,1.0
img_4a2e56357884866047e5d674,right,Tile_0,stationary_unresolved,1772726382342784768,2.000097792,0.021488,0.021488,0,-0.1144026145244325,0.08889591300526131,-0.025506701519171185,0.04699470151917119,1.0
img_4a58d805e5b8e03110fdfac7,right,Tile_0,outdoor,1772726516351023872,136.008336896,-0.0372523,-0.0372523,0,-0.1144026145244325,-0.004604477361250352,-0.11900709188568284,0.08175479188568285,1.0
img_4a98c51fd068bcc6903eb8bd,right,Tile_0,covered,1772726488349309952,108.006622976,-0.252271,-0.252271,0,-0.1144026145244325,-0.2101229940744807,-0.3245256085989132,0.0722546085989132,1.0
img_4af6cd6dac376ccdcc60db74,right,Tile_0,outdoor,1772726478848744960,98.506057984,-0.160996,-0.160996,0,-0.1144026145244325,0.024935799945049367,-0.08946681457938313,-0.07152918542061687,1.0
img_4b22a1c9aabd064214d20b5a,left,Tile_0,outdoor,1772726493349665792,113.006978816,-0.048791,-0.048791,0,-0.1144026145244325,0.06946771650104477,-0.04493489802338772,-0.003856101976612278,1.0
img_4b5896706fe6c5ae2a2b3dee,right,Tile_0,outdoor,1772726473848504064,93.505817088,0.0523403,0.0523403,0,-0.1144026145244325,0.06279026810534127,-0.05161234641909122,0.10395264641909124,1.0
img_4bdcc685ea71836c64354033,right,Tile_0,stationary_unresolved,1772726386343086080,6.000399104,-0.0563881,-0.0563881,0,-0.1144026145244325,0.05679053610556731,-0.05761207841886519,0.001223978418865193,1.0
img_4beafc8e6c2ff2943ec8c75d,right,Tile_0,outdoor,1772726428345662976,48.002976,-0.113323,-0.113323,0,-0.1144026145244325,0.0802949679272224,-0.03410764659721009,-0.0792153534027899,1.0
img_4bf0c01e63bf51cbb309ab52,right,Tile_0,indoor,1772726555853392896,175.51070592,0.0647208,0.0647208,0,-0.1144026145244325,-0.09449394024706571,-0.2088965547714982,0.2736173547714982,0.5482108403732913
img_4bfbec80c6152c3ca53f80df,right,Tile_0,indoor,1772726544352706048,164.010019072,-0.0883018,-0.0883018,0,-0.1144026145244325,-0.1710799575060176,-0.2854825720304501,0.1971807720304501,0.7607232614792476
img_4c0792163a6966f5a8e1cf2f,right,Tile_0,outdoor,1772726591355494144,211.012807168,-0.428001,-0.428001,0,-0.1144026145244325,-0.12092582181118755,-0.23532843633562006,-0.19267256366437996,0.7785228843546602
img_4c1515ea06c18f0b0a5b1619,left,Tile_0,outdoor,1772726439846391040,59.503704064,-0.34834,-0.34834,0,-0.1144026145244325,-0.22063637599435101,-0.3350389905187835,-0.013301009481216486,1.0
img_4c8368637cb715bc93aab9aa,left,Tile_0,outdoor,1772726512350807040,132.008120064,0.00660854,0.00660854,0,-0.1144026145244325,0.09697002305379047,-0.017432591470642023,0.024041131470642022,1.0
img_4c9783af531b33c68bea8192,right,Tile_0,outdoor,1772726493849678080,113.506991104,-0.208916,-0.208916,0,-0.1144026145244325,-0.22781505935074114,-0.34221767387517366,0.13330167387517367,1.0
img_4c9b79ac5540a2016119f618,right,Tile_0,indoor,1772726466347982848,86.005295872,0.18609,0.18609,0,-0.1144026145244325,0.025491562973171514,-0.08891105155126099,0.275001051551261,0.5454524597410114
img_4cba75fecd5719f789a62848,left,Tile_0,outdoor,1772726429845767936,49.50308096,-0.383026,-0.383026,0,-0.1144026145244325,-0.17314674380555523,-0.28754935832998774,-0.09547664167001224,1.0
img_4cc3626700bd186e509ecde4,left,Tile_0,covered,1772726490349453824,110.006766848,-0.0555918,-0.0555918,0,-0.1144026145244325,0.07671584549052292,-0.03768676903390958,-0.01790503096609042,1.0
img_4ccf82bd2664b37fa8da5db0,right,Tile_0,outdoor,1772726511850806016,131.50811904,-0.070973,-0.070973,0,-0.1144026145244325,-0.044931953465357735,-0.15933456798979023,0.08836156798979024,1.0
img_4ce1f1404af327ce8e242a2e,right,Tile_0,covered,1772726480848863744,100.506176768,-0.209704,-0.209704,0,-0.1144026145244325,-0.0005194802374572892,-0.11492209476188979,-0.09478190523811021,1.0
img_4d472e322a81763c2fd0b666,right,Tile_0,stationary_unresolved,1772726599355980032,219.013293056,-0.371268,-0.371268,0,-0.1144026145244325,-0.18613562811498244,-0.3005382426394149,-0.07072975736058507,1.0
img_4d9c2a8e76e687e5179a2990,left,Tile_0,outdoor,1772726592355569920,212.012882944,-0.149907,-0.149907,0,-0.1144026145244325,0.02419651587935371,-0.09020609864507878,-0.05970090135492122,1.0
img_4db96f69333eb99d762ebc31,left,Tile_0,outdoor,1772726420345177856,40.00249088,-0.328441,-0.328441,0,-0.1144026145244325,-0.17061155148192297,-0.2850141660063555,-0.0434268339936445,1.0
img_4dc8f84b30561037eb7ae084,right,Tile_0,outdoor,1772726394843634944,14.500947968,-0.247693,-0.247693,0,-0.1144026145244325,0.007225512015359393,-0.1071771025090731,-0.1405158974909269,1.0
img_4de2b810d4947fd02c7d9da0,left,Tile_0,indoor,1772726458347508992,78.004822016,-0.121443,-0.121443,0,-0.1144026145244325,-0.10625124488967491,-0.22065385941410742,0.0992108594141074,1.0
img_4e3d57a9706d9cb78afd5c41,right,Tile_0,stationary_unresolved,1772726387843228928,7.500541952,0.0233602,0.0233602,0,-0.1144026145244325,0.04475078015169871,-0.06965183437273378,0.09301203437273378,1.0
img_4e61dfa73359cbec43694b5d,left,Tile_0,indoor,1772726549853085952,169.510398976,0.179234,0.179234,0,-0.1144026145244325,0.22376890132058014,0.10936628679614764,0.06986771320385236,1.0
img_4e8573cfcd31389b1a28d8e3,right,Tile_0,outdoor,1772726477348664064,97.005977088,-0.177663,-0.177663,0,-0.1144026145244325,0.03629220570560378,-0.07811040881882872,-0.09955259118117127,1.0
img_4f5b2c7c217540835929062d,left,Tile_0,outdoor,1772726419845134080,39.502447104,-0.256398,-0.256398,0,-0.1144026145244325,-0.1641209059084279,-0.2785235204328604,0.02212552043286037,1.0
img_4f76dde4fe751d7ed49ed11b,left,Tile_0,covered,1772726491349520896,111.00683392,-0.100013,-0.100013,0,-0.1144026145244325,0.07429981115251652,-0.04010280337191598,-0.05991019662808403,1.0
img_4fcd6a3db493c1c587d8b3a9,right,Tile_0,outdoor,1772726433345968128,53.003281152,-0.160514,-0.160514,0,-0.1144026145244325,0.09051868353653712,-0.023883930987895374,-0.13663006901210462,1.0
img_50788709c27115356ae913b1,left,Tile_0,indoor,1772726550853106944,170.510419968,0.206308,0.206308,0,-0.1144026145244325,0.2367828317945951,0.12238021727016261,0.08392778272983738,1.0
img_50b466a226a3e1103ba42d6f,right,Tile_0,stationary_unresolved,1772726384342926080,4.000239104,0.014929,0.014929,0,-0.1144026145244325,0.0728432995479257,-0.04155931497650679,0.05648831497650679,1.0
img_5140482a9cf7118888ff9760,right,Tile_0,indoor,1772726546852904960,166.510217984,-0.30759,-0.30759,0,-0.1144026145244325,-0.22621326276078385,-0.34061587728521636,0.03302587728521639,1.0
img_51866d14b07dd3ca601a1cde,left,Tile_0,indoor,1772726581354907904,201.012220928,-0.0866256,-0.0866256,0,-0.1144026145244325,-0.03599565287649811,-0.1503982674009306,0.0637726674009306,1.0
img_524aae58b9d36d472cff225d,left,Tile_0,indoor,1772726574854533888,194.511846912,0.168817,0.168817,0,-0.1144026145244325,-0.003101870551104474,-0.11750448507553697,0.28632148507553695,0.5238866372896438
img_5296101fce9f36e01239e372,left,Tile_0,outdoor,1772726473348443904,93.005756928,-0.300286,-0.300286,0,-0.1144026145244325,-0.07354617830109673,-0.18794879282552923,-0.11233720717447077,1.0
img_53ce9f841d68099d3fc67dcc,left,Tile_0,outdoor,1772726419345099008,39.002412032,-0.229059,-0.229059,0,-0.1144026145244325,-0.15759854800629394,-0.2720011625307264,0.04294216253072647,1.0
img_53e20a3aa805e1f7b110ddf9,right,Tile_0,outdoor,1772726408844413952,28.501726976,-0.0842133,-0.0842133,0,-0.1144026145244325,-0.040380979304467504,-0.1547835938289,0.0705702938289,1.0
img_53f96406e0c9d22b6885bb47,right,Tile_0,outdoor,1772726442346515968,62.003828992,-0.0949712,-0.0949712,0,-0.1144026145244325,0.08627713469755055,-0.028125479826881947,-0.06684572017311806,1.0
img_5411aa9b437446a0c0642a33,left,Tile_0,indoor,1772726571354317056,191.01163008,-0.357218,-0.357218,0,-0.1144026145244325,0.021150121158708547,-0.09325249336572394,-0.26396550663427604,0.5682560646373576
img_552ccaef249d70922a2b9ae7,right,Tile_0,outdoor,1772726399843804928,19.501117952,-0.0828801,-0.0828801,0,-0.1144026145244325,-0.012176914356154235,-0.12657952888058674,0.04369942888058671,1.0
img_5550c6ee126a8a927e97dac2,right,Tile_0,outdoor,1772726420345161984,40.002475008,0.00444876,0.00444876,0,-0.1144026145244325,0.04135291251607142,-0.07304970200836108,0.07749846200836108,1.0
img_5563e8df2be4dc830dc08c92,right,Tile_0,stationary_unresolved,1772726385343024896,5.00033792,-0.0996484,-0.0996484,0,-0.1144026145244325,0.06481676681442902,-0.049585847710003475,-0.05006255228999653,1.0
img_5574682a334b8acf3720ae26,left,Tile_0,outdoor,1772726494349710080,114.007023104,-0.0614281,-0.0614281,0,-0.1144026145244325,0.06705173720627289,-0.04735087731815961,-0.014077222681840397,1.0
img_55c5e08398906fce5cdae7a1,right,Tile_0,indoor,1772726525851599104,145.508912128,0.162983,0.162983,0,-0.1144026145244325,0.1437116596800986,0.02930904515566611,0.1336739548443339,1.0
img_55fe11611681b29c521c95c5,left,Tile_0,outdoor,1772726474848538880,94.505851904,-0.164959,-0.164959,0,-0.1144026145244325,-0.04809196159093434,-0.16249457611536683,-0.0024644238846331656,1.0
img_56187043b1e7cbb8149b6379,left,Tile_0,indoor,1772726563853952000,183.511265024,0.191662,0.191662,0,-0.1144026145244325,0.17240512854018575,0.05800251401575325,0.13365948598424673,1.0
img_56534ab6df13e69183a60733,right,Tile_0,outdoor,1772726500850092800,120.507405824,-0.205566,-0.205566,0,-0.1144026145244325,-0.15241181250419544,-0.26681442702862795,0.061248427028627955,1.0
img_572c8b231f54c3e8ed7f76c5,right,Tile_0,indoor,1772726523851472896,143.50878592,-0.309363,-0.309363,0,-0.1144026145244325,0.10284949478778391,-0.01155311973664859,-0.2978098802633514,0.503677043445825
img_5748713b2a9018e0c4489afb,left,Tile_0,indoor,1772726535352226048,155.009539072,-0.607799,-0.607799,0,-0.1144026145244325,-0.01927091776140071,-0.1336735322858332,-0.47412546771416675,0.3163719526039669
img_575d0f2b73c72c0a37d1fdaf,right,Tile_0,outdoor,1772726447346824960,67.004137984,-0.171333,-0.171333,0,-0.1144026145244325,0.07276697471380147,-0.04163563981063102,-0.12969736018936898,1.0
img_575f482e53a2e9d903317aeb,right,Tile_0,outdoor,1772726435846081024,55.503394048,-0.0478277,-0.0478277,0,-0.1144026145244325,0.09093765834712732,-0.02346495617730518,-0.024362743822694828,1.0
img_579db4a7b14316cffd5a2b3f,right,Tile_0,indoor,1772726581854920960,201.512233984,0.0018388,0.0018388,0,-0.1144026145244325,0.09354202306459383,-0.020860591459838665,0.02269939145983866,1.0
img_582ed6d44277f03d95c67651,right,Tile_0,indoor,1772726469848243968,89.505556992,0.0837316,0.0837316,0,-0.1144026145244325,0.08142943572045662,-0.03297317880397588,0.11670477880397588,1.0
img_587cbd925df8e3060b13d134,right,Tile_0,indoor,1772726580854862080,200.512175104,0.0915575,0.0915575,0,-0.1144026145244325,0.11783874233904013,0.0034361278146076285,0.08812137218539237,1.0
img_58caed980ab70c4132efecfd,right,Tile_0,outdoor,1772726519351250944,139.008563968,0.0814262,0.0814262,0,-0.1144026145244325,0.022281240047221696,-0.0921213744772108,0.1735475744772108,0.86431631471575
img_58f765e4917dce185f3d11f7,right,Tile_0,outdoor,1772726473348428032,93.005741056,-0.0263924,-0.0263924,0,-0.1144026145244325,0.0665761081528102,-0.04782650637162229,0.021434106371622286,1.0
img_592f2c020773fd3d0eba846b,right,Tile_0,outdoor,1772726409344444928,29.001757952,-0.379182,-0.379182,0,-0.1144026145244325,-0.04192595091806257,-0.15632856544249507,-0.22285343455750495,0.6730881231327583
img_59524914ac06cf1a2d6e317a,right,Tile_0,outdoor,1772726406844327936,26.50164096,-0.0711218,-0.0711218,0,-0.1144026145244325,-0.03420120991460382,-0.1486038244390363,0.0774820244390363,1.0
img_595254c320c27cdb74e35158,right,Tile_0,indoor,1772726533852087040,153.509400064,0.159082,0.159082,0,-0.1144026145244325,0.12382388232799701,0.009421267803564518,0.14966073219643547,1.0
img_59814f6dd62bb0daf23334d6,right,Tile_0,indoor,1772726573854449152,193.511762176,0.293504,0.293504,0,-0.1144026145244325,0.2102394204216858,0.09583680589725331,0.19766719410274666,0.75885126351331
img_5a69ae6aa259126ae595c8c1,right,Tile_0,indoor,1772726530851907072,150.509220096,0.0401637,0.0401637,0,-0.1144026145244325,0.21926452960054207,0.10486191507610958,-0.06469821507610957,1.0
img_5b91b0038b79183f5c7235e8,right,Tile_0,outdoor,1772726429345707776,49.0030208,0.0267836,0.0267836,0,-0.1144026145244325,0.08516263809614996,-0.029239976428282535,0.05602357642828254,1.0
img_5bdabac3f28d924130023096,right,Tile_0,indoor,1772726548853032960,168.510345984,-0.175932,-0.175932,0,-0.1144026145244325,-0.2703192205081179,-0.3847218350325504,0.2087898350325504,0.7184257795721469
img_5bf2570751fa5012e024eb20,right,Tile_0,outdoor,1772726406344256768,26.001569792,-0.071276,-0.071276,0,-0.1144026145244325,-0.03265611411770397,-0.14705872864213648,0.07578272864213648,1.0
img_5cb86470777358c38d50242e,right,Tile_0,indoor,1772726462847753984,82.505067008,0.00335835,0.00335835,0,-0.1144026145244325,-0.03044579428913698,-0.14484840881356947,0.14820675881356948,1.0
img_5d36f96d95329bc275b1e854,right,Tile_0,outdoor,1772726440346407936,60.00372096,0.00501032,0.00501032,0,-0.1144026145244325,0.09168115663706143,-0.022721457887371066,0.027731777887371065,1.0
img_5e316fa8cb258a2918d30eed,left,Tile_0,covered,1772726511350748160,131.008061184,-0.0160632,-0.0160632,0,-0.1144026145244325,0.10416019887793955,-0.010242415646492947,-0.0058207843535070525,1.0
img_5e80513ffc34b6196a43e365,right,Tile_0,outdoor,1772726427845582848,47.502895872,-0.164336,-0.164336,0,-0.1144026145244325,0.07786085185448345,-0.036541762669949046,-0.12779423733005096,1.0
img_5e8f6477648ca5ac8d8ba881,right,Tile_0,outdoor,1772726419345082880,39.002395904,-0.0933067,-0.0933067,0,-0.1144026145244325,0.03272644077385765,-0.08167617375057484,-0.011630526249425163,1.0
img_5ef19597a38170b745e3d0e8,right,Tile_0,outdoor,1772726588855346944,208.512659968,-0.305053,-0.305053,0,-0.1144026145244325,-0.07653534771460564,-0.19093796223903814,-0.11411503776096188,1.0
img_5f0968e8c59bf8c0f031ebb5,right,Tile_0,outdoor,1772726498349988096,118.00730112,-0.238984,-0.238984,0,-0.1144026145244325,-0.1790342471366409,-0.2934368616610734,0.054452861661073354,1.0
img_5f4b3c215e0cb99dc6bba658,left,Tile_0,stationary_unresolved,1772726600856082944,220.513395968,-0.111006,-0.111006,0,-0.1144026145244325,0.08245020185384869,-0.03195241267058381,-0.07905358732941618,1.0
img_5f5029f3630b2fb09e6d6efa,right,Tile_0,stationary_unresolved,1772726384842983936,4.50029696,-0.114418,-0.114418,0,-0.1144026145244325,0.0688299653797287,-0.0455726491447038,-0.06884535085529622,1.0
img_5f72e3f2d8823789d5a9d3d9,right,Tile_0,outdoor,1772726494349693184,114.007006208,-0.328874,-0.328874,0,-0.1144026145244325,-0.22239517876346598,-0.3367977932878985,0.007923793287898495,1.0
img_5f8884d4e0886ce2c7c3329d,right,Tile_0,stationary_unresolved,1772726382842777856,2.50009088,-0.0770538,-0.0770538,0,-0.1144026145244325,0.08488309864817073,-0.029519515876261768,-0.04753428412373823,1.0
img_5fd035bec4171d6b6ba5975a,right,Tile_0,indoor,1772726577354654976,197.011968,-0.118076,-0.118076,0,-0.1144026145244325,0.16710493755912065,0.05270232303468815,-0.17077832303468815,0.8783316133718698
img_6016a762546377de75ffa928,right,Tile_0,indoor,1772726531852012800,151.509325824,-0.100344,-0.100344,0,-0.1144026145244325,0.18744952548766253,0.07304691096323003,-0.17339091096323,0.8650972485622941
img_601de3b87602df931f31758c,right,Tile_0,outdoor,1772726492849620992,112.506934016,-0.360051,-0.360051,0,-0.1144026145244325,-0.23865511188926997,-0.3530577264137025,-0.006993273586297533,1.0
img_602aaa7e37f9400e20d3d20c,left,Tile_0,outdoor,1772726435846096896,55.50340992,-0.194447,-0.194447,0,-0.1144026145244325,-0.20070287908824275,-0.31510549361267526,0.12065849361267525,1.0
img_6140eac6fa52c2bec7a4cf37,right,Tile_0,covered,1772726480348834048,100.006147072,-0.158398,-0.158398,0,-0.1144026145244325,0.013454085920869255,-0.10094852860356324,-0.057449471396436774,1.0
img_615171763cd60793081fb097,right,Tile_0,covered,1772726508350533120,128.007846144,-0.220056,-0.220056,0,-0.1144026145244325,-0.07816647759833315,-0.19256909212276563,-0.027486907877234373,1.0
img_6173ff107b2e5193068fdc8c,left,Tile_0,covered,1772726487849295872,107.506608896,-0.124735,-0.124735,0,-0.1144026145244325,0.0688537672092697,-0.0455488473151628,-0.07918615268483718,1.0
img_61f4cc2148cac254e5f04ce6,right,Tile_0,covered,1772726460847625984,80.504939008,-0.0913356,-0.0913356,0,-0.1144026145244325,-0.06240995402082071,-0.1768125685452532,0.08547696854525318,1.0
img_622228827b821ea7fad563a5,right,Tile_0,outdoor,1772726436846160896,56.50347392,-0.00504871,-0.00504871,0,-0.1144026145244325,0.09110525408875028,-0.023297360435682216,0.018248650435682218,1.0
img_62bb470e8f17d63e54df8e2e,right,Tile_0,outdoor,1772726584855147008,204.512460032,-0.0774323,-0.0774323,0,-0.1144026145244325,0.020650664859625793,-0.09375194966480671,0.016319649664806715,1.0
img_62ded7e2c0eb75337746a1b4,right,Tile_0,covered,1772726509350600960,129.007913984,0.0451757,0.0451757,0,-0.1144026145244325,-0.06826700922827077,-0.18266962375270326,0.22784532375270328,0.6583413586438388
img_6400739caa04d0ac69c41527,right,Tile_0,indoor,1772726548352942848,168.010255872,-0.304782,-0.304782,0,-0.1144026145244325,-0.2592914496105893,-0.3736940641350218,0.06891206413502182,1.0
img_643ec58d9d0fb7661aa212c4,right,Tile_0,covered,1772726505850379008,125.507692032,-0.252299,-0.252299,0,-0.1144026145244325,-0.10291499521092437,-0.21731760973535685,-0.034981390264643114,1.0
img_649f98a511547e2d01b94687,right,Tile_0,indoor,1772726461347658752,81.004971776,-0.191133,-0.191133,0,-0.1144026145244325,-0.05441890181444763,-0.16882151633888012,-0.022311483661119874,1.0
img_64fe4e65c3736b0d7b32fecb,right,Tile_0,indoor,1772726526851661056,146.50897408,0.465961,0.465961,0,-0.1144026145244325,0.16414271859113436,0.04974010406670186,0.41622089593329814,0.3603855584031955
img_654114daebb73a29c72bdb27,left,Tile_0,outdoor,1772726433846001920,53.503314944,-0.182639,-0.182639,0,-0.1144026145244325,-0.19073639022996275,-0.30513900475439526,0.12250000475439526,1.0
img_654224d56a5a5fc52b21d876,left,Tile_0,outdoor,1772726593355632128,213.012945152,-0.0363364,-0.0363364,0,-0.1144026145244325,0.031461855803916236,-0.08294075872051626,0.04660435872051626,1.0
img_6546170e68807f8e8a52ad34,left,Tile_0,covered,1772726510850713856,130.50802688,-0.076456,-0.076456,0,-0.1144026145244325,0.10775532176097041,-0.006647292763462084,-0.06980870723653791,1.0
img_65f505414e53514b40c87f66,right,Tile_0,outdoor,1772726404344176128,24.001489152,-0.0930769,-0.0930769,0,-0.1144026145244325,-0.026476361338346025,-0.14087897586277853,0.04780207586277853,1.0
img_662459e85d0d8812f926ab99,left,Tile_0,covered,1772726459847571968,79.504884992,-0.113989,-0.113989,0,-0.1144026145244325,-0.10929042837428724,-0.22369304289871972,0.10970404289871975,1.0
img_669111f98083cce643c39165,right,Tile_0,indoor,1772726572854388992,192.511702016,0.182347,0.182347,0,-0.1144026145244325,0.2225635750577576,0.10816096053332509,0.0741860394666749,1.0
img_6740b2dd81f92ad3ddabaecd,right,Tile_0,outdoor,1772726495349742848,115.007055872,-0.245947,-0.245947,0,-0.1144026145244325,-0.2115552066968933,-0.32595782122132577,0.08001082122132577,1.0
img_6775eeb93e9fdc907d461bdf,left,Tile_0,indoor,1772726577854702080,197.512015104,-0.309779,-0.309779,0,-0.1144026145244325,-0.023889169627903026,-0.13829178415233553,-0.17148721584766452,0.8747007714746967
img_67cb9bc06ca9a801a5b68e06,left,Tile_0,outdoor,1772726433345984000,53.003297024,-0.147842,-0.147842,0,-0.1144026145244325,-0.1882447970364301,-0.3026474115608626,0.1548054115608626,0.9689583748241686
img_6819a75fda93260e77669bee,right,Tile_0,indoor,1772726458347492864,78.004805888,-0.227822,-0.227822,0,-0.1144026145244325,-0.04351397104535771,-0.1579165855697902,-0.06990541443020978,1.0
img_68f31368a376525690e48608,right,Tile_0,outdoor,1772726400843888896,20.50120192,-0.211209,-0.211209,0,-0.1144026145244325,-0.01566134252465304,-0.13006395704908555,-0.08114504295091446,1.0
img_692d5bbdcde19c70d8b4d819,right,Tile_0,outdoor,1772726497849912832,117.507225856,-0.186716,-0.186716,0,-0.1144026145244325,-0.18445477982424952,-0.298857394348682,0.11214139434868198,1.0
img_69419e5adbf182700c58bb12,right,Tile_0,outdoor,1772726441346459904,61.003772928,-0.0682729,-0.0682729,0,-0.1144026145244325,0.0889791512007256,-0.025423463323706902,-0.042849436676293096,1.0
img_6945a13d80ea37856cdb03cf,right,Tile_0,outdoor,1772726437346190848,57.003503872,-0.0936339,-0.0936339,0,-0.1144026145244325,0.09118905028641952,-0.023213564238012976,-0.07042033576198703,1.0
img_6957fc6391e712cf9f28468c,left,Tile_0,covered,1772726489349388800,109.006701824,-0.0460707,-0.0460707,0,-0.1144026145244325,0.07359364587903457,-0.04080896864539793,-0.005261731354602069,1.0
img_69e4bef02a10ed141acc261e,left,Tile_0,indoor,1772726459347589888,79.004902912,-0.0858375,-0.0858375,0,-0.1144026145244325,-0.10827744604991174,-0.22268006057434425,0.13684256057434424,1.0
img_6a2408035c3724c55335982f,left,Tile_0,indoor,1772726465347929088,85.005242112,-0.102522,-0.102522,0,-0.1144026145244325,-0.11742878502835623,-0.23183139955278873,0.1293093995527887,1.0
img_6ca3ccb0981185a28e1f93dc,left,Tile_0,outdoor,1772726441846500864,61.503813888,-0.294124,-0.294124,0,-0.1144026145244325,-0.20309723192772655,-0.31749984645215906,0.02337584645215901,1.0
img_6cda7e312f7350eff34e978b,left,Tile_0,indoor,1772726467348067072,87.005380096,-0.143855,-0.143855,0,-0.1144026145244325,-0.1202800866490954,-0.2346827011735279,0.0908277011735279,1.0
img_6d97759db67f18d871487e44,left,Tile_0,indoor,1772726579854817792,199.512130816,-0.0332077,-0.0332077,0,-0.1144026145244325,-0.037747393844936326,-0.15215000836936882,0.11894230836936884,1.0
img_6dc396b50fafbf1b48918d54,right,Tile_0,outdoor,1772726503850262784,123.507575808,-0.236266,-0.236266,0,-0.1144026145244325,-0.12271373936005832,-0.23711635388449082,0.0008503538844908121,1.0
img_6e169def21ca3501e9621c38,left,Tile_0,outdoor,1772726427345562880,47.002875904,-0.361551,-0.361551,0,-0.1144026145244325,-0.17247957464952343,-0.2868821891739559,-0.0746688108260441,1.0
img_6ed6c4d41155b1fef7584c54,right,Tile_0,outdoor,1772726408344381952,28.001694976,-0.243632,-0.243632,0,-0.1144026145244325,-0.03883600452696657,-0.15323861905139907,-0.09039338094860092,1.0
img_6edd04890eae67b7aad63fbe,right,Tile_0,indoor,1772726463347784960,83.005097984,-0.0117505,-0.0117505,0,-0.1144026145244325,-0.022454770720818286,-0.1368573852452508,0.12510688524525077,1.0
img_6f0133802dcbba5715db2a6b,right,Tile_0,outdoor,1772726417344945920,37.002258944,-0.175447,-0.175447,0,-0.1144026145244325,0.015455030783342465,-0.09894758374109003,-0.07649941625890996,1.0
img_6f41a78957ac84401e77ac83,left,Tile_0,outdoor,1772726418845064960,38.502377984,-0.3465,-0.3465,0,-0.1144026145244325,-0.15107620346101197,-0.2654788179854445,-0.08102118201455555,1.0
img_6f75eacf9361a6cb5df4799d,left,Tile_0,indoor,1772726580354848000,200.012161024,0.053535,0.053535,0,-0.1144026145244325,-0.041066041124605775,-0.15546865564903828,0.20900365564903828,0.7176907960494336
img_6f8a41645307886414fdb6d8,left,Tile_0,covered,1772726508350550016,128.00786304,-0.00450931,-0.00450931,0,-0.1144026145244325,0.09968728324945715,-0.014715331274975346,0.010206021274975347,1.0
img_70695d79bf115291f89af020,left,Tile_0,outdoor,1772726511850808832,131.508121856,0.0187079,0.0187079,0,-0.1144026145244325,0.10056488641551527,-0.01383772810891723,0.03254562810891723,1.0
img_7075633227ed0e239cb80bdf,right,Tile_0,covered,1772726482849029120,102.506342144,-0.185676,-0.185676,0,-0.1144026145244325,-0.05641504690622239,-0.17081766143065488,-0.014858338569345125,1.0
img_714f4ac0cedca8648afe46e2,right,Tile_0,outdoor,1772726445846728960,65.504041984,-0.171325,-0.171325,0,-0.1144026145244325,0.07682003163156526,-0.03758258289286724,-0.13374241710713275,1.0
img_729de0fdc89bc5da6f822671,right,Tile_0,outdoor,1772726431345884928,51.003197952,-0.036491,-0.036491,0,-0.1144026145244325,0.0901835048807151,-0.0242191096437174,-0.012271890356282601,1.0
img_72ad41ba4c78ddfc7ef4dd7c,right,Tile_0,indoor,1772726574354477056,194.01179008,0.540708,0.540708,0,-0.1144026145244325,0.20407736991939718,0.08967475539496468,0.45103324460503524,0.33256972029047066
img_72b0880469760869c633c6c8,left,Tile_0,outdoor,1772726596355841024,216.013154048,-0.213546,-0.213546,0,-0.1144026145244325,0.05325803738118962,-0.061144577143242874,-0.15240142285675715,0.9842427792881286
img_72d329aaeffd9ca5bb751d0f,right,Tile_0,outdoor,1772726402844056832,22.501369856,-0.0534828,-0.0534828,0,-0.1144026145244325,-0.02184136502698507,-0.13624397955141757,0.08276117955141757,1.0
img_730764b3a74203f26ba4ada6,left,Tile_0,outdoor,1772726448846936832,68.504249856,-0.379829,-0.379829,0,-0.1144026145244325,-0.10993805851757762,-0.2243406730420101,-0.1554883269579899,0.9647026431799427
img_730e104f8bd0470783b519ad,left,Tile_0,outdoor,1772726443846624768,63.503937792,-0.368502,-0.368502,0,-0.1144026145244325,-0.17648033399933172,-0.29088294852376423,-0.07761905147623577,1.0
img_732560e3ddae6ed22512b874,right,Tile_0,outdoor,1772726409844475136,29.50178816,-0.333087,-0.333087,0,-0.1144026145244325,-0.043470920158728256,-0.15787353468316076,-0.17521346531683926,0.8560985865370241
img_736215cb0d2336e90c45f014,left,Tile_0,indoor,1772726565353968896,185.01128192,0.129819,0.129819,0,-0.1144026145244325,0.13905949029366121,0.024656875769228717,0.10516212423077129,1.0
img_738d35da53c08f4a598d2f51,left,Tile_0,outdoor,1772726592855638016,212.51295104,-0.113451,-0.113451,0,-0.1144026145244325,0.02782945458437155,-0.08657315994006094,-0.026877840059939054,1.0
img_73f4d80d0df342e9c22fd43b,right,Tile_0,indoor,1772726552853213952,172.510526976,-0.426251,-0.426251,0,-0.1144026145244325,-0.20810203501809638,-0.3225046495425289,-0.1037463504574711,1.0
img_745b8376779d3a40a84872e7,left,Tile_0,indoor,1772726575354549760,195.011862784,0.147847,0.147847,0,-0.1144026145244325,-0.006566336144108674,-0.12096895066854117,0.2688159506685412,0.5580026022524045
img_74943b1f05f275dfa3e64b53,right,Tile_0,outdoor,1772726513350844928,133.008157952,-0.188106,-0.188106,0,-0.1144026145244325,-0.03148976348376421,-0.1458923780081967,-0.042213621991803285,1.0
img_74b928466746e82240803e26,right,Tile_0,indoor,1772726542852616192,162.509929216,-0.0957818,-0.0957818,0,-0.1144026145244325,-0.1380006246803469,-0.2524032392047794,0.15662143920477942,0.9577232897462906
img_74cdbe608be852f5a3b0f9fe,left,Tile_0,outdoor,1772726440346422784,60.003735808,-0.239759,-0.239759,0,-0.1144026145244325,-0.22305970778241377,-0.33746232230684625,0.09770332230684625,1.0
img_74efacc1aeb4fe0934adf511,left,Tile_0,indoor,1772726576854685952,196.511998976,-0.0526441,-0.0526441,0,-0.1144026145244325,-0.016960346640648966,-0.13136296116508145,0.07871886116508145,1.0
img_753e568dd0cb0b359ee23e57,left,Tile_0,outdoor,1772726423845337856,43.50265088,-0.141477,-0.141477,0,-0.1144026145244325,-0.17154555439003338,-0.2859481689144659,0.14447116891446585,1.0
img_754e03fcb0ec2dfff08a5e4f,right,Tile_0,outdoor,1772726496849842176,116.5071552,-0.334609,-0.334609,0,-0.1144026145244325,-0.19529497943221533,-0.3096975939566478,-0.02491140604335218,1.0
img_7553fbc5b6a2ed11c46f6679,right,Tile_0,indoor,1772726557853574144,177.510887168,0.181847,0.181847,0,-0.1144026145244325,-0.01875286445674574,-0.13315547898117824,0.3150024789811783,0.4761867287049593
img_756290dd6ae53ced57388fae,left,Tile_0,outdoor,1772726493849693184,113.507006208,-0.0111606,-0.0111606,0,-0.1144026145244325,0.06825971417516095,-0.04614290034927154,0.03498230034927154,1.0
img_75a30ee17616282a88941ad2,left,Tile_0,outdoor,1772726590855480064,210.512793088,-0.0650744,-0.0650744,0,-0.1144026145244325,0.013298531099962312,-0.10110408342447019,0.03602968342447019,1.0
img_764fe29b4e1960f79bb29e3d,right,Tile_0,outdoor,1772726394343603968,14.000916992,-0.091825,-0.091825,0,-0.1144026145244325,0.0091658088905378,-0.1052368056338947,0.013411805633894686,1.0
img_767138f6ff85ce73dc611a99,left,Tile_0,covered,1772726507350515968,127.007828992,-0.00332267,-0.00332267,0,-0.1144026145244325,0.09380363903373576,-0.02059897549069674,0.017276305490696725,1.0
img_769f7332c72ccca1e08d266b,left,Tile_0,indoor,1772726567354110976,187.011424,0.270418,0.270418,0,-0.1144026145244325,0.09459598163640133,-0.019806632888031167,0.2902246328880312,0.5168410362254471
img_76ca13299aa4657ab76c685e,left,Tile_0,covered,1772726480348849152,100.006162176,-0.213072,-0.213072,0,-0.1144026145244325,0.04515443048268798,-0.06924818404174451,-0.1438238159582555,1.0
img_77098503d4402a0360da6d34,right,Tile_0,covered,1772726472348363776,92.0056768,-0.100756,-0.100756,0,-0.1144026145244325,0.07414712349474746,-0.04025549102968504,-0.06050050897031496,1.0
img_77219089d0772978b6821983,left,Tile_0,outdoor,1772726497849928960,117.507241984,-0.0677016,-0.0677016,0,-0.1144026145244325,0.05859565536797566,-0.05580695915645684,-0.011894640843543164,1.0
img_7755967d0102f125faed8b27,right,Tile_0,outdoor,1772726591855524096,211.51283712,-0.485819,-0.485819,0,-0.1144026145244325,-0.125001431314471,-0.2394040458389035,-0.2464149541610965,0.6087292896271865
img_77ed34b0126642eb21004da8,right,Tile_0,outdoor,1772726390343308032,10.000621056,-0.0657601,-0.0657601,0,-0.1144026145244325,0.024688370645611357,-0.08971424387882114,0.023954143878821138,1.0
img_780059d915b011a5bd08b6b7,right,Tile_0,outdoor,1772726513850872064,133.508185088,-0.191209,-0.191209,0,-0.1144026145244325,-0.027008906551124846,-0.14141152107555735,-0.04979747892444264,1.0
img_789243cb60bd90423c2cc36f,right,Tile_0,outdoor,1772726418845048832,38.502361856,-0.110921,-0.110921,0,-0.1144026145244325,0.028408589934170708,-0.08599402459026179,-0.02492697540973822,1.0
img_78a3f1935a07eebf17609099,right,Tile_0,outdoor,1772726448346888960,68.004201984,-0.0687684,-0.0687684,0,-0.1144026145244325,0.07006493676862559,-0.04433767775580691,-0.024430722244193084,1.0
img_790005ba0043de4a43aaf92c,left,Tile_0,indoor,1772726464347859968,84.005172992,-0.190958,-0.190958,0,-0.1144026145244325,-0.11600313403551593,-0.23040574855994844,0.039447748559948426,1.0
img_79a5da34e66aa18a2c24eaef,left,Tile_0,covered,1772726471348343808,91.005656832,-0.307691,-0.307691,0,-0.1144026145244325,-0.10748468359584426,-0.22188729812027674,-0.08580370187972325,1.0
img_7a41592105a1e385ea290380,right,Tile_0,outdoor,1772726410844537856,30.50185088,-0.0510158,-0.0510158,0,-0.1144026145244325,-0.0406767317030601,-0.1550793462274926,0.10406354622749259,1.0
img_7bb3380ce80f1bc1d599c623,right,Tile_0,covered,1772726492349608960,112.006921984,-0.381202,-0.381202,0,-0.1144026145244325,-0.24407495917780442,-0.35847757370223693,-0.022724426297763056,1.0
img_7bd154c88477cf14f3e327e8,right,Tile_0,indoor,1772726545352769024,165.010082048,-0.182518,-0.182518,0,-0.1144026145244325,-0.19313291379887915,-0.30753552832331166,0.12501752832331164,1.0
img_7bd4d14dab635bb5b3357c9a,left,Tile_0,outdoor,1772726428345666048,48.002979072,-0.363737,-0.363737,0,-0.1144026145244325,-0.1727464479545502,-0.2871490624789827,-0.07658793752101734,1.0
img_7c194d874150e53dc7911d70,right,Tile_0,covered,1772726509850633984,129.507947008,-0.0603425,-0.0603425,0,-0.1144026145244325,-0.0633172839125614,-0.1777198984369939,0.11737739843699391,1.0
img_7c4bd9a8b55c8f86fa134466,right,Tile_0,indoor,1772726534352160000,154.009473024,-0.0324306,-0.0324306,0,-0.1144026145244325,0.10791574098482534,-0.006486873539607155,-0.02594372646039283,1.0
img_7c515910e5b2babce47b2d20,left,Tile_0,outdoor,1772726587855303168,207.512616192,-0.293365,-0.293365,0,-0.1144026145244325,-0.0030380994111405294,-0.11744071393557302,-0.17592428606442695,0.8526395266715309
img_7cbdf15076430dd9350f81b8,right,Tile_0,stationary_unresolved,1772726387343147008,7.000460032,-0.0337139,-0.0337139,0,-0.1144026145244325,0.04876430745129494,-0.06563830707313756,0.031924407073137546,1.0
img_7cbe47c2fcf912025e6a1750,right,Tile_0,indoor,1772726573354415872,193.011728896,0.220005,0.220005,0,-0.1144026145244325,0.2164015371746439,0.10199892265021139,0.1180060773497886,1.0
img_7ce21959ed0341af67a18655,right,Tile_0,indoor,1772726552353229056,172.01054208,-0.457151,-0.457151,0,-0.1144026145244325,-0.2270350161865863,-0.3414376307110188,-0.11571336928898118,1.0
img_7d2a5bc3e40f82f3d13b4a0d,right,Tile_0,outdoor,1772726590855462912,210.512775936,-0.500618,-0.500618,0,-0.1144026145244325,-0.11685020187496904,-0.23125281639940154,-0.26936518360059847,0.5568648404925733
img_7d6f42b0bce05fe141244829,right,Tile_0,outdoor,1772726442846546944,62.503859968,-0.21383,-0.21383,0,-0.1144026145244325,0.0849261184916724,-0.02947649603276009,-0.1843535039672399,0.8136541848787175
img_7db20f6aebe0e3a515e10bd7,right,Tile_0,indoor,1772726556353435904,176.010748928,0.303849,0.303849,0,-0.1144026145244325,-0.0755587585452983,-0.1899613730697308,0.49381037306973075,0.30376032619067433
img_7dcdf9e8d78797e6f40a6690,right,Tile_0,indoor,1772726578354714880,198.012027904,-0.212014,-0.212014,0,-0.1144026145244325,0.15478078607784249,0.04037817155340999,-0.25239217155341,0.5943132034436248
img_7e1c9e745aed152b1e706429,right,Tile_0,outdoor,1772726393843569920,13.500882944,-0.125448,-0.125448,0,-0.1144026145244325,0.01110611768616172,-0.10329649683827077,-0.02215150316172923,1.0
img_7e5fa33d0d13a5a9e8727f84,right,Tile_0,outdoor,1772726405344205824,25.001518848,-0.0775771,-0.0775771,0,-0.1144026145244325,-0.02956620490250176,-0.14396881942693426,0.06639171942693427,1.0
img_7eb69cbcb3cfc4f6f4283b99,right,Tile_0,indoor,1772726542352633088,162.009946112,-0.0417526,-0.0417526,0,-0.1144026145244325,-0.12697521347696133,-0.24137782800139385,0.19962522800139385,0.7514080334523282
img_8025ffd18b089ef27d299a02,right,Tile_0,outdoor,1772726430845890048,50.503203072,-0.0370041,-0.0370041,0,-0.1144026145244325,0.09009971456049426,-0.024302899963938238,-0.01270120003606176,1.0
img_8034bee18078f34322ce32c4,right,Tile_0,indoor,1772726468848142848,88.505455872,0.0373323,0.0373323,0,-0.1144026145244325,0.06544676263777603,-0.048955851886656465,0.08628815188665646,1.0
img_8090a41117eb65d08a63dfb6,left,Tile_0,indoor,1772726466347998976,86.005312,-0.129677,-0.129677,0,-0.1144026145244325,-0.11885443711602084,-0.23325705164045335,0.10358005164045336,1.0
img_80940ca2f4c06ff631233746,right,Tile_0,stationary_unresolved,1772726386843112960,6.500425984,-0.0912203,-0.0912203,0,-0.1144026145244325,0.05277745054268207,-0.06162516398175043,-0.029595136018249577,1.0
img_80df250f9970d79b3541dfbf,right,Tile_0,indoor,1772726533352098816,153.00941184,0.201638,0.201638,0,-0.1144026145244325,0.13972932807997984,0.025326713555547345,0.17631128644445265,0.8507679969044858
img_8123b95a19d4d38c968b46a6,right,Tile_0,outdoor,1772726475348558848,95.005871872,-0.136831,-0.136831,0,-0.1144026145244325,0.05143406002643718,-0.06296855449799532,-0.07386244550200469,1.0
img_82d9fb8847d38ab47a5fd588,left,Tile_0,outdoor,1772726477848705024,97.506018048,-0.181264,-0.181264,0,-0.1144026145244325,0.0028160678456417357,-0.11158654667879075,-0.06967745332120925,1.0
img_838c23e27b7d0914a3d56cc1,left,Tile_0,outdoor,1772726495349758976,115.007072,-0.0525841,-0.0525841,0,-0.1144026145244325,0.06463574677916145,-0.049766867745271046,-0.002817232254728956,1.0
img_8445df47b782669dc1b90367,right,Tile_0,indoor,1772726464847874816,84.50518784,0.195006,0.195006,0,-0.1144026145244325,0.0015182508903297948,-0.1128843636341027,0.3078903636341027,0.487186406971347
img_8448119d6dd039f747f28fad,right,Tile_0,stationary_unresolved,1772726381342714112,1.000027136,0.0145987,0.0145987,0,-0.1144026145244325,0.0969222197339291,-0.017480394790503395,0.0320790947905034,1.0
img_844c2dcd66a9f0b1ea61b610,left,Tile_0,indoor,1772726578354730752,198.012043776,-0.372255,-0.372255,0,-0.1144026145244325,-0.02735372390841131,-0.1417563384328438,-0.23049866156715618,0.6507629978419517
img_84806c3a7a1913d739ff8f11,left,Tile_0,outdoor,1772726430345857792,50.003170816,-0.376271,-0.376271,0,-0.1144026145244325,-0.17329514475278485,-0.28769775927721736,-0.08857324072278266,1.0
img_84dc5ebb65e295c784cd23a8,left,Tile_0,outdoor,1772726447346840832,67.004153856,-0.303273,-0.303273,0,-0.1144026145244325,-0.12990077284489632,-0.24430338736932883,-0.05896961263067124,1.0
img_8502bdf4dc3ab8de3bafafb0,left,Tile_0,outdoor,1772726440846451968,60.503764992,-0.241968,-0.241968,0,-0.1144026145244325,-0.2164055071475781,-0.3308081216720106,0.08884012167201064,1.0
img_854fa679dccac7d7e0b62e14,left,Tile_0,outdoor,1772726498850016000,118.507329024,-0.115913,-0.115913,0,-0.1144026145244325,0.05617957278983116,-0.058223041734601334,-0.05768995826539867,1.0
img_85721e8fec7e71b7c7f73a5a,left,Tile_0,outdoor,1772726426345499904,46.002812928,-0.222953,-0.222953,0,-0.1144026145244325,-0.17221271206956207,-0.2866153265939946,0.06366232659399457,1.0
img_859c9298a97165b8bde29d70,left,Tile_0,outdoor,1772726444846680832,64.503993856,-0.243299,-0.243299,0,-0.1144026145244325,-0.16317196339042767,-0.2775745779148602,0.03427557791486019,1.0
img_85a543b7c72c048e16fcfee4,left,Tile_0,outdoor,1772726476848726016,96.50603904,-0.119858,-0.119858,0,-0.1144026145244325,-0.014151979366353627,-0.12855459389078613,0.0086965938907861,1.0
img_85e78662bf093fa213534df1,right,Tile_0,outdoor,1772726597855890944,217.513203968,-0.353197,-0.353197,0,-0.1144026145244325,-0.1739088058648941,-0.2883114203893266,-0.06488557961067343,1.0
img_864756b6e6d7af01e546481e,right,Tile_0,outdoor,1772726391343368960,11.000681984,-0.0407897,-0.0407897,0,-0.1144026145244325,0.02080778086873637,-0.09359483365569612,0.052805133655696126,1.0
img_864f94111ef95cfcf74e9828,right,Tile_0,outdoor,1772726421345256960,41.002569984,-0.274054,-0.274054,0,-0.1144026145244325,0.04622082691427588,-0.06818178761015661,-0.20587221238984338,0.7286073154737234
img_86575fe5a65f1c1856691512,right,Tile_0,outdoor,1772726588355316992,208.012630016,-0.147699,-0.147699,0,-0.1144026145244325,-0.06438697563819362,-0.17878959016262613,0.031090590162626136,1.0
img_873f8a46b4f56524c493f90f,left,Tile_0,outdoor,1772726497349894144,117.007207168,-0.164492,-0.164492,0,-0.1144026145244325,0.05980367562929542,-0.054598938895137075,-0.10989306110486292,1.0
img_876be3733d92d1284bc4e71c,left,Tile_0,covered,1772726471848347904,91.505660928,-0.338166,-0.338166,0,-0.1144026145244325,-0.09900041238690384,-0.21340302691133634,-0.12476297308866369,1.0
img_876fed3a87ac79c0d63a1017,right,Tile_0,covered,1772726471348340992,91.005654016,-0.113107,-0.113107,0,-0.1144026145244325,0.0817178248717107,-0.0326847896527218,-0.0804222103472782,1.0
img_87edfad3f6901cbaccb73eb1,right,Tile_0,outdoor,1772726477848688896,97.50600192,-0.198648,-0.198648,0,-0.1144026145244325,0.03250675326921393,-0.08189586125521857,-0.11675213874478142,1.0
img_88226fd046cc5356cc68c8ec,right,Tile_0,outdoor,1772726398843760896,18.50107392,-0.171469,-0.171469,0,-0.1144026145244325,-0.008296390141729514,-0.12269900466616201,-0.048769995333837995,1.0
img_88f56dd83ab43bbefa88be99,left,Tile_0,outdoor,1772726499850046976,119.50736,-0.080416,-0.080416,0,-0.1144026145244325,0.05376362565515133,-0.060638988869281166,-0.019777011130718843,1.0
img_8901278318a66954269e0d13,right,Tile_0,outdoor,1772726503350235904,123.007548928,-0.267912,-0.267912,0,-0.1144026145244325,-0.1276634038575598,-0.24206601838199232,-0.025845981618007663,1.0
img_8901b6f736c41a065c80f94a,left,Tile_0,outdoor,1772726426845527808,46.502840832,-0.253252,-0.253252,0,-0.1144026145244325,-0.17234614240316748,-0.2867487569276,0.03349675692760001,1.0
img_899fdb6f39652cc58649d147,right,Tile_0,indoor,1772726537352364032,157.009677056,-0.217094,-0.217094,0,-0.1144026145244325,0.01247432819695768,-0.10192828632747482,-0.11516571367252519,1.0
img_89a641da0fa44949a2822d47,right,Tile_0,outdoor,1772726423845319936,43.50263296,-0.475428,-0.475428,0,-0.1144026145244325,0.05838976371462256,-0.05601285080980994,-0.4194151491901901,0.3576408727477325
img_89dbae486825e8e491b2f107,right,Tile_0,covered,1772726583355017984,203.012331008,-0.0601051,-0.0601051,0,-0.1144026145244325,0.05709673268673077,-0.05730588183770173,-0.002799218162298271,1.0
img_8a5782154627496067ab070d,right,Tile_0,outdoor,1772726415844847872,35.502160896,-0.157515,-0.157515,0,-0.1144026145244325,0.0025015136337070976,-0.1119011008907254,-0.04561389910927459,1.0
img_8a836ae7085e580269664f4b,right,Tile_0,outdoor,1772726586355254016,206.01256704,-0.120316,-0.120316,0,-0.1144026145244325,-0.01579486808240057,-0.13019748260683306,0.009881482606833053,1.0
img_8b86a5f7e66ce5098ea7120a,right,Tile_0,covered,1772726491349501952,111.006814976,-0.393352,-0.393352,0,-0.1144026145244325,-0.25491555282086553,-0.36931816734529804,-0.024033832654701992,1.0
img_8bdef04bbeeb5f84aab07251,left,Tile_0,indoor,1772726598355931904,218.013244928,-0.206735,-0.206735,0,-0.1144026145244325,0.06778847359503153,-0.04661414092940097,-0.16012085907059903,0.9367923759006525
img_8c2af5819c98a4c49838403d,right,Tile_0,outdoor,1772726519851233024,139.508546048,-0.0635911,-0.0635911,0,-0.1144026145244325,0.026761693222793877,-0.08764092130163861,0.024049821301638616,1.0
img_8c3e6079842882b7a563f29e,right,Tile_0,indoor,1772726579854802944,199.512115968,0.0788557,0.0788557,0,-0.1144026145244325,0.13629458093948252,0.02189196641505002,0.05696373358494999,1.0
img_8c80111aab308428694788f4,right,Tile_0,outdoor,1772726401843961088,21.501274112,-0.169836,-0.169836,0,-0.1144026145244325,-0.01875131739090173,-0.13315393191533423,-0.03668206808466576,1.0
img_8cb5b725b7b6ad962fac04a5,right,Tile_0,outdoor,1772726432846006784,52.503319808,0.0501287,0.0501287,0,-0.1144026145244325,0.0904348988363582,-0.023967715688074293,0.07409641568807429,1.0
img_8cd89f371a942c3c6c92b440,left,Tile_0,covered,1772726485349150976,105.006464,-0.112938,-0.112938,0,-0.1144026145244325,0.06095400097300623,-0.053448613551426265,-0.05948938644857374,1.0
img_8d2055f12af7808e4abb1128,left,Tile_0,indoor,1772726572854402048,192.511715072,-0.117741,-0.117741,0,-0.1144026145244325,0.010756465412184097,-0.1036461491122484,-0.0140948508877516,1.0
img_8d2653f0e92eb51552d9d708,right,Tile_0,outdoor,1772726438846304000,58.503617024,-0.107508,-0.107508,0,-0.1144026145244325,0.09144044278342581,-0.02296217174100669,-0.08454582825899332,1.0
img_8e7406ac1d20129cfb445559,right,Tile_0,covered,1772726583855046912,203.512359936,-0.209621,-0.209621,0,-0.1144026145244325,0.04494838548869477,-0.06945422903573772,-0.14016677096426228,1.0
img_8efe5cca9c8833e14b9d60ff,left,Tile_0,indoor,1772726462847769856,82.50508288,-0.0840461,-0.0840461,0,-0.1144026145244325,-0.11386467688815123,-0.22826729141258373,0.14422119141258372,1.0
img_8f0e7759dc55f86773c50f2b,right,Tile_0,outdoor,1772726475848583936,95.50589696,-0.146238,-0.146238,0,-0.1144026145244325,0.047648605651992054,-0.06675400887244044,-0.07948399112755956,1.0
img_90c01a0a342d72f043a54865,right,Tile_0,stationary_unresolved,1772726599856006912,219.513319936,-0.31416,-0.31416,0,-0.1144026145244325,-0.19021121257922072,-0.3046138271036532,-0.009546172896346794,1.0
img_90eea4dd5eaa99d0803f2f7d,right,Tile_0,covered,1772726456847405056,76.50471808,-0.470828,-0.470828,0,-0.1144026145244325,-0.02323998834702103,-0.13764260287145352,-0.3331853971285465,0.4501998025505553
img_91231b770853ee6f31fd441d,right,Tile_0,indoor,1772726558353667072,178.010980096,0.116299,0.116299,0,-0.1144026145244325,0.0001842075709635252,-0.11421840695346896,0.23051740695346895,0.6507100786114526
img_9294bdfdfc421be19feca3a8,right,Tile_0,covered,1772726481848922880,101.506235904,-0.186893,-0.186893,0,-0.1144026145244325,-0.028466605400069303,-0.1428692199245018,-0.0440237800754982,1.0
img_92dd1fda516c07508a76a56c,right,Tile_0,outdoor,1772726401343922944,21.001235968,-0.0509362,-0.0509362,0,-0.1144026145244325,-0.017206323629965676,-0.13160893815439817,0.08067273815439817,1.0
img_93526b49c3d4ea71e085b123,left,Tile_0,outdoor,1772726425845465856,45.50277888,-0.323176,-0.323176,0,-0.1144026145244325,-0.17207928009645623,-0.28648189462088874,-0.03669410537911133,1.0
img_94448b4974045a36f76fb520,right,Tile_0,outdoor,1772726514850932736,134.50824576,-0.109468,-0.109468,0,-0.1144026145244325,-0.018047135333989994,-0.1324497498584225,0.02298174985842251,1.0
img_94927e44b477e8913c19b6ca,right,Tile_0,covered,1772726486349238784,106.006551808,-0.371853,-0.371853,0,-0.1144026145244325,-0.15423006009279625,-0.26863267461722873,-0.10322032538277126,1.0
img_94e02476ceafeb0eb6a0b463,right,Tile_0,indoor,1772726470848311808,90.505624832,0.0120162,0.0120162,0,-0.1144026145244325,0.08550331025504218,-0.028899304269390316,0.040915504269390314,1.0
img_953b301eedea931f01d7519b,left,Tile_0,covered,1772726509850650112,129.507963136,0.0551026,0.0551026,0,-0.1144026145244325,0.1085130380029929,-0.005889576521439593,0.060992176521439595,1.0
img_954f086e75547572ac933571,left,Tile_0,outdoor,1772726424845409792,44.502722816,-0.289158,-0.289158,0,-0.1144026145244325,-0.17181241936093286,-0.28621503388536534,-0.002942966114634682,1.0
img_9633e8945f2c59ccce41f434,left,Tile_0,covered,1772726481348909824,101.006222848,-0.129405,-0.129405,0,-0.1144026145244325,0.04831434555141863,-0.06608826897301387,-0.06331673102698612,1.0
img_963a1658563cdcae13dded91,left,Tile_0,covered,1772726482348969984,102.006283008,-0.114897,-0.114897,0,-0.1144026145244325,0.051474259002370945,-0.06292835552206155,-0.05196864447793845,1.0
img_96ec06089b236e99424a6f3b,left,Tile_0,outdoor,1772726448346905088,68.004218112,-0.284702,-0.284702,0,-0.1144026145244325,-0.11659229321993192,-0.23099490774436443,-0.05370709225563558,1.0
img_975693a59615e9b56e83fb87,right,Tile_0,indoor,1772726532852074752,152.509387776,0.0181872,0.0181872,0,-0.1144026145244325,0.15563591396116647,0.04123329943673397,-0.023046099436733955,1.0
img_977b8a805006c0e5b74cbe6d,right,Tile_0,covered,1772726485349135872,105.006448896,-0.23967,-0.23967,0,-0.1144026145244325,-0.12628171158917614,-0.24068432611360863,0.00101432611360866,1.0
img_98bb570ecf462a8b29f1009a,right,Tile_0,outdoor,1772726427345547008,47.002860032,-0.120097,-0.120097,0,-0.1144026145244325,0.07542695135146338,-0.03897566317296912,-0.08112133682703088,1.0
img_98f96242d8c202d61ed3e10a,left,Tile_0,covered,1772726457347449088,77.004762112,-0.0797222,-0.0797222,0,-0.1144026145244325,-0.10422508626001228,-0.21862770078444477,0.13890550078444477,1.0
img_98fbe7ea8fe6d8ecf2b8b9d7,right,Tile_0,stationary_unresolved,1772726600356036864,220.013349888,-0.183244,-0.183244,0,-0.1144026145244325,-0.19416612098687439,-0.30856873551130687,0.12532473551130688,1.0
img_99068fd6187eaec18010aec9,right,Tile_0,indoor,1772726580354832896,200.01214592,0.0787499,0.0787499,0,-0.1144026145244325,0.12998709575666967,0.015584481232237171,0.06316541876776283,1.0
img_9962d88cb31eac6975120aa9,left,Tile_0,outdoor,1772726475348614912,95.005927936,-0.157131,-0.157131,0,-0.1144026145244325,-0.039606469742926,-0.1540090842673585,-0.003121915732641506,1.0
img_998fac7e5f651da4c2cd8d17,right,Tile_0,stationary_unresolved,1772726385843104768,5.500417792,-0.0969605,-0.0969605,0,-0.1144026145244325,0.06080325595154762,-0.05359935857288488,-0.043361141427115134,1.0
img_99b7912c3fb02b71077e5347,left,Tile_0,stationary_unresolved,1772726600356051968,220.013364992,-0.115472,-0.115472,0,-0.1144026145244325,0.08222796663338557,-0.03217464789104693,-0.08329735210895309,1.0
img_99cab519f1ef124e4b6289fd,right,Tile_0,outdoor,1772726522351382016,142.00869504,-0.0280955,-0.0280955,0,-0.1144026145244325,0.07220294826144685,-0.042199666262985644,0.014104166262985638,1.0
img_99d41f95d5644a7003fc4ed6,left,Tile_0,indoor,1772726540852517888,160.509830912,-0.053703,-0.053703,0,-0.1144026145244325,-0.0019472312492516426,-0.11634984577368414,0.06264684577368415,1.0
img_99ff5b55953852c01f3971b3,right,Tile_0,indoor,1772726539852445952,159.509758976,-0.0328662,-0.0328662,0,-0.1144026145244325,-0.06705737964197307,-0.18145999416640557,0.14859379416640556,1.0
img_9a02444f21bdbcb3a9eda962,left,Tile_0,covered,1772726485849179136,105.50649216,-0.045807,-0.045807,0,-0.1144026145244325,0.06253395163181356,-0.05186866289261893,0.006061662892618926,1.0
img_9b00be96662f65f6e44b8ae9,right,Tile_0,outdoor,1772726521851394816,141.50870784,-0.144283,-0.144283,0,-0.1144026145244325,0.06198831314055819,-0.052414301383874304,-0.09186869861612569,1.0
img_9b81a0f6a1bf887a91ae2d98,left,Tile_0,covered,1772726456847420928,76.504733952,-0.135182,-0.135182,0,-0.1144026145244325,-0.10321201057583973,-0.21761462510027224,0.08243262510027224,1.0
img_9b8b69704375b186076619ee,right,Tile_0,outdoor,1772726499850030848,119.507343872,-0.182813,-0.182813,0,-0.1144026145244325,-0.1627746331237661,-0.2771772476481986,0.09436424764819862,1.0
img_9c271c30d50fb06f24be9e36,right,Tile_0,indoor,1772726528351819008,148.009132032,0.32266,0.32266,0,-0.1144026145244325,0.19479063538456368,0.08038802086013118,0.2422719791398688,0.6191388724876093
img_9cc72b24cfc01e68bb74537b,right,Tile_0,outdoor,1772726413844727040,33.502040064,-0.299972,-0.299972,0,-0.1144026145244325,-0.014769757089694996,-0.12917237161412748,-0.17079962838587254,0.8782220512864245
img_9d11a004e9202f7dd1430bdc,left,Tile_0,outdoor,1772726422345299968,42.002612992,-0.308624,-0.308624,0,-0.1144026145244325,-0.17114527561715792,-0.28554789014159043,-0.023076109858409577,1.0
img_9ee9430204cbc4d2cbd30ed3,right,Tile_0,indoor,1772726462347724032,82.005037056,0.0244762,0.0244762,0,-0.1144026145244325,-0.038436801492852724,-0.15283941601728523,0.17731561601728524,0.8459491801634526
img_9eeaefa15ae4a16e7247811e,right,Tile_0,indoor,1772726530351940864,150.009253888,0.373669,0.373669,0,-0.1144026145244325,0.23516927498744336,0.12076666046301086,0.2529023395369891,0.5931143233970013
img_9f8e6e6735bab2261cf49998,right,Tile_0,outdoor,1772726399343814912,19.001127936,-0.0424446,-0.0424446,0,-0.1144026145244325,-0.01023677642024922,-0.12463939094468171,0.08219479094468171,1.0
img_9fc13fc6b2a89839552d140b,right,Tile_0,outdoor,1772726520351264000,140.008577024,-0.0402957,-0.0402957,0,-0.1144026145244325,0.031340950729998485,-0.08306166379443401,0.042765963794434016,1.0
img_9fdb192a6cce5207a022ddf4,left,Tile_0,outdoor,1772726587355271936,207.01258496,-0.35211,-0.35211,0,-0.1144026145244325,-0.005573300024902552,-0.11997591454933505,-0.23213408545066494,0.6461782624847622
img_9fe8d294f8291e2e63f2ff7a,right,Tile_0,indoor,1772726557353544960,177.010857984,0.363516,0.363516,0,-0.1144026145244325,-0.037687522683636426,-0.1520901372080689,0.5156061372080689,0.29091973344659516
img_a022d4ac11daef96817ffead,right,Tile_0,outdoor,1772726514350947840,134.008260864,-0.0113623,-0.0113623,0,-0.1144026145244325,-0.022527613744378897,-0.1369302282688114,0.1255679282688114,1.0
img_a02ab4c174e113a279d4bed5,left,Tile_0,outdoor,1772726441346475776,61.0037888,-0.238443,-0.238443,0,-0.1144026145244325,-0.2097513780545321,-0.3241539925789646,0.08571099257896461,1.0
img_a14105de462c87fe3f894b4d,right,Tile_0,outdoor,1772726410344506880,30.001819904,-0.0819073,-0.0819073,0,-0.1144026145244325,-0.0449945560156779,-0.1593971705401104,0.0774898705401104,1.0
img_a173ce5b858d0e4cc6535939,left,Tile_0,outdoor,1772726428845679872,48.502992896,-0.194512,-0.194512,0,-0.1144026145244325,-0.1728798745309671,-0.2872824890553996,0.09277048905539956,1.0
img_a1f74d52ddf18a7b95f8fb82,right,Tile_0,outdoor,1772726443346631936,63.00394496,-0.0534393,-0.0534393,0,-0.1144026145244325,0.08357495634185302,-0.030827658182579473,-0.022611641817420536,1.0
img_a21e76e673caa3f2f9ac6c92,right,Tile_0,indoor,1772726582354951936,202.01226496,-0.12519,-0.12519,0,-0.1144026145244325,0.08139362610980666,-0.03300898841462584,-0.09218101158537416,1.0
img_a2e7e9dbb51942d5d12a742f,left,Tile_0,indoor,1772726536352329984,156.009643008,-0.610167,-0.610167,0,-0.1144026145244325,-0.01836145768065567,-0.13276407220508818,-0.4774029277949119,0.3142000001818981
img_a2ef0a0058461539f6d32279,right,Tile_0,outdoor,1772726417844980992,37.502294016,-0.1186,-0.1186,0,-0.1144026145244325,0.019772890465385835,-0.09462972405904665,-0.02397027594095333,1.0
img_a3cc951b233b580ed90eef07,left,Tile_0,outdoor,1772726588355331840,208.012644864,-0.162345,-0.162345,0,-0.1144026145244325,-0.0005029117767948984,-0.1149055263012274,-0.04743947369877259,1.0
img_a415e25dd2ef27ecc5a4e82a,right,Tile_0,indoor,1772726465347912960,85.005225984,0.194345,0.194345,0,-0.1144026145244325,0.009509389010865454,-0.10489322551356704,0.29923822551356705,0.5012728562420886
img_a43232d113b6f9e20c343e11,left,Tile_0,outdoor,1772726503850278912,123.507591936,-0.0235297,-0.0235297,0,-0.1144026145244325,0.07321019069127671,-0.041192423833155786,0.017662723833155786,1.0
img_a49f9bef3e593948cf72d9a1,left,Tile_0,outdoor,1772726422845305856,42.50261888,-0.313702,-0.313702,0,-0.1144026145244325,-0.17127870007588675,-0.28568131460031926,-0.028020685399680723,1.0
img_a4bc513964ab0170b07c28bc,right,Tile_0,outdoor,1772726412844669952,32.501982976,-0.179858,-0.179858,0,-0.1144026145244325,-0.023405363713737755,-0.13780797823817026,-0.04205002176182973,1.0
img_a4d25ce454cd8f58122e6006,left,Tile_0,outdoor,1772726439346355968,59.003668992,-0.350095,-0.350095,0,-0.1144026145244325,-0.21814469733226868,-0.33254731185670117,-0.017547688143298767,1.0
img_a55455197d4f2ef471861034,right,Tile_0,indoor,1772726526351633152,146.008946176,0.28502,0.28502,0,-0.1144026145244325,0.15392725189594125,0.039524637371508756,0.24549536262849125,0.6110095050023221
img_a582079f26f392696e22c9e8,left,Tile_0,indoor,1772726564353956864,184.011269888,0.105841,0.105841,0,-0.1144026145244325,0.16128993286411908,0.04688731833968658,0.05895368166031342,1.0
img_a644c06abc0af04ee00daff9,left,Tile_0,outdoor,1772726430845891840,50.503204864,-0.31497,-0.31497,0,-0.1144026145244325,-0.17578681831226714,-0.2901894328366996,-0.024780567163300404,1.0
img_a6864217916e2f53d62d8977,right,Tile_0,outdoor,1772726497349878016,117.00719104,-0.270148,-0.270148,0,-0.1144026145244325,-0.18987487407844247,-0.30427748860287496,0.03412948860287496,1.0
img_a70b864456069a8a04299a32,left,Tile_0,outdoor,1772726591355510016,211.01282304,-0.181412,-0.181412,0,-0.1144026145244325,0.01693119269309295,-0.09747142183133956,-0.08394057816866045,1.0
img_a7702c940d1875989ae07bb5,right,Tile_0,indoor,1772726574854508032,194.511821056,0.693147,0.708205,1,-0.1144026145244325,0.197915281559583,0.08351266703515049,0.6096343329648495,0.24604913452052699
img_a7fc5741e568a245c780da9f,left,Tile_0,indoor,1772726581854936832,201.512249856,-0.102021,-0.102021,0,-0.1144026145244325,-0.03346046394421073,-0.14786307846864322,0.045842078468643216,1.0
img_a81fedc93cf86c096628e077,left,Tile_0,outdoor,1772726589355390976,209.012704,-0.182888,-0.182888,0,-0.1144026145244325,0.004567472577487875,-0.10983514194694462,-0.07305285805305536,1.0
img_a82e5ed8936520040da5595f,right,Tile_0,covered,1772726459847555840,79.504868864,-0.261766,-0.261766,0,-0.1144026145244325,-0.06378761813431479,-0.17819023265874728,-0.08357576734125272,1.0
img_a845da47748e8a6ca297bb3a,right,Tile_0,outdoor,1772726390843336960,10.500649984,-0.138158,-0.138158,0,-0.1144026145244325,0.022748081717396614,-0.09165453280703588,-0.046503467192964124,1.0
img_a8804fb8fac29a211615de16,left,Tile_0,covered,1772726458847533824,78.504846848,-0.0140886,-0.0140886,0,-0.1144026145244325,-0.10726431383119542,-0.2216669283556279,0.20757832835562792,0.722618787752335
img_a90635e58244461b86267963,left,Tile_0,indoor,1772726536852362752,156.509675776,-0.693147,-0.726947,1,-0.1144026145244325,-0.01790674510010202,-0.13230935962453452,-0.5608376403754655,0.26745708419210074
img_a910ffa64c6d26f6ee830d8c,right,Tile_0,indoor,1772726527351692800,147.009005824,0.404152,0.404152,0,-0.1144026145244325,0.17435826373673347,0.05995564921230097,0.34419635078769906,0.43579776385404
img_a9801515c4acedf4f042d6ee,right,Tile_0,outdoor,1772726392843508992,12.500822016,-0.0906602,-0.0906602,0,-0.1144026145244325,0.014986707463036706,-0.09941590706139579,0.008755707061395807,1.0
img_a994d67bd8f7baf8bc80fc12,left,Tile_0,outdoor,1772726495849790976,115.507104,-0.130073,-0.130073,0,-0.1144026145244325,0.0634277333209381,-0.0509748812034944,-0.07909811879650559,1.0
img_aad3e392c49e55bff2867b51,left,Tile_0,outdoor,1772726435346091008,55.003404032,-0.193608,-0.193608,0,-0.1144026145244325,-0.19821134585025993,-0.3126139603746924,0.11900596037469241,1.0
img_ace39114ea6e3dc2c06be34b,left,Tile_0,outdoor,1772726597355872000,217.013185024,-0.127217,-0.127217,0,-0.1144026145244325,0.06052315040877075,-0.053879464115661746,-0.07333753588433825,1.0
img_ae76977466c8fa930454864c,right,Tile_0,outdoor,1772726434346002944,54.003315968,-0.119207,-0.119207,0,-0.1144026145244325,0.09068627172756943,-0.023716342796863063,-0.09549065720313693,1.0
img_aedaf82ed3842144ec0c3951,right,Tile_0,outdoor,1772726476848721920,96.506034944,-0.0621849,-0.0621849,0,-0.1144026145244325,0.04007703215010074,-0.07432558237433176,0.01214068237433176,1.0
img_af0c87414478c62a4258fbee,right,Tile_0,indoor,1772726541852632064,161.509945088,-0.0033758,-0.0033758,0,-0.1144026145244325,-0.11594940710948509,-0.2303520216339176,0.22697622163391756,0.6608621771928604
img_af58ddf11594de171687a482,left,Tile_0,indoor,1772726560853705984,180.511019008,0.321799,0.321799,0,-0.1144026145244325,0.23910112280991486,0.12469850828548236,0.19710049171451766,0.7610331090257325
img_af7bad065c75951e1c1e1c4f,right,Tile_0,outdoor,1772726450347016960,70.004329984,-0.0143913,-0.0143913,0,-0.1144026145244325,0.06461403932252308,-0.04978857520190942,0.035397275201909426,1.0
img_afa4fada790a296589f9fe98,left,Tile_0,indoor,1772726542352634880,162.009947904,-0.0137881,-0.0137881,0,-0.1144026145244325,0.035672683785982554,-0.07872993073844994,0.06494183073844995,1.0
img_afbad3a10e48842de673fe08,right,Tile_0,covered,1772726486849220096,106.50653312,-0.321153,-0.321153,0,-0.1144026145244325,-0.16820227413737732,-0.2826048886618098,-0.038548111338190194,1.0
img_affda59b9b625a3dde9beb85,right,Tile_0,outdoor,1772726424845394944,44.502707968,-0.529559,-0.529559,0,-0.1144026145244325,0.06325758091954334,-0.05114503360488916,-0.47841396639511086,0.3135359971412677
img_b03cab9432767781d37d0c40,right,Tile_0,outdoor,1772726518351147776,138.0084608,0.0783456,0.0783456,0,-0.1144026145244325,0.013319088013761944,-0.10108352651067055,0.17942912651067056,0.8359846749355913
img_b051feaa1d7f5d42e0047343,right,Tile_0,outdoor,1772726590355437056,210.01275008,-0.460112,-0.460112,0,-0.1144026145244325,-0.11277462575707915,-0.22717724028151165,-0.23293475971848837,0.6439571328095532
img_b0dff84e59a8923bb4475ce6,right,Tile_0,indoor,1772726544852802048,164.510115072,-0.0645173,-0.0645173,0,-0.1144026145244325,-0.18210785824317585,-0.29651047276760834,0.23199317276760834,0.6465707512447258
img_b11bf686109a135a518900ea,left,Tile_0,outdoor,1772726500350077952,120.007390976,-0.152996,-0.152996,0,-0.1144026145244325,0.05261695471760855,-0.06178565980682395,-0.09121034019317605,1.0
img_b1522372fee2db4f57295874,left,Tile_0,outdoor,1772726436846227968,56.503540992,-0.257679,-0.257679,0,-0.1144026145244325,-0.20568654001710632,-0.3200891545415388,0.062410154541538865,1.0
img_b163f81048a3ba50a89567c5,left,Tile_0,covered,1772726488849356800,108.506669824,-0.143223,-0.143223,0,-0.1144026145244325,0.07201368308688953,-0.042388931437542965,-0.10083406856245702,1.0
img_b18850b17273389e3aefd9cd,right,Tile_0,covered,1772726510350720000,130.008033024,-0.0875713,-0.0875713,0,-0.1144026145244325,-0.058374565556612176,-0.17277718008104467,0.08520588008104467,1.0
img_b1c500990871617a4fbe2492,right,Tile_0,indoor,1772726553853325824,173.510638848,-0.395896,-0.395896,0,-0.1144026145244325,-0.17023069252266262,-0.2846333070470951,-0.11126269295290492,1.0
img_b1eaa3cc3bdadd20836fdc60,right,Tile_0,indoor,1772726576854681856,196.51199488,0.0981384,0.0981384,0,-0.1144026145244325,0.17326631293553701,0.05886369841110452,0.0392747015888955,1.0
img_b2093a79c6bb26d7f93e593e,left,Tile_0,covered,1772726489849453824,109.506766848,-0.0750944,-0.0750944,0,-0.1144026145244325,0.07517371301788384,-0.03922890150654866,-0.035865498493451345,1.0
img_b217e9690565a9a90ac89dcd,left,Tile_0,indoor,1772726541352546048,161.009859072,0.0373992,0.0373992,0,-0.1144026145244325,0.010592468650650977,-0.10381014587378153,0.14120934587378153,1.0
img_b32a46a681c9c410d35408e6,left,Tile_0,indoor,1772726579354814976,199.012128,0.0146465,0.0146465,0,-0.1144026145244325,-0.03428301871318594,-0.14868563323761844,0.16333213323761844,0.9183740947151984
img_b4812019b4dfa216489f95df,right,Tile_0,outdoor,1772726425845450752,45.502763776,-0.115914,-0.115914,0,-0.1144026145244325,0.06812530466938367,-0.046277309855048826,-0.06963669014495118,1.0
img_b49a7a00f760704e50863571,right,Tile_0,indoor,1772726598355917056,218.01323008,-0.42225,-0.42225,0,-0.1144026145244325,-0.17798438406937123,-0.29238699859380374,-0.12986300140619633,1.0
img_b4d42ee9e22aa2aad4ed310f,left,Tile_0,outdoor,1772726479348790784,99.006103808,-0.129336,-0.129336,0,-0.1144026145244325,0.028270128174998,-0.08613248634943449,-0.0432035136505655,1.0
img_b5ca4a382aa3fedf86678fdd,right,Tile_0,covered,1772726488849341952,108.506654976,-0.374777,-0.374777,0,-0.1144026145244325,-0.22409662461917593,-0.3384992391436084,-0.036277760856391617,1.0
img_b60e7cefcb6bc5ac435ea8ab,left,Tile_0,indoor,1772726537352367872,157.009680896,-0.470467,-0.470467,0,-0.1144026145244325,-0.017452057661687486,-0.13185467218612,-0.33861232781388007,0.4429844624040039
img_b66bfddd418c61e670dc3a5c,right,Tile_0,outdoor,1772726431845913856,51.50322688,-0.129347,-0.129347,0,-0.1144026145244325,0.09026730090678,-0.024135313617652504,-0.10521168638234749,1.0
img_b6ba74c87f4094b04dbb2f59,left,Tile_0,stationary_unresolved,1772726601356112128,221.013425152,-0.102848,-0.102848,0,-0.1144026145244325,0.08267243627787015,-0.03173017824656235,-0.07111782175343764,1.0
img_b6beedc52cef4f2ac0a45e14,right,Tile_0,covered,1772726458847518976,78.504832,-0.114942,-0.114942,0,-0.1144026145244325,-0.0502719226061534,-0.16467453713058589,0.04973253713058591,1.0
img_b709d4e3277d2f8c8b7f9745,right,Tile_0,covered,1772726460347631872,80.004944896,-0.0805021,-0.0805021,0,-0.1144026145244325,-0.07040038846345106,-0.18480300298788355,0.10430090298788358,1.0
img_b7f55877796392d83c722aba,right,Tile_0,outdoor,1772726420845197056,40.50251008,-0.0737621,-0.0737621,0,-0.1144026145244325,0.0437868092808883,-0.07061580524354419,-0.0031462947564558086,1.0
img_b94d750c916e200cf37c2ad4,right,Tile_0,indoor,1772726529351817728,149.009130752,0.280946,0.280946,0,-0.1144026145244325,0.2152204024789128,0.1008177879544803,0.18012821204551965,0.832740181544099
img_b9f940b901e71cda50ef8ab3,right,Tile_0,indoor,1772726459347586816,79.00489984,-0.171094,-0.171094,0,-0.1144026145244325,-0.0570304381291024,-0.1714330526535349,0.0003390526535348992,1.0
img_ba1f9bf2a46929e6fb4e8ac2,left,Tile_0,indoor,1772726580854876928,200.512189952,-0.0322763,-0.0322763,0,-0.1144026145244325,-0.03853085219231857,-0.15293346671675107,0.12065716671675106,1.0
img_ba2f05a90b6e766693a2bd0d,right,Tile_0,outdoor,1772726479348774912,99.006087936,-0.138874,-0.138874,0,-0.1144026145244325,0.021150308747551624,-0.09325230577688087,-0.045621694223119125,1.0
img_bb2a68f657118be7ff0b05ea,left,Tile_0,indoor,1772726576354608896,196.01192192,0.0380129,0.0380129,0,-0.1144026145244325,-0.013495457121375828,-0.12789807164580833,0.16591097164580831,0.9040993402185871
img_bb7edb68adad44f80e71b2f8,right,Tile_0,covered,1772726505350347008,125.007660032,-0.244023,-0.244023,0,-0.1144026145244325,-0.10786471039026566,-0.22226732491469814,-0.02175567508530185,1.0
img_bc2bea11a1cb64d9ca5716c4,right,Tile_0,indoor,1772726524351503872,144.008816896,-0.395304,-0.395304,0,-0.1144026145244325,0.11306502424330198,-0.0013375902811305213,-0.3939664097188695,0.38074311997065563
img_bc2f93ba4d934d3232b673e3,left,Tile_0,outdoor,1772726504350326016,124.00763904,-0.136733,-0.136733,0,-0.1144026145244325,0.0761521897731298,-0.03825042475130269,-0.0984825752486973,1.0
img_bca1f40e65c0073ea5c3b207,right,Tile_0,outdoor,1772726403844158976,23.501472,-0.285749,-0.285749,0,-0.1144026145244325,-0.024931432437479986,-0.13933404696191248,-0.1464149530380875,1.0
img_bce41815c3435d5918fa786f,left,Tile_0,outdoor,1772726595855812096,215.51312512,-0.135212,-0.135212,0,-0.1144026145244325,0.0496253832273049,-0.06477723129712759,-0.07043476870287241,1.0
img_bd0554e5df5436ff7dc3ffa3,right,Tile_0,outdoor,1772726592855634944,212.512947968,-0.404665,-0.404665,0,-0.1144026145244325,-0.13315306555186432,-0.2475556800762968,-0.15710931992370317,0.9547492158507486
img_bdfcb387bd32e009a83ba8d8,left,Tile_0,outdoor,1772726584855149056,204.51246208,-0.346894,-0.346894,0,-0.1144026145244325,-0.018249134361299598,-0.13265174888573208,-0.21424225111426787,0.7001420084967099
img_be28532475a779685710f991,right,Tile_0,outdoor,1772726439846374144,59.503687168,-0.094142,-0.094142,0,-0.1144026145244325,0.09160803689480759,-0.022794577629624904,-0.0713474223703751,1.0
img_be3df20bb870c84751cfa689,left,Tile_0,indoor,1772726457847501056,77.50481408,-0.120372,-0.120372,0,-0.1144026145244325,-0.10523821018007998,-0.21964082470451246,0.09926882470451248,1.0
img_be5a270ff906e798953439de,left,Tile_0,outdoor,1772726452347151872,72.004464896,-0.18803,-0.18803,0,-0.1144026145244325,-0.09409429777968903,-0.20849691230412154,0.020466912304121537,1.0
img_be7fbc047b987740dd2c4760,left,Tile_0,indoor,1772726551853168896,171.51048192,0.119411,0.119411,0,-0.1144026145244325,0.23822432661259657,0.12382171208816407,-0.004410712088164057,1.0
img_beb01b280b14e79f616ea854,left,Tile_0,outdoor,1772726588855362048,208.512675072,-0.157543,-0.157543,0,-0.1144026145244325,0.0020322836452004948,-0.112370330879232,-0.04517266912076798,1.0
img_c00a2dd81dbcbe2ba6d1a126,right,Tile_0,outdoor,1772726448846920960,68.504233984,-0.0989311,-0.0989311,0,-0.1144026145244325,0.06871391779603768,-0.04568869672839482,-0.05324240327160518,1.0
img_c04b37a9ccae6e3f6a62ef81,left,Tile_0,indoor,1772726542852632064,162.509945088,-0.032376,-0.032376,0,-0.1144026145244325,0.04821160687014711,-0.06619100765428539,0.033815007654285384,1.0
img_c0e1cf412031577bfe06ae4a,right,Tile_0,covered,1772726471848332032,91.505645056,-0.0820176,-0.0820176,0,-0.1144026145244325,0.07793262825863301,-0.03646998626579949,-0.04554761373420051,1.0
img_c1c7ee83afa5320441b43b8c,left,Tile_0,outdoor,1772726512850864896,132.50817792,-0.0683367,-0.0683367,0,-0.1144026145244325,0.09337473083770897,-0.021027883686723522,-0.04730881631327648,1.0
img_c1d98062a4244b5006970c32,right,Tile_0,outdoor,1772726517851119104,137.508432128,0.0598348,0.0598348,0,-0.1144026145244325,0.008838217316677237,-0.10556439720775526,0.16539919720775526,0.9068967838555312
img_c1e12f0629dd3d406e51c28a,left,Tile_0,outdoor,1772726591855539968,211.512852992,-0.0949242,-0.0949242,0,-0.1144026145244325,0.02056385428622333,-0.09383876023820917,-0.0010854397617908323,1.0
img_c4432fd9be4c02760427f369,left,Tile_0,outdoor,1772726452847183104,72.504496128,-0.200838,-0.200838,0,-0.1144026145244325,-0.09510737968784803,-0.20950999421228053,0.008671994212280515,1.0
img_c49faa1d11365b47610f1cef,left,Tile_0,indoor,1772726543352663040,163.009976064,0.134825,0.134825,0,-0.1144026145244325,0.06075137738966276,-0.053651237134769734,0.18847623713476974,0.7958562961586645
img_c4fce4edb71733e79d9ea3ae,left,Tile_0,covered,1772726491849551872,111.506864896,-0.0376925,-0.0376925,0,-0.1144026145244325,0.07309180016814643,-0.04131081435628607,0.0036183143562860745,1.0
img_c54fcbe99fb2556e3eee453b,right,Tile_0,outdoor,1772726445346695936,65.00400896,-0.157092,-0.157092,0,-0.1144026145244325,0.07817105337086298,-0.036231561153569514,-0.1208604388464305,1.0
img_c61c2887cae73f809045af53,right,Tile_0,indoor,1772726540852501760,160.509814784,-0.19964,-0.19964,0,-0.1144026145244325,-0.09389496612868135,-0.20829758065311385,0.008657580653113839,1.0
img_c6c64c84f33e7ba57d01e36f,right,Tile_0,outdoor,1772726396843715840,16.501028864,-0.177457,-0.177457,0,-0.1144026145244325,-0.0005355085991171713,-0.11493812312354967,-0.06251887687645033,1.0
img_c6d4a7e7e0a2a005cecdad2f,right,Tile_0,covered,1772726507850499840,127.507812864,-0.204646,-0.204646,0,-0.1144026145244325,-0.08311620544813454,-0.19751881997256704,-0.0071271800274329555,1.0
img_c6f511fd619078aef91932cc,right,Tile_0,indoor,1772726578854806016,198.51211904,0.268926,0.268926,0,-0.1144026145244325,0.14861795634148695,0.03421534181705445,0.23471065818294554,0.6390847401700961
img_c77512e4e0ce2d4fa776ea2d,right,Tile_0,outdoor,1772726397343741952,17.001054976,-0.12633,-0.12633,0,-0.1144026145244325,-0.0024757866002568674,-0.11687840112468936,-0.009451598875310635,1.0
img_c7ece5aea1a2713fff288e22,right,Tile_0,indoor,1772726546352824064,166.010137088,-0.335148,-0.335148,0,-0.1144026145244325,-0.2151856950905016,-0.32958830961493407,-0.005559690385065874,1.0
img_c8bbc2a08c7cc7dc37c199cd,right,Tile_0,covered,1772726484849107968,104.506420992,-0.222971,-0.222971,0,-0.1144026145244325,-0.11230819550913614,-0.22671081003356863,0.00373981003356863,1.0
img_c945937fd972cd35ccc3f927,right,Tile_0,outdoor,1772726589355375104,209.012688128,-0.37363,-0.37363,0,-0.1144026145244325,-0.08868367625385917,-0.20308629077829166,-0.17054370922170836,0.8795399178576481
img_c97b935806f8446352f5c059,right,Tile_0,outdoor,1772726585355197952,205.012510976,-0.0321338,-0.0321338,0,-0.1144026145244325,0.00850178277651377,-0.10590083174791873,0.07376703174791874,1.0
img_c9d1fab35661b2bd69281bfa,right,Tile_0,indoor,1772726551353185024,171.010498048,-0.412012,-0.412012,0,-0.1144026145244325,-0.2649037897775323,-0.37930640430196483,-0.03270559569803516,1.0
img_cbaa2ed931cc075f3b1eb8f6,right,Tile_0,stationary_unresolved,1772726600856066816,220.51337984,-0.174063,-0.174063,0,-0.1144026145244325,-0.19372078147141222,-0.3081233959958447,0.1340603959958447,1.0
img_cc49a20a9f67e4bfb75ac5cd,right,Tile_0,outdoor,1772726407344320000,27.001633024,-0.154545,-0.154545,0,-0.1144026145244325,-0.03574606129977643,-0.15014867582420893,-0.004396324175791055,1.0
img_cc7973236912a72f232cc17b,left,Tile_0,outdoor,1772726453347235072,73.004548096,-0.0909361,-0.0909361,0,-0.1144026145244325,-0.09612050360791571,-0.2105231181323482,0.11958701813234819,1.0
img_cd4571ad8de26172a08ecd80,right,Tile_0,indoor,1772726388843239936,8.50055296,-0.078739,-0.078739,0,-0.1144026145244325,0.03672495214235027,-0.07767766238208224,-0.001061337617917782,1.0
img_cd82e547ec1029199a8abeed,right,Tile_0,indoor,1772726554853381888,174.510694912,-0.220536,-0.220536,0,-0.1144026145244325,-0.13236146331469584,-0.24676407783912835,0.02622807783912831,1.0
img_cf9d47bf271465783b283e59,left,Tile_0,covered,1772726486849235968,106.506548992,-0.150414,-0.150414,0,-0.1144026145244325,0.06569385456720656,-0.04870875995722594,-0.10170524004277406,1.0
img_cfa7bd7ddd9ffe59243cc69d,right,Tile_0,indoor,1772726470348238848,90.005551872,0.00159682,0.00159682,0,-0.1144026145244325,0.08928912704584646,-0.025113487478586036,0.026710307478586034,1.0
img_d01afa21ca5242b7a5e0f749,left,Tile_0,outdoor,1772726445346711808,65.004024832,-0.27185,-0.27185,0,-0.1144026145244325,-0.15651773890832876,-0.2709203534327613,-0.0009296465672387066,1.0
img_d04d0ca787fbef2b28f090d4,left,Tile_0,indoor,1772726562853872128,182.511185152,0.292474,0.292474,0,-0.1144026145244325,0.1946370792057222,0.08023446468128971,0.21223953531871032,0.7067486261442851
img_d0d851b2ccfa742fa1bd8d68,right,Tile_0,indoor,1772726534852189952,154.509502976,0.0920398,0.0920398,0,-0.1144026145244325,0.09200896779669784,-0.022393646727734653,0.11443344672773467,1.0
img_d13775f3817c9aa225ed22ac,right,Tile_0,indoor,1772726575854564864,195.511877888,0.396731,0.396731,0,-0.1144026145244325,0.18559116793583086,0.07118855341139836,0.32554244658860165,0.46076940679124334
img_d14ce879e6a132a7c0aaf3ea,left,Tile_0,outdoor,1772726455347335936,75.00464896,-0.0794525,-0.0794525,0,-0.1144026145244325,-0.10017278248599104,-0.21457539701042355,0.13512289701042357,1.0
img_d1b98043d8de5060ebfdfffe,right,Tile_0,outdoor,1772726479848804864,99.506117888,-0.231398,-0.231398,0,-0.1144026145244325,0.017364817550053882,-0.09703779697437862,-0.1343602030256214,1.0
img_d21f5584847186fb48689a7a,left,Tile_0,outdoor,1772726450847063040,70.504376064,-0.328668,-0.328668,0,-0.1144026145244325,-0.09105506190985725,-0.20545767643428975,-0.12321032356571027,1.0
img_d21fa2720d52a4374c4fd316,right,Tile_0,indoor,1772726524851536128,144.508849152,-0.313064,-0.313064,0,-0.1144026145244325,0.123280579848955,0.008877965324522508,-0.3219419653245225,0.46592248341653025
img_d22b97313624830c9ce567d4,left,Tile_0,indoor,1772726551353188096,171.01050112,0.112912,0.112912,0,-0.1144026145244325,0.2375036515275592,0.1231010370031267,-0.010189037003126705,1.0
img_d243f0bef95f3ab8666465b0,right,Tile_0,outdoor,1772726433845985792,53.503298816,0.0217724,0.0217724,0,-0.1144026145244325,0.09060247767495436,-0.02380013684947814,0.04557253684947814,1.0
img_d34ebd3e7b1ab9e604af32bc,right,Tile_0,indoor,1772726540352509952,160.009822976,-0.119096,-0.119096,0,-0.1144026145244325,-0.08286936298845143,-0.19727197751288394,0.07817597751288392,1.0
img_d415319caa70877985cc76c3,left,Tile_0,indoor,1772726573854462976,193.511776,-0.219062,-0.219062,0,-0.1144026145244325,0.0038273320186663594,-0.11057528250576613,-0.10848671749423386,1.0
img_d4396334be5e1583896c837d,right,Tile_0,indoor,1772726525351567104,145.008880128,-0.0706955,-0.0706955,0,-0.1144026145244325,0.13349610930447234,0.01909349478003984,-0.08978899478003984,1.0
img_d49c62f7d279e50fc3606d70,left,Tile_0,covered,1772726505850394880,125.507707904,-0.136157,-0.136157,0,-0.1144026145244325,0.08497776077494576,-0.029424853749486737,-0.10673214625051326,1.0
img_d542368d10f026e374aefea0,left,Tile_0,indoor,1772726552353230848,172.010543872,0.224163,0.224163,0,-0.1144026145244325,0.23894511867057472,0.12454250414614222,0.09962049585385777,1.0
img_d5f2691253c920066b1d8ab4,right,Tile_0,indoor,1772726539352480768,159.009793792,-0.229875,-0.229875,0,-0.1144026145244325,-0.05115266683019289,-0.16555528135462538,-0.06431971864537461,1.0
img_d63e075dca6c1af17d7d7f52,right,Tile_0,outdoor,1772726429845752064,49.503065088,-0.121191,-0.121191,0,-0.1144026145244325,0.08759657971940542,-0.02680603480502708,-0.09438496519497291,1.0
img_d691623e566cde7f444905b2,right,Tile_0,outdoor,1772726415344815872,35.002128896,-0.256637,-0.256637,0,-0.1144026145244325,-0.0018163195212670957,-0.11621893404569959,-0.1404180659543004,1.0
img_d733262793847c605e65099a,left,Tile_0,indoor,1772726562353862912,182.011175936,0.33139,0.33139,0,-0.1144026145244325,0.205752371627511,0.09134975710307851,0.2400402428969215,0.6248952183589201
img_d7e512cbedb4f9b8349c4ef8,left,Tile_0,outdoor,1772726473848505856,93.50581888,-0.28186,-0.28186,0,-0.1144026145244325,-0.06506092536820832,-0.1794635398926408,-0.1023964601073592,1.0
img_d83918b5d04a40dd88d821b9,left,Tile_0,indoor,1772726539852460800,159.509773824,-0.0332903,-0.0332903,0,-0.1144026145244325,-0.015178559243850084,-0.12958117376828257,0.0962908737682826,1.0
img_d8f715c81a95d33e3447b123,left,Tile_0,outdoor,1772726584355092992,204.012406016,-0.362627,-0.362627,0,-0.1144026145244325,-0.020784460875400628,-0.13518707539983313,-0.22743992460016685,0.659514815895652
img_d92232056a803e065181c4fc,right,Tile_0,outdoor,1772726515350967040,135.008280064,-0.131098,-0.131098,0,-0.1144026145244325,-0.013566214167271691,-0.1279688286917042,-0.0031291713082957917,1.0
img_d93088ca1a3836c5d531bcdd,left,Tile_0,outdoor,1772726442846562816,62.50387584,-0.3944,-0.3944,0,-0.1144026145244325,-0.18978878296352913,-0.30419139748796165,-0.09020860251203833,1.0
img_d94379474e894655ae5606ba,left,Tile_0,outdoor,1772726451847122944,71.504435968,-0.22005,-0.22005,0,-0.1144026145244325,-0.09308122053951987,-0.20748383506395235,-0.012566164936047647,1.0
img_d9a7c8becf1e2afe7e043c05,left,Tile_0,outdoor,1772726597855902976,217.513216,-0.166807,-0.166807,0,-0.1144026145244325,0.06415581944114654,-0.05024679508328596,-0.11656020491671405,1.0
img_d9c3121dcde066b8a9b4e709,left,Tile_0,outdoor,1772726438346287104,58.003600128,-0.371967,-0.371967,0,-0.1144026145244325,-0.2131613463863541,-0.3275639609107866,-0.04440303908921339,1.0
img_da125fffd75e75e75f384c08,right,Tile_0,outdoor,1772726502850210816,122.50752384,-0.196152,-0.196152,0,-0.1144026145244325,-0.1326130506164175,-0.24701566514085,0.05086366514085,1.0
img_dad684e3df7bafd45b805a5d,left,Tile_0,outdoor,1772726424345376000,44.002689024,-0.294683,-0.294683,0,-0.1144026145244325,-0.17167898745613952,-0.28608160198057203,-0.008601398019427997,1.0
img_db86d5ac2b734eb4da28813c,right,Tile_0,outdoor,1772726500350064128,120.007377152,-0.105542,-0.105542,0,-0.1144026145244325,-0.15736149474034092,-0.2717641092647734,0.16622210926477346,0.9024070303491731
img_db885bf185aea1b124e987d6,right,Tile_0,indoor,1772726554353341952,174.010654976,-0.446514,-0.446514,0,-0.1144026145244325,-0.15129652868871138,-0.26569914321314386,-0.18081485678685616,0.8295778492185485
img_dbd584d2499ddb3864fbca49,left,Tile_0,indoor,1772726464847891968,84.505204992,-0.201464,-0.201464,0,-0.1144026145244325,-0.11671595588252179,-0.23111857040695427,0.029654570406954267,1.0
img_dbdbf05b0a89d3325091981a,right,Tile_0,covered,1772726483849047808,103.506360832,-0.0976713,-0.0976713,0,-0.1144026145244325,-0.08436104173035983,-0.1987636562547923,0.1010923562547923,1.0
img_dc18fca2079f0373be58c3e3,right,Tile_0,outdoor,1772726499350000896,119.00731392,-0.245182,-0.245182,0,-0.1144026145244325,-0.16819467465495325,-0.28259728917938576,0.03741528917938575,1.0
img_dcbc2d6867bbac2c09510fa0,right,Tile_0,indoor,1772726582855046912,202.512359936,-0.0656619,-0.0656619,0,-0.1144026145244325,0.06924367425653916,-0.04515894026789334,-0.020502959732106654,1.0
img_dd2f24e7f072d05744eec3d3,left,Tile_0,indoor,1772726467848099840,87.505412864,-0.189396,-0.189396,0,-0.1144026145244325,-0.12099290959092554,-0.23539552411535802,0.04599952411535804,1.0
img_de19e8fb18e453296b788e19,right,Tile_0,indoor,1772726467348050944,87.005363968,0.174752,0.174752,0,-0.1144026145244325,0.041473708297423195,-0.0729289062270093,0.24768090622700928,0.6056179391661265
img_dee26d9c80b097e644b27948,right,Tile_0,outdoor,1772726446346759936,66.00407296,-0.0596247,-0.0596247,0,-0.1144026145244325,0.0754690154256871,-0.0389335990987454,-0.02069110090125461,1.0
img_df257f89026fc472276ed04c,left,Tile_0,indoor,1772726560353716736,180.01102976,0.317462,0.317462,0,-0.1144026145244325,0.25021597133956697,0.13581335681513446,0.18164864318486557,0.8257699995443597
img_df3950cdb921076b35a98310,left,Tile_0,outdoor,1772726442346531840,62.003844864,-0.265669,-0.265669,0,-0.1144026145244325,-0.1964430074456279,-0.3108456219700604,0.04517662197006039,1.0
img_df46b1666c566e3ae900c93b,right,Tile_0,outdoor,1772726402344006912,22.001319936,-0.199795,-0.199795,0,-0.1144026145244325,-0.020296334881131695,-0.1346989494055642,-0.0650960505944358,1.0
img_dfbaef61d9e8160adafd7543,left,Tile_0,outdoor,1772726590355452160,210.012765184,-0.16801,-0.16801,0,-0.1144026145244325,0.009665884385322477,-0.10473673013911002,-0.06327326986088998,1.0
img_dfe7b5527c55d8ae2d07efc4,right,Tile_0,indoor,1772726463847827968,83.505140992,-0.0322239,-0.0322239,0,-0.1144026145244325,-0.014463554868421102,-0.1288661693928536,0.09664226939285361,1.0
img_dff7712559aff38cdd461b46,left,Tile_0,covered,1772726472348438016,92.00575104,-0.372586,-0.372586,0,-0.1144026145244325,-0.09051468162377559,-0.20491729614820808,-0.1676687038517919,0.8946213369227816
img_e077fcb4955280ec1710e251,left,Tile_0,indoor,1772726565854048000,185.511361024,0.208236,0.208236,0,-0.1144026145244325,0.1279426442493946,0.013540029724962113,0.1946959702750379,0.7704319703592324
img_e0818eba31b6c55f3d2e736b,left,Tile_0,outdoor,1772726494849752064,114.507065088,-0.0678921,-0.0678921,0,-0.1144026145244325,0.06584369962798049,-0.048558914896452005,-0.019333185103547985,1.0
img_e08b30473e1f1809ad33265e,right,Tile_0,covered,1772726482348953856,102.00626688,-0.204981,-0.204981,0,-0.1144026145244325,-0.04244020732860123,-0.15684282185303372,-0.048138178146966276,1.0
img_e0bbacc0010098c4844951ac,left,Tile_0,outdoor,1772726425345465856,45.00277888,-0.210821,-0.210821,0,-0.1144026145244325,-0.1719458572089153,-0.2863484717333478,0.07552747173334776,1.0
img_e118f3ea231cf2ce3d66f996,right,Tile_0,outdoor,1772726498850012928,118.507325952,-0.189055,-0.189055,0,-0.1144026145244325,-0.17361426110335446,-0.28801687562778694,0.09896187562778694,1.0
img_e1287e860ec48f842b16e821,right,Tile_0,outdoor,1772726414844784896,34.50209792,-0.22567,-0.22567,0,-0.1144026145244325,-0.0061341438338849315,-0.12053675835831743,-0.10513324164168258,1.0
img_e1b141cf1dba63ec9d10fcb9,left,Tile_0,outdoor,1772726500850108928,120.507421952,-0.0382625,-0.0382625,0,-0.1144026145244325,0.05555885891127847,-0.058843755613154025,0.02058125561315402,1.0
img_e1c210b7ccfec82ca9152ea4,left,Tile_0,indoor,1772726469848247040,89.505560064,-0.277036,-0.277036,0,-0.1144026145244325,-0.12384422434955619,-0.23824683887398868,-0.03878916112601133,1.0
img_e2235c52dc2cc4282e7d40fd,left,Tile_0,covered,1772726508850582784,128.507895808,0.103269,0.103269,0,-0.1144026145244325,0.10262919798625866,-0.011773416538173834,0.11504241653817383,1.0
img_e33c0f642afa1aec24e17c11,left,Tile_0,outdoor,1772726455847363840,75.504676864,-0.111464,-0.111464,0,-0.1144026145244325,-0.10118585765149807,-0.21558847217593058,0.10412447217593059,1.0
img_e42f586216482cf4776c2f4f,right,Tile_0,outdoor,1772726395343628800,15.000941824,-0.218446,-0.218446,0,-0.1144026145244325,0.005285359178897505,-0.10911725534553499,-0.10932874465446502,1.0
img_e48dfaec6a6a7416d851faf8,left,Tile_0,outdoor,1772726498349990912,118.007303936,-0.103602,-0.103602,0,-0.1144026145244325,0.05738756954954517,-0.057015044974887324,-0.046586955025112675,1.0
img_e4bb23a13a72e999ad5754d1,right,Tile_0,covered,1772726507350512896,127.00782592,-0.321275,-0.321275,0,-0.1144026145244325,-0.08806547462728578,-0.20246808915171827,-0.11880691084828171,1.0
img_e551d37320249fc3f94c8b16,right,Tile_0,indoor,1772726547352928000,167.010241024,-0.274472,-0.274472,0,-0.1144026145244325,-0.23723955461557203,-0.3516421691400045,0.07717016914000452,1.0
img_e57c4c5b365a33a7eb8e26d4,right,Tile_0,covered,1772726489849451008,109.506764032,-0.378191,-0.378191,0,-0.1144026145244325,-0.25204514481977985,-0.36644775934421236,-0.011743240655787635,1.0
img_e59222a5e5b43cad84439894,right,Tile_0,outdoor,1772726414344753920,34.002066944,-0.120681,-0.120681,0,-0.1144026145244325,-0.010451968146502733,-0.12485458267093523,0.004173582670935233,1.0
img_e5e870cda39b6866c67e7fa1,left,Tile_0,indoor,1772726575854580992,195.511894016,0.22269,0.22269,0,-0.1144026145244325,-0.010030908162117973,-0.12443352268655047,0.34712352268655045,0.43212283293013454
img_e6dc6c821682e92c7098c3fc,right,Tile_0,outdoor,1772726413344698880,33.002011904,-0.191106,-0.191106,0,-0.1144026145244325,-0.0190875570858327,-0.1334901716102652,-0.05761582838973478,1.0
img_e76aadc0656e16023b5889f4,right,Tile_0,outdoor,1772726585855228928,205.512541952,-0.11472,-0.11472,0,-0.1144026145244325,-0.0036466141782734093,-0.1180492287027059,0.003329228702705897,1.0
img_e7b6529d70d4db5e5f62f1d7,right,Tile_0,outdoor,1772726502350180864,122.007493888,-0.167624,-0.167624,0,-0.1144026145244325,-0.13756274552302294,-0.25196536004745546,0.08434136004745546,1.0
img_e89062940cc4d3083aa9a723,right,Tile_0,outdoor,1772726522851449856,142.50876288,-0.332226,-0.332226,0,-0.1144026145244325,0.08241923084086297,-0.031983383683569525,-0.3002426163164305,0.4995959662232379
img_e984e928226015a4b56c841d,right,Tile_0,outdoor,1772726451347099904,71.004412928,-0.0883135,-0.0883135,0,-0.1144026145244325,0.051097721014070015,-0.06330489351036248,-0.025008606489637514,1.0
img_e9e61ec207e9b17024332b8e,left,Tile_0,indoor,1772726566354029056,186.01134208,0.210332,0.210332,0,-0.1144026145244325,0.11682797782933697,0.0024253633049044765,0.20790663669509551,0.7214776901036679
img_ea1f81bdd6efac58674c0e1b,right,Tile_0,outdoor,1772726411344570880,31.001883904,-0.153071,-0.153071,0,-0.1144026145244325,-0.03635888970572951,-0.150761504230162,-0.0023094957698380214,1.0
img_ea26996fa398f540eb0ce21a,right,Tile_0,outdoor,1772726392343447808,12.000760832,-0.080564,-0.080564,0,-0.1144026145244325,0.016927121555929264,-0.09747549296850323,0.016911492968503236,1.0
img_eac8d6fea7b11f2aed473852,right,Tile_0,outdoor,1772726451847107840,71.504420864,-0.0234175,-0.0234175,0,-0.1144026145244325,0.044340015105500195,-0.07006259941893231,0.04664509941893231,1.0
img_ebb44aa4fd7128a21d824082,left,Tile_0,outdoor,1772726421345259008,41.002572032,-0.25947,-0.25947,0,-0.1144026145244325,-0.17087841891207312,-0.2852810334365056,0.025811033436505648,1.0
img_eca6b916bacacf912bf06b66,left,Tile_0,indoor,1772726463347801088,83.005114112,-0.172691,-0.172691,0,-0.1144026145244325,-0.1145774976403328,-0.2289801121647653,0.056289112164765315,1.0
img_ecdc8d808fcc0fa035b6e1e8,left,Tile_0,covered,1772726583355035136,203.01234816,-0.214264,-0.214264,0,-0.1144026145244325,-0.025854838739975388,-0.1402574532644079,-0.07400654673559212,1.0
img_ee0485aae04823911b094b7b,right,Tile_0,outdoor,1772726501350121984,121.007435008,-0.240352,-0.240352,0,-0.1144026145244325,-0.1474621251998659,-0.2618647397242984,0.021512739724298402,1.0
img_eeaaf4a5a026cc79fff21b37,left,Tile_0,outdoor,1772726474348506880,94.005819904,-0.208727,-0.208727,0,-0.1144026145244325,-0.056576706286203274,-0.17097932081063577,-0.037747679189364225,1.0
img_eeceff5515532096691986e5,right,Tile_0,outdoor,1772726438346266112,58.003579136,0.0190252,0.0190252,0,-0.1144026145244325,0.09135664525582299,-0.02304596926860951,0.04207116926860951,1.0
img_eee76b0c1f95c447b6eb24bc,right,Tile_0,indoor,1772726529851939072,149.509252096,0.305218,0.305218,0,-0.1144026145244325,0.22543777813398677,0.11103516360955427,0.1941828363904457,0.7724678596124389
img_ef40b78b1d380170b13f632c,left,Tile_0,outdoor,1772726420845212928,40.502525952,-0.172224,-0.172224,0,-0.1144026145244325,-0.1707449837282789,-0.2851475982527114,0.11292359825271142,1.0
img_ef51ea18654a5079d4e233ba,right,Tile_0,outdoor,1772726444346638080,64.003951104,-0.124138,-0.124138,0,-0.1144026145244325,0.08087307471578012,-0.03352953980865238,-0.0906084601913476,1.0
img_ef78b6a90549d802aaf81efd,right,Tile_0,outdoor,1772726423345286912,43.002599936,-0.488174,-0.488174,0,-0.1144026145244325,0.05595587691834764,-0.058446737606084855,-0.4297272623939151,0.34905860792816196
img_f029e0f1f983d146f96286a0,left,Tile_0,outdoor,1772726594355692032,214.013005056,-0.0841067,-0.0841067,0,-0.1144026145244325,0.038727178990177,-0.0756754355342555,-0.008431264465744492,1.0
img_f04af7535fdbb03e8401bbe0,right,Tile_0,outdoor,1772726443846608896,63.50392192,-0.0786422,-0.0786422,0,-0.1144026145244325,0.08222408607991612,-0.03217852844451638,-0.046463671555483615,1.0
img_f0ff00b70da5711d5c787073,left,Tile_0,indoor,1772726461347674880,81.004987904,-0.16905,-0.16905,0,-0.1144026145244325,-0.11172621280689936,-0.22612882733133186,0.05707882733133182,1.0
img_f12f321bac487a7477d9f8b2,left,Tile_0,outdoor,1772726585355202048,205.012515072,-0.287513,-0.287513,0,-0.1144026145244325,-0.015713823422498083,-0.1301164379469306,-0.15739656205306946,0.9530068385446974
img_f1799d46a7022022561e4cd1,right,Tile_0,indoor,1772726535352224000,155.009537024,0.0487811,0.0487811,0,-0.1144026145244325,0.07610206430808933,-0.03830055021634317,0.08708165021634318,1.0
img_f183b48604735a8c86b10b9b,right,Tile_0,indoor,1772726457847497984,77.504811008,-0.296658,-0.296658,0,-0.1144026145244325,-0.03675644159120385,-0.15115905611563635,-0.14549894388436363,1.0
img_f218d51dae29bd11fe08c9e2,right,Tile_0,outdoor,1772726397843756800,17.501069824,-0.0828435,-0.0828435,0,-0.1144026145244325,-0.004416020893096388,-0.11881863541752888,0.03597513541752889,1.0
img_f2585d3a202c23e6a618ac51,right,Tile_0,covered,1772726491849536000,111.506849024,-0.399654,-0.399654,0,-0.1144026145244325,-0.24949546689135776,-0.3638980814157903,-0.035755918584209734,1.0
img_f266fb814ed9e48ef6890df7,right,Tile_0,outdoor,1772726452347136000,72.004449024,-0.0419947,-0.0419947,0,-0.1144026145244325,0.037582035865580295,-0.0768205786588522,0.03482587865885219,1.0
img_f2a30da6a549712b99cdddf8,right,Tile_0,indoor,1772726469348175104,89.005488128,0.0514221,0.0514221,0,-0.1144026145244325,0.07343780666184778,-0.04096480786258472,0.09238690786258472,1.0
img_f2e26c722981ec0176325e6b,right,Tile_0,outdoor,1772726520851335168,140.508648192,-0.124664,-0.124664,0,-0.1144026145244325,0.04155730129976634,-0.07284531322466616,-0.05181868677533384,1.0
img_f2e31727fc02a2394640f8b4,right,Tile_0,indoor,1772726389343258880,9.000571904,0.0483057,0.0483057,0,-0.1144026145244325,0.03271193027173501,-0.08169068425269749,0.1299963842526975,1.0
img_f3d8c24aaa1e434fce0c84c9,right,Tile_0,outdoor,1772726501850153984,121.507467008,-0.246563,-0.246563,0,-0.1144026145244325,-0.14251241002052445,-0.25691502454495696,0.010352024544956956,1.0
img_f4ae6e2da52ae15360acd5f8,left,Tile_0,outdoor,1772726429345723904,49.003036928,-0.251294,-0.251294,0,-0.1144026145244325,-0.17301330916826116,-0.28741592369269364,0.036121923692693625,1.0
img_f4bf71d79eb426e24a089014,right,Tile_0,outdoor,1772726521351321856,141.00863488,0.0540459,0.0540459,0,-0.1144026145244325,0.05177192596060036,-0.06263068856383214,0.11667658856383215,1.0
img_f4e71c9e7ff3353987c9c41a,right,Tile_0,outdoor,1772726395843659776,15.5009728,-0.213731,-0.213731,0,-0.1144026145244325,0.003345062303719098,-0.1110575522207134,-0.10267344777928661,1.0
img_f5f133cabb2d110c4de5284e,right,Tile_0,outdoor,1772726416344879872,36.002192896,-0.112861,-0.112861,0,-0.1144026145244325,0.006819346788681253,-0.10758326773575125,-0.005277732264248755,1.0
img_f62c18a51fe6eeab821492db,left,Tile_0,indoor,1772726598855998976,218.513312,-0.201708,-0.201708,0,-0.1144026145244325,0.07142140486080421,-0.042981209663628284,-0.15872679033637171,0.9450200541579779
img_f6a41d2296905ce621e12836,left,Tile_0,covered,1772726483349031936,103.00634496,-0.0403276,-0.0403276,0,-0.1144026145244325,0.05463417811554755,-0.05976843640888495,0.019440836408884964,1.0
img_f7140eacb75d560d184fb31f,right,Tile_0,outdoor,1772726478348717056,98.00603008,-0.130183,-0.130183,0,-0.1144026145244325,0.028721275638104005,-0.08568133888632849,-0.0445016611136715,1.0
img_f7b75abef16041d243e1cb24,right,Tile_0,indoor,1772726538852431104,158.509744128,-0.22184,-0.22184,0,-0.1144026145244325,-0.03524526657100284,-0.14964788109543534,-0.07219211890456464,1.0
img_f89e0e1434c5b600664c93cc,right,Tile_0,indoor,1772726577854688000,197.512001024,-0.219618,-0.219618,0,-0.1144026145244325,0.1609428239609562,0.04654020943652369,-0.2661582094365237,0.5635745758793649
img_f8b73b376042c741c55a06cd,right,Tile_0,indoor,1772726467848083968,87.505396992,0.140621,0.140621,0,-0.1144026145244325,0.049464764594946656,-0.06493784992948584,0.20555884992948587,0.7297180347693881
img_f90a0e7c2348a7898510133c,left,Tile_0,outdoor,1772726496849858048,116.507171072,-0.0319554,-0.0319554,0,-0.1144026145244325,0.061011698982931684,-0.053390915541500814,0.021435515541500798,1.0
img_f9eb2cffff53e048735a99bc,left,Tile_0,indoor,1772726574354490880,194.011803904,0.0511747,0.0511747,0,-0.1144026145244325,0.00036278305940825456,-0.11403983146502425,0.16521453146502424,0.9079104523669267
img_fa406b2765880acfff439bb7,right,Tile_0,indoor,1772726551853153024,171.510466048,-0.312655,-0.312655,0,-0.1144026145244325,-0.2459714484116683,-0.3603740629361008,0.04771906293610079,1.0
img_fa65b3aa880c9101e305af46,right,Tile_0,outdoor,1772726586855226880,206.512539904,-0.0661631,-0.0661631,0,-0.1144026145244325,-0.027941853189366588,-0.14234446771379908,0.0761813677137991,1.0
img_faa25ac6c422ab56ed53979a,left,Tile_0,covered,1772726487349266176,107.0065792,-0.144278,-0.144278,0,-0.1144026145244325,0.06727381169712732,-0.04712880282730518,-0.09714919717269481,1.0
img_fad5eb411875cdcdf65f8a09,right,Tile_0,outdoor,1772726504350323968,124.007636992,-0.204284,-0.204284,0,-0.1144026145244325,-0.11776373529423004,-0.23216634981866252,0.027882349818662527,1.0
img_fb8d4e5c370423a144a63ab7,left,Tile_0,indoor,1772726563353852928,183.011165952,0.250249,0.250249,0,-0.1144026145244325,0.1835224184765883,0.06911980395215579,0.1811291960478442,0.8281381647626724
img_fc66080d5ff5d4c012c31698,right,Tile_0,outdoor,1772726518851176960,138.508489984,0.0230041,0.0230041,0,-0.1144026145244325,0.017799963298995365,-0.09660265122543713,0.11960675122543714,1.0
img_fd1d55f9f4b7e2b7ee949fce,left,Tile_0,outdoor,1772726472848412928,92.505725952,-0.386611,-0.386611,0,-0.1144026145244325,-0.08203090562072034,-0.19643352014515283,-0.19017747985484715,0.7887369215034683
img_fd4fb1c12739601c54cfab71,right,Tile_0,covered,1772726506350406912,126.007719936,-0.330897,-0.330897,0,-0.1144026145244325,-0.09796532057705479,-0.21236793510148727,-0.11852906489851273,1.0
img_fe23bdc2249b367294f2ad0b,left,Tile_0,indoor,1772726582354969088,202.012282112,-0.131418,-0.131418,0,-0.1144026145244325,-0.030925258138682264,-0.14532787266311475,0.013909872663114775,1.0
img_fe46c480df46c4db13c4fd6c,right,Tile_0,outdoor,1772726426345481984,46.002795008,-0.222041,-0.222041,0,-0.1144026145244325,0.07055918274318443,-0.04384343178124807,-0.17819756821875193,0.8417623287421232
img_ff02d8c153151283c2e34cd4,left,Tile_0,indoor,1772726541852634880,161.509947904,0.0256208,0.0256208,0,-0.1144026145244325,0.023133690082204963,-0.09126892444222753,0.11688972444222753,1.0
img_ffa390bbaefb6eec5a6f87fb,right,Tile_0,outdoor,1772726474348491008,94.005804032,-0.0355727,-0.0355727,0,-0.1144026145244325,0.05900510250115007,-0.05539751202328243,0.019824812023282422,1.0
img_00bf665bae8b75617aac7789,right,Tile_1,indoor,1772726549853083904,169.510396928,-0.693147,-0.817814,1,-0.11609296943068337,-0.2923719114765199,-0.4084648809072033,-0.28468211909279667,0.526903482656405
img_00ec71ecfd73b6eb59d8f832,right,Tile_1,indoor,1772726468348113920,88.005426944,0.164723,0.164723,0,-0.11609296943068337,0.05745577179866267,-0.058637197632020695,0.2233601976320207,0.6715610103780466
img_017105047612fa06bd54d2a9,left,Tile_1,outdoor,1772726596855841792,216.513154816,-0.0987524,-0.0987524,0,-0.11609296943068337,0.056890486955829156,-0.05920248247485421,-0.03954991752514579,1.0
img_01a908951bd4dc96cb442bce,left,Tile_1,outdoor,1772726586855243008,206.512556032,-0.194036,-0.194036,0,-0.11609296943068337,-0.008108488957189932,-0.1242014583878733,-0.06983454161212668,1.0
img_02167f65b42e301e9acb4f89,right,Tile_1,indoor,1772726465847951872,85.505264896,0.085546,0.085546,0,-0.11609296943068337,0.01750053940485282,-0.09859243002583054,0.18413843002583052,0.8146045340940418
img_024ff4947bc3d3decbcf878c,right,Tile_1,indoor,1772726543852675840,163.509988864,-0.33253,-0.33253,0,-0.11609296943068337,-0.1600535075855925,-0.27614647701627587,-0.05638352298372412,1.0
img_0270831497d17f59f1c3de3e,right,Tile_1,indoor,1772726598855995904,218.513308928,-0.366906,-0.366906,0,-0.11609296943068337,-0.18206039211078487,-0.2981533615414682,-0.0687526384585318,1.0
img_02c50c1e41ca50d8799dfef7,left,Tile_1,indoor,1772726545852810752,165.510123776,0.119921,0.119921,0,-0.11609296943068337,0.1234500502282258,0.007357080797542437,0.11256391920245756,1.0
img_02ea8d71b98fade9b737af1e,left,Tile_1,covered,1772726456347391744,76.004704768,-0.260093,-0.260093,0,-0.11609296943068337,-0.10219893281700507,-0.21829190224768844,-0.04180109775231161,1.0
img_03470cda035b5adeddb4a5b3,right,Tile_1,outdoor,1772726400343847936,20.00116096,-0.123027,-0.123027,0,-0.11609296943068337,-0.014116340062975893,-0.13020930949365928,0.00718230949365925,1.0
img_03d3b8c62d66fac93b032a26,left,Tile_1,indoor,1772726569354202880,189.011515904,-0.248631,-0.248631,0,-0.11609296943068337,0.05013358840040859,-0.06595938103027478,-0.18267161896972522,0.8211456210111107
img_0466fd896d0aec73619005f8,left,Tile_1,covered,1772726460347633920,80.004946944,-0.503348,-0.503348,0,-0.11609296943068337,-0.11030060195761629,-0.22639357138829966,-0.2769544286117004,0.5416053491251629
img_05cc6ae9bfec314d854c8837,right,Tile_1,outdoor,1772726421845284864,41.502597888,-0.138143,-0.138143,0,-0.11609296943068337,0.04865468878919603,-0.06743828064148734,-0.07070471935851265,1.0
img_066ac1dbdc61cd379421eeef,left,Tile_1,indoor,1772726568854172928,188.511485952,-0.132415,-0.132415,0,-0.11609296943068337,0.06124934178710845,-0.05484362764357492,-0.07757137235642508,1.0
img_06c8139bc95f57cd809da4fb,right,Tile_1,covered,1772726481348893952,101.006206976,-0.121333,-0.121333,0,-0.11609296943068337,-0.014493060703865985,-0.13058603013454936,0.009253030134549367,1.0
img_06fe18d7805639029a0909d7,right,Tile_1,covered,1772726457347432960,77.004745984,-0.520083,-0.520083,0,-0.11609296943068337,-0.029997964127050372,-0.14609093355773373,-0.37399206644226624,0.4010780266729421
img_07354bc7c501761f73d5c2ad,right,Tile_1,covered,1772726485849161984,105.506475008,-0.307369,-0.307369,0,-0.11609296943068337,-0.1402551775909291,-0.25634814702161246,-0.05102085297838749,1.0
img_074273e7808b362c2a94f76a,left,Tile_1,indoor,1772726465847965952,85.505278976,-0.236098,-0.236098,0,-0.11609296943068337,-0.11814161380924926,-0.23423458323993263,-0.0018634167600673768,1.0
img_07ad9afb8ee9b4439797e520,right,Tile_1,outdoor,1772726430345854976,50.003168,-0.0102077,-0.0102077,0,-0.11609296943068337,0.09001591750480337,-0.02607705192588,0.01586935192588001,1.0
img_0808a922b5bfb00ee7a01908,right,Tile_1,stationary_unresolved,1772726383842921984,3.500235008,0.048318,0.048318,0,-0.11609296943068337,0.07685620225235848,-0.03923676717832489,0.08755476717832489,1.0
img_0898f79cccd2c021fa397a68,left,Tile_1,outdoor,1772726451347102976,71.004416,-0.131724,-0.131724,0,-0.11609296943068337,-0.09206816145264461,-0.208161130883328,0.07643713088332799,1.0
img_08be8925fb80bbea018fd25a,left,Tile_1,stationary_unresolved,1772726599355994880,219.013307904,0.0420961,0.0420961,0,-0.11609296943068337,0.07505381909902822,-0.041039150331655144,0.08313525033165514,1.0
img_09089484c86c6333a69d214c,left,Tile_1,indoor,1772726577354671104,197.011984128,-0.693147,-0.696679,1,-0.11609296943068337,-0.020424599383643955,-0.13651756881432733,-0.5566294311856727,0.269479103324605
img_0a619ec4779c27a97495a4d5,left,Tile_1,outdoor,1772726503350252800,123.007565824,-0.075051,-0.075051,0,-0.11609296943068337,0.07026831511467786,-0.045824654316005506,-0.0292263456839945,1.0
img_0b5c7e5b6ece9c8468b97f45,right,Tile_1,indoor,1772726545852794880,165.510107904,-0.463137,-0.463137,0,-0.11609296943068337,-0.204159267750882,-0.32025223718156537,-0.14288476281843465,1.0
img_0baaa27b93015822440b687d,right,Tile_1,indoor,1772726543352647936,163.00996096,-0.323131,-0.323131,0,-0.11609296943068337,-0.14902710847197942,-0.2651200779026628,-0.058010922097337214,1.0
img_0bdb034725fc3184e49fe35e,left,Tile_1,outdoor,1772726496349854976,116.007168,-0.00310503,-0.00310503,0,-0.11609296943068337,0.062219642554801155,-0.05387332687588221,0.05076829687588222,1.0
img_0c5af46cf601f1ba240045ea,right,Tile_1,outdoor,1772726435346088960,55.003401984,-0.0721728,-0.0721728,0,-0.11609296943068337,0.09085386849881841,-0.02523910093186496,-0.04693369906813502,1.0
img_0c6b408f60b2b130e10c33e8,left,Tile_1,covered,1772726481848939008,101.506252032,0.0450621,0.0450621,0,-0.11609296943068337,0.04989429944578267,-0.0661986699849007,0.1112607699849007,1.0
img_0cfe3b000d78b3cbe984aa45,right,Tile_1,outdoor,1772726523351441920,143.008754944,-0.319891,-0.319891,0,-0.11609296943068337,0.09263396533226585,-0.023459004098417516,-0.2964319959015825,0.5060182506405316
img_0d0e8da31b5f41cd32b8700d,left,Tile_1,covered,1772726492349612032,112.006925056,-0.050311,-0.050311,0,-0.11609296943068337,0.07188371867895911,-0.04420925075172426,-0.006101749248275751,1.0
img_0e30201037f2d207322568eb,left,Tile_1,outdoor,1772726453847245824,73.504558848,-0.0670154,-0.0670154,0,-0.11609296943068337,-0.0971335440228316,-0.21322651345351495,0.14621111345351495,1.0
img_0e90c061ce70226ad4b32bed,left,Tile_1,outdoor,1772726391843456000,11.500769024,-0.141658,-0.141658,0,-0.11609296943068337,0.04573505599992701,-0.07035791343075636,-0.07130008656924365,1.0
img_0ea21c0b2a26ae88b3f41c1b,left,Tile_1,indoor,1772726550353076992,170.010390016,0.0473274,0.0473274,0,-0.11609296943068337,0.23606208586159355,0.11996911643091018,-0.07264171643091019,1.0
img_0f09b1c8a16caf36b2272fd5,right,Tile_1,covered,1772726489349372928,109.006685952,-0.39903,-0.39903,0,-0.11609296943068337,-0.23807022654770735,-0.35416319597839074,-0.04486680402160925,1.0
img_0fcf49cd7f81361297e23ec7,right,Tile_1,covered,1772726483349016064,103.006329088,-0.00713096,-0.00713096,0,-0.11609296943068337,-0.07038741833970566,-0.18648038777038903,0.17934942777038904,0.8363561672024766
img_0fd1829e4d452fc9e06670fe,right,Tile_1,outdoor,1772726422845303040,42.502616064,-0.125521,-0.125521,0,-0.11609296943068337,0.05352222936707868,-0.06257074006360469,-0.0629502599363953,1.0
img_0ff5a27bcf3781c5964f8ee6,left,Tile_1,covered,1772726486349241856,106.00655488,-0.0125927,-0.0125927,0,-0.11609296943068337,0.06411401149066023,-0.051978957940023135,0.03938625794002314,1.0
img_103dec49eddc71b8b42bba6d,left,Tile_1,outdoor,1772726593855660800,213.512973824,-0.0798661,-0.0798661,0,-0.11609296943068337,0.035094508097989995,-0.08099846133269337,0.0011323613326933851,1.0
img_10530dbf7d673c59270af5e2,right,Tile_1,outdoor,1772726393343502080,13.000815104,-0.137318,-0.137318,0,-0.11609296943068337,0.013046557606686198,-0.10304641182399717,-0.03427158817600283,1.0
img_10c63029b85d03efbb6fd32d,left,Tile_1,indoor,1772726571854343936,191.51165696,-0.518491,-0.518491,0,-0.11609296943068337,0.017685579294450852,-0.09840739013623251,-0.4200836098637675,0.35707177447043165
img_110381b7bba614dd62d9fdec,left,Tile_1,outdoor,1772726479848819968,99.506132992,-0.00319191,-0.00319191,0,-0.11609296943068337,0.03675482508724319,-0.07933814434344018,0.07614623434344016,1.0
img_11466a5a9c6d1f4586f1c7d2,left,Tile_1,indoor,1772726570854331136,190.51164416,-0.33854,-0.33854,0,-0.11609296943068337,0.02461437922295396,-0.09147859020772942,-0.2470614097922706,0.6071365015123976
img_114e1796fe707593c85a2478,left,Tile_1,indoor,1772726466848033024,86.505346048,-0.383232,-0.383232,0,-0.11609296943068337,-0.11956726188255812,-0.23566023131324149,-0.14757176868675853,1.0
img_125efba8e64a1900654063c3,right,Tile_1,outdoor,1772726444846667008,64.503980032,-0.0364515,-0.0364515,0,-0.11609296943068337,0.07952206404332153,-0.03657090538736184,0.00011940538736184003,1.0
img_12a22b7454c54ed6dd944f06,left,Tile_1,outdoor,1772726478348732928,98.006045952,-0.0561534,-0.0561534,0,-0.11609296943068337,0.011300743038330268,-0.1047922263923531,0.048638826392353084,1.0
img_12ce6a109336320a768745d0,left,Tile_1,outdoor,1772726514850949120,134.508262144,0.035543,0.035543,0,-0.11609296943068337,0.07899462030495016,-0.037098349125733204,0.0726413491257332,1.0
img_13691d7391a8be50b061c1b3,right,Tile_1,outdoor,1772726587855288064,207.512601088,0.177152,0.177152,0,-0.11609296943068337,-0.0522386284401585,-0.16833159787084187,0.3454835978708418,0.4341740126721649
img_1371e2f1b988b88eea55fbdc,right,Tile_1,outdoor,1772726437846272000,57.503585024,0.00218322,0.00218322,0,-0.11609296943068337,0.09127285506430541,-0.02482011436637796,0.02700333436637796,1.0
img_1447a95d9944f177d0c884ab,right,Tile_1,indoor,1772726555353361920,175.010674944,-0.168381,-0.168381,0,-0.11609296943068337,-0.113428666331811,-0.22952163576249437,0.0611406357624944,1.0
img_15207674b99f1db132d932c6,left,Tile_1,outdoor,1772726513850887936,133.50820096,-0.0594547,-0.0594547,0,-0.11609296943068337,0.08618481269428907,-0.029908156736394298,-0.029546543263605698,1.0
img_1577cf4d82720ebc65a2d403,right,Tile_1,outdoor,1772726496349851904,116.007164928,-0.541481,-0.541481,0,-0.11609296943068337,-0.2007145908546718,-0.31680756028535517,-0.22467343971464482,0.6676356590726225
img_15fb76ef6ac109612bfa8138,right,Tile_1,outdoor,1772726493349649920,113.006962944,-0.514433,-0.514433,0,-0.11609296943068337,-0.23323508145766292,-0.3493280508883463,-0.1651049491116537,0.9085130446244901
img_1618118629bef1789633f0dd,right,Tile_1,outdoor,1772726411844603136,31.50191616,-0.342685,-0.342685,0,-0.11609296943068337,-0.03204105434016623,-0.1481340237708496,-0.1945509762291504,0.7710061543115755
img_1625062b5dbc6697b950a64d,right,Tile_1,indoor,1772726549353006848,169.010319872,-0.693147,-0.707295,1,-0.11609296943068337,-0.2813444284842571,-0.3974373979149405,-0.2957096020850595,0.5072544108894144
img_17448ab8d9da2c0b067a56a8,left,Tile_1,outdoor,1772726499350018048,119.007331072,0.0227759,0.0227759,0,-0.11609296943068337,0.05497163169181497,-0.061121337738868395,0.0838972377388684,1.0
img_18576273c5c20fc7e1f342c8,left,Tile_1,covered,1772726460847641856,80.50495488,-0.520218,-0.520218,0,-0.11609296943068337,-0.11101338950012778,-0.22710635893081116,-0.2931116410691888,0.5117504014949464
img_1871157e950c16814045b7fb,right,Tile_1,outdoor,1772726516851055872,136.508368896,-0.130601,-0.130601,0,-0.11609296943068337,-0.0001235768412002139,-0.11621654627188358,-0.014384453728116406,1.0
img_18bab3dd6b4d34c67c53fdb6,right,Tile_1,outdoor,1772726449346952960,69.004265984,0.0633473,0.0633473,0,-0.11609296943068337,0.06736289882344973,-0.04873007060723364,0.11207737060723363,1.0
img_18d28fb7e23a0e8d27ec413d,left,Tile_1,indoor,1772726528351821824,148.009134848,-0.0614281,-0.0614281,0,-0.11609296943068337,-0.011216916405460875,-0.12730988583614425,0.06588178583614425,1.0
img_190257395cb0336ab5d50631,right,Tile_1,covered,1772726484349078016,104.00639104,-0.0602606,-0.0602606,0,-0.11609296943068337,-0.09833462219676851,-0.2144275916274519,0.15416699162745187,0.9729709220925741
img_1966204401da23120883fd70,right,Tile_1,indoor,1772726570354244864,190.011557888,0.0519295,0.0519295,0,-0.11609296943068337,0.2533738843554884,0.13728091492480504,-0.08535141492480507,1.0
img_19b325eb7f251301eb6db660,right,Tile_1,outdoor,1772726436346120960,56.003433984,0.03096,0.03096,0,-0.11609296943068337,0.0910214562179388,-0.02507151321274456,0.05603151321274457,1.0
img_19e8211ae6c6bb6328e3ac0c,left,Tile_1,covered,1772726506350424064,126.007737088,0.0191177,0.0191177,0,-0.11609296943068337,0.08791965442548429,-0.02817331500519908,0.04729101500519908,1.0
img_1a265d9e130f6059a7c5e9a6,left,Tile_1,indoor,1772726558853588992,178.510902016,0.206196,0.206196,0,-0.11609296943068337,0.24831477078161707,0.1322218013509337,0.07397419864906629,1.0
img_1a38b2127348ddbd3e540b2f,right,Tile_1,outdoor,1772726416844912896,36.50222592,-0.0468621,-0.0468621,0,-0.11609296943068337,0.011137188786011876,-0.1049557806446715,0.0580936806446715,1.0
img_1a415e4ff347474b2fe0e6fd,right,Tile_1,outdoor,1772726389843281920,9.500594944,-0.115674,-0.115674,0,-0.11609296943068337,0.02869887552769007,-0.0873940939029933,-0.028279906097006702,1.0
img_1a5eee9849f95e3f1ffef40d,right,Tile_1,outdoor,1772726446846832896,66.50414592,0.0177992,0.0177992,0,-0.11609296943068337,0.07411788578470772,-0.041975083645975644,0.05977428364597564,1.0
img_1a62eea81648de2de47d1d27,right,Tile_1,outdoor,1772726428845664000,48.502977024,0.0583754,0.0583754,0,-0.11609296943068337,0.08272869896502998,-0.03336427046565339,0.0917396704656534,1.0
img_1a7c8c71cb3bf1efb9603846,left,Tile_1,indoor,1772726540352512000,160.009825024,-0.0909593,-0.0909593,0,-0.11609296943068337,-0.014486372612219729,-0.13057934204290308,0.03962004204290308,1.0
img_1aa7b18f3768436540234cc0,left,Tile_1,indoor,1772726535852226048,155.509539072,-0.216423,-0.216423,0,-0.11609296943068337,-0.01881623497893787,-0.13490920440962123,-0.08151379559037877,1.0
img_1b406da0e87bb6871507e4a4,left,Tile_1,outdoor,1772726595355776000,215.013089024,-0.0609281,-0.0609281,0,-0.11609296943068337,0.045992676998702624,-0.07010029243198074,0.009172192431980739,1.0
img_1bc6af48816e6b6269928548,right,Tile_1,stationary_unresolved,1772726601356096000,221.013409024,-0.292967,-0.292967,0,-0.11609296943068337,-0.19327544263995053,-0.3093684120706339,0.016401412070633947,1.0
img_1bdd12683633f0e9db0e63a8,left,Tile_1,outdoor,1772726504850355968,124.507668992,-0.00460824,-0.00460824,0,-0.11609296943068337,0.07909408794215331,-0.03699888148853006,0.03239064148853006,1.0
img_1c8b089945f81db8f6c8dded,left,Tile_1,outdoor,1772726513350861056,133.00817408,0.0509935,0.0509935,0,-0.11609296943068337,0.08977988220059736,-0.026313087230086005,0.077306587230086,1.0
img_1c9c566ccc6d3b5e801f396d,right,Tile_1,indoor,1772726567854182912,187.511495936,0.235168,0.235168,0,-0.11609296943068337,0.20921754001876675,0.09312457058808338,0.1420434294119166,1.0
img_1dbea71c3cf92e7aa3fc5df4,left,Tile_1,indoor,1772726549353015808,169.010328832,0.140428,0.140428,0,-0.11609296943068337,0.21122814854645353,0.09513517911577016,0.045292820884229854,1.0
img_1de04bfc85f49dfaa0d0a760,left,Tile_1,indoor,1772726568354146048,188.011459072,0.0999108,0.0999108,0,-0.11609296943068337,0.07236502688270949,-0.04372794254797388,0.14363874254797387,1.0
img_1f5dcabe54d22d5e520d4af1,right,Tile_1,indoor,1772726538352439808,158.009752832,-0.241636,-0.241636,0,-0.11609296943068337,-0.019339723093659514,-0.13543269252434287,-0.10620330747565712,1.0
img_1f7cf648acdfeca84393921f,right,Tile_1,stationary_unresolved,1772726380842701056,0.50001408,-0.115503,-0.115503,0,-0.11609296943068337,0.10093519434898925,-0.015157775081694122,-0.10034522491830587,1.0
img_1fb3a72aca781ca07d397457,right,Tile_1,outdoor,1772726422345296896,42.00260992,-0.148951,-0.148951,0,-0.11609296943068337,0.051088473407916335,-0.06500449602276703,-0.08394650397723297,1.0
img_204ab088850d639090e9ac4e,left,Tile_1,covered,1772726509350616064,129.007929088,0.0871644,0.0871644,0,-0.11609296943068337,0.1055711157353833,-0.010521853695300065,0.09768625369530007,1.0
img_20a58f5ac4250200235962e2,right,Tile_1,outdoor,1772726434846021888,54.503334912,-0.0317879,-0.0317879,0,-0.11609296943068337,0.0907700660804921,-0.025322903350191273,-0.006464996649808728,1.0
img_20db9aea57590d693ed1f417,right,Tile_1,outdoor,1772726404844192000,24.501505024,-0.132,-0.132,0,-0.11609296943068337,-0.028021286284329747,-0.14411425571501313,0.012114255715013095,1.0
img_21571925b3bdee2457e819f8,left,Tile_1,outdoor,1772726421845287936,41.50260096,-0.357163,-0.357163,0,-0.11609296943068337,-0.17101184951892862,-0.287104818949612,-0.07005818105038802,1.0
img_21b946b919113ef2ad217f20,left,Tile_1,covered,1772726510350723072,130.008036096,0.110549,0.110549,0,-0.11609296943068337,0.1113501317459725,-0.004742837684710871,0.11529183768471087,1.0
img_21d4e3abf4b931012a5defa6,left,Tile_1,covered,1772726484349094912,104.006407936,-0.105293,-0.105293,0,-0.11609296943068337,0.057794100464280865,-0.0582988689664025,-0.04699413103359748,1.0
img_22d548c6b36b38776c5e943b,right,Tile_1,covered,1772726490349437952,110.006750976,-0.464199,-0.464199,0,-0.11609296943068337,-0.2657556802815604,-0.38184864971224375,-0.08235035028775622,1.0
img_22e44fb6ad093ee3fb1939ad,left,Tile_1,covered,1772726482849031936,102.50634496,0.0308136,0.0308136,0,-0.11609296943068337,0.053054316434550094,-0.06303865299613327,0.09385225299613326,1.0
img_231b7c7f9d8a8a43c94a9fd3,left,Tile_1,indoor,1772726567854188032,187.511501056,0.199358,0.199358,0,-0.11609296943068337,0.08347918111953473,-0.03261378831114864,0.23197178831114865,0.6466303557517168
img_23c65376ef8846d50e306c49,right,Tile_1,indoor,1772726536852359168,156.509672192,-0.275325,-0.275325,0,-0.11609296943068337,0.028380303294641432,-0.08771266613604194,-0.18761233386395804,0.7995209958251913
img_23dfbf209861f4b03fe77515,left,Tile_1,covered,1772726488349326848,108.006639872,-0.0343222,-0.0343222,0,-0.11609296943068337,0.07043372676585796,-0.045659242664825406,0.011337042664825409,1.0
img_23f736d972ccf1608ccbe107,right,Tile_1,outdoor,1772726425345463040,45.002776064,-0.203782,-0.203782,0,-0.11609296943068337,0.06569163842709859,-0.05040133100358478,-0.15338066899641523,0.9779589630262061
img_24360a542c1b719c91d5a0e8,right,Tile_1,indoor,1772726541352529920,161.009842944,-0.427443,-0.427443,0,-0.11609296943068337,-0.10492137088749544,-0.2210143403181788,-0.20642865968182122,0.726643287958186
img_245cad044e9f3a264ef1987a,left,Tile_1,stationary_unresolved,1772726599856021760,219.513334784,-0.0246153,-0.0246153,0,-0.11609296943068337,0.07868645837442265,-0.03740651105626072,0.012791211056260722,1.0
img_2461a33a99ca0046b9a7c112,right,Tile_1,covered,1772726511350733056,131.00804608,-0.217957,-0.217957,0,-0.11609296943068337,-0.04941322103728696,-0.16550619046797033,-0.052450809532029685,1.0
img_246e9ec9e0ed774cd0cbefb4,right,Tile_1,stationary_unresolved,1772726383342850816,3.00016384,-0.00803643,-0.00803643,0,-0.11609296943068337,0.08086964325920187,-0.035223326171481495,0.027186896171481494,1.0
img_24d4e5bc6fa22cd9ea92ff2e,right,Tile_1,outdoor,1772726418345015040,38.002328064,-0.0179754,-0.0179754,0,-0.11609296943068337,0.02409074130507278,-0.0920022281256106,0.0740268281256106,1.0
img_2528134f0c15a2a2a931c0df,right,Tile_1,outdoor,1772726432345931008,52.003244032,-0.0611486,-0.0611486,0,-0.11609296943068337,0.09035109495939506,-0.025741874471288312,-0.035406725528711686,1.0
img_2583dd744e4c06e135d8853a,right,Tile_1,outdoor,1772726412344637952,32.001950976,-0.305156,-0.305156,0,-0.11609296943068337,-0.027723196868711907,-0.14381616629939528,-0.1613398337006047,0.9297146064892579
img_25873a17d1cb3eab2998efaa,left,Tile_1,covered,1772726505350363136,125.00767616,-0.0358752,-0.0358752,0,-0.11609296943068337,0.08203585206279096,-0.03405711736789241,-0.001818082632107601,1.0
img_25e709e621e208bb6d69963c,left,Tile_1,indoor,1772726546852907776,166.5102208,0.0798148,0.0798148,0,-0.11609296943068337,0.14853047080243117,0.03243750137174781,0.047377298628252185,1.0
img_26e10d650ada982eed86237e,right,Tile_1,outdoor,1772726517351086848,137.008399872,-0.0819557,-0.0819557,0,-0.11609296943068337,0.004357314502552983,-0.11173565492813038,0.029779954928130375,1.0
img_26f74b29376a0bc5d2f9d8b7,left,Tile_1,outdoor,1772726478848760832,98.506073856,-0.0811979,-0.0811979,0,-0.11609296943068337,0.01978541823101911,-0.09630755119966426,0.015109651199664245,1.0
img_27c0b49a4b63e69324d8c3d1,right,Tile_1,indoor,1772726550853093888,170.510406912,-0.680829,-0.680829,0,-0.11609296943068337,-0.283840793947387,-0.39993376337807035,-0.28089523662192967,0.5340069194619066
img_282eaf688d90268d18f5fd7a,left,Tile_1,covered,1772726484849123840,104.506436864,0.0669073,0.0669073,0,-0.11609296943068337,0.05937405354975566,-0.05671891588092771,0.1236262158809277,1.0
img_289ddac6eecdcfcb171a9cff,left,Tile_1,outdoor,1772726514350950912,134.008263936,0.0328038,0.0328038,0,-0.11609296943068337,0.08258948366667507,-0.0335034857640083,0.0663072857640083,1.0
img_28ae3ec748a5e0d8c78031df,right,Tile_1,outdoor,1772726419845116928,39.502429952,-0.0563602,-0.0563602,0,-0.11609296943068337,0.037044291613544666,-0.0790486778171387,0.022688477817138702,1.0
img_28d49635350a139c44d259ec,right,Tile_1,outdoor,1772726476348654080,96.005967104,-0.0618779,-0.0618779,0,-0.11609296943068337,0.043862810179797,-0.07223015925088637,0.01035225925088637,1.0
img_296543e0b24fc5e6e262f386,right,Tile_1,outdoor,1772726474848523008,94.505836032,-0.0533861,-0.0533861,0,-0.11609296943068337,0.055219595799209084,-0.060873373631474284,0.007487273631474278,1.0
img_298eb4ad7a7fb190d39583ea,right,Tile_1,outdoor,1772726403344114176,23.0014272,-0.13818,-0.13818,0,-0.11609296943068337,-0.023386418111155875,-0.13947938754183925,0.001299387541839253,1.0
img_29f0cdf6a31f8207e452d529,left,Tile_1,outdoor,1772726450347032064,70.004345088,-0.150104,-0.150104,0,-0.11609296943068337,-0.09004198052036379,-0.20613494995104714,0.05603094995104718,1.0
img_2a01d8380fb472ce1a05426b,left,Tile_1,outdoor,1772726454847305984,74.504619008,-0.0189041,-0.0189041,0,-0.11609296943068337,-0.09915970317115977,-0.21525267260184314,0.1963485726018431,0.7639474940526864
img_2a2ffa54460f316927e5ffa5,left,Tile_1,indoor,1772726537852345856,157.50965888,-0.515839,-0.515839,0,-0.11609296943068337,-0.016997394899816935,-0.1330903643305003,-0.38274863566949974,0.39190211543829967
img_2a571292a4944bb3c65b1e06,left,Tile_1,outdoor,1772726449346968832,69.004281856,-0.219959,-0.219959,0,-0.11609296943068337,-0.1032838204084713,-0.21937678983915465,-0.000582210160845309,1.0
img_2b03f8db151c2afacd17aa26,left,Tile_1,indoor,1772726559853716736,179.51102976,0.231568,0.231568,0,-0.11609296943068337,0.24975636043257063,0.13366339100188726,0.09790460899811274,1.0
img_2b4f13c695909781ea9270a7,left,Tile_1,outdoor,1772726423345303040,43.002616064,-0.435385,-0.435385,0,-0.11609296943068337,-0.17141212221198995,-0.28750509164267335,-0.14787990835732667,1.0
img_2bd2f89c0ed9038a7ebb2598,right,Tile_1,outdoor,1772726441846484992,61.503798016,-0.0613904,-0.0613904,0,-0.11609296943068337,0.08762815090342871,-0.02846481852725466,-0.03292558147274534,1.0
img_2c358f7a9417c85d1593883a,right,Tile_1,indoor,1772726547852914944,167.510227968,-0.540856,-0.540856,0,-0.11609296943068337,-0.248265050496977,-0.36435801992766037,-0.17649798007233963,0.8498680831277551
img_2cb25c84f93cba5efbbe84c5,right,Tile_1,outdoor,1772726405844225792,25.501538816,-0.136852,-0.136852,0,-0.11609296943068337,-0.031111142504108895,-0.14720411193479227,0.010352111934792269,1.0
img_2d1f1a8a27f682dc4d1d2341,right,Tile_1,indoor,1772726537852328960,157.509641984,-0.27349,-0.27349,0,-0.11609296943068337,-0.0034303764710440707,-0.11952334590172745,-0.15396665409827257,0.9742369273301168
img_2e26d35424d8cce53de1db47,left,Tile_1,covered,1772726480848880128,100.506193152,-0.11465,-0.11465,0,-0.11609296943068337,0.046734390039276194,-0.06935857939140717,-0.04529142060859283,1.0
img_2e52f81e7ee67150f3fdea5c,right,Tile_1,indoor,1772726528851806976,148.50912,0.442279,0.442279,0,-0.11609296943068337,0.2050052861955334,0.08891231676485004,0.35336668323514997,0.4244882359217255
img_2f10fcf8c5f46899fd84dae9,left,Tile_1,covered,1772726506850470144,126.507783168,-0.0335892,-0.0335892,0,-0.11609296943068337,0.09086164748269086,-0.025231321947992505,-0.008357878052007495,1.0
img_2f7b071dd4a79eebbbade4ce,left,Tile_1,outdoor,1772726447846873088,67.504186112,-0.12752,-0.12752,0,-0.11609296943068337,-0.12324653132903826,-0.23933950075972163,0.11181950075972164,1.0
img_2f8a2aae4ed7883e440a4072,left,Tile_1,indoor,1772726538352443904,158.009756928,-0.425467,-0.425467,0,-0.11609296943068337,-0.016542622955879188,-0.13263559238656256,-0.2928314076134374,0.5122401357917621
img_2fe423406c20124d89e4eefe,right,Tile_1,indoor,1772726527851723008,147.509036032,0.61813,0.61813,0,-0.11609296943068337,0.18457377750217008,0.06848080807148671,0.5496491919285132,0.2729013381675431
img_2fe71151d4c449e1d3233bb5,right,Tile_1,outdoor,1772726587355255808,207.012568832,0.040166,0.040166,0,-0.11609296943068337,-0.040090200387401714,-0.15618316981808508,0.1963491698180851,0.7639451704276266
img_3039370f245c728e2420d10a,right,Tile_1,indoor,1772726581354892032,201.012205056,-0.173633,-0.173633,0,-0.11609296943068337,0.10569037026262897,-0.010402599168054402,-0.16323040083194562,0.918946466071801
img_3043344b3e94c3b01cca615b,right,Tile_1,outdoor,1772726494849748736,114.50706176,-0.533017,-0.533017,0,-0.11609296943068337,-0.21697485974277514,-0.3330678291734585,-0.19994917082654146,0.7501906578553755
img_304b50c95ed848aecc410e2d,left,Tile_1,outdoor,1772726594855721984,214.513035008,-0.0796733,-0.0796733,0,-0.11609296943068337,0.042359840583307634,-0.07373312884737573,-0.005940171152624268,1.0
img_313927f8276bed83888b9791,right,Tile_1,stationary_unresolved,1772726380342686976,0.0,0.0716929,0.0716929,0,-0.11609296943068337,0.1049481771824068,-0.011144792248276567,0.08283769224827657,1.0
img_31da46dee68cbffb8b8d1ac3,left,Tile_1,indoor,1772726539352484096,159.00979712,-0.153806,-0.153806,0,-0.11609296943068337,-0.015633220841732732,-0.1317261902724161,-0.022079809727583888,1.0
img_31fb7f1b070f7fce4248960d,right,Tile_1,outdoor,1772726472848409856,92.50572288,-0.0911371,-0.0911371,0,-0.11609296943068337,0.0703615101997599,-0.04573145923092346,-0.04540564076907653,1.0
img_322efdb132cc0b10097d5d2f,left,Tile_1,outdoor,1772726477348679936,97.00599296,-0.0934859,-0.0934859,0,-0.11609296943068337,-0.005668559564023061,-0.12176152899470644,0.02827562899470644,1.0
img_32de473ad787ca0a568e7a34,left,Tile_1,covered,1772726507850516992,127.507830016,0.00389507,0.00389507,0,-0.11609296943068337,0.09674536700649417,-0.019347602424189203,0.023242672424189197,1.0
img_32e9de537a5b3fe60feaa235,left,Tile_1,indoor,1772726462347738880,82.005051904,-0.342903,-0.342903,0,-0.11609296943068337,-0.11315185650091107,-0.22924482593159445,-0.11365817406840556,1.0
img_332391c32c9690fa8c9a0d25,left,Tile_1,outdoor,1772726476348655872,96.005968896,0.0578534,0.0578534,0,-0.11609296943068337,-0.022637371304402545,-0.13873034073508592,0.19658374073508592,0.7630336030798108
img_33375a69985ab3e518251da0,left,Tile_1,indoor,1772726534352162816,154.00947584,-0.0401128,-0.0401128,0,-0.11609296943068337,-0.020180340827329786,-0.13627331025801315,0.09616051025801317,1.0
img_336e1066e62f9bd81c7fb187,right,Tile_1,outdoor,1772726440846436864,60.503749888,-0.16536,-0.16536,0,-0.11609296943068337,0.09033014596460288,-0.025762823466080484,-0.1395971765339195,1.0
img_3393210d231014661a40fa97,right,Tile_1,indoor,1772726466848016896,86.50532992,0.113963,0.113963,0,-0.11609296943068337,0.033482635635297076,-0.08261033379538629,0.19657333379538627,0.7630739994272845
img_340ae29e89772b35f8739137,right,Tile_1,outdoor,1772726495849774848,115.507087872,-0.464946,-0.464946,0,-0.11609296943068337,-0.20613514296654578,-0.32222811239722915,-0.14271788760277088,1.0
img_34740bb45b5ff4b8f0691b68,left,Tile_1,covered,1772726483849063936,103.50637696,-0.0098645,-0.0098645,0,-0.11609296943068337,0.05621414090769253,-0.05987882852299084,0.050014328522990835,1.0
img_349bb000c52f5a9444858a63,left,Tile_1,indoor,1772726554353345792,174.010658816,0.131859,0.131859,0,-0.11609296943068337,0.24182809539158429,0.12573512596090092,0.0061238740390990865,1.0
img_357e0e61ad2c2c039b3d8981,left,Tile_1,indoor,1772726564853989888,184.511302912,0.126452,0.126452,0,-0.11609296943068337,0.1501741111863212,0.03408114175563784,0.09237085824436218,1.0
img_36179b59758015708cbc0529,right,Tile_1,outdoor,1772726439346339840,59.003652864,0.0569303,0.0569303,0,-0.11609296943068337,0.09152423996781994,-0.024568729462863426,0.08149902946286343,1.0
img_362f09e7739015207616d3d1,right,Tile_1,outdoor,1772726584355077120,204.012390144,-0.0708848,-0.0708848,0,-0.11609296943068337,0.03280000719269005,-0.08329296223799332,0.01240816223799332,1.0
img_3674d4aa9eeeccc919db54a9,right,Tile_1,outdoor,1772726391843453952,11.500766976,0.00475909,0.00475909,0,-0.11609296943068337,0.018867274392391158,-0.0972256950382922,0.10198478503829221,1.0
img_36d8bec5f2733d9cb65049e8,right,Tile_1,indoor,1772726553353293056,173.01060608,-0.675666,-0.675666,0,-0.11609296943068337,-0.18916548646526252,-0.3052584558959459,-0.37040754410405413,0.4049593546017581
img_36e74cf7a944d9e1fac9aac6,right,Tile_1,covered,1772726508850566912,128.507879936,-0.114914,-0.114914,0,-0.11609296943068337,-0.07321674468034806,-0.18930971411103142,0.07439571411103142,1.0
img_3856b29d30a5f8fae4c2ddaf,left,Tile_1,outdoor,1772726523351459072,143.008772096,-0.120055,-0.120055,0,-0.11609296943068337,0.020453783380594937,-0.09563918605008843,-0.02441581394991156,1.0
img_38fa922ad61d7da7aa5839a9,left,Tile_1,indoor,1772726463847832064,83.505145088,-0.389689,-0.389689,0,-0.11609296943068337,-0.11529031802757293,-0.23138328745825631,-0.1583057125417437,0.9475337155659903
img_3902505c4cb7ff45451f2bc1,right,Tile_1,covered,1772726487849280000,107.506593024,-0.426492,-0.426492,0,-0.11609296943068337,-0.1961494207621126,-0.312242390192796,-0.11424960980720406,1.0
img_39270baa183005e40c561a87,left,Tile_1,indoor,1772726561853817856,181.51113088,0.142993,0.142993,0,-0.11609296943068337,0.21686846077877567,0.1007754913480923,0.042217508651907695,1.0
img_3991b4dd0731c1ce6d644839,left,Tile_1,indoor,1772726572354415872,192.011728896,-0.246239,-0.246239,0,-0.11609296943068337,0.014220725250179493,-0.10187224418050388,-0.14436675581949615,1.0
img_39a06855544f8de8351e1656,right,Tile_1,stationary_unresolved,1772726388343209984,8.000523008,-0.0899764,-0.0899764,0,-0.11609296943068337,0.04073806236030775,-0.07535490707037562,-0.014621492929624377,1.0
img_39bde7ed1336ec78411af4c0,right,Tile_1,outdoor,1772726426845512960,46.502825984,-0.102501,-0.102501,0,-0.11609296943068337,0.07299305957091744,-0.04309990985976593,-0.059401090140234064,1.0
img_39d39b7da0de74e43e25c19f,right,Tile_1,indoor,1772726550353062912,170.010375936,-0.693147,-0.720126,1,-0.11609296943068337,-0.30277552003213226,-0.41886848946281563,-0.27427851053718433,0.546889363319859
img_3a1483836f813dc9ad7e4edb,right,Tile_1,outdoor,1772726398343756800,18.001069824,-0.0493293,-0.0493293,0,-0.11609296943068337,-0.006356197570449288,-0.12244916700113266,0.07311986700113265,1.0
img_3a21b7ae860b72ed8804abcc,left,Tile_1,outdoor,1772726454347276032,74.004589056,0.0326887,0.0326887,0,-0.11609296943068337,-0.09814662385632844,-0.2142395932870118,0.24692829328701182,0.6074638025608945
img_3a3f6e458912e59d4d103169,right,Tile_1,indoor,1772726575354534912,195.011847936,0.693147,0.758648,1,-0.11609296943068337,0.19175324367646973,0.07566027424578636,0.6174867257542136,0.24292020175297901
img_3a67c36eb4b7f4b5eacf371d,left,Tile_1,outdoor,1772726449847025920,69.504338944,-0.12955,-0.12955,0,-0.11609296943068337,-0.096629248437681,-0.21272221786836437,0.08317221786836437,1.0
img_3a6ce437da18165267558062,left,Tile_1,indoor,1772726461847707904,81.505020928,-0.237412,-0.237412,0,-0.11609296943068337,-0.11243903611367094,-0.22853200554435432,-0.00887999445564569,1.0
img_3a87ece1cbe89f05808cde41,right,Tile_1,indoor,1772726568354127872,188.011440896,0.239898,0.239898,0,-0.11609296943068337,0.21811724430263066,0.10202427487194729,0.13787372512805274,1.0
img_3aa5f8a1a9bd140b901357b4,right,Tile_1,covered,1772726510850697984,130.508011008,-0.139777,-0.139777,0,-0.11609296943068337,-0.05389414908622794,-0.1699871185169113,0.0302101185169113,1.0
img_3b6ed57064a70ad37a048c7b,right,Tile_1,outdoor,1772726515850993920,135.508306944,-0.114202,-0.114202,0,-0.11609296943068337,-0.009085359528706441,-0.1251783289593898,0.010976328959389825,1.0
img_3b78593293b36ba29767fecd,left,Tile_1,indoor,1772726529351892992,149.009206016,-0.144212,-0.144212,0,-0.11609296943068337,-0.017551047606992207,-0.1336440170376756,-0.010567982962324418,1.0
img_3bda781d868a9fac1d656701,right,Tile_1,indoor,1772726464347843840,84.005156864,-0.0285431,-0.0285431,0,-0.11609296943068337,-0.006472772677988611,-0.12256574210867198,0.09402264210867196,1.0
img_3ca07cccfdd3e5371e570909,right,Tile_1,covered,1772726487349249792,107.006562816,-0.451138,-0.451138,0,-0.11609296943068337,-0.18217584029570438,-0.29826880972638775,-0.15286919027361223,0.9812310756112672
img_3d1b5a29d5f1e5eadcddf16e,left,Tile_1,indoor,1772726566854088192,186.511401216,0.130469,0.130469,0,-0.11609296943068337,0.10571157567720633,-0.010381393753477033,0.14085039375347702,1.0
img_3dd943e1fbc94dc8c092af49,right,Tile_1,outdoor,1772726449847023872,69.504336896,0.0299097,0.0299097,0,-0.11609296943068337,0.06601177471588993,-0.05008119471479344,0.07999089471479344,1.0
img_3ecb1a5cb53e875c9a44c043,left,Tile_1,indoor,1772726578854810112,198.512123136,-0.589824,-0.589824,0,-0.11609296943068337,-0.03081862939143499,-0.14691159882211835,-0.44291240117788166,0.3386674195644327
img_3f3cab25aa79e21874774641,right,Tile_1,indoor,1772726531351935744,151.009248768,0.164369,0.164369,0,-0.11609296943068337,0.20335779713131527,0.0872648277006319,0.0771041722993681,1.0
img_3f546d37732238c9dca340d3,left,Tile_1,indoor,1772726528851811840,148.509124864,-0.122615,-0.122615,0,-0.11609296943068337,-0.014383693393075943,-0.1304766628237593,0.007861662823759302,1.0
img_3fa45fac1cc1abd6364f0bd3,right,Tile_1,outdoor,1772726512350790144,132.008103168,-0.324542,-0.324542,0,-0.11609296943068337,-0.04045148193719166,-0.15654445136787504,-0.16799754863212496,0.8928701711503222
img_40f2bb33f03616da71c7aa76,right,Tile_1,indoor,1772726536352324864,156.009637888,0.0603582,0.0603582,0,-0.11609296943068337,0.044287214927030666,-0.0718057545036527,0.1321639545036527,1.0
img_4136eead8b3734fcaedcc071,left,Tile_1,outdoor,1772726501350138880,121.007451904,-0.0774771,-0.0774771,0,-0.11609296943068337,0.058500757080301974,-0.057592212350381394,-0.0198848876496186,1.0
img_41472835d6d01c3b9eee86f3,left,Tile_1,indoor,1772726545352782848,165.010095872,0.0667215,0.0667215,0,-0.11609296943068337,0.1109103567482876,-0.005182612682395768,0.07190411268239577,1.0
img_42034df9dc9f931dfaad45d6,right,Tile_1,indoor,1772726576354593024,196.011906048,0.0349796,0.0349796,0,-0.11609296943068337,0.17942911427874864,0.06333614484806527,-0.028356544848065254,1.0
img_4208ccff31ff4f5807b3f287,right,Tile_1,indoor,1772726532352040960,152.009353984,0.227522,0.227522,0,-0.11609296943068337,0.17154280930599486,0.05544983987531149,0.1720721601246885,0.8717273026113325
img_426186dbb8206cf129f21911,right,Tile_1,indoor,1772726535852211968,155.509524992,0.0736807,0.0736807,0,-0.11609296943068337,0.060196626699886624,-0.055896342730796744,0.12957704273079673,1.0
img_431341ddc18bf7bbfc873256,right,Tile_1,indoor,1772726461847692032,81.505005056,-0.361774,-0.361774,0,-0.11609296943068337,-0.046427841425773796,-0.16252081085645717,-0.1992531891435428,0.7528110372774981
img_43880861e0630f5d7ac7cc0d,right,Tile_1,outdoor,1772726407844350976,27.501664,-0.211467,-0.211467,0,-0.11609296943068337,-0.03729103291337151,-0.1533840023440549,-0.0580829976559451,1.0
img_43c0ea71b530e898a1a8a3bd,right,Tile_1,indoor,1772726579354812928,199.012125952,0.156254,0.156254,0,-0.11609296943068337,0.14245616453228943,0.026363195101606063,0.12989080489839394,1.0
img_4409c7a08d9668bf891b56e4,left,Tile_1,outdoor,1772726586355255808,206.012568832,-0.222788,-0.222788,0,-0.11609296943068337,-0.010643466324989838,-0.1267364357556732,-0.09605156424432681,1.0
img_441e03f73d0b76f84c505db3,left,Tile_1,indoor,1772726558353671936,178.01098496,0.258777,0.258777,0,-0.11609296943068337,0.2475941875775332,0.13150121814684984,0.12727578185315014,1.0
img_443900e4c8ed5b29fb38d36a,left,Tile_1,indoor,1772726561353735936,181.01104896,0.193617,0.193617,0,-0.11609296943068337,0.2279853694232142,0.11189239999253084,0.08172460000746919,1.0
img_44688fc19520c97f04987182,right,Tile_1,stationary_unresolved,1772726381842702848,1.500015872,-0.086564,-0.086564,0,-0.11609296943068337,0.09290944030485754,-0.02318352912582583,-0.06338047087417417,1.0
img_4482606b56ce83da57f0a986,left,Tile_1,outdoor,1772726393343517184,13.000830208,-0.164994,-0.164994,0,-0.11609296943068337,0.0470134800481871,-0.06907948938249626,-0.09591451061750374,1.0
img_44aa2004a4a7e90eb9ff462e,right,Tile_1,outdoor,1772726447846856960,67.504169984,0.0619838,0.0619838,0,-0.11609296943068337,0.07141595574121351,-0.04467701368946986,0.10666081368946986,1.0
img_44fb2a201f01c452448f0215,left,Tile_1,indoor,1772726573354430976,193.011744,-0.346985,-0.346985,0,-0.11609296943068337,0.007291909357925591,-0.10880106007275778,-0.2381839399272422,0.6297653823587784
img_451e741ae2b46e2f2b3dc3ea,left,Tile_1,outdoor,1772726492849637120,112.506950144,-0.0428892,-0.0428892,0,-0.11609296943068337,0.07067572191924511,-0.04541724751143826,0.0025280475114382583,1.0
img_45b060488b1c090ac0309083,left,Tile_1,indoor,1772726538852432896,158.50974592,-0.317095,-0.317095,0,-0.11609296943068337,-0.01608795018371249,-0.13218091961439585,-0.18491408038560417,0.8111875509274507
img_4684934416f0dd355c57cc5e,left,Tile_1,outdoor,1772726446846834944,66.504147968,-0.150011,-0.150011,0,-0.11609296943068337,-0.13655466346531087,-0.25264763289599423,0.10263663289599423,1.0
img_46a0d026a1d62e44f0b7636f,right,Tile_1,outdoor,1772726424345372928,44.002685952,-0.115444,-0.115444,0,-0.11609296943068337,0.0608237477041812,-0.05526922172650217,-0.06017477827349784,1.0
img_46f7e3520c57796e33d0dd24,left,Tile_1,outdoor,1772726392843512064,12.500825088,-0.171767,-0.171767,0,-0.11609296943068337,0.04658735171657021,-0.06950561771411315,-0.10226138228588685,1.0
img_46fb35a374a648bbf7d67b4a,right,Tile_1,outdoor,1772726450847046912,70.504359936,0.050655,0.050655,0,-0.11609296943068337,0.057856035863369404,-0.058236933567313964,0.10889193356731397,1.0
img_4767ec0db6e2111433779ace,left,Tile_1,outdoor,1772726393843571968,13.500884992,0.0899746,0.0899746,0,-0.11609296943068337,0.04743965070584549,-0.06865331872483788,0.1586279187248379,0.9456090781862667
img_476b4f00ba8277b62f95bb54,left,Tile_1,outdoor,1772726475848599808,95.505912832,-0.0262739,-0.0262739,0,-0.11609296943068337,-0.031122524327331227,-0.1472154937580146,0.1209415937580146,1.0
img_4777fe5d9cdf240d46e60bea,left,Tile_1,indoor,1772726569854270976,189.511584,-0.405745,-0.405745,0,-0.11609296943068337,0.03901698706590917,-0.0770759823647742,-0.3286690176352258,0.4563861877801877
img_485cd4c5ca8d267f58fcc97d,left,Tile_1,indoor,1772726570354260992,190.011574016,-0.514283,-0.514283,0,-0.11609296943068337,0.02807922085097473,-0.08801374857970864,-0.4262692514202914,0.35189026536681517
img_495d939ae647085d401c5718,right,Tile_1,outdoor,1772726396343687936,16.00100096,-0.178941,-0.178941,0,-0.11609296943068337,0.0014047763556157365,-0.11468819307506763,-0.06425280692493236,1.0
img_49cecc6b7a7ebcfb56922fe8,left,Tile_1,outdoor,1772726589855419904,209.512732928,-0.0132478,-0.0132478,0,-0.11609296943068337,0.0071026615097750725,-0.1089903079209083,0.0957425079209083,1.0
img_4a2a9f47a7d72128ad9d9b23,right,Tile_1,outdoor,1772726512850861056,132.50817408,-0.323253,-0.323253,0,-0.11609296943068337,-0.03597023271785617,-0.15206320214853952,-0.17118979785146046,0.8762204400180049
img_4a2e56357884866047e5d674,right,Tile_1,stationary_unresolved,1772726382342784768,2.000097792,-0.11546,-0.11546,0,-0.11609296943068337,0.08889591300526131,-0.027197056425422056,-0.08826294357457794,1.0
img_4a55ba7140adf532c2944b6d,right,Tile_1,indoor,1772726571854328832,191.511641856,0.0477445,0.0477445,0,-0.11609296943068337,0.23488772969382854,0.11879476026314517,-0.07105026026314515,1.0
img_4a58d805e5b8e03110fdfac7,right,Tile_1,outdoor,1772726516351023872,136.008336896,-0.0189701,-0.0189701,0,-0.11609296943068337,-0.004604477361250352,-0.12069744679193373,0.10172734679193372,1.0
img_4a98c51fd068bcc6903eb8bd,right,Tile_1,covered,1772726488349309952,108.006622976,-0.441145,-0.441145,0,-0.11609296943068337,-0.2101229940744807,-0.3262159635051641,-0.11492903649483599,1.0
img_4af6cd6dac376ccdcc60db74,right,Tile_1,outdoor,1772726478848744960,98.506057984,-0.0594336,-0.0594336,0,-0.11609296943068337,0.024935799945049367,-0.091157169485634,0.031723569485634,1.0
img_4b22a1c9aabd064214d20b5a,left,Tile_1,outdoor,1772726493349665792,113.006978816,0.0149049,0.0149049,0,-0.11609296943068337,0.06946771650104477,-0.046625252929638594,0.061530152929638586,1.0
img_4b5896706fe6c5ae2a2b3dee,right,Tile_1,outdoor,1772726473848504064,93.505817088,-0.0597134,-0.0597134,0,-0.11609296943068337,0.06279026810534127,-0.053302701325342094,-0.006410698674657898,1.0
img_4bdcc685ea71836c64354033,right,Tile_1,stationary_unresolved,1772726386343086080,6.000399104,-0.0100826,-0.0100826,0,-0.11609296943068337,0.05679053610556731,-0.05930243332511606,0.049219833325116064,1.0
img_4beafc8e6c2ff2943ec8c75d,right,Tile_1,outdoor,1772726428345662976,48.002976,-0.0390661,-0.0390661,0,-0.11609296943068337,0.0802949679272224,-0.03579800150346096,-0.003268098496539036,1.0
img_4bfbec80c6152c3ca53f80df,right,Tile_1,indoor,1772726544352706048,164.010019072,-0.329381,-0.329381,0,-0.11609296943068337,-0.1710799575060176,-0.28717292693670093,-0.042208073063299045,1.0
img_4c8368637cb715bc93aab9aa,left,Tile_1,outdoor,1772726512350807040,132.008120064,0.0454942,0.0454942,0,-0.11609296943068337,0.09697002305379047,-0.019122946376892894,0.06461714637689289,1.0
img_4c9783af531b33c68bea8192,right,Tile_1,outdoor,1772726493849678080,113.506991104,-0.470558,-0.470558,0,-0.11609296943068337,-0.22781505935074114,-0.3439080287814245,-0.12664997121857546,1.0
img_4c9b79ac5540a2016119f618,right,Tile_1,indoor,1772726466347982848,86.005295872,0.188946,0.188946,0,-0.11609296943068337,0.025491562973171514,-0.09060140645751186,0.27954740645751186,0.5365816191995268
img_4cc3626700bd186e509ecde4,left,Tile_1,covered,1772726490349453824,110.006766848,0.04101,0.04101,0,-0.11609296943068337,0.07671584549052292,-0.03937712394016045,0.08038712394016045,1.0
img_4ccf82bd2664b37fa8da5db0,right,Tile_1,outdoor,1772726511850806016,131.50811904,-0.304764,-0.304764,0,-0.11609296943068337,-0.044931953465357735,-0.1610249228960411,-0.14373907710395886,1.0
img_4ce1f1404af327ce8e242a2e,right,Tile_1,covered,1772726480848863744,100.506176768,-0.0849913,-0.0849913,0,-0.11609296943068337,-0.0005194802374572892,-0.11661244966814066,0.031621149668140655,1.0
img_4d472e322a81763c2fd0b666,right,Tile_1,stationary_unresolved,1772726599355980032,219.013293056,-0.292982,-0.292982,0,-0.11609296943068337,-0.18613562811498244,-0.3022285975456658,0.009246597545665758,1.0
img_4d9c2a8e76e687e5179a2990,left,Tile_1,outdoor,1772726592355569920,212.012882944,-0.0963427,-0.0963427,0,-0.11609296943068337,0.02419651587935371,-0.09189645355132967,-0.004446246448670338,1.0
img_4dc8f84b30561037eb7ae084,right,Tile_1,outdoor,1772726394843634944,14.500947968,-0.0909017,-0.0909017,0,-0.11609296943068337,0.007225512015359393,-0.10886745741532397,0.01796575741532397,1.0
img_4de2b810d4947fd02c7d9da0,left,Tile_1,indoor,1772726458347508992,78.004822016,-0.497718,-0.497718,0,-0.11609296943068337,-0.10625124488967491,-0.22234421432035828,-0.2753737856796417,0.5447141587198997
img_4e3d57a9706d9cb78afd5c41,right,Tile_1,stationary_unresolved,1772726387843228928,7.500541952,-0.0757716,-0.0757716,0,-0.11609296943068337,0.04475078015169871,-0.07134218927898466,-0.004429410721015339,1.0
img_4e61dfa73359cbec43694b5d,left,Tile_1,indoor,1772726549853085952,169.510398976,0.0419512,0.0419512,0,-0.11609296943068337,0.22376890132058014,0.10767593188989677,-0.06572473188989678,1.0
img_4e8573cfcd31389b1a28d8e3,right,Tile_1,outdoor,1772726477348664064,97.005977088,0.0478645,0.0478645,0,-0.11609296943068337,0.03629220570560378,-0.07980076372507959,0.12766526372507958,1.0
img_4f76dde4fe751d7ed49ed11b,left,Tile_1,covered,1772726491349520896,111.00683392,0.0649127,0.0649127,0,-0.11609296943068337,0.07429981115251652,-0.04179315827816685,0.10670585827816685,1.0
img_4fc4ba78911aae895973bd93,left,Tile_1,indoor,1772726548853036800,168.510349824,0.141068,0.141068,0,-0.11609296943068337,0.19868968127978837,0.082596711849105,0.058471288150895,1.0
img_4fcd6a3db493c1c587d8b3a9,right,Tile_1,outdoor,1772726433345968128,53.003281152,0.0174566,0.0174566,0,-0.11609296943068337,0.09051868353653712,-0.025574285894146245,0.04303088589414624,1.0
img_50788709c27115356ae913b1,left,Tile_1,indoor,1772726550853106944,170.510419968,0.0135592,0.0135592,0,-0.11609296943068337,0.2367828317945951,0.12068986236391174,-0.10713066236391175,1.0
img_50b23cb80cabf1841bac6f5c,right,Tile_1,indoor,1772726568854157056,188.51147008,0.0979893,0.0979893,0,-0.11609296943068337,0.22701844788892445,0.11092547845824108,-0.012936178458241077,1.0
img_50b466a226a3e1103ba42d6f,right,Tile_1,stationary_unresolved,1772726384342926080,4.000239104,-0.0891413,-0.0891413,0,-0.11609296943068337,0.0728432995479257,-0.04324966988275766,-0.045891630117242344,1.0
img_5140482a9cf7118888ff9760,right,Tile_1,indoor,1772726546852904960,166.510217984,-0.391877,-0.391877,0,-0.11609296943068337,-0.22621326276078385,-0.3423062321914672,-0.0495707678085327,1.0
img_524aae58b9d36d472cff225d,left,Tile_1,indoor,1772726574854533888,194.511846912,0.0343345,0.0343345,0,-0.11609296943068337,-0.003101870551104474,-0.11919483998178784,0.15352933998178783,0.9770119510563485
img_5296101fce9f36e01239e372,left,Tile_1,outdoor,1772726473348443904,93.005756928,-0.335659,-0.335659,0,-0.11609296943068337,-0.07354617830109673,-0.1896391477317801,-0.1460198522682199,1.0
img_5375dc7ac212760e86ea04e4,left,Tile_1,indoor,1772726554853384960,174.510697984,0.00915914,0.00915914,0,-0.11609296943068337,0.24254885460857908,0.12645588517789572,-0.11729674517789572,1.0
img_53e20a3aa805e1f7b110ddf9,right,Tile_1,outdoor,1772726408844413952,28.501726976,-0.0720451,-0.0720451,0,-0.11609296943068337,-0.040380979304467504,-0.15647394873515086,0.08442884873515086,1.0
img_53f96406e0c9d22b6885bb47,right,Tile_1,outdoor,1772726442346515968,62.003828992,-0.348238,-0.348238,0,-0.11609296943068337,0.08627713469755055,-0.029815834733132818,-0.3184221652668672,0.4710727341304464
img_5411aa9b437446a0c0642a33,left,Tile_1,indoor,1772726571354317056,191.01163008,-0.470478,-0.470478,0,-0.11609296943068337,0.021150121158708547,-0.09494284827197483,-0.3755351517280252,0.39942998494222154
img_552ccaef249d70922a2b9ae7,right,Tile_1,outdoor,1772726399843804928,19.501117952,-0.10157,-0.10157,0,-0.11609296943068337,-0.012176914356154235,-0.1282698837868376,0.026699883786837603,1.0
img_5550c6ee126a8a927e97dac2,right,Tile_1,outdoor,1772726420345161984,40.002475008,-0.0762657,-0.0762657,0,-0.11609296943068337,0.04135291251607142,-0.07474005691461194,-0.0015256430853880648,1.0
img_5563e8df2be4dc830dc08c92,right,Tile_1,stationary_unresolved,1772726385343024896,5.00033792,-0.0403927,-0.0403927,0,-0.11609296943068337,0.06481676681442902,-0.051276202616254346,0.010883502616254342,1.0
img_5574682a334b8acf3720ae26,left,Tile_1,outdoor,1772726494349710080,114.007023104,-0.00270334,-0.00270334,0,-0.11609296943068337,0.06705173720627289,-0.04904123222441048,0.046337892224410475,1.0
img_55c5e08398906fce5cdae7a1,right,Tile_1,indoor,1772726525851599104,145.508912128,0.258824,0.258824,0,-0.11609296943068337,0.1437116596800986,0.02761869024941524,0.23120530975058476,0.6487740275593762
img_55fe11611681b29c521c95c5,left,Tile_1,outdoor,1772726474848538880,94.505851904,-0.243299,-0.243299,0,-0.11609296943068337,-0.04809196159093434,-0.1641849310216177,-0.07911406897838227,1.0
img_56187043b1e7cbb8149b6379,left,Tile_1,indoor,1772726563853952000,183.511265024,0.0554204,0.0554204,0,-0.11609296943068337,0.17240512854018575,0.05631215910950238,-0.0008917591095023783,1.0
img_56534ab6df13e69183a60733,right,Tile_1,outdoor,1772726500850092800,120.507405824,-0.359685,-0.359685,0,-0.11609296943068337,-0.15241181250419544,-0.2685047819348788,-0.09118021806512117,1.0
img_57251049682317c7fee99ae1,left,Tile_1,indoor,1772726531351951872,151.009264896,0.00634101,0.00634101,0,-0.11609296943068337,-0.02290862934731652,-0.1390015987779999,0.14534260877799987,1.0
img_572c8b231f54c3e8ed7f76c5,right,Tile_1,indoor,1772726523851472896,143.50878592,-0.176905,-0.176905,0,-0.11609296943068337,0.10284949478778391,-0.013243474642899461,-0.16366152535710055,0.9165257361050996
img_5748713b2a9018e0c4489afb,left,Tile_1,indoor,1772726535352226048,155.009539072,-0.234503,-0.234503,0,-0.11609296943068337,-0.01927091776140071,-0.1353638871920841,-0.0991391128079159,1.0
img_575d0f2b73c72c0a37d1fdaf,right,Tile_1,outdoor,1772726447346824960,67.004137984,-0.0626499,-0.0626499,0,-0.11609296943068337,0.07276697471380147,-0.043325994716881894,-0.0193239052831181,1.0
img_575f482e53a2e9d903317aeb,right,Tile_1,outdoor,1772726435846081024,55.503394048,-0.00716633,-0.00716633,0,-0.11609296943068337,0.09093765834712732,-0.02515531108355605,0.01798898108355606,1.0
img_579db4a7b14316cffd5a2b3f,right,Tile_1,indoor,1772726581854920960,201.512233984,-0.224027,-0.224027,0,-0.11609296943068337,0.09354202306459383,-0.022550946366089536,-0.20147605363391047,0.7445053508570086
img_57c2604724963389dad6b8fc,left,Tile_1,outdoor,1772726390843351808,10.500664832,-0.191384,-0.191384,0,-0.11609296943068337,0.04488271926629513,-0.07121025016438823,-0.12017374983561177,1.0
img_582ed6d44277f03d95c67651,right,Tile_1,indoor,1772726469848243968,89.505556992,-0.267563,-0.267563,0,-0.11609296943068337,0.08142943572045662,-0.03466353371022675,-0.23289946628977323,0.6440547176410021
img_587cbd925df8e3060b13d134,right,Tile_1,indoor,1772726580854862080,200.512175104,-0.127615,-0.127615,0,-0.11609296943068337,0.11783874233904013,0.0017457729083567575,-0.12936077290835676,1.0
img_58caed980ab70c4132efecfd,right,Tile_1,outdoor,1772726519351250944,139.008563968,0.0294761,0.0294761,0,-0.11609296943068337,0.022281240047221696,-0.09381172938346168,0.12328782938346167,1.0
img_58f765e4917dce185f3d11f7,right,Tile_1,outdoor,1772726473348428032,93.005741056,0.00102628,0.00102628,0,-0.11609296943068337,0.0665761081528102,-0.049516861277873164,0.050543141277873155,1.0
img_592f2c020773fd3d0eba846b,right,Tile_1,outdoor,1772726409344444928,29.001757952,-0.307426,-0.307426,0,-0.11609296943068337,-0.04192595091806257,-0.15801892034874593,-0.14940707965125405,1.0
img_59524914ac06cf1a2d6e317a,right,Tile_1,outdoor,1772726406844327936,26.50164096,-0.0226626,-0.0226626,0,-0.11609296943068337,-0.03420120991460382,-0.1502941793452872,0.12763157934528718,1.0
img_595254c320c27cdb74e35158,right,Tile_1,indoor,1772726533852087040,153.509400064,0.232027,0.232027,0,-0.11609296943068337,0.12382388232799701,0.0077309128973136465,0.22429608710268636,0.6687588800036782
img_59814f6dd62bb0daf23334d6,right,Tile_1,indoor,1772726573854449152,193.511762176,0.175282,0.175282,0,-0.11609296943068337,0.2102394204216858,0.09414645099100244,0.08113554900899755,1.0
img_5a69ae6aa259126ae595c8c1,right,Tile_1,indoor,1772726530851907072,150.509220096,0.269205,0.269205,0,-0.11609296943068337,0.21926452960054207,0.1031715601698587,0.16603343983014135,0.9034324660951181
img_5b91b0038b79183f5c7235e8,right,Tile_1,outdoor,1772726429345707776,49.0030208,-0.057523,-0.057523,0,-0.11609296943068337,0.08516263809614996,-0.030930331334533406,-0.026592668665466584,1.0
img_5bdabac3f28d924130023096,right,Tile_1,indoor,1772726548853032960,168.510345984,-0.53652,-0.53652,0,-0.11609296943068337,-0.2703192205081179,-0.3864121899388013,-0.15010781006119872,0.9992817824658505
img_5bf2570751fa5012e024eb20,right,Tile_1,outdoor,1772726406344256768,26.001569792,0.0386993,0.0386993,0,-0.11609296943068337,-0.03265611411770397,-0.14874908354838734,0.18744838354838736,0.8002202908369143
img_5cb86470777358c38d50242e,right,Tile_1,indoor,1772726462847753984,82.505067008,-0.254764,-0.254764,0,-0.11609296943068337,-0.03044579428913698,-0.14653876371982036,-0.10822523628017963,1.0
img_5d36f96d95329bc275b1e854,right,Tile_1,outdoor,1772726440346407936,60.00372096,-0.0343043,-0.0343043,0,-0.11609296943068337,0.09168115663706143,-0.024411812793621937,-0.009892487206378066,1.0
img_5e316fa8cb258a2918d30eed,left,Tile_1,covered,1772726511350748160,131.008061184,0.0274212,0.0274212,0,-0.11609296943068337,0.10416019887793955,-0.011932770552743818,0.03935397055274381,1.0
img_5e80513ffc34b6196a43e365,right,Tile_1,outdoor,1772726427845582848,47.502895872,-0.0448011,-0.0448011,0,-0.11609296943068337,0.07786085185448345,-0.03823211757619992,-0.006568982423800079,1.0
img_5e8f6477648ca5ac8d8ba881,right,Tile_1,outdoor,1772726419345082880,39.002395904,-0.00763241,-0.00763241,0,-0.11609296943068337,0.03272644077385765,-0.08336652865682573,0.07573411865682572,1.0
img_5ef19597a38170b745e3d0e8,right,Tile_1,outdoor,1772726588855346944,208.512659968,-0.128383,-0.128383,0,-0.11609296943068337,-0.07653534771460564,-0.192628317145289,0.06424531714528903,1.0
img_5f0968e8c59bf8c0f031ebb5,right,Tile_1,outdoor,1772726498349988096,118.00730112,-0.292859,-0.292859,0,-0.11609296943068337,-0.1790342471366409,-0.29512721656732427,0.0022682165673242327,1.0
img_5f4b3c215e0cb99dc6bba658,left,Tile_1,stationary_unresolved,1772726600856082944,220.513395968,0.0599784,0.0599784,0,-0.11609296943068337,0.08245020185384869,-0.03364276757683468,0.09362116757683468,1.0
img_5f5029f3630b2fb09e6d6efa,right,Tile_1,stationary_unresolved,1772726384842983936,4.50029696,0.0147728,0.0147728,0,-0.11609296943068337,0.0688299653797287,-0.04726300405095467,0.062035804050954664,1.0
img_5f72e3f2d8823789d5a9d3d9,right,Tile_1,outdoor,1772726494349693184,114.007006208,-0.432857,-0.432857,0,-0.11609296943068337,-0.22239517876346598,-0.33848814819414935,-0.09436885180585064,1.0
img_5f8884d4e0886ce2c7c3329d,right,Tile_1,stationary_unresolved,1772726382842777856,2.50009088,-0.0714556,-0.0714556,0,-0.11609296943068337,0.08488309864817073,-0.03120987078251264,-0.040245729217487355,1.0
img_5fd035bec4171d6b6ba5975a,right,Tile_1,indoor,1772726577354654976,197.011968,-0.389888,-0.389888,0,-0.11609296943068337,0.16710493755912065,0.05101196812843728,-0.4408999681284373,0.3402132248653371
img_6016a762546377de75ffa928,right,Tile_1,indoor,1772726531852012800,151.509325824,0.272902,0.272902,0,-0.11609296943068337,0.18744952548766253,0.07135655605697916,0.20154544394302082,0.744249024266739
img_601de3b87602df931f31758c,right,Tile_1,outdoor,1772726492849620992,112.506934016,-0.511001,-0.511001,0,-0.11609296943068337,-0.23865511188926997,-0.35474808131995333,-0.1562529186800467,0.9599820679647554
img_6140eac6fa52c2bec7a4cf37,right,Tile_1,covered,1772726480348834048,100.006147072,-0.0628355,-0.0628355,0,-0.11609296943068337,0.013454085920869255,-0.10263888350981411,0.039803383509814105,1.0
img_615171763cd60793081fb097,right,Tile_1,covered,1772726508350533120,128.007846144,-0.268374,-0.268374,0,-0.11609296943068337,-0.07816647759833315,-0.1942594470290165,-0.07411455297098349,1.0
img_6173ff107b2e5193068fdc8c,left,Tile_1,covered,1772726487849295872,107.506608896,0.0925543,0.0925543,0,-0.11609296943068337,0.0688537672092697,-0.04723920222141367,0.13979350222141368,1.0
img_61807e09bce534e140ff3497,right,Tile_1,indoor,1772726565854044928,185.511357952,-0.0660872,-0.0660872,0,-0.11609296943068337,0.17361234743012227,0.0575193779994389,-0.1236065779994389,1.0
img_61f4cc2148cac254e5f04ce6,right,Tile_1,covered,1772726460847625984,80.504939008,-0.380403,-0.380403,0,-0.11609296943068337,-0.06240995402082071,-0.1785029234515041,-0.2019000765484959,0.7429417688406392
img_622228827b821ea7fad563a5,right,Tile_1,outdoor,1772726436846160896,56.50347392,-0.00158249,-0.00158249,0,-0.11609296943068337,0.09110525408875028,-0.024987715341933087,0.02340522534193308,1.0
img_62bb470e8f17d63e54df8e2e,right,Tile_1,outdoor,1772726584855147008,204.512460032,0.0161659,0.0161659,0,-0.11609296943068337,0.020650664859625793,-0.09544230457105757,0.11160820457105758,1.0
img_62ded7e2c0eb75337746a1b4,right,Tile_1,covered,1772726509350600960,129.007913984,0.00530766,0.00530766,0,-0.11609296943068337,-0.06826700922827077,-0.18435997865895415,0.18966763865895414,0.7908571069929253
img_6400739caa04d0ac69c41527,right,Tile_1,indoor,1772726548352942848,168.010255872,-0.637317,-0.637317,0,-0.11609296943068337,-0.2592914496105893,-0.3753844190412727,-0.2619325809587273,0.5726664451248067
img_649f98a511547e2d01b94687,right,Tile_1,indoor,1772726461347658752,81.004971776,-0.209727,-0.209727,0,-0.11609296943068337,-0.05441890181444763,-0.170511871245131,-0.03921512875486899,1.0
img_64fe4e65c3736b0d7b32fecb,right,Tile_1,indoor,1772726526851661056,146.50897408,0.333675,0.333675,0,-0.11609296943068337,0.16414271859113436,0.04804974916045099,0.28562525083954904,0.525163652580083
img_654224d56a5a5fc52b21d876,left,Tile_1,outdoor,1772726593355632128,213.012945152,-0.0317413,-0.0317413,0,-0.11609296943068337,0.031461855803916236,-0.08463111362676713,0.05288981362676713,1.0
img_6546170e68807f8e8a52ad34,left,Tile_1,covered,1772726510850713856,130.50802688,0.0538919,0.0538919,0,-0.11609296943068337,0.10775532176097041,-0.008337647669712955,0.06222954766971295,1.0
img_65f505414e53514b40c87f66,right,Tile_1,outdoor,1772726404344176128,24.001489152,-0.109385,-0.109385,0,-0.11609296943068337,-0.026476361338346025,-0.1425693307690294,0.033184330769029394,1.0
img_662459e85d0d8812f926ab99,left,Tile_1,covered,1772726459847571968,79.504884992,-0.454279,-0.454279,0,-0.11609296943068337,-0.10929042837428724,-0.2253833978049706,-0.22889560219502939,0.6553205852867073
img_669111f98083cce643c39165,right,Tile_1,indoor,1772726572854388992,192.511702016,0.0700195,0.0700195,0,-0.11609296943068337,0.2225635750577576,0.10647060562707422,-0.03645110562707422,1.0
img_6740b2dd81f92ad3ddabaecd,right,Tile_1,outdoor,1772726495349742848,115.007055872,-0.535698,-0.535698,0,-0.11609296943068337,-0.2115552066968933,-0.3276481761275767,-0.20804982387242332,0.7209811438820557
img_6775eeb93e9fdc907d461bdf,left,Tile_1,indoor,1772726577854702080,197.512015104,-0.682088,-0.682088,0,-0.11609296943068337,-0.023889169627903026,-0.1399821390585864,-0.5421058609414137,0.27669872400846585
img_6819a75fda93260e77669bee,right,Tile_1,indoor,1772726458347492864,78.004805888,-0.233327,-0.233327,0,-0.11609296943068337,-0.04351397104535771,-0.15960694047604107,-0.07372005952395894,1.0
img_68f31368a376525690e48608,right,Tile_1,outdoor,1772726400843888896,20.50120192,-0.0467949,-0.0467949,0,-0.11609296943068337,-0.01566134252465304,-0.1317543119553364,0.0849594119553364,1.0
img_692d5bbdcde19c70d8b4d819,right,Tile_1,outdoor,1772726497849912832,117.507225856,-0.340927,-0.340927,0,-0.11609296943068337,-0.18445477982424952,-0.3005477492549329,-0.0403792507450671,1.0
img_69419e5adbf182700c58bb12,right,Tile_1,outdoor,1772726441346459904,61.003772928,-0.0803725,-0.0803725,0,-0.11609296943068337,0.0889791512007256,-0.027113818229957773,-0.05325868177004223,1.0
img_6945a13d80ea37856cdb03cf,right,Tile_1,outdoor,1772726437346190848,57.003503872,0.0098529,0.0098529,0,-0.11609296943068337,0.09118905028641952,-0.024903919144263847,0.034756819144263845,1.0
img_6957fc6391e712cf9f28468c,left,Tile_1,covered,1772726489349388800,109.006701824,-0.0699076,-0.0699076,0,-0.11609296943068337,0.07359364587903457,-0.0424993235516488,-0.0274082764483512,1.0
img_69e4bef02a10ed141acc261e,left,Tile_1,indoor,1772726459347589888,79.004902912,-0.390935,-0.390935,0,-0.11609296943068337,-0.10827744604991174,-0.2243704154805951,-0.16656458451940487,0.9005515814349173
img_6a2408035c3724c55335982f,left,Tile_1,indoor,1772726465347929088,85.005242112,-0.440324,-0.440324,0,-0.11609296943068337,-0.11742878502835623,-0.2335217544590396,-0.2068022455409604,0.7253306152823672
img_6ca3ccb0981185a28e1f93dc,left,Tile_1,outdoor,1772726441846500864,61.503813888,-0.693147,-0.696657,1,-0.11609296943068337,-0.20309723192772655,-0.3191902013584099,-0.37395679864159004,0.40111585227191954
img_6d2459e72635c43c38ab9b72,left,Tile_1,indoor,1772726553853328896,173.51064192,0.158731,0.158731,0,-0.11609296943068337,0.2411073682775733,0.12501439884688992,0.03371660115311009,1.0
img_6d97759db67f18d871487e44,left,Tile_1,indoor,1772726579854817792,199.512130816,0.00938183,0.00938183,0,-0.11609296943068337,-0.037747393844936326,-0.1538403632756197,0.16322219327561968,0.9189926748913827
img_6ed6c4d41155b1fef7584c54,right,Tile_1,outdoor,1772726408344381952,28.001694976,-0.102654,-0.102654,0,-0.11609296943068337,-0.03883600452696657,-0.15492897395764993,0.052274973957649934,1.0
img_6edd04890eae67b7aad63fbe,right,Tile_1,indoor,1772726463347784960,83.005097984,-0.136631,-0.136631,0,-0.11609296943068337,-0.022454770720818286,-0.13854774015150165,0.0019167401515016447,1.0
img_6f0133802dcbba5715db2a6b,right,Tile_1,outdoor,1772726417344945920,37.002258944,-0.0369514,-0.0369514,0,-0.11609296943068337,0.015455030783342465,-0.1006379386473409,0.06368653864734089,1.0
img_6f8a41645307886414fdb6d8,left,Tile_1,covered,1772726508350550016,128.00786304,0.149887,0.149887,0,-0.11609296943068337,0.09968728324945715,-0.016405686181226217,0.16629268618122622,0.9020240363218957
img_70695d79bf115291f89af020,left,Tile_1,outdoor,1772726511850808832,131.508121856,-0.0434461,-0.0434461,0,-0.11609296943068337,0.10056488641551527,-0.015528083015168101,-0.027918016984831893,1.0
img_7075633227ed0e239cb80bdf,right,Tile_1,covered,1772726482849029120,102.506342144,-0.00498045,-0.00498045,0,-0.11609296943068337,-0.05641504690622239,-0.17250801633690577,0.16752756633690577,0.895375031583417
img_714f4ac0cedca8648afe46e2,right,Tile_1,outdoor,1772726445846728960,65.504041984,-0.0750249,-0.0750249,0,-0.11609296943068337,0.07682003163156526,-0.03927293779911811,-0.035751962200881886,1.0
img_71a7ea5f418376a993b7afdc,right,Tile_1,indoor,1772726569354188032,189.011501056,0.115146,0.115146,0,-0.11609296943068337,0.23591968337526942,0.11982671394458605,-0.004680713944586051,1.0
img_729de0fdc89bc5da6f822671,right,Tile_1,outdoor,1772726431345884928,51.003197952,-0.0306055,-0.0306055,0,-0.11609296943068337,0.0901835048807151,-0.025909464549968272,-0.004696035450031728,1.0
img_72ad41ba4c78ddfc7ef4dd7c,right,Tile_1,indoor,1772726574354477056,194.01179008,0.412507,0.412507,0,-0.11609296943068337,0.20407736991939718,0.08798440048871381,0.3245225995112862,0.4622174240742926
img_72b0880469760869c633c6c8,left,Tile_1,outdoor,1772726596355841024,216.013154048,-0.0675525,-0.0675525,0,-0.11609296943068337,0.05325803738118962,-0.06283493204949375,-0.004717567950506249,1.0
img_72d329aaeffd9ca5bb751d0f,right,Tile_1,outdoor,1772726402844056832,22.501369856,-0.112452,-0.112452,0,-0.11609296943068337,-0.02184136502698507,-0.13793433445766845,0.025482334457668426,1.0
img_72da77466142f9222ca9b432,right,Tile_1,indoor,1772726562353859072,182.011172096,-0.0464838,-0.0464838,0,-0.11609296943068337,0.11130425044088398,-0.004788718989799393,-0.041695081010200606,1.0
img_730764b3a74203f26ba4ada6,left,Tile_1,outdoor,1772726448846936832,68.504249856,-0.139833,-0.139833,0,-0.11609296943068337,-0.10993805851757762,-0.226031027948261,0.08619802794826098,1.0
img_732560e3ddae6ed22512b874,right,Tile_1,outdoor,1772726409844475136,29.50178816,-0.496011,-0.496011,0,-0.11609296943068337,-0.043470920158728256,-0.15956388958941162,-0.3364471104105884,0.4458353047435753
img_736215cb0d2336e90c45f014,left,Tile_1,indoor,1772726565353968896,185.01128192,0.0811234,0.0811234,0,-0.11609296943068337,0.13905949029366121,0.022966520862977846,0.058156879137022166,1.0
img_738d35da53c08f4a598d2f51,left,Tile_1,outdoor,1772726592855638016,212.51295104,0.0177673,0.0177673,0,-0.11609296943068337,0.02782945458437155,-0.08826351484631181,0.10603081484631181,1.0
img_73f4d80d0df342e9c22fd43b,right,Tile_1,indoor,1772726552853213952,172.510526976,-0.648195,-0.648195,0,-0.11609296943068337,-0.20810203501809638,-0.32419500444877974,-0.32399999555122017,0.4629629693198158
img_745b8376779d3a40a84872e7,left,Tile_1,indoor,1772726575354549760,195.011862784,0.0223377,0.0223377,0,-0.11609296943068337,-0.006566336144108674,-0.12265930557479204,0.14499700557479203,1.0
img_74943b1f05f275dfa3e64b53,right,Tile_1,outdoor,1772726513350844928,133.008157952,-0.143263,-0.143263,0,-0.11609296943068337,-0.03148976348376421,-0.14758273291444757,0.004319732914447566,1.0
img_74b928466746e82240803e26,right,Tile_1,indoor,1772726542852616192,162.509929216,-0.261487,-0.261487,0,-0.11609296943068337,-0.1380006246803469,-0.2540935941110303,-0.007393405888969751,1.0
img_74efacc1aeb4fe0934adf511,left,Tile_1,indoor,1772726576854685952,196.511998976,-0.463769,-0.463769,0,-0.11609296943068337,-0.016960346640648966,-0.13305331607133233,-0.3307156839286677,0.4535617973060921
img_753e568dd0cb0b359ee23e57,left,Tile_1,outdoor,1772726423845337856,43.50265088,-0.347628,-0.347628,0,-0.11609296943068337,-0.17154555439003338,-0.28763852382071675,-0.05998947617928324,1.0
img_754e03fcb0ec2dfff08a5e4f,right,Tile_1,outdoor,1772726496849842176,116.5071552,-0.539882,-0.539882,0,-0.11609296943068337,-0.19529497943221533,-0.31138794886289867,-0.2284940511371013,0.6564722330998315
img_756290dd6ae53ced57388fae,left,Tile_1,outdoor,1772726493849693184,113.507006208,0.0489487,0.0489487,0,-0.11609296943068337,0.06825971417516095,-0.047833255255522414,0.09678195525552241,1.0
img_75a30ee17616282a88941ad2,left,Tile_1,outdoor,1772726590855480064,210.512793088,-0.0491368,-0.0491368,0,-0.11609296943068337,0.013298531099962312,-0.10279443833072105,0.05365763833072106,1.0
img_764fe29b4e1960f79bb29e3d,right,Tile_1,outdoor,1772726394343603968,14.000916992,-0.159431,-0.159431,0,-0.11609296943068337,0.0091658088905378,-0.10692716054014556,-0.05250383945985443,1.0
img_767138f6ff85ce73dc611a99,left,Tile_1,covered,1772726507350515968,127.007828992,0.148615,0.148615,0,-0.11609296943068337,0.09380363903373576,-0.02228933039694761,0.1709043303969476,0.8776840215318443
img_769f7332c72ccca1e08d266b,left,Tile_1,indoor,1772726567354110976,187.011424,0.166492,0.166492,0,-0.11609296943068337,0.09459598163640133,-0.021496987794282038,0.18798898779428203,0.7979190789842769
img_76ca13299aa4657ab76c685e,left,Tile_1,covered,1772726480348849152,100.006162176,-0.0722277,-0.0722277,0,-0.11609296943068337,0.04515443048268798,-0.07093853894799539,-0.0012891610520046198,1.0
img_77098503d4402a0360da6d34,right,Tile_1,covered,1772726472348363776,92.0056768,-0.168999,-0.168999,0,-0.11609296943068337,0.07414712349474746,-0.04194584593593591,-0.1270531540640641,1.0
img_77219089d0772978b6821983,left,Tile_1,outdoor,1772726497849928960,117.507241984,-0.0755627,-0.0755627,0,-0.11609296943068337,0.05859565536797566,-0.05749731406270771,-0.01806538593729229,1.0
img_77ed34b0126642eb21004da8,right,Tile_1,outdoor,1772726390343308032,10.000621056,-0.111864,-0.111864,0,-0.11609296943068337,0.024688370645611357,-0.09140459878507201,-0.020459401214927994,1.0
img_780059d915b011a5bd08b6b7,right,Tile_1,outdoor,1772726513850872064,133.508185088,0.030621,0.030621,0,-0.11609296943068337,-0.027008906551124846,-0.1431018759818082,0.17372287598180822,0.8634441443146934
img_783c40ea973d77f89e68bd01,right,Tile_1,indoor,1772726566354014976,186.011328,-0.00629874,-0.00629874,0,-0.11609296943068337,0.18251249831470914,0.06641952888402577,-0.07271826888402577,1.0
img_789243cb60bd90423c2cc36f,right,Tile_1,outdoor,1772726418845048832,38.502361856,-0.0110318,-0.0110318,0,-0.11609296943068337,0.028408589934170708,-0.08768437949651266,0.07665257949651266,1.0
img_78a3f1935a07eebf17609099,right,Tile_1,outdoor,1772726448346888960,68.004201984,-0.0505945,-0.0505945,0,-0.11609296943068337,0.07006493676862559,-0.04602803266205778,-0.0045664673379422205,1.0
img_790005ba0043de4a43aaf92c,left,Tile_1,indoor,1772726464347859968,84.005172992,-0.291675,-0.291675,0,-0.11609296943068337,-0.11600313403551593,-0.2320961034661993,-0.05957889653380072,1.0
img_7a41592105a1e385ea290380,right,Tile_1,outdoor,1772726410844537856,30.50185088,-0.0371311,-0.0371311,0,-0.11609296943068337,-0.0406767317030601,-0.15676970113374347,0.11963860113374347,1.0
img_7bb3380ce80f1bc1d599c623,right,Tile_1,covered,1772726492349608960,112.006921984,-0.509745,-0.509745,0,-0.11609296943068337,-0.24407495917780442,-0.3601679286084878,-0.14957707139151222,1.0
img_7bd154c88477cf14f3e327e8,right,Tile_1,indoor,1772726545352769024,165.010082048,-0.357004,-0.357004,0,-0.11609296943068337,-0.19313291379887915,-0.3092258832295625,-0.04777811677043753,1.0
img_7c194d874150e53dc7911d70,right,Tile_1,covered,1772726509850633984,129.507947008,-0.0584372,-0.0584372,0,-0.11609296943068337,-0.0633172839125614,-0.17941025334324479,0.12097305334324479,1.0
img_7c4bd9a8b55c8f86fa134466,right,Tile_1,indoor,1772726534352160000,154.009473024,0.297868,0.297868,0,-0.11609296943068337,0.10791574098482534,-0.008177228445858026,0.3060452284458581,0.49012363552185306
img_7c515910e5b2babce47b2d20,left,Tile_1,outdoor,1772726587855303168,207.512616192,-0.0834655,-0.0834655,0,-0.11609296943068337,-0.0030380994111405294,-0.1191310688418239,0.0356655688418239,1.0
img_7cbdf15076430dd9350f81b8,right,Tile_1,stationary_unresolved,1772726387343147008,7.000460032,0.0157446,0.0157446,0,-0.11609296943068337,0.04876430745129494,-0.06732866197938843,0.08307326197938841,1.0
img_7cbe47c2fcf912025e6a1750,right,Tile_1,indoor,1772726573354415872,193.011728896,0.152428,0.152428,0,-0.11609296943068337,0.2164015371746439,0.10030856774396052,0.05211943225603949,1.0
img_7ce21959ed0341af67a18655,right,Tile_1,indoor,1772726552353229056,172.01054208,-0.693147,-0.724427,1,-0.11609296943068337,-0.2270350161865863,-0.34312798561726965,-0.3500190143827303,0.4285481469186175
img_7d6f42b0bce05fe141244829,right,Tile_1,outdoor,1772726442846546944,62.503859968,-0.245543,-0.245543,0,-0.11609296943068337,0.0849261184916724,-0.031166850939010962,-0.21437614906098906,0.6997047043574127
img_7dcdf9e8d78797e6f40a6690,right,Tile_1,indoor,1772726578354714880,198.012027904,0.0669019,0.0669019,0,-0.11609296943068337,0.15478078607784249,0.03868781664715912,0.028214083352840896,1.0
img_7e1c9e745aed152b1e706429,right,Tile_1,outdoor,1772726393843569920,13.500882944,-0.0821145,-0.0821145,0,-0.11609296943068337,0.01110611768616172,-0.10498685174452164,0.022872351744521638,1.0
img_7e5fa33d0d13a5a9e8727f84,right,Tile_1,outdoor,1772726405344205824,25.001518848,0.0100685,0.0100685,0,-0.11609296943068337,-0.02956620490250176,-0.14565917433318512,0.15572767433318516,0.9632199327594748
img_7eb69cbcb3cfc4f6f4283b99,right,Tile_1,indoor,1772726542352633088,162.009946112,-0.274242,-0.274242,0,-0.11609296943068337,-0.12697521347696133,-0.2430681829076447,-0.031173817092355283,1.0
img_8025ffd18b089ef27d299a02,right,Tile_1,outdoor,1772726430845890048,50.503203072,-0.0732731,-0.0732731,0,-0.11609296943068337,0.09009971456049426,-0.02599325487018911,-0.047279845129810885,1.0
img_8034bee18078f34322ce32c4,right,Tile_1,indoor,1772726468848142848,88.505455872,0.0572932,0.0572932,0,-0.11609296943068337,0.06544676263777603,-0.050646206792907336,0.10793940679290734,1.0
img_8090a41117eb65d08a63dfb6,left,Tile_1,indoor,1772726466347998976,86.005312,-0.252104,-0.252104,0,-0.11609296943068337,-0.11885443711602084,-0.2349474065467042,-0.017156593453295788,1.0
img_80940ca2f4c06ff631233746,right,Tile_1,stationary_unresolved,1772726386843112960,6.500425984,-0.00327284,-0.00327284,0,-0.11609296943068337,0.05277745054268207,-0.0633155188880013,0.0600426788880013,1.0
img_809b1e32b82c29585751f38a,left,Tile_1,indoor,1772726546352840960,166.010153984,0.0551849,0.0551849,0,-0.11609296943068337,0.1359898014878473,0.019896832057163943,0.03528806794283605,1.0
img_80df250f9970d79b3541dfbf,right,Tile_1,indoor,1772726533352098816,153.00941184,0.293438,0.293438,0,-0.11609296943068337,0.13972932807997984,0.023636358649296474,0.2698016413507035,0.5559640009936836
img_8123b95a19d4d38c968b46a6,right,Tile_1,outdoor,1772726475348558848,95.005871872,-0.0897421,-0.0897421,0,-0.11609296943068337,0.05143406002643718,-0.06465890940424618,-0.025083190595753826,1.0
img_82d9fb8847d38ab47a5fd588,left,Tile_1,outdoor,1772726477848705024,97.506018048,-0.0807633,-0.0807633,0,-0.11609296943068337,0.0028160678456417357,-0.11327690158504164,0.03251360158504164,1.0
img_838c23e27b7d0914a3d56cc1,left,Tile_1,outdoor,1772726495349758976,115.007072,0.0187246,0.0187246,0,-0.11609296943068337,0.06463574677916145,-0.05145722265152192,0.07018182265152192,1.0
img_8445df47b782669dc1b90367,right,Tile_1,indoor,1772726464847874816,84.50518784,0.115341,0.115341,0,-0.11609296943068337,0.0015182508903297948,-0.11457471854035357,0.2299157185403536,0.6524129839938403
img_8448119d6dd039f747f28fad,right,Tile_1,stationary_unresolved,1772726381342714112,1.000027136,0.0367672,0.0367672,0,-0.11609296943068337,0.0969222197339291,-0.019170749696754266,0.055937949696754266,1.0
img_844c2dcd66a9f0b1ea61b610,left,Tile_1,indoor,1772726578354730752,198.012043776,-0.693147,-0.727892,1,-0.11609296943068337,-0.02735372390841131,-0.14344669333909468,-0.5497003066609053,0.27287596201493625
img_84697fc9c6f4c5bed7b7f5e7,left,Tile_1,indoor,1772726547852930048,167.510243072,0.0156848,0.0156848,0,-0.11609296943068337,0.1736090167469218,0.05751604731623844,-0.041831247316238426,1.0
img_84c4dd47f20c39c3503715c4,left,Tile_1,indoor,1772726553353296128,173.010609152,0.0811234,0.0811234,0,-0.11609296943068337,0.24038661828557384,0.12429364885489047,-0.043170248854890486,1.0
img_84dc5ebb65e295c784cd23a8,left,Tile_1,outdoor,1772726447346840832,67.004153856,-0.199423,-0.199423,0,-0.11609296943068337,-0.12990077284489632,-0.24599374227557969,0.04657074227557967,1.0
img_854fa679dccac7d7e0b62e14,left,Tile_1,outdoor,1772726498850016000,118.507329024,-0.0664463,-0.0664463,0,-0.11609296943068337,0.05617957278983116,-0.059913396640852205,-0.006532903359147801,1.0
img_85721e8fec7e71b7c7f73a5a,left,Tile_1,outdoor,1772726426345499904,46.002812928,-0.328674,-0.328674,0,-0.11609296943068337,-0.17221271206956207,-0.28830568150024544,-0.040368318499754585,1.0
img_85a543b7c72c048e16fcfee4,left,Tile_1,outdoor,1772726476848726016,96.50603904,-0.033907,-0.033907,0,-0.11609296943068337,-0.014151979366353627,-0.130244948797037,0.096337948797037,1.0
img_85e78662bf093fa213534df1,right,Tile_1,outdoor,1772726597855890944,217.513203968,-0.457053,-0.457053,0,-0.11609296943068337,-0.1739088058648941,-0.29000177529557747,-0.16705122470442252,0.897928167036233
img_864756b6e6d7af01e546481e,right,Tile_1,outdoor,1772726391343368960,11.000681984,0.033361,0.033361,0,-0.11609296943068337,0.02080778086873637,-0.095285188561947,0.12864618856194698,1.0
img_864f94111ef95cfcf74e9828,right,Tile_1,outdoor,1772726421345256960,41.002569984,-0.0977642,-0.0977642,0,-0.11609296943068337,0.04622082691427588,-0.0698721425164075,-0.027892057483592497,1.0
img_86575fe5a65f1c1856691512,right,Tile_1,outdoor,1772726588355316992,208.012630016,0.000228139,0.000228139,0,-0.11609296943068337,-0.06438697563819362,-0.180479945068877,0.18070808406887698,0.8300680114721786
img_873f8a46b4f56524c493f90f,left,Tile_1,outdoor,1772726497349894144,117.007207168,-0.0721082,-0.0721082,0,-0.11609296943068337,0.05980367562929542,-0.056289293801387946,-0.01581890619861205,1.0
img_876fed3a87ac79c0d63a1017,right,Tile_1,covered,1772726471348340992,91.005654016,-0.38605,-0.38605,0,-0.11609296943068337,0.0817178248717107,-0.03437514455897267,-0.35167485544102733,0.42653035233891956
img_87edfad3f6901cbaccb73eb1,right,Tile_1,outdoor,1772726477848688896,97.50600192,-0.0484726,-0.0484726,0,-0.11609296943068337,0.03250675326921393,-0.08358621616146944,0.03511361616146944,1.0
img_88226fd046cc5356cc68c8ec,right,Tile_1,outdoor,1772726398843760896,18.50107392,-0.0594088,-0.0594088,0,-0.11609296943068337,-0.008296390141729514,-0.12438935957241289,0.06498055957241287,1.0
img_88f56dd83ab43bbefa88be99,left,Tile_1,outdoor,1772726499850046976,119.50736,-0.0720078,-0.0720078,0,-0.11609296943068337,0.05376362565515133,-0.06232934377553204,-0.009678456224467953,1.0
img_899fdb6f39652cc58649d147,right,Tile_1,indoor,1772726537352364032,157.009677056,-0.332453,-0.332453,0,-0.11609296943068337,0.01247432819695768,-0.10361864123372569,-0.2288343587662743,0.6554959701362252
img_89a641da0fa44949a2822d47,right,Tile_1,outdoor,1772726423845319936,43.50263296,-0.156303,-0.156303,0,-0.11609296943068337,0.05838976371462256,-0.05770320571606081,-0.0985997942839392,1.0
img_89dbae486825e8e491b2f107,right,Tile_1,covered,1772726583355017984,203.012331008,-0.193339,-0.193339,0,-0.11609296943068337,0.05709673268673077,-0.0589962367439526,-0.1343427632560474,1.0
img_8a5782154627496067ab070d,right,Tile_1,outdoor,1772726415844847872,35.502160896,-0.142207,-0.142207,0,-0.11609296943068337,0.0025015136337070976,-0.11359145579697627,-0.02861554420302373,1.0
img_8a836ae7085e580269664f4b,right,Tile_1,outdoor,1772726586355254016,206.01256704,0.0686305,0.0686305,0,-0.11609296943068337,-0.01579486808240057,-0.13188783751308394,0.20051833751308396,0.7480612589370406
img_8b86a5f7e66ce5098ea7120a,right,Tile_1,covered,1772726491349501952,111.006814976,-0.480356,-0.480356,0,-0.11609296943068337,-0.25491555282086553,-0.3710085222515489,-0.1093474777484511,1.0
img_8bdef04bbeeb5f84aab07251,left,Tile_1,indoor,1772726598355931904,218.013244928,-0.017928,-0.017928,0,-0.11609296943068337,0.06778847359503153,-0.04830449583565184,0.030376495835651843,1.0
img_8c2af5819c98a4c49838403d,right,Tile_1,outdoor,1772726519851233024,139.508546048,-0.0237968,-0.0237968,0,-0.11609296943068337,0.026761693222793877,-0.0893312762078895,0.06553447620788949,1.0
img_8c3e6079842882b7a563f29e,right,Tile_1,indoor,1772726579854802944,199.512115968,0.015654,0.015654,0,-0.11609296943068337,0.13629458093948252,0.02020161150879915,-0.004547611508799149,1.0
img_8c80111aab308428694788f4,right,Tile_1,outdoor,1772726401843961088,21.501274112,-0.12109,-0.12109,0,-0.11609296943068337,-0.01875131739090173,-0.1348442868215851,0.013754286821585082,1.0
img_8cb5b725b7b6ad962fac04a5,right,Tile_1,outdoor,1772726432846006784,52.503319808,0.00145457,0.00145457,0,-0.11609296943068337,0.0904348988363582,-0.025658070594325164,0.02711264059432516,1.0
img_8cd89f371a942c3c6c92b440,left,Tile_1,covered,1772726485349150976,105.006464,-0.0207191,-0.0207191,0,-0.11609296943068337,0.06095400097300623,-0.055138968457677136,0.03441986845767714,1.0
img_8d2055f12af7808e4abb1128,left,Tile_1,indoor,1772726572854402048,192.511715072,-0.291727,-0.291727,0,-0.11609296943068337,0.010756465412184097,-0.10533650401849927,-0.18639049598150076,0.8047620626262376
img_8d2653f0e92eb51552d9d708,right,Tile_1,outdoor,1772726438846304000,58.503617024,-0.0278424,-0.0278424,0,-0.11609296943068337,0.09144044278342581,-0.02465252664725756,-0.003189873352742425,1.0
img_8e7406ac1d20129cfb445559,right,Tile_1,covered,1772726583855046912,203.512359936,-0.127112,-0.127112,0,-0.11609296943068337,0.04494838548869477,-0.0711445839419886,-0.05596741605801141,1.0
img_8ef82436b387ffb945bf91a5,right,Tile_1,indoor,1772726566854084864,186.511397888,0.0405175,0.0405175,0,-0.11609296943068337,0.19141442648789228,0.07532145705720891,-0.034803957057208915,1.0
img_8efe5cca9c8833e14b9d60ff,left,Tile_1,indoor,1772726462847769856,82.50508288,-0.400408,-0.400408,0,-0.11609296943068337,-0.11386467688815123,-0.22995764631883459,-0.1704503536811654,0.8800216412608995
img_8f0e7759dc55f86773c50f2b,right,Tile_1,outdoor,1772726475848583936,95.50589696,-0.0822674,-0.0822674,0,-0.11609296943068337,0.047648605651992054,-0.06844436377869131,-0.01382303622130869,1.0
img_90c01a0a342d72f043a54865,right,Tile_1,stationary_unresolved,1772726599856006912,219.513319936,-0.349188,-0.349188,0,-0.11609296943068337,-0.19021121257922072,-0.30630418200990406,-0.04288381799009594,1.0
img_90c4c943ac74ab146341b73c,right,Tile_1,indoor,1772726565353952768,185.011265792,-0.0320236,-0.0320236,0,-0.11609296943068337,0.16471002278486793,0.048617053354184564,-0.08064065335418456,1.0
img_90eea4dd5eaa99d0803f2f7d,right,Tile_1,covered,1772726456847405056,76.50471808,-0.534822,-0.534822,0,-0.11609296943068337,-0.02323998834702103,-0.1393329577777044,-0.39548904222229564,0.3792772592563723
img_9294bdfdfc421be19feca3a8,right,Tile_1,covered,1772726481848922880,101.506235904,-0.00539013,-0.00539013,0,-0.11609296943068337,-0.028466605400069303,-0.14455957483075266,0.1391694448307527,1.0
img_92dd1fda516c07508a76a56c,right,Tile_1,outdoor,1772726401343922944,21.001235968,0.0255687,0.0255687,0,-0.11609296943068337,-0.017206323629965676,-0.13329929306064905,0.15886799306064903,0.9441801152654858
img_93526b49c3d4ea71e085b123,left,Tile_1,outdoor,1772726425845465856,45.50277888,-0.333923,-0.333923,0,-0.11609296943068337,-0.17207928009645623,-0.2881722495271396,-0.045750750472860424,1.0
img_94448b4974045a36f76fb520,right,Tile_1,outdoor,1772726514850932736,134.50824576,-0.0400159,-0.0400159,0,-0.11609296943068337,-0.018047135333989994,-0.13414010476467336,0.09412420476467337,1.0
img_94927e44b477e8913c19b6ca,right,Tile_1,covered,1772726486349238784,106.006551808,-0.312725,-0.312725,0,-0.11609296943068337,-0.15423006009279625,-0.27032302952347964,-0.042401970476520334,1.0
img_94e02476ceafeb0eb6a0b463,right,Tile_1,indoor,1772726470848311808,90.505624832,-0.429567,-0.429567,0,-0.11609296943068337,0.08550331025504218,-0.030589659175641187,-0.39897734082435876,0.3759612004282576
img_953b301eedea931f01d7519b,left,Tile_1,covered,1772726509850650112,129.507963136,0.0778186,0.0778186,0,-0.11609296943068337,0.1085130380029929,-0.0075799314276904645,0.08539853142769047,1.0
img_954f086e75547572ac933571,left,Tile_1,outdoor,1772726424845409792,44.502722816,-0.329144,-0.329144,0,-0.11609296943068337,-0.17181241936093286,-0.2879053887916162,-0.041238611208383735,1.0
img_9633e8945f2c59ccce41f434,left,Tile_1,covered,1772726481348909824,101.006222848,-0.0618974,-0.0618974,0,-0.11609296943068337,0.04831434555141863,-0.06777862387926474,0.005881223879264742,1.0
img_963a1658563cdcae13dded91,left,Tile_1,covered,1772726482348969984,102.006283008,0.0607193,0.0607193,0,-0.11609296943068337,0.051474259002370945,-0.06461871042831242,0.1253380104283124,1.0
img_96ec06089b236e99424a6f3b,left,Tile_1,outdoor,1772726448346905088,68.004218112,-0.225244,-0.225244,0,-0.11609296943068337,-0.11659229321993192,-0.2326852626506153,0.007441262650615316,1.0
img_975693a59615e9b56e83fb87,right,Tile_1,indoor,1772726532852074752,152.509387776,0.334837,0.334837,0,-0.11609296943068337,0.15563591396116647,0.0395429445304831,0.2952940554695169,0.5079682344485408
img_977b8a805006c0e5b74cbe6d,right,Tile_1,covered,1772726485349135872,105.006448896,-0.344374,-0.344374,0,-0.11609296943068337,-0.12628171158917614,-0.2423746810198595,-0.1019993189801405,1.0
img_979bfd5fa0f6aaab6792aa9a,left,Tile_1,outdoor,1772726515350981120,135.008294144,0.0272996,0.0272996,0,-0.11609296943068337,0.07539951398710938,-0.040693455443573986,0.06799305544357398,1.0
img_98bb570ecf462a8b29f1009a,right,Tile_1,outdoor,1772726427345547008,47.002860032,-0.0790828,-0.0790828,0,-0.11609296943068337,0.07542695135146338,-0.04066601807921999,-0.038416781920780005,1.0
img_98f96242d8c202d61ed3e10a,left,Tile_1,covered,1772726457347449088,77.004762112,-0.374186,-0.374186,0,-0.11609296943068337,-0.10422508626001228,-0.22031805569069565,-0.15386794430930437,0.9748619224968064
img_98fbe7ea8fe6d8ecf2b8b9d7,right,Tile_1,stationary_unresolved,1772726600356036864,220.013349888,-0.332472,-0.332472,0,-0.11609296943068337,-0.19416612098687439,-0.3102590904175577,-0.022212909582442264,1.0
img_99068fd6187eaec18010aec9,right,Tile_1,indoor,1772726580354832896,200.01214592,-0.0234445,-0.0234445,0,-0.11609296943068337,0.12998709575666967,0.0138941263259863,-0.0373386263259863,1.0
img_9962d88cb31eac6975120aa9,left,Tile_1,outdoor,1772726475348614912,95.005927936,-0.14788,-0.14788,0,-0.11609296943068337,-0.039606469742926,-0.15569943917360937,0.00781943917360936,1.0
img_998fac7e5f651da4c2cd8d17,right,Tile_1,stationary_unresolved,1772726385843104768,5.500417792,-0.00318868,-0.00318868,0,-0.11609296943068337,0.06080325595154762,-0.05528971347913575,0.05210103347913576,1.0
img_99b7912c3fb02b71077e5347,left,Tile_1,stationary_unresolved,1772726600356051968,220.013364992,0.0582092,0.0582092,0,-0.11609296943068337,0.08222796663338557,-0.0338650027972978,0.0920742027972978,1.0
img_99cab519f1ef124e4b6289fd,right,Tile_1,outdoor,1772726522351382016,142.00869504,-0.117444,-0.117444,0,-0.11609296943068337,0.07220294826144685,-0.043890021169236515,-0.0735539788307635,1.0
img_99d41f95d5644a7003fc4ed6,left,Tile_1,indoor,1772726540852517888,160.509830912,-0.122795,-0.122795,0,-0.11609296943068337,-0.0019472312492516426,-0.11804020067993501,-0.004754799320064992,1.0
img_99ff5b55953852c01f3971b3,right,Tile_1,indoor,1772726539852445952,159.509758976,-0.262748,-0.262748,0,-0.11609296943068337,-0.06705737964197307,-0.18315034907265643,-0.07959765092734356,1.0
img_9a02444f21bdbcb3a9eda962,left,Tile_1,covered,1772726485849179136,105.50649216,0.0947994,0.0947994,0,-0.11609296943068337,0.06253395163181356,-0.053559017798869804,0.14835841779886982,1.0
img_9b00be96662f65f6e44b8ae9,right,Tile_1,outdoor,1772726521851394816,141.50870784,-0.12962,-0.12962,0,-0.11609296943068337,0.06198831314055819,-0.054104656290125175,-0.07551534370987484,1.0
img_9b81a0f6a1bf887a91ae2d98,left,Tile_1,covered,1772726456847420928,76.504733952,-0.370687,-0.370687,0,-0.11609296943068337,-0.10321201057583973,-0.2193049800065231,-0.1513820199934769,0.9908706463717656
img_9b8b69704375b186076619ee,right,Tile_1,outdoor,1772726499850030848,119.507343872,-0.319207,-0.319207,0,-0.11609296943068337,-0.1627746331237661,-0.2788676025544495,-0.04033939744555054,1.0
img_9c271c30d50fb06f24be9e36,right,Tile_1,indoor,1772726528351819008,148.009132032,0.476002,0.476002,0,-0.11609296943068337,0.19479063538456368,0.07869766595388031,0.39730433404611964,0.377544333514841
img_9cc72b24cfc01e68bb74537b,right,Tile_1,outdoor,1772726413844727040,33.502040064,-0.196211,-0.196211,0,-0.11609296943068337,-0.014769757089694996,-0.13086272652037836,-0.06534827347962163,1.0
img_9d11a004e9202f7dd1430bdc,left,Tile_1,outdoor,1772726422345299968,42.002612992,-0.333714,-0.333714,0,-0.11609296943068337,-0.17114527561715792,-0.2872382450478413,-0.04647575495215872,1.0
img_9d2169dd4ead7e93fd64a667,left,Tile_1,indoor,1772726527351708928,147.009021952,-0.149545,-0.149545,0,-0.11609296943068337,-0.0048825209121119584,-0.12097549034279532,-0.028569509657204673,1.0
img_9ee9430204cbc4d2cbd30ed3,right,Tile_1,indoor,1772726462347724032,82.005037056,-0.299651,-0.299651,0,-0.11609296943068337,-0.038436801492852724,-0.1545297709235361,-0.1451212290764639,1.0
img_9eeaefa15ae4a16e7247811e,right,Tile_1,indoor,1772726530351940864,150.009253888,0.267361,0.267361,0,-0.11609296943068337,0.23516927498744336,0.11907630555675999,0.14828469444324002,1.0
img_9f8e6e6735bab2261cf49998,right,Tile_1,outdoor,1772726399343814912,19.001127936,-0.0909382,-0.0909382,0,-0.11609296943068337,-0.01023677642024922,-0.1263297458509326,0.0353915458509326,1.0
img_9fc13fc6b2a89839552d140b,right,Tile_1,outdoor,1772726520351264000,140.008577024,0.0379068,0.0379068,0,-0.11609296943068337,0.031340950729998485,-0.08475201870068488,0.12265881870068487,1.0
img_9fdb192a6cce5207a022ddf4,left,Tile_1,outdoor,1772726587355271936,207.01258496,-0.0982823,-0.0982823,0,-0.11609296943068337,-0.005573300024902552,-0.12166626945558592,0.02338396945558592,1.0
img_9ffea0abbf2eabd75d38e11e,left,Tile_1,indoor,1772726526851676928,146.508989952,-0.139533,-0.139533,0,-0.11609296943068337,-0.0017154780112569774,-0.11780844744194034,-0.021724552558059634,1.0
img_a022d4ac11daef96817ffead,right,Tile_1,outdoor,1772726514350947840,134.008260864,-0.0619527,-0.0619527,0,-0.11609296943068337,-0.022527613744378897,-0.13862058317506226,0.07666788317506229,1.0
img_a14105de462c87fe3f894b4d,right,Tile_1,outdoor,1772726410344506880,30.001819904,-0.0897032,-0.0897032,0,-0.11609296943068337,-0.0449945560156779,-0.16108752544636126,0.07138432544636127,1.0
img_a1f74d52ddf18a7b95f8fb82,right,Tile_1,outdoor,1772726443346631936,63.00394496,-0.0991601,-0.0991601,0,-0.11609296943068337,0.08357495634185302,-0.032518013088830344,-0.06664208691116967,1.0
img_a21e76e673caa3f2f9ac6c92,right,Tile_1,indoor,1772726582354951936,202.01226496,-0.192636,-0.192636,0,-0.11609296943068337,0.08139362610980666,-0.03469934332087671,-0.1579366566791233,0.9497478492580222
img_a2dfad8a426ffd116653cba3,right,Tile_1,indoor,1772726562853868032,182.511181056,0.0121855,0.0121855,0,-0.11609296943068337,0.12020509401230839,0.004112124581625021,0.008073375418374986,1.0
img_a2e7e9dbb51942d5d12a742f,left,Tile_1,indoor,1772726536352329984,156.009643008,-0.625057,-0.625057,0,-0.11609296943068337,-0.01836145768065567,-0.13445442711133904,-0.49060257288866094,0.3057464601475735
img_a2ef0a0058461539f6d32279,right,Tile_1,outdoor,1772726417844980992,37.502294016,-0.0483064,-0.0483064,0,-0.11609296943068337,0.019772890465385835,-0.09632007896529754,0.04801367896529754,1.0
img_a34bf12eed338786d18daa62,left,Tile_1,indoor,1772726524351521024,144.008834048,-0.037771,-0.037771,0,-0.11609296943068337,0.014119710550262477,-0.10197325888042089,0.06420225888042089,1.0
img_a3cc951b233b580ed90eef07,left,Tile_1,outdoor,1772726588355331840,208.012644864,0.0272833,0.0272833,0,-0.11609296943068337,-0.0005029117767948984,-0.11659588120747827,0.14387918120747828,1.0
img_a415e25dd2ef27ecc5a4e82a,right,Tile_1,indoor,1772726465347912960,85.005225984,0.0807675,0.0807675,0,-0.11609296943068337,0.009509389010865454,-0.10658358041981791,0.1873510804198179,0.800635895260805
img_a43232d113b6f9e20c343e11,left,Tile_1,outdoor,1772726503850278912,123.507591936,-0.114246,-0.114246,0,-0.11609296943068337,0.07321019069127671,-0.04288277873940666,-0.07136322126059334,1.0
img_a49f9bef3e593948cf72d9a1,left,Tile_1,outdoor,1772726422845305856,42.50261888,-0.301301,-0.301301,0,-0.11609296943068337,-0.17127870007588675,-0.2873716695065701,-0.01392933049342987,1.0
img_a4bc513964ab0170b07c28bc,right,Tile_1,outdoor,1772726412844669952,32.501982976,-0.173642,-0.173642,0,-0.11609296943068337,-0.023405363713737755,-0.13949833314442112,-0.034143666855578875,1.0
img_a55455197d4f2ef471861034,right,Tile_1,indoor,1772726526351633152,146.008946176,0.313115,0.313115,0,-0.11609296943068337,0.15392725189594125,0.037834282465257885,0.2752807175347421,0.5448983181361734
img_a582079f26f392696e22c9e8,left,Tile_1,indoor,1772726564353956864,184.011269888,0.00872673,0.00872673,0,-0.11609296943068337,0.16128993286411908,0.04519696343343571,-0.03647023343343571,1.0
img_a6864217916e2f53d62d8977,right,Tile_1,outdoor,1772726497349878016,117.00719104,-0.454106,-0.454106,0,-0.11609296943068337,-0.18987487407844247,-0.30596784350912587,-0.14813815649087414,1.0
img_a6e40bded3c9f2217bdca885,left,Tile_1,indoor,1772726544352721920,164.010034944,0.0292225,0.0292225,0,-0.11609296943068337,0.08583084138911662,-0.03026212804156675,0.05948462804156675,1.0
img_a70b864456069a8a04299a32,left,Tile_1,outdoor,1772726591355510016,211.01282304,0.0303139,0.0303139,0,-0.11609296943068337,0.01693119269309295,-0.09916177673759041,0.12947567673759042,1.0
img_a7702c940d1875989ae07bb5,right,Tile_1,indoor,1772726574854508032,194.511821056,0.484651,0.484651,0,-0.11609296943068337,0.197915281559583,0.08182231212889962,0.4028286878711004,0.37236672689011147
img_a81fedc93cf86c096628e077,left,Tile_1,outdoor,1772726589355390976,209.012704,-0.0139587,-0.0139587,0,-0.11609296943068337,0.004567472577487875,-0.11152549685319549,0.0975667968531955,1.0
img_a82e5ed8936520040da5595f,right,Tile_1,covered,1772726459847555840,79.504868864,-0.343003,-0.343003,0,-0.11609296943068337,-0.06378761813431479,-0.17988058756499814,-0.16312241243500186,0.9195548162933732
img_a845da47748e8a6ca297bb3a,right,Tile_1,outdoor,1772726390843336960,10.500649984,-0.199889,-0.199889,0,-0.11609296943068337,0.022748081717396614,-0.09334488771328675,-0.10654411228671326,1.0
img_a8804fb8fac29a211615de16,left,Tile_1,covered,1772726458847533824,78.504846848,-0.469335,-0.469335,0,-0.11609296943068337,-0.10726431383119542,-0.2233572832618788,-0.24597771673812122,0.6098113357141884
img_a90635e58244461b86267963,left,Tile_1,indoor,1772726536852362752,156.509675776,-0.693147,-0.718596,1,-0.11609296943068337,-0.01790674510010202,-0.13399971453078538,-0.5591472854692145,0.26826563214757604
img_a910ffa64c6d26f6ee830d8c,right,Tile_1,indoor,1772726527351692800,147.009005824,0.445982,0.445982,0,-0.11609296943068337,0.17435826373673347,0.0582652943060501,0.3877167056939499,0.3868804149966259
img_a9801515c4acedf4f042d6ee,right,Tile_1,outdoor,1772726392843508992,12.500822016,-0.160981,-0.160981,0,-0.11609296943068337,0.014986707463036706,-0.10110626196764666,-0.05987473803235334,1.0
img_a994d67bd8f7baf8bc80fc12,left,Tile_1,outdoor,1772726495849790976,115.507104,-0.0392208,-0.0392208,0,-0.11609296943068337,0.0634277333209381,-0.05266523610974527,0.013444436109745272,1.0
img_a9e7f0e0c40e93878609f3f3,left,Tile_1,indoor,1772726532352043776,152.0093568,-0.00888256,-0.00888256,0,-0.11609296943068337,-0.021999180208057953,-0.13809214963874133,0.12920958963874132,1.0
img_abcaa5cd6df859ada3b95e63,right,Tile_1,indoor,1772726569854267904,189.511580928,-0.0235836,-0.0235836,0,-0.11609296943068337,0.24482178927731163,0.12872881984662826,-0.15231241984662827,0.9848179166941423
img_ace39114ea6e3dc2c06be34b,left,Tile_1,outdoor,1772726597355872000,217.013185024,0.0186516,0.0186516,0,-0.11609296943068337,0.06052315040877075,-0.05556981902191262,0.07422141902191262,1.0
img_ad64d81e52a8a7bcc90a5256,left,Tile_1,indoor,1772726559353672960,179.010985984,0.227471,0.227471,0,-0.11609296943068337,0.2490355945735792,0.13294262514289584,0.09452837485710416,1.0
img_ae76977466c8fa930454864c,right,Tile_1,outdoor,1772726434346002944,54.003315968,0.0511151,0.0511151,0,-0.11609296943068337,0.09068627172756943,-0.025406697703113934,0.07652179770311393,1.0
img_ae7fcdb96cefc23a2e9b1cb8,left,Tile_1,indoor,1772726555353378048,175.010691072,0.121087,0.121087,0,-0.11609296943068337,0.2432695474056075,0.12717657797492413,-0.006089577974924126,1.0
img_ae847fd97d3627e78b825c01,left,Tile_1,indoor,1772726547352930048,167.010243072,0.0474829,0.0474829,0,-0.11609296943068337,0.1610700230431442,0.04497705361246082,0.0025058463875391734,1.0
img_aedaf82ed3842144ec0c3951,right,Tile_1,outdoor,1772726476848721920,96.506034944,-0.0278886,-0.0278886,0,-0.11609296943068337,0.04007703215010074,-0.07601593728058262,0.04812733728058262,1.0
img_af0c87414478c62a4258fbee,right,Tile_1,indoor,1772726541852632064,161.509945088,-0.441914,-0.441914,0,-0.11609296943068337,-0.11594940710948509,-0.23204237654016846,-0.2098716234598315,0.7147226362820285
img_af58ddf11594de171687a482,left,Tile_1,indoor,1772726560853705984,180.511019008,0.242676,0.242676,0,-0.11609296943068337,0.23910112280991486,0.12300815337923149,0.11966784662076853,1.0
img_af7bad065c75951e1c1e1c4f,right,Tile_1,outdoor,1772726450347016960,70.004329984,0.122755,0.122755,0,-0.11609296943068337,0.06461403932252308,-0.05147893010816029,0.1742339301081603,0.8609115337459446
img_afa4fada790a296589f9fe98,left,Tile_1,indoor,1772726542352634880,162.009947904,-0.303009,-0.303009,0,-0.11609296943068337,0.035672683785982554,-0.08042028564470081,-0.22258871435529914,0.6738886130613431
img_afaf7f3f1d8bcc555be40c0f,left,Tile_1,indoor,1772726552853229056,172.51054208,0.147562,0.147562,0,-0.11609296943068337,0.2396658188475994,0.12357284941691604,0.023989150583083957,1.0
img_afbad3a10e48842de673fe08,right,Tile_1,covered,1772726486849220096,106.50653312,-0.463586,-0.463586,0,-0.11609296943068337,-0.16820227413737732,-0.2842952435680607,-0.17929075643193926,0.8366298574736709
img_affda59b9b625a3dde9beb85,right,Tile_1,outdoor,1772726424845394944,44.502707968,-0.17079,-0.17079,0,-0.11609296943068337,0.06325758091954334,-0.05283538851114003,-0.11795461148885997,1.0
img_b03cab9432767781d37d0c40,right,Tile_1,outdoor,1772726518351147776,138.0084608,-0.00113742,-0.00113742,0,-0.11609296943068337,0.013319088013761944,-0.10277388141692143,0.10163646141692143,1.0
img_b0dff84e59a8923bb4475ce6,right,Tile_1,indoor,1772726544852802048,164.510115072,-0.325999,-0.325999,0,-0.11609296943068337,-0.18210785824317585,-0.29820082767385925,-0.027798172326140735,1.0
img_b11bf686109a135a518900ea,left,Tile_1,outdoor,1772726500350077952,120.007390976,0.026677,0.026677,0,-0.11609296943068337,0.05261695471760855,-0.06347601471307482,0.09015301471307482,1.0
img_b163f81048a3ba50a89567c5,left,Tile_1,covered,1772726488849356800,108.506669824,0.0863103,0.0863103,0,-0.11609296943068337,0.07201368308688953,-0.044079286343793836,0.13038958634379383,1.0
img_b18850b17273389e3aefd9cd,right,Tile_1,covered,1772726510350720000,130.008033024,-0.059599,-0.059599,0,-0.11609296943068337,-0.058374565556612176,-0.17446753498729556,0.11486853498729556,1.0
img_b1c500990871617a4fbe2492,right,Tile_1,indoor,1772726553853325824,173.510638848,-0.693147,-0.693222,1,-0.11609296943068337,-0.17023069252266262,-0.286323661953346,-0.406823338046654,0.36871041056842757
img_b1eaa3cc3bdadd20836fdc60,right,Tile_1,indoor,1772726576854681856,196.51199488,-0.111256,-0.111256,0,-0.11609296943068337,0.17326631293553701,0.057173343504853646,-0.1684293435048536,0.890581159307775
img_b2093a79c6bb26d7f93e593e,left,Tile_1,covered,1772726489849453824,109.506766848,0.0354868,0.0354868,0,-0.11609296943068337,0.07517371301788384,-0.04091925641279953,0.07640605641279953,1.0
img_b217e9690565a9a90ac89dcd,left,Tile_1,indoor,1772726541352546048,161.009859072,-0.1931,-0.1931,0,-0.11609296943068337,0.010592468650650977,-0.1055005007800324,-0.0875994992199676,1.0
img_b251ac174beee6a14aba41c5,left,Tile_1,indoor,1772726530851922944,150.509235968,0.10905,0.10905,0,-0.11609296943068337,-0.023363338435906402,-0.13945630786658977,0.24850630786658978,0.6036064085766678
img_b2ca7d398dbb3a51d6b172e1,left,Tile_1,outdoor,1772726391343385088,11.000698112,-0.0308753,-0.0308753,0,-0.11609296943068337,0.045308871597213904,-0.07078409783346946,0.03990879783346946,1.0
img_b32a46a681c9c410d35408e6,left,Tile_1,indoor,1772726579354814976,199.012128,-0.420335,-0.420335,0,-0.11609296943068337,-0.03428301871318594,-0.15037598814386932,-0.2699590118561307,0.5556399061052258
img_b38496117cb29adcbf2b8c36,left,Tile_1,indoor,1772726530351944960,150.009257984,0.137979,0.137979,0,-0.11609296943068337,-0.02381800119777697,-0.13991097062846033,0.2778899706284603,0.5397819851532188
img_b4812019b4dfa216489f95df,right,Tile_1,outdoor,1772726425845450752,45.502763776,0.0191313,0.0191313,0,-0.11609296943068337,0.06812530466938367,-0.0479676647612997,0.0670989647612997,1.0
img_b49a7a00f760704e50863571,right,Tile_1,indoor,1772726598355917056,218.01323008,-0.321941,-0.321941,0,-0.11609296943068337,-0.17798438406937123,-0.2940773535000546,-0.027863646499945383,1.0
img_b4d42ee9e22aa2aad4ed310f,left,Tile_1,outdoor,1772726479348790784,99.006103808,-0.121648,-0.121648,0,-0.11609296943068337,0.028270128174998,-0.08782284125568537,-0.033825158744314646,1.0
img_b5ca4a382aa3fedf86678fdd,right,Tile_1,covered,1772726488849341952,108.506654976,-0.477447,-0.477447,0,-0.11609296943068337,-0.22409662461917593,-0.34018959404985927,-0.13725740595014074,1.0
img_b60e7cefcb6bc5ac435ea8ab,left,Tile_1,indoor,1772726537352367872,157.009680896,-0.693147,-0.709742,1,-0.11609296943068337,-0.017452057661687486,-0.13354502709237084,-0.5596019729076291,0.2680476611270986
img_b66bfddd418c61e670dc3a5c,right,Tile_1,outdoor,1772726431845913856,51.50322688,0.00394243,0.00394243,0,-0.11609296943068337,0.09026730090678,-0.025825668523903375,0.029768098523903372,1.0
img_b6ba74c87f4094b04dbb2f59,left,Tile_1,stationary_unresolved,1772726601356112128,221.013425152,0.0793368,0.0793368,0,-0.11609296943068337,0.08267243627787015,-0.03342053315281322,0.11275733315281322,1.0
img_b6beedc52cef4f2ac0a45e14,right,Tile_1,covered,1772726458847518976,78.504832,-0.303704,-0.303704,0,-0.11609296943068337,-0.0502719226061534,-0.16636489203683677,-0.1373391079631632,1.0
img_b6f60c640d307fe68e410087,left,Tile_1,outdoor,1772726502350198016,122.00751104,-0.0657543,-0.0657543,0,-0.11609296943068337,0.06438454889986381,-0.05170842053081956,-0.014045879469180435,1.0
img_b709d4e3277d2f8c8b7f9745,right,Tile_1,covered,1772726460347631872,80.004944896,-0.200398,-0.200398,0,-0.11609296943068337,-0.07040038846345106,-0.18649335789413443,-0.013904642105865561,1.0
img_b7f55877796392d83c722aba,right,Tile_1,outdoor,1772726420845197056,40.50251008,0.0106594,0.0106594,0,-0.11609296943068337,0.0437868092808883,-0.07230616014979507,0.08296556014979506,1.0
img_b831b33deb3ad98c70a7934d,left,Tile_1,indoor,1772726543852691968,163.510004992,0.0721946,0.0721946,0,-0.11609296943068337,0.07329109654946042,-0.04280187288122295,0.11499647288122294,1.0
img_b94d750c916e200cf37c2ad4,right,Tile_1,indoor,1772726529351817728,149.009130752,0.388458,0.388458,0,-0.11609296943068337,0.2152204024789128,0.09912743304822944,0.2893305669517706,0.5184381366280043
img_b9f940b901e71cda50ef8ab3,right,Tile_1,indoor,1772726459347586816,79.00489984,-0.355143,-0.355143,0,-0.11609296943068337,-0.0570304381291024,-0.17312340755978578,-0.1820195924402142,0.8240871105634889
img_ba2f05a90b6e766693a2bd0d,right,Tile_1,outdoor,1772726479348774912,99.006087936,0.0344567,0.0344567,0,-0.11609296943068337,0.021150308747551624,-0.09494266068313174,0.12939936068313174,1.0
img_bb2a68f657118be7ff0b05ea,left,Tile_1,indoor,1772726576354608896,196.01192192,-0.194795,-0.194795,0,-0.11609296943068337,-0.013495457121375828,-0.1295884265520592,-0.06520657344794079,1.0
img_bc2bea11a1cb64d9ca5716c4,right,Tile_1,indoor,1772726524351503872,144.008816896,-0.197384,-0.197384,0,-0.11609296943068337,0.11306502424330198,-0.0030279451873813923,-0.1943560548126186,0.7717794032432748
img_bc2f93ba4d934d3232b673e3,left,Tile_1,outdoor,1772726504350326016,124.00763904,-0.0183095,-0.0183095,0,-0.11609296943068337,0.0761521897731298,-0.03994077965755356,0.021631279657553557,1.0
img_bca1f40e65c0073ea5c3b207,right,Tile_1,outdoor,1772726403844158976,23.501472,-0.213094,-0.213094,0,-0.11609296943068337,-0.024931432437479986,-0.14102440186816334,-0.07206959813183664,1.0
img_bcc1fa7629c0cbff22cd2e32,right,Tile_1,indoor,1772726570854327808,190.511640832,0.063625,0.063625,0,-0.11609296943068337,0.2472111555725339,0.13111818614185053,-0.06749318614185053,1.0
img_bce41815c3435d5918fa786f,left,Tile_1,outdoor,1772726595855812096,215.51312512,0.0285349,0.0285349,0,-0.11609296943068337,0.0496253832273049,-0.06646758620337848,0.09500248620337846,1.0
img_bde382b774c98e42606ebea1,left,Tile_1,indoor,1772726556353438976,176.010752,0.188557,0.188557,0,-0.11609296943068337,0.24471104074760977,0.1286180713169264,0.0599389286830736,1.0
img_be28532475a779685710f991,right,Tile_1,outdoor,1772726439846374144,59.503687168,-0.0512142,-0.0512142,0,-0.11609296943068337,0.09160803689480759,-0.024484932535875775,-0.026729267464124226,1.0
img_be3df20bb870c84751cfa689,left,Tile_1,indoor,1772726457847501056,77.50481408,-0.425102,-0.425102,0,-0.11609296943068337,-0.10523821018007998,-0.22133117961076335,-0.20377082038923663,0.7361210977777618
img_be5a270ff906e798953439de,left,Tile_1,outdoor,1772726452347151872,72.004464896,-0.113843,-0.113843,0,-0.11609296943068337,-0.09409429777968903,-0.2101872672103724,0.0963442672103724,1.0
img_be7fbc047b987740dd2c4760,left,Tile_1,indoor,1772726551853168896,171.51048192,0.137602,0.137602,0,-0.11609296943068337,0.23822432661259657,0.1221313571819132,0.0154706428180868,1.0
img_beb01b280b14e79f616ea854,left,Tile_1,outdoor,1772726588855362048,208.512675072,-0.074331,-0.074331,0,-0.11609296943068337,0.0020322836452004948,-0.11406068578548287,0.03972968578548289,1.0
img_c00a2dd81dbcbe2ba6d1a126,right,Tile_1,outdoor,1772726448846920960,68.504233984,0.0454407,0.0454407,0,-0.11609296943068337,0.06871391779603768,-0.04737905163464569,0.09281975163464569,1.0
img_c04b37a9ccae6e3f6a62ef81,left,Tile_1,indoor,1772726542852632064,162.509945088,-0.130897,-0.130897,0,-0.11609296943068337,0.04821160687014711,-0.06788136256053626,-0.06301563743946376,1.0
img_c0e1cf412031577bfe06ae4a,right,Tile_1,covered,1772726471848332032,91.505645056,-0.0791967,-0.0791967,0,-0.11609296943068337,0.07793262825863301,-0.03816034117205036,-0.04103635882794964,1.0
img_c1c7ee83afa5320441b43b8c,left,Tile_1,outdoor,1772726512850864896,132.50817792,-0.0110879,-0.0110879,0,-0.11609296943068337,0.09337473083770897,-0.022718238592974394,0.01163033859297439,1.0
img_c1d98062a4244b5006970c32,right,Tile_1,outdoor,1772726517851119104,137.508432128,-0.0412195,-0.0412195,0,-0.11609296943068337,0.008838217316677237,-0.10725475211400613,0.06603525211400613,1.0
img_c1e12f0629dd3d406e51c28a,left,Tile_1,outdoor,1772726591855539968,211.512852992,-0.00338104,-0.00338104,0,-0.11609296943068337,0.02056385428622333,-0.09552911514446004,0.09214807514446004,1.0
img_c3ccda95371ed93a9732b302,left,Tile_1,indoor,1772726556853466880,176.510779904,0.0737051,0.0737051,0,-0.11609296943068337,0.2454317837286128,0.12933881429792943,-0.05563371429792943,1.0
img_c4432fd9be4c02760427f369,left,Tile_1,outdoor,1772726452847183104,72.504496128,-0.0317779,-0.0317779,0,-0.11609296943068337,-0.09510737968784803,-0.21120034911853142,0.17942244911853142,0.8360157869704803
img_c49faa1d11365b47610f1cef,left,Tile_1,indoor,1772726543352663040,163.009976064,-0.0128881,-0.0128881,0,-0.11609296943068337,0.06075137738966276,-0.055341592041020606,0.042453492041020606,1.0
img_c4fce4edb71733e79d9ea3ae,left,Tile_1,covered,1772726491849551872,111.506864896,-0.0384967,-0.0384967,0,-0.11609296943068337,0.07309180016814643,-0.04300116926253694,0.004504469262536941,1.0
img_c54fcbe99fb2556e3eee453b,right,Tile_1,outdoor,1772726445346695936,65.00400896,-0.0157384,-0.0157384,0,-0.11609296943068337,0.07817105337086298,-0.037921916059820385,0.022183516059820385,1.0
img_c61c2887cae73f809045af53,right,Tile_1,indoor,1772726540852501760,160.509814784,-0.297318,-0.297318,0,-0.11609296943068337,-0.09389496612868135,-0.20998793555936474,-0.08733006444063529,1.0
img_c6c64c84f33e7ba57d01e36f,right,Tile_1,outdoor,1772726396843715840,16.501028864,-0.118243,-0.118243,0,-0.11609296943068337,-0.0005355085991171713,-0.11662847802980054,-0.00161452197019947,1.0
img_c6f511fd619078aef91932cc,right,Tile_1,indoor,1772726578854806016,198.51211904,0.0600546,0.0600546,0,-0.11609296943068337,0.14861795634148695,0.03252498691080358,0.02752961308919641,1.0
img_c722df52e100f0a4d6d722c4,left,Tile_1,indoor,1772726557853576960,177.510889984,0.116525,0.116525,0,-0.11609296943068337,0.24687334791857915,0.13078037848789578,-0.014255378487895778,1.0
img_c77512e4e0ce2d4fa776ea2d,right,Tile_1,outdoor,1772726397343741952,17.001054976,-0.178726,-0.178726,0,-0.11609296943068337,-0.0024757866002568674,-0.11856875603094023,-0.06015724396905975,1.0
img_c7ece5aea1a2713fff288e22,right,Tile_1,indoor,1772726546352824064,166.010137088,-0.462087,-0.462087,0,-0.11609296943068337,-0.2151856950905016,-0.33127866452118493,-0.13080833547881504,1.0
img_c8bbc2a08c7cc7dc37c199cd,right,Tile_1,covered,1772726484849107968,104.506420992,-0.287883,-0.287883,0,-0.11609296943068337,-0.11230819550913614,-0.2284011649398195,-0.05948183506018051,1.0
img_c945937fd972cd35ccc3f927,right,Tile_1,outdoor,1772726589355375104,209.012688128,-0.31404,-0.31404,0,-0.11609296943068337,-0.08868367625385917,-0.20477664568454254,-0.10926335431545744,1.0
img_c97b935806f8446352f5c059,right,Tile_1,outdoor,1772726585355197952,205.012510976,0.0739977,0.0739977,0,-0.11609296943068337,0.00850178277651377,-0.1075911866541696,0.1815888866541696,0.8260417405701173
img_c9d1fab35661b2bd69281bfa,right,Tile_1,indoor,1772726551353185024,171.010498048,-0.692881,-0.692881,0,-0.11609296943068337,-0.2649037897775323,-0.3809967592082157,-0.3118842407917843,0.4809476734675442
img_cbaa2ed931cc075f3b1eb8f6,right,Tile_1,stationary_unresolved,1772726600856066816,220.51337984,-0.282871,-0.282871,0,-0.11609296943068337,-0.19372078147141222,-0.3098137509020956,0.026942750902095636,1.0
img_cc38ed44cf7d949c28bae20e,right,Tile_1,indoor,1772726571354300928,191.011613952,-0.017215,-0.017215,0,-0.11609296943068337,0.2410497801961171,0.12495681076543375,-0.14217181076543375,1.0
img_cc49a20a9f67e4bfb75ac5cd,right,Tile_1,outdoor,1772726407344320000,27.001633024,-0.0240735,-0.0240735,0,-0.11609296943068337,-0.03574606129977643,-0.1518390307304598,0.1277655307304598,1.0
img_cc7973236912a72f232cc17b,left,Tile_1,outdoor,1772726453347235072,73.004548096,0.0250691,0.0250691,0,-0.11609296943068337,-0.09612050360791571,-0.21221347303859908,0.2372825730385991,0.6321576763060441
img_cc8461f788875306eb810405,left,Tile_1,indoor,1772726532852078080,152.509391104,0.0352838,0.0352838,0,-0.11609296943068337,-0.02154446623071878,-0.13763743566140216,0.17292123566140213,0.8674469588785249
img_cd4571ad8de26172a08ecd80,right,Tile_1,indoor,1772726388843239936,8.50055296,-0.0136322,-0.0136322,0,-0.11609296943068337,0.03672495214235027,-0.07936801728833309,0.0657358172883331,1.0
img_cd82e547ec1029199a8abeed,right,Tile_1,indoor,1772726554853381888,174.510694912,-0.572342,-0.572342,0,-0.11609296943068337,-0.13236146331469584,-0.2484544327453792,-0.32388756725462087,0.4631236736607399
img_cde176116532a2d3ea90b8fd,left,Tile_1,indoor,1772726548352958976,168.010272,0.146777,0.146777,0,-0.11609296943068337,0.18614873590671854,0.07005576647603518,0.0767212335239648,1.0
img_ce4c8b78f0d154af4ad15c0f,left,Tile_1,outdoor,1772726392343450112,12.000763136,-0.17015,-0.17015,0,-0.11609296943068337,0.046161174949998614,-0.06993179448068476,-0.10021820551931525,1.0
img_cf9d47bf271465783b283e59,left,Tile_1,covered,1772726486849235968,106.506548992,0.0669792,0.0669792,0,-0.11609296943068337,0.06569385456720656,-0.05039911486347681,0.1173783148634768,1.0
img_cfa7bd7ddd9ffe59243cc69d,right,Tile_1,indoor,1772726470348238848,90.005551872,-0.378324,-0.378324,0,-0.11609296943068337,0.08928912704584646,-0.026803842384836907,-0.3515201576151631,0.4267180608294357
img_d04d0ca787fbef2b28f090d4,left,Tile_1,indoor,1772726562853872128,182.511185152,0.176769,0.176769,0,-0.11609296943068337,0.1946370792057222,0.07854410977503884,0.09822489022496117,1.0
img_d0d851b2ccfa742fa1bd8d68,right,Tile_1,indoor,1772726534852189952,154.509502976,0.21657,0.21657,0,-0.11609296943068337,0.09200896779669784,-0.024084001633985525,0.24065400163398554,0.6233014991711517
img_d13775f3817c9aa225ed22ac,right,Tile_1,indoor,1772726575854564864,195.511877888,0.357732,0.357732,0,-0.11609296943068337,0.18559116793583086,0.06949819850514749,0.2882338014948525,0.5204108582062982
img_d14ce879e6a132a7c0aaf3ea,left,Tile_1,outdoor,1772726455347335936,75.00464896,0.01863,0.01863,0,-0.11609296943068337,-0.10017278248599104,-0.2162657519166744,0.23489575191667442,0.6385811526008787
img_d1b98043d8de5060ebfdfffe,right,Tile_1,outdoor,1772726479848804864,99.506117888,0.0571829,0.0571829,0,-0.11609296943068337,0.017364817550053882,-0.09872815188062949,0.15591105188062948,0.9620870245609325
img_d21054a6b72eec0a64282c9c,left,Tile_1,indoor,1772726533352102912,153.009415936,0.0691121,0.0691121,0,-0.11609296943068337,-0.021089760866890236,-0.1371827302975736,0.20629483029757362,0.7271146823390089
img_d21f5584847186fb48689a7a,left,Tile_1,outdoor,1772726450847063040,70.504376064,-0.240386,-0.240386,0,-0.11609296943068337,-0.09105506190985725,-0.2071480313405406,-0.033237968659459355,1.0
img_d21fa2720d52a4374c4fd316,right,Tile_1,indoor,1772726524851536128,144.508849152,-0.0455764,-0.0455764,0,-0.11609296943068337,0.123280579848955,0.007187610418271637,-0.05276401041827164,1.0
img_d22b97313624830c9ce567d4,left,Tile_1,indoor,1772726551353188096,171.01050112,0.124142,0.124142,0,-0.11609296943068337,0.2375036515275592,0.12141068209687583,0.0027313179031241697,1.0
img_d243f0bef95f3ab8666465b0,right,Tile_1,outdoor,1772726433845985792,53.503298816,0.0158476,0.0158476,0,-0.11609296943068337,0.09060247767495436,-0.02549049175572901,0.041338091755729,1.0
img_d34ebd3e7b1ab9e604af32bc,right,Tile_1,indoor,1772726540352509952,160.009822976,-0.253247,-0.253247,0,-0.11609296943068337,-0.08286936298845143,-0.1989623324191348,-0.0542846675808652,1.0
img_d415319caa70877985cc76c3,left,Tile_1,indoor,1772726573854462976,193.511776,-0.150053,-0.150053,0,-0.11609296943068337,0.0038273320186663594,-0.112265637412017,-0.03778736258798299,1.0
img_d4396334be5e1583896c837d,right,Tile_1,indoor,1772726525351567104,145.008880128,0.0600005,0.0600005,0,-0.11609296943068337,0.13349610930447234,0.01740313987378897,0.04259736012621103,1.0
img_d458c189bfed47078603fdd4,left,Tile_1,indoor,1772726534852192000,154.509505024,-0.0752014,-0.0752014,0,-0.11609296943068337,-0.0197256315059423,-0.13581860093662568,0.06061720093662565,1.0
img_d49c62f7d279e50fc3606d70,left,Tile_1,covered,1772726505850394880,125.507707904,-0.100079,-0.100079,0,-0.11609296943068337,0.08497776077494576,-0.03111520865573761,-0.06896379134426239,1.0
img_d4b43c110801599d2031af14,left,Tile_1,indoor,1772726544852805888,164.510118912,0.115524,0.115524,0,-0.11609296943068337,0.09837194084134046,-0.017721028589342908,0.1332450285893429,1.0
img_d542368d10f026e374aefea0,left,Tile_1,indoor,1772726552353230848,172.010543872,0.116835,0.116835,0,-0.11609296943068337,0.23894511867057472,0.12285214923989135,-0.006017149239891356,1.0
img_d5f2691253c920066b1d8ab4,right,Tile_1,indoor,1772726539352480768,159.009793792,-0.0618476,-0.0618476,0,-0.11609296943068337,-0.05115266683019289,-0.16724563626087627,0.10539803626087624,1.0
img_d63e075dca6c1af17d7d7f52,right,Tile_1,outdoor,1772726429845752064,49.503065088,-0.0449065,-0.0449065,0,-0.11609296943068337,0.08759657971940542,-0.02849638971127795,-0.016410110288722045,1.0
img_d691623e566cde7f444905b2,right,Tile_1,outdoor,1772726415344815872,35.002128896,-0.181576,-0.181576,0,-0.11609296943068337,-0.0018163195212670957,-0.11790928895195046,-0.06366671104804954,1.0
img_d733262793847c605e65099a,left,Tile_1,indoor,1772726562353862912,182.011175936,0.157559,0.157559,0,-0.11609296943068337,0.205752371627511,0.08965940219682764,0.06789959780317237,1.0
img_d7e512cbedb4f9b8349c4ef8,left,Tile_1,outdoor,1772726473848505856,93.50581888,-0.229256,-0.229256,0,-0.11609296943068337,-0.06506092536820832,-0.18115389479889168,-0.0481021052011083,1.0
img_d83918b5d04a40dd88d821b9,left,Tile_1,indoor,1772726539852460800,159.509773824,-0.137148,-0.137148,0,-0.11609296943068337,-0.015178559243850084,-0.13127152867453346,-0.005876471325466537,1.0
img_d92232056a803e065181c4fc,right,Tile_1,outdoor,1772726515350967040,135.008280064,-0.121882,-0.121882,0,-0.11609296943068337,-0.013566214167271691,-0.12965918359795506,0.0077771835979550535,1.0
img_d94379474e894655ae5606ba,left,Tile_1,outdoor,1772726451847122944,71.504435968,-0.204033,-0.204033,0,-0.11609296943068337,-0.09308122053951987,-0.20917418997020323,0.005141189970203269,1.0
img_d9a7c8becf1e2afe7e043c05,left,Tile_1,outdoor,1772726597855902976,217.513216,0.0623682,0.0623682,0,-0.11609296943068337,0.06415581944114654,-0.05193714998953683,0.11430534998953684,1.0
img_da125fffd75e75e75f384c08,right,Tile_1,outdoor,1772726502850210816,122.50752384,-0.357467,-0.357467,0,-0.11609296943068337,-0.1326130506164175,-0.24870602004710088,-0.10876097995289907,1.0
img_dad684e3df7bafd45b805a5d,left,Tile_1,outdoor,1772726424345376000,44.002689024,-0.340881,-0.340881,0,-0.11609296943068337,-0.17167898745613952,-0.2877719568868229,-0.0531090431131771,1.0
img_db74abe8fe99e50cd417fb92,left,Tile_1,indoor,1772726555853407744,175.510720768,0.138267,0.138267,0,-0.11609296943068337,0.24399029296960922,0.12789732353892586,0.010369676461074145,1.0
img_db86d5ac2b734eb4da28813c,right,Tile_1,outdoor,1772726500350064128,120.007377152,-0.337984,-0.337984,0,-0.11609296943068337,-0.15736149474034092,-0.27345446417102426,-0.06452953582897569,1.0
img_db885bf185aea1b124e987d6,right,Tile_1,indoor,1772726554353341952,174.010654976,-0.693147,-0.740688,1,-0.11609296943068337,-0.15129652868871138,-0.2673894981193947,-0.42575750188060524,0.35231322839277734
img_dbcbd71faaeb6348cda02573,left,Tile_1,indoor,1772726557353548032,177.010861056,0.0997528,0.0997528,0,-0.11609296943068337,0.2461526034615769,0.13005963403089355,-0.030306834030893542,1.0
img_dbdbf05b0a89d3325091981a,right,Tile_1,covered,1772726483849047808,103.506360832,0.0242758,0.0242758,0,-0.11609296943068337,-0.08436104173035983,-0.2004540111610432,0.22472981116104318,0.6674681886886328
img_dc18fca2079f0373be58c3e3,right,Tile_1,outdoor,1772726499350000896,119.00731392,-0.309836,-0.309836,0,-0.11609296943068337,-0.16819467465495325,-0.2842876440856366,-0.025548355914363385,1.0
img_dc90c819e52ff1c3d1b227fd,left,Tile_1,indoor,1772726531852015104,151.509328128,0.114322,0.114322,0,-0.11609296943068337,-0.022453889063850284,-0.13854685849453366,0.2528688584945336,0.593192854561182
img_dcbc2d6867bbac2c09510fa0,right,Tile_1,indoor,1772726582855046912,202.512359936,-0.265821,-0.265821,0,-0.11609296943068337,0.06924367425653916,-0.04684929517414421,-0.21897170482585576,0.6850200126052464
img_de19e8fb18e453296b788e19,right,Tile_1,indoor,1772726467348050944,87.005363968,0.277725,0.277725,0,-0.11609296943068337,0.041473708297423195,-0.07461926113326017,0.3523442611332602,0.4257200032648424
img_dee26d9c80b097e644b27948,right,Tile_1,outdoor,1772726446346759936,66.00407296,0.0892137,0.0892137,0,-0.11609296943068337,0.0754690154256871,-0.04062395400499627,0.12983765400499628,1.0
img_df257f89026fc472276ed04c,left,Tile_1,indoor,1772726560353716736,180.01102976,0.180979,0.180979,0,-0.11609296943068337,0.25021597133956697,0.1341230019088836,0.0468559980911164,1.0
img_df3950cdb921076b35a98310,left,Tile_1,outdoor,1772726442346531840,62.003844864,-0.693147,-0.759089,1,-0.11609296943068337,-0.1964430074456279,-0.3125359768763113,-0.38061102312368866,0.3941031417559704
img_df46b1666c566e3ae900c93b,right,Tile_1,outdoor,1772726402344006912,22.001319936,-0.1594,-0.1594,0,-0.11609296943068337,-0.020296334881131695,-0.13638930431181506,-0.023010695688184923,1.0
img_dfbaef61d9e8160adafd7543,left,Tile_1,outdoor,1772726590355452160,210.012765184,-0.0865532,-0.0865532,0,-0.11609296943068337,0.009665884385322477,-0.10642708504536089,0.01987388504536089,1.0
img_dfe7b5527c55d8ae2d07efc4,right,Tile_1,indoor,1772726463847827968,83.505140992,-0.0648674,-0.0648674,0,-0.11609296943068337,-0.014463554868421102,-0.13055652429910447,0.06568912429910446,1.0
img_e077fcb4955280ec1710e251,left,Tile_1,indoor,1772726565854048000,185.511361024,-0.0104072,-0.0104072,0,-0.11609296943068337,0.1279426442493946,0.011849674818711242,-0.02225687481871124,1.0
img_e0818eba31b6c55f3d2e736b,left,Tile_1,outdoor,1772726494849752064,114.507065088,-0.0948253,-0.0948253,0,-0.11609296943068337,0.06584369962798049,-0.050249269802702876,-0.04457603019729713,1.0
img_e08b30473e1f1809ad33265e,right,Tile_1,covered,1772726482348953856,102.00626688,0.0194248,0.0194248,0,-0.11609296943068337,-0.04244020732860123,-0.1585331767592846,0.1779579767592846,0.8428956247513307
img_e0bbacc0010098c4844951ac,left,Tile_1,outdoor,1772726425345465856,45.00277888,-0.333998,-0.333998,0,-0.11609296943068337,-0.1719458572089153,-0.2880388266395987,-0.04595917336040134,1.0
img_e118f3ea231cf2ce3d66f996,right,Tile_1,outdoor,1772726498850012928,118.507325952,-0.371863,-0.371863,0,-0.11609296943068337,-0.17361426110335446,-0.2897072305340378,-0.0821557694659622,1.0
img_e1287e860ec48f842b16e821,right,Tile_1,outdoor,1772726414844784896,34.50209792,-0.19495,-0.19495,0,-0.11609296943068337,-0.0061341438338849315,-0.1222271132645683,-0.07272288673543172,1.0
img_e1b141cf1dba63ec9d10fcb9,left,Tile_1,outdoor,1772726500850108928,120.507421952,0.00731085,0.00731085,0,-0.11609296943068337,0.05555885891127847,-0.060534110519404896,0.0678449605194049,1.0
img_e1b2fb3c5e8472dcbba00e23,right,Tile_1,indoor,1772726572354413056,192.01172608,0.0520408,0.0520408,0,-0.11609296943068337,0.2287249851369055,0.11263201570622214,-0.06059121570622214,1.0
img_e1eba2f46bf75c270241b3a7,left,Tile_1,indoor,1772726525851614976,145.508928,-0.0527677,-0.0527677,0,-0.11609296943068337,0.00461859481907537,-0.111474374611608,0.05870667461160799,1.0
img_e2235c52dc2cc4282e7d40fd,left,Tile_1,covered,1772726508850582784,128.507895808,0.162942,0.162942,0,-0.11609296943068337,0.10262919798625866,-0.013463771444424705,0.1764057714444247,0.8503123155880211
img_e33c0f642afa1aec24e17c11,left,Tile_1,outdoor,1772726455847363840,75.504676864,-0.00454866,-0.00454866,0,-0.11609296943068337,-0.10118585765149807,-0.21727882708218144,0.21273016708218143,0.7051186113253619
img_e42f586216482cf4776c2f4f,right,Tile_1,outdoor,1772726395343628800,15.000941824,-0.104906,-0.104906,0,-0.11609296943068337,0.005285359178897505,-0.11080761025178586,0.005901610251785858,1.0
img_e48dfaec6a6a7416d851faf8,left,Tile_1,outdoor,1772726498349990912,118.007303936,-0.053549,-0.053549,0,-0.11609296943068337,0.05738756954954517,-0.058705399881138196,0.005156399881138196,1.0
img_e551d37320249fc3f94c8b16,right,Tile_1,indoor,1772726547352928000,167.010241024,-0.477494,-0.477494,0,-0.11609296943068337,-0.23723955461557203,-0.35333252404625537,-0.1241614759537446,1.0
img_e57c4c5b365a33a7eb8e26d4,right,Tile_1,covered,1772726489849451008,109.506764032,-0.396866,-0.396866,0,-0.11609296943068337,-0.25204514481977985,-0.3681381142504632,-0.028727885749536775,1.0
img_e59222a5e5b43cad84439894,right,Tile_1,outdoor,1772726414344753920,34.002066944,-0.217356,-0.217356,0,-0.11609296943068337,-0.010451968146502733,-0.1265449375771861,-0.09081106242281389,1.0
img_e5e870cda39b6866c67e7fa1,left,Tile_1,indoor,1772726575854580992,195.511894016,-0.0100208,-0.0100208,0,-0.11609296943068337,-0.010030908162117973,-0.12612387759280133,0.11610307759280133,1.0
img_e6dc6c821682e92c7098c3fc,right,Tile_1,outdoor,1772726413344698880,33.002011904,-0.221489,-0.221489,0,-0.11609296943068337,-0.0190875570858327,-0.13518052651651608,-0.08630847348348392,1.0
img_e76aadc0656e16023b5889f4,right,Tile_1,outdoor,1772726585855228928,205.512541952,0.0024151,0.0024151,0,-0.11609296943068337,-0.0036466141782734093,-0.11973958360895678,0.12215468360895679,1.0
img_e7b6529d70d4db5e5f62f1d7,right,Tile_1,outdoor,1772726502350180864,122.007493888,-0.358083,-0.358083,0,-0.11609296943068337,-0.13756274552302294,-0.2536557149537063,-0.10442728504629367,1.0
img_e89062940cc4d3083aa9a723,right,Tile_1,outdoor,1772726522851449856,142.50876288,-0.425855,-0.425855,0,-0.11609296943068337,0.08241923084086297,-0.033673738589820396,-0.3921812614101796,0.382476203632575
img_e984e928226015a4b56c841d,right,Tile_1,outdoor,1772726451347099904,71.004412928,-0.0504148,-0.0504148,0,-0.11609296943068337,0.051097721014070015,-0.06499524841661336,0.014580448416613358,1.0
img_e98965ec0ffeff99f4f502d2,left,Tile_1,outdoor,1772726501850169856,121.50748288,-0.0274679,-0.0274679,0,-0.11609296943068337,0.0614426612739718,-0.05465030815671157,0.02718240815671157,1.0
img_e9e61ec207e9b17024332b8e,left,Tile_1,indoor,1772726566354029056,186.01134208,0.0879201,0.0879201,0,-0.11609296943068337,0.11682797782933697,0.0007350083986536055,0.0871850916013464,1.0
img_ea1f81bdd6efac58674c0e1b,right,Tile_1,outdoor,1772726411344570880,31.001883904,-0.108735,-0.108735,0,-0.11609296943068337,-0.03635888970572951,-0.15245185913641288,0.043716859136412906,1.0
img_ea26996fa398f540eb0ce21a,right,Tile_1,outdoor,1772726392343447808,12.000760832,-0.0365766,-0.0365766,0,-0.11609296943068337,0.016927121555929264,-0.0991658478747541,0.0625892478747541,1.0
img_eac8d6fea7b11f2aed473852,right,Tile_1,outdoor,1772726451847107840,71.504420864,0.10395,0.10395,0,-0.11609296943068337,0.044340015105500195,-0.07175295432518317,0.17570295432518318,0.8537135905090514
img_ebb44aa4fd7128a21d824082,left,Tile_1,outdoor,1772726421345259008,41.002572032,-0.410397,-0.410397,0,-0.11609296943068337,-0.17087841891207312,-0.2869713883427565,-0.12342561165724353,1.0
img_eca6b916bacacf912bf06b66,left,Tile_1,indoor,1772726463347801088,83.005114112,-0.293949,-0.293949,0,-0.11609296943068337,-0.1145774976403328,-0.23067046707101618,-0.06327853292898383,1.0
img_ee0485aae04823911b094b7b,right,Tile_1,outdoor,1772726501350121984,121.007435008,-0.299316,-0.299316,0,-0.11609296943068337,-0.1474621251998659,-0.26355509463054927,-0.03576090536945076,1.0
img_eeaaf4a5a026cc79fff21b37,left,Tile_1,outdoor,1772726474348506880,94.005819904,-0.0501997,-0.0501997,0,-0.11609296943068337,-0.056576706286203274,-0.17266967571688663,0.12246997571688663,1.0
img_eeceff5515532096691986e5,right,Tile_1,outdoor,1772726438346266112,58.003579136,0.0979752,0.0979752,0,-0.11609296943068337,0.09135664525582299,-0.02473632417486038,0.12271152417486038,1.0
img_eee76b0c1f95c447b6eb24bc,right,Tile_1,indoor,1772726529851939072,149.509252096,0.349314,0.349314,0,-0.11609296943068337,0.22543777813398677,0.1093448087033034,0.2399691912966966,0.6250802412987291
img_ef40b78b1d380170b13f632c,left,Tile_1,outdoor,1772726420845212928,40.502525952,-0.343352,-0.343352,0,-0.11609296943068337,-0.1707449837282789,-0.28683795315896227,-0.056514046841037724,1.0
img_ef51ea18654a5079d4e233ba,right,Tile_1,outdoor,1772726444346638080,64.003951104,0.0113088,0.0113088,0,-0.11609296943068337,0.08087307471578012,-0.03521989471490325,0.046528694714903264,1.0
img_ef78b6a90549d802aaf81efd,right,Tile_1,outdoor,1772726423345286912,43.002599936,-0.157689,-0.157689,0,-0.11609296943068337,0.05595587691834764,-0.060137092512335726,-0.09755190748766426,1.0
img_f029e0f1f983d146f96286a0,left,Tile_1,outdoor,1772726594355692032,214.013005056,-0.10723,-0.10723,0,-0.11609296943068337,0.038727178990177,-0.07736579044050637,-0.029864209559493635,1.0
img_f04af7535fdbb03e8401bbe0,right,Tile_1,outdoor,1772726443846608896,63.50392192,-0.184375,-0.184375,0,-0.11609296943068337,0.08222408607991612,-0.03386888335076725,-0.15050611664923275,0.9966372353463062
img_f0ff00b70da5711d5c787073,left,Tile_1,indoor,1772726461347674880,81.004987904,-0.487627,-0.487627,0,-0.11609296943068337,-0.11172621280689936,-0.22781918223758274,-0.25980781776241724,0.5773498322408772
img_f1799d46a7022022561e4cd1,right,Tile_1,indoor,1772726535352224000,155.009537024,0.0818686,0.0818686,0,-0.11609296943068337,0.07610206430808933,-0.03999090512259404,0.12185950512259405,1.0
img_f183b48604735a8c86b10b9b,right,Tile_1,indoor,1772726457847497984,77.504811008,-0.337363,-0.337363,0,-0.11609296943068337,-0.03675644159120385,-0.1528494110218872,-0.1845135889781128,0.8129482540052546
img_f218d51dae29bd11fe08c9e2,right,Tile_1,outdoor,1772726397843756800,17.501069824,-0.134109,-0.134109,0,-0.11609296943068337,-0.004416020893096388,-0.12050899032377976,-0.013600009676220243,1.0
img_f2585d3a202c23e6a618ac51,right,Tile_1,covered,1772726491849536000,111.506849024,-0.347335,-0.347335,0,-0.11609296943068337,-0.24949546689135776,-0.36558843632204113,0.018253436322041183,1.0
img_f266fb814ed9e48ef6890df7,right,Tile_1,outdoor,1772726452347136000,72.004449024,-0.136072,-0.136072,0,-0.11609296943068337,0.037582035865580295,-0.07851093356510308,-0.05756106643489693,1.0
img_f2a30da6a549712b99cdddf8,right,Tile_1,indoor,1772726469348175104,89.005488128,-0.068136,-0.068136,0,-0.11609296943068337,0.07343780666184778,-0.04265516276883559,-0.02548083723116442,1.0
img_f2e26c722981ec0176325e6b,right,Tile_1,outdoor,1772726520851335168,140.508648192,-0.0871071,-0.0871071,0,-0.11609296943068337,0.04155730129976634,-0.07453566813091703,-0.01257143186908298,1.0
img_f2e31727fc02a2394640f8b4,right,Tile_1,indoor,1772726389343258880,9.000571904,0.0117172,0.0117172,0,-0.11609296943068337,0.03271193027173501,-0.08338103915894836,0.09509823915894834,1.0
img_f3d8c24aaa1e434fce0c84c9,right,Tile_1,outdoor,1772726501850153984,121.507467008,-0.347281,-0.347281,0,-0.11609296943068337,-0.14251241002052445,-0.2586053794512078,-0.08867562054879219,1.0
img_f4bf71d79eb426e24a089014,right,Tile_1,outdoor,1772726521351321856,141.00863488,-0.0836229,-0.0836229,0,-0.11609296943068337,0.05177192596060036,-0.06432104347008301,-0.019301856529916978,1.0
img_f4e71c9e7ff3353987c9c41a,right,Tile_1,outdoor,1772726395843659776,15.5009728,-0.201879,-0.201879,0,-0.11609296943068337,0.003345062303719098,-0.11274790712696427,-0.08913109287303572,1.0
img_f5f133cabb2d110c4de5284e,right,Tile_1,outdoor,1772726416344879872,36.002192896,-0.0220182,-0.0220182,0,-0.11609296943068337,0.006819346788681253,-0.10927362264200212,0.0872554226420021,1.0
img_f62c18a51fe6eeab821492db,left,Tile_1,indoor,1772726598855998976,218.513312,0.128384,0.128384,0,-0.11609296943068337,0.07142140486080421,-0.044671564569879155,0.17305556456987914,0.8667736306129041
img_f6a41d2296905ce621e12836,left,Tile_1,covered,1772726483349031936,103.00634496,0.0752253,0.0752253,0,-0.11609296943068337,0.05463417811554755,-0.06145879131513582,0.13668409131513581,1.0
img_f7140eacb75d560d184fb31f,right,Tile_1,outdoor,1772726478348717056,98.00603008,-0.089404,-0.089404,0,-0.11609296943068337,0.028721275638104005,-0.08737169379257936,-0.002032306207420634,1.0
img_f7ab5b5375d058e24fa94d7a,left,Tile_1,outdoor,1772726522851451904,142.508764928,-0.230874,-0.230874,0,-0.11609296943068337,0.023620669003497005,-0.09247230042718636,-0.13840169957281362,1.0
img_f7b75abef16041d243e1cb24,right,Tile_1,indoor,1772726538852431104,158.509744128,-0.171746,-0.171746,0,-0.11609296943068337,-0.03524526657100284,-0.15133823600168622,-0.020407763998313788,1.0
img_f89e0e1434c5b600664c93cc,right,Tile_1,indoor,1772726577854688000,197.512001024,-0.124098,-0.124098,0,-0.11609296943068337,0.1609428239609562,0.04484985453027282,-0.16894785453027283,0.8878479127009117
img_f8b73b376042c741c55a06cd,right,Tile_1,indoor,1772726467848083968,87.505396992,0.0777875,0.0777875,0,-0.11609296943068337,0.049464764594946656,-0.06662820483573671,0.1444157048357367,1.0
img_f90a0e7c2348a7898510133c,left,Tile_1,outdoor,1772726496849858048,116.507171072,-0.018197,-0.018197,0,-0.11609296943068337,0.061011698982931684,-0.055081270447751685,0.03688427044775168,1.0
img_f9abc9581a5c24b6086035c3,left,Tile_1,outdoor,1772726502850225920,122.507538944,-0.0246959,-0.0246959,0,-0.11609296943068337,0.06732643501959415,-0.04876653441108922,0.024070634411089233,1.0
img_f9eb2cffff53e048735a99bc,left,Tile_1,indoor,1772726574354490880,194.011803904,-0.103219,-0.103219,0,-0.11609296943068337,0.00036278305940825456,-0.1157301863712751,0.012511186371275101,1.0
img_fa406b2765880acfff439bb7,right,Tile_1,indoor,1772726551853153024,171.510466048,-0.637309,-0.637309,0,-0.11609296943068337,-0.2459714484116683,-0.36206441784235166,-0.27524458215764835,0.5449698548983115
img_fa65b3aa880c9101e305af46,right,Tile_1,outdoor,1772726586855226880,206.512539904,0.0781593,0.0781593,0,-0.11609296943068337,-0.027941853189366588,-0.14403482262004996,0.22219412262004995,0.6750853633356392
img_faa25ac6c422ab56ed53979a,left,Tile_1,covered,1772726487349266176,107.0065792,0.0274648,0.0274648,0,-0.11609296943068337,0.06727381169712732,-0.04881915773355605,0.07628395773355605,1.0
img_fb8d4e5c370423a144a63ab7,left,Tile_1,indoor,1772726563353852928,183.011165952,0.0467373,0.0467373,0,-0.11609296943068337,0.1835224184765883,0.06742944904590492,-0.020692149045904933,1.0
img_fc66080d5ff5d4c012c31698,right,Tile_1,outdoor,1772726518851176960,138.508489984,-0.0915309,-0.0915309,0,-0.11609296943068337,0.017799963298995365,-0.09829300613168801,0.0067621061316880116,1.0
img_fce08d9c2de871a505cf83b2,left,Tile_1,indoor,1772726533852102912,153.509415936,-0.093493,-0.093493,0,-0.11609296943068337,-0.020635078084427393,-0.13672804751511075,0.043235047515110744,1.0
img_fdf56b0a509ae739efc34a67,left,Tile_1,indoor,1772726529851942144,149.509255168,0.149033,0.149033,0,-0.11609296943068337,-0.020718199143134188,-0.13681116857381756,0.28584416857381756,0.5247614486886528
img_fe46c480df46c4db13c4fd6c,right,Tile_1,outdoor,1772726426345481984,46.002795008,-0.00201069,-0.00201069,0,-0.11609296943068337,0.07055918274318443,-0.04553378668749894,0.04352309668749894,1.0
img_ff02d8c153151283c2e34cd4,left,Tile_1,indoor,1772726541852634880,161.509947904,-0.230833,-0.230833,0,-0.11609296943068337,0.023133690082204963,-0.0929592793484784,-0.1378737206515216,1.0
img_ff7bb1d8e38e09e81058a33b,right,Tile_1,indoor,1772726567354107904,187.011420928,0.0149472,0.0149472,0,-0.11609296943068337,0.20031552070258002,0.08422255127189665,-0.06927535127189663,1.0
img_ffa390bbaefb6eec5a6f87fb,right,Tile_1,outdoor,1772726474348491008,94.005804032,0.00175251,0.00175251,0,-0.11609296943068337,0.05900510250115007,-0.0570878669295333,0.058840376929533304,1.0
img_00ec71ecfd73b6eb59d8f832,right,Tile_2,indoor,1772726468348113920,88.005426944,-0.112156,-0.112156,0,-0.1476672354707373,0.05745577179866267,-0.09021146367207461,-0.021944536327925382,1.0
img_00ef5ab491af9d423626e07b,left,Tile_2,stationary_unresolved,1772726387843232000,7.500545024,-0.00847396,-0.00847396,0,-0.1476672354707373,0.05185696492314823,-0.09581027054758906,0.08733631054758906,1.0
img_017105047612fa06bd54d2a9,left,Tile_2,outdoor,1772726596855841792,216.513154816,-0.0279904,-0.0279904,0,-0.1476672354707373,0.056890486955829156,-0.09077674851490813,0.06278634851490814,1.0
img_01a908951bd4dc96cb442bce,left,Tile_2,outdoor,1772726586855243008,206.512556032,-0.197369,-0.197369,0,-0.1476672354707373,-0.008108488957189932,-0.15577572442792723,-0.04159327557207279,1.0
img_02167f65b42e301e9acb4f89,right,Tile_2,indoor,1772726465847951872,85.505264896,-0.172395,-0.172395,0,-0.1476672354707373,0.01750053940485282,-0.13016669606588446,-0.04222830393411553,1.0
img_0270831497d17f59f1c3de3e,right,Tile_2,indoor,1772726598855995904,218.513308928,-0.408309,-0.408309,0,-0.1476672354707373,-0.18206039211078487,-0.3297276275815222,-0.07858137241847785,1.0
img_02c50c1e41ca50d8799dfef7,left,Tile_2,indoor,1772726545852810752,165.510123776,0.0199246,0.0199246,0,-0.1476672354707373,0.1234500502282258,-0.024217185242511485,0.044141785242511486,1.0
img_02ea8d71b98fade9b737af1e,left,Tile_2,covered,1772726456347391744,76.004704768,-0.339582,-0.339582,0,-0.1476672354707373,-0.10219893281700507,-0.24986616828774236,-0.08971583171225764,1.0
img_03155e815f3ed8c386df41d7,left,Tile_2,outdoor,1772726522351398912,142.008711936,0.0495738,0.0495738,0,-0.1476672354707373,0.02678784486097189,-0.12087939060976541,0.17045319060976538,0.8800069946675811
img_03470cda035b5adeddb4a5b3,right,Tile_2,outdoor,1772726400343847936,20.00116096,-0.246696,-0.246696,0,-0.1476672354707373,-0.014116340062975893,-0.1617835755337132,-0.0849124244662868,1.0
img_03d3b8c62d66fac93b032a26,left,Tile_2,indoor,1772726569354202880,189.011515904,-0.693147,-0.694864,1,-0.1476672354707373,0.05013358840040859,-0.0975336470703287,-0.5956133529296712,0.2518412309969009
img_0438825960239522ce92a086,left,Tile_2,outdoor,1772726405844240896,25.50155392,-0.246284,-0.246284,0,-0.1476672354707373,0.0017307706350103043,-0.14593646483572698,-0.10034753516427303,1.0
img_0466fd896d0aec73619005f8,left,Tile_2,covered,1772726460347633920,80.004946944,-0.569819,-0.569819,0,-0.1476672354707373,-0.11030060195761629,-0.2579678374283536,-0.3118511625716464,0.4809986878453216
img_05cc6ae9bfec314d854c8837,right,Tile_2,outdoor,1772726421845284864,41.502597888,-0.0432754,-0.0432754,0,-0.1476672354707373,0.04865468878919603,-0.09901254668154126,0.05573714668154126,1.0
img_066ac1dbdc61cd379421eeef,left,Tile_2,indoor,1772726568854172928,188.511485952,-0.368347,-0.368347,0,-0.1476672354707373,0.06124934178710845,-0.08641789368362884,-0.28192910631637114,0.53204864854101
img_06c8139bc95f57cd809da4fb,right,Tile_2,covered,1772726481348893952,101.006206976,-0.0501245,-0.0501245,0,-0.1476672354707373,-0.014493060703865985,-0.16216029617460329,0.11203579617460328,1.0
img_06fe18d7805639029a0909d7,right,Tile_2,covered,1772726457347432960,77.004745984,-0.677485,-0.677485,0,-0.1476672354707373,-0.029997964127050372,-0.17766519959778765,-0.49981980040221236,0.3001081587389951
img_07354bc7c501761f73d5c2ad,right,Tile_2,covered,1772726485849161984,105.506475008,-0.342724,-0.342724,0,-0.1476672354707373,-0.1402551775909291,-0.2879224130616664,-0.05480158693833359,1.0
img_074273e7808b362c2a94f76a,left,Tile_2,indoor,1772726465847965952,85.505278976,-0.55348,-0.55348,0,-0.1476672354707373,-0.11814161380924926,-0.26580884927998655,-0.2876711507200134,0.5214287203446168
img_07ad9afb8ee9b4439797e520,right,Tile_2,outdoor,1772726430345854976,50.003168,-0.0772816,-0.0772816,0,-0.1476672354707373,0.09001591750480337,-0.057651317965933924,-0.019630282034066082,1.0
img_0808a922b5bfb00ee7a01908,right,Tile_2,stationary_unresolved,1772726383842921984,3.500235008,-0.080694,-0.080694,0,-0.1476672354707373,0.07685620225235848,-0.07081103321837881,-0.009882966781621191,1.0
img_0898f79cccd2c021fa397a68,left,Tile_2,outdoor,1772726451347102976,71.004416,-0.0520238,-0.0520238,0,-0.1476672354707373,-0.09206816145264461,-0.23973539692338192,0.1877115969233819,0.7990982041521142
img_08be8925fb80bbea018fd25a,left,Tile_2,stationary_unresolved,1772726599355994880,219.013307904,-0.0098219,-0.0098219,0,-0.1476672354707373,0.07505381909902822,-0.07261341637170907,0.06279151637170907,1.0
img_0a619ec4779c27a97495a4d5,left,Tile_2,outdoor,1772726503350252800,123.007565824,-0.0404216,-0.0404216,0,-0.1476672354707373,0.07026831511467786,-0.07739892035605943,0.036977320356059426,1.0
img_0bdb034725fc3184e49fe35e,left,Tile_2,outdoor,1772726496349854976,116.007168,-0.0583136,-0.0583136,0,-0.1476672354707373,0.062219642554801155,-0.08544759291593614,0.027133992915936135,1.0
img_0c5af46cf601f1ba240045ea,right,Tile_2,outdoor,1772726435346088960,55.003401984,0.0785555,0.0785555,0,-0.1476672354707373,0.09085386849881841,-0.05681336697191888,0.13536886697191888,1.0
img_0c6b408f60b2b130e10c33e8,left,Tile_2,covered,1772726481848939008,101.506252032,0.0011665,0.0011665,0,-0.1476672354707373,0.04989429944578267,-0.09777293602495463,0.09893943602495463,1.0
img_0d0e8da31b5f41cd32b8700d,left,Tile_2,covered,1772726492349612032,112.006925056,-0.0149079,-0.0149079,0,-0.1476672354707373,0.07188371867895911,-0.07578351679177818,0.06087561679177819,1.0
img_0dbc2e12a7bdf36399e2e44c,left,Tile_2,outdoor,1772726517351102976,137.008416,-0.0896852,-0.0896852,0,-0.1476672354707373,0.06101913288958465,-0.08664810258115263,-0.003037097418847376,1.0
img_0e30201037f2d207322568eb,left,Tile_2,outdoor,1772726453847245824,73.504558848,0.0982907,0.0982907,0,-0.1476672354707373,-0.0971335440228316,-0.24480077949356888,0.3430914794935689,0.4372011809253097
img_0e90c061ce70226ad4b32bed,left,Tile_2,outdoor,1772726391843456000,11.500769024,-0.0429392,-0.0429392,0,-0.1476672354707373,0.04573505599992701,-0.10193217947081028,0.058992979470810294,1.0
img_0ea21c0b2a26ae88b3f41c1b,left,Tile_2,indoor,1772726550353076992,170.010390016,0.0102164,0.0102164,0,-0.1476672354707373,0.23606208586159355,0.08839485039085626,-0.07817845039085626,1.0
img_0fcf49cd7f81361297e23ec7,right,Tile_2,covered,1772726483349016064,103.006329088,-0.203671,-0.203671,0,-0.1476672354707373,-0.07038741833970566,-0.21805465381044295,0.014383653810442959,1.0
img_0fd1829e4d452fc9e06670fe,right,Tile_2,outdoor,1772726422845303040,42.502616064,0.0210344,0.0210344,0,-0.1476672354707373,0.05352222936707868,-0.09414500610365861,0.1151794061036586,1.0
img_0ff5a27bcf3781c5964f8ee6,left,Tile_2,covered,1772726486349241856,106.00655488,-0.0680828,-0.0680828,0,-0.1476672354707373,0.06411401149066023,-0.08355322398007706,0.015470423980077058,1.0
img_103dec49eddc71b8b42bba6d,left,Tile_2,outdoor,1772726593855660800,213.512973824,-0.0813811,-0.0813811,0,-0.1476672354707373,0.035094508097989995,-0.11257272737274729,0.031191627372747305,1.0
img_10530dbf7d673c59270af5e2,right,Tile_2,outdoor,1772726393343502080,13.000815104,-0.300246,-0.300246,0,-0.1476672354707373,0.013046557606686198,-0.1346206778640511,-0.1656253221359489,0.9056586158780521
img_10c63029b85d03efbb6fd32d,left,Tile_2,indoor,1772726571854343936,191.51165696,-0.693147,-0.739355,1,-0.1476672354707373,0.017685579294450852,-0.12998165617628643,-0.5631653438237135,0.26635161706071564
img_10dc9db4cfbc3df8c9f6bd2d,left,Tile_2,outdoor,1772726516351040000,136.008353024,-0.0281522,-0.0281522,0,-0.1476672354707373,0.06820933816296007,-0.07945789730777722,0.05130569730777722,1.0
img_110381b7bba614dd62d9fdec,left,Tile_2,outdoor,1772726479848819968,99.506132992,-0.0338229,-0.0338229,0,-0.1476672354707373,0.03675482508724319,-0.1109124103834941,0.07708951038349408,1.0
img_11466a5a9c6d1f4586f1c7d2,left,Tile_2,indoor,1772726570854331136,190.51164416,-0.693147,-0.73604,1,-0.1476672354707373,0.02461437922295396,-0.12305285624778334,-0.5700941437522167,0.26311443757821756
img_114e1796fe707593c85a2478,left,Tile_2,indoor,1772726466848033024,86.505346048,-0.532511,-0.532511,0,-0.1476672354707373,-0.11956726188255812,-0.2672344973532954,-0.26527650264670455,0.5654477441591204
img_118dfff94fcc01a22eedc2e8,left,Tile_2,outdoor,1772726398843777024,18.501090048,-0.133139,-0.133139,0,-0.1476672354707373,0.05170106514547283,-0.09596617032526446,-0.037172829674735564,1.0
img_125efba8e64a1900654063c3,right,Tile_2,outdoor,1772726444846667008,64.503980032,0.115157,0.115157,0,-0.1476672354707373,0.07952206404332153,-0.06814517142741576,0.18330217142741576,0.8183209114868407
img_12a22b7454c54ed6dd944f06,left,Tile_2,outdoor,1772726478348732928,98.006045952,-0.0719725,-0.0719725,0,-0.1476672354707373,0.011300743038330268,-0.13636649243240703,0.06439399243240701,1.0
img_12ce6a109336320a768745d0,left,Tile_2,outdoor,1772726514850949120,134.508262144,0.0484024,0.0484024,0,-0.1476672354707373,0.07899462030495016,-0.06867261516578713,0.11707501516578712,1.0
img_13691d7391a8be50b061c1b3,right,Tile_2,outdoor,1772726587855288064,207.512601088,-0.00168283,-0.00168283,0,-0.1476672354707373,-0.0522386284401585,-0.1999058639108958,0.1982230339108958,0.7567233587365393
img_1371e2f1b988b88eea55fbdc,right,Tile_2,outdoor,1772726437846272000,57.503585024,0.000964164,0.000964164,0,-0.1476672354707373,0.09127285506430541,-0.05639438040643188,0.057358544406431886,1.0
img_137fc7a6b6690290c21a8800,left,Tile_2,outdoor,1772726405344221952,25.001534976,-0.155569,-0.155569,0,-0.1476672354707373,0.006388516414033936,-0.14127871905670336,-0.014290280943296652,1.0
img_14760453402721edd574fe64,left,Tile_2,outdoor,1772726394843636992,14.500950016,-0.186602,-0.186602,0,-0.1476672354707373,0.04829195405863021,-0.09937528141210708,-0.08722671858789291,1.0
img_15207674b99f1db132d932c6,left,Tile_2,outdoor,1772726513850887936,133.50820096,-0.0392917,-0.0392917,0,-0.1476672354707373,0.08618481269428907,-0.06148242277644822,0.022190722776448235,1.0
img_15fb76ef6ac109612bfa8138,right,Tile_2,outdoor,1772726493349649920,113.006962944,-0.550278,-0.550278,0,-0.1476672354707373,-0.23323508145766292,-0.3809023169284002,-0.16937568307159978,0.885605284535389
img_15fea5143b9ed9b965e29b36,left,Tile_2,outdoor,1772726406344272896,26.00158592,-0.241721,-0.241721,0,-0.1476672354707373,-0.002927096762463284,-0.15059433223320057,-0.09112666776679942,1.0
img_1618118629bef1789633f0dd,right,Tile_2,outdoor,1772726411844603136,31.50191616,-0.443204,-0.443204,0,-0.1476672354707373,-0.03204105434016623,-0.17970828981090353,-0.26349571018909645,0.5692692298191617
img_17448ab8d9da2c0b067a56a8,left,Tile_2,outdoor,1772726499350018048,119.007331072,-0.010502,-0.010502,0,-0.1476672354707373,0.05497163169181497,-0.09269560377892232,0.08219360377892232,1.0
img_17a66f4cb62764dda6efae60,left,Tile_2,stationary_unresolved,1772726380342691072,4.096e-06,-0.119147,-0.119147,0,-0.1476672354707373,0.07406621678269636,-0.07360101868804093,-0.04554598131195907,1.0
img_17bf1628f94e193f3c3d8235,left,Tile_2,stationary_unresolved,1772726383842925056,3.50023808,-0.0080071,-0.0080071,0,-0.1476672354707373,0.06370195387629635,-0.08396528159444094,0.07595818159444093,1.0
img_18576273c5c20fc7e1f342c8,left,Tile_2,covered,1772726460847641856,80.50495488,-0.419141,-0.419141,0,-0.1476672354707373,-0.11101338950012778,-0.2586806249708651,-0.1604603750291349,0.9348102294586086
img_1871157e950c16814045b7fb,right,Tile_2,outdoor,1772726516851055872,136.508368896,-0.248055,-0.248055,0,-0.1476672354707373,-0.0001235768412002139,-0.1477908123119375,-0.1002641876880625,1.0
img_18bab3dd6b4d34c67c53fdb6,right,Tile_2,outdoor,1772726449346952960,69.004265984,0.100635,0.100635,0,-0.1476672354707373,0.06736289882344973,-0.08030433664728756,0.18093933664728756,0.8290071290158486
img_18d28fb7e23a0e8d27ec413d,left,Tile_2,indoor,1772726528351821824,148.009134848,-0.0302723,-0.0302723,0,-0.1476672354707373,-0.011216916405460875,-0.15888415187619817,0.12861185187619817,1.0
img_190257395cb0336ab5d50631,right,Tile_2,covered,1772726484349078016,104.00639104,-0.156089,-0.156089,0,-0.1476672354707373,-0.09833462219676851,-0.24600185766750582,0.08991285766750579,1.0
img_1966204401da23120883fd70,right,Tile_2,indoor,1772726570354244864,190.011557888,0.132371,0.132371,0,-0.1476672354707373,0.2533738843554884,0.10570664888475112,0.02666435111524884,1.0
img_19b325eb7f251301eb6db660,right,Tile_2,outdoor,1772726436346120960,56.003433984,0.0638918,0.0638918,0,-0.1476672354707373,0.0910214562179388,-0.056645779252798484,0.12053757925279848,1.0
img_19e8211ae6c6bb6328e3ac0c,left,Tile_2,covered,1772726506350424064,126.007737088,0.0955332,0.0955332,0,-0.1476672354707373,0.08791965442548429,-0.059747581045253004,0.155280781045253,0.9659920499516675
img_1a265d9e130f6059a7c5e9a6,left,Tile_2,indoor,1772726558853588992,178.510902016,0.0552338,0.0552338,0,-0.1476672354707373,0.24831477078161707,0.10064753531087978,-0.04541373531087978,1.0
img_1a38b2127348ddbd3e540b2f,right,Tile_2,outdoor,1772726416844912896,36.50222592,-0.0815674,-0.0815674,0,-0.1476672354707373,0.011137188786011876,-0.1365300466847254,0.054962646684725405,1.0
img_1a415e4ff347474b2fe0e6fd,right,Tile_2,outdoor,1772726389843281920,9.500594944,-0.125224,-0.125224,0,-0.1476672354707373,0.02869887552769007,-0.11896835994304722,-0.006255640056952783,1.0
img_1a5eee9849f95e3f1ffef40d,right,Tile_2,outdoor,1772726446846832896,66.50414592,-0.00538278,-0.00538278,0,-0.1476672354707373,0.07411788578470772,-0.07354934968602957,0.06816656968602955,1.0
img_1a62eea81648de2de47d1d27,right,Tile_2,outdoor,1772726428845664000,48.502977024,0.0985137,0.0985137,0,-0.1476672354707373,0.08272869896502998,-0.06493853650570731,0.16345223650570734,0.9176992814947649
img_1aa7b18f3768436540234cc0,left,Tile_2,indoor,1772726535852226048,155.509539072,-0.245474,-0.245474,0,-0.1476672354707373,-0.01881623497893787,-0.16648347044967515,-0.07899052955032485,1.0
img_1b406da0e87bb6871507e4a4,left,Tile_2,outdoor,1772726595355776000,215.013089024,-0.152545,-0.152545,0,-0.1476672354707373,0.045992676998702624,-0.10167455847203466,-0.05087044152796533,1.0
img_1bc6af48816e6b6269928548,right,Tile_2,stationary_unresolved,1772726601356096000,221.013409024,-0.322546,-0.322546,0,-0.1476672354707373,-0.19327544263995053,-0.3409426781106878,0.018396678110687792,1.0
img_1bdd12683633f0e9db0e63a8,left,Tile_2,outdoor,1772726504850355968,124.507668992,-0.132146,-0.132146,0,-0.1476672354707373,0.07909408794215331,-0.06857314752858398,-0.06357285247141603,1.0
img_1c484dfbc739f998461e0252,left,Tile_2,outdoor,1772726410344523008,30.001836032,-0.201231,-0.201231,0,-0.1476672354707373,-0.04019682703789397,-0.18786406250863125,-0.013366937491368747,1.0
img_1c8b089945f81db8f6c8dded,left,Tile_2,outdoor,1772726513350861056,133.00817408,-0.0316414,-0.0316414,0,-0.1476672354707373,0.08977988220059736,-0.05788735327013993,0.026245953270139913,1.0
img_1c9c566ccc6d3b5e801f396d,right,Tile_2,indoor,1772726567854182912,187.511495936,0.127669,0.127669,0,-0.1476672354707373,0.20921754001876675,0.061550304548029455,0.06611869545197055,1.0
img_1dbea71c3cf92e7aa3fc5df4,left,Tile_2,indoor,1772726549353015808,169.010328832,-0.00078363,-0.00078363,0,-0.1476672354707373,0.21122814854645353,0.06356091307571624,-0.06434454307571623,1.0
img_1de04bfc85f49dfaa0d0a760,left,Tile_2,indoor,1772726568354146048,188.011459072,-0.0659718,-0.0659718,0,-0.1476672354707373,0.07236502688270949,-0.0753022085880278,0.009330408588027805,1.0
img_1f5dcabe54d22d5e520d4af1,right,Tile_2,indoor,1772726538352439808,158.009752832,-0.416029,-0.416029,0,-0.1476672354707373,-0.019339723093659514,-0.1670069585643968,-0.2490220414356032,0.6023563180803407
img_1f7cf648acdfeca84393921f,right,Tile_2,stationary_unresolved,1772726380842701056,0.50001408,-0.0372121,-0.0372121,0,-0.1476672354707373,0.10093519434898925,-0.046732041121748044,0.009519941121748046,1.0
img_1fb3a72aca781ca07d397457,right,Tile_2,outdoor,1772726422345296896,42.00260992,-0.0596348,-0.0596348,0,-0.1476672354707373,0.051088473407916335,-0.09657876206282096,0.03694396206282097,1.0
img_204ab088850d639090e9ac4e,left,Tile_2,covered,1772726509350616064,129.007929088,0.105716,0.105716,0,-0.1476672354707373,0.1055711157353833,-0.04209611973535399,0.147812119735354,1.0
img_20a58f5ac4250200235962e2,right,Tile_2,outdoor,1772726434846021888,54.503334912,0.0828834,0.0828834,0,-0.1476672354707373,0.0907700660804921,-0.056897169390245195,0.1397805693902452,1.0
img_20db9aea57590d693ed1f417,right,Tile_2,outdoor,1772726404844192000,24.501505024,-0.176458,-0.176458,0,-0.1476672354707373,-0.028021286284329747,-0.17568852175506705,-0.0007694782449329807,1.0
img_21b71b6f7e7b5625bf4518b6,left,Tile_2,outdoor,1772726518351163904,138.008476928,-0.00192943,-0.00192943,0,-0.1476672354707373,0.05382894234082242,-0.09383829312991487,0.09190886312991488,1.0
img_21b946b919113ef2ad217f20,left,Tile_2,covered,1772726510350723072,130.008036096,0.06352,0.06352,0,-0.1476672354707373,0.1113501317459725,-0.03631710372476479,0.09983710372476479,1.0
img_21d4e3abf4b931012a5defa6,left,Tile_2,covered,1772726484349094912,104.006407936,0.0196001,0.0196001,0,-0.1476672354707373,0.057794100464280865,-0.08987313500645643,0.10947323500645643,1.0
img_22e44fb6ad093ee3fb1939ad,left,Tile_2,covered,1772726482849031936,102.50634496,-0.0645395,-0.0645395,0,-0.1476672354707373,0.053054316434550094,-0.0946129190361872,0.030073419036187196,1.0
img_231b7c7f9d8a8a43c94a9fd3,left,Tile_2,indoor,1772726567854188032,187.511501056,0.00866244,0.00866244,0,-0.1476672354707373,0.08347918111953473,-0.06418805435120256,0.07285049435120258,1.0
img_23c65376ef8846d50e306c49,right,Tile_2,indoor,1772726536852359168,156.509672192,-0.436381,-0.436381,0,-0.1476672354707373,0.028380303294641432,-0.11928693217609586,-0.31709406782390415,0.47304574642279773
img_23dfbf209861f4b03fe77515,left,Tile_2,covered,1772726488349326848,108.006639872,-0.0287424,-0.0287424,0,-0.1476672354707373,0.07043372676585796,-0.07723350870487933,0.04849110870487931,1.0
img_23f736d972ccf1608ccbe107,right,Tile_2,outdoor,1772726425345463040,45.002776064,0.0301098,0.0301098,0,-0.1476672354707373,0.06569163842709859,-0.0819755970436387,0.11208539704363871,1.0
img_241bf65803f5d5bdb63fa53d,left,Tile_2,outdoor,1772726409844491008,29.501804032,-0.24345,-0.24345,0,-0.1476672354707373,-0.03553211369724193,-0.18319934916797923,-0.060250650832020775,1.0
img_24360a542c1b719c91d5a0e8,right,Tile_2,indoor,1772726541352529920,161.009842944,-0.686172,-0.686172,0,-0.1476672354707373,-0.10492137088749544,-0.2525886063582327,-0.4335833936417673,0.3459542090395005
img_245cad044e9f3a264ef1987a,left,Tile_2,stationary_unresolved,1772726599856021760,219.513334784,0.0339755,0.0339755,0,-0.1476672354707373,0.07868645837442265,-0.06898077709631464,0.10295627709631464,1.0
img_2461a33a99ca0046b9a7c112,right,Tile_2,covered,1772726511350733056,131.00804608,-0.227864,-0.227864,0,-0.1476672354707373,-0.04941322103728696,-0.19708045650802425,-0.030783543491975762,1.0
img_246e9ec9e0ed774cd0cbefb4,right,Tile_2,stationary_unresolved,1772726383342850816,3.00016384,-0.132663,-0.132663,0,-0.1476672354707373,0.08086964325920187,-0.06679759221153542,-0.06586540778846459,1.0
img_24d4e5bc6fa22cd9ea92ff2e,right,Tile_2,outdoor,1772726418345015040,38.002328064,-0.0579309,-0.0579309,0,-0.1476672354707373,0.02409074130507278,-0.12357649416566452,0.06564559416566451,1.0
img_2528134f0c15a2a2a931c0df,right,Tile_2,outdoor,1772726432345931008,52.003244032,0.049617,0.049617,0,-0.1476672354707373,0.09035109495939506,-0.057316140511342234,0.10693314051134223,1.0
img_2583dd744e4c06e135d8853a,right,Tile_2,outdoor,1772726412344637952,32.001950976,-0.306888,-0.306888,0,-0.1476672354707373,-0.027723196868711907,-0.1753904323394492,-0.1314975676605508,1.0
img_25873a17d1cb3eab2998efaa,left,Tile_2,covered,1772726505350363136,125.00767616,-0.112527,-0.112527,0,-0.1476672354707373,0.08203585206279096,-0.06563138340794633,-0.04689561659205367,1.0
img_25e6a3ccf8f993f62610918f,left,Tile_2,outdoor,1772726402844072960,22.501385984,-0.105368,-0.105368,0,-0.1476672354707373,0.029677750860355713,-0.11798948461038158,0.012621484610381567,1.0
img_25e709e621e208bb6d69963c,left,Tile_2,indoor,1772726546852907776,166.5102208,0.115549,0.115549,0,-0.1476672354707373,0.14853047080243117,0.0008632353316938846,0.11468576466830611,1.0
img_26e10d650ada982eed86237e,right,Tile_2,outdoor,1772726517351086848,137.008399872,-0.108062,-0.108062,0,-0.1476672354707373,0.004357314502552983,-0.14330992096818432,0.035247920968184285,1.0
img_26f74b29376a0bc5d2f9d8b7,left,Tile_2,outdoor,1772726478848760832,98.506073856,-0.0143722,-0.0143722,0,-0.1476672354707373,0.01978541823101911,-0.12788181723971817,0.11350961723971817,1.0
img_282eaf688d90268d18f5fd7a,left,Tile_2,covered,1772726484849123840,104.506436864,-0.00500434,-0.00500434,0,-0.1476672354707373,0.05937405354975566,-0.08829318192098162,0.08328884192098163,1.0
img_289ddac6eecdcfcb171a9cff,left,Tile_2,outdoor,1772726514350950912,134.008263936,-0.0478074,-0.0478074,0,-0.1476672354707373,0.08258948366667507,-0.06507775180406222,0.017270351804062223,1.0
img_28ae3ec748a5e0d8c78031df,right,Tile_2,outdoor,1772726419845116928,39.502429952,0.0242144,0.0242144,0,-0.1476672354707373,0.037044291613544666,-0.11062294385719262,0.13483734385719262,1.0
img_28d49635350a139c44d259ec,right,Tile_2,outdoor,1772726476348654080,96.005967104,-0.0303489,-0.0303489,0,-0.1476672354707373,0.043862810179797,-0.10380442529094029,0.0734555252909403,1.0
img_296543e0b24fc5e6e262f386,right,Tile_2,outdoor,1772726474848523008,94.505836032,-0.178455,-0.178455,0,-0.1476672354707373,0.055219595799209084,-0.0924476396715282,-0.08600736032847181,1.0
img_298eb4ad7a7fb190d39583ea,right,Tile_2,outdoor,1772726403344114176,23.0014272,-0.185186,-0.185186,0,-0.1476672354707373,-0.023386418111155875,-0.17105365358189317,-0.014132346418106817,1.0
img_29d23f4728629b14cbc9d1c0,left,Tile_2,outdoor,1772726403844177920,23.501490944,-0.156128,-0.156128,0,-0.1476672354707373,0.020361634517330487,-0.12730560095340682,-0.028822399046593172,1.0
img_29f0cdf6a31f8207e452d529,left,Tile_2,outdoor,1772726450347032064,70.004345088,-0.258968,-0.258968,0,-0.1476672354707373,-0.09004198052036379,-0.23770921599110106,-0.021258784008898884,1.0
img_2a01d8380fb472ce1a05426b,left,Tile_2,outdoor,1772726454847305984,74.504619008,-0.00797914,-0.00797914,0,-0.1476672354707373,-0.09915970317115977,-0.24682693864189706,0.23884779864189704,0.6280149988943127
img_2a571292a4944bb3c65b1e06,left,Tile_2,outdoor,1772726449346968832,69.004281856,-0.221054,-0.221054,0,-0.1476672354707373,-0.1032838204084713,-0.2509510558792086,0.029897055879208573,1.0
img_2ae3e0c408fdb6d83118f6ea,left,Tile_2,outdoor,1772726396843731968,16.501044992,-0.0760555,-0.0760555,0,-0.1476672354707373,0.04999653087416001,-0.09767070459657728,0.021615204596577273,1.0
img_2b03f8db151c2afacd17aa26,left,Tile_2,indoor,1772726559853716736,179.51102976,-0.00171795,-0.00171795,0,-0.1476672354707373,0.24975636043257063,0.10208912496183334,-0.10380707496183333,1.0
img_2bd2f89c0ed9038a7ebb2598,right,Tile_2,outdoor,1772726441846484992,61.503798016,-0.105062,-0.105062,0,-0.1476672354707373,0.08762815090342871,-0.06003908456730858,-0.04502291543269142,1.0
img_2cb25c84f93cba5efbbe84c5,right,Tile_2,outdoor,1772726405844225792,25.501538816,-0.133944,-0.133944,0,-0.1476672354707373,-0.031111142504108895,-0.1787783779748462,0.044834377974846185,1.0
img_2d1f1a8a27f682dc4d1d2341,right,Tile_2,indoor,1772726537852328960,157.509641984,-0.632967,-0.632967,0,-0.1476672354707373,-0.0034303764710440707,-0.15109761194178137,-0.48186938805821855,0.3112876719653278
img_2d4e13c684e33e7f3276e86f,left,Tile_2,indoor,1772726389343275008,9.000588032,-0.139835,-0.139835,0,-0.1476672354707373,0.04741530754341716,-0.10025192792732013,-0.03958307207267986,1.0
img_2e26d35424d8cce53de1db47,left,Tile_2,covered,1772726480848880128,100.506193152,-0.0946368,-0.0946368,0,-0.1476672354707373,0.046734390039276194,-0.1009328454314611,0.006296045431461103,1.0
img_2eb75f90a556b23139d0bb4a,right,Tile_2,indoor,1772726561853813760,181.511126784,-0.525052,-0.525052,0,-0.1476672354707373,0.10240275975412508,-0.04526447571661221,-0.4797875242833877,0.3126383918048734
img_2f10fcf8c5f46899fd84dae9,left,Tile_2,covered,1772726506850470144,126.507783168,0.0870008,0.0870008,0,-0.1476672354707373,0.09086164748269086,-0.05680558798804643,0.1438063879880464,1.0
img_2f7b071dd4a79eebbbade4ce,left,Tile_2,outdoor,1772726447846873088,67.504186112,-0.110526,-0.110526,0,-0.1476672354707373,-0.12324653132903826,-0.2709137667997755,0.1603877667997755,0.9352334220555402
img_2fe71151d4c449e1d3233bb5,right,Tile_2,outdoor,1772726587355255808,207.012568832,0.0600328,0.0600328,0,-0.1476672354707373,-0.040090200387401714,-0.187757435858139,0.247790235858139,0.6053507293397777
img_3039370f245c728e2420d10a,right,Tile_2,indoor,1772726581354892032,201.012205056,-0.267745,-0.267745,0,-0.1476672354707373,0.10569037026262897,-0.041976865208108324,-0.22576813479189167,0.664398455248199
img_3043344b3e94c3b01cca615b,right,Tile_2,outdoor,1772726494849748736,114.50706176,-0.221048,-0.221048,0,-0.1476672354707373,-0.21697485974277514,-0.36464209521351243,0.14359409521351243,1.0
img_304b50c95ed848aecc410e2d,left,Tile_2,outdoor,1772726594855721984,214.513035008,-0.0661973,-0.0661973,0,-0.1476672354707373,0.042359840583307634,-0.10530739488742966,0.039110094887429656,1.0
img_313927f8276bed83888b9791,right,Tile_2,stationary_unresolved,1772726380342686976,0.0,-0.0433467,-0.0433467,0,-0.1476672354707373,0.1049481771824068,-0.04271905828833049,-0.0006276417116695132,1.0
img_31fb7f1b070f7fce4248960d,right,Tile_2,outdoor,1772726472848409856,92.50572288,-0.29917,-0.29917,0,-0.1476672354707373,0.0703615101997599,-0.07730572527097739,-0.2218642747290226,0.6760890196639583
img_322efdb132cc0b10097d5d2f,left,Tile_2,outdoor,1772726477348679936,97.00599296,-0.00286958,-0.00286958,0,-0.1476672354707373,-0.005668559564023061,-0.15333579503476036,0.15046621503476035,0.9969015301232064
img_32de473ad787ca0a568e7a34,left,Tile_2,covered,1772726507850516992,127.507830016,0.0979635,0.0979635,0,-0.1476672354707373,0.09674536700649417,-0.050921868464243125,0.1488853684642431,1.0
img_32e9de537a5b3fe60feaa235,left,Tile_2,indoor,1772726462347738880,82.005051904,-0.468671,-0.468671,0,-0.1476672354707373,-0.11315185650091107,-0.2608190919716484,-0.20785190802835168,0.7216676595508543
img_332391c32c9690fa8c9a0d25,left,Tile_2,outdoor,1772726476348655872,96.005968896,0.0193041,0.0193041,0,-0.1476672354707373,-0.022637371304402545,-0.17030460677513984,0.18960870677513983,0.7911029116288817
img_33375a69985ab3e518251da0,left,Tile_2,indoor,1772726534352162816,154.00947584,-0.221258,-0.221258,0,-0.1476672354707373,-0.020180340827329786,-0.16784757629806707,-0.05341042370193291,1.0
img_336e1066e62f9bd81c7fb187,right,Tile_2,outdoor,1772726440846436864,60.503749888,-0.0685825,-0.0685825,0,-0.1476672354707373,0.09033014596460288,-0.057337089506134406,-0.011245410493865599,1.0
img_3393210d231014661a40fa97,right,Tile_2,indoor,1772726466848016896,86.50532992,-0.0141452,-0.0141452,0,-0.1476672354707373,0.033482635635297076,-0.11418459983544021,0.10003939983544022,1.0
img_34740bb45b5ff4b8f0691b68,left,Tile_2,covered,1772726483849063936,103.50637696,-0.0245178,-0.0245178,0,-0.1476672354707373,0.05621414090769253,-0.09145309456304476,0.06693529456304476,1.0
img_349bb000c52f5a9444858a63,left,Tile_2,indoor,1772726554353345792,174.010658816,0.0739292,0.0739292,0,-0.1476672354707373,0.24182809539158429,0.094160859920847,-0.020231659920846995,1.0
img_357e0e61ad2c2c039b3d8981,left,Tile_2,indoor,1772726564853989888,184.511302912,-0.15226,-0.15226,0,-0.1476672354707373,0.1501741111863212,0.002506875715583917,-0.15476687571558392,0.9691996385302495
img_36179b59758015708cbc0529,right,Tile_2,outdoor,1772726439346339840,59.003652864,0.013184,0.013184,0,-0.1476672354707373,0.09152423996781994,-0.05614299550291735,0.06932699550291734,1.0
img_362f09e7739015207616d3d1,right,Tile_2,outdoor,1772726584355077120,204.012390144,0.0488883,0.0488883,0,-0.1476672354707373,0.03280000719269005,-0.11486722827804724,0.16375552827804724,0.9159996097677315
img_3674d4aa9eeeccc919db54a9,right,Tile_2,outdoor,1772726391843453952,11.500766976,-0.119034,-0.119034,0,-0.1476672354707373,0.018867274392391158,-0.12879996107834613,0.009765961078346125,1.0
img_36e0205c98558c91ecf7584a,left,Tile_2,outdoor,1772726407344336128,27.001649152,-0.114102,-0.114102,0,-0.1476672354707373,-0.012242824403383899,-0.15991005987412119,0.04580805987412122,1.0
img_37246760b5ed4ed5a5e1b554,left,Tile_2,outdoor,1772726403344131072,23.001444096,-0.149767,-0.149767,0,-0.1476672354707373,0.02501964022598234,-0.12264759524475495,-0.027119404755245075,1.0
img_373b64b7f7265a6208ff2cda,left,Tile_2,outdoor,1772726409344460032,29.001773056,-0.179383,-0.179383,0,-0.1476672354707373,-0.030874255838470338,-0.17854149130920763,-0.0008415086907923586,1.0
img_37961c1c8cbf65e14d0ea61c,left,Tile_2,indoor,1772726523851490048,143.508803072,-0.0146586,-0.0146586,0,-0.1476672354707373,0.017286746965428708,-0.1303804885053086,0.1157218885053086,1.0
img_3856b29d30a5f8fae4c2ddaf,left,Tile_2,outdoor,1772726523351459072,143.008772096,-0.109878,-0.109878,0,-0.1476672354707373,0.020453783380594937,-0.12721345209014234,0.017335452090142367,1.0
img_3902505c4cb7ff45451f2bc1,right,Tile_2,covered,1772726487849280000,107.506593024,-0.352988,-0.352988,0,-0.1476672354707373,-0.1961494207621126,-0.34381665623284985,-0.009171343767150175,1.0
img_39270baa183005e40c561a87,left,Tile_2,indoor,1772726561853817856,181.51113088,-0.00923403,-0.00923403,0,-0.1476672354707373,0.21686846077877567,0.06920122530803838,-0.0784352553080384,1.0
img_39a06855544f8de8351e1656,right,Tile_2,stationary_unresolved,1772726388343209984,8.000523008,-0.165194,-0.165194,0,-0.1476672354707373,0.04073806236030775,-0.10692917311042954,-0.05826482688957048,1.0
img_39bde7ed1336ec78411af4c0,right,Tile_2,outdoor,1772726426845512960,46.502825984,-0.013284,-0.013284,0,-0.1476672354707373,0.07299305957091744,-0.07467417589981985,0.06139017589981986,1.0
img_3a1483836f813dc9ad7e4edb,right,Tile_2,outdoor,1772726398343756800,18.001069824,-0.290586,-0.290586,0,-0.1476672354707373,-0.006356197570449288,-0.15402343304118657,-0.13656256695881344,1.0
img_3a21b7ae860b72ed8804abcc,left,Tile_2,outdoor,1772726454347276032,74.004589056,-0.0895506,-0.0895506,0,-0.1476672354707373,-0.09814662385632844,-0.24581385932706573,0.15626325932706575,0.9599185416070423
img_3a3f6e458912e59d4d103169,right,Tile_2,indoor,1772726575354534912,195.011847936,0.326482,0.326482,0,-0.1476672354707373,0.19175324367646973,0.04408600820573244,0.28239599179426755,0.5311690121624626
img_3a67c36eb4b7f4b5eacf371d,left,Tile_2,outdoor,1772726449847025920,69.504338944,-0.239904,-0.239904,0,-0.1476672354707373,-0.096629248437681,-0.2442964839084183,0.004392483908418288,1.0
img_3a6ce437da18165267558062,left,Tile_2,indoor,1772726461847707904,81.505020928,-0.388994,-0.388994,0,-0.1476672354707373,-0.11243903611367094,-0.26010627158440824,-0.12888772841559176,1.0
img_3a87ece1cbe89f05808cde41,right,Tile_2,indoor,1772726568354127872,188.011440896,0.0448993,0.0448993,0,-0.1476672354707373,0.21811724430263066,0.07045000883189337,-0.025550708831893365,1.0
img_3aa5f8a1a9bd140b901357b4,right,Tile_2,covered,1772726510850697984,130.508011008,-0.247576,-0.247576,0,-0.1476672354707373,-0.05389414908622794,-0.20156138455696523,-0.046014615443034756,1.0
img_3b6ed57064a70ad37a048c7b,right,Tile_2,outdoor,1772726515850993920,135.508306944,-0.141109,-0.141109,0,-0.1476672354707373,-0.009085359528706441,-0.15675259499944372,0.015643594999443705,1.0
img_3b78593293b36ba29767fecd,left,Tile_2,indoor,1772726529351892992,149.009206016,-0.217814,-0.217814,0,-0.1476672354707373,-0.017551047606992207,-0.1652182830777295,-0.0525957169222705,1.0
img_3bda781d868a9fac1d656701,right,Tile_2,indoor,1772726464347843840,84.005156864,-0.244515,-0.244515,0,-0.1476672354707373,-0.006472772677988611,-0.15414000814872592,-0.09037499185127412,1.0
img_3ccd121aa7728f30746b1d1b,left,Tile_2,outdoor,1772726521351338752,141.008651776,-0.096546,-0.096546,0,-0.1476672354707373,0.03312190634134884,-0.11454532912938845,0.017999329129388453,1.0
img_3d1b5a29d5f1e5eadcddf16e,left,Tile_2,indoor,1772726566854088192,186.511401216,-0.150474,-0.150474,0,-0.1476672354707373,0.10571157567720633,-0.041955659793530956,-0.10851834020646904,1.0
img_3dd943e1fbc94dc8c092af49,right,Tile_2,outdoor,1772726449847023872,69.504336896,0.10374,0.10374,0,-0.1476672354707373,0.06601177471588993,-0.08165546075484736,0.18539546075484736,0.809081297833653
img_3e88d0dfb8ec76e7b1d751e2,left,Tile_2,outdoor,1772726398343771904,18.001084928,-0.0556318,-0.0556318,0,-0.1476672354707373,0.051274936813855955,-0.09639229865688134,0.04076049865688134,1.0
img_3f546d37732238c9dca340d3,left,Tile_2,indoor,1772726528851811840,148.509124864,-0.126166,-0.126166,0,-0.1476672354707373,-0.014383693393075943,-0.16205092886381323,0.035884928863813226,1.0
img_3fa45fac1cc1abd6364f0bd3,right,Tile_2,outdoor,1772726512350790144,132.008103168,-0.300254,-0.300254,0,-0.1476672354707373,-0.04045148193719166,-0.18811871740792896,-0.11213528259207106,1.0
img_40f2bb33f03616da71c7aa76,right,Tile_2,indoor,1772726536352324864,156.009637888,-0.241373,-0.241373,0,-0.1476672354707373,0.044287214927030666,-0.10338002054370662,-0.13799297945629338,1.0
img_4136eead8b3734fcaedcc071,left,Tile_2,outdoor,1772726501350138880,121.007451904,-0.0993665,-0.0993665,0,-0.1476672354707373,0.058500757080301974,-0.08916647839043532,-0.01020002160956468,1.0
img_41472835d6d01c3b9eee86f3,left,Tile_2,indoor,1772726545352782848,165.010095872,0.17035,0.17035,0,-0.1476672354707373,0.1109103567482876,-0.03675687872244969,0.2071068787224497,0.7242637276235504
img_42034df9dc9f931dfaad45d6,right,Tile_2,indoor,1772726576354593024,196.011906048,-0.026534,-0.026534,0,-0.1476672354707373,0.17942911427874864,0.031761878808011346,-0.058295878808011334,1.0
img_426186dbb8206cf129f21911,right,Tile_2,indoor,1772726535852211968,155.509524992,-0.132683,-0.132683,0,-0.1476672354707373,0.060196626699886624,-0.08747060877085067,-0.04521239122914934,1.0
img_431341ddc18bf7bbfc873256,right,Tile_2,indoor,1772726461847692032,81.505005056,-0.446569,-0.446569,0,-0.1476672354707373,-0.046427841425773796,-0.1940950768965111,-0.25247392310348893,0.5941207636660166
img_43880861e0630f5d7ac7cc0d,right,Tile_2,outdoor,1772726407844350976,27.501664,-0.214489,-0.214489,0,-0.1476672354707373,-0.03729103291337151,-0.1849582683841088,-0.029530731615891204,1.0
img_43c0ea71b530e898a1a8a3bd,right,Tile_2,indoor,1772726579354812928,199.012125952,0.0380148,0.0380148,0,-0.1476672354707373,0.14245616453228943,-0.005211070938447859,0.04322587093844785,1.0
img_4409c7a08d9668bf891b56e4,left,Tile_2,outdoor,1772726586355255808,206.012568832,-0.127072,-0.127072,0,-0.1476672354707373,-0.010643466324989838,-0.15831070179572712,0.03123870179572716,1.0
img_441e03f73d0b76f84c505db3,left,Tile_2,indoor,1772726558353671936,178.01098496,-0.126837,-0.126837,0,-0.1476672354707373,0.2475941875775332,0.09992695210679592,-0.22676395210679592,0.6614807980121838
img_443900e4c8ed5b29fb38d36a,left,Tile_2,indoor,1772726561353735936,181.01104896,-0.0388977,-0.0388977,0,-0.1476672354707373,0.2279853694232142,0.08031813395247692,-0.1192158339524769,1.0
img_44688fc19520c97f04987182,right,Tile_2,stationary_unresolved,1772726381842702848,1.500015872,-0.0707426,-0.0707426,0,-0.1476672354707373,0.09290944030485754,-0.05475779516587975,-0.015984804834120243,1.0
img_4482606b56ce83da57f0a986,left,Tile_2,outdoor,1772726393343517184,13.000830208,-0.109009,-0.109009,0,-0.1476672354707373,0.0470134800481871,-0.10065375542255019,-0.008355244577449794,1.0
img_44aa2004a4a7e90eb9ff462e,right,Tile_2,outdoor,1772726447846856960,67.504169984,0.110294,0.110294,0,-0.1476672354707373,0.07141595574121351,-0.07625127972952378,0.18654527972952378,0.8040943207862905
img_451e741ae2b46e2f2b3dc3ea,left,Tile_2,outdoor,1772726492849637120,112.506950144,-0.102525,-0.102525,0,-0.1476672354707373,0.07067572191924511,-0.07699151355149218,-0.025533486448507822,1.0
img_457eb49193ea77999deda763,right,Tile_2,outdoor,1772726592355553792,212.012866816,-0.312047,-0.312047,0,-0.1476672354707373,-0.12907703873116722,-0.2767442742019045,-0.03530272579809551,1.0
img_46a0d026a1d62e44f0b7636f,right,Tile_2,outdoor,1772726424345372928,44.002685952,-0.0825777,-0.0825777,0,-0.1476672354707373,0.0608237477041812,-0.0868434877665561,0.0042657877665560895,1.0
img_46f7e3520c57796e33d0dd24,left,Tile_2,outdoor,1772726392843512064,12.500825088,-0.0777783,-0.0777783,0,-0.1476672354707373,0.04658735171657021,-0.10107988375416707,0.023301583754167077,1.0
img_46fb35a374a648bbf7d67b4a,right,Tile_2,outdoor,1772726450847046912,70.504359936,0.127874,0.127874,0,-0.1476672354707373,0.057856035863369404,-0.08981119960736789,0.21768519960736787,0.6890684358447446
img_4767ec0db6e2111433779ace,left,Tile_2,outdoor,1772726393843571968,13.500884992,-0.123836,-0.123836,0,-0.1476672354707373,0.04743965070584549,-0.1002275847648918,-0.023608415235108204,1.0
img_476b4f00ba8277b62f95bb54,left,Tile_2,outdoor,1772726475848599808,95.505912832,-0.0654617,-0.0654617,0,-0.1476672354707373,-0.031122524327331227,-0.17878975979806852,0.11332805979806852,1.0
img_4777fe5d9cdf240d46e60bea,left,Tile_2,indoor,1772726569854270976,189.511584,-0.679465,-0.679465,0,-0.1476672354707373,0.03901698706590917,-0.10865024840482812,-0.5708147515951718,0.2627822767032862
img_485cd4c5ca8d267f58fcc97d,left,Tile_2,indoor,1772726570354260992,190.011574016,-0.578951,-0.578951,0,-0.1476672354707373,0.02807922085097473,-0.11958801461976257,-0.45936298538023745,0.32653915263947003
img_495d939ae647085d401c5718,right,Tile_2,outdoor,1772726396343687936,16.00100096,-0.165753,-0.165753,0,-0.1476672354707373,0.0014047763556157365,-0.14626245911512156,-0.019490540884878477,1.0
img_49cecc6b7a7ebcfb56922fe8,left,Tile_2,outdoor,1772726589855419904,209.512732928,-0.0335826,-0.0335826,0,-0.1476672354707373,0.0071026615097750725,-0.14056457396096222,0.10698197396096223,1.0
img_4a2a9f47a7d72128ad9d9b23,right,Tile_2,outdoor,1772726512850861056,132.50817408,-0.241442,-0.241442,0,-0.1476672354707373,-0.03597023271785617,-0.18363746818859344,-0.05780453181140652,1.0
img_4a2e56357884866047e5d674,right,Tile_2,stationary_unresolved,1772726382342784768,2.000097792,-0.0784751,-0.0784751,0,-0.1476672354707373,0.08889591300526131,-0.05877132246547598,-0.019703777534524028,1.0
img_4a55ba7140adf532c2944b6d,right,Tile_2,indoor,1772726571854328832,191.511641856,-0.0305457,-0.0305457,0,-0.1476672354707373,0.23488772969382854,0.08722049422309125,-0.11776619422309124,1.0
img_4a58d805e5b8e03110fdfac7,right,Tile_2,outdoor,1772726516351023872,136.008336896,-0.22017,-0.22017,0,-0.1476672354707373,-0.004604477361250352,-0.15227171283198765,-0.06789828716801236,1.0
img_4a98c51fd068bcc6903eb8bd,right,Tile_2,covered,1772726488349309952,108.006622976,-0.481202,-0.481202,0,-0.1476672354707373,-0.2101229940744807,-0.357790229545218,-0.12341177045478202,1.0
img_4af6cd6dac376ccdcc60db74,right,Tile_2,outdoor,1772726478848744960,98.506057984,0.0709814,0.0709814,0,-0.1476672354707373,0.024935799945049367,-0.12273143552568792,0.1937128355256879,0.7743420800843565
img_4b22a1c9aabd064214d20b5a,left,Tile_2,outdoor,1772726493349665792,113.006978816,-0.0610087,-0.0610087,0,-0.1476672354707373,0.06946771650104477,-0.07819951896969252,0.017190818969692503,1.0
img_4b5896706fe6c5ae2a2b3dee,right,Tile_2,outdoor,1772726473848504064,93.505817088,-0.0675859,-0.0675859,0,-0.1476672354707373,0.06279026810534127,-0.08487696736539602,0.017291067365396012,1.0
img_4bdcc685ea71836c64354033,right,Tile_2,stationary_unresolved,1772726386343086080,6.000399104,-0.11983,-0.11983,0,-0.1476672354707373,0.05679053610556731,-0.09087669936516998,-0.028953300634830023,1.0
img_4beafc8e6c2ff2943ec8c75d,right,Tile_2,outdoor,1772726428345662976,48.002976,0.00144492,0.00144492,0,-0.1476672354707373,0.0802949679272224,-0.06737226754351489,0.06881718754351489,1.0
img_4c8368637cb715bc93aab9aa,left,Tile_2,outdoor,1772726512350807040,132.008120064,0.0745642,0.0745642,0,-0.1476672354707373,0.09697002305379047,-0.050697212416946816,0.1252614124169468,1.0
img_4c939a2934d534171cff834e,left,Tile_2,outdoor,1772726395343644928,15.000957952,-0.0160215,-0.0160215,0,-0.1476672354707373,0.04871808479017728,-0.09894915068056001,0.08292765068056002,1.0
img_4c9b79ac5540a2016119f618,right,Tile_2,indoor,1772726466347982848,86.005295872,-0.119555,-0.119555,0,-0.1476672354707373,0.025491562973171514,-0.12217567249756578,0.0026206724975657847,1.0
img_4cc3626700bd186e509ecde4,left,Tile_2,covered,1772726490349453824,110.006766848,0.085582,0.085582,0,-0.1476672354707373,0.07671584549052292,-0.07095138998021437,0.15653338998021438,0.9582620041574504
img_4ccf82bd2664b37fa8da5db0,right,Tile_2,outdoor,1772726511850806016,131.50811904,-0.301772,-0.301772,0,-0.1476672354707373,-0.044931953465357735,-0.192599188936095,-0.10917281106390495,1.0
img_4ce1f1404af327ce8e242a2e,right,Tile_2,covered,1772726480848863744,100.506176768,-0.182257,-0.182257,0,-0.1476672354707373,-0.0005194802374572892,-0.14818671570819458,-0.03407028429180542,1.0
img_4d472e322a81763c2fd0b666,right,Tile_2,stationary_unresolved,1772726599355980032,219.013293056,-0.233349,-0.233349,0,-0.1476672354707373,-0.18613562811498244,-0.33380286358571976,0.10045386358571975,1.0
img_4d9c2a8e76e687e5179a2990,left,Tile_2,outdoor,1772726592355569920,212.012882944,-0.0497165,-0.0497165,0,-0.1476672354707373,0.02419651587935371,-0.12347071959138359,0.07375421959138358,1.0
img_4dc8f84b30561037eb7ae084,right,Tile_2,outdoor,1772726394843634944,14.500947968,-0.141715,-0.141715,0,-0.1476672354707373,0.007225512015359393,-0.1404417234553779,-0.0012732765446220873,1.0
img_4de2b810d4947fd02c7d9da0,left,Tile_2,indoor,1772726458347508992,78.004822016,-0.617893,-0.617893,0,-0.1476672354707373,-0.10625124488967491,-0.2539184803604122,-0.3639745196395878,0.4121167606692136
img_4e3bab9abc88385e6174502c,left,Tile_2,outdoor,1772726395843675904,15.500988928,-0.0422793,-0.0422793,0,-0.1476672354707373,0.04914423515751681,-0.09852300031322048,0.05624370031322048,1.0
img_4e3d57a9706d9cb78afd5c41,right,Tile_2,stationary_unresolved,1772726387843228928,7.500541952,-0.0854136,-0.0854136,0,-0.1476672354707373,0.04475078015169871,-0.10291645531903858,0.01750285531903857,1.0
img_4e61dfa73359cbec43694b5d,left,Tile_2,indoor,1772726549853085952,169.510398976,0.14254,0.14254,0,-0.1476672354707373,0.22376890132058014,0.07610166584984285,0.06643833415015715,1.0
img_4e8573cfcd31389b1a28d8e3,right,Tile_2,outdoor,1772726477348664064,97.005977088,0.0194828,0.0194828,0,-0.1476672354707373,0.03629220570560378,-0.11137502976513351,0.13085782976513352,1.0
img_4f76dde4fe751d7ed49ed11b,left,Tile_2,covered,1772726491349520896,111.00683392,-0.0765376,-0.0765376,0,-0.1476672354707373,0.07429981115251652,-0.07336742431822077,-0.0031701756817792137,1.0
img_4fc4ba78911aae895973bd93,left,Tile_2,indoor,1772726548853036800,168.510349824,0.0143405,0.0143405,0,-0.1476672354707373,0.19868968127978837,0.051022445809051076,-0.03668194580905108,1.0
img_4fcd6a3db493c1c587d8b3a9,right,Tile_2,outdoor,1772726433345968128,53.003281152,0.0408195,0.0408195,0,-0.1476672354707373,0.09051868353653712,-0.05714855193420017,0.09796805193420016,1.0
img_50788709c27115356ae913b1,left,Tile_2,indoor,1772726550853106944,170.510419968,0.10554,0.10554,0,-0.1476672354707373,0.2367828317945951,0.08911559632385782,0.016424403676142174,1.0
img_50b23cb80cabf1841bac6f5c,right,Tile_2,indoor,1772726568854157056,188.51147008,0.039671,0.039671,0,-0.1476672354707373,0.22701844788892445,0.07935121241818716,-0.03968021241818716,1.0
img_50b466a226a3e1103ba42d6f,right,Tile_2,stationary_unresolved,1772726384342926080,4.000239104,-0.108852,-0.108852,0,-0.1476672354707373,0.0728432995479257,-0.07482393592281159,-0.03402806407718842,1.0
img_528ff619306a8c9703bb57a9,left,Tile_2,indoor,1772726388843257856,8.50057088,-0.134966,-0.134966,0,-0.1476672354707373,0.0488958683415599,-0.09877136712917739,-0.03619463287082261,1.0
img_5296101fce9f36e01239e372,left,Tile_2,outdoor,1772726473348443904,93.005756928,-0.364866,-0.364866,0,-0.1476672354707373,-0.07354617830109673,-0.221213413771834,-0.143652586228166,1.0
img_5375dc7ac212760e86ea04e4,left,Tile_2,indoor,1772726554853384960,174.510697984,-0.118692,-0.118692,0,-0.1476672354707373,0.24254885460857908,0.0948816191378418,-0.21357361913784179,0.7023339334020885
img_53e20a3aa805e1f7b110ddf9,right,Tile_2,outdoor,1772726408844413952,28.501726976,-0.286799,-0.286799,0,-0.1476672354707373,-0.040380979304467504,-0.18804821477520478,-0.09875078522479525,1.0
img_53f96406e0c9d22b6885bb47,right,Tile_2,outdoor,1772726442346515968,62.003828992,-0.13916,-0.13916,0,-0.1476672354707373,0.08627713469755055,-0.06139010077318674,-0.07776989922681327,1.0
img_540db3645c82d34acccf1fbb,left,Tile_2,outdoor,1772726516851070976,136.508384,-0.103122,-0.103122,0,-0.1476672354707373,0.06461423920742555,-0.08305299626331174,-0.020069003736688268,1.0
img_5411aa9b437446a0c0642a33,left,Tile_2,indoor,1772726571354317056,191.01163008,-0.693147,-0.772741,1,-0.1476672354707373,0.021150121158708547,-0.12651711431202875,-0.5666298856879712,0.26472306489425307
img_552ccaef249d70922a2b9ae7,right,Tile_2,outdoor,1772726399843804928,19.501117952,-0.130565,-0.130565,0,-0.1476672354707373,-0.012176914356154235,-0.15984414982689152,0.029279149826891532,1.0
img_5550c6ee126a8a927e97dac2,right,Tile_2,outdoor,1772726420345161984,40.002475008,0.0337549,0.0337549,0,-0.1476672354707373,0.04135291251607142,-0.10631432295466586,0.14006922295466587,1.0
img_5563e8df2be4dc830dc08c92,right,Tile_2,stationary_unresolved,1772726385343024896,5.00033792,-0.0947966,-0.0947966,0,-0.1476672354707373,0.06481676681442902,-0.08285046865630827,-0.011946131343691727,1.0
img_5574682a334b8acf3720ae26,left,Tile_2,outdoor,1772726494349710080,114.007023104,-0.0884142,-0.0884142,0,-0.1476672354707373,0.06705173720627289,-0.0806154982644644,-0.007798701735535596,1.0
img_55fe11611681b29c521c95c5,left,Tile_2,outdoor,1772726474848538880,94.505851904,-0.241088,-0.241088,0,-0.1476672354707373,-0.04809196159093434,-0.19575919706167164,-0.04532880293832836,1.0
img_56187043b1e7cbb8149b6379,left,Tile_2,indoor,1772726563853952000,183.511265024,-0.138135,-0.138135,0,-0.1476672354707373,0.17240512854018575,0.024737893069448458,-0.16287289306944847,0.9209635635074063
img_57251049682317c7fee99ae1,left,Tile_2,indoor,1772726531351951872,151.009264896,-0.248694,-0.248694,0,-0.1476672354707373,-0.02290862934731652,-0.1705758648180538,-0.07811813518194621,1.0
img_5748713b2a9018e0c4489afb,left,Tile_2,indoor,1772726535352226048,155.009539072,-0.261474,-0.261474,0,-0.1476672354707373,-0.01927091776140071,-0.166938153232138,-0.09453584676786198,1.0
img_575d0f2b73c72c0a37d1fdaf,right,Tile_2,outdoor,1772726447346824960,67.004137984,0.0417587,0.0417587,0,-0.1476672354707373,0.07276697471380147,-0.07490026075693582,0.11665896075693583,1.0
img_575f482e53a2e9d903317aeb,right,Tile_2,outdoor,1772726435846081024,55.503394048,-0.0203987,-0.0203987,0,-0.1476672354707373,0.09093765834712732,-0.05672957712360997,0.03633087712360998,1.0
img_579db4a7b14316cffd5a2b3f,right,Tile_2,indoor,1772726581854920960,201.512233984,-0.248041,-0.248041,0,-0.1476672354707373,0.09354202306459383,-0.05412521240614346,-0.19391578759385655,0.7735316544425191
img_57c2604724963389dad6b8fc,left,Tile_2,outdoor,1772726390843351808,10.500664832,-0.102906,-0.102906,0,-0.1476672354707373,0.04488271926629513,-0.10278451620444215,-0.00012148379555784738,1.0
img_582ed6d44277f03d95c67651,right,Tile_2,indoor,1772726469848243968,89.505556992,-0.284863,-0.284863,0,-0.1476672354707373,0.08142943572045662,-0.06623779975028067,-0.2186252002497193,0.6861057180447001
img_587cbd925df8e3060b13d134,right,Tile_2,indoor,1772726580854862080,200.512175104,-0.190475,-0.190475,0,-0.1476672354707373,0.11783874233904013,-0.029828493131697165,-0.16064650686830284,0.933727118778681
img_58caed980ab70c4132efecfd,right,Tile_2,outdoor,1772726519351250944,139.008563968,0.0822101,0.0822101,0,-0.1476672354707373,0.022281240047221696,-0.12538599542351558,0.2075960954235156,0.7225569425763325
img_58f765e4917dce185f3d11f7,right,Tile_2,outdoor,1772726473348428032,93.005741056,-0.378217,-0.378217,0,-0.1476672354707373,0.0665761081528102,-0.08109112731792709,-0.2971258726820729,0.5048365483826486
img_592f2c020773fd3d0eba846b,right,Tile_2,outdoor,1772726409344444928,29.001757952,-0.410488,-0.410488,0,-0.1476672354707373,-0.04192595091806257,-0.18959318638879985,-0.22089481361120017,0.6790562329091934
img_59524914ac06cf1a2d6e317a,right,Tile_2,outdoor,1772726406844327936,26.50164096,-0.080625,-0.080625,0,-0.1476672354707373,-0.03420120991460382,-0.1818684453853411,0.10124344538534111,1.0
img_59814f6dd62bb0daf23334d6,right,Tile_2,indoor,1772726573854449152,193.511762176,-0.004577,-0.004577,0,-0.1476672354707373,0.2102394204216858,0.06257218495094852,-0.06714918495094852,1.0
img_59c328a30ed6112505cd2268,left,Tile_2,outdoor,1772726399343816960,19.001129984,-0.116224,-0.116224,0,-0.1476672354707373,0.05212722314895387,-0.09554001232178341,-0.020683987678216567,1.0
img_5b91b0038b79183f5c7235e8,right,Tile_2,outdoor,1772726429345707776,49.0030208,0.102882,0.102882,0,-0.1476672354707373,0.08516263809614996,-0.06250459737458733,0.16538659737458733,0.9069658749932564
img_5bf2570751fa5012e024eb20,right,Tile_2,outdoor,1772726406344256768,26.001569792,-0.0988394,-0.0988394,0,-0.1476672354707373,-0.03265611411770397,-0.18032334958844126,0.08148394958844127,1.0
img_5cb86470777358c38d50242e,right,Tile_2,indoor,1772726462847753984,82.505067008,-0.422803,-0.422803,0,-0.1476672354707373,-0.03044579428913698,-0.17811302975987428,-0.24468997024012573,0.6130206311799293
img_5cf9d1382308cfa305655804,left,Tile_2,outdoor,1772726400843904000,20.501217024,-0.0998775,-0.0998775,0,-0.1476672354707373,0.04830960199832807,-0.09935763347240922,-0.0005198665275907566,1.0
img_5d36f96d95329bc275b1e854,right,Tile_2,outdoor,1772726440346407936,60.00372096,0.0365341,0.0365341,0,-0.1476672354707373,0.09168115663706143,-0.05598607883367586,0.09252017883367586,1.0
img_5e316fa8cb258a2918d30eed,left,Tile_2,covered,1772726511350748160,131.008061184,0.0144652,0.0144652,0,-0.1476672354707373,0.10416019887793955,-0.04350703659279774,0.057972236592797724,1.0
img_5e80513ffc34b6196a43e365,right,Tile_2,outdoor,1772726427845582848,47.502895872,-0.036304,-0.036304,0,-0.1476672354707373,0.07786085185448345,-0.06980638361625384,0.033502383616253836,1.0
img_5e8f6477648ca5ac8d8ba881,right,Tile_2,outdoor,1772726419345082880,39.002395904,-0.0895536,-0.0895536,0,-0.1476672354707373,0.03272644077385765,-0.11494079469687965,0.025387194696879653,1.0
img_5f4b3c215e0cb99dc6bba658,left,Tile_2,stationary_unresolved,1772726600856082944,220.513395968,0.0332153,0.0332153,0,-0.1476672354707373,0.08245020185384869,-0.0652170336168886,0.0984323336168886,1.0
img_5f5029f3630b2fb09e6d6efa,right,Tile_2,stationary_unresolved,1772726384842983936,4.50029696,0.0471215,0.0471215,0,-0.1476672354707373,0.0688299653797287,-0.07883727009100859,0.1259587700910086,1.0
img_5f8884d4e0886ce2c7c3329d,right,Tile_2,stationary_unresolved,1772726382842777856,2.50009088,-0.120432,-0.120432,0,-0.1476672354707373,0.08488309864817073,-0.06278413682256656,-0.05764786317743344,1.0
img_5fd035bec4171d6b6ba5975a,right,Tile_2,indoor,1772726577354654976,197.011968,-0.664156,-0.664156,0,-0.1476672354707373,0.16710493755912065,0.019437702088383357,-0.6835937020883833,0.21942858680784944
img_5feae9f76544f90eda804478,left,Tile_2,outdoor,1772726401343939072,21.001252096,-0.174987,-0.174987,0,-0.1476672354707373,0.04365170598474861,-0.10401552948598869,-0.07097147051401133,1.0
img_6140eac6fa52c2bec7a4cf37,right,Tile_2,covered,1772726480348834048,100.006147072,-0.0716265,-0.0716265,0,-0.1476672354707373,0.013454085920869255,-0.13421314954986804,0.06258664954986805,1.0
img_6173ff107b2e5193068fdc8c,left,Tile_2,covered,1772726487849295872,107.506608896,-0.0682312,-0.0682312,0,-0.1476672354707373,0.0688537672092697,-0.0788134682614676,0.01058226826146759,1.0
img_61807e09bce534e140ff3497,right,Tile_2,indoor,1772726565854044928,185.511357952,-0.333877,-0.333877,0,-0.1476672354707373,0.17361234743012227,0.02594511195938498,-0.35982211195938496,0.41687265738946944
img_61f4cc2148cac254e5f04ce6,right,Tile_2,covered,1772726460847625984,80.504939008,-0.693147,-0.700658,1,-0.1476672354707373,-0.06240995402082071,-0.21007718949155801,-0.483069810508442,0.31051412598547934
img_622228827b821ea7fad563a5,right,Tile_2,outdoor,1772726436846160896,56.50347392,-0.0133825,-0.0133825,0,-0.1476672354707373,0.09110525408875028,-0.05656198138198701,0.04317948138198702,1.0
img_62bb470e8f17d63e54df8e2e,right,Tile_2,outdoor,1772726584855147008,204.512460032,0.0793047,0.0793047,0,-0.1476672354707373,0.020650664859625793,-0.1270165706111115,0.2063212706111115,0.7270215017371151
img_643bc25ba5ac556419308dce,left,Tile_2,stationary_unresolved,1772726381342716928,1.000029952,-0.130549,-0.130549,0,-0.1476672354707373,0.07110512020110801,-0.07656211526962928,-0.05398688473037072,1.0
img_649f98a511547e2d01b94687,right,Tile_2,indoor,1772726461347658752,81.004971776,-0.561244,-0.561244,0,-0.1476672354707373,-0.05441890181444763,-0.20208613728518493,-0.3591578627148151,0.4176436480219999
img_654224d56a5a5fc52b21d876,left,Tile_2,outdoor,1772726593355632128,213.012945152,0.00564305,0.00564305,0,-0.1476672354707373,0.031461855803916236,-0.11620537966682105,0.12184842966682105,1.0
img_6546170e68807f8e8a52ad34,left,Tile_2,covered,1772726510850713856,130.50802688,0.109127,0.109127,0,-0.1476672354707373,0.10775532176097041,-0.03991191370976688,0.14903891370976685,1.0
img_65f505414e53514b40c87f66,right,Tile_2,outdoor,1772726404344176128,24.001489152,-0.188099,-0.188099,0,-0.1476672354707373,-0.026476361338346025,-0.1741435968090833,-0.013955403190916676,1.0
img_662459e85d0d8812f926ab99,left,Tile_2,covered,1772726459847571968,79.504884992,-0.525708,-0.525708,0,-0.1476672354707373,-0.10929042837428724,-0.2569576638450245,-0.26875033615497546,0.5581388367585228
img_669111f98083cce643c39165,right,Tile_2,indoor,1772726572854388992,192.511702016,-0.0893038,-0.0893038,0,-0.1476672354707373,0.2225635750577576,0.0748963395870203,-0.1642001395870203,0.9135193208560294
img_6819a75fda93260e77669bee,right,Tile_2,indoor,1772726458347492864,78.004805888,-0.693147,-0.764418,1,-0.1476672354707373,-0.04351397104535771,-0.191181206516095,-0.501965793483905,0.2988251429622755
img_68d3eb363c2845459f47e8d5,left,Tile_2,outdoor,1772726520351279872,140.008592896,0.0340719,0.0340719,0,-0.1476672354707373,0.039455959714614706,-0.10821127575612258,0.1422831757561226,1.0
img_68f31368a376525690e48608,right,Tile_2,outdoor,1772726400843888896,20.50120192,-0.249462,-0.249462,0,-0.1476672354707373,-0.01566134252465304,-0.16332857799539033,-0.08613342200460966,1.0
img_69419e5adbf182700c58bb12,right,Tile_2,outdoor,1772726441346459904,61.003772928,-0.0205208,-0.0205208,0,-0.1476672354707373,0.0889791512007256,-0.058688084270011695,0.038167284270011696,1.0
img_6945a13d80ea37856cdb03cf,right,Tile_2,outdoor,1772726437346190848,57.003503872,0.0684112,0.0684112,0,-0.1476672354707373,0.09118905028641952,-0.05647818518431777,0.12488938518431777,1.0
img_6957fc6391e712cf9f28468c,left,Tile_2,covered,1772726489349388800,109.006701824,-0.0341197,-0.0341197,0,-0.1476672354707373,0.07359364587903457,-0.07407358959170272,0.039953889591702735,1.0
img_69e4bef02a10ed141acc261e,left,Tile_2,indoor,1772726459347589888,79.004902912,-0.439507,-0.439507,0,-0.1476672354707373,-0.10827744604991174,-0.25594468152064903,-0.18356231847935095,0.817161175793678
img_6a2408035c3724c55335982f,left,Tile_2,indoor,1772726465347929088,85.005242112,-0.506456,-0.506456,0,-0.1476672354707373,-0.11742878502835623,-0.26509602049909353,-0.24135997950090649,0.6214783424749033
img_6b1b0c8108862b9717715345,left,Tile_2,outdoor,1772726396343704832,16.001017856,-0.159095,-0.159095,0,-0.1476672354707373,0.04957038377945256,-0.09809685169128474,-0.06099814830871525,1.0
img_6ca3ccb0981185a28e1f93dc,left,Tile_2,outdoor,1772726441846500864,61.503813888,-0.643172,-0.643172,0,-0.1476672354707373,-0.20309723192772655,-0.35076446739846384,-0.2924075326015361,0.5129826809366265
img_6d2459e72635c43c38ab9b72,left,Tile_2,indoor,1772726553853328896,173.51064192,-0.0187762,-0.0187762,0,-0.1476672354707373,0.2411073682775733,0.093440132806836,-0.11221633280683602,1.0
img_6ed6c4d41155b1fef7584c54,right,Tile_2,outdoor,1772726408344381952,28.001694976,-0.169279,-0.169279,0,-0.1476672354707373,-0.03883600452696657,-0.18650323999770385,0.01722423999770384,1.0
img_6edd04890eae67b7aad63fbe,right,Tile_2,indoor,1772726463347784960,83.005097984,-0.442113,-0.442113,0,-0.1476672354707373,-0.022454770720818286,-0.17012200619155557,-0.2719909938084444,0.5514888485816585
img_6f0133802dcbba5715db2a6b,right,Tile_2,outdoor,1772726417344945920,37.002258944,-0.011969,-0.011969,0,-0.1476672354707373,0.015455030783342465,-0.13221220468739484,0.12024320468739483,1.0
img_6f4375e52569cc403f7728ef,left,Tile_2,stationary_unresolved,1772726382342788096,2.00010112,-0.0118726,-0.0118726,0,-0.1476672354707373,0.06814388944978048,-0.07952334602095681,0.06765074602095682,1.0
img_6f8a41645307886414fdb6d8,left,Tile_2,covered,1772726508350550016,128.00786304,0.152645,0.152645,0,-0.1476672354707373,0.09968728324945715,-0.04797995222128014,0.20062495222128016,0.7476637294575246
img_70695d79bf115291f89af020,left,Tile_2,outdoor,1772726511850808832,131.508121856,0.054611,0.054611,0,-0.1476672354707373,0.10056488641551527,-0.04710234905522202,0.10171334905522203,1.0
img_7075633227ed0e239cb80bdf,right,Tile_2,covered,1772726482849029120,102.506342144,-0.0792697,-0.0792697,0,-0.1476672354707373,-0.05641504690622239,-0.2040822823769597,0.12481258237695969,1.0
img_714f4ac0cedca8648afe46e2,right,Tile_2,outdoor,1772726445846728960,65.504041984,0.0486123,0.0486123,0,-0.1476672354707373,0.07682003163156526,-0.07084720383917203,0.11945950383917203,1.0
img_71a7ea5f418376a993b7afdc,right,Tile_2,indoor,1772726569354188032,189.011501056,0.140305,0.140305,0,-0.1476672354707373,0.23591968337526942,0.08825244790453213,0.052052552095467886,1.0
img_729de0fdc89bc5da6f822671,right,Tile_2,outdoor,1772726431345884928,51.003197952,0.0698112,0.0698112,0,-0.1476672354707373,0.0901835048807151,-0.057483730590022195,0.12729493059002217,1.0
img_72ad41ba4c78ddfc7ef4dd7c,right,Tile_2,indoor,1772726574354477056,194.01179008,0.228481,0.228481,0,-0.1476672354707373,0.20407736991939718,0.05641013444865989,0.1720708655513401,0.8717338610425313
img_72b0880469760869c633c6c8,left,Tile_2,outdoor,1772726596355841024,216.013154048,-0.0386399,-0.0386399,0,-0.1476672354707373,0.05325803738118962,-0.09440919808954767,0.05576929808954768,1.0
img_72d329aaeffd9ca5bb751d0f,right,Tile_2,outdoor,1772726402844056832,22.501369856,-0.150477,-0.150477,0,-0.1476672354707373,-0.02184136502698507,-0.16950860049772237,0.019031600497722345,1.0
img_72da77466142f9222ca9b432,right,Tile_2,indoor,1772726562353859072,182.011172096,-0.313526,-0.313526,0,-0.1476672354707373,0.11130425044088398,-0.036362985029853315,-0.2771630149701467,0.5411977496931057
img_730764b3a74203f26ba4ada6,left,Tile_2,outdoor,1772726448846936832,68.504249856,-0.297793,-0.297793,0,-0.1476672354707373,-0.10993805851757762,-0.2576052939883149,-0.04018770601168509,1.0
img_732560e3ddae6ed22512b874,right,Tile_2,outdoor,1772726409844475136,29.50178816,-0.532949,-0.532949,0,-0.1476672354707373,-0.043470920158728256,-0.19113815562946554,-0.34181084437053444,0.43883920732893705
img_736215cb0d2336e90c45f014,left,Tile_2,indoor,1772726565353968896,185.01128192,-0.222276,-0.222276,0,-0.1476672354707373,0.13905949029366121,-0.008607745177076076,-0.2136682548229239,0.7020228630795504
img_738d35da53c08f4a598d2f51,left,Tile_2,outdoor,1772726592855638016,212.51295104,0.0133421,0.0133421,0,-0.1476672354707373,0.02782945458437155,-0.11983778088636574,0.13317988088636573,1.0
img_74943b1f05f275dfa3e64b53,right,Tile_2,outdoor,1772726513350844928,133.008157952,-0.0154156,-0.0154156,0,-0.1476672354707373,-0.03148976348376421,-0.1791569989545015,0.16374139895450152,0.9160786518116911
img_750ed64f5a06937cd1e4fa08,left,Tile_2,outdoor,1772726404344192000,24.001505024,-0.0886923,-0.0886923,0,-0.1476672354707373,0.015703934047141113,-0.1319633014235962,0.04327100142359619,1.0
img_753e568dd0cb0b359ee23e57,left,Tile_2,outdoor,1772726423845337856,43.50265088,-0.485816,-0.485816,0,-0.1476672354707373,-0.17154555439003338,-0.3192127898607707,-0.1666032101392294,0.900342795763934
img_756290dd6ae53ced57388fae,left,Tile_2,outdoor,1772726493849693184,113.507006208,0.0330537,0.0330537,0,-0.1476672354707373,0.06825971417516095,-0.07940752129557634,0.11246122129557634,1.0
img_75a30ee17616282a88941ad2,left,Tile_2,outdoor,1772726590855480064,210.512793088,-0.0859408,-0.0859408,0,-0.1476672354707373,0.013298531099962312,-0.13436870437077497,0.048427904370774974,1.0
img_764fe29b4e1960f79bb29e3d,right,Tile_2,outdoor,1772726394343603968,14.000916992,-0.245969,-0.245969,0,-0.1476672354707373,0.0091658088905378,-0.13850142658019948,-0.10746757341980048,1.0
img_767138f6ff85ce73dc611a99,left,Tile_2,covered,1772726507350515968,127.007828992,0.0632308,0.0632308,0,-0.1476672354707373,0.09380363903373576,-0.05386359643700153,0.11709439643700154,1.0
img_769f7332c72ccca1e08d266b,left,Tile_2,indoor,1772726567354110976,187.011424,-0.183765,-0.183765,0,-0.1476672354707373,0.09459598163640133,-0.05307125383433596,-0.13069374616566404,1.0
img_76ca13299aa4657ab76c685e,left,Tile_2,covered,1772726480348849152,100.006162176,-0.108345,-0.108345,0,-0.1476672354707373,0.04515443048268798,-0.10251280498804931,-0.005832195011950689,1.0
img_76feac06669caa33d9d03c46,left,Tile_2,outdoor,1772726410844553984,30.501867008,-0.288799,-0.288799,0,-0.1476672354707373,-0.04671913151261971,-0.19438636698335698,-0.09441263301664296,1.0
img_77098503d4402a0360da6d34,right,Tile_2,covered,1772726472348363776,92.0056768,-0.348031,-0.348031,0,-0.1476672354707373,0.07414712349474746,-0.07352011197598983,-0.27451088802401014,0.5464264134648102
img_77219089d0772978b6821983,left,Tile_2,outdoor,1772726497849928960,117.507241984,0.00764684,0.00764684,0,-0.1476672354707373,0.05859565536797566,-0.08907158010276163,0.09671842010276163,1.0
img_77ed34b0126642eb21004da8,right,Tile_2,outdoor,1772726390343308032,10.000621056,-0.163695,-0.163695,0,-0.1476672354707373,0.024688370645611357,-0.12297886482512593,-0.04071613517487409,1.0
img_780059d915b011a5bd08b6b7,right,Tile_2,outdoor,1772726513850872064,133.508185088,-0.0686431,-0.0686431,0,-0.1476672354707373,-0.027008906551124846,-0.17467614202186213,0.10603304202186213,1.0
img_783c40ea973d77f89e68bd01,right,Tile_2,indoor,1772726566354014976,186.011328,-0.100648,-0.100648,0,-0.1476672354707373,0.18251249831470914,0.03484526284397185,-0.13549326284397184,1.0
img_789243cb60bd90423c2cc36f,right,Tile_2,outdoor,1772726418845048832,38.502361856,-0.0356629,-0.0356629,0,-0.1476672354707373,0.028408589934170708,-0.11925864553656658,0.08359574553656658,1.0
img_78a3f1935a07eebf17609099,right,Tile_2,outdoor,1772726448346888960,68.004201984,0.0109022,0.0109022,0,-0.1476672354707373,0.07006493676862559,-0.0776022987021117,0.0885044987021117,1.0
img_7a23a6f62591d19f1c74cf07,left,Tile_2,stationary_unresolved,1772726380842704896,0.50001792,-0.0678299,-0.0678299,0,-0.1476672354707373,0.07258566583882826,-0.07508156963190903,0.007251669631909027,1.0
img_7a41592105a1e385ea290380,right,Tile_2,outdoor,1772726410844537856,30.50185088,-0.26365,-0.26365,0,-0.1476672354707373,-0.0406767317030601,-0.1883439671737974,-0.0753060328262026,1.0
img_7c0a4bbe04e2a982312985e3,left,Tile_2,outdoor,1772726520851337984,140.508651008,0.0215588,0.0215588,0,-0.1476672354707373,0.03628875142869607,-0.11137848404204122,0.13293728404204122,1.0
img_7c194d874150e53dc7911d70,right,Tile_2,covered,1772726509850633984,129.507947008,0.0213971,0.0213971,0,-0.1476672354707373,-0.0633172839125614,-0.2109845193832987,0.2323816193832987,0.6454899505308315
img_7c4bd9a8b55c8f86fa134466,right,Tile_2,indoor,1772726534352160000,154.009473024,0.0639484,0.0639484,0,-0.1476672354707373,0.10791574098482534,-0.03975149448591195,0.10369989448591195,1.0
img_7c515910e5b2babce47b2d20,left,Tile_2,outdoor,1772726587855303168,207.512616192,-0.0985249,-0.0985249,0,-0.1476672354707373,-0.0030380994111405294,-0.15070533488187782,0.05218043488187782,1.0
img_7cbdf15076430dd9350f81b8,right,Tile_2,stationary_unresolved,1772726387343147008,7.000460032,-0.0226219,-0.0226219,0,-0.1476672354707373,0.04876430745129494,-0.09890292801944235,0.07628102801944235,1.0
img_7cbe47c2fcf912025e6a1750,right,Tile_2,indoor,1772726573354415872,193.011728896,-0.0810154,-0.0810154,0,-0.1476672354707373,0.2164015371746439,0.0687343017039066,-0.1497497017039066,1.0
img_7ce79754f20b04e0897c295c,left,Tile_2,stationary_unresolved,1772726386343101952,6.000414976,-0.0743841,-0.0743841,0,-0.1476672354707373,0.056298880030061976,-0.09136835544067531,0.016984255440675333,1.0
img_7cff19823ca3910b18ba5ea2,left,Tile_2,stationary_unresolved,1772726381842718720,1.500031744,-0.0603209,-0.0603209,0,-0.1476672354707373,0.06962460488423282,-0.07804263058650447,0.017721730586504475,1.0
img_7d06dbe48c57eacee34b64be,left,Tile_2,outdoor,1772726407844367104,27.501680128,-0.147506,-0.147506,0,-0.1476672354707373,-0.01690068226215553,-0.1645679177328928,0.017061917732892812,1.0
img_7d6f42b0bce05fe141244829,right,Tile_2,outdoor,1772726442846546944,62.503859968,-0.0211148,-0.0211148,0,-0.1476672354707373,0.0849261184916724,-0.06274111697906488,0.04162631697906488,1.0
img_7dcdf9e8d78797e6f40a6690,right,Tile_2,indoor,1772726578354714880,198.012027904,-0.0599748,-0.0599748,0,-0.1476672354707373,0.15478078607784249,0.007113550607105196,-0.06708835060710519,1.0
img_7e1c9e745aed152b1e706429,right,Tile_2,outdoor,1772726393843569920,13.500882944,-0.261692,-0.261692,0,-0.1476672354707373,0.01110611768616172,-0.13656111778457558,-0.1251308822154244,1.0
img_7e5fa33d0d13a5a9e8727f84,right,Tile_2,outdoor,1772726405344205824,25.001518848,-0.0374718,-0.0374718,0,-0.1476672354707373,-0.02956620490250176,-0.17723344037323904,0.13976164037323907,1.0
img_7eb69cbcb3cfc4f6f4283b99,right,Tile_2,indoor,1772726542352633088,162.009946112,-0.693147,-0.723707,1,-0.1476672354707373,-0.12697521347696133,-0.2746424489476986,-0.41850455105230133,0.3584190413768146
img_7fc70193a1c9db1d85cc998e,left,Tile_2,outdoor,1772726406844329984,26.501643008,-0.117905,-0.117905,0,-0.1476672354707373,-0.0075851978581346555,-0.15525243332887195,0.03734743332887196,1.0
img_8025ffd18b089ef27d299a02,right,Tile_2,outdoor,1772726430845890048,50.503203072,-0.00613253,-0.00613253,0,-0.1476672354707373,0.09009971456049426,-0.05756752091024303,0.051434990910243034,1.0
img_8034bee18078f34322ce32c4,right,Tile_2,indoor,1772726468848142848,88.505455872,-0.35776,-0.35776,0,-0.1476672354707373,0.06544676263777603,-0.08222047283296126,-0.2755395271670388,0.5443865043328842
img_8090a41117eb65d08a63dfb6,left,Tile_2,indoor,1772726466347998976,86.005312,-0.693147,-0.778796,1,-0.1476672354707373,-0.11885443711602084,-0.26652167258675813,-0.42662532741324183,0.3515965657957892
img_80940ca2f4c06ff631233746,right,Tile_2,stationary_unresolved,1772726386843112960,6.500425984,-0.0671837,-0.0671837,0,-0.1476672354707373,0.05277745054268207,-0.09488978492805522,0.027706084928055208,1.0
img_809b1e32b82c29585751f38a,left,Tile_2,indoor,1772726546352840960,166.010153984,0.0726763,0.0726763,0,-0.1476672354707373,0.1359898014878473,-0.011677433982889979,0.08435373398288998,1.0
img_8123b95a19d4d38c968b46a6,right,Tile_2,outdoor,1772726475348558848,95.005871872,-0.368387,-0.368387,0,-0.1476672354707373,0.05143406002643718,-0.0962331754443001,-0.2721538245556999,0.5511588905461091
img_8176d36ae3b7dfeb51721892,left,Tile_2,outdoor,1772726400343864064,20.001177088,-0.0779912,-0.0779912,0,-0.1476672354707373,0.052967543320741745,-0.09469969214999555,0.016708492149995563,1.0
img_82d9fb8847d38ab47a5fd588,left,Tile_2,outdoor,1772726477848705024,97.506018048,0.0454545,0.0454545,0,-0.1476672354707373,0.0028160678456417357,-0.14485116762509556,0.19030566762509557,0.788205637130586
img_838c23e27b7d0914a3d56cc1,left,Tile_2,outdoor,1772726495349758976,115.007072,0.0267816,0.0267816,0,-0.1476672354707373,0.06463574677916145,-0.08303148869157584,0.10981308869157584,1.0
img_8445df47b782669dc1b90367,right,Tile_2,indoor,1772726464847874816,84.50518784,-0.219309,-0.219309,0,-0.1476672354707373,0.0015182508903297948,-0.14614898458040748,-0.0731600154195925,1.0
img_8448119d6dd039f747f28fad,right,Tile_2,stationary_unresolved,1772726381342714112,1.000027136,-0.019601,-0.019601,0,-0.1476672354707373,0.0969222197339291,-0.05074501573680819,0.031144015736808188,1.0
img_84697fc9c6f4c5bed7b7f5e7,left,Tile_2,indoor,1772726547852930048,167.510243072,0.101495,0.101495,0,-0.1476672354707373,0.1736090167469218,0.025941781276184517,0.07555321872381549,1.0
img_84c4dd47f20c39c3503715c4,left,Tile_2,indoor,1772726553353296128,173.010609152,0.0249443,0.0249443,0,-0.1476672354707373,0.24038661828557384,0.09271938281483655,-0.06777508281483656,1.0
img_854fa679dccac7d7e0b62e14,left,Tile_2,outdoor,1772726498850016000,118.507329024,-0.0244242,-0.0244242,0,-0.1476672354707373,0.05617957278983116,-0.09148766268090613,0.06706346268090613,1.0
img_85a543b7c72c048e16fcfee4,left,Tile_2,outdoor,1772726476848726016,96.50603904,-0.12266,-0.12266,0,-0.1476672354707373,-0.014151979366353627,-0.1618192148370909,0.03915921483709091,1.0
img_85e78662bf093fa213534df1,right,Tile_2,outdoor,1772726597855890944,217.513203968,-0.361786,-0.361786,0,-0.1476672354707373,-0.1739088058648941,-0.3215760413356314,-0.040209958664368606,1.0
img_864756b6e6d7af01e546481e,right,Tile_2,outdoor,1772726391343368960,11.000681984,-0.0691616,-0.0691616,0,-0.1476672354707373,0.02080778086873637,-0.12685945460200093,0.05769785460200093,1.0
img_864f94111ef95cfcf74e9828,right,Tile_2,outdoor,1772726421345256960,41.002569984,0.0329071,0.0329071,0,-0.1476672354707373,0.04622082691427588,-0.10144640855646142,0.13435350855646142,1.0
img_86575fe5a65f1c1856691512,right,Tile_2,outdoor,1772726588355316992,208.012630016,-0.0335755,-0.0335755,0,-0.1476672354707373,-0.06438697563819362,-0.2120542111089309,0.1784787111089309,0.8404363695144039
img_873f8a46b4f56524c493f90f,left,Tile_2,outdoor,1772726497349894144,117.007207168,0.0107628,0.0107628,0,-0.1476672354707373,0.05980367562929542,-0.08786355984144187,0.09862635984144187,1.0
img_876fed3a87ac79c0d63a1017,right,Tile_2,covered,1772726471348340992,91.005654016,-0.452193,-0.452193,0,-0.1476672354707373,0.0817178248717107,-0.06594941059902659,-0.3862435894009734,0.3883559601147958
img_87edfad3f6901cbaccb73eb1,right,Tile_2,outdoor,1772726477848688896,97.50600192,-0.0813869,-0.0813869,0,-0.1476672354707373,0.03250675326921393,-0.11516048220152336,0.033773582201523364,1.0
img_88226fd046cc5356cc68c8ec,right,Tile_2,outdoor,1772726398843760896,18.50107392,-0.214402,-0.214402,0,-0.1476672354707373,-0.008296390141729514,-0.1559636256124668,-0.058438374387533215,1.0
img_88f56dd83ab43bbefa88be99,left,Tile_2,outdoor,1772726499850046976,119.50736,-0.0999304,-0.0999304,0,-0.1476672354707373,0.05376362565515133,-0.09390360981558596,-0.00602679018441403,1.0
img_8962d14dfb4d12b9b2cf4058,left,Tile_2,indoor,1772726526351647744,146.008960768,-0.0359001,-0.0359001,0,-0.1476672354707373,0.0014515470539537435,-0.14621568841678353,0.11031558841678354,1.0
img_899fdb6f39652cc58649d147,right,Tile_2,indoor,1772726537352364032,157.009677056,-0.522959,-0.522959,0,-0.1476672354707373,0.01247432819695768,-0.1351929072737796,-0.38776609272622037,0.386831140766881
img_89a641da0fa44949a2822d47,right,Tile_2,outdoor,1772726423845319936,43.50263296,0.0247695,0.0247695,0,-0.1476672354707373,0.05838976371462256,-0.08927747175611472,0.11404697175611474,1.0
img_89dbae486825e8e491b2f107,right,Tile_2,covered,1772726583355017984,203.012331008,-0.213354,-0.213354,0,-0.1476672354707373,0.05709673268673077,-0.09057050278400652,-0.12278349721599346,1.0
img_8a5782154627496067ab070d,right,Tile_2,outdoor,1772726415844847872,35.502160896,-0.0657021,-0.0657021,0,-0.1476672354707373,0.0025015136337070976,-0.1451657218370302,0.0794636218370302,1.0
img_8a836ae7085e580269664f4b,right,Tile_2,outdoor,1772726586355254016,206.01256704,0.0398944,0.0398944,0,-0.1476672354707373,-0.01579486808240057,-0.16346210355313787,0.20335650355313786,0.7376208647332707
img_8b86a5f7e66ce5098ea7120a,right,Tile_2,covered,1772726491349501952,111.006814976,-0.469519,-0.469519,0,-0.1476672354707373,-0.25491555282086553,-0.4025827882916028,-0.0669362117083972,1.0
img_8bdef04bbeeb5f84aab07251,left,Tile_2,indoor,1772726598355931904,218.013244928,0.0432296,0.0432296,0,-0.1476672354707373,0.06778847359503153,-0.07987876187570576,0.12310836187570576,1.0
img_8c2af5819c98a4c49838403d,right,Tile_2,outdoor,1772726519851233024,139.508546048,-0.0783125,-0.0783125,0,-0.1476672354707373,0.026761693222793877,-0.12090554224794342,0.04259304224794341,1.0
img_8c3e6079842882b7a563f29e,right,Tile_2,indoor,1772726579854802944,199.512115968,-0.0816901,-0.0816901,0,-0.1476672354707373,0.13629458093948252,-0.011372654531254772,-0.07031744546874523,1.0
img_8c80111aab308428694788f4,right,Tile_2,outdoor,1772726401843961088,21.501274112,-0.0652808,-0.0652808,0,-0.1476672354707373,-0.01875131739090173,-0.16641855286163904,0.10113775286163904,1.0
img_8cb5b725b7b6ad962fac04a5,right,Tile_2,outdoor,1772726432846006784,52.503319808,-0.0410066,-0.0410066,0,-0.1476672354707373,0.0904348988363582,-0.057232336634379086,0.01622573663437909,1.0
img_8cd89f371a942c3c6c92b440,left,Tile_2,covered,1772726485349150976,105.006464,0.00184222,0.00184222,0,-0.1476672354707373,0.06095400097300623,-0.08671323449773105,0.08855545449773107,1.0
img_8d2653f0e92eb51552d9d708,right,Tile_2,outdoor,1772726438846304000,58.503617024,0.0979687,0.0979687,0,-0.1476672354707373,0.09144044278342581,-0.05622679268731148,0.1541954926873115,0.9727910808922319
img_8e7406ac1d20129cfb445559,right,Tile_2,covered,1772726583855046912,203.512359936,-0.241024,-0.241024,0,-0.1476672354707373,0.04494838548869477,-0.10271884998204252,-0.13830515001795746,1.0
img_8ef82436b387ffb945bf91a5,right,Tile_2,indoor,1772726566854084864,186.511397888,-0.1204,-0.1204,0,-0.1476672354707373,0.19141442648789228,0.04374719101715499,-0.16414719101715497,0.9138139926154664
img_8efe5cca9c8833e14b9d60ff,left,Tile_2,indoor,1772726462847769856,82.50508288,-0.427138,-0.427138,0,-0.1476672354707373,-0.11386467688815123,-0.2615319123588885,-0.1656060876411115,0.905763804559336
img_8f0e7759dc55f86773c50f2b,right,Tile_2,outdoor,1772726475848583936,95.50589696,-0.266324,-0.266324,0,-0.1476672354707373,0.047648605651992054,-0.10001862981874524,-0.1663053701812548,0.9019552395482857
img_90c01a0a342d72f043a54865,right,Tile_2,stationary_unresolved,1772726599856006912,219.513319936,-0.362855,-0.362855,0,-0.1476672354707373,-0.19021121257922072,-0.33787844804995804,-0.024976551950042003,1.0
img_90c4c943ac74ab146341b73c,right,Tile_2,indoor,1772726565353952768,185.011265792,-0.34983,-0.34983,0,-0.1476672354707373,0.16471002278486793,0.017042787314130642,-0.36687278731413064,0.4088610689774715
img_90eea4dd5eaa99d0803f2f7d,right,Tile_2,covered,1772726456847405056,76.50471808,-0.693147,-0.78542,1,-0.1476672354707373,-0.02323998834702103,-0.17090722381775833,-0.5222397761822417,0.287224387802387
img_9294bdfdfc421be19feca3a8,right,Tile_2,covered,1772726481848922880,101.506235904,-0.228739,-0.228739,0,-0.1476672354707373,-0.028466605400069303,-0.17613384087080658,-0.05260515912919339,1.0
img_92dd1fda516c07508a76a56c,right,Tile_2,outdoor,1772726401343922944,21.001235968,-0.147909,-0.147909,0,-0.1476672354707373,-0.017206323629965676,-0.16487355910070298,0.016964559100702936,1.0
img_94448b4974045a36f76fb520,right,Tile_2,outdoor,1772726514850932736,134.50824576,-0.0382612,-0.0382612,0,-0.1476672354707373,-0.018047135333989994,-0.16571437080472728,0.1274531708047273,1.0
img_94927e44b477e8913c19b6ca,right,Tile_2,covered,1772726486349238784,106.006551808,-0.29128,-0.29128,0,-0.1476672354707373,-0.15423006009279625,-0.3018972955635335,0.010617295563533524,1.0
img_94e02476ceafeb0eb6a0b463,right,Tile_2,indoor,1772726470848311808,90.505624832,-0.420041,-0.420041,0,-0.1476672354707373,0.08550331025504218,-0.06216392521569511,-0.35787707478430486,0.4191383314798974
img_953b301eedea931f01d7519b,left,Tile_2,covered,1772726509850650112,129.507963136,0.234548,0.234548,0,-0.1476672354707373,0.1085130380029929,-0.03915419746774439,0.2737021974677444,0.548040904997401
img_954f086e75547572ac933571,left,Tile_2,outdoor,1772726424845409792,44.502722816,-0.476695,-0.476695,0,-0.1476672354707373,-0.17181241936093286,-0.3194796548316702,-0.1572153451683298,0.9541053377416538
img_9620b0e2d41b237347f467c4,left,Tile_2,outdoor,1772726521851397120,141.508710144,-0.102375,-0.102375,0,-0.1476672354707373,0.029954696434007867,-0.11771253903672943,0.015337539036729436,1.0
img_9633e8945f2c59ccce41f434,left,Tile_2,covered,1772726481348909824,101.006222848,-0.089813,-0.089813,0,-0.1476672354707373,0.04831434555141863,-0.09935288991931866,0.009539889919318659,1.0
img_963a1658563cdcae13dded91,left,Tile_2,covered,1772726482348969984,102.006283008,-0.0693693,-0.0693693,0,-0.1476672354707373,0.051474259002370945,-0.09619297646836635,0.02682367646836635,1.0
img_96ec06089b236e99424a6f3b,left,Tile_2,outdoor,1772726448346905088,68.004218112,-0.241842,-0.241842,0,-0.1476672354707373,-0.11659229321993192,-0.2642595286906692,0.02241752869066921,1.0
img_972156b97cd01036788d2d93,left,Tile_2,outdoor,1772726390343323904,10.000636928,-0.122215,-0.122215,0,-0.1476672354707373,0.04445657151706127,-0.10321066395367602,-0.019004336046323997,1.0
img_977b8a805006c0e5b74cbe6d,right,Tile_2,covered,1772726485349135872,105.006448896,-0.186407,-0.186407,0,-0.1476672354707373,-0.12628171158917614,-0.27394894705991346,0.08754194705991347,1.0
img_979bfd5fa0f6aaab6792aa9a,left,Tile_2,outdoor,1772726515350981120,135.008294144,0.00552655,0.00552655,0,-0.1476672354707373,0.07539951398710938,-0.07226772148362791,0.07779427148362791,1.0
img_98bb570ecf462a8b29f1009a,right,Tile_2,outdoor,1772726427345547008,47.002860032,-0.00455413,-0.00455413,0,-0.1476672354707373,0.07542695135146338,-0.07224028411927391,0.06768615411927391,1.0
img_98f96242d8c202d61ed3e10a,left,Tile_2,covered,1772726457347449088,77.004762112,-0.453376,-0.453376,0,-0.1476672354707373,-0.10422508626001228,-0.2518923217307496,-0.20148367826925045,0.7444771769530094
img_98fbe7ea8fe6d8ecf2b8b9d7,right,Tile_2,stationary_unresolved,1772726600356036864,220.013349888,-0.292075,-0.292075,0,-0.1476672354707373,-0.19416612098687439,-0.3418333564576117,0.049758356457611674,1.0
img_99068fd6187eaec18010aec9,right,Tile_2,indoor,1772726580354832896,200.01214592,-0.0974156,-0.0974156,0,-0.1476672354707373,0.12998709575666967,-0.017680139714067622,-0.07973546028593238,1.0
img_9962d88cb31eac6975120aa9,left,Tile_2,outdoor,1772726475348614912,95.005927936,-0.0473252,-0.0473252,0,-0.1476672354707373,-0.039606469742926,-0.1872737052136633,0.1399485052136633,1.0
img_998fac7e5f651da4c2cd8d17,right,Tile_2,stationary_unresolved,1772726385843104768,5.500417792,-0.0739755,-0.0739755,0,-0.1476672354707373,0.06080325595154762,-0.08686397951918967,0.012888479519189686,1.0
img_99b7912c3fb02b71077e5347,left,Tile_2,stationary_unresolved,1772726600356051968,220.013364992,0.00149113,0.00149113,0,-0.1476672354707373,0.08222796663338557,-0.06543926883735172,0.06693039883735172,1.0
img_99cab519f1ef124e4b6289fd,right,Tile_2,outdoor,1772726522351382016,142.00869504,-0.360055,-0.360055,0,-0.1476672354707373,0.07220294826144685,-0.07546428720929044,-0.2845907127907096,0.5270727162144299
img_99ff5b55953852c01f3971b3,right,Tile_2,indoor,1772726539852445952,159.509758976,-0.504047,-0.504047,0,-0.1476672354707373,-0.06705737964197307,-0.21472461511271035,-0.2893223848872897,0.5184527981076714
img_9a02444f21bdbcb3a9eda962,left,Tile_2,covered,1772726485849179136,105.50649216,-0.0510958,-0.0510958,0,-0.1476672354707373,0.06253395163181356,-0.08513328383892373,0.03403748383892374,1.0
img_9b00be96662f65f6e44b8ae9,right,Tile_2,outdoor,1772726521851394816,141.50870784,-0.325853,-0.325853,0,-0.1476672354707373,0.06198831314055819,-0.0856789223301791,-0.2401740776698209,0.6245470013054962
img_9b4b225cdf274d4a95011c0b,left,Tile_2,outdoor,1772726519351252992,139.008566016,-0.0337505,-0.0337505,0,-0.1476672354707373,0.04663854932862986,-0.10102868614210743,0.06727818614210743,1.0
img_9b81a0f6a1bf887a91ae2d98,left,Tile_2,covered,1772726456847420928,76.504733952,-0.456686,-0.456686,0,-0.1476672354707373,-0.10321201057583973,-0.250879246046577,-0.20580675395342296,0.7288390546888814
img_9c233d6fe5c0b3c4bb7581ba,left,Tile_2,indoor,1772726525351582976,145.008896,-0.160045,-0.160045,0,-0.1476672354707373,0.007785637719930355,-0.13988159775080694,-0.020163402249193052,1.0
img_9cc72b24cfc01e68bb74537b,right,Tile_2,outdoor,1772726413844727040,33.502040064,-0.131856,-0.131856,0,-0.1476672354707373,-0.014769757089694996,-0.1624369925604323,0.030580992560432285,1.0
img_9d2169dd4ead7e93fd64a667,left,Tile_2,indoor,1772726527351708928,147.009021952,-0.0341609,-0.0341609,0,-0.1476672354707373,-0.0048825209121119584,-0.15254975638284926,0.11838885638284924,1.0
img_9dc91b94d046c1df9d217aee,left,Tile_2,outdoor,1772726408344398848,28.001711872,-0.161934,-0.161934,0,-0.1476672354707373,-0.021558547274953592,-0.1692257827456909,0.007291782745690895,1.0
img_9ebdbf472ddeb6c9d82994c8,left,Tile_2,outdoor,1772726517851133952,137.508446976,0.0646701,0.0646701,0,-0.1476672354707373,0.0574240339340504,-0.09024320153668688,0.15491330153668686,0.9682835399675264
img_9ee9430204cbc4d2cbd30ed3,right,Tile_2,indoor,1772726462347724032,82.005037056,-0.35089,-0.35089,0,-0.1476672354707373,-0.038436801492852724,-0.18610403696359,-0.16478596303640997,0.9102717078326449
img_9f8e6e6735bab2261cf49998,right,Tile_2,outdoor,1772726399343814912,19.001127936,-0.181562,-0.181562,0,-0.1476672354707373,-0.01023677642024922,-0.15790401189098652,-0.023657988109013484,1.0
img_9fc13fc6b2a89839552d140b,right,Tile_2,outdoor,1772726520351264000,140.008577024,-0.183634,-0.183634,0,-0.1476672354707373,0.031340950729998485,-0.1163262847407388,-0.06730771525926119,1.0
img_9fdb192a6cce5207a022ddf4,left,Tile_2,outdoor,1772726587355271936,207.01258496,-0.119884,-0.119884,0,-0.1476672354707373,-0.005573300024902552,-0.15324053549563985,0.03335653549563984,1.0
img_9ffea0abbf2eabd75d38e11e,left,Tile_2,indoor,1772726526851676928,146.508989952,0.0835227,0.0835227,0,-0.1476672354707373,-0.0017154780112569774,-0.14938271348199428,0.23290541348199428,0.6440382718351729
img_9fff771b01cbbb84aede4919,left,Tile_2,outdoor,1772726399843821056,19.50113408,-0.0791351,-0.0791351,0,-0.1476672354707373,0.05255335060786888,-0.09511388486286841,0.01597878486286841,1.0
img_a022d4ac11daef96817ffead,right,Tile_2,outdoor,1772726514350947840,134.008260864,0.0357994,0.0357994,0,-0.1476672354707373,-0.022527613744378897,-0.17019484921511618,0.2059942492151162,0.728175667871959
img_a14105de462c87fe3f894b4d,right,Tile_2,outdoor,1772726410344506880,30.001819904,-0.291072,-0.291072,0,-0.1476672354707373,-0.0449945560156779,-0.19266179148641518,-0.09841020851358481,1.0
img_a1f74d52ddf18a7b95f8fb82,right,Tile_2,outdoor,1772726443346631936,63.00394496,-0.0693131,-0.0693131,0,-0.1476672354707373,0.08357495634185302,-0.06409227912888427,-0.005220820871115736,1.0
img_a21e76e673caa3f2f9ac6c92,right,Tile_2,indoor,1772726582354951936,202.01226496,-0.303754,-0.303754,0,-0.1476672354707373,0.08139362610980666,-0.06627360936093063,-0.2374803906390694,0.6316310984513033
img_a2dfad8a426ffd116653cba3,right,Tile_2,indoor,1772726562853868032,182.511181056,-0.281247,-0.281247,0,-0.1476672354707373,0.12020509401230839,-0.0274621414584289,-0.2537848585415711,0.59105181003314
img_a2e7e9dbb51942d5d12a742f,left,Tile_2,indoor,1772726536352329984,156.009643008,-0.121933,-0.121933,0,-0.1476672354707373,-0.01836145768065567,-0.16602869315139296,0.04409569315139296,1.0
img_a2ef0a0058461539f6d32279,right,Tile_2,outdoor,1772726417844980992,37.502294016,0.0448446,0.0448446,0,-0.1476672354707373,0.019772890465385835,-0.12789434500535146,0.17273894500535147,0.8683623718748136
img_a32938d8e900c340762569b1,left,Tile_2,outdoor,1772726394343606016,14.00091904,-0.0738802,-0.0738802,0,-0.1476672354707373,0.047865803691290676,-0.09980143177944661,0.02592123177944662,1.0
img_a34bf12eed338786d18daa62,left,Tile_2,indoor,1772726524351521024,144.008834048,-0.0987118,-0.0987118,0,-0.1476672354707373,0.014119710550262477,-0.1335475249204748,0.034835724920474806,1.0
img_a3cc951b233b580ed90eef07,left,Tile_2,outdoor,1772726588355331840,208.012644864,-0.0466116,-0.0466116,0,-0.1476672354707373,-0.0005029117767948984,-0.1481701472475322,0.10155854724753219,1.0
img_a415e25dd2ef27ecc5a4e82a,right,Tile_2,indoor,1772726465347912960,85.005225984,-0.147595,-0.147595,0,-0.1476672354707373,0.009509389010865454,-0.13815784645987184,-0.009437153540128168,1.0
img_a43232d113b6f9e20c343e11,left,Tile_2,outdoor,1772726503850278912,123.507591936,-0.0332324,-0.0332324,0,-0.1476672354707373,0.07321019069127671,-0.07445704477946058,0.04122464477946058,1.0
img_a4bc513964ab0170b07c28bc,right,Tile_2,outdoor,1772726412844669952,32.501982976,-0.222605,-0.222605,0,-0.1476672354707373,-0.023405363713737755,-0.17107259918447504,-0.05153240081552496,1.0
img_a582079f26f392696e22c9e8,left,Tile_2,indoor,1772726564353956864,184.011269888,-0.249511,-0.249511,0,-0.1476672354707373,0.16128993286411908,0.013622697393381789,-0.26313369739338177,0.5700524162656058
img_a5821da77bd01917280213c1,left,Tile_2,outdoor,1772726401843976960,21.501289984,-0.0686346,-0.0686346,0,-0.1476672354707373,0.038993783739738844,-0.10867345173099845,0.04003885173099843,1.0
img_a6a68e03d00b4ed4df22aa71,left,Tile_2,stationary_unresolved,1772726384342942976,4.000256,0.0412474,0.0412474,0,-0.1476672354707373,0.06222139080409023,-0.08544584466664706,0.12669324466664705,1.0
img_a6e40bded3c9f2217bdca885,left,Tile_2,indoor,1772726544352721920,164.010034944,0.0165808,0.0165808,0,-0.1476672354707373,0.08583084138911662,-0.06183639408162067,0.07841719408162065,1.0
img_a70b864456069a8a04299a32,left,Tile_2,outdoor,1772726591355510016,211.01282304,-0.0245495,-0.0245495,0,-0.1476672354707373,0.01693119269309295,-0.13073604277764433,0.10618654277764436,1.0
img_a7702c940d1875989ae07bb5,right,Tile_2,indoor,1772726574854508032,194.511821056,0.100326,0.100326,0,-0.1476672354707373,0.197915281559583,0.0502480460888457,0.0500779539111543,1.0
img_a81fedc93cf86c096628e077,left,Tile_2,outdoor,1772726589355390976,209.012704,-0.0220545,-0.0220545,0,-0.1476672354707373,0.004567472577487875,-0.1430997628932494,0.1210452628932494,1.0
img_a82e5ed8936520040da5595f,right,Tile_2,covered,1772726459847555840,79.504868864,-0.671661,-0.671661,0,-0.1476672354707373,-0.06378761813431479,-0.21145485360505206,-0.46020614639494783,0.32594088795865483
img_a845da47748e8a6ca297bb3a,right,Tile_2,outdoor,1772726390843336960,10.500649984,-0.213445,-0.213445,0,-0.1476672354707373,0.022748081717396614,-0.12491915375334067,-0.08852584624665931,1.0
img_a8804fb8fac29a211615de16,left,Tile_2,covered,1772726458847533824,78.504846848,-0.566508,-0.566508,0,-0.1476672354707373,-0.10726431383119542,-0.25493154930193274,-0.3115764506980673,0.48142277654147003
img_a9080d3bc1d37c269cf33d87,left,Tile_2,stationary_unresolved,1772726386843129856,6.50044288,-0.00646402,-0.00646402,0,-0.1476672354707373,0.054818287395031966,-0.09284894807570532,0.08638492807570532,1.0
img_a9801515c4acedf4f042d6ee,right,Tile_2,outdoor,1772726392843508992,12.500822016,-0.338312,-0.338312,0,-0.1476672354707373,0.014986707463036706,-0.13268052800770058,-0.20563147199229942,0.7294603231047107
img_a994d67bd8f7baf8bc80fc12,left,Tile_2,outdoor,1772726495849790976,115.507104,-0.100068,-0.100068,0,-0.1476672354707373,0.0634277333209381,-0.0842395021497992,-0.01582849785020081,1.0
img_a9e7f0e0c40e93878609f3f3,left,Tile_2,indoor,1772726532352043776,152.0093568,-0.252677,-0.252677,0,-0.1476672354707373,-0.021999180208057953,-0.16966641567879526,-0.08301058432120473,1.0
img_aabac34ed43c0f022c9ce39e,left,Tile_2,indoor,1772726524851557120,144.508870144,-0.0682648,-0.0682648,0,-0.1476672354707373,0.01095264170665249,-0.1367145937640848,0.06844979376408482,1.0
img_abcaa5cd6df859ada3b95e63,right,Tile_2,indoor,1772726569854267904,189.511580928,0.115779,0.115779,0,-0.1476672354707373,0.24482178927731163,0.09715455380657434,0.018624446193425667,1.0
img_ace39114ea6e3dc2c06be34b,left,Tile_2,outdoor,1772726597355872000,217.013185024,-0.121794,-0.121794,0,-0.1476672354707373,0.06052315040877075,-0.08714408506196654,-0.03464991493803346,1.0
img_ad64d81e52a8a7bcc90a5256,left,Tile_2,indoor,1772726559353672960,179.010985984,-0.0656495,-0.0656495,0,-0.1476672354707373,0.2490355945735792,0.10136835910284192,-0.16701785910284192,0.8981075485325009
img_ae76977466c8fa930454864c,right,Tile_2,outdoor,1772726434346002944,54.003315968,0.0172268,0.0172268,0,-0.1476672354707373,0.09068627172756943,-0.056980963743167856,0.07420776374316784,1.0
img_ae7fcdb96cefc23a2e9b1cb8,left,Tile_2,indoor,1772726555353378048,175.010691072,0.0489361,0.0489361,0,-0.1476672354707373,0.2432695474056075,0.0956023119348702,-0.0466662119348702,1.0
img_ae847fd97d3627e78b825c01,left,Tile_2,indoor,1772726547352930048,167.010243072,0.139452,0.139452,0,-0.1476672354707373,0.1610700230431442,0.013402787572406899,0.1260492124275931,1.0
img_aedaf82ed3842144ec0c3951,right,Tile_2,outdoor,1772726476848721920,96.506034944,-0.0937512,-0.0937512,0,-0.1476672354707373,0.04007703215010074,-0.10759020332063654,0.013839003320636534,1.0
img_af0c1eda2c65e76e902ac346,left,Tile_2,outdoor,1772726515851009792,135.508322816,0.00907848,0.00907848,0,-0.1476672354707373,0.07180443159676458,-0.0758628038739727,0.0849412838739727,1.0
img_af0c87414478c62a4258fbee,right,Tile_2,indoor,1772726541852632064,161.509945088,-0.693147,-0.732639,1,-0.1476672354707373,-0.11594940710948509,-0.2636166425802224,-0.4295303574197776,0.3492186231051554
img_af58ddf11594de171687a482,left,Tile_2,indoor,1772726560853705984,180.511019008,-0.0703592,-0.0703592,0,-0.1476672354707373,0.23910112280991486,0.09143388733917757,-0.16179308733917755,0.9271100667332287
img_af7bad065c75951e1c1e1c4f,right,Tile_2,outdoor,1772726450347016960,70.004329984,-0.0133473,-0.0133473,0,-0.1476672354707373,0.06461403932252308,-0.08305319614821421,0.06970589614821421,1.0
img_afa4fada790a296589f9fe98,left,Tile_2,indoor,1772726542352634880,162.009947904,-0.121215,-0.121215,0,-0.1476672354707373,0.035672683785982554,-0.11199455168475474,-0.00922044831524528,1.0
img_afaf7f3f1d8bcc555be40c0f,left,Tile_2,indoor,1772726552853229056,172.51054208,0.0334491,0.0334491,0,-0.1476672354707373,0.2396658188475994,0.09199858337686212,-0.05854948337686212,1.0
img_afbad3a10e48842de673fe08,right,Tile_2,covered,1772726486849220096,106.50653312,-0.238088,-0.238088,0,-0.1476672354707373,-0.16820227413737732,-0.3158695096081146,0.07778150960811467,1.0
img_affda59b9b625a3dde9beb85,right,Tile_2,outdoor,1772726424845394944,44.502707968,-0.0723818,-0.0723818,0,-0.1476672354707373,0.06325758091954334,-0.08440965455119395,0.012027854551193956,1.0
img_b03cab9432767781d37d0c40,right,Tile_2,outdoor,1772726518351147776,138.0084608,-0.254162,-0.254162,0,-0.1476672354707373,0.013319088013761944,-0.13434814745697535,-0.11981385254302465,1.0
img_b11bf686109a135a518900ea,left,Tile_2,outdoor,1772726500350077952,120.007390976,0.00767438,0.00767438,0,-0.1476672354707373,0.05261695471760855,-0.09505028075312874,0.10272466075312874,1.0
img_b163f81048a3ba50a89567c5,left,Tile_2,covered,1772726488849356800,108.506669824,0.00594326,0.00594326,0,-0.1476672354707373,0.07201368308688953,-0.07565355238384776,0.08159681238384776,1.0
img_b18850b17273389e3aefd9cd,right,Tile_2,covered,1772726510350720000,130.008033024,-0.124269,-0.124269,0,-0.1476672354707373,-0.058374565556612176,-0.20604180102734948,0.08177280102734948,1.0
img_b1eaa3cc3bdadd20836fdc60,right,Tile_2,indoor,1772726576854681856,196.51199488,-0.538741,-0.538741,0,-0.1476672354707373,0.17326631293553701,0.025599077464799724,-0.5643400774647997,0.26579717796022756
img_b2093a79c6bb26d7f93e593e,left,Tile_2,covered,1772726489849453824,109.506766848,0.0323154,0.0323154,0,-0.1476672354707373,0.07517371301788384,-0.07249352245285345,0.10480892245285345,1.0
img_b251ac174beee6a14aba41c5,left,Tile_2,indoor,1772726530851922944,150.509235968,-0.203583,-0.203583,0,-0.1476672354707373,-0.023363338435906402,-0.1710305739066437,-0.03255242609335629,1.0
img_b2ca7d398dbb3a51d6b172e1,left,Tile_2,outdoor,1772726391343385088,11.000698112,-0.119561,-0.119561,0,-0.1476672354707373,0.045308871597213904,-0.10235836387352339,-0.017202636126476614,1.0
img_b315a63daceac938b89018f5,left,Tile_2,stationary_unresolved,1772726383342854144,3.000167168,-0.0287347,-0.0287347,0,-0.1476672354707373,0.06518267385887544,-0.08248456161186185,0.05374986161186185,1.0
img_b38496117cb29adcbf2b8c36,left,Tile_2,indoor,1772726530351944960,150.009257984,-0.15101,-0.15101,0,-0.1476672354707373,-0.02381800119777697,-0.17148523666851426,0.02047523666851425,1.0
img_b4812019b4dfa216489f95df,right,Tile_2,outdoor,1772726425845450752,45.502763776,-0.0640128,-0.0640128,0,-0.1476672354707373,0.06812530466938367,-0.07954193080135362,0.01552913080135361,1.0
img_b49a7a00f760704e50863571,right,Tile_2,indoor,1772726598355917056,218.01323008,-0.404854,-0.404854,0,-0.1476672354707373,-0.17798438406937123,-0.3256516195401085,-0.07920238045989153,1.0
img_b4d42ee9e22aa2aad4ed310f,left,Tile_2,outdoor,1772726479348790784,99.006103808,-0.0356671,-0.0356671,0,-0.1476672354707373,0.028270128174998,-0.1193971072957393,0.08373000729573929,1.0
img_b66bfddd418c61e670dc3a5c,right,Tile_2,outdoor,1772726431845913856,51.50322688,0.111682,0.111682,0,-0.1476672354707373,0.09026730090678,-0.0573999345639573,0.1690819345639573,0.8871438594952951
img_b6ba74c87f4094b04dbb2f59,left,Tile_2,stationary_unresolved,1772726601356112128,221.013425152,0.000827693,0.000827693,0,-0.1476672354707373,0.08267243627787015,-0.06499479919286714,0.06582249219286715,1.0
img_b6beedc52cef4f2ac0a45e14,right,Tile_2,covered,1772726458847518976,78.504832,-0.693147,-0.77255,1,-0.1476672354707373,-0.0502719226061534,-0.1979391580768907,-0.49520784192310924,0.3029031192589443
img_b6f60c640d307fe68e410087,left,Tile_2,outdoor,1772726502350198016,122.00751104,-0.123716,-0.123716,0,-0.1476672354707373,0.06438454889986381,-0.08328268657087348,-0.04043331342912651,1.0
img_b709d4e3277d2f8c8b7f9745,right,Tile_2,covered,1772726460347631872,80.004944896,-0.693147,-0.704291,1,-0.1476672354707373,-0.07040038846345106,-0.21806762393418835,-0.47507937606581163,0.3157367117094573
img_b7f55877796392d83c722aba,right,Tile_2,outdoor,1772726420845197056,40.50251008,0.01648,0.01648,0,-0.1476672354707373,0.0437868092808883,-0.103880426189849,0.12036042618984899,1.0
img_b831b33deb3ad98c70a7934d,left,Tile_2,indoor,1772726543852691968,163.510004992,0.133017,0.133017,0,-0.1476672354707373,0.07329109654946042,-0.07437613892127687,0.20739313892127687,0.7232640422928244
img_b9f940b901e71cda50ef8ab3,right,Tile_2,indoor,1772726459347586816,79.00489984,-0.693147,-0.695316,1,-0.1476672354707373,-0.0570304381291024,-0.2046976735998397,-0.48844932640016026,0.30709429185928094
img_ba2f05a90b6e766693a2bd0d,right,Tile_2,outdoor,1772726479348774912,99.006087936,-0.0243205,-0.0243205,0,-0.1476672354707373,0.021150308747551624,-0.12651692672318565,0.10219642672318568,1.0
img_bc2f93ba4d934d3232b673e3,left,Tile_2,outdoor,1772726504350326016,124.00763904,-0.106424,-0.106424,0,-0.1476672354707373,0.0761521897731298,-0.07151504569760748,-0.034908954302392534,1.0
img_bca1f40e65c0073ea5c3b207,right,Tile_2,outdoor,1772726403844158976,23.501472,-0.218456,-0.218456,0,-0.1476672354707373,-0.024931432437479986,-0.17259866790821726,-0.04585733209178272,1.0
img_bcc1fa7629c0cbff22cd2e32,right,Tile_2,indoor,1772726570854327808,190.511640832,0.126525,0.126525,0,-0.1476672354707373,0.2472111555725339,0.0995439201017966,0.02698107989820339,1.0
img_bce41815c3435d5918fa786f,left,Tile_2,outdoor,1772726595855812096,215.51312512,-0.0940013,-0.0940013,0,-0.1476672354707373,0.0496253832273049,-0.0980418522434324,0.004040552243432388,1.0
img_bde382b774c98e42606ebea1,left,Tile_2,indoor,1772726556353438976,176.010752,-0.166959,-0.166959,0,-0.1476672354707373,0.24471104074760977,0.09704380527687248,-0.2640028052768725,0.5681757807182684
img_be28532475a779685710f991,right,Tile_2,outdoor,1772726439846374144,59.503687168,0.103651,0.103651,0,-0.1476672354707373,0.09160803689480759,-0.0560591985759297,0.1597101985759297,0.9392011364176392
img_be3df20bb870c84751cfa689,left,Tile_2,indoor,1772726457847501056,77.50481408,-0.523032,-0.523032,0,-0.1476672354707373,-0.10523821018007998,-0.2529054456508173,-0.2701265543491828,0.5552952776575251
img_be5a270ff906e798953439de,left,Tile_2,outdoor,1772726452347151872,72.004464896,-0.0943742,-0.0943742,0,-0.1476672354707373,-0.09409429777968903,-0.24176153325042632,0.1473873332504263,1.0
img_be7fbc047b987740dd2c4760,left,Tile_2,indoor,1772726551853168896,171.51048192,0.03895,0.03895,0,-0.1476672354707373,0.23822432661259657,0.09055709114185928,-0.05160709114185928,1.0
img_beb01b280b14e79f616ea854,left,Tile_2,outdoor,1772726588855362048,208.512675072,-0.146154,-0.146154,0,-0.1476672354707373,0.0020322836452004948,-0.1456349518255368,-0.0005190481744632158,1.0
img_bffdcc7ee41289ae3a61b39a,left,Tile_2,outdoor,1772726397343757824,17.001070848,-0.101551,-0.101551,0,-0.1476672354707373,0.0504226768779901,-0.0972445585927472,-0.004306441407252809,1.0
img_c00a2dd81dbcbe2ba6d1a126,right,Tile_2,outdoor,1772726448846920960,68.504233984,-0.0538071,-0.0538071,0,-0.1476672354707373,0.06871391779603768,-0.07895331767469961,0.025146217674699628,1.0
img_c04b37a9ccae6e3f6a62ef81,left,Tile_2,indoor,1772726542852632064,162.509945088,0.00590137,0.00590137,0,-0.1476672354707373,0.04821160687014711,-0.09945562860059018,0.10535699860059017,1.0
img_c0e1cf412031577bfe06ae4a,right,Tile_2,covered,1772726471848332032,91.505645056,-0.397639,-0.397639,0,-0.1476672354707373,0.07793262825863301,-0.06973460721210428,-0.32790439278789574,0.45745041328869046
img_c1c7ee83afa5320441b43b8c,left,Tile_2,outdoor,1772726512850864896,132.50817792,-0.0121813,-0.0121813,0,-0.1476672354707373,0.09337473083770897,-0.054292504633028316,0.04211120463302832,1.0
img_c1d98062a4244b5006970c32,right,Tile_2,outdoor,1772726517851119104,137.508432128,-0.118052,-0.118052,0,-0.1476672354707373,0.008838217316677237,-0.13882901815406004,0.020777018154060037,1.0
img_c1e12f0629dd3d406e51c28a,left,Tile_2,outdoor,1772726591855539968,211.512852992,-0.00598413,-0.00598413,0,-0.1476672354707373,0.02056385428622333,-0.12710338118451397,0.12111925118451397,1.0
img_c31546b9726699e2c2a82906,left,Tile_2,stationary_unresolved,1772726385343041024,5.000354048,-0.048716,-0.048716,0,-0.1476672354707373,0.059260080460544505,-0.08840715501019278,0.039691155010192776,1.0
img_c326b2f0fdca6a85fe5d45f5,left,Tile_2,stationary_unresolved,1772726388343225856,8.00053888,-0.102485,-0.102485,0,-0.1476672354707373,0.05037647310492791,-0.09729076236580939,-0.005194237634190621,1.0
img_c3ccda95371ed93a9732b302,left,Tile_2,indoor,1772726556853466880,176.510779904,-0.151194,-0.151194,0,-0.1476672354707373,0.2454317837286128,0.0977645482578755,-0.2489585482578755,0.6025099401070874
img_c4432fd9be4c02760427f369,left,Tile_2,outdoor,1772726452847183104,72.504496128,-0.0301328,-0.0301328,0,-0.1476672354707373,-0.09510737968784803,-0.24277461515858534,0.21264181515858532,0.7054115856193762
img_c49faa1d11365b47610f1cef,left,Tile_2,indoor,1772726543352663040,163.009976064,-0.0297555,-0.0297555,0,-0.1476672354707373,0.06075137738966276,-0.08691585808107452,0.05716035808107452,1.0
img_c4fce4edb71733e79d9ea3ae,left,Tile_2,covered,1772726491849551872,111.506864896,0.0757851,0.0757851,0,-0.1476672354707373,0.07309180016814643,-0.07457543530259086,0.15036053530259086,0.9976021946060161
img_c54fcbe99fb2556e3eee453b,right,Tile_2,outdoor,1772726445346695936,65.00400896,-0.0277111,-0.0277111,0,-0.1476672354707373,0.07817105337086298,-0.0694961820998743,0.041785082099874304,1.0
img_c61c2887cae73f809045af53,right,Tile_2,indoor,1772726540852501760,160.509814784,-0.693147,-0.695328,1,-0.1476672354707373,-0.09389496612868135,-0.24156220159941866,-0.4515847984005813,0.3321635283810893
img_c6c64c84f33e7ba57d01e36f,right,Tile_2,outdoor,1772726396843715840,16.501028864,-0.210187,-0.210187,0,-0.1476672354707373,-0.0005355085991171713,-0.14820274406985445,-0.06198425593014556,1.0
img_c6f511fd619078aef91932cc,right,Tile_2,indoor,1772726578854806016,198.51211904,0.125741,0.125741,0,-0.1476672354707373,0.14861795634148695,0.0009507208707496551,0.12479027912925034,1.0
img_c722df52e100f0a4d6d722c4,left,Tile_2,indoor,1772726557853576960,177.510889984,-0.0854344,-0.0854344,0,-0.1476672354707373,0.24687334791857915,0.09920611244784186,-0.18464051244784185,0.8123894264124333
img_c77512e4e0ce2d4fa776ea2d,right,Tile_2,outdoor,1772726397343741952,17.001054976,-0.227519,-0.227519,0,-0.1476672354707373,-0.0024757866002568674,-0.15014302207099417,-0.07737597792900583,1.0
img_c8bbc2a08c7cc7dc37c199cd,right,Tile_2,covered,1772726484849107968,104.506420992,-0.119013,-0.119013,0,-0.1476672354707373,-0.11230819550913614,-0.2599754309798734,0.14096243097987343,1.0
img_c945937fd972cd35ccc3f927,right,Tile_2,outdoor,1772726589355375104,209.012688128,-0.301477,-0.301477,0,-0.1476672354707373,-0.08868367625385917,-0.23635091172459646,-0.06512608827540353,1.0
img_c97b935806f8446352f5c059,right,Tile_2,outdoor,1772726585355197952,205.012510976,-0.035651,-0.035651,0,-0.1476672354707373,0.00850178277651377,-0.13916545269422353,0.10351445269422353,1.0
img_cbaa2ed931cc075f3b1eb8f6,right,Tile_2,stationary_unresolved,1772726600856066816,220.51337984,-0.193634,-0.193634,0,-0.1476672354707373,-0.19372078147141222,-0.3413880169421495,0.14775401694214949,1.0
img_cc38ed44cf7d949c28bae20e,right,Tile_2,indoor,1772726571354300928,191.011613952,0.0198341,0.0198341,0,-0.1476672354707373,0.2410497801961171,0.09338254472537982,-0.07354844472537983,1.0
img_cc49a20a9f67e4bfb75ac5cd,right,Tile_2,outdoor,1772726407344320000,27.001633024,-0.195539,-0.195539,0,-0.1476672354707373,-0.03574606129977643,-0.1834132967705137,-0.012125703229486279,1.0
img_cc7973236912a72f232cc17b,left,Tile_2,outdoor,1772726453347235072,73.004548096,-0.0271212,-0.0271212,0,-0.1476672354707373,-0.09612050360791571,-0.243787739078653,0.21666653907865296,0.6923080999856093
img_cc8461f788875306eb810405,left,Tile_2,indoor,1772726532852078080,152.509391104,-0.17951,-0.17951,0,-0.1476672354707373,-0.02154446623071878,-0.16921170170145608,-0.01029829829854395,1.0
img_cd4571ad8de26172a08ecd80,right,Tile_2,indoor,1772726388843239936,8.50055296,-0.070228,-0.070228,0,-0.1476672354707373,0.03672495214235027,-0.11094228332838701,0.04071428332838703,1.0
img_cde176116532a2d3ea90b8fd,left,Tile_2,indoor,1772726548352958976,168.010272,-0.0109974,-0.0109974,0,-0.1476672354707373,0.18614873590671854,0.03848150043598125,-0.04947890043598125,1.0
img_ce4c8b78f0d154af4ad15c0f,left,Tile_2,outdoor,1772726392343450112,12.000763136,-0.0288105,-0.0288105,0,-0.1476672354707373,0.046161174949998614,-0.10150606052073868,0.07269556052073868,1.0
img_cee8a0fda1c15d318c63755c,left,Tile_2,stationary_unresolved,1772726382842792960,2.500105984,-0.056445,-0.056445,0,-0.1476672354707373,0.06666336503665175,-0.08100387043408554,0.024558870434085535,1.0
img_cf9d47bf271465783b283e59,left,Tile_2,covered,1772726486849235968,106.506548992,-0.0562908,-0.0562908,0,-0.1476672354707373,0.06569385456720656,-0.08197338090353073,0.025682580903530733,1.0
img_cfa7bd7ddd9ffe59243cc69d,right,Tile_2,indoor,1772726470348238848,90.005551872,-0.406898,-0.406898,0,-0.1476672354707373,0.08928912704584646,-0.05837810842489083,-0.34851989157510915,0.43039150311359964
img_d04d0ca787fbef2b28f090d4,left,Tile_2,indoor,1772726562853872128,182.511185152,-0.0803643,-0.0803643,0,-0.1476672354707373,0.1946370792057222,0.04696984373498492,-0.12733414373498492,1.0
img_d0d851b2ccfa742fa1bd8d68,right,Tile_2,indoor,1772726534852189952,154.509502976,-0.119313,-0.119313,0,-0.1476672354707373,0.09200896779669784,-0.05565826767403945,-0.06365473232596056,1.0
img_d13775f3817c9aa225ed22ac,right,Tile_2,indoor,1772726575854564864,195.511877888,0.184551,0.184551,0,-0.1476672354707373,0.18559116793583086,0.03792393246509357,0.1466270675349064,1.0
img_d149230582e76ff92f833847,left,Tile_2,outdoor,1772726397843773952,17.501086976,-0.0655341,-0.0655341,0,-0.1476672354707373,0.05084881459115227,-0.09681842087958502,0.031284320879585034,1.0
img_d14ce879e6a132a7c0aaf3ea,left,Tile_2,outdoor,1772726455347335936,75.00464896,-0.100548,-0.100548,0,-0.1476672354707373,-0.10017278248599104,-0.24784001795672833,0.14729201795672833,1.0
img_d1b98043d8de5060ebfdfffe,right,Tile_2,outdoor,1772726479848804864,99.506117888,0.0175593,0.0175593,0,-0.1476672354707373,0.017364817550053882,-0.13030241792068342,0.14786171792068342,1.0
img_d21054a6b72eec0a64282c9c,left,Tile_2,indoor,1772726533352102912,153.009415936,-0.221813,-0.221813,0,-0.1476672354707373,-0.021089760866890236,-0.16875699633762753,-0.05305600366237248,1.0
img_d21f5584847186fb48689a7a,left,Tile_2,outdoor,1772726450847063040,70.504376064,-0.0956572,-0.0956572,0,-0.1476672354707373,-0.09105506190985725,-0.23872229738059453,0.14306509738059453,1.0
img_d22b97313624830c9ce567d4,left,Tile_2,indoor,1772726551353188096,171.01050112,0.108994,0.108994,0,-0.1476672354707373,0.2375036515275592,0.08983641605682191,0.019157583943178083,1.0
img_d243f0bef95f3ab8666465b0,right,Tile_2,outdoor,1772726433845985792,53.503298816,-0.0572606,-0.0572606,0,-0.1476672354707373,0.09060247767495436,-0.05706475779578293,-0.00019584220421708237,1.0
img_d34ebd3e7b1ab9e604af32bc,right,Tile_2,indoor,1772726540352509952,160.009822976,-0.552588,-0.552588,0,-0.1476672354707373,-0.08286936298845143,-0.23053659845918872,-0.32205140154081124,0.4657641583993901
img_d458c189bfed47078603fdd4,left,Tile_2,indoor,1772726534852192000,154.509505024,-0.223466,-0.223466,0,-0.1476672354707373,-0.0197256315059423,-0.1673928669766796,-0.0560731330233204,1.0
img_d49c62f7d279e50fc3606d70,left,Tile_2,covered,1772726505850394880,125.507707904,0.00948624,0.00948624,0,-0.1476672354707373,0.08497776077494576,-0.06268947469579153,0.07217571469579154,1.0
img_d4b43c110801599d2031af14,left,Tile_2,indoor,1772726544852805888,164.510118912,0.0355478,0.0355478,0,-0.1476672354707373,0.09837194084134046,-0.04929529462939683,0.08484309462939682,1.0
img_d542368d10f026e374aefea0,left,Tile_2,indoor,1772726552353230848,172.010543872,0.00842592,0.00842592,0,-0.1476672354707373,0.23894511867057472,0.09127788319983743,-0.08285196319983743,1.0
img_d5f2691253c920066b1d8ab4,right,Tile_2,indoor,1772726539352480768,159.009793792,-0.394211,-0.394211,0,-0.1476672354707373,-0.05115266683019289,-0.1988199023009302,-0.1953910976990698,0.7676910655930774
img_d63e075dca6c1af17d7d7f52,right,Tile_2,outdoor,1772726429845752064,49.503065088,0.00464517,0.00464517,0,-0.1476672354707373,0.08759657971940542,-0.06007065575133187,0.06471582575133188,1.0
img_d691623e566cde7f444905b2,right,Tile_2,outdoor,1772726415344815872,35.002128896,-0.199808,-0.199808,0,-0.1476672354707373,-0.0018163195212670957,-0.14948355499200439,-0.05032444500799563,1.0
img_d733262793847c605e65099a,left,Tile_2,indoor,1772726562353862912,182.011175936,-0.0691764,-0.0691764,0,-0.1476672354707373,0.205752371627511,0.058085136156773715,-0.1272615361567737,1.0
img_d73f523f6c5e437eb0a0a82f,left,Tile_2,stationary_unresolved,1772726385843107840,5.500420864,-0.123035,-0.123035,0,-0.1476672354707373,0.05777937260630342,-0.08988786286443387,-0.033147137135566135,1.0
img_d7e512cbedb4f9b8349c4ef8,left,Tile_2,outdoor,1772726473848505856,93.50581888,-0.133098,-0.133098,0,-0.1476672354707373,-0.06506092536820832,-0.2127281608389456,0.07963016083894561,1.0
img_d92232056a803e065181c4fc,right,Tile_2,outdoor,1772726515350967040,135.008280064,0.00677698,0.00677698,0,-0.1476672354707373,-0.013566214167271691,-0.16123344963800898,0.16801042963800897,0.8928017166742934
img_d94379474e894655ae5606ba,left,Tile_2,outdoor,1772726451847122944,71.504435968,-0.0335468,-0.0335468,0,-0.1476672354707373,-0.09308122053951987,-0.24074845601025716,0.2072016560102572,0.723932438033094
img_d9a7c8becf1e2afe7e043c05,left,Tile_2,outdoor,1772726597855902976,217.513216,0.0209845,0.0209845,0,-0.1476672354707373,0.06415581944114654,-0.08351141602959075,0.10449591602959077,1.0
img_d9e667f8ffbba146e74d55f3,left,Tile_2,outdoor,1772726389843298048,9.500611072,-0.0485378,-0.0485378,0,-0.1476672354707373,0.04593472931078853,-0.10173250615994876,0.05319470615994875,1.0
img_dad684e3df7bafd45b805a5d,left,Tile_2,outdoor,1772726424345376000,44.002689024,-0.38322,-0.38322,0,-0.1476672354707373,-0.17167898745613952,-0.3193462229268768,-0.0638737770731232,1.0
img_db74abe8fe99e50cd417fb92,left,Tile_2,indoor,1772726555853407744,175.510720768,0.0284964,0.0284964,0,-0.1476672354707373,0.24399029296960922,0.09632305749887193,-0.06782665749887191,1.0
img_dbcbd71faaeb6348cda02573,left,Tile_2,indoor,1772726557353548032,177.010861056,-0.110473,-0.110473,0,-0.1476672354707373,0.2461526034615769,0.09848536799083962,-0.20895836799083964,0.7178463415572605
img_dbdbf05b0a89d3325091981a,right,Tile_2,covered,1772726483849047808,103.506360832,-0.116556,-0.116556,0,-0.1476672354707373,-0.08436104173035983,-0.23202827720109712,0.11547227720109708,1.0
img_dc90c819e52ff1c3d1b227fd,left,Tile_2,indoor,1772726531852015104,151.509328128,-0.147319,-0.147319,0,-0.1476672354707373,-0.022453889063850284,-0.17012112453458758,0.022802124534587548,1.0
img_dcbc2d6867bbac2c09510fa0,right,Tile_2,indoor,1772726582855046912,202.512359936,-0.502625,-0.502625,0,-0.1476672354707373,0.06924367425653916,-0.07842356121419813,-0.42420143878580185,0.35360558990404944
img_dd9664454cab0177d97f0316,left,Tile_2,stationary_unresolved,1772726384842999808,4.500312832,-0.0966518,-0.0966518,0,-0.1476672354707373,0.060740712512673045,-0.08692652295806425,-0.009725277041935737,1.0
img_de19e8fb18e453296b788e19,right,Tile_2,indoor,1772726467348050944,87.005363968,-0.0410157,-0.0410157,0,-0.1476672354707373,0.041473708297423195,-0.1061935271733141,0.06517782717331409,1.0
img_de3ad288ce825697ce6af212,left,Tile_2,outdoor,1772726404844208896,24.50152192,-0.147679,-0.147679,0,-0.1476672354707373,0.011046207345521353,-0.13662102812521593,-0.011057971874784078,1.0
img_dee26d9c80b097e644b27948,right,Tile_2,outdoor,1772726446346759936,66.00407296,-0.0437563,-0.0437563,0,-0.1476672354707373,0.0754690154256871,-0.0721982200450502,0.028441920045050195,1.0
img_df257f89026fc472276ed04c,left,Tile_2,indoor,1772726560353716736,180.01102976,-0.0225593,-0.0225593,0,-0.1476672354707373,0.25021597133956697,0.10254873586882968,-0.12510803586882965,1.0
img_df3950cdb921076b35a98310,left,Tile_2,outdoor,1772726442346531840,62.003844864,-0.693147,-0.693786,1,-0.1476672354707373,-0.1964430074456279,-0.34411024291636516,-0.3490367570836348,0.42975416472843747
img_df46b1666c566e3ae900c93b,right,Tile_2,outdoor,1772726402344006912,22.001319936,-0.313659,-0.313659,0,-0.1476672354707373,-0.020296334881131695,-0.16796357035186898,-0.14569542964813104,1.0
img_dfbaef61d9e8160adafd7543,left,Tile_2,outdoor,1772726590355452160,210.012765184,-0.0812063,-0.0812063,0,-0.1476672354707373,0.009665884385322477,-0.1380013510854148,0.05679505108541484,1.0
img_dfe7b5527c55d8ae2d07efc4,right,Tile_2,indoor,1772726463847827968,83.505140992,-0.320934,-0.320934,0,-0.1476672354707373,-0.014463554868421102,-0.1621307903391584,-0.1588032096608416,0.9445652913461714
img_dff0038d369b2a2f077bf957,left,Tile_2,outdoor,1772726519851248896,139.50856192,-0.0961955,-0.0961955,0,-0.1476672354707373,0.04304370253209491,-0.10462353293864238,0.008428032938642374,1.0
img_e077fcb4955280ec1710e251,left,Tile_2,indoor,1772726565854048000,185.511361024,-0.194012,-0.194012,0,-0.1476672354707373,0.1279426442493946,-0.01972459122134268,-0.1742874087786573,0.8606473700604385
img_e0818eba31b6c55f3d2e736b,left,Tile_2,outdoor,1772726494849752064,114.507065088,-0.0960062,-0.0960062,0,-0.1476672354707373,0.06584369962798049,-0.0818235358427568,-0.014182664157243216,1.0
img_e08b30473e1f1809ad33265e,right,Tile_2,covered,1772726482348953856,102.00626688,-0.187105,-0.187105,0,-0.1476672354707373,-0.04244020732860123,-0.19010744279933853,0.003002442799338534,1.0
img_e0bbacc0010098c4844951ac,left,Tile_2,outdoor,1772726425345465856,45.00277888,-0.457515,-0.457515,0,-0.1476672354707373,-0.1719458572089153,-0.3196130926796526,-0.13790190732034746,1.0
img_e1287e860ec48f842b16e821,right,Tile_2,outdoor,1772726414844784896,34.50209792,-0.240876,-0.240876,0,-0.1476672354707373,-0.0061341438338849315,-0.15380137930462223,-0.08707462069537777,1.0
img_e1b141cf1dba63ec9d10fcb9,left,Tile_2,outdoor,1772726500850108928,120.507421952,-0.0287844,-0.0287844,0,-0.1476672354707373,0.05555885891127847,-0.09210837655945882,0.06332397655945883,1.0
img_e1b2fb3c5e8472dcbba00e23,right,Tile_2,indoor,1772726572354413056,192.01172608,-0.0483874,-0.0483874,0,-0.1476672354707373,0.2287249851369055,0.08105774966616822,-0.1294451496661682,1.0
img_e1eba2f46bf75c270241b3a7,left,Tile_2,indoor,1772726525851614976,145.508928,-0.0076109,-0.0076109,0,-0.1476672354707373,0.00461859481907537,-0.14304864065166192,0.1354377406516619,1.0
img_e2235c52dc2cc4282e7d40fd,left,Tile_2,covered,1772726508850582784,128.507895808,0.0393123,0.0393123,0,-0.1476672354707373,0.10262919798625866,-0.04503803748447863,0.08435033748447862,1.0
img_e33c0f642afa1aec24e17c11,left,Tile_2,outdoor,1772726455847363840,75.504676864,-0.331156,-0.331156,0,-0.1476672354707373,-0.10118585765149807,-0.24885309312223536,-0.08230290687776465,1.0
img_e42f586216482cf4776c2f4f,right,Tile_2,outdoor,1772726395343628800,15.000941824,-0.20334,-0.20334,0,-0.1476672354707373,0.005285359178897505,-0.1423818762918398,-0.0609581237081602,1.0
img_e48dfaec6a6a7416d851faf8,left,Tile_2,outdoor,1772726498349990912,118.007303936,-0.0222518,-0.0222518,0,-0.1476672354707373,0.05738756954954517,-0.09027966592119212,0.06802786592119212,1.0
img_e562ab7a1e826741726f0f32,left,Tile_2,outdoor,1772726408844430080,28.501743104,-0.238005,-0.238005,0,-0.1476672354707373,-0.026216407518400667,-0.17388364298913794,-0.06412135701086202,1.0
img_e59222a5e5b43cad84439894,right,Tile_2,outdoor,1772726414344753920,34.002066944,-0.0767436,-0.0767436,0,-0.1476672354707373,-0.010451968146502733,-0.15811920361724002,0.08137560361724003,1.0
img_e6dc6c821682e92c7098c3fc,right,Tile_2,outdoor,1772726413344698880,33.002011904,-0.141628,-0.141628,0,-0.1476672354707373,-0.0190875570858327,-0.16675479255657,0.025126792556569993,1.0
img_e76aadc0656e16023b5889f4,right,Tile_2,outdoor,1772726585855228928,205.512541952,-0.0181253,-0.0181253,0,-0.1476672354707373,-0.0036466141782734093,-0.1513138496490107,0.1331885496490107,1.0
img_e89062940cc4d3083aa9a723,right,Tile_2,outdoor,1772726522851449856,142.50876288,-0.668427,-0.668427,0,-0.1476672354707373,0.08241923084086297,-0.06524800462987432,-0.6031789953701256,0.24868239967135503
img_e8bf43a0b9ef8f9f6b1dca21,right,Tile_2,covered,1772726456347375872,76.004688896,-0.693147,-0.704476,1,-0.1476672354707373,-0.016481995267538904,-0.1641492307382762,-0.5289977692617238,0.28355507095869603
img_e984e928226015a4b56c841d,right,Tile_2,outdoor,1772726451347099904,71.004412928,-0.0568004,-0.0568004,0,-0.1476672354707373,0.051097721014070015,-0.09656951445666728,0.03976911445666728,1.0
img_e98965ec0ffeff99f4f502d2,left,Tile_2,outdoor,1772726501850169856,121.50748288,-0.115374,-0.115374,0,-0.1476672354707373,0.0614426612739718,-0.08622457419676549,-0.029149425803234513,1.0
img_e9e61ec207e9b17024332b8e,left,Tile_2,indoor,1772726566354029056,186.01134208,-0.0486457,-0.0486457,0,-0.1476672354707373,0.11682797782933697,-0.030839257641400317,-0.017806442358599687,1.0
img_ea1f81bdd6efac58674c0e1b,right,Tile_2,outdoor,1772726411344570880,31.001883904,-0.259864,-0.259864,0,-0.1476672354707373,-0.03635888970572951,-0.1840261251764668,-0.07583787482353316,1.0
img_ea26996fa398f540eb0ce21a,right,Tile_2,outdoor,1772726392343447808,12.000760832,-0.249495,-0.249495,0,-0.1476672354707373,0.016927121555929264,-0.13074011391480803,-0.118754886085192,1.0
img_eac8d6fea7b11f2aed473852,right,Tile_2,outdoor,1772726451847107840,71.504420864,-0.00216324,-0.00216324,0,-0.1476672354707373,0.044340015105500195,-0.10332722036523709,0.10116398036523712,1.0
img_eca6b916bacacf912bf06b66,left,Tile_2,indoor,1772726463347801088,83.005114112,-0.564807,-0.564807,0,-0.1476672354707373,-0.1145774976403328,-0.2622447331110701,-0.30256226688892984,0.49576571970577143
img_eeaaf4a5a026cc79fff21b37,left,Tile_2,outdoor,1772726474348506880,94.005819904,-0.241731,-0.241731,0,-0.1476672354707373,-0.056576706286203274,-0.20424394175694055,-0.03748705824305945,1.0
img_eeceff5515532096691986e5,right,Tile_2,outdoor,1772726438346266112,58.003579136,0.0782031,0.0782031,0,-0.1476672354707373,0.09135664525582299,-0.0563105902149143,0.1345136902149143,1.0
img_ef51ea18654a5079d4e233ba,right,Tile_2,outdoor,1772726444346638080,64.003951104,0.0318898,0.0318898,0,-0.1476672354707373,0.08087307471578012,-0.06679416075495717,0.09868396075495717,1.0
img_ef78b6a90549d802aaf81efd,right,Tile_2,outdoor,1772726423345286912,43.002599936,0.0130512,0.0130512,0,-0.1476672354707373,0.05595587691834764,-0.09171135855238965,0.10476255855238965,1.0
img_f029e0f1f983d146f96286a0,left,Tile_2,outdoor,1772726594355692032,214.013005056,-0.105193,-0.105193,0,-0.1476672354707373,0.038727178990177,-0.1089400564805603,0.0037470564805602985,1.0
img_f04af7535fdbb03e8401bbe0,right,Tile_2,outdoor,1772726443846608896,63.50392192,-0.0154961,-0.0154961,0,-0.1476672354707373,0.08222408607991612,-0.06544314939082117,0.049947049390821174,1.0
img_f06c118891312ac9fdda5367,left,Tile_2,stationary_unresolved,1772726387343162112,7.000475136,-0.0803675,-0.0803675,0,-0.1476672354707373,0.05333768187364282,-0.09432955359709447,0.013962053597094473,1.0
img_f0ff00b70da5711d5c787073,left,Tile_2,indoor,1772726461347674880,81.004987904,-0.404392,-0.404392,0,-0.1476672354707373,-0.11172621280689936,-0.25939344827763666,-0.1449985517223633,1.0
img_f16ac9f7735df4383c77a668,left,Tile_2,outdoor,1772726518851192832,138.508505856,0.0159745,0.0159745,0,-0.1476672354707373,0.05023385810990108,-0.09743337736083621,0.11340787736083621,1.0
img_f1799d46a7022022561e4cd1,right,Tile_2,indoor,1772726535352224000,155.009537024,-0.205528,-0.205528,0,-0.1476672354707373,0.07610206430808933,-0.07156517116264796,-0.13396282883735203,1.0
img_f183b48604735a8c86b10b9b,right,Tile_2,indoor,1772726457847497984,77.504811008,-0.457538,-0.457538,0,-0.1476672354707373,-0.03675644159120385,-0.18442367706194113,-0.2731143229380588,0.5492205549176539
img_f218d51dae29bd11fe08c9e2,right,Tile_2,outdoor,1772726397843756800,17.501069824,-0.214468,-0.214468,0,-0.1476672354707373,-0.004416020893096388,-0.15208325636383369,-0.06238474363616631,1.0
img_f266fb814ed9e48ef6890df7,right,Tile_2,outdoor,1772726452347136000,72.004449024,-0.00553849,-0.00553849,0,-0.1476672354707373,0.037582035865580295,-0.110085199605157,0.104546709605157,1.0
img_f2a30da6a549712b99cdddf8,right,Tile_2,indoor,1772726469348175104,89.005488128,-0.404627,-0.404627,0,-0.1476672354707373,0.07343780666184778,-0.07422942880888951,-0.3303975711911105,0.45399849478081095
img_f2e26c722981ec0176325e6b,right,Tile_2,outdoor,1772726520851335168,140.508648192,-0.21433,-0.21433,0,-0.1476672354707373,0.04155730129976634,-0.10610993417097095,-0.10822006582902904,1.0
img_f2e31727fc02a2394640f8b4,right,Tile_2,indoor,1772726389343258880,9.000571904,-0.156224,-0.156224,0,-0.1476672354707373,0.03271193027173501,-0.11495530519900228,-0.041268694800997735,1.0
img_f4bf71d79eb426e24a089014,right,Tile_2,outdoor,1772726521351321856,141.00863488,-0.226767,-0.226767,0,-0.1476672354707373,0.05177192596060036,-0.09589530951013693,-0.13087169048986308,1.0
img_f4e71c9e7ff3353987c9c41a,right,Tile_2,outdoor,1772726395843659776,15.5009728,-0.215222,-0.215222,0,-0.1476672354707373,0.003345062303719098,-0.1443221731670182,-0.0708998268329818,1.0
img_f5f133cabb2d110c4de5284e,right,Tile_2,outdoor,1772726416344879872,36.002192896,-0.100634,-0.100634,0,-0.1476672354707373,0.006819346788681253,-0.14084788868205603,0.040213888682056026,1.0
img_f62c18a51fe6eeab821492db,left,Tile_2,indoor,1772726598855998976,218.513312,0.0284743,0.0284743,0,-0.1476672354707373,0.07142140486080421,-0.07624583060993308,0.10472013060993307,1.0
img_f6a41d2296905ce621e12836,left,Tile_2,covered,1772726483349031936,103.00634496,-0.0515964,-0.0515964,0,-0.1476672354707373,0.05463417811554755,-0.09303305735518974,0.04143665735518974,1.0
img_f7140eacb75d560d184fb31f,right,Tile_2,outdoor,1772726478348717056,98.00603008,0.00749372,0.00749372,0,-0.1476672354707373,0.028721275638104005,-0.11894595983263329,0.1264396798326333,1.0
img_f739255a36fa35e2286826a2,left,Tile_2,indoor,1772726527851739904,147.509052928,-0.0625196,-0.0625196,0,-0.1476672354707373,-0.00804955732727796,-0.15571679279801526,0.09319719279801526,1.0
img_f7ab5b5375d058e24fa94d7a,left,Tile_2,outdoor,1772726522851451904,142.508764928,-0.00455955,-0.00455955,0,-0.1476672354707373,0.023620669003497005,-0.12404656646724029,0.11948701646724029,1.0
img_f7b75abef16041d243e1cb24,right,Tile_2,indoor,1772726538852431104,158.509744128,-0.163081,-0.163081,0,-0.1476672354707373,-0.03524526657100284,-0.18291250204174014,0.01983150204174014,1.0
img_f89e0e1434c5b600664c93cc,right,Tile_2,indoor,1772726577854688000,197.512001024,-0.552666,-0.552666,0,-0.1476672354707373,0.1609428239609562,0.013275588490218898,-0.5659415884902189,0.26504502063571606
img_f8b73b376042c741c55a06cd,right,Tile_2,indoor,1772726467848083968,87.505396992,0.0268277,0.0268277,0,-0.1476672354707373,0.049464764594946656,-0.09820247087579063,0.12503017087579063,1.0
img_f90a0e7c2348a7898510133c,left,Tile_2,outdoor,1772726496849858048,116.507171072,-0.087032,-0.087032,0,-0.1476672354707373,0.061011698982931684,-0.0866555364878056,-0.00037646351219439156,1.0
img_f9abc9581a5c24b6086035c3,left,Tile_2,outdoor,1772726502850225920,122.507538944,-0.0639489,-0.0639489,0,-0.1476672354707373,0.06732643501959415,-0.08034080045114314,0.016391900451143138,1.0
img_fa65b3aa880c9101e305af46,right,Tile_2,outdoor,1772726586855226880,206.512539904,0.0429612,0.0429612,0,-0.1476672354707373,-0.027941853189366588,-0.17560908866010388,0.2185702886601039,0.6862780889367047
img_faa25ac6c422ab56ed53979a,left,Tile_2,covered,1772726487349266176,107.0065792,-0.0560062,-0.0560062,0,-0.1476672354707373,0.06727381169712732,-0.08039342377360997,0.024387223773609988,1.0
img_fb8d4e5c370423a144a63ab7,left,Tile_2,indoor,1772726563353852928,183.011165952,-0.0770833,-0.0770833,0,-0.1476672354707373,0.1835224184765883,0.035855183005851,-0.11293848300585099,1.0
img_fc66080d5ff5d4c012c31698,right,Tile_2,outdoor,1772726518851176960,138.508489984,-0.0425004,-0.0425004,0,-0.1476672354707373,0.017799963298995365,-0.12986727217174193,0.08736687217174194,1.0
img_fce08d9c2de871a505cf83b2,left,Tile_2,indoor,1772726533852102912,153.509415936,-0.229956,-0.229956,0,-0.1476672354707373,-0.020635078084427393,-0.16830231355516467,-0.06165368644483532,1.0
img_fdf56b0a509ae739efc34a67,left,Tile_2,indoor,1772726529851942144,149.509255168,-0.279037,-0.279037,0,-0.1476672354707373,-0.020718199143134188,-0.16838543461387148,-0.1106515653861285,1.0
img_fe46c480df46c4db13c4fd6c,right,Tile_2,outdoor,1772726426345481984,46.002795008,0.043783,0.043783,0,-0.1476672354707373,0.07055918274318443,-0.07710805272755286,0.12089105272755286,1.0
img_ff02d8c153151283c2e34cd4,left,Tile_2,indoor,1772726541852634880,161.509947904,-0.181307,-0.181307,0,-0.1476672354707373,0.023133690082204963,-0.12453354538853233,-0.056773454611467655,1.0
img_ff39ce60372fe31cfff4dc43,left,Tile_2,outdoor,1772726402344023040,22.001336064,-0.0737457,-0.0737457,0,-0.1476672354707373,0.034335785185113425,-0.11333145028562386,0.03958575028562386,1.0
img_ff7bb1d8e38e09e81058a33b,right,Tile_2,indoor,1772726567354107904,187.011420928,-0.0439939,-0.0439939,0,-0.1476672354707373,0.20031552070258002,0.05264828523184273,-0.09664218523184273,1.0
img_ffa390bbaefb6eec5a6f87fb,right,Tile_2,outdoor,1772726474348491008,94.005804032,-0.23585,-0.23585,0,-0.1476672354707373,0.05900510250115007,-0.08866213296958722,-0.14718786703041278,1.0
img_0013434cabcfe39de86e02cb,left,Tile_3,outdoor,1772726444346652928,64.003965952,-0.250007,-0.250007,0,-0.0661990013663412,-0.16982614699150367,-0.23602514835784488,-0.013981851642155096,1.0
img_0018dd0404626269c5456dd5,left,Tile_3,outdoor,1772726415844864000,35.502177024,-0.178699,-0.178699,0,-0.0661990013663412,-0.11194217959908963,-0.17814118096543083,-0.000557819034569168,1.0
img_00bf665bae8b75617aac7789,right,Tile_3,indoor,1772726549853083904,169.510396928,-0.64282,-0.64282,0,-0.0661990013663412,-0.2923719114765199,-0.35857091284286113,-0.2842490871571388,0.52770618016823
img_00ec71ecfd73b6eb59d8f832,right,Tile_3,indoor,1772726468348113920,88.005426944,0.0719076,0.0719076,0,-0.0661990013663412,0.05745577179866267,-0.008743229567678527,0.08065082956767852,1.0
img_00ef5ab491af9d423626e07b,left,Tile_3,stationary_unresolved,1772726387843232000,7.500545024,-0.0912235,-0.0912235,0,-0.0661990013663412,0.05185696492314823,-0.014342036443192971,-0.07688146355680703,1.0
img_02167f65b42e301e9acb4f89,right,Tile_3,indoor,1772726465847951872,85.505264896,0.0800847,0.0800847,0,-0.0661990013663412,0.01750053940485282,-0.04869846196148838,0.12878316196148837,1.0
img_024ff4947bc3d3decbcf878c,right,Tile_3,indoor,1772726543852675840,163.509988864,0.0030407,0.0030407,0,-0.0661990013663412,-0.1600535075855925,-0.22625250895193372,0.22929320895193372,0.6541842241452698
img_0270831497d17f59f1c3de3e,right,Tile_3,indoor,1772726598855995904,218.513308928,-0.245926,-0.245926,0,-0.0661990013663412,-0.18206039211078487,-0.24825939347712606,0.00233339347712605,1.0
img_02c50c1e41ca50d8799dfef7,left,Tile_3,indoor,1772726545852810752,165.510123776,0.210006,0.210006,0,-0.0661990013663412,0.1234500502282258,0.057251048861884604,0.15275495113811538,0.9819648979127069
img_02ea8d71b98fade9b737af1e,left,Tile_3,covered,1772726456347391744,76.004704768,-0.250361,-0.250361,0,-0.0661990013663412,-0.10219893281700507,-0.16839793418334625,-0.08196306581665375,1.0
img_03155e815f3ed8c386df41d7,left,Tile_3,outdoor,1772726522351398912,142.008711936,-0.152453,-0.152453,0,-0.0661990013663412,0.02678784486097189,-0.03941115650536931,-0.1130418434946307,1.0
img_03470cda035b5adeddb4a5b3,right,Tile_3,outdoor,1772726400343847936,20.00116096,-0.123232,-0.123232,0,-0.0661990013663412,-0.014116340062975893,-0.0803153414293171,-0.0429166585706829,1.0
img_03d3b8c62d66fac93b032a26,left,Tile_3,indoor,1772726569354202880,189.011515904,-0.00740817,-0.00740817,0,-0.0661990013663412,0.05013358840040859,-0.016065412965932613,0.008657242965932609,1.0
img_03f32cc827b85f5858eb1527,left,Tile_3,indoor,1772726470848314112,90.505627136,-0.0505715,-0.0505715,0,-0.0661990013663412,-0.11596938919591182,-0.18216839056225304,0.13159689056225304,1.0
img_0438825960239522ce92a086,left,Tile_3,outdoor,1772726405844240896,25.50155392,-0.0872517,-0.0872517,0,-0.0661990013663412,0.0017307706350103043,-0.0644682307313309,-0.0227834692686691,1.0
img_046152e78c23ba2a63570a36,left,Tile_3,outdoor,1772726436346135808,56.003448832,-0.290875,-0.290875,0,-0.0661990013663412,-0.20319457688507497,-0.2693935782514162,-0.021481421748583807,1.0
img_0466fd896d0aec73619005f8,left,Tile_3,covered,1772726460347633920,80.004946944,-0.0360011,-0.0360011,0,-0.0661990013663412,-0.11030060195761629,-0.17649960332395748,0.14049850332395747,1.0
img_059735131c8240a4d502ecba,left,Tile_3,outdoor,1772726446346776064,66.004089088,-0.366302,-0.366302,0,-0.0661990013663412,-0.14320925928336442,-0.20940826064970564,-0.1568937393502944,0.9560610934582746
img_05cc6ae9bfec314d854c8837,right,Tile_3,outdoor,1772726421845284864,41.502597888,-0.00685239,-0.00685239,0,-0.0661990013663412,0.04865468878919603,-0.01754431257714517,0.010691922577145171,1.0
img_066ac1dbdc61cd379421eeef,left,Tile_3,indoor,1772726568854172928,188.511485952,0.0985268,0.0985268,0,-0.0661990013663412,0.06124934178710845,-0.004949659579232754,0.10347645957923275,1.0
img_06c8139bc95f57cd809da4fb,right,Tile_3,covered,1772726481348893952,101.006206976,-0.0887734,-0.0887734,0,-0.0661990013663412,-0.014493060703865985,-0.08069206207020718,-0.00808133792979282,1.0
img_06fe18d7805639029a0909d7,right,Tile_3,covered,1772726457347432960,77.004745984,-0.156592,-0.156592,0,-0.0661990013663412,-0.029997964127050372,-0.09619696549339157,-0.060395034506608436,1.0
img_07354bc7c501761f73d5c2ad,right,Tile_3,covered,1772726485849161984,105.506475008,-0.286261,-0.286261,0,-0.0661990013663412,-0.1402551775909291,-0.2064541789572703,-0.07980682104272971,1.0
img_074273e7808b362c2a94f76a,left,Tile_3,indoor,1772726465847965952,85.505278976,-0.0371075,-0.0371075,0,-0.0661990013663412,-0.11814161380924926,-0.18434061517559047,0.14723311517559046,1.0
img_07ad9afb8ee9b4439797e520,right,Tile_3,outdoor,1772726430345854976,50.003168,-0.0486637,-0.0486637,0,-0.0661990013663412,0.09001591750480337,0.023816916138462166,-0.07248061613846216,1.0
img_0808a922b5bfb00ee7a01908,right,Tile_3,stationary_unresolved,1772726383842921984,3.500235008,0.0563273,0.0563273,0,-0.0661990013663412,0.07685620225235848,0.010657200886017279,0.04567009911398272,1.0
img_09089484c86c6333a69d214c,left,Tile_3,indoor,1772726577354671104,197.011984128,-0.0669422,-0.0669422,0,-0.0661990013663412,-0.020424599383643955,-0.08662360074998515,0.01968140074998516,1.0
img_0a619ec4779c27a97495a4d5,left,Tile_3,outdoor,1772726503350252800,123.007565824,0.0384472,0.0384472,0,-0.0661990013663412,0.07026831511467786,0.0040693137483366615,0.03437788625166334,1.0
img_0b5c7e5b6ece9c8468b97f45,right,Tile_3,indoor,1772726545852794880,165.510107904,-0.3428,-0.3428,0,-0.0661990013663412,-0.204159267750882,-0.2703582691172232,-0.07244173088277683,1.0
img_0baaa27b93015822440b687d,right,Tile_3,indoor,1772726543352647936,163.00996096,0.0253391,0.0253391,0,-0.0661990013663412,-0.14902710847197942,-0.21522610983832063,0.24056520983832064,0.6235315576213708
img_0bd606416eabd8fdcf14e062,left,Tile_3,indoor,1772726470348254976,90.005568,-0.142764,-0.142764,0,-0.0661990013663412,-0.12445459434577588,-0.1906535957121171,0.04788959571211707,1.0
img_0bdb034725fc3184e49fe35e,left,Tile_3,outdoor,1772726496349854976,116.007168,0.0574228,0.0574228,0,-0.0661990013663412,0.062219642554801155,-0.003979358811540046,0.061402158811540056,1.0
img_0c5af46cf601f1ba240045ea,right,Tile_3,outdoor,1772726435346088960,55.003401984,0.00263141,0.00263141,0,-0.0661990013663412,0.09085386849881841,0.024654867132477207,-0.0220234571324772,1.0
img_0ccbf3f46b4b4f4b127c2af2,right,Tile_3,covered,1772726506850443776,126.5077568,-0.644964,-0.644964,0,-0.0661990013663412,-0.09301555724996576,-0.15921455861630696,-0.485749441383693,0.3088011785926381
img_0cfe3b000d78b3cbe984aa45,right,Tile_3,outdoor,1772726523351441920,143.008754944,-0.693147,-0.736169,1,-0.0661990013663412,0.09263396533226585,0.02643496396592465,-0.7195819639659246,0.2084543631044971
img_0d0e8da31b5f41cd32b8700d,left,Tile_3,covered,1772726492349612032,112.006925056,-0.109262,-0.109262,0,-0.0661990013663412,0.07188371867895911,0.00568471731261791,-0.11494671731261791,1.0
img_0dbc2e12a7bdf36399e2e44c,left,Tile_3,outdoor,1772726517351102976,137.008416,-0.0407989,-0.0407989,0,-0.0661990013663412,0.06101913288958465,-0.005179868476756548,-0.03561903152324345,1.0
img_0e30201037f2d207322568eb,left,Tile_3,outdoor,1772726453847245824,73.504558848,-0.144066,-0.144066,0,-0.0661990013663412,-0.0971335440228316,-0.1633325453891728,0.0192665453891728,1.0
img_0e3dd50d94474712343fd59f,right,Tile_3,outdoor,1772726595855809024,215.513122048,-0.263347,-0.263347,0,-0.0661990013663412,-0.157606676666648,-0.22380567803298917,-0.03954132196701082,1.0
img_0e50eb0011f0a71bb300d616,right,Tile_3,indoor,1772726560853689856,180.51100288,-0.0763711,-0.0763711,0,-0.0661990013663412,0.08459918595107516,0.018400184584733956,-0.09477128458473397,1.0
img_0e90c061ce70226ad4b32bed,left,Tile_3,outdoor,1772726391843456000,11.500769024,-0.0723737,-0.0723737,0,-0.0661990013663412,0.04573505599992701,-0.020463945366414188,-0.05190975463358581,1.0
img_0ea21c0b2a26ae88b3f41c1b,left,Tile_3,indoor,1772726550353076992,170.010390016,0.199249,0.199249,0,-0.0661990013663412,0.23606208586159355,0.16986308449525234,0.029385915504747673,1.0
img_0f09b1c8a16caf36b2272fd5,right,Tile_3,covered,1772726489349372928,109.006685952,-0.172361,-0.172361,0,-0.0661990013663412,-0.23807022654770735,-0.30426922791404853,0.13190822791404855,1.0
img_0fcf49cd7f81361297e23ec7,right,Tile_3,covered,1772726483349016064,103.006329088,-0.158234,-0.158234,0,-0.0661990013663412,-0.07038741833970566,-0.13658641970604685,-0.021647580293953167,1.0
img_0fd1829e4d452fc9e06670fe,right,Tile_3,outdoor,1772726422845303040,42.502616064,-0.0843123,-0.0843123,0,-0.0661990013663412,0.05352222936707868,-0.012676771999262523,-0.0716355280007375,1.0
img_0ff5a27bcf3781c5964f8ee6,left,Tile_3,covered,1772726486349241856,106.00655488,-0.0749898,-0.0749898,0,-0.0661990013663412,0.06411401149066023,-0.0020849898756809676,-0.07290481012431903,1.0
img_103dec49eddc71b8b42bba6d,left,Tile_3,outdoor,1772726593855660800,213.512973824,0.0366638,0.0366638,0,-0.0661990013663412,0.035094508097989995,-0.031104493268351206,0.06776829326835121,1.0
img_10530dbf7d673c59270af5e2,right,Tile_3,outdoor,1772726393343502080,13.000815104,-0.181871,-0.181871,0,-0.0661990013663412,0.013046557606686198,-0.053152443759655,-0.128718556240345,1.0
img_10c63029b85d03efbb6fd32d,left,Tile_3,indoor,1772726571854343936,191.51165696,0.196196,0.196196,0,-0.0661990013663412,0.017685579294450852,-0.04851342207189035,0.24470942207189036,0.612971902471059
img_10dc9db4cfbc3df8c9f6bd2d,left,Tile_3,outdoor,1772726516351040000,136.008353024,-0.104762,-0.104762,0,-0.0661990013663412,0.06820933816296007,0.0020103367966188695,-0.10677233679661886,1.0
img_11466a5a9c6d1f4586f1c7d2,left,Tile_3,indoor,1772726570854331136,190.51164416,0.335766,0.335766,0,-0.0661990013663412,0.02461437922295396,-0.04158462214338724,0.3773506221433872,0.39750828857253717
img_114e1796fe707593c85a2478,left,Tile_3,indoor,1772726466848033024,86.505346048,0.0285257,0.0285257,0,-0.0661990013663412,-0.11956726188255812,-0.18576626324889933,0.21429196324889932,0.6999795873155334
img_1155e179ac216f5cb603d167,left,Tile_3,outdoor,1772726427845598976,47.502912,-0.175336,-0.175336,0,-0.0661990013663412,-0.17261300716912942,-0.23881200853547063,0.06347600853547061,1.0
img_118dfff94fcc01a22eedc2e8,left,Tile_3,outdoor,1772726398843777024,18.501090048,0.104463,0.104463,0,-0.0661990013663412,0.05170106514547283,-0.014497936220868368,0.11896093622086837,1.0
img_125efba8e64a1900654063c3,right,Tile_3,outdoor,1772726444846667008,64.503980032,-0.0972637,-0.0972637,0,-0.0661990013663412,0.07952206404332153,0.01332306267698033,-0.11058676267698032,1.0
img_12ce6a109336320a768745d0,left,Tile_3,outdoor,1772726514850949120,134.508262144,-0.0104932,-0.0104932,0,-0.0661990013663412,0.07899462030495016,0.012795618938608963,-0.023288818938608964,1.0
img_13691d7391a8be50b061c1b3,right,Tile_3,outdoor,1772726587855288064,207.512601088,-0.00773207,-0.00773207,0,-0.0661990013663412,-0.0522386284401585,-0.1184376298064997,0.11070555980649971,1.0
img_1371e2f1b988b88eea55fbdc,right,Tile_3,outdoor,1772726437846272000,57.503585024,0.0457987,0.0457987,0,-0.0661990013663412,0.09127285506430541,0.025073853697964207,0.02072484630203579,1.0
img_137fc7a6b6690290c21a8800,left,Tile_3,outdoor,1772726405344221952,25.001534976,-0.0948358,-0.0948358,0,-0.0661990013663412,0.006388516414033936,-0.059810484952307265,-0.035025315047692726,1.0
img_1447a95d9944f177d0c884ab,right,Tile_3,indoor,1772726555353361920,175.010674944,-0.125409,-0.125409,0,-0.0661990013663412,-0.113428666331811,-0.1796276676981522,0.0542186676981522,1.0
img_14760453402721edd574fe64,left,Tile_3,outdoor,1772726394843636992,14.500950016,-0.0330232,-0.0330232,0,-0.0661990013663412,0.04829195405863021,-0.01790704730771099,-0.015116152692289008,1.0
img_15207674b99f1db132d932c6,left,Tile_3,outdoor,1772726513850887936,133.50820096,0.0326276,0.0326276,0,-0.0661990013663412,0.08618481269428907,0.01998581132794787,0.012641788672052134,1.0
img_1577cf4d82720ebc65a2d403,right,Tile_3,outdoor,1772726496349851904,116.007164928,-0.335013,-0.335013,0,-0.0661990013663412,-0.2007145908546718,-0.266913592221013,-0.06809940777898699,1.0
img_15fb76ef6ac109612bfa8138,right,Tile_3,outdoor,1772726493349649920,113.006962944,-0.430576,-0.430576,0,-0.0661990013663412,-0.23323508145766292,-0.29943408282400413,-0.13114191717599588,1.0
img_15fea5143b9ed9b965e29b36,left,Tile_3,outdoor,1772726406344272896,26.00158592,0.0826592,0.0826592,0,-0.0661990013663412,-0.002927096762463284,-0.06912609812880449,0.15178529812880448,0.9882380036089563
img_1618118629bef1789633f0dd,right,Tile_3,outdoor,1772726411844603136,31.50191616,-0.237242,-0.237242,0,-0.0661990013663412,-0.03204105434016623,-0.09824005570650743,-0.13900194429349258,1.0
img_1625062b5dbc6697b950a64d,right,Tile_3,indoor,1772726549353006848,169.010319872,-0.401119,-0.401119,0,-0.0661990013663412,-0.2813444284842571,-0.34754342985059833,-0.053575570149401675,1.0
img_17448ab8d9da2c0b067a56a8,left,Tile_3,outdoor,1772726499350018048,119.007331072,-0.0270316,-0.0270316,0,-0.0661990013663412,0.05497163169181497,-0.011227369674526227,-0.015804230325473772,1.0
img_17a66f4cb62764dda6efae60,left,Tile_3,stationary_unresolved,1772726380342691072,4.096e-06,-0.0617089,-0.0617089,0,-0.0661990013663412,0.07406621678269636,0.007867215416355156,-0.06957611541635515,1.0
img_17bf1628f94e193f3c3d8235,left,Tile_3,stationary_unresolved,1772726383842925056,3.50023808,-0.0624057,-0.0624057,0,-0.0661990013663412,0.06370195387629635,-0.002497047490044854,-0.05990865250995515,1.0
img_18576273c5c20fc7e1f342c8,left,Tile_3,covered,1772726460847641856,80.50495488,-0.126148,-0.126148,0,-0.0661990013663412,-0.11101338950012778,-0.17721239086646898,0.05106439086646897,1.0
img_1871157e950c16814045b7fb,right,Tile_3,outdoor,1772726516851055872,136.508368896,-0.232746,-0.232746,0,-0.0661990013663412,-0.0001235768412002139,-0.06632257820754142,-0.1664234217924586,0.9013154421681119
img_18bab3dd6b4d34c67c53fdb6,right,Tile_3,outdoor,1772726449346952960,69.004265984,-0.0931838,-0.0931838,0,-0.0661990013663412,0.06736289882344973,0.0011638974571085287,-0.09434769745710853,1.0
img_18d28fb7e23a0e8d27ec413d,left,Tile_3,indoor,1772726528351821824,148.009134848,-0.2365,-0.2365,0,-0.0661990013663412,-0.011216916405460875,-0.07741591777180208,-0.15908408222819792,0.9428976042042517
img_18f18b25e7045a85c7b0e440,right,Tile_3,outdoor,1772726454347259136,74.00457216,-0.338521,-0.338521,0,-0.0661990013663412,0.010549977050389348,-0.05564902431595185,-0.28287197568404815,0.5302752230483992
img_190257395cb0336ab5d50631,right,Tile_3,covered,1772726484349078016,104.00639104,-0.173591,-0.173591,0,-0.0661990013663412,-0.09833462219676851,-0.16453362356310972,-0.00905737643689028,1.0
img_1966204401da23120883fd70,right,Tile_3,indoor,1772726570354244864,190.011557888,0.289899,0.289899,0,-0.0661990013663412,0.2533738843554884,0.1871748829891472,0.1027241170108528,1.0
img_19b325eb7f251301eb6db660,right,Tile_3,outdoor,1772726436346120960,56.003433984,-0.0477329,-0.0477329,0,-0.0661990013663412,0.0910214562179388,0.024822454851597606,-0.0725553548515976,1.0
img_19e8211ae6c6bb6328e3ac0c,left,Tile_3,covered,1772726506350424064,126.007737088,-0.0675959,-0.0675959,0,-0.0661990013663412,0.08791965442548429,0.021720653059143086,-0.08931655305914309,1.0
img_19f9a29e0653442b28934a1d,left,Tile_3,outdoor,1772726585855233024,205.512546048,-0.414991,-0.414991,0,-0.0661990013663412,-0.013178624106677809,-0.079377625473019,-0.335613374526981,0.44694285563384495
img_1a265d9e130f6059a7c5e9a6,left,Tile_3,indoor,1772726558853588992,178.510902016,0.324508,0.324508,0,-0.0661990013663412,0.24831477078161707,0.18211576941527585,0.14239223058472414,1.0
img_1a38b2127348ddbd3e540b2f,right,Tile_3,outdoor,1772726416844912896,36.50222592,-0.115787,-0.115787,0,-0.0661990013663412,0.011137188786011876,-0.05506181258032933,-0.06072518741967067,1.0
img_1a415e4ff347474b2fe0e6fd,right,Tile_3,outdoor,1772726389843281920,9.500594944,-0.0518454,-0.0518454,0,-0.0661990013663412,0.02869887552769007,-0.03750012583865113,-0.01434527416134887,1.0
img_1a5eee9849f95e3f1ffef40d,right,Tile_3,outdoor,1772726446846832896,66.50414592,0.081151,0.081151,0,-0.0661990013663412,0.07411788578470772,0.007918884418366523,0.07323211558163348,1.0
img_1a62eea81648de2de47d1d27,right,Tile_3,outdoor,1772726428845664000,48.502977024,0.0136989,0.0136989,0,-0.0661990013663412,0.08272869896502998,0.016529697598688775,-0.002830797598688775,1.0
img_1a7c8c71cb3bf1efb9603846,left,Tile_3,indoor,1772726540352512000,160.009825024,-0.0743395,-0.0743395,0,-0.0661990013663412,-0.014486372612219729,-0.08068537397856093,0.006345873978560929,1.0
img_1aa7b18f3768436540234cc0,left,Tile_3,indoor,1772726535852226048,155.509539072,-0.568824,-0.568824,0,-0.0661990013663412,-0.01881623497893787,-0.08501523634527908,-0.4838087636547209,0.3100398572090568
img_1bc6af48816e6b6269928548,right,Tile_3,stationary_unresolved,1772726601356096000,221.013409024,-0.261934,-0.261934,0,-0.0661990013663412,-0.19327544263995053,-0.2594744440062917,-0.0024595559937082845,1.0
img_1bdd12683633f0e9db0e63a8,left,Tile_3,outdoor,1772726504850355968,124.507668992,0.0319151,0.0319151,0,-0.0661990013663412,0.07909408794215331,0.012895086575812106,0.019020013424187892,1.0
img_1c484dfbc739f998461e0252,left,Tile_3,outdoor,1772726410344523008,30.001836032,0.00578058,0.00578058,0,-0.0661990013663412,-0.04019682703789397,-0.10639582840423517,0.11217640840423516,1.0
img_1c8b089945f81db8f6c8dded,left,Tile_3,outdoor,1772726513350861056,133.00817408,-0.136939,-0.136939,0,-0.0661990013663412,0.08977988220059736,0.023580880834256163,-0.16051988083425617,0.9344636889861735
img_1c9c566ccc6d3b5e801f396d,right,Tile_3,indoor,1772726567854182912,187.511495936,0.295153,0.295153,0,-0.0661990013663412,0.20921754001876675,0.14301853865242553,0.15213446134757447,0.9859699023569817
img_1dbea71c3cf92e7aa3fc5df4,left,Tile_3,indoor,1772726549353015808,169.010328832,0.157669,0.157669,0,-0.0661990013663412,0.21122814854645353,0.14502914718011234,0.012639852819887665,1.0
img_1de04bfc85f49dfaa0d0a760,left,Tile_3,indoor,1772726568354146048,188.011459072,0.21167,0.21167,0,-0.0661990013663412,0.07236502688270949,0.006166025516368287,0.20550397448363172,0.729912890380363
img_1ebc50fda2a6ee2870ef2919,left,Tile_3,outdoor,1772726431845929984,51.503243008,-0.171932,-0.171932,0,-0.0661990013663412,-0.1807700161801823,-0.2469690175465235,0.07503701754652348,1.0
img_1f7cf648acdfeca84393921f,right,Tile_3,stationary_unresolved,1772726380842701056,0.50001408,0.0657177,0.0657177,0,-0.0661990013663412,0.10093519434898925,0.034736192982648045,0.03098150701735196,1.0
img_1fb3a72aca781ca07d397457,right,Tile_3,outdoor,1772726422345296896,42.00260992,0.00843582,0.00843582,0,-0.0661990013663412,0.051088473407916335,-0.015110527958424866,0.023546347958424873,1.0
img_204ab088850d639090e9ac4e,left,Tile_3,covered,1772726509350616064,129.007929088,-0.172834,-0.172834,0,-0.0661990013663412,0.1055711157353833,0.0393721143690421,-0.21220611436904208,0.7068599340127351
img_20a58f5ac4250200235962e2,right,Tile_3,outdoor,1772726434846021888,54.503334912,-0.0683885,-0.0683885,0,-0.0661990013663412,0.0907700660804921,0.024571064714150895,-0.0929595647141509,1.0
img_20db9aea57590d693ed1f417,right,Tile_3,outdoor,1772726404844192000,24.501505024,-0.00255168,-0.00255168,0,-0.0661990013663412,-0.028021286284329747,-0.09422028765067095,0.09166860765067095,1.0
img_21571925b3bdee2457e819f8,left,Tile_3,outdoor,1772726421845287936,41.50260096,-0.177912,-0.177912,0,-0.0661990013663412,-0.17101184951892862,-0.23721085088526983,0.059298850885269844,1.0
img_219ea8f06811fd11b0b0b7e9,left,Tile_3,outdoor,1772726418345032960,38.002345984,-0.214935,-0.214935,0,-0.0661990013663412,-0.14455388562943428,-0.2107528869957755,-0.004182113004224525,1.0
img_21b71b6f7e7b5625bf4518b6,left,Tile_3,outdoor,1772726518351163904,138.008476928,-0.0491372,-0.0491372,0,-0.0661990013663412,0.05382894234082242,-0.012370059025518784,-0.036767140974481215,1.0
img_21b946b919113ef2ad217f20,left,Tile_3,covered,1772726510350723072,130.008036096,-0.099856,-0.099856,0,-0.0661990013663412,0.1113501317459725,0.045151130379631296,-0.1450071303796313,1.0
img_22d548c6b36b38776c5e943b,right,Tile_3,covered,1772726490349437952,110.006750976,-0.339435,-0.339435,0,-0.0661990013663412,-0.2657556802815604,-0.3319546816479016,-0.007480318352098392,1.0
img_231b7c7f9d8a8a43c94a9fd3,left,Tile_3,indoor,1772726567854188032,187.511501056,0.310332,0.310332,0,-0.0661990013663412,0.08347918111953473,0.017280179753193528,0.2930518202468065,0.5118548653738813
img_23bcc9a1d7f545975441d295,left,Tile_3,outdoor,1772726432846009856,52.50332288,-0.145472,-0.145472,0,-0.0661990013663412,-0.1857534219790468,-0.251952423345388,0.10648042334538799,1.0
img_23dfbf209861f4b03fe77515,left,Tile_3,covered,1772726488349326848,108.006639872,-0.0490172,-0.0490172,0,-0.0661990013663412,0.07043372676585796,0.004234725399516762,-0.05325192539951676,1.0
img_23f736d972ccf1608ccbe107,right,Tile_3,outdoor,1772726425345463040,45.002776064,0.00968976,0.00968976,0,-0.0661990013663412,0.06569163842709859,-0.0005073629392426116,0.010197122939242612,1.0
img_241bf65803f5d5bdb63fa53d,left,Tile_3,outdoor,1772726409844491008,29.501804032,-0.0942774,-0.0942774,0,-0.0661990013663412,-0.03553211369724193,-0.10173111506358312,0.0074537150635831245,1.0
img_24360a542c1b719c91d5a0e8,right,Tile_3,indoor,1772726541352529920,161.009842944,0.215504,0.215504,0,-0.0661990013663412,-0.10492137088749544,-0.17112037225383664,0.3866243722538366,0.38797347183668524
img_2461a33a99ca0046b9a7c112,right,Tile_3,covered,1772726511350733056,131.00804608,-0.318568,-0.318568,0,-0.0661990013663412,-0.04941322103728696,-0.11561222240362816,-0.20295577759637184,0.7390772599650373
img_246e9ec9e0ed774cd0cbefb4,right,Tile_3,stationary_unresolved,1772726383342850816,3.00016384,-0.0201109,-0.0201109,0,-0.0661990013663412,0.08086964325920187,0.014670641892860672,-0.034781541892860666,1.0
img_24c2a995e3fcebf84f29eaa8,right,Tile_3,outdoor,1772726593355615744,213.012928768,-0.347121,-0.347121,0,-0.0661990013663412,-0.13722827443042976,-0.20342727579677095,-0.14369372420322907,1.0
img_24d4e5bc6fa22cd9ea92ff2e,right,Tile_3,outdoor,1772726418345015040,38.002328064,-0.114037,-0.114037,0,-0.0661990013663412,0.02409074130507278,-0.04210826006126842,-0.07192873993873158,1.0
img_2528134f0c15a2a2a931c0df,right,Tile_3,outdoor,1772726432345931008,52.003244032,-0.028435,-0.028435,0,-0.0661990013663412,0.09035109495939506,0.024152093593053856,-0.05258709359305386,1.0
img_2583dd744e4c06e135d8853a,right,Tile_3,outdoor,1772726412344637952,32.001950976,-0.105383,-0.105383,0,-0.0661990013663412,-0.027723196868711907,-0.0939221982350531,-0.011460801764946904,1.0
img_25873a17d1cb3eab2998efaa,left,Tile_3,covered,1772726505350363136,125.00767616,-0.0976155,-0.0976155,0,-0.0661990013663412,0.08203585206279096,0.01583685069644976,-0.11345235069644977,1.0
img_25e6a3ccf8f993f62610918f,left,Tile_3,outdoor,1772726402844072960,22.501385984,-0.0281903,-0.0281903,0,-0.0661990013663412,0.029677750860355713,-0.03652125050598549,0.008330950505985486,1.0
img_25e709e621e208bb6d69963c,left,Tile_3,indoor,1772726546852907776,166.5102208,0.245491,0.245491,0,-0.0661990013663412,0.14853047080243117,0.08233146943608997,0.16315953056391,0.9193456213165839
img_26e10d650ada982eed86237e,right,Tile_3,outdoor,1772726517351086848,137.008399872,-0.221357,-0.221357,0,-0.0661990013663412,0.004357314502552983,-0.061841686863788214,-0.15951531313621178,0.9403485913099354
img_27c0b49a4b63e69324d8c3d1,right,Tile_3,indoor,1772726550853093888,170.510406912,-0.522826,-0.522826,0,-0.0661990013663412,-0.283840793947387,-0.3500397953137282,-0.17278620468627182,0.8681248614283485
img_289ddac6eecdcfcb171a9cff,left,Tile_3,outdoor,1772726514350950912,134.008263936,-0.0298034,-0.0298034,0,-0.0661990013663412,0.08258948366667507,0.016390482300333867,-0.046193882300333874,1.0
img_28ae3ec748a5e0d8c78031df,right,Tile_3,outdoor,1772726419845116928,39.502429952,-0.102928,-0.102928,0,-0.0661990013663412,0.037044291613544666,-0.029154709752796534,-0.07377329024720347,1.0
img_28d49635350a139c44d259ec,right,Tile_3,outdoor,1772726476348654080,96.005967104,-0.119853,-0.119853,0,-0.0661990013663412,0.043862810179797,-0.022336191186544202,-0.0975168088134558,1.0
img_296543e0b24fc5e6e262f386,right,Tile_3,outdoor,1772726474848523008,94.505836032,-0.101094,-0.101094,0,-0.0661990013663412,0.055219595799209084,-0.010979405567132117,-0.09011459443286789,1.0
img_298eb4ad7a7fb190d39583ea,right,Tile_3,outdoor,1772726403344114176,23.0014272,-0.222746,-0.222746,0,-0.0661990013663412,-0.023386418111155875,-0.08958541947749707,-0.13316058052250293,1.0
img_29d23f4728629b14cbc9d1c0,left,Tile_3,outdoor,1772726403844177920,23.501490944,-0.0833473,-0.0833473,0,-0.0661990013663412,0.020361634517330487,-0.04583736684901071,-0.037509933150989286,1.0
img_29f0cdf6a31f8207e452d529,left,Tile_3,outdoor,1772726450347032064,70.004345088,-0.368855,-0.368855,0,-0.0661990013663412,-0.09004198052036379,-0.156240981886705,-0.212614018113295,0.7055038107603514
img_2a01d8380fb472ce1a05426b,left,Tile_3,outdoor,1772726454847305984,74.504619008,-0.135743,-0.135743,0,-0.0661990013663412,-0.09915970317115977,-0.16535870453750096,0.029615704537500953,1.0
img_2a2ffa54460f316927e5ffa5,left,Tile_3,indoor,1772726537852345856,157.50965888,-0.672747,-0.672747,0,-0.0661990013663412,-0.016997394899816935,-0.08319639626615813,-0.5895506037338418,0.25443108538943826
img_2a571292a4944bb3c65b1e06,left,Tile_3,outdoor,1772726449346968832,69.004281856,-0.236439,-0.236439,0,-0.0661990013663412,-0.1032838204084713,-0.1694828217748125,-0.06695617822518751,1.0
img_2ae3e0c408fdb6d83118f6ea,left,Tile_3,outdoor,1772726396843731968,16.501044992,0.119515,0.119515,0,-0.0661990013663412,0.04999653087416001,-0.016202470492181188,0.1357174704921812,1.0
img_2b03f8db151c2afacd17aa26,left,Tile_3,indoor,1772726559853716736,179.51102976,0.325104,0.325104,0,-0.0661990013663412,0.24975636043257063,0.18355735906622944,0.14154664093377056,1.0
img_2b193a1fc7e61ea656b8c654,right,Tile_3,outdoor,1772726504850352896,124.50766592,-0.111966,-0.111966,0,-0.0661990013663412,-0.11281405052399268,-0.1790130518903339,0.0670470518903339,1.0
img_2b4f13c695909781ea9270a7,left,Tile_3,outdoor,1772726423345303040,43.002616064,-0.22005,-0.22005,0,-0.0661990013663412,-0.17141212221198995,-0.23761112357833114,0.017561123578331145,1.0
img_2bd2f89c0ed9038a7ebb2598,right,Tile_3,outdoor,1772726441846484992,61.503798016,-0.0731983,-0.0731983,0,-0.0661990013663412,0.08762815090342871,0.021429149537087508,-0.0946274495370875,1.0
img_2c358f7a9417c85d1593883a,right,Tile_3,indoor,1772726547852914944,167.510227968,-0.446331,-0.446331,0,-0.0661990013663412,-0.248265050496977,-0.3144640518633182,-0.13186694813668176,1.0
img_2c48bbf509b38c8a6870501a,left,Tile_3,indoor,1772726582855049728,202.512362752,-0.0826022,-0.0826022,0,-0.0661990013663412,-0.02838980702218379,-0.09458880838852499,0.011986608388524986,1.0
img_2cb25c84f93cba5efbbe84c5,right,Tile_3,outdoor,1772726405844225792,25.501538816,-0.0723984,-0.0723984,0,-0.0661990013663412,-0.031111142504108895,-0.09731014387045009,0.0249117438704501,1.0
img_2d4e13c684e33e7f3276e86f,left,Tile_3,indoor,1772726389343275008,9.000588032,-0.0116541,-0.0116541,0,-0.0661990013663412,0.04741530754341716,-0.01878369382292404,0.007129593822924038,1.0
img_2e52f81e7ee67150f3fdea5c,right,Tile_3,indoor,1772726528851806976,148.50912,0.0403532,0.0403532,0,-0.0661990013663412,0.2050052861955334,0.13880628482919222,-0.09845308482919218,1.0
img_2eb75f90a556b23139d0bb4a,right,Tile_3,indoor,1772726561853813760,181.511126784,0.0756546,0.0756546,0,-0.0661990013663412,0.10240275975412508,0.03620375838778388,0.03945084161221613,1.0
img_2f10fcf8c5f46899fd84dae9,left,Tile_3,covered,1772726506850470144,126.507783168,-0.0753201,-0.0753201,0,-0.0661990013663412,0.09086164748269086,0.024662646116349662,-0.09998274611634966,1.0
img_2f7b071dd4a79eebbbade4ce,left,Tile_3,outdoor,1772726447846873088,67.504186112,-0.302607,-0.302607,0,-0.0661990013663412,-0.12324653132903826,-0.18944553269537945,-0.11316146730462057,1.0
img_2f8a2aae4ed7883e440a4072,left,Tile_3,indoor,1772726538352443904,158.009756928,-0.503507,-0.503507,0,-0.0661990013663412,-0.016542622955879188,-0.08274162432222039,-0.42076537567777966,0.35649321134938006
img_2fa0e87e84861be1dfacfe33,left,Tile_3,outdoor,1772726445846744064,65.504057088,-0.167053,-0.167053,0,-0.0661990013663412,-0.14986349739247076,-0.21606249875881195,0.04900949875881194,1.0
img_2fd11bed5dd89d8bb3df71b2,left,Tile_3,outdoor,1772726414844801024,34.502114048,-0.143402,-0.143402,0,-0.0661990013663412,-0.09889755729278618,-0.16509655865912737,0.021694558659127366,1.0
img_2fe423406c20124d89e4eefe,right,Tile_3,indoor,1772726527851723008,147.509036032,0.242155,0.242155,0,-0.0661990013663412,0.18457377750217008,0.11837477613582888,0.12378022386417112,1.0
img_2fe71151d4c449e1d3233bb5,right,Tile_3,outdoor,1772726587355255808,207.012568832,0.137397,0.137397,0,-0.0661990013663412,-0.040090200387401714,-0.10628920175374292,0.24368620175374292,0.6155457261038624
img_3043344b3e94c3b01cca615b,right,Tile_3,outdoor,1772726494849748736,114.50706176,-0.16895,-0.16895,0,-0.0661990013663412,-0.21697485974277514,-0.28317386110911635,0.11422386110911631,1.0
img_304b50c95ed848aecc410e2d,left,Tile_3,outdoor,1772726594855721984,214.513035008,0.0313724,0.0313724,0,-0.0661990013663412,0.042359840583307634,-0.023839160783033567,0.05521156078303357,1.0
img_312d2eb9da835e3f76e2ca08,left,Tile_3,covered,1772726583855062016,203.51237504,-0.206577,-0.206577,0,-0.0661990013663412,-0.023319660191221083,-0.08951866155756229,-0.11705833844243772,1.0
img_313927f8276bed83888b9791,right,Tile_3,stationary_unresolved,1772726380342686976,0.0,0.0339467,0.0339467,0,-0.0661990013663412,0.1049481771824068,0.0387491758160656,-0.0048024758160655975,1.0
img_31da46dee68cbffb8b8d1ac3,left,Tile_3,indoor,1772726539352484096,159.00979712,0.0156783,0.0156783,0,-0.0661990013663412,-0.015633220841732732,-0.08183222220807393,0.09751052220807394,1.0
img_31fb7f1b070f7fce4248960d,right,Tile_3,outdoor,1772726472848409856,92.50572288,-0.0784665,-0.0784665,0,-0.0661990013663412,0.0703615101997599,0.004162508833418704,-0.0826290088334187,1.0
img_32de473ad787ca0a568e7a34,left,Tile_3,covered,1772726507850516992,127.507830016,-0.520692,-0.520692,0,-0.0661990013663412,0.09674536700649417,0.030546365640152964,-0.551238365640153,0.2721145866286085
img_32e9de537a5b3fe60feaa235,left,Tile_3,indoor,1772726462347738880,82.005051904,-0.137578,-0.137578,0,-0.0661990013663412,-0.11315185650091107,-0.17935085786725227,0.04177285786725227,1.0
img_33375a69985ab3e518251da0,left,Tile_3,indoor,1772726534352162816,154.00947584,-0.0528467,-0.0528467,0,-0.0661990013663412,-0.020180340827329786,-0.086379342193671,0.033532642193670976,1.0
img_336e1066e62f9bd81c7fb187,right,Tile_3,outdoor,1772726440846436864,60.503749888,-0.067426,-0.067426,0,-0.0661990013663412,0.09033014596460288,0.024131144598261683,-0.09155714459826168,1.0
img_3393210d231014661a40fa97,right,Tile_3,indoor,1772726466848016896,86.50532992,0.00404241,0.00404241,0,-0.0661990013663412,0.033482635635297076,-0.032716365731044125,0.03675877573104412,1.0
img_34035c60c399851165cbcde7,right,Tile_3,indoor,1772726563853946880,183.511259904,0.0352277,0.0352277,0,-0.0661990013663412,0.13800786575691532,0.07180886439057411,-0.0365811643905741,1.0
img_340ae29e89772b35f8739137,right,Tile_3,outdoor,1772726495849774848,115.507087872,-0.276619,-0.276619,0,-0.0661990013663412,-0.20613514296654578,-0.272334144332887,-0.004284855667113063,1.0
img_349bb000c52f5a9444858a63,left,Tile_3,indoor,1772726554353345792,174.010658816,0.143705,0.143705,0,-0.0661990013663412,0.24182809539158429,0.17562909402524307,-0.03192409402524307,1.0
img_357e0e61ad2c2c039b3d8981,left,Tile_3,indoor,1772726564853989888,184.511302912,0.145099,0.145099,0,-0.0661990013663412,0.1501741111863212,0.08397510981998,0.06112389018002001,1.0
img_36179b59758015708cbc0529,right,Tile_3,outdoor,1772726439346339840,59.003652864,0.0559434,0.0559434,0,-0.0661990013663412,0.09152423996781994,0.02532523860147874,0.03061816139852125,1.0
img_3674d4aa9eeeccc919db54a9,right,Tile_3,outdoor,1772726391843453952,11.500766976,-0.153069,-0.153069,0,-0.0661990013663412,0.018867274392391158,-0.04733172697395004,-0.10573727302604996,1.0
img_36cdbf68fcc766fb18c480a2,left,Tile_3,outdoor,1772726434846037760,54.503350784,-0.175999,-0.175999,0,-0.0661990013663412,-0.19571957661702793,-0.26191857798336915,0.08591957798336916,1.0
img_36d8bec5f2733d9cb65049e8,right,Tile_3,indoor,1772726553353293056,173.01060608,-0.636802,-0.636802,0,-0.0661990013663412,-0.18916548646526252,-0.2553644878316037,-0.3814375121683963,0.3932492091490422
img_36e0205c98558c91ecf7584a,left,Tile_3,outdoor,1772726407344336128,27.001649152,-0.067237,-0.067237,0,-0.0661990013663412,-0.012242824403383899,-0.0784418257697251,0.01120482576972509,1.0
img_36e74cf7a944d9e1fac9aac6,right,Tile_3,covered,1772726508850566912,128.507879936,-0.67176,-0.67176,0,-0.0661990013663412,-0.07321674468034806,-0.13941574604668927,-0.5323442539533108,0.2817725539180061
img_371829f130cc2bfcee62b62f,left,Tile_3,outdoor,1772726431345901056,51.00321408,-0.284942,-0.284942,0,-0.0661990013663412,-0.17827836813369993,-0.24447736950004112,-0.040464630499958854,1.0
img_37246760b5ed4ed5a5e1b554,left,Tile_3,outdoor,1772726403344131072,23.001444096,-0.0783924,-0.0783924,0,-0.0661990013663412,0.02501964022598234,-0.04117936114035886,-0.03721303885964113,1.0
img_373b64b7f7265a6208ff2cda,left,Tile_3,outdoor,1772726409344460032,29.001773056,-0.132865,-0.132865,0,-0.0661990013663412,-0.030874255838470338,-0.09707325720481154,-0.03579174279518847,1.0
img_37557d4033ab0e63b9269326,right,Tile_3,indoor,1772726561353721856,181.01103488,-0.0623213,-0.0623213,0,-0.0661990013663412,0.09350043966602135,0.027301438299680153,-0.08962273829968015,1.0
img_37961c1c8cbf65e14d0ea61c,left,Tile_3,indoor,1772726523851490048,143.508803072,-0.200784,-0.200784,0,-0.0661990013663412,0.017286746965428708,-0.04891225440091249,-0.1518717455990875,0.9876754850502044
img_3856b29d30a5f8fae4c2ddaf,left,Tile_3,outdoor,1772726523351459072,143.008772096,-0.170487,-0.170487,0,-0.0661990013663412,0.020453783380594937,-0.04574521798574627,-0.12474178201425373,1.0
img_38f675d4e9377237a9fb5a56,left,Tile_3,outdoor,1772726437346205952,57.003518976,-0.321695,-0.321695,0,-0.0661990013663412,-0.20817793420923963,-0.27437693557558085,-0.04731806442441916,1.0
img_38fa922ad61d7da7aa5839a9,left,Tile_3,indoor,1772726463847832064,83.505145088,-0.0685168,-0.0685168,0,-0.0661990013663412,-0.11529031802757293,-0.18148931939391413,0.11297251939391413,1.0
img_3902505c4cb7ff45451f2bc1,right,Tile_3,covered,1772726487849280000,107.506593024,-0.300178,-0.300178,0,-0.0661990013663412,-0.1961494207621126,-0.2623484221284538,-0.03782957787154623,1.0
img_3991b4dd0731c1ce6d644839,left,Tile_3,indoor,1772726572354415872,192.011728896,0.0596787,0.0596787,0,-0.0661990013663412,0.014220725250179493,-0.05197827611616171,0.11165697611616171,1.0
img_39a06855544f8de8351e1656,right,Tile_3,stationary_unresolved,1772726388343209984,8.000523008,0.0123947,0.0123947,0,-0.0661990013663412,0.04073806236030775,-0.025460939006033453,0.03785563900603345,1.0
img_39a2d47accaabf667edfaff8,left,Tile_3,indoor,1772726468848158720,88.505471744,-0.299296,-0.299296,0,-0.0661990013663412,-0.12241854598610871,-0.1886175473524499,-0.11067845264755011,1.0
img_39bde7ed1336ec78411af4c0,right,Tile_3,outdoor,1772726426845512960,46.502825984,-0.129066,-0.129066,0,-0.0661990013663412,0.07299305957091744,0.0067940582045762365,-0.13586005820457622,1.0
img_39d39b7da0de74e43e25c19f,right,Tile_3,indoor,1772726550353062912,170.010375936,-0.568907,-0.568907,0,-0.0661990013663412,-0.30277552003213226,-0.3689745213984735,-0.19993247860152658,0.750253290757006
img_3a1483836f813dc9ad7e4edb,right,Tile_3,outdoor,1772726398343756800,18.001069824,-0.0361814,-0.0361814,0,-0.0661990013663412,-0.006356197570449288,-0.0725551989367905,0.03637379893679049,1.0
img_3a21b7ae860b72ed8804abcc,left,Tile_3,outdoor,1772726454347276032,74.004589056,0.0144859,0.0144859,0,-0.0661990013663412,-0.09814662385632844,-0.16434562522266966,0.17883152522266962,0.8387782848310976
img_3a2cd4cb27c6ae470c8a776f,right,Tile_3,indoor,1772726556853451008,176.510764032,0.142037,0.142037,0,-0.0661990013663412,-0.05662463348726299,-0.12282363485360419,0.26486063485360417,0.5663355752466166
img_3a67c36eb4b7f4b5eacf371d,left,Tile_3,outdoor,1772726449847025920,69.504338944,-0.254578,-0.254578,0,-0.0661990013663412,-0.096629248437681,-0.16282824980402222,-0.09174975019597781,1.0
img_3a6ce437da18165267558062,left,Tile_3,indoor,1772726461847707904,81.505020928,-0.127039,-0.127039,0,-0.0661990013663412,-0.11243903611367094,-0.17863803748001214,0.05159903748001213,1.0
img_3a87ece1cbe89f05808cde41,right,Tile_3,indoor,1772726568354127872,188.011440896,0.291758,0.291758,0,-0.0661990013663412,0.21811724430263066,0.15191824293628947,0.13983975706371055,1.0
img_3aa5f8a1a9bd140b901357b4,right,Tile_3,covered,1772726510850697984,130.508011008,-0.164192,-0.164192,0,-0.0661990013663412,-0.05389414908622794,-0.12009315045256913,-0.044098849547430874,1.0
img_3aba23b72ba6c200262fd220,left,Tile_3,outdoor,1772726417344962816,37.00227584,-0.157415,-0.157415,0,-0.0661990013663412,-0.13150916982516622,-0.1977081711915074,0.04029317119150741,1.0
img_3ac01cda397a4cc40e9e6616,right,Tile_3,outdoor,1772726589855403776,209.5127168,-0.308759,-0.308759,0,-0.0661990013663412,-0.10083201723229986,-0.16703101859864106,-0.14172798140135895,1.0
img_3b6ed57064a70ad37a048c7b,right,Tile_3,outdoor,1772726515850993920,135.508306944,-0.0633703,-0.0633703,0,-0.0661990013663412,-0.009085359528706441,-0.07528436089504764,0.011914060895047637,1.0
img_3b78593293b36ba29767fecd,left,Tile_3,indoor,1772726529351892992,149.009206016,-0.0796008,-0.0796008,0,-0.0661990013663412,-0.017551047606992207,-0.08375004897333341,0.004149248973333408,1.0
img_3bda781d868a9fac1d656701,right,Tile_3,indoor,1772726464347843840,84.005156864,0.0510788,0.0510788,0,-0.0661990013663412,-0.006472772677988611,-0.07267177404432981,0.12375057404432982,1.0
img_3ca07cccfdd3e5371e570909,right,Tile_3,covered,1772726487349249792,107.006562816,-0.369278,-0.369278,0,-0.0661990013663412,-0.18217584029570438,-0.2483748416620456,-0.12090315833795443,1.0
img_3caf02b05fda5adf6265db80,left,Tile_3,outdoor,1772726443346633984,63.003947008,-0.259404,-0.259404,0,-0.0661990013663412,-0.1831340236213853,-0.24933302498772653,-0.010070975012273498,1.0
img_3ccd121aa7728f30746b1d1b,left,Tile_3,outdoor,1772726521351338752,141.008651776,0.0719793,0.0719793,0,-0.0661990013663412,0.03312190634134884,-0.03307709502499236,0.10505639502499237,1.0
img_3d1b5a29d5f1e5eadcddf16e,left,Tile_3,indoor,1772726566854088192,186.511401216,0.054152,0.054152,0,-0.0661990013663412,0.10571157567720633,0.039512574310865134,0.014639425689134865,1.0
img_3dd943e1fbc94dc8c092af49,right,Tile_3,outdoor,1772726449847023872,69.504336896,-0.0505263,-0.0505263,0,-0.0661990013663412,0.06601177471588993,-0.00018722665045127485,-0.05033907334954873,1.0
img_3e88d0dfb8ec76e7b1d751e2,left,Tile_3,outdoor,1772726398343771904,18.001084928,-0.0785526,-0.0785526,0,-0.0661990013663412,0.051274936813855955,-0.014924064552485246,-0.06362853544751476,1.0
img_3ecb1a5cb53e875c9a44c043,left,Tile_3,indoor,1772726578854810112,198.512123136,0.0939489,0.0939489,0,-0.0661990013663412,-0.03081862939143499,-0.0970176307577762,0.1909665307577762,0.7854779547221363
img_3f3cab25aa79e21874774641,right,Tile_3,indoor,1772726531351935744,151.009248768,-0.0149211,-0.0149211,0,-0.0661990013663412,0.20335779713131527,0.13715879576497408,-0.15207989576497405,0.9863236639234133
img_3f546d37732238c9dca340d3,left,Tile_3,indoor,1772726528851811840,148.509124864,-0.18235,-0.18235,0,-0.0661990013663412,-0.014383693393075943,-0.08058269475941715,-0.10176730524058286,1.0
img_3fa45fac1cc1abd6364f0bd3,right,Tile_3,outdoor,1772726512350790144,132.008103168,-0.276607,-0.276607,0,-0.0661990013663412,-0.04045148193719166,-0.10665048330353286,-0.1699565166964671,0.8825786908064941
img_40839df87738117d53fe5712,left,Tile_3,outdoor,1772726438846319872,58.503632896,-0.211087,-0.211087,0,-0.0661990013663412,-0.2156530135675864,-0.2818520149339276,0.07076501493392759,1.0
img_411807728d76ab36722f4446,left,Tile_3,indoor,1772726468348134912,88.005447936,-0.102746,-0.102746,0,-0.0661990013663412,-0.12170573581722857,-0.18790473718356976,0.08515873718356978,1.0
img_4136eead8b3734fcaedcc071,left,Tile_3,outdoor,1772726501350138880,121.007451904,0.0377223,0.0377223,0,-0.0661990013663412,0.058500757080301974,-0.007698244286039227,0.04542054428603923,1.0
img_41472835d6d01c3b9eee86f3,left,Tile_3,indoor,1772726545352782848,165.010095872,0.250431,0.250431,0,-0.0661990013663412,0.1109103567482876,0.0447113553819464,0.20571964461805362,0.7291476722045448
img_41a6f55bab15569819e335b6,left,Tile_3,outdoor,1772726437846274816,57.50358784,-0.172727,-0.172727,0,-0.0661990013663412,-0.21066978125712138,-0.2768687826234626,0.1041417826234626,1.0
img_41d795cffe8ac5958ba0e943,left,Tile_3,outdoor,1772726432345947136,52.00326016,-0.233676,-0.233676,0,-0.0661990013663412,-0.18326160554676493,-0.24946060691310612,0.015784606913106153,1.0
img_4208ccff31ff4f5807b3f287,right,Tile_3,indoor,1772726532352040960,152.009353984,-0.191628,-0.191628,0,-0.0661990013663412,0.17154280930599486,0.10534380793965366,-0.2969718079396536,0.5050984503905531
img_429e11f512c9ec7cca7d8eff,left,Tile_3,outdoor,1772726434346017792,54.003330816,-0.179199,-0.179199,0,-0.0661990013663412,-0.19322797321829538,-0.2594269745846366,0.0802279745846366,1.0
img_431341ddc18bf7bbfc873256,right,Tile_3,indoor,1772726461847692032,81.505005056,0.0717272,0.0717272,0,-0.0661990013663412,-0.046427841425773796,-0.11262684279211499,0.18435404279211498,0.8136518067528685
img_43880861e0630f5d7ac7cc0d,right,Tile_3,outdoor,1772726407844350976,27.501664,-0.0990957,-0.0990957,0,-0.0661990013663412,-0.03729103291337151,-0.1034900342797127,0.004394334279712711,1.0
img_440b6428527ae918168fe118,right,Tile_3,indoor,1772726558853574144,178.510887168,0.0435207,0.0435207,0,-0.0661990013663412,0.019114241769778162,-0.04708475959656304,0.09060545959656305,1.0
img_441e03f73d0b76f84c505db3,left,Tile_3,indoor,1772726558353671936,178.01098496,0.236996,0.236996,0,-0.0661990013663412,0.2475941875775332,0.181395186211192,0.05560081378880802,1.0
img_443900e4c8ed5b29fb38d36a,left,Tile_3,indoor,1772726561353735936,181.01104896,0.310799,0.310799,0,-0.0661990013663412,0.2279853694232142,0.16178636805687302,0.149012631943127,1.0
img_44688fc19520c97f04987182,right,Tile_3,stationary_unresolved,1772726381842702848,1.500015872,0.0648249,0.0648249,0,-0.0661990013663412,0.09290944030485754,0.026710438938516337,0.038114461061483675,1.0
img_4482606b56ce83da57f0a986,left,Tile_3,outdoor,1772726393343517184,13.000830208,0.066758,0.066758,0,-0.0661990013663412,0.0470134800481871,-0.019185521318154097,0.0859435213181541,1.0
img_44aa2004a4a7e90eb9ff462e,right,Tile_3,outdoor,1772726447846856960,67.504169984,-0.0491041,-0.0491041,0,-0.0661990013663412,0.07141595574121351,0.00521695437487231,-0.05432105437487231,1.0
img_44fb2a201f01c452448f0215,left,Tile_3,indoor,1772726573354430976,193.011744,-0.0856601,-0.0856601,0,-0.0661990013663412,0.007291909357925591,-0.05890709200841561,-0.026753007991584393,1.0
img_451e741ae2b46e2f2b3dc3ea,left,Tile_3,outdoor,1772726492849637120,112.506950144,0.0285373,0.0285373,0,-0.0661990013663412,0.07067572191924511,0.004476720552903907,0.0240605794470961,1.0
img_457eb49193ea77999deda763,right,Tile_3,outdoor,1772726592355553792,212.012866816,-0.352256,-0.352256,0,-0.0661990013663412,-0.12907703873116722,-0.19527604009750843,-0.15697995990249158,0.9555359811097722
img_45b060488b1c090ac0309083,left,Tile_3,indoor,1772726538852432896,158.50974592,-0.223023,-0.223023,0,-0.0661990013663412,-0.01608795018371249,-0.0822869515500537,-0.1407360484499463,1.0
img_4684934416f0dd355c57cc5e,left,Tile_3,outdoor,1772726446846834944,66.504147968,-0.214496,-0.214496,0,-0.0661990013663412,-0.13655466346531087,-0.20275366483165208,-0.011742335168347912,1.0
img_46a0d026a1d62e44f0b7636f,right,Tile_3,outdoor,1772726424345372928,44.002685952,-0.00990394,-0.00990394,0,-0.0661990013663412,0.0608237477041812,-0.005375253662160004,-0.004528686337839996,1.0
img_46f7e3520c57796e33d0dd24,left,Tile_3,outdoor,1772726392843512064,12.500825088,-0.022427,-0.022427,0,-0.0661990013663412,0.04658735171657021,-0.01961164964977099,-0.00281535035022901,1.0
img_46fb35a374a648bbf7d67b4a,right,Tile_3,outdoor,1772726450847046912,70.504359936,0.0489986,0.0489986,0,-0.0661990013663412,0.057856035863369404,-0.008342965502971797,0.0573415655029718,1.0
img_4747428218324686ba86d51f,right,Tile_3,outdoor,1772726593855644928,213.512957952,-0.307308,-0.307308,0,-0.0661990013663412,-0.14130387767395175,-0.20750287904029296,-0.09980512095970706,1.0
img_4767ec0db6e2111433779ace,left,Tile_3,outdoor,1772726393843571968,13.500884992,0.0470865,0.0470865,0,-0.0661990013663412,0.04743965070584549,-0.018759350660495708,0.06584585066049571,1.0
img_4777fe5d9cdf240d46e60bea,left,Tile_3,indoor,1772726569854270976,189.511584,0.0536768,0.0536768,0,-0.0661990013663412,0.03901698706590917,-0.02718201430043203,0.08085881430043203,1.0
img_485cd4c5ca8d267f58fcc97d,left,Tile_3,indoor,1772726570354260992,190.011574016,0.155649,0.155649,0,-0.0661990013663412,0.02807922085097473,-0.03811978051536647,0.1937687805153665,0.7741185117697765
img_48e8112988b931da208a71d3,left,Tile_3,indoor,1772726469348190976,89.005504,-0.201436,-0.201436,0,-0.0661990013663412,-0.123131368198056,-0.1893303695643972,-0.01210563043560281,1.0
img_495d939ae647085d401c5718,right,Tile_3,outdoor,1772726396343687936,16.00100096,-0.0632607,-0.0632607,0,-0.0661990013663412,0.0014047763556157365,-0.06479422501072546,0.001533525010725456,1.0
img_4a2a9f47a7d72128ad9d9b23,right,Tile_3,outdoor,1772726512850861056,132.50817408,-0.326941,-0.326941,0,-0.0661990013663412,-0.03597023271785617,-0.10216923408419737,-0.2247717659158026,0.6673436024709108
img_4a2e56357884866047e5d674,right,Tile_3,stationary_unresolved,1772726382342784768,2.000097792,-0.0904288,-0.0904288,0,-0.0661990013663412,0.08889591300526131,0.02269691163892011,-0.11312571163892012,1.0
img_4a55ba7140adf532c2944b6d,right,Tile_3,indoor,1772726571854328832,191.511641856,0.24257,0.24257,0,-0.0661990013663412,0.23488772969382854,0.16868872832748733,0.07388127167251266,1.0
img_4a58d805e5b8e03110fdfac7,right,Tile_3,outdoor,1772726516351023872,136.008336896,-0.208435,-0.208435,0,-0.0661990013663412,-0.004604477361250352,-0.07080347872759155,-0.13763152127240846,1.0
img_4a98c51fd068bcc6903eb8bd,right,Tile_3,covered,1772726488349309952,108.006622976,-0.244138,-0.244138,0,-0.0661990013663412,-0.2101229940744807,-0.2763219954408219,0.03218399544082187,1.0
img_4af6cd6dac376ccdcc60db74,right,Tile_3,outdoor,1772726478848744960,98.506057984,-0.0119528,-0.0119528,0,-0.0661990013663412,0.024935799945049367,-0.041263201421291834,0.029310401421291835,1.0
img_4b22a1c9aabd064214d20b5a,left,Tile_3,outdoor,1772726493349665792,113.006978816,0.0298296,0.0298296,0,-0.0661990013663412,0.06946771650104477,0.003268715134703573,0.02656088486529642,1.0
img_4b5896706fe6c5ae2a2b3dee,right,Tile_3,outdoor,1772726473848504064,93.505817088,0.144313,0.144313,0,-0.0661990013663412,0.06279026810534127,-0.003408733260999927,0.14772173326099994,1.0
img_4bdcc685ea71836c64354033,right,Tile_3,stationary_unresolved,1772726386343086080,6.000399104,-0.0431362,-0.0431362,0,-0.0661990013663412,0.05679053610556731,-0.009408465260773893,-0.033727734739226106,1.0
img_4beafc8e6c2ff2943ec8c75d,right,Tile_3,outdoor,1772726428345662976,48.002976,-0.101696,-0.101696,0,-0.0661990013663412,0.0802949679272224,0.014095966560881204,-0.1157919665608812,1.0
img_4bf0c01e63bf51cbb309ab52,right,Tile_3,indoor,1772726555853392896,175.51070592,0.0999735,0.0999735,0,-0.0661990013663412,-0.09449394024706571,-0.16069294161340691,0.2606664416134069,0.5754480671603452
img_4bfbec80c6152c3ca53f80df,right,Tile_3,indoor,1772726544352706048,164.010019072,-0.0250754,-0.0250754,0,-0.0661990013663412,-0.1710799575060176,-0.23727895887235878,0.21220355887235878,0.7068684464911615
img_4c0792163a6966f5a8e1cf2f,right,Tile_3,outdoor,1772726591355494144,211.012807168,-0.292635,-0.292635,0,-0.0661990013663412,-0.12092582181118755,-0.18712482317752877,-0.10551017682247121,1.0
img_4c1515ea06c18f0b0a5b1619,left,Tile_3,outdoor,1772726439846391040,59.503704064,-0.344178,-0.344178,0,-0.0661990013663412,-0.22063637599435101,-0.2868353773606922,-0.05734262263930778,1.0
img_4c8368637cb715bc93aab9aa,left,Tile_3,outdoor,1772726512350807040,132.008120064,-0.0104946,-0.0104946,0,-0.0661990013663412,0.09697002305379047,0.030771021687449274,-0.04126562168744928,1.0
img_4c939a2934d534171cff834e,left,Tile_3,outdoor,1772726395343644928,15.000957952,0.0161464,0.0161464,0,-0.0661990013663412,0.04871808479017728,-0.01748091657616392,0.03362731657616392,1.0
img_4c9783af531b33c68bea8192,right,Tile_3,outdoor,1772726493849678080,113.506991104,-0.445435,-0.445435,0,-0.0661990013663412,-0.22781505935074114,-0.29401406071708236,-0.15142093928291772,0.99061596573336
img_4c9b79ac5540a2016119f618,right,Tile_3,indoor,1772726466347982848,86.005295872,0.109534,0.109534,0,-0.0661990013663412,0.025491562973171514,-0.04070743839316969,0.1502414383931697,0.9983929973264908
img_4cba75fecd5719f789a62848,left,Tile_3,outdoor,1772726429845767936,49.50308096,-0.254983,-0.254983,0,-0.0661990013663412,-0.17314674380555523,-0.23934574517189644,-0.015637254828103603,1.0
img_4cc3626700bd186e509ecde4,left,Tile_3,covered,1772726490349453824,110.006766848,-0.0205886,-0.0205886,0,-0.0661990013663412,0.07671584549052292,0.010516844124181718,-0.031105444124181716,1.0
img_4ccf82bd2664b37fa8da5db0,right,Tile_3,outdoor,1772726511850806016,131.50811904,-0.327891,-0.327891,0,-0.0661990013663412,-0.044931953465357735,-0.11113095483169894,-0.21676004516830105,0.6920094516659382
img_4ce1f1404af327ce8e242a2e,right,Tile_3,covered,1772726480848863744,100.506176768,-0.0942906,-0.0942906,0,-0.0661990013663412,-0.0005194802374572892,-0.0667184816037985,-0.02757211839620151,1.0
img_4d472e322a81763c2fd0b666,right,Tile_3,stationary_unresolved,1772726599355980032,219.013293056,-0.187229,-0.187229,0,-0.0661990013663412,-0.18613562811498244,-0.2523346294813236,0.06510562948132362,1.0
img_4db96f69333eb99d762ebc31,left,Tile_3,outdoor,1772726420345177856,40.00249088,-0.150338,-0.150338,0,-0.0661990013663412,-0.17061155148192297,-0.2368105528482642,0.08647255284826419,1.0
img_4dc8f84b30561037eb7ae084,right,Tile_3,outdoor,1772726394843634944,14.500947968,-0.0646631,-0.0646631,0,-0.0661990013663412,0.007225512015359393,-0.05897348935098181,-0.005689610649018198,1.0
img_4de2b810d4947fd02c7d9da0,left,Tile_3,indoor,1772726458347508992,78.004822016,-0.11022,-0.11022,0,-0.0661990013663412,-0.10625124488967491,-0.17245024625601613,0.06223024625601613,1.0
img_4e3bab9abc88385e6174502c,left,Tile_3,outdoor,1772726395843675904,15.500988928,0.0547888,0.0547888,0,-0.0661990013663412,0.04914423515751681,-0.017054766208824394,0.07184356620882439,1.0
img_4e3d57a9706d9cb78afd5c41,right,Tile_3,stationary_unresolved,1772726387843228928,7.500541952,0.0419512,0.0419512,0,-0.0661990013663412,0.04475078015169871,-0.021448221214642488,0.06339942121464248,1.0
img_4e6189ace79de6dc79f9225f,left,Tile_3,outdoor,1772726416344895744,36.002208768,-0.123839,-0.123839,0,-0.0661990013663412,-0.11846449409145443,-0.18466349545779565,0.06082449545779564,1.0
img_4e61dfa73359cbec43694b5d,left,Tile_3,indoor,1772726549853085952,169.510398976,0.174864,0.174864,0,-0.0661990013663412,0.22376890132058014,0.15756989995423892,0.01729410004576107,1.0
img_4e8573cfcd31389b1a28d8e3,right,Tile_3,outdoor,1772726477348664064,97.005977088,-0.176905,-0.176905,0,-0.0661990013663412,0.03629220570560378,-0.029906795660737423,-0.14699820433926258,1.0
img_4f5b2c7c217540835929062d,left,Tile_3,outdoor,1772726419845134080,39.502447104,-0.142751,-0.142751,0,-0.0661990013663412,-0.1641209059084279,-0.2303199072747691,0.08756890727476913,1.0
img_4f76dde4fe751d7ed49ed11b,left,Tile_3,covered,1772726491349520896,111.00683392,-0.0913029,-0.0913029,0,-0.0661990013663412,0.07429981115251652,0.00810080978617532,-0.09940370978617533,1.0
img_4fab7bc3a27f5b81c484839c,right,Tile_3,outdoor,1772726597355855872,217.013168896,-0.229855,-0.229855,0,-0.0661990013663412,-0.16983315462986953,-0.23603215599621075,0.0061771559962107425,1.0
img_4fc4ba78911aae895973bd93,left,Tile_3,indoor,1772726548853036800,168.510349824,0.177425,0.177425,0,-0.0661990013663412,0.19868968127978837,0.13249067991344715,0.04493432008655282,1.0
img_4fcd6a3db493c1c587d8b3a9,right,Tile_3,outdoor,1772726433345968128,53.003281152,0.0425286,0.0425286,0,-0.0661990013663412,0.09051868353653712,0.024319682170195922,0.018208917829804074,1.0
img_50788709c27115356ae913b1,left,Tile_3,indoor,1772726550853106944,170.510419968,0.260249,0.260249,0,-0.0661990013663412,0.2367828317945951,0.17058383042825392,0.08966516957174611,1.0
img_50b23cb80cabf1841bac6f5c,right,Tile_3,indoor,1772726568854157056,188.51147008,0.402019,0.402019,0,-0.0661990013663412,0.22701844788892445,0.16081944652258323,0.24119955347741678,0.6218916985434814
img_50b466a226a3e1103ba42d6f,right,Tile_3,stationary_unresolved,1772726384342926080,4.000239104,-0.0209897,-0.0209897,0,-0.0661990013663412,0.0728432995479257,0.006644298181584504,-0.027633998181584504,1.0
img_5140482a9cf7118888ff9760,right,Tile_3,indoor,1772726546852904960,166.510217984,-0.465253,-0.465253,0,-0.0661990013663412,-0.22621326276078385,-0.29241226412712507,-0.17284073587287496,0.8678509683638791
img_51866d14b07dd3ca601a1cde,left,Tile_3,indoor,1772726581354907904,201.012220928,-0.0166403,-0.0166403,0,-0.0661990013663412,-0.03599565287649811,-0.10219465424283931,0.08555435424283933,1.0
img_524aae58b9d36d472cff225d,left,Tile_3,indoor,1772726574854533888,194.511846912,0.238235,0.238235,0,-0.0661990013663412,-0.003101870551104474,-0.06930087191744567,0.3075358719174457,0.4877479790073585
img_528ff619306a8c9703bb57a9,left,Tile_3,indoor,1772726388843257856,8.50057088,-0.02787,-0.02787,0,-0.0661990013663412,0.0488958683415599,-0.0173031330247813,-0.010566866975218695,1.0
img_52dc06d656b73eee0de4398d,right,Tile_3,outdoor,1772726454847290112,74.504603136,-0.29256,-0.29256,0,-0.0661990013663412,0.003791959751673693,-0.06240704161466751,-0.23015295838533248,0.6517404818619069
img_5375dc7ac212760e86ea04e4,left,Tile_3,indoor,1772726554853384960,174.510697984,0.217493,0.217493,0,-0.0661990013663412,0.24254885460857908,0.1763498532422379,0.041143146757762095,1.0
img_53ce9f841d68099d3fc67dcc,left,Tile_3,outdoor,1772726419345099008,39.002412032,-0.119396,-0.119396,0,-0.0661990013663412,-0.15759854800629394,-0.22379754937263513,0.10440154937263516,1.0
img_53e20a3aa805e1f7b110ddf9,right,Tile_3,outdoor,1772726408844413952,28.501726976,-0.0493567,-0.0493567,0,-0.0661990013663412,-0.040380979304467504,-0.1065799806708087,0.0572232806708087,1.0
img_53f96406e0c9d22b6885bb47,right,Tile_3,outdoor,1772726442346515968,62.003828992,-0.111527,-0.111527,0,-0.0661990013663412,0.08627713469755055,0.02007813333120935,-0.13160513333120935,1.0
img_540db3645c82d34acccf1fbb,left,Tile_3,outdoor,1772726516851070976,136.508384,-0.0314476,-0.0314476,0,-0.0661990013663412,0.06461423920742555,-0.001584762158915648,-0.029862837841084355,1.0
img_5411aa9b437446a0c0642a33,left,Tile_3,indoor,1772726571354317056,191.01163008,0.174179,0.174179,0,-0.0661990013663412,0.021150121158708547,-0.045048880207632654,0.21922788020763265,0.6842195429611128
img_552ccaef249d70922a2b9ae7,right,Tile_3,outdoor,1772726399843804928,19.501117952,-0.0973062,-0.0973062,0,-0.0661990013663412,-0.012176914356154235,-0.07837591572249544,-0.018930284277504553,1.0
img_5550c6ee126a8a927e97dac2,right,Tile_3,outdoor,1772726420345161984,40.002475008,0.0505212,0.0505212,0,-0.0661990013663412,0.04135291251607142,-0.02484608885026978,0.07536728885026978,1.0
img_5563e8df2be4dc830dc08c92,right,Tile_3,stationary_unresolved,1772726385343024896,5.00033792,0.0904714,0.0904714,0,-0.0661990013663412,0.06481676681442902,-0.0013822345519121787,0.09185363455191217,1.0
img_5574682a334b8acf3720ae26,left,Tile_3,outdoor,1772726494349710080,114.007023104,0.0675556,0.0675556,0,-0.0661990013663412,0.06705173720627289,0.000852735839931687,0.0667028641600683,1.0
img_55c5e08398906fce5cdae7a1,right,Tile_3,indoor,1772726525851599104,145.508912128,-0.0961497,-0.0961497,0,-0.0661990013663412,0.1437116596800986,0.07751265831375741,-0.1736623583137574,0.863745036382574
img_56187043b1e7cbb8149b6379,left,Tile_3,indoor,1772726563853952000,183.511265024,0.255218,0.255218,0,-0.0661990013663412,0.17240512854018575,0.10620612717384455,0.14901187282615544,1.0
img_56534ab6df13e69183a60733,right,Tile_3,outdoor,1772726500850092800,120.507405824,-0.0895469,-0.0895469,0,-0.0661990013663412,-0.15241181250419544,-0.21861081387053666,0.12906391387053667,1.0
img_57251049682317c7fee99ae1,left,Tile_3,indoor,1772726531351951872,151.009264896,0.140282,0.140282,0,-0.0661990013663412,-0.02290862934731652,-0.08910763071365772,0.2293896307136577,0.653909243993866
img_572c8b231f54c3e8ed7f76c5,right,Tile_3,indoor,1772726523851472896,143.50878592,-0.693147,-0.741821,1,-0.0661990013663412,0.10284949478778391,0.036650493421442706,-0.7297974934214426,0.20553646916046361
img_5748713b2a9018e0c4489afb,left,Tile_3,indoor,1772726535352226048,155.009539072,-0.302564,-0.302564,0,-0.0661990013663412,-0.01927091776140071,-0.0854699191277419,-0.2170940808722581,0.6909446789028881
img_575d0f2b73c72c0a37d1fdaf,right,Tile_3,outdoor,1772726447346824960,67.004137984,-0.0900589,-0.0900589,0,-0.0661990013663412,0.07276697471380147,0.006567973347460274,-0.09662687334746026,1.0
img_575f482e53a2e9d903317aeb,right,Tile_3,outdoor,1772726435846081024,55.503394048,0.0477561,0.0477561,0,-0.0661990013663412,0.09093765834712732,0.024738656980786117,0.023017443019213886,1.0
img_57c2604724963389dad6b8fc,left,Tile_3,outdoor,1772726390843351808,10.500664832,0.0627664,0.0627664,0,-0.0661990013663412,0.04488271926629513,-0.021316282100046068,0.08408268210004607,1.0
img_58caed980ab70c4132efecfd,right,Tile_3,outdoor,1772726519351250944,139.008563968,0.0834492,0.0834492,0,-0.0661990013663412,0.022281240047221696,-0.04391776131911951,0.1273669613191195,1.0
img_58f765e4917dce185f3d11f7,right,Tile_3,outdoor,1772726473348428032,93.005741056,0.065326,0.065326,0,-0.0661990013663412,0.0665761081528102,0.0003771067864690031,0.06494889321353098,1.0
img_592f2c020773fd3d0eba846b,right,Tile_3,outdoor,1772726409344444928,29.001757952,-0.204805,-0.204805,0,-0.0661990013663412,-0.04192595091806257,-0.10812495228440377,-0.09668004771559621,1.0
img_59524914ac06cf1a2d6e317a,right,Tile_3,outdoor,1772726406844327936,26.50164096,0.0759458,0.0759458,0,-0.0661990013663412,-0.03420120991460382,-0.10040021128094502,0.17634601128094501,0.8506004695565699
img_595254c320c27cdb74e35158,right,Tile_3,indoor,1772726533852087040,153.509400064,-0.113737,-0.113737,0,-0.0661990013663412,0.12382388232799701,0.057624880961655814,-0.17136188096165583,0.8753405317345005
img_59c328a30ed6112505cd2268,left,Tile_3,outdoor,1772726399343816960,19.001129984,0.048921,0.048921,0,-0.0661990013663412,0.05212722314895387,-0.01407177821738733,0.06299277821738733,1.0
img_5a69ae6aa259126ae595c8c1,right,Tile_3,indoor,1772726530851907072,150.509220096,-0.078173,-0.078173,0,-0.0661990013663412,0.21926452960054207,0.1530655282342009,-0.23123852823420088,0.6486808281709802
img_5b7430adf431b687f1129ef4,left,Tile_3,outdoor,1772726417844996864,37.502309888,-0.163454,-0.163454,0,-0.0661990013663412,-0.13803151437044808,-0.2042305157367893,0.04077651573678931,1.0
img_5b91b0038b79183f5c7235e8,right,Tile_3,outdoor,1772726429345707776,49.0030208,0.00312755,0.00312755,0,-0.0661990013663412,0.08516263809614996,0.01896363672980876,-0.015836086729808754,1.0
img_5bdabac3f28d924130023096,right,Tile_3,indoor,1772726548853032960,168.510345984,-0.290088,-0.290088,0,-0.0661990013663412,-0.2703192205081179,-0.3365182218744591,0.04643022187445911,1.0
img_5bf2570751fa5012e024eb20,right,Tile_3,outdoor,1772726406344256768,26.001569792,0.130361,0.130361,0,-0.0661990013663412,-0.03265611411770397,-0.09885511548404517,0.2292161154840452,0.6544042493837694
img_5cb86470777358c38d50242e,right,Tile_3,indoor,1772726462847753984,82.505067008,0.00166037,0.00166037,0,-0.0661990013663412,-0.03044579428913698,-0.09664479565547818,0.09830516565547817,1.0
img_5cf9d1382308cfa305655804,left,Tile_3,outdoor,1772726400843904000,20.501217024,0.108421,0.108421,0,-0.0661990013663412,0.04830960199832807,-0.017889399368013134,0.12631039936801314,1.0
img_5d36f96d95329bc275b1e854,right,Tile_3,outdoor,1772726440346407936,60.00372096,0.0178102,0.0178102,0,-0.0661990013663412,0.09168115663706143,0.02548215527072023,-0.007671955270720229,1.0
img_5e316fa8cb258a2918d30eed,left,Tile_3,covered,1772726511350748160,131.008061184,-0.146363,-0.146363,0,-0.0661990013663412,0.10416019887793955,0.03796119751159835,-0.18432419751159834,0.8137835510747928
img_5e80513ffc34b6196a43e365,right,Tile_3,outdoor,1772726427845582848,47.502895872,0.0244135,0.0244135,0,-0.0661990013663412,0.07786085185448345,0.01166185048814225,0.012751649511857756,1.0
img_5e8f6477648ca5ac8d8ba881,right,Tile_3,outdoor,1772726419345082880,39.002395904,-0.0137675,-0.0137675,0,-0.0661990013663412,0.03272644077385765,-0.033472560592483554,0.019705060592483545,1.0
img_5ef19597a38170b745e3d0e8,right,Tile_3,outdoor,1772726588855346944,208.512659968,-0.116353,-0.116353,0,-0.0661990013663412,-0.07653534771460564,-0.14273434908094684,0.026381349080946845,1.0
img_5f0968e8c59bf8c0f031ebb5,right,Tile_3,outdoor,1772726498349988096,118.00730112,-0.214769,-0.214769,0,-0.0661990013663412,-0.1790342471366409,-0.24523324850298212,0.0304642485029821,1.0
img_5f5029f3630b2fb09e6d6efa,right,Tile_3,stationary_unresolved,1772726384842983936,4.50029696,0.0428773,0.0428773,0,-0.0661990013663412,0.0688299653797287,0.002630964013387499,0.040246335986612494,1.0
img_5f72e3f2d8823789d5a9d3d9,right,Tile_3,outdoor,1772726494349693184,114.007006208,-0.320581,-0.320581,0,-0.0661990013663412,-0.22239517876346598,-0.2885941801298072,-0.031986819870192806,1.0
img_5f8884d4e0886ce2c7c3329d,right,Tile_3,stationary_unresolved,1772726382842777856,2.50009088,0.00976071,0.00976071,0,-0.0661990013663412,0.08488309864817073,0.01868409728182953,-0.008923387281829521,1.0
img_5feae9f76544f90eda804478,left,Tile_3,outdoor,1772726401343939072,21.001252096,0.0325703,0.0325703,0,-0.0661990013663412,0.04365170598474861,-0.022547295381592593,0.055117595381592596,1.0
img_6016a762546377de75ffa928,right,Tile_3,indoor,1772726531852012800,151.509325824,0.0743001,0.0743001,0,-0.0661990013663412,0.18744952548766253,0.12125052412132133,-0.04695042412132133,1.0
img_601de3b87602df931f31758c,right,Tile_3,outdoor,1772726492849620992,112.506934016,-0.292149,-0.292149,0,-0.0661990013663412,-0.23865511188926997,-0.3048541132556112,0.012705113255611133,1.0
img_602aaa7e37f9400e20d3d20c,left,Tile_3,outdoor,1772726435846096896,55.50340992,-0.186958,-0.186958,0,-0.0661990013663412,-0.20070287908824275,-0.26690188045458396,0.07994388045458395,1.0
img_6140eac6fa52c2bec7a4cf37,right,Tile_3,covered,1772726480348834048,100.006147072,-0.0372429,-0.0372429,0,-0.0661990013663412,0.013454085920869255,-0.05274491544547195,0.015502015445471945,1.0
img_615171763cd60793081fb097,right,Tile_3,covered,1772726508350533120,128.007846144,-0.693147,-0.733434,1,-0.0661990013663412,-0.07816647759833315,-0.14436547896467433,-0.5487815210353256,0.2733328187090038
img_6173ff107b2e5193068fdc8c,left,Tile_3,covered,1772726487849295872,107.506608896,-0.115705,-0.115705,0,-0.0661990013663412,0.0688537672092697,0.0026547658429284943,-0.11835976584292848,1.0
img_61807e09bce534e140ff3497,right,Tile_3,indoor,1772726565854044928,185.511357952,0.0316552,0.0316552,0,-0.0661990013663412,0.17361234743012227,0.10741334606378107,-0.07575814606378106,1.0
img_61f4cc2148cac254e5f04ce6,right,Tile_3,covered,1772726460847625984,80.504939008,-0.0926681,-0.0926681,0,-0.0661990013663412,-0.06240995402082071,-0.1286089553871619,0.03594085538716191,1.0
img_622228827b821ea7fad563a5,right,Tile_3,outdoor,1772726436846160896,56.50347392,-0.0359208,-0.0359208,0,-0.0661990013663412,0.09110525408875028,0.02490625272240908,-0.06082705272240908,1.0
img_62bb470e8f17d63e54df8e2e,right,Tile_3,outdoor,1772726584855147008,204.512460032,-0.000516513,-0.000516513,0,-0.0661990013663412,0.020650664859625793,-0.04554833650671541,0.0450318235067154,1.0
img_62ded7e2c0eb75337746a1b4,right,Tile_3,covered,1772726509350600960,129.007913984,-0.00653643,-0.00653643,0,-0.0661990013663412,-0.06826700922827077,-0.13446601059461197,0.12792958059461196,1.0
img_63edf459d2337c0842d81e38,right,Tile_3,outdoor,1772726596855826944,216.513139968,-0.261542,-0.261542,0,-0.0661990013663412,-0.16575755347293447,-0.23195655483927569,-0.02958544516072431,1.0
img_6400739caa04d0ac69c41527,right,Tile_3,indoor,1772726548352942848,168.010255872,-0.329296,-0.329296,0,-0.0661990013663412,-0.2592914496105893,-0.3254904509769305,-0.0038055490230694544,1.0
img_643bc25ba5ac556419308dce,left,Tile_3,stationary_unresolved,1772726381342716928,1.000029952,-0.0551055,-0.0551055,0,-0.0661990013663412,0.07110512020110801,0.004906118834766812,-0.06001161883476682,1.0
img_643ec58d9d0fb7661aa212c4,right,Tile_3,covered,1772726505850379008,125.507692032,-0.199462,-0.199462,0,-0.0661990013663412,-0.10291499521092437,-0.16911399657726556,-0.030348003422734415,1.0
img_649f98a511547e2d01b94687,right,Tile_3,indoor,1772726461347658752,81.004971776,-0.0601208,-0.0601208,0,-0.0661990013663412,-0.05441890181444763,-0.12061790318078883,0.060497103180788825,1.0
img_64fe4e65c3736b0d7b32fecb,right,Tile_3,indoor,1772726526851661056,146.50897408,0.180881,0.180881,0,-0.0661990013663412,0.16414271859113436,0.09794371722479316,0.08293728277520683,1.0
img_654114daebb73a29c72bdb27,left,Tile_3,outdoor,1772726433846001920,53.503314944,-0.177681,-0.177681,0,-0.0661990013663412,-0.19073639022996275,-0.25693539159630396,0.07925439159630396,1.0
img_654224d56a5a5fc52b21d876,left,Tile_3,outdoor,1772726593355632128,213.012945152,0.0318334,0.0318334,0,-0.0661990013663412,0.031461855803916236,-0.034737145562424965,0.06657054556242496,1.0
img_6546170e68807f8e8a52ad34,left,Tile_3,covered,1772726510850713856,130.50802688,-0.0103607,-0.0103607,0,-0.0661990013663412,0.10775532176097041,0.04155632039462921,-0.05191702039462922,1.0
img_65f505414e53514b40c87f66,right,Tile_3,outdoor,1772726404344176128,24.001489152,-0.0330614,-0.0330614,0,-0.0661990013663412,-0.026476361338346025,-0.09267536270468722,0.05961396270468724,1.0
img_662459e85d0d8812f926ab99,left,Tile_3,covered,1772726459847571968,79.504884992,-0.0130731,-0.0130731,0,-0.0661990013663412,-0.10929042837428724,-0.17548942974062842,0.16241632974062842,0.9235524546056623
img_669111f98083cce643c39165,right,Tile_3,indoor,1772726572854388992,192.511702016,0.170062,0.170062,0,-0.0661990013663412,0.2225635750577576,0.15636457369141638,0.013697426308583588,1.0
img_6740b2dd81f92ad3ddabaecd,right,Tile_3,outdoor,1772726495349742848,115.007055872,-0.311278,-0.311278,0,-0.0661990013663412,-0.2115552066968933,-0.2777542080632345,-0.033523791936765523,1.0
img_6775eeb93e9fdc907d461bdf,left,Tile_3,indoor,1772726577854702080,197.512015104,-0.152348,-0.152348,0,-0.0661990013663412,-0.023889169627903026,-0.09008817099424422,-0.06225982900575579,1.0
img_67cb9bc06ca9a801a5b68e06,left,Tile_3,outdoor,1772726433345984000,53.003297024,-0.0814461,-0.0814461,0,-0.0661990013663412,-0.1882447970364301,-0.2544437984027713,0.17299769840277132,0.8670635585611761
img_6819a75fda93260e77669bee,right,Tile_3,indoor,1772726458347492864,78.004805888,-0.158405,-0.158405,0,-0.0661990013663412,-0.04351397104535771,-0.10971297241169892,-0.04869202758830107,1.0
img_68d3eb363c2845459f47e8d5,left,Tile_3,outdoor,1772726520351279872,140.008592896,-0.0524821,-0.0524821,0,-0.0661990013663412,0.039455959714614706,-0.026743041651726494,-0.025739058348273496,1.0
img_68f31368a376525690e48608,right,Tile_3,outdoor,1772726400843888896,20.50120192,-0.146799,-0.146799,0,-0.0661990013663412,-0.01566134252465304,-0.08186034389099424,-0.06493865610900577,1.0
img_692d5bbdcde19c70d8b4d819,right,Tile_3,outdoor,1772726497849912832,117.507225856,-0.141981,-0.141981,0,-0.0661990013663412,-0.18445477982424952,-0.25065378119059073,0.10867278119059068,1.0
img_69419e5adbf182700c58bb12,right,Tile_3,outdoor,1772726441346459904,61.003772928,-0.00680437,-0.00680437,0,-0.0661990013663412,0.0889791512007256,0.022780149834384394,-0.029584519834384395,1.0
img_6945a13d80ea37856cdb03cf,right,Tile_3,outdoor,1772726437346190848,57.003503872,-0.0684538,-0.0684538,0,-0.0661990013663412,0.09118905028641952,0.02499004892007832,-0.09344384892007832,1.0
img_6957fc6391e712cf9f28468c,left,Tile_3,covered,1772726489349388800,109.006701824,-0.136457,-0.136457,0,-0.0661990013663412,0.07359364587903457,0.007394644512693366,-0.14385164451269336,1.0
img_69e4bef02a10ed141acc261e,left,Tile_3,indoor,1772726459347589888,79.004902912,-0.13556,-0.13556,0,-0.0661990013663412,-0.10827744604991174,-0.17447644741625296,0.03891644741625294,1.0
img_6a2408035c3724c55335982f,left,Tile_3,indoor,1772726465347929088,85.005242112,-0.000856231,-0.000856231,0,-0.0661990013663412,-0.11742878502835623,-0.18362778639469743,0.18277155539469742,0.8206966323401536
img_6b1b0c8108862b9717715345,left,Tile_3,outdoor,1772726396343704832,16.001017856,-0.0661171,-0.0661171,0,-0.0661990013663412,0.04957038377945256,-0.01662861758688864,-0.04948848241311136,1.0
img_6ca3ccb0981185a28e1f93dc,left,Tile_3,outdoor,1772726441846500864,61.503813888,-0.204325,-0.204325,0,-0.0661990013663412,-0.20309723192772655,-0.26929623329406777,0.0649712332940677,1.0
img_6cda7e312f7350eff34e978b,left,Tile_3,indoor,1772726467348067072,87.005380096,-0.128277,-0.128277,0,-0.0661990013663412,-0.1202800866490954,-0.1864790880154366,0.05820208801543661,1.0
img_6d2459e72635c43c38ab9b72,left,Tile_3,indoor,1772726553853328896,173.51064192,0.262908,0.262908,0,-0.0661990013663412,0.2411073682775733,0.17490836691123207,0.08799963308876788,1.0
img_6d97759db67f18d871487e44,left,Tile_3,indoor,1772726579854817792,199.512130816,0.0608358,0.0608358,0,-0.0661990013663412,-0.037747393844936326,-0.10394639521127752,0.16478219521127752,0.9102925216384916
img_6dc396b50fafbf1b48918d54,right,Tile_3,outdoor,1772726503850262784,123.507575808,-0.0557403,-0.0557403,0,-0.0661990013663412,-0.12271373936005832,-0.18891274072639952,0.13317244072639953,1.0
img_6e169def21ca3501e9621c38,left,Tile_3,outdoor,1772726427345562880,47.002875904,-0.238272,-0.238272,0,-0.0661990013663412,-0.17247957464952343,-0.23867857601586462,0.000406576015864607,1.0
img_6ed6c4d41155b1fef7584c54,right,Tile_3,outdoor,1772726408344381952,28.001694976,-0.0690117,-0.0690117,0,-0.0661990013663412,-0.03883600452696657,-0.10503500589330778,0.03602330589330778,1.0
img_6edd04890eae67b7aad63fbe,right,Tile_3,indoor,1772726463347784960,83.005097984,0.135516,0.135516,0,-0.0661990013663412,-0.022454770720818286,-0.0886537720871595,0.2241697720871595,0.6691357117572412
img_6f0133802dcbba5715db2a6b,right,Tile_3,outdoor,1772726417344945920,37.002258944,0.0379608,0.0379608,0,-0.0661990013663412,0.015455030783342465,-0.05074397058299873,0.08870477058299875,1.0
img_6f41a78957ac84401e77ac83,left,Tile_3,outdoor,1772726418845064960,38.502377984,-0.138366,-0.138366,0,-0.0661990013663412,-0.15107620346101197,-0.21727520482735319,0.07890920482735317,1.0
img_6f4375e52569cc403f7728ef,left,Tile_3,stationary_unresolved,1772726382342788096,2.00010112,0.0339284,0.0339284,0,-0.0661990013663412,0.06814388944978048,0.001944888083439275,0.031983511916560715,1.0
img_6f75eacf9361a6cb5df4799d,left,Tile_3,indoor,1772726580354848000,200.012161024,-0.112846,-0.112846,0,-0.0661990013663412,-0.041066041124605775,-0.10726504249094698,-0.005580957509053033,1.0
img_6f8a41645307886414fdb6d8,left,Tile_3,covered,1772726508350550016,128.00786304,-0.576102,-0.576102,0,-0.0661990013663412,0.09968728324945715,0.03348828188311595,-0.6095902818831159,0.24606691487375335
img_6fa669b10fbb724dc3362a0d,left,Tile_3,outdoor,1772726414344770816,34.00208384,-0.248871,-0.248871,0,-0.0661990013663412,-0.09237526283569952,-0.15857426420204074,-0.09029673579795927,1.0
img_70695d79bf115291f89af020,left,Tile_3,outdoor,1772726511850808832,131.508121856,-0.0895227,-0.0895227,0,-0.0661990013663412,0.10056488641551527,0.034365885049174066,-0.12388858504917405,1.0
img_7075633227ed0e239cb80bdf,right,Tile_3,covered,1772726482849029120,102.506342144,-0.00260768,-0.00260768,0,-0.0661990013663412,-0.05641504690622239,-0.12261404827256359,0.12000636827256358,1.0
img_714f4ac0cedca8648afe46e2,right,Tile_3,outdoor,1772726445846728960,65.504041984,0.0593564,0.0593564,0,-0.0661990013663412,0.07682003163156526,0.010621030265224055,0.04873536973477595,1.0
img_71a7ea5f418376a993b7afdc,right,Tile_3,indoor,1772726569354188032,189.011501056,0.330336,0.330336,0,-0.0661990013663412,0.23591968337526942,0.1697206820089282,0.16061531799107182,0.9339084333683423
img_729de0fdc89bc5da6f822671,right,Tile_3,outdoor,1772726431345884928,51.003197952,-0.0731746,-0.0731746,0,-0.0661990013663412,0.0901835048807151,0.023984503514373895,-0.0971591035143739,1.0
img_72d329aaeffd9ca5bb751d0f,right,Tile_3,outdoor,1772726402844056832,22.501369856,0.0526952,0.0526952,0,-0.0661990013663412,-0.02184136502698507,-0.08804036639332627,0.14073556639332627,1.0
img_72da77466142f9222ca9b432,right,Tile_3,indoor,1772726562353859072,182.011172096,0.0988321,0.0988321,0,-0.0661990013663412,0.11130425044088398,0.045105249074542775,0.05372685092545723,1.0
img_730764b3a74203f26ba4ada6,left,Tile_3,outdoor,1772726448846936832,68.504249856,-0.189997,-0.189997,0,-0.0661990013663412,-0.10993805851757762,-0.1761370598839188,-0.013859940116081187,1.0
img_730e104f8bd0470783b519ad,left,Tile_3,outdoor,1772726443846624768,63.503937792,-0.305201,-0.305201,0,-0.0661990013663412,-0.17648033399933172,-0.24267933536567293,-0.06252166463432707,1.0
img_732560e3ddae6ed22512b874,right,Tile_3,outdoor,1772726409844475136,29.50178816,-0.209846,-0.209846,0,-0.0661990013663412,-0.043470920158728256,-0.10966992152506946,-0.10017607847493054,1.0
img_738d35da53c08f4a598d2f51,left,Tile_3,outdoor,1772726592855638016,212.51295104,0.00642648,0.00642648,0,-0.0661990013663412,0.02782945458437155,-0.038369546781969646,0.044796026781969644,1.0
img_73f4d80d0df342e9c22fd43b,right,Tile_3,indoor,1772726552853213952,172.510526976,-0.593726,-0.593726,0,-0.0661990013663412,-0.20810203501809638,-0.2743010363844376,-0.3194249636155624,0.4695938548513996
img_745b8376779d3a40a84872e7,left,Tile_3,indoor,1772726575354549760,195.011862784,0.14436,0.14436,0,-0.0661990013663412,-0.006566336144108674,-0.07276533751044988,0.21712533751044988,0.6908452128152973
img_74943b1f05f275dfa3e64b53,right,Tile_3,outdoor,1772726513350844928,133.008157952,-0.123279,-0.123279,0,-0.0661990013663412,-0.03148976348376421,-0.09768876485010541,-0.025590235149894586,1.0
img_74b928466746e82240803e26,right,Tile_3,indoor,1772726542852616192,162.509929216,-0.0181799,-0.0181799,0,-0.0661990013663412,-0.1380006246803469,-0.20419962604668812,0.1860197260466881,0.8063660945417815
img_74cdbe608be852f5a3b0f9fe,left,Tile_3,outdoor,1772726440346422784,60.003735808,-0.276489,-0.276489,0,-0.0661990013663412,-0.22305970778241377,-0.28925870914875496,0.01276970914875497,1.0
img_74efacc1aeb4fe0934adf511,left,Tile_3,indoor,1772726576854685952,196.511998976,-0.199593,-0.199593,0,-0.0661990013663412,-0.016960346640648966,-0.08315934800699017,-0.11643365199300983,1.0
img_750ed64f5a06937cd1e4fa08,left,Tile_3,outdoor,1772726404344192000,24.001505024,0.0143936,0.0143936,0,-0.0661990013663412,0.015703934047141113,-0.05049506731920009,0.0648886673192001,1.0
img_753e568dd0cb0b359ee23e57,left,Tile_3,outdoor,1772726423845337856,43.50265088,-0.265912,-0.265912,0,-0.0661990013663412,-0.17154555439003338,-0.2377445557563746,-0.02816744424362544,1.0
img_754e03fcb0ec2dfff08a5e4f,right,Tile_3,outdoor,1772726496849842176,116.5071552,-0.352388,-0.352388,0,-0.0661990013663412,-0.19529497943221533,-0.2614939807985565,-0.09089401920144341,1.0
img_7553fbc5b6a2ed11c46f6679,right,Tile_3,indoor,1772726557853574144,177.510887168,0.179428,0.179428,0,-0.0661990013663412,-0.01875286445674574,-0.08495186582308695,0.2643798658230869,0.567365444161222
img_756290dd6ae53ced57388fae,left,Tile_3,outdoor,1772726493849693184,113.507006208,0.029262,0.029262,0,-0.0661990013663412,0.06825971417516095,0.0020607128088197535,0.027201287191180243,1.0
img_764fe29b4e1960f79bb29e3d,right,Tile_3,outdoor,1772726394343603968,14.000916992,-0.142951,-0.142951,0,-0.0661990013663412,0.0091658088905378,-0.0570331924758034,-0.08591780752419659,1.0
img_767138f6ff85ce73dc611a99,left,Tile_3,covered,1772726507350515968,127.007828992,-0.314032,-0.314032,0,-0.0661990013663412,0.09380363903373576,0.027604637667394558,-0.34163663766739455,0.4390629793811363
img_769f7332c72ccca1e08d266b,left,Tile_3,indoor,1772726567354110976,187.011424,0.262415,0.262415,0,-0.0661990013663412,0.09459598163640133,0.02839698027006013,0.23401801972993988,0.6409762811133182
img_76feac06669caa33d9d03c46,left,Tile_3,outdoor,1772726410844553984,30.501867008,-0.0761777,-0.0761777,0,-0.0661990013663412,-0.04671913151261971,-0.11291813287896091,0.03674043287896091,1.0
img_77098503d4402a0360da6d34,right,Tile_3,covered,1772726472348363776,92.0056768,0.0269645,0.0269645,0,-0.0661990013663412,0.07414712349474746,0.00794812212840626,0.019016377871593743,1.0
img_77219089d0772978b6821983,left,Tile_3,outdoor,1772726497849928960,117.507241984,-0.00421141,-0.00421141,0,-0.0661990013663412,0.05859565536797566,-0.0076033459983655405,0.003391935998365541,1.0
img_7755967d0102f125faed8b27,right,Tile_3,outdoor,1772726591855524096,211.51283712,-0.313393,-0.313393,0,-0.0661990013663412,-0.125001431314471,-0.19120043268081222,-0.12219256731918779,1.0
img_77ed34b0126642eb21004da8,right,Tile_3,outdoor,1772726390343308032,10.000621056,-0.0499707,-0.0499707,0,-0.0661990013663412,0.024688370645611357,-0.041510630720729844,-0.008460069279270156,1.0
img_780059d915b011a5bd08b6b7,right,Tile_3,outdoor,1772726513850872064,133.508185088,-0.204219,-0.204219,0,-0.0661990013663412,-0.027008906551124846,-0.09320790791746605,-0.11101109208253396,1.0
img_783c40ea973d77f89e68bd01,right,Tile_3,indoor,1772726566354014976,186.011328,0.244325,0.244325,0,-0.0661990013663412,0.18251249831470914,0.11631349694836794,0.12801150305163206,1.0
img_789243cb60bd90423c2cc36f,right,Tile_3,outdoor,1772726418845048832,38.502361856,0.00798444,0.00798444,0,-0.0661990013663412,0.028408589934170708,-0.03779041143217049,0.04577485143217049,1.0
img_78a3f1935a07eebf17609099,right,Tile_3,outdoor,1772726448346888960,68.004201984,0.0567823,0.0567823,0,-0.0661990013663412,0.07006493676862559,0.0038659354022843873,0.05291636459771562,1.0
img_790005ba0043de4a43aaf92c,left,Tile_3,indoor,1772726464347859968,84.005172992,-0.129355,-0.129355,0,-0.0661990013663412,-0.11600313403551593,-0.18220213540185715,0.05284713540185715,1.0
img_79a5da34e66aa18a2c24eaef,left,Tile_3,covered,1772726471348343808,91.005656832,-0.23276,-0.23276,0,-0.0661990013663412,-0.10748468359584426,-0.17368368496218545,-0.05907631503781452,1.0
img_7a23a6f62591d19f1c74cf07,left,Tile_3,stationary_unresolved,1772726380842704896,0.50001792,0.0577561,0.0577561,0,-0.0661990013663412,0.07258566583882826,0.006386664472487064,0.051369435527512934,1.0
img_7a41592105a1e385ea290380,right,Tile_3,outdoor,1772726410844537856,30.50185088,0.080967,0.080967,0,-0.0661990013663412,-0.0406767317030601,-0.10687573306940129,0.1878427330694013,0.7985403403632348
img_7bb3380ce80f1bc1d599c623,right,Tile_3,covered,1772726492349608960,112.006921984,-0.195995,-0.195995,0,-0.0661990013663412,-0.24407495917780442,-0.31027396054414563,0.11427896054414563,1.0
img_7bd154c88477cf14f3e327e8,right,Tile_3,indoor,1772726545352769024,165.010082048,-0.225382,-0.225382,0,-0.0661990013663412,-0.19313291379887915,-0.25933191516522036,0.03394991516522031,1.0
img_7bd4d14dab635bb5b3357c9a,left,Tile_3,outdoor,1772726428345666048,48.002979072,-0.261422,-0.261422,0,-0.0661990013663412,-0.1727464479545502,-0.2389454493208914,-0.022476550679108642,1.0
img_7c0a4bbe04e2a982312985e3,left,Tile_3,outdoor,1772726520851337984,140.508651008,-0.0581268,-0.0581268,0,-0.0661990013663412,0.03628875142869607,-0.029910249937645128,-0.028216550062354864,1.0
img_7c194d874150e53dc7911d70,right,Tile_3,covered,1772726509850633984,129.507947008,-0.00983736,-0.00983736,0,-0.0661990013663412,-0.0633172839125614,-0.1295162852789026,0.1196789252789026,1.0
img_7c4bd9a8b55c8f86fa134466,right,Tile_3,indoor,1772726534352160000,154.009473024,-0.195529,-0.195529,0,-0.0661990013663412,0.10791574098482534,0.04171673961848414,-0.23724573961848414,0.632255821500591
img_7cbdf15076430dd9350f81b8,right,Tile_3,stationary_unresolved,1772726387343147008,7.000460032,0.0359474,0.0359474,0,-0.0661990013663412,0.04876430745129494,-0.017434693915046262,0.05338209391504625,1.0
img_7cbe47c2fcf912025e6a1750,right,Tile_3,indoor,1772726573354415872,193.011728896,0.0505529,0.0505529,0,-0.0661990013663412,0.2164015371746439,0.15020253580830267,-0.0996496358083027,1.0
img_7ce21959ed0341af67a18655,right,Tile_3,indoor,1772726552353229056,172.01054208,-0.581878,-0.581878,0,-0.0661990013663412,-0.2270350161865863,-0.2932340175529275,-0.2886439824470725,0.5196713221884156
img_7ce79754f20b04e0897c295c,left,Tile_3,stationary_unresolved,1772726386343101952,6.000414976,0.0671146,0.0671146,0,-0.0661990013663412,0.056298880030061976,-0.009900121336279225,0.07701472133627923,1.0
img_7cff19823ca3910b18ba5ea2,left,Tile_3,stationary_unresolved,1772726381842718720,1.500031744,0.0616393,0.0616393,0,-0.0661990013663412,0.06962460488423282,0.0034256035178916178,0.05821369648210839,1.0
img_7d06dbe48c57eacee34b64be,left,Tile_3,outdoor,1772726407844367104,27.501680128,0.0534787,0.0534787,0,-0.0661990013663412,-0.01690068226215553,-0.08309968362849673,0.13657838362849672,1.0
img_7d2a5bc3e40f82f3d13b4a0d,right,Tile_3,outdoor,1772726590855462912,210.512775936,-0.321339,-0.321339,0,-0.0661990013663412,-0.11685020187496904,-0.18304920324131024,-0.13828979675868974,1.0
img_7d6f42b0bce05fe141244829,right,Tile_3,outdoor,1772726442846546944,62.503859968,-0.0355609,-0.0355609,0,-0.0661990013663412,0.0849261184916724,0.018727117125331205,-0.054288017125331205,1.0
img_7db20f6aebe0e3a515e10bd7,right,Tile_3,indoor,1772726556353435904,176.010748928,0.19241,0.19241,0,-0.0661990013663412,-0.0755587585452983,-0.1417577599116395,0.3341677599116395,0.4488763369621981
img_7e1c9e745aed152b1e706429,right,Tile_3,outdoor,1772726393843569920,13.500882944,-0.102971,-0.102971,0,-0.0661990013663412,0.01110611768616172,-0.05509288368017948,-0.047878116319820516,1.0
img_7e5fa33d0d13a5a9e8727f84,right,Tile_3,outdoor,1772726405344205824,25.001518848,-0.0619725,-0.0619725,0,-0.0661990013663412,-0.02956620490250176,-0.09576520626884297,0.033792706268842954,1.0
img_7eb69cbcb3cfc4f6f4283b99,right,Tile_3,indoor,1772726542352633088,162.009946112,0.0953447,0.0953447,0,-0.0661990013663412,-0.12697521347696133,-0.19317421484330255,0.28851891484330255,0.5198965900778688
img_7fc70193a1c9db1d85cc998e,left,Tile_3,outdoor,1772726406844329984,26.501643008,0.0647542,0.0647542,0,-0.0661990013663412,-0.0075851978581346555,-0.07378419922447585,0.13853839922447586,1.0
img_8025ffd18b089ef27d299a02,right,Tile_3,outdoor,1772726430845890048,50.503203072,-0.107416,-0.107416,0,-0.0661990013663412,0.09009971456049426,0.02390071319415306,-0.13131671319415306,1.0
img_8090a41117eb65d08a63dfb6,left,Tile_3,indoor,1772726466347998976,86.005312,-0.0183139,-0.0183139,0,-0.0661990013663412,-0.11885443711602084,-0.18505343848236205,0.16673953848236206,0.8996066641738198
img_80940ca2f4c06ff631233746,right,Tile_3,stationary_unresolved,1772726386843112960,6.500425984,-0.0662296,-0.0662296,0,-0.0661990013663412,0.05277745054268207,-0.013421550823659131,-0.052808049176340875,1.0
img_809b1e32b82c29585751f38a,left,Tile_3,indoor,1772726546352840960,166.010153984,0.203183,0.203183,0,-0.0661990013663412,0.1359898014878473,0.06979080012150611,0.13339219987849388,1.0
img_80df250f9970d79b3541dfbf,right,Tile_3,indoor,1772726533352098816,153.00941184,0.0491584,0.0491584,0,-0.0661990013663412,0.13972932807997984,0.07353032671363864,-0.024371926713638657,1.0
img_8123b95a19d4d38c968b46a6,right,Tile_3,outdoor,1772726475348558848,95.005871872,0.0150803,0.0150803,0,-0.0661990013663412,0.05143406002643718,-0.014764941339904018,0.029845241339904016,1.0
img_8176d36ae3b7dfeb51721892,left,Tile_3,outdoor,1772726400343864064,20.001177088,0.00150102,0.00150102,0,-0.0661990013663412,0.052967543320741745,-0.013231458045599456,0.014732478045599464,1.0
img_838c23e27b7d0914a3d56cc1,left,Tile_3,outdoor,1772726495349758976,115.007072,-0.0711681,-0.0711681,0,-0.0661990013663412,0.06463574677916145,-0.0015632545871797493,-0.06960484541282025,1.0
img_8445df47b782669dc1b90367,right,Tile_3,indoor,1772726464847874816,84.50518784,0.198229,0.198229,0,-0.0661990013663412,0.0015182508903297948,-0.0646807504760114,0.2629097504760114,0.5705379877635478
img_8448119d6dd039f747f28fad,right,Tile_3,stationary_unresolved,1772726381342714112,1.000027136,-0.00967306,-0.00967306,0,-0.0661990013663412,0.0969222197339291,0.0307232183675879,-0.0403962783675879,1.0
img_844c2dcd66a9f0b1ea61b610,left,Tile_3,indoor,1772726578354730752,198.012043776,0.0159868,0.0159868,0,-0.0661990013663412,-0.02735372390841131,-0.09355272527475252,0.1095395252747525,1.0
img_84697fc9c6f4c5bed7b7f5e7,left,Tile_3,indoor,1772726547852930048,167.510243072,0.175823,0.175823,0,-0.0661990013663412,0.1736090167469218,0.1074100153805806,0.06841298461941941,1.0
img_84806c3a7a1913d739ff8f11,left,Tile_3,outdoor,1772726430345857792,50.003170816,-0.199408,-0.199408,0,-0.0661990013663412,-0.17329514475278485,-0.23949414611912606,0.04008614611912603,1.0
img_84c4dd47f20c39c3503715c4,left,Tile_3,indoor,1772726553353296128,173.010609152,0.26735,0.26735,0,-0.0661990013663412,0.24038661828557384,0.17418761691923262,0.09316238308076732,1.0
img_84dc5ebb65e295c784cd23a8,left,Tile_3,outdoor,1772726447346840832,67.004153856,-0.251105,-0.251105,0,-0.0661990013663412,-0.12990077284489632,-0.19609977421123753,-0.05500522578876252,1.0
img_8502bdf4dc3ab8de3bafafb0,left,Tile_3,outdoor,1772726440846451968,60.503764992,-0.30486,-0.30486,0,-0.0661990013663412,-0.2164055071475781,-0.28260450851391933,-0.022255491486080692,1.0
img_854fa679dccac7d7e0b62e14,left,Tile_3,outdoor,1772726498850016000,118.507329024,-0.127953,-0.127953,0,-0.0661990013663412,0.05617957278983116,-0.010019428576510038,-0.11793357142348998,1.0
img_85721e8fec7e71b7c7f73a5a,left,Tile_3,outdoor,1772726426345499904,46.002812928,-0.258754,-0.258754,0,-0.0661990013663412,-0.17221271206956207,-0.23841171343590328,-0.0203422865640967,1.0
img_859c9298a97165b8bde29d70,left,Tile_3,outdoor,1772726444846680832,64.503993856,-0.296194,-0.296194,0,-0.0661990013663412,-0.16317196339042767,-0.22937096475676888,-0.06682303524323113,1.0
img_85e78662bf093fa213534df1,right,Tile_3,outdoor,1772726597855890944,217.513203968,-0.308971,-0.308971,0,-0.0661990013663412,-0.1739088058648941,-0.24010780723123532,-0.06886319276876468,1.0
img_864756b6e6d7af01e546481e,right,Tile_3,outdoor,1772726391343368960,11.000681984,-0.0770264,-0.0770264,0,-0.0661990013663412,0.02080778086873637,-0.04539122049760483,-0.031635179502395167,1.0
img_864f94111ef95cfcf74e9828,right,Tile_3,outdoor,1772726421345256960,41.002569984,0.0340523,0.0340523,0,-0.0661990013663412,0.04622082691427588,-0.019978174452065324,0.054030474452065325,1.0
img_86575fe5a65f1c1856691512,right,Tile_3,outdoor,1772726588355316992,208.012630016,-0.00555676,-0.00555676,0,-0.0661990013663412,-0.06438697563819362,-0.13058597700453484,0.12502921700453484,1.0
img_865c420d4a9421a95d80a555,left,Tile_3,outdoor,1772726415344832000,35.002145024,-0.150744,-0.150744,0,-0.0661990013663412,-0.10541986176751186,-0.17161886313385305,0.02087486313385306,1.0
img_873f8a46b4f56524c493f90f,left,Tile_3,outdoor,1772726497349894144,117.007207168,-0.167801,-0.167801,0,-0.0661990013663412,0.05980367562929542,-0.006395325737045779,-0.1614056742629542,0.9293353575390871
img_876be3733d92d1284bc4e71c,left,Tile_3,covered,1772726471848347904,91.505660928,-0.268691,-0.268691,0,-0.0661990013663412,-0.09900041238690384,-0.16519941375324504,-0.10349158624675497,1.0
img_87edfad3f6901cbaccb73eb1,right,Tile_3,outdoor,1772726477848688896,97.50600192,-0.0512112,-0.0512112,0,-0.0661990013663412,0.03250675326921393,-0.03369224809712727,-0.017518951902872726,1.0
img_88226fd046cc5356cc68c8ec,right,Tile_3,outdoor,1772726398843760896,18.50107392,0.0730849,0.0730849,0,-0.0661990013663412,-0.008296390141729514,-0.07449539150807072,0.14758029150807073,1.0
img_88f56dd83ab43bbefa88be99,left,Tile_3,outdoor,1772726499850046976,119.50736,-0.110974,-0.110974,0,-0.0661990013663412,0.05376362565515133,-0.01243537571118987,-0.09853862428881013,1.0
img_8901278318a66954269e0d13,right,Tile_3,outdoor,1772726503350235904,123.007548928,-0.111676,-0.111676,0,-0.0661990013663412,-0.1276634038575598,-0.19386240522390102,0.08218640522390103,1.0
img_8901b6f736c41a065c80f94a,left,Tile_3,outdoor,1772726426845527808,46.502840832,-0.182331,-0.182331,0,-0.0661990013663412,-0.17234614240316748,-0.2385451437695087,0.0562141437695087,1.0
img_8962d14dfb4d12b9b2cf4058,left,Tile_3,indoor,1772726526351647744,146.008960768,-0.116916,-0.116916,0,-0.0661990013663412,0.0014515470539537435,-0.06474745431238746,-0.05216854568761255,1.0
img_89a641da0fa44949a2822d47,right,Tile_3,outdoor,1772726423845319936,43.50263296,-0.0850381,-0.0850381,0,-0.0661990013663412,0.05838976371462256,-0.007809237651718641,-0.07722886234828136,1.0
img_8a5782154627496067ab070d,right,Tile_3,outdoor,1772726415844847872,35.502160896,-0.0739056,-0.0739056,0,-0.0661990013663412,0.0025015136337070976,-0.0636974877326341,-0.010208112267365899,1.0
img_8a836ae7085e580269664f4b,right,Tile_3,outdoor,1772726586355254016,206.01256704,0.138906,0.138906,0,-0.0661990013663412,-0.01579486808240057,-0.08199386944874176,0.22089986944874176,0.6790406910349326
img_8b86a5f7e66ce5098ea7120a,right,Tile_3,covered,1772726491349501952,111.006814976,-0.385028,-0.385028,0,-0.0661990013663412,-0.25491555282086553,-0.32111455418720675,-0.06391344581279323,1.0
img_8c2af5819c98a4c49838403d,right,Tile_3,outdoor,1772726519851233024,139.508546048,0.0298671,0.0298671,0,-0.0661990013663412,0.026761693222793877,-0.039437308143547324,0.06930440814354732,1.0
img_8c80111aab308428694788f4,right,Tile_3,outdoor,1772726401843961088,21.501274112,-0.101208,-0.101208,0,-0.0661990013663412,-0.01875131739090173,-0.08495031875724293,-0.016257681242757074,1.0
img_8cb5b725b7b6ad962fac04a5,right,Tile_3,outdoor,1772726432846006784,52.503319808,0.0421266,0.0421266,0,-0.0661990013663412,0.0904348988363582,0.024235897470017004,0.017890702529982993,1.0
img_8d2055f12af7808e4abb1128,left,Tile_3,indoor,1772726572854402048,192.511715072,0.00654653,0.00654653,0,-0.0661990013663412,0.010756465412184097,-0.0554425359541571,0.0619890659541571,1.0
img_8d2653f0e92eb51552d9d708,right,Tile_3,outdoor,1772726438846304000,58.503617024,-0.0441361,-0.0441361,0,-0.0661990013663412,0.09144044278342581,0.025241441417084606,-0.0693775414170846,1.0
img_8ef82436b387ffb945bf91a5,right,Tile_3,indoor,1772726566854084864,186.511397888,0.204962,0.204962,0,-0.0661990013663412,0.19141442648789228,0.1252154251215511,0.07974657487844891,1.0
img_8efe5cca9c8833e14b9d60ff,left,Tile_3,indoor,1772726462847769856,82.50508288,0.0235934,0.0235934,0,-0.0661990013663412,-0.11386467688815123,-0.18006367825449243,0.20365707825449242,0.7365322201694268
img_8f0e7759dc55f86773c50f2b,right,Tile_3,outdoor,1772726475848583936,95.50589696,-0.0141998,-0.0141998,0,-0.0661990013663412,0.047648605651992054,-0.018550395714349147,0.004350595714349146,1.0
img_90c01a0a342d72f043a54865,right,Tile_3,stationary_unresolved,1772726599856006912,219.513319936,-0.207412,-0.207412,0,-0.0661990013663412,-0.19021121257922072,-0.2564102139455619,0.04899821394556189,1.0
img_90c0463e6650f34ae43bf0a1,right,Tile_3,indoor,1772726564853986048,184.511299072,0.108031,0.108031,0,-0.0661990013663412,0.15580993114323474,0.08961092977689354,0.018420070223106474,1.0
img_90c4c943ac74ab146341b73c,right,Tile_3,indoor,1772726565353952768,185.011265792,0.125398,0.125398,0,-0.0661990013663412,0.16471002278486793,0.09851102141852673,0.026886978581473278,1.0
img_90eea4dd5eaa99d0803f2f7d,right,Tile_3,covered,1772726456847405056,76.50471808,-0.290518,-0.290518,0,-0.0661990013663412,-0.02323998834702103,-0.08943898971336223,-0.20107901028663777,0.7459754242184465
img_91231b770853ee6f31fd441d,right,Tile_3,indoor,1772726558353667072,178.010980096,0.185077,0.185077,0,-0.0661990013663412,0.0001842075709635252,-0.06601479379537767,0.25109179379537766,0.5973910884648008
img_9294bdfdfc421be19feca3a8,right,Tile_3,covered,1772726481848922880,101.506235904,-0.0709595,-0.0709595,0,-0.0661990013663412,-0.028466605400069303,-0.0946656067664105,0.02370610676641051,1.0
img_92dd1fda516c07508a76a56c,right,Tile_3,outdoor,1772726401343922944,21.001235968,0.0748893,0.0748893,0,-0.0661990013663412,-0.017206323629965676,-0.08340532499630687,0.15829462499630687,0.9476000843585157
img_93526b49c3d4ea71e085b123,left,Tile_3,outdoor,1772726425845465856,45.50277888,-0.204391,-0.204391,0,-0.0661990013663412,-0.17207928009645623,-0.23827828146279745,0.0338872814627974,1.0
img_935670a8a1dbf6b894912f46,right,Tile_3,indoor,1772726560353713920,180.011026944,0.0359973,0.0359973,0,-0.0661990013663412,0.07569893025203223,0.009499928885691025,0.026497371114308978,1.0
img_94448b4974045a36f76fb520,right,Tile_3,outdoor,1772726514850932736,134.50824576,-0.212394,-0.212394,0,-0.0661990013663412,-0.018047135333989994,-0.0842461367003312,-0.12814786329966882,1.0
img_9446f6a0c7f008ec3e6bd51c,left,Tile_3,outdoor,1772726412844686080,32.501999104,-0.164075,-0.164075,0,-0.0661990013663412,-0.07280845626633911,-0.1390074576326803,-0.0250675423673197,1.0
img_94927e44b477e8913c19b6ca,right,Tile_3,covered,1772726486349238784,106.006551808,-0.293523,-0.293523,0,-0.0661990013663412,-0.15423006009279625,-0.22042906145913743,-0.07309393854086255,1.0
img_953b301eedea931f01d7519b,left,Tile_3,covered,1772726509850650112,129.507963136,-0.070905,-0.070905,0,-0.0661990013663412,0.1085130380029929,0.0423140366366517,-0.1132190366366517,1.0
img_953e3fa1e628b02d56633790,left,Tile_3,outdoor,1772726413344714752,33.002027776,-0.106882,-0.106882,0,-0.0661990013663412,-0.07933073068814761,-0.14552973205448883,0.03864773205448879,1.0
img_954f086e75547572ac933571,left,Tile_3,outdoor,1772726424845409792,44.502722816,-0.173737,-0.173737,0,-0.0661990013663412,-0.17181241936093286,-0.23801142072727405,0.06427442072727405,1.0
img_9620b0e2d41b237347f467c4,left,Tile_3,outdoor,1772726521851397120,141.508710144,-0.0561572,-0.0561572,0,-0.0661990013663412,0.029954696434007867,-0.036244304932333334,-0.019912895067666664,1.0
img_96ec06089b236e99424a6f3b,left,Tile_3,outdoor,1772726448346905088,68.004218112,-0.138664,-0.138664,0,-0.0661990013663412,-0.11659229321993192,-0.18279129458627313,0.044127294586273125,1.0
img_972156b97cd01036788d2d93,left,Tile_3,outdoor,1772726390343323904,10.000636928,-0.0255462,-0.0255462,0,-0.0661990013663412,0.04445657151706127,-0.02174242984927993,-0.00380377015072007,1.0
img_975693a59615e9b56e83fb87,right,Tile_3,indoor,1772726532852074752,152.509387776,0.0539942,0.0539942,0,-0.0661990013663412,0.15563591396116647,0.08943691259482527,-0.03544271259482525,1.0
img_977b8a805006c0e5b74cbe6d,right,Tile_3,covered,1772726485349135872,105.006448896,-0.236233,-0.236233,0,-0.0661990013663412,-0.12628171158917614,-0.19248071295551733,-0.04375228704448267,1.0
img_979bfd5fa0f6aaab6792aa9a,left,Tile_3,outdoor,1772726515350981120,135.008294144,-0.0514491,-0.0514491,0,-0.0661990013663412,0.07539951398710938,0.009200512620768181,-0.06064961262076818,1.0
img_98bb570ecf462a8b29f1009a,right,Tile_3,outdoor,1772726427345547008,47.002860032,0.0159534,0.0159534,0,-0.0661990013663412,0.07542695135146338,0.009227949985122177,0.0067254500148778255,1.0
img_98f96242d8c202d61ed3e10a,left,Tile_3,covered,1772726457347449088,77.004762112,-0.184838,-0.184838,0,-0.0661990013663412,-0.10422508626001228,-0.17042408762635347,-0.014413912373646531,1.0
img_98fbe7ea8fe6d8ecf2b8b9d7,right,Tile_3,stationary_unresolved,1772726600356036864,220.013349888,-0.258476,-0.258476,0,-0.0661990013663412,-0.19416612098687439,-0.2603651223532156,0.0018891223532155887,1.0
img_998fac7e5f651da4c2cd8d17,right,Tile_3,stationary_unresolved,1772726385843104768,5.500417792,0.0240616,0.0240616,0,-0.0661990013663412,0.06080325595154762,-0.005395745414793582,0.02945734541479358,1.0
img_99cab519f1ef124e4b6289fd,right,Tile_3,outdoor,1772726522351382016,142.00869504,-0.0962769,-0.0962769,0,-0.0661990013663412,0.07220294826144685,0.006003946895105652,-0.10228084689510565,1.0
img_99d41f95d5644a7003fc4ed6,left,Tile_3,indoor,1772726540852517888,160.509830912,-0.0730527,-0.0730527,0,-0.0661990013663412,-0.0019472312492516426,-0.06814623261559284,-0.004906467384407157,1.0
img_9b00be96662f65f6e44b8ae9,right,Tile_3,outdoor,1772726521851394816,141.50870784,-0.100858,-0.100858,0,-0.0661990013663412,0.06198831314055819,-0.0042106882257830075,-0.096647311774217,1.0
img_9b4b225cdf274d4a95011c0b,left,Tile_3,outdoor,1772726519351252992,139.008566016,-0.0815616,-0.0815616,0,-0.0661990013663412,0.04663854932862986,-0.01956045203771134,-0.06200114796228866,1.0
img_9b81a0f6a1bf887a91ae2d98,left,Tile_3,covered,1772726456847420928,76.504733952,-0.0069199,-0.0069199,0,-0.0661990013663412,-0.10321201057583973,-0.16941101194218094,0.16249111194218094,0.9231274142143501
img_9b8b69704375b186076619ee,right,Tile_3,outdoor,1772726499850030848,119.507343872,-0.204608,-0.204608,0,-0.0661990013663412,-0.1627746331237661,-0.22897363449010733,0.024365634490107313,1.0
img_9c233d6fe5c0b3c4bb7581ba,left,Tile_3,indoor,1772726525351582976,145.008896,-0.237566,-0.237566,0,-0.0661990013663412,0.007785637719930355,-0.058413363646410844,-0.17915263635358916,0.83727486825228
img_9c271c30d50fb06f24be9e36,right,Tile_3,indoor,1772726528351819008,148.009132032,0.221207,0.221207,0,-0.0661990013663412,0.19479063538456368,0.1285916340182225,0.0926153659817775,1.0
img_9cc72b24cfc01e68bb74537b,right,Tile_3,outdoor,1772726413844727040,33.502040064,-0.112692,-0.112692,0,-0.0661990013663412,-0.014769757089694996,-0.0809687584560362,-0.03172324154396379,1.0
img_9d11a004e9202f7dd1430bdc,left,Tile_3,outdoor,1772726422345299968,42.002612992,-0.143356,-0.143356,0,-0.0661990013663412,-0.17114527561715792,-0.23734427698349914,0.0939882769834991,1.0
img_9d2169dd4ead7e93fd64a667,left,Tile_3,indoor,1772726527351708928,147.009021952,-0.199905,-0.199905,0,-0.0661990013663412,-0.0048825209121119584,-0.07108152227845316,-0.12882347772154684,1.0
img_9d2679f27d8a3a53f9ffea05,left,Tile_3,outdoor,1772726413844742912,33.502055936,-0.0770817,-0.0770817,0,-0.0661990013663412,-0.08585299843153003,-0.15205199979787123,0.07497029979787123,1.0
img_9dc91b94d046c1df9d217aee,left,Tile_3,outdoor,1772726408344398848,28.001711872,0.0682314,0.0682314,0,-0.0661990013663412,-0.021558547274953592,-0.08775754864129479,0.15598894864129478,0.9616065837133968
img_9ebdbf472ddeb6c9d82994c8,left,Tile_3,outdoor,1772726517851133952,137.508446976,-0.158994,-0.158994,0,-0.0661990013663412,0.0574240339340504,-0.008774967432290802,-0.1502190325677092,0.9985419120069857
img_9ee9430204cbc4d2cbd30ed3,right,Tile_3,indoor,1772726462347724032,82.005037056,0.0474345,0.0474345,0,-0.0661990013663412,-0.038436801492852724,-0.10463580285919392,0.15207030285919393,0.9863858832377622
img_9eeaefa15ae4a16e7247811e,right,Tile_3,indoor,1772726530351940864,150.009253888,0.140512,0.140512,0,-0.0661990013663412,0.23516927498744336,0.16897027362110217,-0.028458273621102148,1.0
img_9f8e6e6735bab2261cf49998,right,Tile_3,outdoor,1772726399343814912,19.001127936,-0.0657928,-0.0657928,0,-0.0661990013663412,-0.01023677642024922,-0.07643577778659041,0.010642977786590416,1.0
img_9fc13fc6b2a89839552d140b,right,Tile_3,outdoor,1772726520351264000,140.008577024,0.0601853,0.0601853,0,-0.0661990013663412,0.031340950729998485,-0.034858050636342716,0.09504335063634271,1.0
img_9fe8d294f8291e2e63f2ff7a,right,Tile_3,indoor,1772726557353544960,177.010857984,0.256938,0.256938,0,-0.0661990013663412,-0.037687522683636426,-0.10388652404997763,0.3608245240499776,0.41571453712836764
img_9ffea0abbf2eabd75d38e11e,left,Tile_3,indoor,1772726526851676928,146.508989952,-0.113217,-0.113217,0,-0.0661990013663412,-0.0017154780112569774,-0.06791447937759817,-0.04530252062240182,1.0
img_9fff771b01cbbb84aede4919,left,Tile_3,outdoor,1772726399843821056,19.50113408,-0.0217107,-0.0217107,0,-0.0661990013663412,0.05255335060786888,-0.013645650758472322,-0.008065049241527678,1.0
img_a022d4ac11daef96817ffead,right,Tile_3,outdoor,1772726514350947840,134.008260864,-0.202109,-0.202109,0,-0.0661990013663412,-0.022527613744378897,-0.0887266151107201,-0.11338238488927992,1.0
img_a02ab4c174e113a279d4bed5,left,Tile_3,outdoor,1772726441346475776,61.0037888,-0.306133,-0.306133,0,-0.0661990013663412,-0.2097513780545321,-0.2759503794208733,-0.030182620579126684,1.0
img_a14105de462c87fe3f894b4d,right,Tile_3,outdoor,1772726410344506880,30.001819904,0.0232505,0.0232505,0,-0.0661990013663412,-0.0449945560156779,-0.11119355738201911,0.13444405738201912,1.0
img_a173ce5b858d0e4cc6535939,left,Tile_3,outdoor,1772726428845679872,48.502992896,-0.167754,-0.167754,0,-0.0661990013663412,-0.1728798745309671,-0.2390788758973083,0.07132487589730827,1.0
img_a1e9717ee3998764de9f7ae7,right,Tile_3,outdoor,1772726455847347968,75.504660992,-0.300628,-0.300628,0,-0.0661990013663412,-0.009724019487509318,-0.07592302085385053,-0.22470497914614948,0.6675419502050245
img_a1f74d52ddf18a7b95f8fb82,right,Tile_3,outdoor,1772726443346631936,63.00394496,-0.07338,-0.07338,0,-0.0661990013663412,0.08357495634185302,0.017375954975511823,-0.09075595497551184,1.0
img_a2dfad8a426ffd116653cba3,right,Tile_3,indoor,1772726562853868032,182.511181056,0.0601815,0.0601815,0,-0.0661990013663412,0.12020509401230839,0.05400609264596719,0.006175407354032818,1.0
img_a2e7e9dbb51942d5d12a742f,left,Tile_3,indoor,1772726536352329984,156.009643008,-0.693147,-0.770348,1,-0.0661990013663412,-0.01836145768065567,-0.08456045904699687,-0.6085865409530031,0.24647275269201763
img_a2ef0a0058461539f6d32279,right,Tile_3,outdoor,1772726417844980992,37.502294016,0.0140772,0.0140772,0,-0.0661990013663412,0.019772890465385835,-0.046426110900955365,0.06050331090095537,1.0
img_a32938d8e900c340762569b1,left,Tile_3,outdoor,1772726394343606016,14.00091904,-0.0281638,-0.0281638,0,-0.0661990013663412,0.047865803691290676,-0.018333197675050525,-0.009830602324949474,1.0
img_a34bf12eed338786d18daa62,left,Tile_3,indoor,1772726524351521024,144.008834048,-0.154527,-0.154527,0,-0.0661990013663412,0.014119710550262477,-0.052079290816078726,-0.10244770918392127,1.0
img_a415e25dd2ef27ecc5a4e82a,right,Tile_3,indoor,1772726465347912960,85.005225984,0.224713,0.224713,0,-0.0661990013663412,0.009509389010865454,-0.056689612355475746,0.28140261235547576,0.5330440920374817
img_a43232d113b6f9e20c343e11,left,Tile_3,outdoor,1772726503850278912,123.507591936,0.0413742,0.0413742,0,-0.0661990013663412,0.07321019069127671,0.00701118932493551,0.03436301067506449,1.0
img_a49f9bef3e593948cf72d9a1,left,Tile_3,outdoor,1772726422845305856,42.50261888,-0.224527,-0.224527,0,-0.0661990013663412,-0.17127870007588675,-0.23747770144222796,0.012950701442227958,1.0
img_a4bc513964ab0170b07c28bc,right,Tile_3,outdoor,1772726412844669952,32.501982976,-0.0890093,-0.0890093,0,-0.0661990013663412,-0.023405363713737755,-0.08960436508007896,0.0005950650800789631,1.0
img_a4d051fe3a11af8a0bd89a37,right,Tile_3,outdoor,1772726452847165952,72.504478976,-0.0159674,-0.0159674,0,-0.0661990013663412,0.030824032406426626,-0.03537496895991457,0.01940756895991457,1.0
img_a4d25ce454cd8f58122e6006,left,Tile_3,outdoor,1772726439346355968,59.003668992,-0.200725,-0.200725,0,-0.0661990013663412,-0.21814469733226868,-0.28434369869860987,0.08361869869860988,1.0
img_a55455197d4f2ef471861034,right,Tile_3,indoor,1772726526351633152,146.008946176,0.0433421,0.0433421,0,-0.0661990013663412,0.15392725189594125,0.08772825052960005,-0.04438615052960004,1.0
img_a582079f26f392696e22c9e8,left,Tile_3,indoor,1772726564353956864,184.011269888,0.252149,0.252149,0,-0.0661990013663412,0.16128993286411908,0.09509093149777788,0.15705806850222215,0.9550607710286321
img_a5821da77bd01917280213c1,left,Tile_3,outdoor,1772726401843976960,21.501289984,0.0590848,0.0590848,0,-0.0661990013663412,0.038993783739738844,-0.027205217626602357,0.08629001762660235,1.0
img_a644c06abc0af04ee00daff9,left,Tile_3,outdoor,1772726430845891840,50.503204864,-0.312666,-0.312666,0,-0.0661990013663412,-0.17578681831226714,-0.24198581967860833,-0.07068018032139167,1.0
img_a6864217916e2f53d62d8977,right,Tile_3,outdoor,1772726497349878016,117.00719104,-0.264803,-0.264803,0,-0.0661990013663412,-0.18987487407844247,-0.25607387544478366,-0.00872912455521635,1.0
img_a6a68e03d00b4ed4df22aa71,left,Tile_3,stationary_unresolved,1772726384342942976,4.000256,-0.0108817,-0.0108817,0,-0.0661990013663412,0.06222139080409023,-0.0039776105622509675,-0.006904089437749032,1.0
img_a6e40bded3c9f2217bdca885,left,Tile_3,indoor,1772726544352721920,164.010034944,0.117762,0.117762,0,-0.0661990013663412,0.08583084138911662,0.019631840022775418,0.09813015997722459,1.0
img_a7fc5741e568a245c780da9f,left,Tile_3,indoor,1772726581854936832,201.512249856,0.062446,0.062446,0,-0.0661990013663412,-0.03346046394421073,-0.09965946531055193,0.16210546531055195,0.9253235214040376
img_a82e5ed8936520040da5595f,right,Tile_3,covered,1772726459847555840,79.504868864,-0.144556,-0.144556,0,-0.0661990013663412,-0.06378761813431479,-0.129986619500656,-0.014569380499344003,1.0
img_a845da47748e8a6ca297bb3a,right,Tile_3,outdoor,1772726390843336960,10.500649984,-0.0797359,-0.0797359,0,-0.0661990013663412,0.022748081717396614,-0.04345091964894458,-0.036284980351055415,1.0
img_a8804fb8fac29a211615de16,left,Tile_3,covered,1772726458847533824,78.504846848,-0.0852081,-0.0852081,0,-0.0661990013663412,-0.10726431383119542,-0.1734633151975366,0.08825521519753661,1.0
img_a90635e58244461b86267963,left,Tile_3,indoor,1772726536852362752,156.509675776,-0.648633,-0.648633,0,-0.0661990013663412,-0.01790674510010202,-0.08410574646644323,-0.5645272535335568,0.26570904958281816
img_a9080d3bc1d37c269cf33d87,left,Tile_3,stationary_unresolved,1772726386843129856,6.50044288,0.0863722,0.0863722,0,-0.0661990013663412,0.054818287395031966,-0.011380713971309235,0.09775291397130922,1.0
img_a910ffa64c6d26f6ee830d8c,right,Tile_3,indoor,1772726527351692800,147.009005824,0.052387,0.052387,0,-0.0661990013663412,0.17435826373673347,0.10815926237039226,-0.05577226237039226,1.0
img_a9801515c4acedf4f042d6ee,right,Tile_3,outdoor,1772726392843508992,12.500822016,-0.163182,-0.163182,0,-0.0661990013663412,0.014986707463036706,-0.05121229390330449,-0.1119697060966955,1.0
img_a994d67bd8f7baf8bc80fc12,left,Tile_3,outdoor,1772726495849790976,115.507104,0.000964094,0.000964094,0,-0.0661990013663412,0.0634277333209381,-0.0027712680454031052,0.0037353620454031087,1.0
img_a9e7f0e0c40e93878609f3f3,left,Tile_3,indoor,1772726532352043776,152.0093568,0.199656,0.199656,0,-0.0661990013663412,-0.021999180208057953,-0.08819818157439915,0.2878541815743991,0.5210971721153573
img_aabac34ed43c0f022c9ce39e,left,Tile_3,indoor,1772726524851557120,144.508870144,-0.277496,-0.277496,0,-0.0661990013663412,0.01095264170665249,-0.05524635965968871,-0.2222496403403113,0.6749167277405633
img_aad3e392c49e55bff2867b51,left,Tile_3,outdoor,1772726435346091008,55.003404032,-0.0873279,-0.0873279,0,-0.0661990013663412,-0.19821134585025993,-0.2644103472166011,0.1770824472166011,0.8470630621934268
img_abcaa5cd6df859ada3b95e63,right,Tile_3,indoor,1772726569854267904,189.511580928,0.179473,0.179473,0,-0.0661990013663412,0.24482178927731163,0.17862278791097042,0.0008502120890295783,1.0
img_ace39114ea6e3dc2c06be34b,left,Tile_3,outdoor,1772726597355872000,217.013185024,-0.104507,-0.104507,0,-0.0661990013663412,0.06052315040877075,-0.00567585095757045,-0.09883114904242955,1.0
img_ad64d81e52a8a7bcc90a5256,left,Tile_3,indoor,1772726559353672960,179.010985984,0.301396,0.301396,0,-0.0661990013663412,0.2490355945735792,0.182836593207238,0.118559406792762,1.0
img_ae76977466c8fa930454864c,right,Tile_3,outdoor,1772726434346002944,54.003315968,-0.0287864,-0.0287864,0,-0.0661990013663412,0.09068627172756943,0.024487270361228233,-0.05327367036122824,1.0
img_ae7fcdb96cefc23a2e9b1cb8,left,Tile_3,indoor,1772726555353378048,175.010691072,0.147058,0.147058,0,-0.0661990013663412,0.2432695474056075,0.1770705460392663,-0.030012546039266313,1.0
img_ae847fd97d3627e78b825c01,left,Tile_3,indoor,1772726547352930048,167.010243072,0.184492,0.184492,0,-0.0661990013663412,0.1610700230431442,0.09487102167680299,0.08962097832319699,1.0
img_aedaf82ed3842144ec0c3951,right,Tile_3,outdoor,1772726476848721920,96.506034944,0.0127803,0.0127803,0,-0.0661990013663412,0.04007703215010074,-0.026121969216240458,0.03890226921624046,1.0
img_af0c1eda2c65e76e902ac346,left,Tile_3,outdoor,1772726515851009792,135.508322816,-0.0318429,-0.0318429,0,-0.0661990013663412,0.07180443159676458,0.005605430230423383,-0.03744833023042339,1.0
img_af0c87414478c62a4258fbee,right,Tile_3,indoor,1772726541852632064,161.509945088,0.27677,0.27677,0,-0.0661990013663412,-0.11594940710948509,-0.1821484084758263,0.4589184084758263,0.3268554872274235
img_af58ddf11594de171687a482,left,Tile_3,indoor,1772726560853705984,180.511019008,0.189738,0.189738,0,-0.0661990013663412,0.23910112280991486,0.17290212144357364,0.016835878556426348,1.0
img_af7bad065c75951e1c1e1c4f,right,Tile_3,outdoor,1772726450347016960,70.004329984,-0.0248387,-0.0248387,0,-0.0661990013663412,0.06461403932252308,-0.001584962043818125,-0.023253737956181877,1.0
img_afa4fada790a296589f9fe98,left,Tile_3,indoor,1772726542352634880,162.009947904,-0.107068,-0.107068,0,-0.0661990013663412,0.035672683785982554,-0.030526317580358647,-0.07654168241964135,1.0
img_afaf7f3f1d8bcc555be40c0f,left,Tile_3,indoor,1772726552853229056,172.51054208,0.313626,0.313626,0,-0.0661990013663412,0.2396658188475994,0.1734668174812582,0.14015918251874182,1.0
img_afbad3a10e48842de673fe08,right,Tile_3,covered,1772726486849220096,106.50653312,-0.301411,-0.301411,0,-0.0661990013663412,-0.16820227413737732,-0.23440127550371853,-0.06700972449628145,1.0
img_affda59b9b625a3dde9beb85,right,Tile_3,outdoor,1772726424845394944,44.502707968,-0.0625098,-0.0625098,0,-0.0661990013663412,0.06325758091954334,-0.0029414204467978627,-0.05956837955320214,1.0
img_b03cab9432767781d37d0c40,right,Tile_3,outdoor,1772726518351147776,138.0084608,-0.251161,-0.251161,0,-0.0661990013663412,0.013319088013761944,-0.05287991335257926,-0.19828108664742078,0.7565018052716587
img_b051feaa1d7f5d42e0047343,right,Tile_3,outdoor,1772726590355437056,210.01275008,-0.211199,-0.211199,0,-0.0661990013663412,-0.11277462575707915,-0.17897362712342035,-0.032225372876579644,1.0
img_b0dff84e59a8923bb4475ce6,right,Tile_3,indoor,1772726544852802048,164.510115072,-0.0899128,-0.0899128,0,-0.0661990013663412,-0.18210785824317585,-0.24830685960951704,0.15839405960951708,0.9470052119996757
img_b11bf686109a135a518900ea,left,Tile_3,outdoor,1772726500350077952,120.007390976,0.0187415,0.0187415,0,-0.0661990013663412,0.05261695471760855,-0.013582046648732651,0.03232354664873266,1.0
img_b1522372fee2db4f57295874,left,Tile_3,outdoor,1772726436846227968,56.503540992,-0.282761,-0.282761,0,-0.0661990013663412,-0.20568654001710632,-0.2718855413834475,-0.01087545861655248,1.0
img_b163f81048a3ba50a89567c5,left,Tile_3,covered,1772726488849356800,108.506669824,-0.112568,-0.112568,0,-0.0661990013663412,0.07201368308688953,0.0058146817205483314,-0.11838268172054833,1.0
img_b18850b17273389e3aefd9cd,right,Tile_3,covered,1772726510350720000,130.008033024,-0.152984,-0.152984,0,-0.0661990013663412,-0.058374565556612176,-0.12457356692295338,-0.028410433077046632,1.0
img_b1c500990871617a4fbe2492,right,Tile_3,indoor,1772726553853325824,173.510638848,-0.693147,-0.711373,1,-0.0661990013663412,-0.17023069252266262,-0.2364296938890038,-0.45671730611099615,0.328430733832419
img_b2093a79c6bb26d7f93e593e,left,Tile_3,covered,1772726489849453824,109.506766848,-0.123524,-0.123524,0,-0.0661990013663412,0.07517371301788384,0.008974711651542636,-0.13249871165154264,1.0
img_b217e9690565a9a90ac89dcd,left,Tile_3,indoor,1772726541352546048,161.009859072,-0.135735,-0.135735,0,-0.0661990013663412,0.010592468650650977,-0.05560653271569022,-0.08012846728430977,1.0
img_b251ac174beee6a14aba41c5,left,Tile_3,indoor,1772726530851922944,150.509235968,0.134703,0.134703,0,-0.0661990013663412,-0.023363338435906402,-0.0895623398022476,0.2242653398022476,0.6688505684037792
img_b2ca7d398dbb3a51d6b172e1,left,Tile_3,outdoor,1772726391343385088,11.000698112,-0.0577601,-0.0577601,0,-0.0661990013663412,0.045308871597213904,-0.020890129769127297,-0.036869970230872705,1.0
img_b315a63daceac938b89018f5,left,Tile_3,stationary_unresolved,1772726383342854144,3.000167168,0.080108,0.080108,0,-0.0661990013663412,0.06518267385887544,-0.0010163275074657613,0.08112432750746576,1.0
img_b32a46a681c9c410d35408e6,left,Tile_3,indoor,1772726579354814976,199.012128,-0.0184209,-0.0184209,0,-0.0661990013663412,-0.03428301871318594,-0.10048202007952714,0.08206112007952714,1.0
img_b38496117cb29adcbf2b8c36,left,Tile_3,indoor,1772726530351944960,150.009257984,0.091632,0.091632,0,-0.0661990013663412,-0.02381800119777697,-0.09001700256411817,0.18164900256411817,0.8257683658188723
img_b4812019b4dfa216489f95df,right,Tile_3,outdoor,1772726425845450752,45.502763776,0.0675718,0.0675718,0,-0.0661990013663412,0.06812530466938367,0.0019263033030424703,0.06564549669695753,1.0
img_b49a7a00f760704e50863571,right,Tile_3,indoor,1772726598355917056,218.01323008,-0.196486,-0.196486,0,-0.0661990013663412,-0.17798438406937123,-0.24418338543571244,0.04769738543571242,1.0
img_b5ca4a382aa3fedf86678fdd,right,Tile_3,covered,1772726488849341952,108.506654976,-0.215302,-0.215302,0,-0.0661990013663412,-0.22409662461917593,-0.2902956259855171,0.07499362598551712,1.0
img_b60e7cefcb6bc5ac435ea8ab,left,Tile_3,indoor,1772726537352367872,157.009680896,-0.693147,-0.696593,1,-0.0661990013663412,-0.017452057661687486,-0.08365105902802869,-0.6094959409719712,0.24610500237424554
img_b66bfddd418c61e670dc3a5c,right,Tile_3,outdoor,1772726431845913856,51.50322688,-0.0370222,-0.0370222,0,-0.0661990013663412,0.09026730090678,0.024068299540438792,-0.0610904995404388,1.0
img_b6beedc52cef4f2ac0a45e14,right,Tile_3,covered,1772726458847518976,78.504832,-0.138746,-0.138746,0,-0.0661990013663412,-0.0502719226061534,-0.1164709239724946,-0.022275076027505405,1.0
img_b6f60c640d307fe68e410087,left,Tile_3,outdoor,1772726502350198016,122.00751104,0.0329532,0.0329532,0,-0.0661990013663412,0.06438454889986381,-0.0018144524664773926,0.0347676524664774,1.0
img_b709d4e3277d2f8c8b7f9745,right,Tile_3,covered,1772726460347631872,80.004944896,-0.0182166,-0.0182166,0,-0.0661990013663412,-0.07040038846345106,-0.13659938982979225,0.11838278982979225,1.0
img_b7f55877796392d83c722aba,right,Tile_3,outdoor,1772726420845197056,40.50251008,-0.0870196,-0.0870196,0,-0.0661990013663412,0.0437868092808883,-0.0224121920854529,-0.06460740791454711,1.0
img_b831b33deb3ad98c70a7934d,left,Tile_3,indoor,1772726543852691968,163.510004992,0.203166,0.203166,0,-0.0661990013663412,0.07329109654946042,0.007092095183119221,0.1960739048168808,0.765017660764646
img_b94d750c916e200cf37c2ad4,right,Tile_3,indoor,1772726529351817728,149.009130752,0.295875,0.295875,0,-0.0661990013663412,0.2152204024789128,0.14902140111257162,0.1468535988874284,1.0
img_b9f940b901e71cda50ef8ab3,right,Tile_3,indoor,1772726459347586816,79.00489984,-0.182802,-0.182802,0,-0.0661990013663412,-0.0570304381291024,-0.1232294394954436,-0.05957256050455639,1.0
img_ba1f9bf2a46929e6fb4e8ac2,left,Tile_3,indoor,1772726580854876928,200.512189952,0.0138705,0.0138705,0,-0.0661990013663412,-0.03853085219231857,-0.10472985355865977,0.11860035355865976,1.0
img_ba2f05a90b6e766693a2bd0d,right,Tile_3,outdoor,1772726479348774912,99.006087936,-0.141061,-0.141061,0,-0.0661990013663412,0.021150308747551624,-0.045048692618789576,-0.09601230738121042,1.0
img_ba6950cf6a646f152c71b8b6,right,Tile_3,outdoor,1772726594855705856,214.51301888,-0.2808,-0.2808,0,-0.0661990013663412,-0.14945510502686649,-0.2156541063932077,-0.0651458936067923,1.0
img_bb2a68f657118be7ff0b05ea,left,Tile_3,indoor,1772726576354608896,196.01192192,-0.0819548,-0.0819548,0,-0.0661990013663412,-0.013495457121375828,-0.07969445848771703,-0.002260341512282965,1.0
img_bb7edb68adad44f80e71b2f8,right,Tile_3,covered,1772726505350347008,125.007660032,-0.204816,-0.204816,0,-0.0661990013663412,-0.10786471039026566,-0.17406371175660684,-0.030752288243393155,1.0
img_bc2bea11a1cb64d9ca5716c4,right,Tile_3,indoor,1772726524351503872,144.008816896,-0.693147,-0.754041,1,-0.0661990013663412,0.11306502424330198,0.046866022876960775,-0.7400130228769607,0.2026991355055382
img_bc2f93ba4d934d3232b673e3,left,Tile_3,outdoor,1772726504350326016,124.00763904,-0.111463,-0.111463,0,-0.0661990013663412,0.0761521897731298,0.009953188406788605,-0.12141618840678861,1.0
img_bca1f40e65c0073ea5c3b207,right,Tile_3,outdoor,1772726403844158976,23.501472,-0.182022,-0.182022,0,-0.0661990013663412,-0.024931432437479986,-0.09113043380382119,-0.09089156619617882,1.0
img_bcc1fa7629c0cbff22cd2e32,right,Tile_3,indoor,1772726570854327808,190.511640832,0.24777,0.24777,0,-0.0661990013663412,0.2472111555725339,0.1810121542061927,0.06675784579380728,1.0
img_bd0554e5df5436ff7dc3ffa3,right,Tile_3,outdoor,1772726592855634944,212.512947968,-0.275422,-0.275422,0,-0.0661990013663412,-0.13315306555186432,-0.1993520669182055,-0.0760699330817945,1.0
img_bde382b774c98e42606ebea1,left,Tile_3,indoor,1772726556353438976,176.010752,0.12323,0.12323,0,-0.0661990013663412,0.24471104074760977,0.17851203938126858,-0.05528203938126858,1.0
img_bdfcb387bd32e009a83ba8d8,left,Tile_3,outdoor,1772726584855149056,204.51246208,-0.23583,-0.23583,0,-0.0661990013663412,-0.018249134361299598,-0.0844481357276408,-0.15138186427235922,0.9908716656450138
img_be28532475a779685710f991,right,Tile_3,outdoor,1772726439846374144,59.503687168,0.00953136,0.00953136,0,-0.0661990013663412,0.09160803689480759,0.025409035528466392,-0.0158776755284664,1.0
img_be3df20bb870c84751cfa689,left,Tile_3,indoor,1772726457847501056,77.50481408,-0.057678,-0.057678,0,-0.0661990013663412,-0.10523821018007998,-0.17143721154642116,0.11375921154642116,1.0
img_be7fbc047b987740dd2c4760,left,Tile_3,indoor,1772726551853168896,171.51048192,0.217166,0.217166,0,-0.0661990013663412,0.23822432661259657,0.17202532524625536,0.045140674753744614,1.0
img_bfbb16cab9351336cbae5c22,right,Tile_3,indoor,1772726559353668864,179.010981888,0.103986,0.103986,0,-0.0661990013663412,0.03805138165534201,-0.02814761971099919,0.13213361971099918,1.0
img_bffdcc7ee41289ae3a61b39a,left,Tile_3,outdoor,1772726397343757824,17.001070848,0.0551725,0.0551725,0,-0.0661990013663412,0.0504226768779901,-0.015776324488351104,0.0709488244883511,1.0
img_c00a2dd81dbcbe2ba6d1a126,right,Tile_3,outdoor,1772726448846920960,68.504233984,-0.0677312,-0.0677312,0,-0.0661990013663412,0.06871391779603768,0.0025149164296964788,-0.07024611642969648,1.0
img_c04b37a9ccae6e3f6a62ef81,left,Tile_3,indoor,1772726542852632064,162.509945088,-0.0528578,-0.0528578,0,-0.0661990013663412,0.04821160687014711,-0.01798739449619409,-0.034870405503805914,1.0
img_c065ef0536968532c5e2bc02,right,Tile_3,outdoor,1772726594355675904,214.012988928,-0.274027,-0.274027,0,-0.0661990013663412,-0.1453794955235833,-0.21157849688992453,-0.06244850311007549,1.0
img_c0e1cf412031577bfe06ae4a,right,Tile_3,covered,1772726471848332032,91.505645056,-0.135958,-0.135958,0,-0.0661990013663412,0.07793262825863301,0.011733626892291807,-0.14769162689229182,1.0
img_c1d98062a4244b5006970c32,right,Tile_3,outdoor,1772726517851119104,137.508432128,-0.3664,-0.3664,0,-0.0661990013663412,0.008838217316677237,-0.057360784049663965,-0.309039215950336,0.48537529303111376
img_c31546b9726699e2c2a82906,left,Tile_3,stationary_unresolved,1772726385343041024,5.000354048,-0.0355842,-0.0355842,0,-0.0661990013663412,0.059260080460544505,-0.006938920905796696,-0.028645279094203308,1.0
img_c326b2f0fdca6a85fe5d45f5,left,Tile_3,stationary_unresolved,1772726388343225856,8.00053888,0.0027772,0.0027772,0,-0.0661990013663412,0.05037647310492791,-0.01582252826141329,0.01859972826141329,1.0
img_c3ccda95371ed93a9732b302,left,Tile_3,indoor,1772726556853466880,176.510779904,0.278316,0.278316,0,-0.0661990013663412,0.2454317837286128,0.17923278236227158,0.09908321763772843,1.0
img_c49faa1d11365b47610f1cef,left,Tile_3,indoor,1772726543352663040,163.009976064,0.172045,0.172045,0,-0.0661990013663412,0.06075137738966276,-0.005447623976678438,0.17749262397667845,0.8451055409474885
img_c4fce4edb71733e79d9ea3ae,left,Tile_3,covered,1772726491849551872,111.506864896,-0.0944027,-0.0944027,0,-0.0661990013663412,0.07309180016814643,0.006892798801805225,-0.10129549880180523,1.0
img_c54fcbe99fb2556e3eee453b,right,Tile_3,outdoor,1772726445346695936,65.00400896,-0.0453532,-0.0453532,0,-0.0661990013663412,0.07817105337086298,0.011972052004521783,-0.057325252004521786,1.0
img_c6c64c84f33e7ba57d01e36f,right,Tile_3,outdoor,1772726396843715840,16.501028864,-0.114351,-0.114351,0,-0.0661990013663412,-0.0005355085991171713,-0.06673450996545838,-0.04761649003454162,1.0
img_c6d4a7e7e0a2a005cecdad2f,right,Tile_3,covered,1772726507850499840,127.507812864,-0.671402,-0.671402,0,-0.0661990013663412,-0.08311620544813454,-0.14931520681447574,-0.5220867931855243,0.28730855091118396
img_c722df52e100f0a4d6d722c4,left,Tile_3,indoor,1772726557853576960,177.510889984,0.198959,0.198959,0,-0.0661990013663412,0.24687334791857915,0.18067434655223796,0.018284653447762034,1.0
img_c77512e4e0ce2d4fa776ea2d,right,Tile_3,outdoor,1772726397343741952,17.001054976,-0.0956996,-0.0956996,0,-0.0661990013663412,-0.0024757866002568674,-0.06867478796659807,-0.02702481203340193,1.0
img_c7ece5aea1a2713fff288e22,right,Tile_3,indoor,1772726546352824064,166.010137088,-0.265009,-0.265009,0,-0.0661990013663412,-0.2151856950905016,-0.2813846964568428,0.01637569645684278,1.0
img_c8bbc2a08c7cc7dc37c199cd,right,Tile_3,covered,1772726484849107968,104.506420992,-0.307959,-0.307959,0,-0.0661990013663412,-0.11230819550913614,-0.17850719687547734,-0.12945180312452267,1.0
img_c945937fd972cd35ccc3f927,right,Tile_3,outdoor,1772726589355375104,209.012688128,-0.221611,-0.221611,0,-0.0661990013663412,-0.08868367625385917,-0.15488267762020036,-0.06672832237979964,1.0
img_c97b935806f8446352f5c059,right,Tile_3,outdoor,1772726585355197952,205.012510976,-0.069625,-0.069625,0,-0.0661990013663412,0.00850178277651377,-0.05769721858982743,-0.011927781410172575,1.0
img_c9d1fab35661b2bd69281bfa,right,Tile_3,indoor,1772726551353185024,171.010498048,-0.458432,-0.458432,0,-0.0661990013663412,-0.2649037897775323,-0.33110279114387353,-0.12732920885612647,1.0
img_ca6a4f96a142bed62ed01bae,right,Tile_3,indoor,1772726559853711872,179.511024896,0.079183,0.079183,0,-0.0661990013663412,0.05698656335710945,-0.00921243800923175,0.08839543800923176,1.0
img_cbaa2ed931cc075f3b1eb8f6,right,Tile_3,stationary_unresolved,1772726600856066816,220.51337984,-0.150564,-0.150564,0,-0.0661990013663412,-0.19372078147141222,-0.2599197828377534,0.1093557828377534,1.0
img_cc38ed44cf7d949c28bae20e,right,Tile_3,indoor,1772726571354300928,191.011613952,0.227872,0.227872,0,-0.0661990013663412,0.2410497801961171,0.1748507788297759,0.053021221170224064,1.0
img_cc49a20a9f67e4bfb75ac5cd,right,Tile_3,outdoor,1772726407344320000,27.001633024,0.115396,0.115396,0,-0.0661990013663412,-0.03574606129977643,-0.10194506266611764,0.21734106266611763,0.6901595039609799
img_cc7973236912a72f232cc17b,left,Tile_3,outdoor,1772726453347235072,73.004548096,-0.0160071,-0.0160071,0,-0.0661990013663412,-0.09612050360791571,-0.1623195049742569,0.1463124049742569,1.0
img_cc8461f788875306eb810405,left,Tile_3,indoor,1772726532852078080,152.509391104,0.0191792,0.0191792,0,-0.0661990013663412,-0.02154446623071878,-0.08774346759705998,0.10692266759705998,1.0
img_cd4571ad8de26172a08ecd80,right,Tile_3,indoor,1772726388843239936,8.50055296,0.0322214,0.0322214,0,-0.0661990013663412,0.03672495214235027,-0.029474049223990932,0.06169544922399093,1.0
img_cd82e547ec1029199a8abeed,right,Tile_3,indoor,1772726554853381888,174.510694912,-0.306952,-0.306952,0,-0.0661990013663412,-0.13236146331469584,-0.19856046468103705,-0.108391535318963,1.0
img_cde176116532a2d3ea90b8fd,left,Tile_3,indoor,1772726548352958976,168.010272,0.19673,0.19673,0,-0.0661990013663412,0.18614873590671854,0.11994973454037734,0.07678026545962263,1.0
img_ce4c8b78f0d154af4ad15c0f,left,Tile_3,outdoor,1772726392343450112,12.000763136,-0.0114222,-0.0114222,0,-0.0661990013663412,0.046161174949998614,-0.020037826416342587,0.008615626416342587,1.0
img_cee8a0fda1c15d318c63755c,left,Tile_3,stationary_unresolved,1772726382842792960,2.500105984,0.0558383,0.0558383,0,-0.0661990013663412,0.06666336503665175,0.0004643636703105525,0.05537393632968945,1.0
img_cf9d47bf271465783b283e59,left,Tile_3,covered,1772726486849235968,106.506548992,-0.052421,-0.052421,0,-0.0661990013663412,0.06569385456720656,-0.0005051467991346453,-0.051915853200865364,1.0
img_d01afa21ca5242b7a5e0f749,left,Tile_3,outdoor,1772726445346711808,65.004024832,-0.282533,-0.282533,0,-0.0661990013663412,-0.15651773890832876,-0.22271674027466998,-0.05981625972533,1.0
img_d0d851b2ccfa742fa1bd8d68,right,Tile_3,indoor,1772726534852189952,154.509502976,-0.263059,-0.263059,0,-0.0661990013663412,0.09200896779669784,0.025809966430356643,-0.28886896643035664,0.5192665790776921
img_d149230582e76ff92f833847,left,Tile_3,outdoor,1772726397843773952,17.501086976,-0.0600692,-0.0600692,0,-0.0661990013663412,0.05084881459115227,-0.015350186775188929,-0.044719013224811074,1.0
img_d14ce879e6a132a7c0aaf3ea,left,Tile_3,outdoor,1772726455347335936,75.00464896,-0.0447745,-0.0447745,0,-0.0661990013663412,-0.10017278248599104,-0.16637178385233226,0.12159728385233226,1.0
img_d1b98043d8de5060ebfdfffe,right,Tile_3,outdoor,1772726479848804864,99.506117888,-0.144658,-0.144658,0,-0.0661990013663412,0.017364817550053882,-0.04883418381628732,-0.09582381618371269,1.0
img_d21054a6b72eec0a64282c9c,left,Tile_3,indoor,1772726533352102912,153.009415936,-0.00319723,-0.00319723,0,-0.0661990013663412,-0.021089760866890236,-0.08728876223323144,0.08409153223323143,1.0
img_d21f5584847186fb48689a7a,left,Tile_3,outdoor,1772726450847063040,70.504376064,-0.391559,-0.391559,0,-0.0661990013663412,-0.09105506190985725,-0.15725406327619845,-0.23430493672380154,0.64019137666237
img_d21fa2720d52a4374c4fd316,right,Tile_3,indoor,1772726524851536128,144.508849152,-0.693147,-0.775183,1,-0.0661990013663412,0.123280579848955,0.057081578482613804,-0.7502285784826137,0.19993906430941993
img_d22b97313624830c9ce567d4,left,Tile_3,indoor,1772726551353188096,171.01050112,0.272247,0.272247,0,-0.0661990013663412,0.2375036515275592,0.171304650161218,0.100942349838782,1.0
img_d243f0bef95f3ab8666465b0,right,Tile_3,outdoor,1772726433845985792,53.503298816,0.022775,0.022775,0,-0.0661990013663412,0.09060247767495436,0.024403476308613156,-0.001628476308613163,1.0
img_d415319caa70877985cc76c3,left,Tile_3,indoor,1772726573854462976,193.511776,0.203891,0.203891,0,-0.0661990013663412,0.0038273320186663594,-0.06237166934767484,0.26626266934767484,0.5633534748505663
img_d4396334be5e1583896c837d,right,Tile_3,indoor,1772726525351567104,145.008880128,-0.446729,-0.446729,0,-0.0661990013663412,0.13349610930447234,0.06729710793813114,-0.5140261079381311,0.2918139714764337
img_d458c189bfed47078603fdd4,left,Tile_3,indoor,1772726534852192000,154.509505024,-0.0667474,-0.0667474,0,-0.0661990013663412,-0.0197256315059423,-0.0859246328722835,0.019177232872283498,1.0
img_d49c62f7d279e50fc3606d70,left,Tile_3,covered,1772726505850394880,125.507707904,-0.162141,-0.162141,0,-0.0661990013663412,0.08497776077494576,0.01877875940860456,-0.18091975940860455,0.8290968354718362
img_d4b43c110801599d2031af14,left,Tile_3,indoor,1772726544852805888,164.510118912,0.246543,0.246543,0,-0.0661990013663412,0.09837194084134046,0.03217293947499926,0.21437006052500074,0.6997245773623615
img_d5335345fe007b4c44932e1a,right,Tile_3,indoor,1772726564353953792,184.011266816,0.0807508,0.0807508,0,-0.0661990013663412,0.1469086728711373,0.08070967150479609,4.112849520392092e-05,1.0
img_d542368d10f026e374aefea0,left,Tile_3,indoor,1772726552353230848,172.010543872,0.161359,0.161359,0,-0.0661990013663412,0.23894511867057472,0.1727461173042335,-0.01138711730423353,1.0
img_d63e075dca6c1af17d7d7f52,right,Tile_3,outdoor,1772726429845752064,49.503065088,0.0410457,0.0410457,0,-0.0661990013663412,0.08759657971940542,0.021397578353064217,0.019648121646935787,1.0
img_d691623e566cde7f444905b2,right,Tile_3,outdoor,1772726415344815872,35.002128896,-0.149214,-0.149214,0,-0.0661990013663412,-0.0018163195212670957,-0.0680153208876083,-0.08119867911239172,1.0
img_d73f523f6c5e437eb0a0a82f,left,Tile_3,stationary_unresolved,1772726385843107840,5.500420864,0.0592628,0.0592628,0,-0.0661990013663412,0.05777937260630342,-0.008419628760037781,0.06768242876003777,1.0
img_d76fad2c039eb7392b547d6f,left,Tile_3,outdoor,1772726411344586752,31.001899776,-0.137316,-0.137316,0,-0.0661990013663412,-0.05324145936183648,-0.11944046072817768,-0.01787553927182231,1.0
img_d83918b5d04a40dd88d821b9,left,Tile_3,indoor,1772726539852460800,159.509773824,-0.0738123,-0.0738123,0,-0.0661990013663412,-0.015178559243850084,-0.08137756061019129,0.007565260610191291,1.0
img_d8f715c81a95d33e3447b123,left,Tile_3,outdoor,1772726584355092992,204.012406016,-0.175191,-0.175191,0,-0.0661990013663412,-0.020784460875400628,-0.08698346224174183,-0.08820753775825818,1.0
img_d92232056a803e065181c4fc,right,Tile_3,outdoor,1772726515350967040,135.008280064,-0.241901,-0.241901,0,-0.0661990013663412,-0.013566214167271691,-0.07976521553361289,-0.1621357844663871,0.9251504872516096
img_d93088ca1a3836c5d531bcdd,left,Tile_3,outdoor,1772726442846562816,62.50387584,-0.163217,-0.163217,0,-0.0661990013663412,-0.18978878296352913,-0.25598778432987035,0.09277078432987035,1.0
img_d9c3121dcde066b8a9b4e709,left,Tile_3,outdoor,1772726438346287104,58.003600128,-0.212068,-0.212068,0,-0.0661990013663412,-0.2131613463863541,-0.2793603477526953,0.06729234775269524,1.0
img_d9e667f8ffbba146e74d55f3,left,Tile_3,outdoor,1772726389843298048,9.500611072,-0.0442576,-0.0442576,0,-0.0661990013663412,0.04593472931078853,-0.020264272055552673,-0.02399332794444733,1.0
img_da125fffd75e75e75f384c08,right,Tile_3,outdoor,1772726502850210816,122.50752384,-0.182577,-0.182577,0,-0.0661990013663412,-0.1326130506164175,-0.1988120519827587,0.016235051982758708,1.0
img_dad684e3df7bafd45b805a5d,left,Tile_3,outdoor,1772726424345376000,44.002689024,-0.279777,-0.279777,0,-0.0661990013663412,-0.17167898745613952,-0.23787798882248073,-0.04189901117751929,1.0
img_db74abe8fe99e50cd417fb92,left,Tile_3,indoor,1772726555853407744,175.510720768,0.12701,0.12701,0,-0.0661990013663412,0.24399029296960922,0.177791291603268,-0.050781291603268,1.0
img_db86d5ac2b734eb4da28813c,right,Tile_3,outdoor,1772726500350064128,120.007377152,-0.151828,-0.151828,0,-0.0661990013663412,-0.15736149474034092,-0.2235604961066821,0.07173249610668214,1.0
img_db885bf185aea1b124e987d6,right,Tile_3,indoor,1772726554353341952,174.010654976,-0.693147,-0.712845,1,-0.0661990013663412,-0.15129652868871138,-0.21749553005505257,-0.47565146994494734,0.31535695667535985
img_dbcbd71faaeb6348cda02573,left,Tile_3,indoor,1772726557353548032,177.010861056,0.0942234,0.0942234,0,-0.0661990013663412,0.2461526034615769,0.1799536020952357,-0.08573020209523573,1.0
img_dbd584d2499ddb3864fbca49,left,Tile_3,indoor,1772726464847891968,84.505204992,-0.0284521,-0.0284521,0,-0.0661990013663412,-0.11671595588252179,-0.18291495724886297,0.15446285724886297,0.9711072465681984
img_dbdbf05b0a89d3325091981a,right,Tile_3,covered,1772726483849047808,103.506360832,-0.120935,-0.120935,0,-0.0661990013663412,-0.08436104173035983,-0.150560043096701,0.029625043096701012,1.0
img_dc18fca2079f0373be58c3e3,right,Tile_3,outdoor,1772726499350000896,119.00731392,-0.109875,-0.109875,0,-0.0661990013663412,-0.16819467465495325,-0.23439367602129446,0.12451867602129446,1.0
img_dc90c819e52ff1c3d1b227fd,left,Tile_3,indoor,1772726531852015104,151.509328128,0.159224,0.159224,0,-0.0661990013663412,-0.022453889063850284,-0.08865289043019148,0.24787689043019148,0.6051391065124074
img_dd2f24e7f072d05744eec3d3,left,Tile_3,indoor,1772726467848099840,87.505412864,-0.217411,-0.217411,0,-0.0661990013663412,-0.12099290959092554,-0.18719191095726673,-0.030219089042733266,1.0
img_dd9664454cab0177d97f0316,left,Tile_3,stationary_unresolved,1772726384842999808,4.500312832,-0.0341617,-0.0341617,0,-0.0661990013663412,0.060740712512673045,-0.005458288853668156,-0.02870341114633184,1.0
img_de19e8fb18e453296b788e19,right,Tile_3,indoor,1772726467348050944,87.005363968,0.212611,0.212611,0,-0.0661990013663412,0.041473708297423195,-0.024725293068918006,0.237336293068918,0.6320145901850873
img_de3ad288ce825697ce6af212,left,Tile_3,outdoor,1772726404844208896,24.50152192,0.0212959,0.0212959,0,-0.0661990013663412,0.011046207345521353,-0.05515279402081985,0.07644869402081986,1.0
img_dee26d9c80b097e644b27948,right,Tile_3,outdoor,1772726446346759936,66.00407296,-0.00129561,-0.00129561,0,-0.0661990013663412,0.0754690154256871,0.009270014059345896,-0.010565624059345895,1.0
img_df257f89026fc472276ed04c,left,Tile_3,indoor,1772726560353716736,180.01102976,0.290482,0.290482,0,-0.0661990013663412,0.25021597133956697,0.18401696997322575,0.10646503002677427,1.0
img_df3950cdb921076b35a98310,left,Tile_3,outdoor,1772726442346531840,62.003844864,-0.319201,-0.319201,0,-0.0661990013663412,-0.1964430074456279,-0.2626420088119691,-0.05655899118803093,1.0
img_df46b1666c566e3ae900c93b,right,Tile_3,outdoor,1772726402344006912,22.001319936,-0.266236,-0.266236,0,-0.0661990013663412,-0.020296334881131695,-0.0864953362474729,-0.17974066375252706,0.8345356964216233
img_dfbaef61d9e8160adafd7543,left,Tile_3,outdoor,1772726590355452160,210.012765184,0.0330945,0.0330945,0,-0.0661990013663412,0.009665884385322477,-0.056533116981018726,0.08962761698101873,1.0
img_dfe7b5527c55d8ae2d07efc4,right,Tile_3,indoor,1772726463847827968,83.505140992,0.0872598,0.0872598,0,-0.0661990013663412,-0.014463554868421102,-0.0806625562347623,0.16792235623476232,0.8932699812185452
img_dff0038d369b2a2f077bf957,left,Tile_3,outdoor,1772726519851248896,139.50856192,0.00855327,0.00855327,0,-0.0661990013663412,0.04304370253209491,-0.023155298834246288,0.03170856883424629,1.0
img_dff7712559aff38cdd461b46,left,Tile_3,covered,1772726472348438016,92.00575104,-0.23406,-0.23406,0,-0.0661990013663412,-0.09051468162377559,-0.1567136829901168,-0.0773463170098832,1.0
img_e0818eba31b6c55f3d2e736b,left,Tile_3,outdoor,1772726494849752064,114.507065088,-0.0896972,-0.0896972,0,-0.0661990013663412,0.06584369962798049,-0.0003553017383607082,-0.0893418982616393,1.0
img_e08b30473e1f1809ad33265e,right,Tile_3,covered,1772726482348953856,102.00626688,-0.193236,-0.193236,0,-0.0661990013663412,-0.04244020732860123,-0.10863920869494242,-0.08459679130505757,1.0
img_e0bbacc0010098c4844951ac,left,Tile_3,outdoor,1772726425345465856,45.00277888,-0.174302,-0.174302,0,-0.0661990013663412,-0.1719458572089153,-0.23814485857525652,0.06384285857525646,1.0
img_e118f3ea231cf2ce3d66f996,right,Tile_3,outdoor,1772726498850012928,118.507325952,-0.313756,-0.313756,0,-0.0661990013663412,-0.17361426110335446,-0.23981326246969564,-0.07394273753030431,1.0
img_e1287e860ec48f842b16e821,right,Tile_3,outdoor,1772726414844784896,34.50209792,-0.0203313,-0.0203313,0,-0.0661990013663412,-0.0061341438338849315,-0.07233314520022613,0.05200184520022613,1.0
img_e1b141cf1dba63ec9d10fcb9,left,Tile_3,outdoor,1772726500850108928,120.507421952,0.0447506,0.0447506,0,-0.0661990013663412,0.05555885891127847,-0.010640142455062729,0.05539074245506273,1.0
img_e1b2fb3c5e8472dcbba00e23,right,Tile_3,indoor,1772726572354413056,192.01172608,0.298216,0.298216,0,-0.0661990013663412,0.2287249851369055,0.16252598377056432,0.1356900162294357,1.0
img_e1c210b7ccfec82ca9152ea4,left,Tile_3,indoor,1772726469848247040,89.505560064,-0.340621,-0.340621,0,-0.0661990013663412,-0.12384422434955619,-0.19004322571589738,-0.1505777742841026,0.9961629510938813
img_e1eba2f46bf75c270241b3a7,left,Tile_3,indoor,1772726525851614976,145.508928,-0.256001,-0.256001,0,-0.0661990013663412,0.00461859481907537,-0.061580406547265834,-0.19442059345273416,0.7715232081958782
img_e2235c52dc2cc4282e7d40fd,left,Tile_3,covered,1772726508850582784,128.507895808,-0.192327,-0.192327,0,-0.0661990013663412,0.10262919798625866,0.03643019661991746,-0.22875719661991745,0.6557170756434239
img_e33c0f642afa1aec24e17c11,left,Tile_3,outdoor,1772726455847363840,75.504676864,-0.163897,-0.163897,0,-0.0661990013663412,-0.10118585765149807,-0.16738485901783928,0.0034878590178392677,1.0
img_e42f586216482cf4776c2f4f,right,Tile_3,outdoor,1772726395343628800,15.000941824,-0.151493,-0.151493,0,-0.0661990013663412,0.005285359178897505,-0.060913642187443696,-0.0905793578125563,1.0
img_e48dfaec6a6a7416d851faf8,left,Tile_3,outdoor,1772726498349990912,118.007303936,0.00424654,0.00424654,0,-0.0661990013663412,0.05738756954954517,-0.008811431816796028,0.013057971816796028,1.0
img_e4bb23a13a72e999ad5754d1,right,Tile_3,covered,1772726507350512896,127.00782592,-0.67996,-0.67996,0,-0.0661990013663412,-0.08806547462728578,-0.15426447599362697,-0.525695524006373,0.28533627004627404
img_e551d37320249fc3f94c8b16,right,Tile_3,indoor,1772726547352928000,167.010241024,-0.399709,-0.399709,0,-0.0661990013663412,-0.23723955461557203,-0.3034385559819132,-0.09627044401808671,1.0
img_e562ab7a1e826741726f0f32,left,Tile_3,outdoor,1772726408844430080,28.501743104,-0.0697162,-0.0697162,0,-0.0661990013663412,-0.026216407518400667,-0.09241540888474187,0.022699208884741848,1.0
img_e57c4c5b365a33a7eb8e26d4,right,Tile_3,covered,1772726489849451008,109.506764032,-0.322877,-0.322877,0,-0.0661990013663412,-0.25204514481977985,-0.31824414618612107,-0.0046328538138789566,1.0
img_e59222a5e5b43cad84439894,right,Tile_3,outdoor,1772726414344753920,34.002066944,-0.0534602,-0.0534602,0,-0.0661990013663412,-0.010451968146502733,-0.07665096951284393,0.023190769512843934,1.0
img_e5e870cda39b6866c67e7fa1,left,Tile_3,indoor,1772726575854580992,195.511894016,0.136074,0.136074,0,-0.0661990013663412,-0.010030908162117973,-0.07622990952845918,0.21230390952845918,0.7065343277623091
img_e6dc6c821682e92c7098c3fc,right,Tile_3,outdoor,1772726413344698880,33.002011904,-0.106088,-0.106088,0,-0.0661990013663412,-0.0190875570858327,-0.0852865584521739,-0.020801441547826094,1.0
img_e76aadc0656e16023b5889f4,right,Tile_3,outdoor,1772726585855228928,205.512541952,-0.051175,-0.051175,0,-0.0661990013663412,-0.0036466141782734093,-0.0698456155446146,0.018670615544614605,1.0
img_e7b6529d70d4db5e5f62f1d7,right,Tile_3,outdoor,1772726502350180864,122.007493888,-0.204953,-0.204953,0,-0.0661990013663412,-0.13756274552302294,-0.20376174688936416,-0.001191253110635837,1.0
img_e89062940cc4d3083aa9a723,right,Tile_3,outdoor,1772726522851449856,142.50876288,-0.678222,-0.678222,0,-0.0661990013663412,0.08241923084086297,0.016220229474521772,-0.6944422294745217,0.2160006889464422
img_e8bf43a0b9ef8f9f6b1dca21,right,Tile_3,covered,1772726456347375872,76.004688896,-0.292438,-0.292438,0,-0.0661990013663412,-0.016481995267538904,-0.08268099663388011,-0.20975700336611985,0.7151131909440127
img_e976c5741cfe298b0280b28c,right,Tile_3,outdoor,1772726595355772928,215.013085952,-0.375405,-0.375405,0,-0.0661990013663412,-0.15353101708527503,-0.21973001845161622,-0.15567498154838375,0.9635459629290531
img_e984e928226015a4b56c841d,right,Tile_3,outdoor,1772726451347099904,71.004412928,0.0106726,0.0106726,0,-0.0661990013663412,0.051097721014070015,-0.015101280352271186,0.025773880352271187,1.0
img_e98965ec0ffeff99f4f502d2,left,Tile_3,outdoor,1772726501850169856,121.50748288,-0.0112478,-0.0112478,0,-0.0661990013663412,0.0614426612739718,-0.004756340092369402,-0.006491459907630599,1.0
img_e9f6e97739a0b71ce57240a3,right,Tile_3,outdoor,1772726596355837952,216.013150976,-0.389613,-0.389613,0,-0.0661990013663412,-0.16168227782358274,-0.22788127918992396,-0.16173172081007603,0.9274618439022685
img_ea1f81bdd6efac58674c0e1b,right,Tile_3,outdoor,1772726411344570880,31.001883904,-0.0392537,-0.0392537,0,-0.0661990013663412,-0.03635888970572951,-0.10255789107207071,0.0633041910720707,1.0
img_ea26996fa398f540eb0ce21a,right,Tile_3,outdoor,1772726392343447808,12.000760832,-0.147121,-0.147121,0,-0.0661990013663412,0.016927121555929264,-0.04927187981041194,-0.09784912018958807,1.0
img_eac8d6fea7b11f2aed473852,right,Tile_3,outdoor,1772726451847107840,71.504420864,-0.0575024,-0.0575024,0,-0.0661990013663412,0.044340015105500195,-0.021858986260841005,-0.035643413739159,1.0
img_ead8ead193eebdbcd9f3e091,left,Tile_3,outdoor,1772726412344653824,32.001966848,-0.0405928,-0.0405928,0,-0.0661990013663412,-0.06628613509554834,-0.13248513646188953,0.09189233646188953,1.0
img_ebb44aa4fd7128a21d824082,left,Tile_3,outdoor,1772726421345259008,41.002572032,-0.222463,-0.222463,0,-0.0661990013663412,-0.17087841891207312,-0.23707742027841433,0.014614420278414336,1.0
img_eca6b916bacacf912bf06b66,left,Tile_3,indoor,1772726463347801088,83.005114112,-0.117372,-0.117372,0,-0.0661990013663412,-0.1145774976403328,-0.180776499006674,0.063404499006674,1.0
img_ecdc8d808fcc0fa035b6e1e8,left,Tile_3,covered,1772726583355035136,203.01234816,-0.143426,-0.143426,0,-0.0661990013663412,-0.025854838739975388,-0.09205384010631659,-0.051372159893683406,1.0
img_ee0485aae04823911b094b7b,right,Tile_3,outdoor,1772726501350121984,121.007435008,-0.148856,-0.148856,0,-0.0661990013663412,-0.1474621251998659,-0.21366112656620712,0.06480512656620713,1.0
img_eeceff5515532096691986e5,right,Tile_3,outdoor,1772726438346266112,58.003579136,-0.0620662,-0.0620662,0,-0.0661990013663412,0.09135664525582299,0.025157643889481787,-0.08722384388948179,1.0
img_eee76b0c1f95c447b6eb24bc,right,Tile_3,indoor,1772726529851939072,149.509252096,0.0810552,0.0810552,0,-0.0661990013663412,0.22543777813398677,0.15923877676764558,-0.07818357676764559,1.0
img_ef40b78b1d380170b13f632c,left,Tile_3,outdoor,1772726420845212928,40.502525952,-0.297652,-0.297652,0,-0.0661990013663412,-0.1707449837282789,-0.2369439850946201,-0.060708014905379915,1.0
img_ef51ea18654a5079d4e233ba,right,Tile_3,outdoor,1772726444346638080,64.003951104,-0.0076111,-0.0076111,0,-0.0661990013663412,0.08087307471578012,0.014674073349438918,-0.02228517334943891,1.0
img_ef78b6a90549d802aaf81efd,right,Tile_3,outdoor,1772726423345286912,43.002599936,0.045507,0.045507,0,-0.0661990013663412,0.05595587691834764,-0.010243124447993558,0.05575012444799356,1.0
img_efe49939c1a8576d6a026c7c,right,Tile_3,outdoor,1772726455347319808,75.004632832,-0.321822,-0.321822,0,-0.0661990013663412,-0.0029660402475894243,-0.06916504161393063,-0.2526569583860694,0.5936903577015058
img_f029e0f1f983d146f96286a0,left,Tile_3,outdoor,1772726594355692032,214.013005056,0.0234537,0.0234537,0,-0.0661990013663412,0.038727178990177,-0.027471822376164204,0.05092552237616421,1.0
img_f04af7535fdbb03e8401bbe0,right,Tile_3,outdoor,1772726443846608896,63.50392192,-0.0233876,-0.0233876,0,-0.0661990013663412,0.08222408607991612,0.016025084713574916,-0.03941268471357492,1.0
img_f06c118891312ac9fdda5367,left,Tile_3,stationary_unresolved,1772726387343162112,7.000475136,-0.00236072,-0.00236072,0,-0.0661990013663412,0.05333768187364282,-0.012861319492698378,0.010500599492698378,1.0
img_f0ff00b70da5711d5c787073,left,Tile_3,indoor,1772726461347674880,81.004987904,-0.11042,-0.11042,0,-0.0661990013663412,-0.11172621280689936,-0.17792521417324056,0.06750521417324055,1.0
img_f12f321bac487a7477d9f8b2,left,Tile_3,outdoor,1772726585355202048,205.012515072,-0.353519,-0.353519,0,-0.0661990013663412,-0.015713823422498083,-0.08191282478883928,-0.27160617521116076,0.5522702121311571
img_f16ac9f7735df4383c77a668,left,Tile_3,outdoor,1772726518851192832,138.508505856,0.0325086,0.0325086,0,-0.0661990013663412,0.05023385810990108,-0.01596514325644012,0.048473743256440126,1.0
img_f1799d46a7022022561e4cd1,right,Tile_3,indoor,1772726535352224000,155.009537024,-0.0638449,-0.0638449,0,-0.0661990013663412,0.07610206430808933,0.009903062941748128,-0.07374796294174812,1.0
img_f183b48604735a8c86b10b9b,right,Tile_3,indoor,1772726457847497984,77.504811008,-0.082837,-0.082837,0,-0.0661990013663412,-0.03675644159120385,-0.10295544295754505,0.020118442957545057,1.0
img_f218d51dae29bd11fe08c9e2,right,Tile_3,outdoor,1772726397843756800,17.501069824,-0.024089,-0.024089,0,-0.0661990013663412,-0.004416020893096388,-0.07061502225943758,0.04652602225943758,1.0
img_f2585d3a202c23e6a618ac51,right,Tile_3,covered,1772726491849536000,111.506849024,-0.293341,-0.293341,0,-0.0661990013663412,-0.24949546689135776,-0.315694468257699,0.02235346825769896,1.0
img_f266fb814ed9e48ef6890df7,right,Tile_3,outdoor,1772726452347136000,72.004449024,-0.0230477,-0.0230477,0,-0.0661990013663412,0.037582035865580295,-0.028616965500760906,0.005569265500760905,1.0
img_f2e26c722981ec0176325e6b,right,Tile_3,outdoor,1772726520851335168,140.508648192,0.0671328,0.0671328,0,-0.0661990013663412,0.04155730129976634,-0.02464170006657486,0.09177450006657487,1.0
img_f2e31727fc02a2394640f8b4,right,Tile_3,indoor,1772726389343258880,9.000571904,0.106366,0.106366,0,-0.0661990013663412,0.03271193027173501,-0.03348707109460619,0.1398530710946062,1.0
img_f3d8c24aaa1e434fce0c84c9,right,Tile_3,outdoor,1772726501850153984,121.507467008,-0.239783,-0.239783,0,-0.0661990013663412,-0.14251241002052445,-0.20871141138686566,-0.031071588613134332,1.0
img_f4ae6e2da52ae15360acd5f8,left,Tile_3,outdoor,1772726429345723904,49.003036928,-0.297147,-0.297147,0,-0.0661990013663412,-0.17301330916826116,-0.23921231053460235,-0.05793468946539765,1.0
img_f4bf71d79eb426e24a089014,right,Tile_3,outdoor,1772726521351321856,141.00863488,-0.069176,-0.069176,0,-0.0661990013663412,0.05177192596060036,-0.014427075405740841,-0.05474892459425915,1.0
img_f4e71c9e7ff3353987c9c41a,right,Tile_3,outdoor,1772726395843659776,15.5009728,0.00130768,0.00130768,0,-0.0661990013663412,0.003345062303719098,-0.0628539390626221,0.0641616190626221,1.0
img_f5f133cabb2d110c4de5284e,right,Tile_3,outdoor,1772726416344879872,36.002192896,-0.0968004,-0.0968004,0,-0.0661990013663412,0.006819346788681253,-0.05937965457765995,-0.03742074542234004,1.0
img_f7140eacb75d560d184fb31f,right,Tile_3,outdoor,1772726478348717056,98.00603008,-0.0268554,-0.0268554,0,-0.0661990013663412,0.028721275638104005,-0.037477725728237196,0.010622325728237195,1.0
img_f739255a36fa35e2286826a2,left,Tile_3,indoor,1772726527851739904,147.509052928,-0.267947,-0.267947,0,-0.0661990013663412,-0.00804955732727796,-0.07424855869361915,-0.19369844130638084,0.7743996233957237
img_f7ab5b5375d058e24fa94d7a,left,Tile_3,outdoor,1772726522851451904,142.508764928,-0.132371,-0.132371,0,-0.0661990013663412,0.023620669003497005,-0.042578332362844196,-0.08979266763715579,1.0
img_f8342fb5c1c93714f24cf6d7,left,Tile_3,outdoor,1772726411844619008,31.501932032,-0.0353503,-0.0353503,0,-0.0661990013663412,-0.059763780532627264,-0.12596278189896848,0.09061248189896845,1.0
img_f8b73b376042c741c55a06cd,right,Tile_3,indoor,1772726467848083968,87.505396992,0.159115,0.159115,0,-0.0661990013663412,0.049464764594946656,-0.016734236771394545,0.17584923677139455,0.853003417893711
img_f90a0e7c2348a7898510133c,left,Tile_3,outdoor,1772726496849858048,116.507171072,-0.021882,-0.021882,0,-0.0661990013663412,0.061011698982931684,-0.005187302383409517,-0.01669469761659049,1.0
img_f9abc9581a5c24b6086035c3,left,Tile_3,outdoor,1772726502850225920,122.507538944,0.0310108,0.0310108,0,-0.0661990013663412,0.06732643501959415,0.0011274336532529489,0.02988336634674706,1.0
img_f9eb2cffff53e048735a99bc,left,Tile_3,indoor,1772726574354490880,194.011803904,0.0448413,0.0448413,0,-0.0661990013663412,0.00036278305940825456,-0.06583621830693295,0.11067751830693295,1.0
img_fa406b2765880acfff439bb7,right,Tile_3,indoor,1772726551853153024,171.510466048,-0.628985,-0.628985,0,-0.0661990013663412,-0.2459714484116683,-0.3121704497780095,-0.3168145502219905,0.4734631029253413
img_fa40fff161d318d8d11e919d,right,Tile_3,outdoor,1772726453347233024,73.004546048,-0.228784,-0.228784,0,-0.0661990013663412,0.024065527263149183,-0.042133474103192015,-0.18665052589680797,0.8036409181237953
img_fa65b3aa880c9101e305af46,right,Tile_3,outdoor,1772726586855226880,206.512539904,0.0373038,0.0373038,0,-0.0661990013663412,-0.027941853189366588,-0.09414085455570778,0.13144465455570778,1.0
img_faa25ac6c422ab56ed53979a,left,Tile_3,covered,1772726487349266176,107.0065792,-0.000700669,-0.000700669,0,-0.0661990013663412,0.06727381169712732,0.0010748103307861162,-0.0017754793307861146,1.0
img_fad5eb411875cdcdf65f8a09,right,Tile_3,outdoor,1772726504350323968,124.007636992,-0.159986,-0.159986,0,-0.0661990013663412,-0.11776373529423004,-0.18396273666057122,0.023976736660571235,1.0
img_faf4b32025c3822308257dea,right,Tile_3,outdoor,1772726453847238912,73.504551936,-0.33834,-0.33834,0,-0.0661990013663412,0.017307849033703453,-0.048891152332637744,-0.28944884766736223,0.5182262814615922
img_fb8d4e5c370423a144a63ab7,left,Tile_3,indoor,1772726563353852928,183.011165952,0.101155,0.101155,0,-0.0661990013663412,0.1835224184765883,0.11732341711024709,-0.016168417110247107,1.0
img_fc66080d5ff5d4c012c31698,right,Tile_3,outdoor,1772726518851176960,138.508489984,-0.101973,-0.101973,0,-0.0661990013663412,0.017799963298995365,-0.048399038067345836,-0.05357396193265415,1.0
img_fce08d9c2de871a505cf83b2,left,Tile_3,indoor,1772726533852102912,153.509415936,-0.0365696,-0.0365696,0,-0.0661990013663412,-0.020635078084427393,-0.0868340794507686,0.0502644794507686,1.0
img_fd0037e7275d396e2f105035,left,Tile_3,outdoor,1772726416844929024,36.502242048,-0.211535,-0.211535,0,-0.0661990013663412,-0.12498682861909724,-0.19118582998543843,-0.020349170014561574,1.0
img_fd1d55f9f4b7e2b7ee949fce,left,Tile_3,outdoor,1772726472848412928,92.505725952,-0.186438,-0.186438,0,-0.0661990013663412,-0.08203090562072034,-0.14822990698706154,-0.038208093012938454,1.0
img_fd4fb1c12739601c54cfab71,right,Tile_3,covered,1772726506350406912,126.007719936,-0.124121,-0.124121,0,-0.0661990013663412,-0.09796532057705479,-0.16416432194339597,0.04004332194339598,1.0
img_fdf56b0a509ae739efc34a67,left,Tile_3,indoor,1772726529851942144,149.509255168,-0.153465,-0.153465,0,-0.0661990013663412,-0.020718199143134188,-0.08691720050947539,-0.0665477994905246,1.0
img_fe23bdc2249b367294f2ad0b,left,Tile_3,indoor,1772726582354969088,202.012282112,-0.101656,-0.101656,0,-0.0661990013663412,-0.030925258138682264,-0.09712425950502346,-0.004531740494976538,1.0
img_fe46c480df46c4db13c4fd6c,right,Tile_3,outdoor,1772726426345481984,46.002795008,-0.00346482,-0.00346482,0,-0.0661990013663412,0.07055918274318443,0.004360181376843228,-0.007825001376843232,1.0
img_ff02d8c153151283c2e34cd4,left,Tile_3,indoor,1772726541852634880,161.509947904,-0.0977984,-0.0977984,0,-0.0661990013663412,0.023133690082204963,-0.04306531128413624,-0.054733088715863756,1.0
img_ff39ce60372fe31cfff4dc43,left,Tile_3,outdoor,1772726402344023040,22.001336064,0.0775249,0.0775249,0,-0.0661990013663412,0.034335785185113425,-0.031863216181227776,0.10938811618122776,1.0
img_ff4fb6b1ca02a215264ee27d,right,Tile_3,indoor,1772726563353837056,183.01115008,0.168971,0.168971,0,-0.0661990013663412,0.12910522666829466,0.06290622530195346,0.10606477469804654,1.0
img_ff7bb1d8e38e09e81058a33b,right,Tile_3,indoor,1772726567354107904,187.011420928,0.233581,0.233581,0,-0.0661990013663412,0.20031552070258002,0.1341165193362388,0.0994644806637612,1.0
img_ffa390bbaefb6eec5a6f87fb,right,Tile_3,outdoor,1772726474348491008,94.005804032,-0.0891572,-0.0891572,0,-0.0661990013663412,0.05900510250115007,-0.007193898865191131,-0.08196330113480887,1.0
