image_id,camera,rig_frame_id,timestamp_ns,capture_fraction,environment,tile_ids_membership,tile,gain_index,log_gain_raw,log_gain,gain,saturated_clamp,tile_median_gain,log_canonical_over_photo,log_baked_over_photo,photo_saturation_frac,photo_mean_luma
img_0013434cabcfe39de86e02cb,left,rig_bd4b88b17b4b42a98be46845,1772726444346652928,0.2896,outdoor,0|3,Tile_0,0,-0.380966,-0.380966,0.683201,0,0.881833,0.380966,0.255214,0.0116985,107.786
img_00bf665bae8b75617aac7789,right,rig_b7463a427ef7798624fd8d32,1772726549853083904,0.767,indoor,0|1|3,Tile_0,1,-0.337473,-0.337473,0.713571,0,0.881833,0.337473,0.211721,0.0268612,56.1612
img_00ec71ecfd73b6eb59d8f832,right,rig_daf5c6b3afeb96478e0b6632,1772726468348113920,0.3982,indoor,0|1|2|3,Tile_0,2,0.204984,0.204984,1.22751,0,0.881833,-0.204984,-0.330736,0.0225365,127.602
img_017105047612fa06bd54d2a9,left,rig_953c741586a8c1e2764492f2,1772726596855841792,0.9796,outdoor,0|1|2,Tile_0,3,-0.141666,-0.141666,0.867911,0,0.881833,0.141666,0.0159139,0.00298877,129.085
img_01a908951bd4dc96cb442bce,left,rig_d14b49b462a068a3c9a4ed3a,1772726586855243008,0.9344,outdoor,0|1|2,Tile_0,4,-0.39132,-0.39132,0.676164,0,0.881833,0.39132,0.265568,0.00163779,103.308
img_02167f65b42e301e9acb4f89,right,rig_b6d35ffa75aea615e7ca680d,1772726465847951872,0.3869,indoor,0|1|2|3,Tile_0,5,0.248701,0.248701,1.28236,0,0.881833,-0.248701,-0.374453,0.00717003,108.519
img_024ff4947bc3d3decbcf878c,right,rig_eab7ff45ccdb39a9651cea7d,1772726543852675840,0.7398,indoor,0|1|3,Tile_0,6,-0.0775516,-0.0775516,0.925379,0,0.881833,0.0775516,-0.0482006,0.0311255,82.8097
img_0270831497d17f59f1c3de3e,right,rig_8b13c74411784e7525ca0187,1772726598855995904,0.9887,indoor,0|1|2|3,Tile_0,7,-0.347779,-0.347779,0.706255,0,0.881833,0.347779,0.222027,0.00879272,99.7824
img_02ea8d71b98fade9b737af1e,left,rig_0ddb1b1864e5a016c4535dcf,1772726456347391744,0.3439,covered,0|1|2|3,Tile_0,8,-0.154623,-0.154623,0.856738,0,0.881833,0.154623,0.0288711,0.000709455,113.433
img_03470cda035b5adeddb4a5b3,right,rig_45254873f743668026e05080,1772726400343847936,0.0905,outdoor,0|1|2|3,Tile_0,9,-0.208186,-0.208186,0.812056,0,0.881833,0.208186,0.0824341,0.0124985,97.3227
img_03d3b8c62d66fac93b032a26,left,rig_6c1ad393c23fd7273a74566c,1772726569354202880,0.8552,indoor,0|1|2|3,Tile_0,10,-0.0717058,-0.0717058,0.930805,0,0.881833,0.0717058,-0.0540464,0.0333444,75.0568
img_03f32cc827b85f5858eb1527,left,rig_b63838d545636c8ddf8b3e09,1772726470848314112,0.4095,indoor,0|3,Tile_0,11,-0.239616,-0.239616,0.78693,0,0.881833,0.239616,0.113864,0.0108003,110.694
img_046152e78c23ba2a63570a36,left,rig_f4fa085608d11316ec5a7092,1772726436346135808,0.2534,outdoor,0|3,Tile_0,12,-0.374443,-0.374443,0.687672,0,0.881833,0.374443,0.248691,0.00824176,103.636
img_0466fd896d0aec73619005f8,left,rig_a6a833bb554e1ed680f753a0,1772726460347633920,0.362,covered,0|1|2|3,Tile_0,13,-0.0781111,-0.0781111,0.924862,0,0.881833,0.0781111,-0.0476411,0.0190345,101.513
img_059735131c8240a4d502ecba,left,rig_8fe94e3e4b7b499cea385c9f,1772726446346776064,0.2986,outdoor,0|3,Tile_0,14,-0.365912,-0.365912,0.693564,0,0.881833,0.365912,0.240159,0.0118796,109.576
img_05cc6ae9bfec314d854c8837,right,rig_c4948ea06c313f97a02e89a1,1772726421845284864,0.1878,outdoor,0|1|2|3,Tile_0,15,-0.254658,-0.254658,0.775182,0,0.881833,0.254658,0.128906,0.00101135,119.355
img_066ac1dbdc61cd379421eeef,left,rig_e7b87302ddd5eea841767532,1772726568854172928,0.8529,indoor,0|1|2|3,Tile_0,16,0.0486902,0.0486902,1.0499,0,0.881833,-0.0486902,-0.174442,0.0414956,87.0159
img_06c8139bc95f57cd809da4fb,right,rig_e98573ad02fccb17e2acf042,1772726481348893952,0.457,covered,0|1|2|3,Tile_0,17,-0.218448,-0.218448,0.803765,0,0.881833,0.218448,0.0926958,0.0145136,119.456
img_06fe18d7805639029a0909d7,right,rig_67298aabd7f28fa9d9b15387,1772726457347432960,0.3484,covered,0|1|2|3,Tile_0,18,-0.258212,-0.258212,0.772431,0,0.881833,0.258212,0.13246,0.00761532,92.1112
img_07354bc7c501761f73d5c2ad,right,rig_71ae938deaaa4b9c6973bf08,1772726485849161984,0.4774,covered,0|1|2|3,Tile_0,19,-0.291279,-0.291279,0.747307,0,0.881833,0.291279,0.165527,0.0200534,107.452
img_074273e7808b362c2a94f76a,left,rig_b6d35ffa75aea615e7ca680d,1772726465847965952,0.3869,indoor,0|1|2|3,Tile_0,20,-0.124731,-0.124731,0.882734,0,0.881833,0.124731,-0.00102118,0.0233743,96.9234
img_07ad9afb8ee9b4439797e520,right,rig_a7eccdb605b1978cb585d069,1772726430345854976,0.2262,outdoor,0|1|2|3,Tile_0,21,-0.0802043,-0.0802043,0.922928,0,0.881833,0.0802043,-0.0455479,0.00352463,125.209
img_0808a922b5bfb00ee7a01908,right,rig_883a4ebb7e6586e4fd3b4547,1772726383842921984,0.0158,stationary_unresolved,0|1|2|3,Tile_0,22,-0.0841405,-0.0841405,0.919302,0,0.881833,0.0841405,-0.0416117,0.0108607,114.693
img_0898f79cccd2c021fa397a68,left,rig_677aee1563d91ee8f93d06ce,1772726451347102976,0.3213,outdoor,0|1|2,Tile_0,23,-0.338011,-0.338011,0.713188,0,0.881833,0.338011,0.212258,0.00221139,112.605
img_08be8925fb80bbea018fd25a,left,rig_b9e77c1689a5f6e9a74cc126,1772726599355994880,0.991,stationary_unresolved,0|1|2,Tile_0,24,-0.141052,-0.141052,0.868444,0,0.881833,0.141052,0.0152998,0.00512468,112.114
img_09089484c86c6333a69d214c,left,rig_87e502b4ef51672981b834d9,1772726577354671104,0.8914,indoor,0|1|3,Tile_0,25,-0.344485,-0.344485,0.708585,0,0.881833,0.344485,0.218733,0.0645453,87.0068
img_0a619ec4779c27a97495a4d5,left,rig_d0d3489bce13de8504e92186,1772726503350252800,0.5566,outdoor,0|1|2|3,Tile_0,26,-0.0924188,-0.0924188,0.911723,0,0.881833,0.0924188,-0.0333334,0.00683794,119.364
img_0b5c7e5b6ece9c8468b97f45,right,rig_e4d458f95dcbeb0f06651337,1772726545852794880,0.7489,indoor,0|1|3,Tile_0,27,-0.108284,-0.108284,0.897372,0,0.881833,0.108284,-0.0174679,0.0254574,70.6602
img_0baaa27b93015822440b687d,right,rig_f8ded7c55aa6618f7f932f78,1772726543352647936,0.7376,indoor,0|1|3,Tile_0,28,-0.00203888,-0.00203888,0.997963,0,0.881833,0.00203888,-0.123713,0.0265744,77.8434
img_0bd606416eabd8fdcf14e062,left,rig_695d8250eaeeb6965adc50d0,1772726470348254976,0.4072,indoor,0|3,Tile_0,29,-0.16051,-0.16051,0.851709,0,0.881833,0.16051,0.0347581,0.0185138,111.925
img_0bdb034725fc3184e49fe35e,left,rig_5ba6282df12e9eb109b72ac5,1772726496349854976,0.5249,outdoor,0|1|2|3,Tile_0,30,-0.118867,-0.118867,0.887926,0,0.881833,0.118867,-0.0068856,0.00303405,122.891
img_0c5af46cf601f1ba240045ea,right,rig_78d42ea51d8af589ae473677,1772726435346088960,0.2489,outdoor,0|1|2|3,Tile_0,31,-0.0730088,-0.0730088,0.929593,0,0.881833,0.0730088,-0.0527434,0.00584169,130.188
img_0c6b408f60b2b130e10c33e8,left,rig_5bd893355a78101c356da067,1772726481848939008,0.4593,covered,0|1|2,Tile_0,32,-0.0829701,-0.0829701,0.920379,0,0.881833,0.0829701,-0.0427821,0.00156986,121.912
img_0ccbf3f46b4b4f4b127c2af2,right,rig_c0ac69772678faceae0ef9a2,1772726506850443776,0.5724,covered,0|3,Tile_0,33,-0.466383,-0.466383,0.627267,0,0.881833,0.466383,0.340631,0.00299632,84.4835
img_0cfe3b000d78b3cbe984aa45,right,rig_10786c3b130262b1f7860d86,1772726523351441920,0.6471,outdoor,0|1|3,Tile_0,34,-0.341172,-0.341172,0.710937,0,0.881833,0.341172,0.21542,0.00128306,74.3832
img_0d0e8da31b5f41cd32b8700d,left,rig_5db1eaca76128be874ae3761,1772726492349612032,0.5068,covered,0|1|2|3,Tile_0,35,-0.0424556,-0.0424556,0.958433,0,0.881833,0.0424556,-0.0832965,0.00462655,123.829
img_0e30201037f2d207322568eb,left,rig_dc7d050f3d4f4e2f909906ff,1772726453847245824,0.3326,outdoor,0|1|2|3,Tile_0,36,-0.153019,-0.153019,0.858113,0,0.881833,0.153019,0.0272669,0.00286046,123.186
img_0ea21c0b2a26ae88b3f41c1b,left,rig_73fcc250282f0b61f460356a,1772726550353076992,0.7692,indoor,0|1|2|3,Tile_0,37,0.0396823,0.0396823,1.04048,0,0.881833,-0.0396823,-0.165434,0.0102041,92.8008
img_0f09b1c8a16caf36b2272fd5,right,rig_8a95544bd414a0336597cf60,1772726489349372928,0.4932,covered,0|1|3,Tile_0,38,-0.37393,-0.37393,0.688025,0,0.881833,0.37393,0.248177,0.00733607,101.996
img_0fcf49cd7f81361297e23ec7,right,rig_867b85a1c6e97d39fa18e806,1772726483349016064,0.4661,covered,0|1|2|3,Tile_0,39,-0.113718,-0.113718,0.89251,0,0.881833,0.113718,-0.0120342,0.0221667,120.89
img_0fd1829e4d452fc9e06670fe,right,rig_9270bb45deabba98f3d35bfa,1772726422845303040,0.1923,outdoor,0|1|2|3,Tile_0,40,-0.318341,-0.318341,0.727355,0,0.881833,0.318341,0.192588,0.00123023,119.664
img_0ff5a27bcf3781c5964f8ee6,left,rig_b7a1dcca113aef53dd74f487,1772726486349241856,0.4796,covered,0|1|2|3,Tile_0,41,-0.0110815,-0.0110815,0.98898,0,0.881833,0.0110815,-0.114671,0.00235479,125.597
img_103dec49eddc71b8b42bba6d,left,rig_1ab5226f8da5570f953ba492,1772726593855660800,0.9661,outdoor,0|1|2|3,Tile_0,42,-0.11071,-0.11071,0.895198,0,0.881833,0.11071,-0.0150421,0.00188685,128.388
img_10530dbf7d673c59270af5e2,right,rig_3a9d46edf8ddc75aac3a8541,1772726393343502080,0.0588,outdoor,0|1|2|3,Tile_0,43,-0.0784501,-0.0784501,0.924548,0,0.881833,0.0784501,-0.0473021,0.0127702,110.386
img_10c63029b85d03efbb6fd32d,left,rig_9614504d089c4bd4339bcbf8,1772726571854343936,0.8665,indoor,0|1|2|3,Tile_0,44,-0.344364,-0.344364,0.708671,0,0.881833,0.344364,0.218611,0.0198723,55.785
img_110381b7bba614dd62d9fdec,left,rig_c834a316c058d90965269ede,1772726479848819968,0.4502,outdoor,0|1|2,Tile_0,45,-0.241316,-0.241316,0.785593,0,0.881833,0.241316,0.115564,0.00414352,118.924
img_11466a5a9c6d1f4586f1c7d2,left,rig_5942bb995bfef7e68350bdd4,1772726570854331136,0.862,indoor,0|1|2|3,Tile_0,46,-0.123558,-0.123558,0.88377,0,0.881833,0.123558,-0.00219379,0.0233139,59.6439
img_114e1796fe707593c85a2478,left,rig_46f240f13cd2c9799ddd288b,1772726466848033024,0.3914,indoor,0|1|2|3,Tile_0,47,-0.114256,-0.114256,0.89203,0,0.881833,0.114256,-0.0114962,0.0289669,101.143
img_1155e179ac216f5cb603d167,left,rig_55d2fa68d70e2680e935a845,1772726427845598976,0.2149,outdoor,0|3,Tile_0,48,-0.24587,-0.24587,0.782024,0,0.881833,0.24587,0.120117,0.00870215,109.132
img_125efba8e64a1900654063c3,right,rig_d5b118e7a9fc9447562f0248,1772726444846667008,0.2919,outdoor,0|1|2|3,Tile_0,49,-0.0292968,-0.0292968,0.971128,0,0.881833,0.0292968,-0.0964554,0.00421145,126.428
img_12a22b7454c54ed6dd944f06,left,rig_7862adc4c91ebba1b81887fe,1772726478348732928,0.4434,outdoor,0|1|2,Tile_0,50,-0.0879846,-0.0879846,0.915775,0,0.881833,0.0879846,-0.0377676,0.0149891,126.58
img_13691d7391a8be50b061c1b3,right,rig_dee50a77658b8fc7cdc87a21,1772726587855288064,0.9389,outdoor,0|1|2|3,Tile_0,51,-0.112582,-0.112582,0.893524,0,0.881833,0.112582,-0.01317,0.0515563,136.609
img_1371e2f1b988b88eea55fbdc,right,rig_e585abc0baa8a604cac46954,1772726437846272000,0.2602,outdoor,0|1|2|3,Tile_0,52,0.0491639,0.0491639,1.05039,0,0.881833,-0.0491639,-0.174916,0.00659643,129.974
img_1447a95d9944f177d0c884ab,right,rig_e0ad9a754c98bed980df1462,1772726555353361920,0.7919,indoor,0|1|3,Tile_0,53,-0.230604,-0.230604,0.794054,0,0.881833,0.230604,0.104852,0.00840025,62.618
img_15207674b99f1db132d932c6,left,rig_7ee093cfd4a4a20579ebc37a,1772726513850887936,0.6041,outdoor,0|1|2|3,Tile_0,54,0.1194,0.1194,1.12682,0,0.881833,-0.1194,-0.245152,0.00510204,116.418
img_1577cf4d82720ebc65a2d403,right,rig_5ba6282df12e9eb109b72ac5,1772726496349851904,0.5249,outdoor,0|1|3,Tile_0,55,-0.381145,-0.381145,0.683079,0,0.881833,0.381145,0.255393,0.00468693,90.8253
img_15fb76ef6ac109612bfa8138,right,rig_08045c9415b26b9156f0210b,1772726493349649920,0.5113,outdoor,0|1|2|3,Tile_0,56,-0.267618,-0.267618,0.7652,0,0.881833,0.267618,0.141866,0.00654359,92.9584
img_1618118629bef1789633f0dd,right,rig_95015a4111967a6aaf48d481,1772726411844603136,0.1425,outdoor,0|1|2|3,Tile_0,57,-0.417284,-0.417284,0.658834,0,0.881833,0.417284,0.291531,0.00731343,86.0251
img_1625062b5dbc6697b950a64d,right,rig_baf1f86f504d512866abf083,1772726549353006848,0.7647,indoor,0|1|3,Tile_0,58,-0.27072,-0.27072,0.76283,0,0.881833,0.27072,0.144968,0.0330274,61.9469
img_17448ab8d9da2c0b067a56a8,left,rig_239e0e0e1c144aa3406d452a,1772726499350018048,0.5385,outdoor,0|1|2|3,Tile_0,59,-0.144331,-0.144331,0.865601,0,0.881833,0.144331,0.0185792,0.000641529,120.619
img_18576273c5c20fc7e1f342c8,left,rig_8f689c5c301741cf23abc7c9,1772726460847641856,0.3643,covered,0|1|2|3,Tile_0,60,-0.168277,-0.168277,0.84512,0,0.881833,0.168277,0.0425248,0.0195855,99.6059
img_1871157e950c16814045b7fb,right,rig_000e7028c2e231119a9064fc,1772726516851055872,0.6176,outdoor,0|1|2|3,Tile_0,61,0.00569768,0.00569768,1.00571,0,0.881833,-0.00569768,-0.13145,0.0173968,95.3866
img_18bab3dd6b4d34c67c53fdb6,right,rig_7f2588eb25297d7f69e812fc,1772726449346952960,0.3122,outdoor,0|1|2|3,Tile_0,62,-0.0068432,-0.0068432,0.99318,0,0.881833,0.0068432,-0.118909,0.00517751,123.775
img_190257395cb0336ab5d50631,right,rig_42c8aac685d419f4a083e936,1772726484349078016,0.4706,covered,0|1|2|3,Tile_0,63,-0.128613,-0.128613,0.879314,0,0.881833,0.128613,0.00286078,0.0317142,121.015
img_19b325eb7f251301eb6db660,right,rig_f4fa085608d11316ec5a7092,1772726436346120960,0.2534,outdoor,0|1|2|3,Tile_0,64,0.0172801,0.0172801,1.01743,0,0.881833,-0.0172801,-0.143032,0.00599263,130.187
img_19e8211ae6c6bb6328e3ac0c,left,rig_a9481abfdcb40f879a0fa555,1772726506350424064,0.5701,covered,0|1|2|3,Tile_0,65,-0.0464994,-0.0464994,0.954565,0,0.881833,0.0464994,-0.0792528,0.00735871,105.317
img_19f9a29e0653442b28934a1d,left,rig_e407ca7277d806fb33b09f51,1772726585855233024,0.9299,outdoor,0|3,Tile_0,66,-0.323464,-0.323464,0.723638,0,0.881833,0.323464,0.197712,0.00725305,104.692
img_1a38b2127348ddbd3e540b2f,right,rig_815f0bdecab8dc5043ac5c96,1772726416844912896,0.1652,outdoor,0|1|2|3,Tile_0,67,-0.0624092,-0.0624092,0.939498,0,0.881833,0.0624092,-0.0633429,0.00642284,125.071
img_1a415e4ff347474b2fe0e6fd,right,rig_38eb9f77a7130dc9f18b2333,1772726389843281920,0.043,outdoor,0|1|2|3,Tile_0,68,-0.0682431,-0.0682431,0.934033,0,0.881833,0.0682431,-0.0575091,0.0142646,110.211
img_1a5eee9849f95e3f1ffef40d,right,rig_91e8f573f92fc625b8bc22c6,1772726446846832896,0.3009,outdoor,0|1|2|3,Tile_0,69,-0.0671326,-0.0671326,0.935071,0,0.881833,0.0671326,-0.0586196,0.00378879,120.21
img_1a62eea81648de2de47d1d27,right,rig_cc780f250500d86fdd99fa40,1772726428845664000,0.2195,outdoor,0|1|2|3,Tile_0,70,-0.0168802,-0.0168802,0.983262,0,0.881833,0.0168802,-0.108872,0.00313217,126.223
img_1a7c8c71cb3bf1efb9603846,left,rig_8fb31491596f578115f083f3,1772726540352512000,0.724,indoor,0|1|3,Tile_0,71,0.0196697,0.0196697,1.01986,0,0.881833,-0.0196697,-0.145422,0.0290122,88.5118
img_1aa7b18f3768436540234cc0,left,rig_efe79713cf7a7fd38fbf03f9,1772726535852226048,0.7036,indoor,0|1|2|3,Tile_0,72,-0.700404,-0.693147,0.5,1,0.881833,0.693147,0.567395,0.0163175,68.8814
img_1b406da0e87bb6871507e4a4,left,rig_f6c0a409ad2a6f05349ec701,1772726595355776000,0.9729,outdoor,0|1|2,Tile_0,73,-0.162652,-0.162652,0.849887,0,0.881833,0.162652,0.0368997,0.00236234,128.273
img_1bc6af48816e6b6269928548,right,rig_0deca8a3105fec84911844ac,1772726601356096000,1,stationary_unresolved,0|1|2|3,Tile_0,74,-0.324352,-0.324352,0.722996,0,0.881833,0.324352,0.198599,0.0111852,105.556
img_1bdd12683633f0e9db0e63a8,left,rig_54dd0aae97db62e2835f9262,1772726504850355968,0.5633,outdoor,0|1|2|3,Tile_0,75,0.0530663,0.0530663,1.0545,0,0.881833,-0.0530663,-0.178818,0.0193364,121.32
img_1c8b089945f81db8f6c8dded,left,rig_a651d290576dfa06dcd5066f,1772726513350861056,0.6018,outdoor,0|1|2|3,Tile_0,76,-0.0342239,-0.0342239,0.966355,0,0.881833,0.0342239,-0.0915282,0.0053662,118.216
img_1dbea71c3cf92e7aa3fc5df4,left,rig_baf1f86f504d512866abf083,1772726549353015808,0.7647,indoor,0|1|2|3,Tile_0,77,-0.269305,-0.269305,0.76391,0,0.881833,0.269305,0.143553,0.00993992,86.7319
img_1de04bfc85f49dfaa0d0a760,left,rig_9c5420c2dc4237861155c34a,1772726568354146048,0.8507,indoor,0|1|2|3,Tile_0,78,0.182551,0.182551,1.20028,0,0.881833,-0.182551,-0.308303,0.0430881,94.0366
img_1ebc50fda2a6ee2870ef2919,left,rig_9b30bbe8a1c651d62230aada,1772726431845929984,0.233,outdoor,0|3,Tile_0,79,-0.223573,-0.223573,0.799657,0,0.881833,0.223573,0.0978208,0.00341897,97.8615
img_1f5dcabe54d22d5e520d4af1,right,rig_44c5ab838227c5301b4ca274,1772726538352439808,0.7149,indoor,0|1|2,Tile_0,80,-0.213139,-0.213139,0.808044,0,0.881833,0.213139,0.0873868,0.0161061,84.1619
img_1f7cf648acdfeca84393921f,right,rig_09c06411065d337169b08361,1772726380842701056,0.0023,stationary_unresolved,0|1|2|3,Tile_0,81,-0.0450748,-0.0450748,0.955926,0,0.881833,0.0450748,-0.0806773,0.0109588,114.496
img_1fb3a72aca781ca07d397457,right,rig_a269c1f9931fa5f01c0c3525,1772726422345296896,0.19,outdoor,0|1|2|3,Tile_0,82,-0.395656,-0.395656,0.673238,0,0.881833,0.395656,0.269903,0.00107173,119.413
img_204ab088850d639090e9ac4e,left,rig_ee943dd6b5dc0ea6f147e99c,1772726509350616064,0.5837,covered,0|1|2|3,Tile_0,83,-0.0672192,-0.0672192,0.93499,0,0.881833,0.0672192,-0.058533,0.0120834,114.524
img_20a58f5ac4250200235962e2,right,rig_bd64003ad2891939b621d468,1772726434846021888,0.2466,outdoor,0|1|2|3,Tile_0,84,0.0278098,0.0278098,1.0282,0,0.881833,-0.0278098,-0.153562,0.00581904,130.53
img_20db9aea57590d693ed1f417,right,rig_06c6acc11162079bbf66bfcb,1772726404844192000,0.1109,outdoor,0|1|2|3,Tile_0,85,-0.0606358,-0.0606358,0.941166,0,0.881833,0.0606358,-0.0651164,0.0110418,105.27
img_21571925b3bdee2457e819f8,left,rig_c4948ea06c313f97a02e89a1,1772726421845287936,0.1878,outdoor,0|1|3,Tile_0,86,-0.197889,-0.197889,0.820461,0,0.881833,0.197889,0.0721364,0.0124909,107.075
img_219ea8f06811fd11b0b0b7e9,left,rig_421a6a88885f1816ddea56e9,1772726418345032960,0.1719,outdoor,0|3,Tile_0,87,-0.307003,-0.307003,0.735648,0,0.881833,0.307003,0.181251,0.00870215,114.007
img_21b946b919113ef2ad217f20,left,rig_f06333428d4f48f2cf7fbe79,1772726510350723072,0.5882,covered,0|1|2|3,Tile_0,88,-0.0446899,-0.0446899,0.956294,0,0.881833,0.0446899,-0.0810622,0.0062266,114.998
img_21d4e3abf4b931012a5defa6,left,rig_42c8aac685d419f4a083e936,1772726484349094912,0.4706,covered,0|1|2,Tile_0,89,-0.0336719,-0.0336719,0.966889,0,0.881833,0.0336719,-0.0920803,0.00179628,127.137
img_22d548c6b36b38776c5e943b,right,rig_659d09ba8e1aa4a543372606,1772726490349437952,0.4977,covered,0|1|3,Tile_0,90,-0.308136,-0.308136,0.734815,0,0.881833,0.308136,0.182384,0.00558507,99.7451
img_22e44fb6ad093ee3fb1939ad,left,rig_75972693af0c6674030fbff4,1772726482849031936,0.4638,covered,0|1|2,Tile_0,91,-0.19459,-0.19459,0.823172,0,0.881833,0.19459,0.0688374,0.00105664,125.641
img_231b7c7f9d8a8a43c94a9fd3,left,rig_3d24f62e769f9eae03564a1a,1772726567854188032,0.8484,indoor,0|1|2|3,Tile_0,92,0.251996,0.251996,1.28659,0,0.881833,-0.251996,-0.377748,0.0394578,96.8442
img_23bcc9a1d7f545975441d295,left,rig_38381b3fc18c826f13eeff77,1772726432846009856,0.2376,outdoor,0|3,Tile_0,93,-0.291065,-0.291065,0.747467,0,0.881833,0.291065,0.165313,0.00718512,110.988
img_23c65376ef8846d50e306c49,right,rig_cdf107e3e1b044065efd0add,1772726536852359168,0.7081,indoor,0|1|2,Tile_0,94,-0.192325,-0.192325,0.825039,0,0.881833,0.192325,0.0665729,0.00938142,77.6649
img_23dfbf209861f4b03fe77515,left,rig_74a2fbfee61b66c0431611c4,1772726488349326848,0.4887,covered,0|1|2|3,Tile_0,95,-0.0331413,-0.0331413,0.967402,0,0.881833,0.0331413,-0.0926109,0.00301141,125.521
img_23f736d972ccf1608ccbe107,right,rig_77d59ad49037938e9356612d,1772726425345463040,0.2036,outdoor,0|1|2|3,Tile_0,96,-0.439778,-0.439778,0.644179,0,0.881833,0.439778,0.314026,0.00117739,120.793
img_24360a542c1b719c91d5a0e8,right,rig_d7a8710ef2ec0515707ccb1c,1772726541352529920,0.7285,indoor,0|1|2|3,Tile_0,97,-0.164159,-0.164159,0.848607,0,0.881833,0.164159,0.0384072,0.0224309,72.2144
img_245cad044e9f3a264ef1987a,left,rig_69c65f7075f6f69eff3108cd,1772726599856021760,0.9932,stationary_unresolved,0|1|2,Tile_0,98,-0.186272,-0.186272,0.830048,0,0.881833,0.186272,0.0605197,0.00519261,110.975
img_2461a33a99ca0046b9a7c112,right,rig_3968ced941aff232b9a4cb9c,1772726511350733056,0.5928,covered,0|1|2|3,Tile_0,99,-0.222345,-0.222345,0.800639,0,0.881833,0.222345,0.096593,0.0193591,84.1759
img_246e9ec9e0ed774cd0cbefb4,right,rig_3fcd9fae7198946570f03492,1772726383342850816,0.0136,stationary_unresolved,0|1|2|3,Tile_0,100,-0.0653115,-0.0653115,0.936776,0,0.881833,0.0653115,-0.0604407,0.0108532,114.684
img_24c2a995e3fcebf84f29eaa8,right,rig_ba5318699c629cc66af87c63,1772726593355615744,0.9638,outdoor,0|3,Tile_0,101,-0.419065,-0.419065,0.657661,0,0.881833,0.419065,0.293313,0.0215478,110.86
img_24d4e5bc6fa22cd9ea92ff2e,right,rig_421a6a88885f1816ddea56e9,1772726418345015040,0.1719,outdoor,0|1|2|3,Tile_0,102,-0.0289049,-0.0289049,0.971509,0,0.881833,0.0289049,-0.0968472,0.00534356,126.335
img_2528134f0c15a2a2a931c0df,right,rig_1d90e98300a7062d9a2aaa55,1772726432345931008,0.2353,outdoor,0|1|2|3,Tile_0,103,-0.125744,-0.125744,0.88184,0,0.881833,0.125744,-7.95722e-06,0.00435485,127.181
img_2583dd744e4c06e135d8853a,right,rig_d5ea6b2b38d4468cdf4ea78f,1772726412344637952,0.1448,outdoor,0|1|2|3,Tile_0,104,-0.31961,-0.31961,0.726432,0,0.881833,0.31961,0.193858,0.0158948,100.483
img_25873a17d1cb3eab2998efaa,left,rig_91315d3ab36ef2819c717c09,1772726505350363136,0.5656,covered,0|1|2|3,Tile_0,105,-0.0372893,-0.0372893,0.963397,0,0.881833,0.0372893,-0.0884629,0.0168533,117.752
img_26e10d650ada982eed86237e,right,rig_fdfcb9dc9abc485751e8d4da,1772726517351086848,0.6199,outdoor,0|1|2|3,Tile_0,106,-0.116644,-0.116644,0.889902,0,0.881833,0.116644,-0.00910851,0.0145136,93.4617
img_26f74b29376a0bc5d2f9d8b7,left,rig_1e3881120caef06297f0f25e,1772726478848760832,0.4457,outdoor,0|1|2,Tile_0,107,-0.15534,-0.15534,0.856124,0,0.881833,0.15534,0.0295874,0.0107852,122.97
img_27c0b49a4b63e69324d8c3d1,right,rig_6296a401173f311ed04d9c2f,1772726550853093888,0.7715,indoor,0|1|3,Tile_0,108,-0.329752,-0.329752,0.719102,0,0.881833,0.329752,0.203999,0.0303254,61.377
img_282eaf688d90268d18f5fd7a,left,rig_628ed43a6e99e253002d2a91,1772726484849123840,0.4729,covered,0|1|2,Tile_0,109,-0.0595342,-0.0595342,0.942203,0,0.881833,0.0595342,-0.066218,0.00188685,127.476
img_28ae3ec748a5e0d8c78031df,right,rig_244a3146cf6923f6963a3a04,1772726419845116928,0.1787,outdoor,0|1|2|3,Tile_0,110,-0.125752,-0.125752,0.881833,0,0.881833,0.125752,0,0.00273216,122.876
img_28d49635350a139c44d259ec,right,rig_d0d21b60f0a7f6764ead35e1,1772726476348654080,0.4344,outdoor,0|1|2|3,Tile_0,111,-0.127285,-0.127285,0.880483,0,0.881833,0.127285,0.00153299,0.0150269,116.016
img_296543e0b24fc5e6e262f386,right,rig_9d5f571dfecabff590a1442a,1772726474848523008,0.4276,outdoor,0|1|2|3,Tile_0,112,-0.182454,-0.182454,0.833223,0,0.881833,0.182454,0.0567017,0.0244007,120.674
img_298eb4ad7a7fb190d39583ea,right,rig_98411c0aa32b79a2d0ca9baa,1772726403344114176,0.1041,outdoor,0|1|2|3,Tile_0,113,-0.169342,-0.169342,0.84422,0,0.881833,0.169342,0.0435895,0.00314726,92.7395
img_29f0cdf6a31f8207e452d529,left,rig_e8f612a2355b17f8b3c2c37d,1772726450347032064,0.3167,outdoor,0|1|2|3,Tile_0,114,-0.267109,-0.267109,0.76559,0,0.881833,0.267109,0.141356,0.00132079,103.187
img_2a01d8380fb472ce1a05426b,left,rig_164ce30d30979d2920995f26,1772726454847305984,0.3371,outdoor,0|1|2|3,Tile_0,115,-0.117624,-0.117624,0.88903,0,0.881833,0.117624,-0.00812802,0.00299632,120.353
img_2a2ffa54460f316927e5ffa5,left,rig_56363446e94c146075038316,1772726537852345856,0.7127,indoor,0|1|3,Tile_0,116,-0.495052,-0.495052,0.609539,0,0.881833,0.495052,0.3693,0.0145438,58.6361
img_2a571292a4944bb3c65b1e06,left,rig_7f2588eb25297d7f69e812fc,1772726449346968832,0.3122,outdoor,0|1|2|3,Tile_0,117,-0.344771,-0.344771,0.708383,0,0.881833,0.344771,0.219019,0.00447561,105.104
img_2b03f8db151c2afacd17aa26,left,rig_dbc687d199a2da7ebdb5dda7,1772726559853716736,0.8122,indoor,0|1|2|3,Tile_0,118,0.351759,0.351759,1.42157,0,0.881833,-0.351759,-0.477511,0.0189213,103.05
img_2b193a1fc7e61ea656b8c654,right,rig_54dd0aae97db62e2835f9262,1772726504850352896,0.5633,outdoor,0|3,Tile_0,119,-0.260225,-0.260225,0.770878,0,0.881833,0.260225,0.134473,0.00849082,107.364
img_2b4f13c695909781ea9270a7,left,rig_93ddb5288f9d2dadb2d5c06c,1772726423345303040,0.1946,outdoor,0|1|3,Tile_0,120,-0.207156,-0.207156,0.812893,0,0.881833,0.207156,0.0814036,0.0137815,106.389
img_2bd2f89c0ed9038a7ebb2598,right,rig_b956cd29b76bd80f8e2fcff3,1772726441846484992,0.2783,outdoor,0|1|2|3,Tile_0,121,-0.0355336,-0.0355336,0.96509,0,0.881833,0.0355336,-0.0902186,0.00588697,119.286
img_2c358f7a9417c85d1593883a,right,rig_7f979503308dbb5497dc8184,1772726547852914944,0.7579,indoor,0|1|3,Tile_0,122,-0.325848,-0.325848,0.721915,0,0.881833,0.325848,0.200096,0.0351331,72.1047
img_2c48bbf509b38c8a6870501a,left,rig_e869791fa28178aa7bf19129,1772726582855049728,0.9163,indoor,0|3,Tile_0,123,-0.160634,-0.160634,0.851603,0,0.881833,0.160634,0.0348822,0.0632246,127.551
img_2cb25c84f93cba5efbbe84c5,right,rig_a9ee8dfa439c365279d61976,1772726405844225792,0.1154,outdoor,0|1|2|3,Tile_0,124,-0.198477,-0.198477,0.819979,0,0.881833,0.198477,0.0727244,0.0151627,102.931
img_2d1f1a8a27f682dc4d1d2341,right,rig_56363446e94c146075038316,1772726537852328960,0.7127,indoor,0|1|2,Tile_0,125,-0.258017,-0.258017,0.772582,0,0.881833,0.258017,0.132265,0.0118494,76.877
img_2e26d35424d8cce53de1db47,left,rig_2d8f0bdda1ba1facabf86573,1772726480848880128,0.4548,covered,0|1|2,Tile_0,126,-0.192313,-0.192313,0.825048,0,0.881833,0.192313,0.0665612,0.00147929,115.574
img_2e52f81e7ee67150f3fdea5c,right,rig_1a8aa3d2d41fd3a907f5761d,1772726528851806976,0.6719,indoor,0|1|3,Tile_0,127,0.442272,0.442272,1.55624,0,0.881833,-0.442272,-0.568024,0.0219101,102.409
img_2f10fcf8c5f46899fd84dae9,left,rig_c0ac69772678faceae0ef9a2,1772726506850470144,0.5724,covered,0|1|2|3,Tile_0,128,-0.0422576,-0.0422576,0.958623,0,0.881833,0.0422576,-0.0834946,0.00547941,102.018
img_2f7b071dd4a79eebbbade4ce,left,rig_26e50c15137820a10f968d07,1772726447846873088,0.3054,outdoor,0|1|2|3,Tile_0,129,-0.362323,-0.362323,0.696058,0,0.881833,0.362323,0.236571,0.00561526,108.129
img_2f8a2aae4ed7883e440a4072,left,rig_44c5ab838227c5301b4ca274,1772726538352443904,0.7149,indoor,0|1|3,Tile_0,130,-0.235763,-0.235763,0.789968,0,0.881833,0.235763,0.110011,0.00996256,59.8755
img_2fa0e87e84861be1dfacfe33,left,rig_ce5f04bbbfd27e2ea68e131c,1772726445846744064,0.2964,outdoor,0|3,Tile_0,131,-0.325863,-0.325863,0.721904,0,0.881833,0.325863,0.200111,0.0115475,107.542
img_2fe423406c20124d89e4eefe,right,rig_d5186ce78eff9fccefa2c9c4,1772726527851723008,0.6674,indoor,0|1|3,Tile_0,132,0.449127,0.449127,1.56694,0,0.881833,-0.449127,-0.574879,0.0175402,107.438
img_2fe71151d4c449e1d3233bb5,right,rig_7dd4daacf866047206cfc7cd,1772726587355255808,0.9367,outdoor,0|1|2|3,Tile_0,133,-0.069577,-0.069577,0.932788,0,0.881833,0.069577,-0.0561752,0.0341973,132.562
img_3039370f245c728e2420d10a,right,rig_9f4872e9303c818831e70a82,1772726581354892032,0.9095,indoor,0|1|2,Tile_0,134,0.0412928,0.0412928,1.04216,0,0.881833,-0.0412928,-0.167045,0.0342652,116.148
img_3043344b3e94c3b01cca615b,right,rig_6c81c8380411c3f8b5338f5b,1772726494849748736,0.5181,outdoor,0|1|2|3,Tile_0,135,-0.338762,-0.338762,0.712652,0,0.881833,0.338762,0.21301,0.00744928,95.1854
img_304b50c95ed848aecc410e2d,left,rig_137f7ca11f3ce7fff3502d2f,1772726594855721984,0.9706,outdoor,0|1|2|3,Tile_0,136,-0.0873459,-0.0873459,0.91636,0,0.881833,0.0873459,-0.0384063,0.00219629,128.512
img_312d2eb9da835e3f76e2ca08,left,rig_f5d85a923d4d655269390443,1772726583855062016,0.9208,covered,0|3,Tile_0,137,-0.433056,-0.433056,0.648524,0,0.881833,0.433056,0.307304,0.00808326,107.362
img_313927f8276bed83888b9791,right,rig_7a24f47d6c5ebd963de0ca67,1772726380342686976,0,stationary_unresolved,0|1|2|3,Tile_0,138,-0.0662704,-0.0662704,0.935878,0,0.881833,0.0662704,-0.0594818,0.0108833,114.42
img_31da46dee68cbffb8b8d1ac3,left,rig_3498b35f4620e15e5dcbbbf8,1772726539352484096,0.7195,indoor,0|1|3,Tile_0,139,-0.124054,-0.124054,0.883332,0,0.881833,0.124054,-0.00169824,0.0194572,80.5262
img_31fb7f1b070f7fce4248960d,right,rig_e576df630958d6c8fa132821,1772726472848409856,0.4186,outdoor,0|1|2|3,Tile_0,140,-0.0927459,-0.0927459,0.911425,0,0.881833,0.0927459,-0.0330063,0.012174,123.966
img_322efdb132cc0b10097d5d2f,left,rig_ae4998da7d29fe3cf72badee,1772726477348679936,0.4389,outdoor,0|1|2,Tile_0,141,-0.194024,-0.194024,0.823638,0,0.881833,0.194024,0.0682717,0.015359,128.146
img_32de473ad787ca0a568e7a34,left,rig_5b8f8987e5c066d5adbfbd83,1772726507850516992,0.5769,covered,0|1|2|3,Tile_0,142,-0.0170505,-0.0170505,0.983094,0,0.881833,0.0170505,-0.108702,0.00745683,101.419
img_32e9de537a5b3fe60feaa235,left,rig_8c9df4cc0f7e042daa4d11b5,1772726462347738880,0.371,indoor,0|1|2|3,Tile_0,143,-0.0743994,-0.0743994,0.928301,0,0.881833,0.0743994,-0.0513528,0.0198723,96.3736
img_332391c32c9690fa8c9a0d25,left,rig_d0d21b60f0a7f6764ead35e1,1772726476348655872,0.4344,outdoor,0|1|2,Tile_0,144,-0.0548966,-0.0548966,0.946583,0,0.881833,0.0548966,-0.0708556,0.00524544,123.847
img_336e1066e62f9bd81c7fb187,right,rig_388a49b5615936ae67d820be,1772726440846436864,0.2738,outdoor,0|1|2|3,Tile_0,145,-0.120181,-0.120181,0.88676,0,0.881833,0.120181,-0.00557116,0.00715493,124.733
img_3393210d231014661a40fa97,right,rig_46f240f13cd2c9799ddd288b,1772726466848016896,0.3914,indoor,0|1|2|3,Tile_0,146,0.31853,0.31853,1.37511,0,0.881833,-0.31853,-0.444283,0.00995502,114.94
img_340ae29e89772b35f8739137,right,rig_845d3f5e0068e3363d4d6e0b,1772726495849774848,0.5226,outdoor,0|1|3,Tile_0,147,-0.331148,-0.331148,0.718099,0,0.881833,0.331148,0.205396,0.00714739,94.699
img_34740bb45b5ff4b8f0691b68,left,rig_3a320fe4b204c9933496b019,1772726483849063936,0.4683,covered,0|1|2,Tile_0,148,-0.0998455,-0.0998455,0.904977,0,0.881833,0.0998455,-0.0259067,0.0018944,127.117
img_357e0e61ad2c2c039b3d8981,left,rig_ed16943e003f7cce4fcbc055,1772726564853989888,0.8348,indoor,0|1|2|3,Tile_0,149,0.101046,0.101046,1.10633,0,0.881833,-0.101046,-0.226798,0.0162646,91.1751
img_36179b59758015708cbc0529,right,rig_c5283cd6ab5e0aa874eff166,1772726439346339840,0.267,outdoor,0|1|2|3,Tile_0,150,0.0137066,0.0137066,1.0138,0,0.881833,-0.0137066,-0.139459,0.00712474,128.763
img_362f09e7739015207616d3d1,right,rig_358f66a96b2fd87a9bb34919,1772726584355077120,0.9231,outdoor,0|1|2,Tile_0,151,-0.117208,-0.117208,0.8894,0,0.881833,0.117208,-0.00854374,0.00699644,115.865
img_3674d4aa9eeeccc919db54a9,right,rig_9838789f9a6a87aba15b73bf,1772726391843453952,0.052,outdoor,0|1|2|3,Tile_0,152,-0.0845272,-0.0845272,0.918947,0,0.881833,0.0845272,-0.0412249,0.010589,108.818
img_36cdbf68fcc766fb18c480a2,left,rig_bd64003ad2891939b621d468,1772726434846037760,0.2466,outdoor,0|3,Tile_0,153,-0.302607,-0.302607,0.73889,0,0.881833,0.302607,0.176855,0.017193,113.974
img_36d8bec5f2733d9cb65049e8,right,rig_b80565635f69091466b4cc32,1772726553353293056,0.7828,indoor,0|1|3,Tile_0,154,-0.509352,-0.509352,0.600885,0,0.881833,0.509352,0.3836,0.0260083,59.191
img_36e74cf7a944d9e1fac9aac6,right,rig_ed63431d19d218ecf3fca2b4,1772726508850566912,0.5814,covered,0|1|3,Tile_0,155,-0.190252,-0.190252,0.826751,0,0.881833,0.190252,0.0644993,0.0134947,95.0205
img_371829f130cc2bfcee62b62f,left,rig_cfc18cfe48f786541e17e507,1772726431345901056,0.2308,outdoor,0|3,Tile_0,156,-0.263738,-0.263738,0.768175,0,0.881833,0.263738,0.137985,0.00356992,96.1272
img_38f675d4e9377237a9fb5a56,left,rig_e103c590c09389ae0126d79e,1772726437346205952,0.2579,outdoor,0|3,Tile_0,157,-0.403013,-0.403013,0.668303,0,0.881833,0.403013,0.277261,0.0107852,105.924
img_38fa922ad61d7da7aa5839a9,left,rig_902609d5327928fded01e1b9,1772726463847832064,0.3778,indoor,0|1|3,Tile_0,158,-0.159632,-0.159632,0.852458,0,0.881833,0.159632,0.0338795,0.0228837,96.8337
img_3902505c4cb7ff45451f2bc1,right,rig_ecdcd5cf180b6355105f69dd,1772726487849280000,0.4864,covered,0|1|2|3,Tile_0,159,-0.411703,-0.411703,0.662521,0,0.881833,0.411703,0.285951,0.0123928,103.467
img_39270baa183005e40c561a87,left,rig_ed33bf04ed9e08f599df2b53,1772726561853817856,0.8213,indoor,0|1|2,Tile_0,160,0.310274,0.310274,1.3638,0,0.881833,-0.310274,-0.436026,0.0188459,98.7594
img_3991b4dd0731c1ce6d644839,left,rig_170506eedce2237ac07c901a,1772726572354415872,0.8688,indoor,0|1|3,Tile_0,161,-0.199816,-0.199816,0.818882,0,0.881833,0.199816,0.0740635,0.0184534,53.6183
img_39a06855544f8de8351e1656,right,rig_a33a8865eb8de38ea721d39e,1772726388343209984,0.0362,stationary_unresolved,0|1|2|3,Tile_0,162,0.0265045,0.0265045,1.02686,0,0.881833,-0.0265045,-0.152257,0.0108154,114.465
img_39a2d47accaabf667edfaff8,left,rig_0d54a9615cbd3ca2a4fd9201,1772726468848158720,0.4005,indoor,0|3,Tile_0,163,-0.19624,-0.19624,0.821815,0,0.881833,0.19624,0.0704882,0.0136231,100.431
img_39bde7ed1336ec78411af4c0,right,rig_17282dbd39188418a1f5eefc,1772726426845512960,0.2104,outdoor,0|1|2|3,Tile_0,164,-0.0719134,-0.0719134,0.930612,0,0.881833,0.0719134,-0.0538388,0.000400012,120.202
img_39d39b7da0de74e43e25c19f,right,rig_73fcc250282f0b61f460356a,1772726550353062912,0.7692,indoor,0|1|3,Tile_0,165,-0.405288,-0.405288,0.666785,0,0.881833,0.405288,0.279536,0.0286877,58.5427
img_3a1483836f813dc9ad7e4edb,right,rig_5c02d0174791430a31e970bf,1772726398343756800,0.0814,outdoor,0|1|2|3,Tile_0,166,-0.24324,-0.24324,0.784083,0,0.881833,0.24324,0.117488,0.00444542,100.105
img_3a21b7ae860b72ed8804abcc,left,rig_d5ad6e81c3c552f2ccd6e469,1772726454347276032,0.3348,outdoor,0|1|2|3,Tile_0,167,-0.154638,-0.154638,0.856725,0,0.881833,0.154638,0.0288859,0.00313217,121.986
img_3a2cd4cb27c6ae470c8a776f,right,rig_9bc444ecb573fb381ad46385,1772726556853451008,0.7986,indoor,0|3,Tile_0,168,0.270142,0.270142,1.31015,0,0.881833,-0.270142,-0.395894,0.0115324,95.8123
img_3a3f6e458912e59d4d103169,right,rig_fd5029fa6244f23a7f271048,1772726575354534912,0.8824,indoor,0|1|2,Tile_0,169,0.691441,0.691441,1.99659,0,0.881833,-0.691441,-0.817193,0.0909612,132.059
img_3a67c36eb4b7f4b5eacf371d,left,rig_b6c28fb60084e876cb1574da,1772726449847025920,0.3145,outdoor,0|1|2|3,Tile_0,170,-0.271795,-0.271795,0.76201,0,0.881833,0.271795,0.146043,0.00452089,106.036
img_3a6ce437da18165267558062,left,rig_7ad14362b8ac6b0657939ec6,1772726461847707904,0.3688,indoor,0|1|2|3,Tile_0,171,-0.0796696,-0.0796696,0.923421,0,0.881833,0.0796696,-0.0460826,0.0174571,96.8923
img_3aa5f8a1a9bd140b901357b4,right,rig_214904616a70a88658d746f2,1772726510850697984,0.5905,covered,0|1|2|3,Tile_0,172,-0.158796,-0.158796,0.853171,0,0.881833,0.158796,0.0330434,0.0246875,93.7141
img_3ac01cda397a4cc40e9e6616,right,rig_4913278e27738ee2d6dd6368,1772726589855403776,0.948,outdoor,0|3,Tile_0,173,-0.456966,-0.456966,0.633202,0,0.881833,0.456966,0.331214,0.0199478,111.007
img_3b6ed57064a70ad37a048c7b,right,rig_7fdb0caca6507a455ae7188f,1772726515850993920,0.6131,outdoor,0|1|2|3,Tile_0,174,-0.00858455,-0.00858455,0.991452,0,0.881833,0.00858455,-0.117168,0.0225592,100.616
img_3bda781d868a9fac1d656701,right,rig_2eceaef844c68e4af5ba152c,1772726464347843840,0.3801,indoor,0|1|2|3,Tile_0,175,0.0713905,0.0713905,1.074,0,0.881833,-0.0713905,-0.197143,0.00654359,100.334
img_3ca07cccfdd3e5371e570909,right,rig_30d4452a792173a2a3a04f83,1772726487349249792,0.4842,covered,0|1|3,Tile_0,176,-0.294371,-0.294371,0.745,0,0.881833,0.294371,0.168619,0.012891,102.698
img_3caf02b05fda5adf6265db80,left,rig_8aab95e150e309add8a41d73,1772726443346633984,0.2851,outdoor,0|3,Tile_0,177,-0.403873,-0.403873,0.667729,0,0.881833,0.403873,0.278121,0.0141967,107.293
img_3d1b5a29d5f1e5eadcddf16e,left,rig_4c0225da8a77199deca115fd,1772726566854088192,0.8439,indoor,0|1|2|3,Tile_0,178,0.230259,0.230259,1.25893,0,0.881833,-0.230259,-0.356011,0.0219856,90.4736
img_3dd943e1fbc94dc8c092af49,right,rig_b6c28fb60084e876cb1574da,1772726449847023872,0.3145,outdoor,0|1|2|3,Tile_0,179,-0.0624168,-0.0624168,0.939491,0,0.881833,0.0624168,-0.0633354,0.00549451,123.106
img_3ecb1a5cb53e875c9a44c043,left,rig_6ac4fbfb6c11253d29172b3e,1772726578854810112,0.8982,indoor,0|1|3,Tile_0,180,-0.00939026,-0.00939026,0.990654,0,0.881833,0.00939026,-0.116362,0.026914,105.873
img_3f3cab25aa79e21874774641,right,rig_14d04a77332d48a4e699008e,1772726531351935744,0.6833,indoor,0|1|3,Tile_0,181,0.00438415,0.00438415,1.00439,0,0.881833,-0.00438415,-0.130136,0.0203402,97.5769
img_3fa45fac1cc1abd6364f0bd3,right,rig_aa9ac4028b9a2a76f393fd18,1772726512350790144,0.5973,outdoor,0|1|2|3,Tile_0,182,-0.168656,-0.168656,0.844799,0,0.881833,0.168656,0.0429042,0.0154344,78.5811
img_40839df87738117d53fe5712,left,rig_499c71c63328b454a4c529ad,1772726438846319872,0.2647,outdoor,0|3,Tile_0,183,-0.382965,-0.382965,0.681836,0,0.881833,0.382965,0.257213,0.0109135,106.435
img_40f2bb33f03616da71c7aa76,right,rig_07365b42985639b762ddee0a,1772726536352324864,0.7059,indoor,0|1|2,Tile_0,184,0.00720357,0.00720357,1.00723,0,0.881833,-0.00720357,-0.132956,0.0167854,86.5067
img_411807728d76ab36722f4446,left,rig_daf5c6b3afeb96478e0b6632,1772726468348134912,0.3982,indoor,0|3,Tile_0,185,-0.160741,-0.160741,0.851512,0,0.881833,0.160741,0.0349889,0.0166948,102.45
img_41a6f55bab15569819e335b6,left,rig_e585abc0baa8a604cac46954,1772726437846274816,0.2602,outdoor,0|3,Tile_0,186,-0.341011,-0.341011,0.711051,0,0.881833,0.341011,0.215259,0.00988709,105.878
img_41d795cffe8ac5958ba0e943,left,rig_1d90e98300a7062d9a2aaa55,1772726432345947136,0.2353,outdoor,0|3,Tile_0,187,-0.223646,-0.223646,0.799598,0,0.881833,0.223646,0.0978936,0.00435485,99.8033
img_42034df9dc9f931dfaad45d6,right,rig_6283a32deb59e6bf9f3db3ae,1772726576354593024,0.8869,indoor,0|1|2,Tile_0,188,0.289929,0.289929,1.33633,0,0.881833,-0.289929,-0.415681,0.119664,117.147
img_4208ccff31ff4f5807b3f287,right,rig_f37b6e125599ee8ce13ef928,1772726532352040960,0.6878,indoor,0|1|3,Tile_0,189,-0.00955896,-0.00955896,0.990487,0,0.881833,0.00955896,-0.116193,0.0206799,102.26
img_426186dbb8206cf129f21911,right,rig_efe79713cf7a7fd38fbf03f9,1772726535852211968,0.7036,indoor,0|1|2,Tile_0,190,0.136285,0.136285,1.14601,0,0.881833,-0.136285,-0.262037,0.0228686,92.3891
img_429e11f512c9ec7cca7d8eff,left,rig_b4d4cab763a4251789f68ec8,1772726434346017792,0.2443,outdoor,0|3,Tile_0,191,-0.287772,-0.287772,0.749933,0,0.881833,0.287772,0.16202,0.0150722,113.403
img_431341ddc18bf7bbfc873256,right,rig_7ad14362b8ac6b0657939ec6,1772726461847692032,0.3688,indoor,0|1|2|3,Tile_0,192,-0.0258236,-0.0258236,0.974507,0,0.881833,0.0258236,-0.0999285,0.00542658,102.736
img_43880861e0630f5d7ac7cc0d,right,rig_e601727fcbd717550873cb63,1772726407844350976,0.1244,outdoor,0|1|2|3,Tile_0,193,-0.236813,-0.236813,0.789139,0,0.881833,0.236813,0.111061,0.0143702,89.9215
img_43c0ea71b530e898a1a8a3bd,right,rig_5af663697925ca79c4a912c2,1772726579354812928,0.9005,indoor,0|1|2,Tile_0,194,0.157444,0.157444,1.17052,0,0.881833,-0.157444,-0.283196,0.0199855,111.98
img_4409c7a08d9668bf891b56e4,left,rig_44a497d2cddd76ad8dc46b77,1772726586355255808,0.9321,outdoor,0|1|2,Tile_0,195,-0.451506,-0.451506,0.636669,0,0.881833,0.451506,0.325754,0.00155476,100.192
img_443900e4c8ed5b29fb38d36a,left,rig_b53ee284fd9a573a541d1d24,1772726561353735936,0.819,indoor,0|1|2|3,Tile_0,196,0.19296,0.19296,1.21283,0,0.881833,-0.19296,-0.318713,0.0213969,100.789
img_44688fc19520c97f04987182,right,rig_b9fca3f358eac23d79418554,1772726381842702848,0.0068,stationary_unresolved,0|1|2|3,Tile_0,197,0.0164448,0.0164448,1.01658,0,0.881833,-0.0164448,-0.142197,0.010823,114.633
img_44aa2004a4a7e90eb9ff462e,right,rig_26e50c15137820a10f968d07,1772726447846856960,0.3054,outdoor,0|1|2|3,Tile_0,198,-0.0564514,-0.0564514,0.945112,0,0.881833,0.0564514,-0.0693008,0.00390955,121.486
img_44fb2a201f01c452448f0215,left,rig_e615de20b17fa11c9c697b26,1772726573354430976,0.8733,indoor,0|1|3,Tile_0,199,-0.282617,-0.282617,0.753808,0,0.881833,0.282617,0.156865,0.012106,48.8975
img_451e741ae2b46e2f2b3dc3ea,left,rig_dc8eaf8fd3cf32cfbd3583e3,1772726492849637120,0.5091,outdoor,0|1|2|3,Tile_0,200,-0.0609761,-0.0609761,0.940846,0,0.881833,0.0609761,-0.0647761,0.00427937,123.407
img_457eb49193ea77999deda763,right,rig_76ea8904683bf37063ee2987,1772726592355553792,0.9593,outdoor,0|2|3,Tile_0,201,-0.428592,-0.428592,0.651426,0,0.881833,0.428592,0.302839,0.0143023,106.874
img_45b060488b1c090ac0309083,left,rig_d207455f26029db6394d4973,1772726538852432896,0.7172,indoor,0|1|3,Tile_0,202,-0.142663,-0.142663,0.867046,0,0.881833,0.142663,0.0169109,0.0137287,72.0756
img_4684934416f0dd355c57cc5e,left,rig_91e8f573f92fc625b8bc22c6,1772726446846834944,0.3009,outdoor,0|1|3,Tile_0,203,-0.321247,-0.321247,0.725244,0,0.881833,0.321247,0.195495,0.00931349,110.11
img_46a0d026a1d62e44f0b7636f,right,rig_beb86146e928504f312b06b7,1772726424345372928,0.1991,outdoor,0|1|2|3,Tile_0,204,-0.531709,-0.531709,0.5876,0,0.881833,0.531709,0.405957,0.00163024,121.699
img_46fb35a374a648bbf7d67b4a,right,rig_14ad50c8337caec754d4ed52,1772726450847046912,0.319,outdoor,0|1|2|3,Tile_0,205,-0.124896,-0.124896,0.882589,0,0.881833,0.124896,-0.00085637,0.0118872,125.844
img_4747428218324686ba86d51f,right,rig_1ab5226f8da5570f953ba492,1772726593855644928,0.9661,outdoor,0|3,Tile_0,206,-0.348325,-0.348325,0.705869,0,0.881833,0.348325,0.222573,0.0237064,111.533
img_476b4f00ba8277b62f95bb54,left,rig_1bee9a2dc1fc8f2952ede860,1772726475848599808,0.4321,outdoor,0|1|2,Tile_0,207,-0.15386,-0.15386,0.857392,0,0.881833,0.15386,0.0281082,0.00287556,120.121
img_4777fe5d9cdf240d46e60bea,left,rig_707e643a791bb47a4463b704,1772726569854270976,0.8575,indoor,0|1|2|3,Tile_0,208,-0.263629,-0.263629,0.768258,0,0.881833,0.263629,0.137877,0.0267102,66.5035
img_485cd4c5ca8d267f58fcc97d,left,rig_185c950ddf4051317e0a520a,1772726570354260992,0.8597,indoor,0|1|2|3,Tile_0,209,-0.36615,-0.36615,0.693399,0,0.881833,0.36615,0.240398,0.0249819,61.5176
img_48e8112988b931da208a71d3,left,rig_c59f4da26a70f7176c76ee72,1772726469348190976,0.4027,indoor,0|3,Tile_0,210,-0.149794,-0.149794,0.860886,0,0.881833,0.149794,0.0240415,0.0133438,99.8039
img_495d939ae647085d401c5718,right,rig_160ad198af150b5eea3e794e,1772726396343687936,0.0724,outdoor,0|1|2|3,Tile_0,211,-0.135517,-0.135517,0.873264,0,0.881833,0.135517,0.00976489,0.0119551,111.559
img_49cecc6b7a7ebcfb56922fe8,left,rig_4913278e27738ee2d6dd6368,1772726589855419904,0.948,outdoor,0|1|2,Tile_0,212,-0.104466,-0.104466,0.900806,0,0.881833,0.104466,-0.0212865,0.00353973,129.36
img_4a2a9f47a7d72128ad9d9b23,right,rig_954e3438a79223fdcc4271fc,1772726512850861056,0.5995,outdoor,0|1|2|3,Tile_0,213,-0.12034,-0.12034,0.886619,0,0.881833,0.12034,-0.00541174,0.00901159,75.1833
img_4a2e56357884866047e5d674,right,rig_47dce3c32d0c6bb0b1551710,1772726382342784768,0.009,stationary_unresolved,0|1|2|3,Tile_0,214,0.021488,0.021488,1.02172,0,0.881833,-0.021488,-0.14724,0.0108607,114.462
img_4a58d805e5b8e03110fdfac7,right,rig_96ae58701ae6a7d9fbdeb55b,1772726516351023872,0.6154,outdoor,0|1|2|3,Tile_0,215,-0.0372523,-0.0372523,0.963433,0,0.881833,0.0372523,-0.0884999,0.0215025,100.215
img_4a98c51fd068bcc6903eb8bd,right,rig_74a2fbfee61b66c0431611c4,1772726488349309952,0.4887,covered,0|1|2|3,Tile_0,216,-0.252271,-0.252271,0.777034,0,0.881833,0.252271,0.126519,0.014008,103.775
img_4af6cd6dac376ccdcc60db74,right,rig_1e3881120caef06297f0f25e,1772726478848744960,0.4457,outdoor,0|1|2|3,Tile_0,217,-0.160996,-0.160996,0.851295,0,0.881833,0.160996,0.0352438,0.00575112,118.551
img_4b22a1c9aabd064214d20b5a,left,rig_08045c9415b26b9156f0210b,1772726493349665792,0.5113,outdoor,0|1|2|3,Tile_0,218,-0.048791,-0.048791,0.95238,0,0.881833,0.048791,-0.0769612,0.00388691,123.154
img_4b5896706fe6c5ae2a2b3dee,right,rig_edffa4d6285651ca67b8af0e,1772726473848504064,0.4231,outdoor,0|1|2|3,Tile_0,219,0.0523403,0.0523403,1.05373,0,0.881833,-0.0523403,-0.178092,0.0231705,129.104
img_4bdcc685ea71836c64354033,right,rig_0c0fa752260adc2d7d42204f,1772726386343086080,0.0271,stationary_unresolved,0|1|2|3,Tile_0,220,-0.0563881,-0.0563881,0.945172,0,0.881833,0.0563881,-0.0693641,0.0108079,114.446
img_4beafc8e6c2ff2943ec8c75d,right,rig_35cbefd3d2f4b7df687cc3ec,1772726428345662976,0.2172,outdoor,0|1|2|3,Tile_0,221,-0.113323,-0.113323,0.892862,0,0.881833,0.113323,-0.0124289,0.00298122,126.605
img_4bf0c01e63bf51cbb309ab52,right,rig_f21f6751ff670a2c323f314f,1772726555853392896,0.7941,indoor,0|3,Tile_0,222,0.0647208,0.0647208,1.06686,0,0.881833,-0.0647208,-0.190473,0.0109588,79.0989
img_4bfbec80c6152c3ca53f80df,right,rig_5f69d828774526ed0ca7afd8,1772726544352706048,0.7421,indoor,0|1|3,Tile_0,223,-0.0883018,-0.0883018,0.915485,0,0.881833,0.0883018,-0.0374504,0.0292009,80.8299
img_4c0792163a6966f5a8e1cf2f,right,rig_d87764c773928f6cedabc5b1,1772726591355494144,0.9548,outdoor,0|3,Tile_0,224,-0.428001,-0.428001,0.651811,0,0.881833,0.428001,0.302248,0.0151476,107.765
img_4c1515ea06c18f0b0a5b1619,left,rig_55fa4cc81889406467df0ec5,1772726439846391040,0.2692,outdoor,0|3,Tile_0,225,-0.34834,-0.34834,0.705859,0,0.881833,0.34834,0.222588,0.0106569,105.151
img_4c8368637cb715bc93aab9aa,left,rig_aa9ac4028b9a2a76f393fd18,1772726512350807040,0.5973,outdoor,0|1|2|3,Tile_0,226,0.00660854,0.00660854,1.00663,0,0.881833,-0.00660854,-0.132361,0.00530582,117.437
img_4c9783af531b33c68bea8192,right,rig_f328e8b1198e7beebbc58972,1772726493849678080,0.5136,outdoor,0|1|3,Tile_0,227,-0.208916,-0.208916,0.811463,0,0.881833,0.208916,0.0831639,0.00590206,93.9225
img_4c9b79ac5540a2016119f618,right,rig_a6081c1007b9caf70b92b37c,1772726466347982848,0.3891,indoor,0|1|2|3,Tile_0,228,0.18609,0.18609,1.20453,0,0.881833,-0.18609,-0.311842,0.00843044,111.262
img_4cba75fecd5719f789a62848,left,rig_3e151bea98cdd64a08e262ab,1772726429845767936,0.224,outdoor,0|3,Tile_0,229,-0.383026,-0.383026,0.681795,0,0.881833,0.383026,0.257274,0.00873234,107.069
img_4cc3626700bd186e509ecde4,left,rig_659d09ba8e1aa4a543372606,1772726490349453824,0.4977,covered,0|1|2|3,Tile_0,230,-0.0555918,-0.0555918,0.945925,0,0.881833,0.0555918,-0.0701604,0.0030567,125.171
img_4ccf82bd2664b37fa8da5db0,right,rig_69b32be839e545787a8f86ad,1772726511850806016,0.595,outdoor,0|1|2|3,Tile_0,231,-0.070973,-0.070973,0.931487,0,0.881833,0.070973,-0.0547792,0.01831,81.9845
img_4ce1f1404af327ce8e242a2e,right,rig_2d8f0bdda1ba1facabf86573,1772726480848863744,0.4548,covered,0|1|2|3,Tile_0,232,-0.209704,-0.209704,0.810825,0,0.881833,0.209704,0.0839514,0.0132532,118.737
img_4d472e322a81763c2fd0b666,right,rig_b9e77c1689a5f6e9a74cc126,1772726599355980032,0.991,stationary_unresolved,0|1|2|3,Tile_0,233,-0.371268,-0.371268,0.689859,0,0.881833,0.371268,0.245516,0.0094267,103.056
img_4d9c2a8e76e687e5179a2990,left,rig_76ea8904683bf37063ee2987,1772726592355569920,0.9593,outdoor,0|1|2,Tile_0,234,-0.149907,-0.149907,0.860788,0,0.881833,0.149907,0.0241552,0.00178873,128.577
img_4db96f69333eb99d762ebc31,left,rig_490a36809620a920c1761945,1772726420345177856,0.181,outdoor,0|3,Tile_0,235,-0.328441,-0.328441,0.720045,0,0.881833,0.328441,0.202689,0.00804553,108.401
img_4dc8f84b30561037eb7ae084,right,rig_0ec87fa7eec60a30376bb767,1772726394843634944,0.0656,outdoor,0|1|2|3,Tile_0,236,-0.247693,-0.247693,0.780599,0,0.881833,0.247693,0.121941,0.0076757,107.589
img_4de2b810d4947fd02c7d9da0,left,rig_f2fd1bd083c3e3340c9155b2,1772726458347508992,0.3529,indoor,0|1|2|3,Tile_0,237,-0.121443,-0.121443,0.885642,0,0.881833,0.121443,-0.00430945,0.00440768,104.467
img_4e3d57a9706d9cb78afd5c41,right,rig_fcb5e5bc6e447db8fc1d90a4,1772726387843228928,0.0339,stationary_unresolved,0|1|2|3,Tile_0,238,0.0233602,0.0233602,1.02364,0,0.881833,-0.0233602,-0.149112,0.0107928,114.335
img_4e61dfa73359cbec43694b5d,left,rig_b7463a427ef7798624fd8d32,1772726549853085952,0.767,indoor,0|1|2|3,Tile_0,239,0.179234,0.179234,1.1963,0,0.881833,-0.179234,-0.304986,0.010823,92.8992
img_4e8573cfcd31389b1a28d8e3,right,rig_ae4998da7d29fe3cf72badee,1772726477348664064,0.4389,outdoor,0|1|2|3,Tile_0,240,-0.177663,-0.177663,0.837225,0,0.881833,0.177663,0.0519105,0.00824176,116.9
img_4f5b2c7c217540835929062d,left,rig_244a3146cf6923f6963a3a04,1772726419845134080,0.1787,outdoor,0|3,Tile_0,241,-0.256398,-0.256398,0.773834,0,0.881833,0.256398,0.130645,0.00788703,109.464
img_4f76dde4fe751d7ed49ed11b,left,rig_313632335919463682d800b2,1772726491349520896,0.5023,covered,0|1|2|3,Tile_0,242,-0.100013,-0.100013,0.904826,0,0.881833,0.100013,-0.0257393,0.00422654,124.139
img_4fcd6a3db493c1c587d8b3a9,right,rig_0361f91ef4389a6eb93d4af1,1772726433345968128,0.2398,outdoor,0|1|2|3,Tile_0,243,-0.160514,-0.160514,0.851706,0,0.881833,0.160514,0.0347615,0.00497374,130.012
img_50788709c27115356ae913b1,left,rig_6296a401173f311ed04d9c2f,1772726550853106944,0.7715,indoor,0|1|2|3,Tile_0,244,0.206308,0.206308,1.22913,0,0.881833,-0.206308,-0.33206,0.0100984,92.3958
img_50b466a226a3e1103ba42d6f,right,rig_4d16d7410b532f5a8e99b5f1,1772726384342926080,0.0181,stationary_unresolved,0|1|2|3,Tile_0,245,0.014929,0.014929,1.01504,0,0.881833,-0.014929,-0.140681,0.0108305,114.594
img_5140482a9cf7118888ff9760,right,rig_4325fccd73567f9f5074f0e8,1772726546852904960,0.7534,indoor,0|1|3,Tile_0,246,-0.30759,-0.30759,0.735217,0,0.881833,0.30759,0.181838,0.0251328,70.5544
img_51866d14b07dd3ca601a1cde,left,rig_9f4872e9303c818831e70a82,1772726581354907904,0.9095,indoor,0|3,Tile_0,247,-0.0866256,-0.0866256,0.91702,0,0.881833,0.0866256,-0.0391266,0.0350199,115.383
img_524aae58b9d36d472cff225d,left,rig_3b41916b103981a8eccd4f43,1772726574854533888,0.8801,indoor,0|1|3,Tile_0,248,0.168817,0.168817,1.1839,0,0.881833,-0.168817,-0.294569,0.0235026,90.1122
img_5296101fce9f36e01239e372,left,rig_895fd355c8ced5417ce3ab2a,1772726473348443904,0.4208,outdoor,0|1|2,Tile_0,249,-0.300286,-0.300286,0.740606,0,0.881833,0.300286,0.174534,0.00265668,98.5825
img_53ce9f841d68099d3fc67dcc,left,rig_92fa282269d33e02e9d45cfe,1772726419345099008,0.1765,outdoor,0|3,Tile_0,250,-0.229059,-0.229059,0.795281,0,0.881833,0.229059,0.103307,0.00805307,110.842
img_53e20a3aa805e1f7b110ddf9,right,rig_a79b081ba3a99dbcf8a0dd11,1772726408844413952,0.129,outdoor,0|1|2|3,Tile_0,251,-0.0842133,-0.0842133,0.919235,0,0.881833,0.0842133,-0.0415389,0.0180609,91.6588
img_53f96406e0c9d22b6885bb47,right,rig_fec2268a8a2fbc4f8156eda1,1772726442346515968,0.2805,outdoor,0|1|2|3,Tile_0,252,-0.0949712,-0.0949712,0.909399,0,0.881833,0.0949712,-0.030781,0.00596999,118.59
img_5411aa9b437446a0c0642a33,left,rig_62b603365e4950b385b6def3,1772726571354317056,0.8643,indoor,0|1|2|3,Tile_0,253,-0.357218,-0.357218,0.69962,0,0.881833,0.357218,0.231466,0.0214044,57.8186
img_552ccaef249d70922a2b9ae7,right,rig_7e0029c18aafeeabec73c08f,1772726399843804928,0.0882,outdoor,0|1|2|3,Tile_0,254,-0.0828801,-0.0828801,0.920461,0,0.881833,0.0828801,-0.0428721,0.0142495,99.598
img_5550c6ee126a8a927e97dac2,right,rig_490a36809620a920c1761945,1772726420345161984,0.181,outdoor,0|1|2|3,Tile_0,255,0.00444876,0.00444876,1.00446,0,0.881833,-0.00444876,-0.130201,0.00154722,121.681
img_5563e8df2be4dc830dc08c92,right,rig_3001c1810024c616a028c6a1,1772726385343024896,0.0226,stationary_unresolved,0|1|2|3,Tile_0,256,-0.0996484,-0.0996484,0.905156,0,0.881833,0.0996484,-0.0261038,0.0108079,114.573
img_5574682a334b8acf3720ae26,left,rig_26aae248f7fb7669b2f80ebc,1772726494349710080,0.5158,outdoor,0|1|2|3,Tile_0,257,-0.0614281,-0.0614281,0.940421,0,0.881833,0.0614281,-0.0643241,0.00346426,122.628
img_55c5e08398906fce5cdae7a1,right,rig_f78e34acd123753db7989244,1772726525851599104,0.6584,indoor,0|1|3,Tile_0,258,0.162983,0.162983,1.17702,0,0.881833,-0.162983,-0.288735,0.0121211,79.8669
img_55fe11611681b29c521c95c5,left,rig_9d5f571dfecabff590a1442a,1772726474848538880,0.4276,outdoor,0|1|2,Tile_0,259,-0.164959,-0.164959,0.847928,0,0.881833,0.164959,0.039207,0.0014642,110.098
img_56187043b1e7cbb8149b6379,left,rig_ab047c378b76552bf8f719ce,1772726563853952000,0.8303,indoor,0|1|2|3,Tile_0,260,0.191662,0.191662,1.21126,0,0.881833,-0.191662,-0.317414,0.0159099,90.3293
img_56534ab6df13e69183a60733,right,rig_f0cfe3c8f1ed9a3fa4387de4,1772726500850092800,0.5452,outdoor,0|1|3,Tile_0,261,-0.205566,-0.205566,0.814187,0,0.881833,0.205566,0.0798134,0.0102041,104.138
img_572c8b231f54c3e8ed7f76c5,right,rig_ed3f68cd30c4e541e9180d4e,1772726523851472896,0.6493,indoor,0|1|3,Tile_0,262,-0.309363,-0.309363,0.733914,0,0.881833,0.309363,0.183611,0.00406805,78.8373
img_5748713b2a9018e0c4489afb,left,rig_89edac79d760e3d41c63a4ac,1772726535352226048,0.7014,indoor,0|1|2|3,Tile_0,263,-0.607799,-0.607799,0.544548,0,0.881833,0.607799,0.482046,0.019261,76.0296
img_575d0f2b73c72c0a37d1fdaf,right,rig_9d95aa2abfb26fc1498a5395,1772726447346824960,0.3032,outdoor,0|1|2|3,Tile_0,264,-0.171333,-0.171333,0.842541,0,0.881833,0.171333,0.0455805,0.00386427,121.655
img_575f482e53a2e9d903317aeb,right,rig_fb0e1762cbaab1415ccede67,1772726435846081024,0.2511,outdoor,0|1|2|3,Tile_0,265,-0.0478277,-0.0478277,0.953298,0,0.881833,0.0478277,-0.0779245,0.00585678,130.1
img_579db4a7b14316cffd5a2b3f,right,rig_64ba07982d918ecf2f55417d,1772726581854920960,0.9118,indoor,0|1|2,Tile_0,266,0.0018388,0.0018388,1.00184,0,0.881833,-0.0018388,-0.127591,0.0372992,114.765
img_582ed6d44277f03d95c67651,right,rig_f63969ba431f0e877a4c5b0c,1772726469848243968,0.405,indoor,0|1|2,Tile_0,267,0.0837316,0.0837316,1.08734,0,0.881833,-0.0837316,-0.209484,0.0230045,119.397
img_587cbd925df8e3060b13d134,right,rig_9febeabbae3b97836920896c,1772726580854862080,0.9072,indoor,0|1|2,Tile_0,268,0.0915575,0.0915575,1.09588,0,0.881833,-0.0915575,-0.21731,0.0245894,113.899
img_58caed980ab70c4132efecfd,right,rig_083bc66ce28c3ad6214b88c3,1772726519351250944,0.629,outdoor,0|1|2|3,Tile_0,269,0.0814262,0.0814262,1.08483,0,0.881833,-0.0814262,-0.207178,0.0500317,115.709
img_58f765e4917dce185f3d11f7,right,rig_895fd355c8ced5417ce3ab2a,1772726473348428032,0.4208,outdoor,0|1|2|3,Tile_0,270,-0.0263924,-0.0263924,0.973953,0,0.881833,0.0263924,-0.0993598,0.0153891,125.633
img_592f2c020773fd3d0eba846b,right,rig_28b837fa6430a71dc20de2a4,1772726409344444928,0.1312,outdoor,0|1|2|3,Tile_0,271,-0.379182,-0.379182,0.684421,0,0.881833,0.379182,0.25343,0.00520016,83.9288
img_59524914ac06cf1a2d6e317a,right,rig_a4484fe11e03722462ec74f3,1772726406844327936,0.1199,outdoor,0|1|2|3,Tile_0,272,-0.0711218,-0.0711218,0.931348,0,0.881833,0.0711218,-0.0546304,0.0244687,101.618
img_595254c320c27cdb74e35158,right,rig_0ecd86b20f310e2fb0b20192,1772726533852087040,0.6946,indoor,0|1|3,Tile_0,273,0.159082,0.159082,1.17243,0,0.881833,-0.159082,-0.284834,0.0223403,100.522
img_59814f6dd62bb0daf23334d6,right,rig_f1394cd3b2ae3a8bd62a7396,1772726573854449152,0.8756,indoor,0|1|2,Tile_0,274,0.293504,0.293504,1.34112,0,0.881833,-0.293504,-0.419256,0,69.1122
img_5a69ae6aa259126ae595c8c1,right,rig_1ae5de5a59bb2cd0d482e564,1772726530851907072,0.681,indoor,0|1|3,Tile_0,275,0.0401637,0.0401637,1.04098,0,0.881833,-0.0401637,-0.165916,0.0238649,97.9427
img_5b91b0038b79183f5c7235e8,right,rig_ed250a4472d03f10bfc2170d,1772726429345707776,0.2217,outdoor,0|1|2|3,Tile_0,276,0.0267836,0.0267836,1.02715,0,0.881833,-0.0267836,-0.152536,0.00316236,125.58
img_5bdabac3f28d924130023096,right,rig_3a5432d0e841f5018f0426c3,1772726548853032960,0.7624,indoor,0|1|3,Tile_0,277,-0.175932,-0.175932,0.838675,0,0.881833,0.175932,0.0501795,0.042522,73.461
img_5bf2570751fa5012e024eb20,right,rig_b1b4744543888aaed04abc31,1772726406344256768,0.1176,outdoor,0|1|2|3,Tile_0,278,-0.071276,-0.071276,0.931205,0,0.881833,0.071276,-0.0544762,0.0368313,109.661
img_5cb86470777358c38d50242e,right,rig_a9078c41c0a096c560d438f1,1772726462847753984,0.3733,indoor,0|1|2|3,Tile_0,279,0.00335835,0.00335835,1.00336,0,0.881833,-0.00335835,-0.129111,0.00766816,102.19
img_5d36f96d95329bc275b1e854,right,rig_a2de1d976e32bcdbbac82c3b,1772726440346407936,0.2715,outdoor,0|1|2|3,Tile_0,280,0.00501032,0.00501032,1.00502,0,0.881833,-0.00501032,-0.130763,0.00715493,127.044
img_5e316fa8cb258a2918d30eed,left,rig_3968ced941aff232b9a4cb9c,1772726511350748160,0.5928,covered,0|1|2|3,Tile_0,281,-0.0160632,-0.0160632,0.984065,0,0.881833,0.0160632,-0.109689,0.00505676,115.259
img_5e80513ffc34b6196a43e365,right,rig_55d2fa68d70e2680e935a845,1772726427845582848,0.2149,outdoor,0|1|2|3,Tile_0,282,-0.164336,-0.164336,0.848457,0,0.881833,0.164336,0.0385837,0.00172835,123.439
img_5e8f6477648ca5ac8d8ba881,right,rig_92fa282269d33e02e9d45cfe,1772726419345082880,0.1765,outdoor,0|1|2|3,Tile_0,283,-0.0933067,-0.0933067,0.910914,0,0.881833,0.0933067,-0.0324455,0.00400012,124.638
img_5ef19597a38170b745e3d0e8,right,rig_284fb60ef0905080016bbb13,1772726588855346944,0.9434,outdoor,0|1|3,Tile_0,284,-0.305053,-0.305053,0.737084,0,0.881833,0.305053,0.179301,0.0349218,123.384
img_5f0968e8c59bf8c0f031ebb5,right,rig_8aaaec889bb180ad08da0231,1772726498349988096,0.5339,outdoor,0|1|3,Tile_0,285,-0.238984,-0.238984,0.787428,0,0.881833,0.238984,0.113232,0.00934368,101.943
img_5f4b3c215e0cb99dc6bba658,left,rig_ccb968cc149a169e0aeab8b0,1772726600856082944,0.9977,stationary_unresolved,0|1|2,Tile_0,286,-0.111006,-0.111006,0.894933,0,0.881833,0.111006,-0.014746,0.00545677,114.453
img_5f5029f3630b2fb09e6d6efa,right,rig_44024581676052797570e8d0,1772726384842983936,0.0204,stationary_unresolved,0|1|2|3,Tile_0,287,-0.114418,-0.114418,0.891885,0,0.881833,0.114418,-0.0113346,0.010823,114.598
img_5f72e3f2d8823789d5a9d3d9,right,rig_26aae248f7fb7669b2f80ebc,1772726494349693184,0.5158,outdoor,0|1|3,Tile_0,288,-0.328874,-0.328874,0.719734,0,0.881833,0.328874,0.203122,0.00810591,95.1615
img_5f8884d4e0886ce2c7c3329d,right,rig_ffc55ff4cebb277e5037350b,1772726382842777856,0.0113,stationary_unresolved,0|1|2|3,Tile_0,289,-0.0770538,-0.0770538,0.92584,0,0.881833,0.0770538,-0.0486984,0.0108079,114.545
img_5fd035bec4171d6b6ba5975a,right,rig_87e502b4ef51672981b834d9,1772726577354654976,0.8914,indoor,0|1|2,Tile_0,290,-0.118076,-0.118076,0.888628,0,0.881833,0.118076,-0.00767603,0.0861007,108.747
img_6016a762546377de75ffa928,right,rig_5374f8e6cc4cc91413bc936f,1772726531852012800,0.6855,indoor,0|1|3,Tile_0,291,-0.100344,-0.100344,0.904527,0,0.881833,0.100344,-0.0254085,0.0203327,100.725
img_601de3b87602df931f31758c,right,rig_dc8eaf8fd3cf32cfbd3583e3,1772726492849620992,0.5091,outdoor,0|1|3,Tile_0,292,-0.360051,-0.360051,0.697641,0,0.881833,0.360051,0.234299,0.00775118,94.2738
img_602aaa7e37f9400e20d3d20c,left,rig_fb0e1762cbaab1415ccede67,1772726435846096896,0.2511,outdoor,0|3,Tile_0,293,-0.194447,-0.194447,0.82329,0,0.881833,0.194447,0.0686947,0.00876253,106.798
img_6140eac6fa52c2bec7a4cf37,right,rig_7efa8cac190f48b14d87776f,1772726480348834048,0.4525,covered,0|1|2|3,Tile_0,294,-0.158398,-0.158398,0.85351,0,0.881833,0.158398,0.0326456,0.0124381,119.081
img_615171763cd60793081fb097,right,rig_bbcd876b02050dbe22e039ec,1772726508350533120,0.5792,covered,0|1|3,Tile_0,295,-0.220056,-0.220056,0.802474,0,0.881833,0.220056,0.094304,0.0078191,87.6611
img_6173ff107b2e5193068fdc8c,left,rig_ecdcd5cf180b6355105f69dd,1772726487849295872,0.4864,covered,0|1|2|3,Tile_0,296,-0.124735,-0.124735,0.882731,0,0.881833,0.124735,-0.00101727,0.00280008,125.062
img_61f4cc2148cac254e5f04ce6,right,rig_8f689c5c301741cf23abc7c9,1772726460847625984,0.3643,covered,0|1|2|3,Tile_0,297,-0.0913356,-0.0913356,0.912711,0,0.881833,0.0913356,-0.0344165,0.00440013,104.474
img_622228827b821ea7fad563a5,right,rig_7964ba6473e309db290c0c7f,1772726436846160896,0.2557,outdoor,0|1|2|3,Tile_0,298,-0.00504871,-0.00504871,0.994964,0,0.881833,0.00504871,-0.120703,0.0059549,130.575
img_62bb470e8f17d63e54df8e2e,right,rig_d0fcdd798e9daefb6d44e850,1772726584855147008,0.9253,outdoor,0|1|2|3,Tile_0,299,-0.0774323,-0.0774323,0.92549,0,0.881833,0.0774323,-0.0483199,0.0110041,122.217
img_62ded7e2c0eb75337746a1b4,right,rig_ee943dd6b5dc0ea6f147e99c,1772726509350600960,0.5837,covered,0|1|3,Tile_0,300,0.0451757,0.0451757,1.04621,0,0.881833,-0.0451757,-0.170928,0.0412012,114
img_6400739caa04d0ac69c41527,right,rig_5916fbf9e5b59aa4a15d6852,1772726548352942848,0.7602,indoor,0|1|3,Tile_0,301,-0.304782,-0.304782,0.737284,0,0.881833,0.304782,0.179029,0.036703,72.7789
img_643ec58d9d0fb7661aa212c4,right,rig_06f4639d8949a3bf0dfcbab3,1772726505850379008,0.5679,covered,0|3,Tile_0,302,-0.252299,-0.252299,0.777012,0,0.881833,0.252299,0.126547,0.00720776,102.33
img_649f98a511547e2d01b94687,right,rig_32b1a8068abd4ccfe24bead8,1772726461347658752,0.3665,indoor,0|1|2|3,Tile_0,303,-0.191133,-0.191133,0.826023,0,0.881833,0.191133,0.0653804,0.00510204,101.748
img_64fe4e65c3736b0d7b32fecb,right,rig_c6cff1a0bc4601c184ce5765,1772726526851661056,0.6629,indoor,0|1|3,Tile_0,304,0.465961,0.465961,1.59355,0,0.881833,-0.465961,-0.591713,0.0112758,93.0547
img_654114daebb73a29c72bdb27,left,rig_11bbd48412450b6da32f86e5,1772726433846001920,0.2421,outdoor,0|3,Tile_0,305,-0.182639,-0.182639,0.833069,0,0.881833,0.182639,0.0568865,0.0126343,112.205
img_654224d56a5a5fc52b21d876,left,rig_ba5318699c629cc66af87c63,1772726593355632128,0.9638,outdoor,0|1|2|3,Tile_0,306,-0.0363364,-0.0363364,0.964316,0,0.881833,0.0363364,-0.0894158,0.00262649,129.826
img_6546170e68807f8e8a52ad34,left,rig_214904616a70a88658d746f2,1772726510850713856,0.5905,covered,0|1|2|3,Tile_0,307,-0.076456,-0.076456,0.926394,0,0.881833,0.076456,-0.0492961,0.00545677,114.273
img_65f505414e53514b40c87f66,right,rig_b288ec74ca1539f772649716,1772726404344176128,0.1086,outdoor,0|1|2|3,Tile_0,308,-0.0930769,-0.0930769,0.911123,0,0.881833,0.0930769,-0.0326753,0.00744928,101.971
img_662459e85d0d8812f926ab99,left,rig_61551f3cbc92909dad638c73,1772726459847571968,0.3597,covered,0|1|2|3,Tile_0,309,-0.113989,-0.113989,0.892268,0,0.881833,0.113989,-0.0117635,0.0120306,98.9783
img_669111f98083cce643c39165,right,rig_3df5a96cc5f425ee41796945,1772726572854388992,0.871,indoor,0|1|2|3,Tile_0,310,0.182347,0.182347,1.20003,0,0.881833,-0.182347,-0.308099,0.0079625,79.444
img_6740b2dd81f92ad3ddabaecd,right,rig_f617e13b0b17a308839b24e9,1772726495349742848,0.5204,outdoor,0|1|3,Tile_0,311,-0.245947,-0.245947,0.781964,0,0.881833,0.245947,0.120195,0.00461146,92.4198
img_6775eeb93e9fdc907d461bdf,left,rig_efef53661a0378ed55e2807f,1772726577854702080,0.8937,indoor,0|1|3,Tile_0,312,-0.309779,-0.309779,0.733609,0,0.881833,0.309779,0.184027,0.0531186,88.9832
img_67cb9bc06ca9a801a5b68e06,left,rig_0361f91ef4389a6eb93d4af1,1772726433345984000,0.2398,outdoor,0|3,Tile_0,313,-0.147842,-0.147842,0.862567,0,0.881833,0.147842,0.0220902,0.0106041,111.39
img_6819a75fda93260e77669bee,right,rig_f2fd1bd083c3e3340c9155b2,1772726458347492864,0.3529,indoor,0|1|2|3,Tile_0,314,-0.227822,-0.227822,0.796266,0,0.881833,0.227822,0.10207,0.0218497,107.266
img_68f31368a376525690e48608,right,rig_e3b31d945474d7df98786cf7,1772726400843888896,0.0928,outdoor,0|1|2|3,Tile_0,315,-0.211209,-0.211209,0.809605,0,0.881833,0.211209,0.0854563,0.00763797,93.3378
img_692d5bbdcde19c70d8b4d819,right,rig_30e098cecdf3e677d028b972,1772726497849912832,0.5317,outdoor,0|1|3,Tile_0,316,-0.186716,-0.186716,0.829679,0,0.881833,0.186716,0.060964,0.0106041,101.035
img_69419e5adbf182700c58bb12,right,rig_99601681f6fb3541aef8004d,1772726441346459904,0.276,outdoor,0|1|2|3,Tile_0,317,-0.0682729,-0.0682729,0.934006,0,0.881833,0.0682729,-0.0574793,0.00587188,121.202
img_6945a13d80ea37856cdb03cf,right,rig_e103c590c09389ae0126d79e,1772726437346190848,0.2579,outdoor,0|1|2|3,Tile_0,318,-0.0936339,-0.0936339,0.910616,0,0.881833,0.0936339,-0.0321183,0.00619641,129.895
img_6957fc6391e712cf9f28468c,left,rig_8a95544bd414a0336597cf60,1772726489349388800,0.4932,covered,0|1|2|3,Tile_0,319,-0.0460707,-0.0460707,0.954974,0,0.881833,0.0460707,-0.0796815,0.00287556,126.312
img_69e4bef02a10ed141acc261e,left,rig_3643b57e556caa0d5a540338,1772726459347589888,0.3575,indoor,0|1|2|3,Tile_0,320,-0.0858375,-0.0858375,0.917743,0,0.881833,0.0858375,-0.0399147,0.0114192,101.079
img_6a2408035c3724c55335982f,left,rig_d6963ee8dba6eb0fb6f95ff1,1772726465347929088,0.3846,indoor,0|1|2|3,Tile_0,321,-0.102522,-0.102522,0.902559,0,0.881833,0.102522,-0.0232305,0.0227931,97.7776
img_6ca3ccb0981185a28e1f93dc,left,rig_b956cd29b76bd80f8e2fcff3,1772726441846500864,0.2783,outdoor,0|1|2|3,Tile_0,322,-0.294124,-0.294124,0.745184,0,0.881833,0.294124,0.168372,0.00630962,96.9978
img_6cda7e312f7350eff34e978b,left,rig_c59a84b4ba6e661aaff146e3,1772726467348067072,0.3937,indoor,0|3,Tile_0,323,-0.143855,-0.143855,0.866013,0,0.881833,0.143855,0.018103,0.0301594,104.581
img_6d97759db67f18d871487e44,left,rig_3a1c49b0b99f45f0ffa75938,1772726579854817792,0.9027,indoor,0|1|3,Tile_0,324,-0.0332077,-0.0332077,0.967338,0,0.881833,0.0332077,-0.0925445,0.0239253,111.652
img_6dc396b50fafbf1b48918d54,right,rig_4fdb0f6024349585e6749f6c,1772726503850262784,0.5588,outdoor,0|3,Tile_0,325,-0.236266,-0.236266,0.789571,0,0.881833,0.236266,0.110514,0.00926066,108.057
img_6e169def21ca3501e9621c38,left,rig_63b1b61f95c59794d3396860,1772726427345562880,0.2127,outdoor,0|3,Tile_0,326,-0.361551,-0.361551,0.696595,0,0.881833,0.361551,0.235799,0.00860403,108.633
img_6ed6c4d41155b1fef7584c54,right,rig_67a9228c1efdcd385969f983,1772726408344381952,0.1267,outdoor,0|1|2|3,Tile_0,327,-0.243632,-0.243632,0.783776,0,0.881833,0.243632,0.11788,0.0144533,89.6649
img_6edd04890eae67b7aad63fbe,right,rig_60e8f730ae92a2e612df4c7c,1772726463347784960,0.3756,indoor,0|1|2|3,Tile_0,328,-0.0117505,-0.0117505,0.988318,0,0.881833,0.0117505,-0.114002,0.0076757,101.511
img_6f0133802dcbba5715db2a6b,right,rig_99f5a520bc8d9a34771777a3,1772726417344945920,0.1674,outdoor,0|1|2|3,Tile_0,329,-0.175447,-0.175447,0.839082,0,0.881833,0.175447,0.0496946,0.00640774,126.264
img_6f41a78957ac84401e77ac83,left,rig_6a5d942215c501958c71318c,1772726418845064960,0.1742,outdoor,0|3,Tile_0,330,-0.3465,-0.3465,0.707159,0,0.881833,0.3465,0.220747,0.00833233,112.209
img_6f75eacf9361a6cb5df4799d,left,rig_eab71990738eceee3836f663,1772726580354848000,0.905,indoor,0|3,Tile_0,331,0.053535,0.053535,1.05499,0,0.881833,-0.053535,-0.179287,0.0243932,113.249
img_6f8a41645307886414fdb6d8,left,rig_bbcd876b02050dbe22e039ec,1772726508350550016,0.5792,covered,0|1|2|3,Tile_0,332,-0.00450931,-0.00450931,0.995501,0,0.881833,0.00450931,-0.121243,0.00990973,107.441
img_70695d79bf115291f89af020,left,rig_69b32be839e545787a8f86ad,1772726511850808832,0.595,outdoor,0|1|2|3,Tile_0,333,0.0187079,0.0187079,1.01888,0,0.881833,-0.0187079,-0.14446,0.00508695,116.392
img_7075633227ed0e239cb80bdf,right,rig_75972693af0c6674030fbff4,1772726482849029120,0.4638,covered,0|1|2|3,Tile_0,334,-0.185676,-0.185676,0.830542,0,0.881833,0.185676,0.0599241,0.0252611,122.456
img_714f4ac0cedca8648afe46e2,right,rig_ce5f04bbbfd27e2ea68e131c,1772726445846728960,0.2964,outdoor,0|1|2|3,Tile_0,335,-0.171325,-0.171325,0.842547,0,0.881833,0.171325,0.0455733,0.00381144,124.42
img_729de0fdc89bc5da6f822671,right,rig_cfc18cfe48f786541e17e507,1772726431345884928,0.2308,outdoor,0|1|2|3,Tile_0,336,-0.036491,-0.036491,0.964167,0,0.881833,0.036491,-0.0892611,0.00422654,124.68
img_72ad41ba4c78ddfc7ef4dd7c,right,rig_1e23692547857c6754b68bdd,1772726574354477056,0.8778,indoor,0|1|2,Tile_0,337,0.540708,0.540708,1.71722,0,0.881833,-0.540708,-0.66646,0.00352463,76.0331
img_72b0880469760869c633c6c8,left,rig_ffd93b45a7c8eb804dca964f,1772726596355841024,0.9774,outdoor,0|1|2,Tile_0,338,-0.213546,-0.213546,0.807715,0,0.881833,0.213546,0.0877933,0.00217365,127.22
img_72d329aaeffd9ca5bb751d0f,right,rig_8685b41aac1770a226eb43f6,1772726402844056832,0.1018,outdoor,0|1|2|3,Tile_0,339,-0.0534828,-0.0534828,0.947922,0,0.881833,0.0534828,-0.0722694,0.0171628,106.119
img_730764b3a74203f26ba4ada6,left,rig_35081e0547a7cfcbca79dbba,1772726448846936832,0.31,outdoor,0|1|2|3,Tile_0,340,-0.379829,-0.379829,0.683978,0,0.881833,0.379829,0.254077,0.00577376,107.706
img_730e104f8bd0470783b519ad,left,rig_cf95d26e75342ba62534d752,1772726443846624768,0.2873,outdoor,0|3,Tile_0,341,-0.368502,-0.368502,0.69177,0,0.881833,0.368502,0.242749,0.0120758,108.454
img_732560e3ddae6ed22512b874,right,rig_1b77278a024b36d79631b868,1772726409844475136,0.1335,outdoor,0|1|2|3,Tile_0,342,-0.333087,-0.333087,0.716708,0,0.881833,0.333087,0.207335,0.00378125,80.3425
img_736215cb0d2336e90c45f014,left,rig_4e6715c571c1c91471c3c28b,1772726565353968896,0.8371,indoor,0|1|2,Tile_0,343,0.129819,0.129819,1.13862,0,0.881833,-0.129819,-0.255571,0.0156005,88.9666
img_738d35da53c08f4a598d2f51,left,rig_a14eac5361ec93600b1d4f72,1772726592855638016,0.9615,outdoor,0|1|2|3,Tile_0,344,-0.113451,-0.113451,0.892748,0,0.881833,0.113451,-0.0123008,0.00311708,130.26
img_73f4d80d0df342e9c22fd43b,right,rig_6f63cb3e6f1715db3efb3145,1772726552853213952,0.7805,indoor,0|1|3,Tile_0,345,-0.426251,-0.426251,0.652953,0,0.881833,0.426251,0.300498,0.0283027,61.0942
img_745b8376779d3a40a84872e7,left,rig_fd5029fa6244f23a7f271048,1772726575354549760,0.8824,indoor,0|1|3,Tile_0,346,0.147847,0.147847,1.15934,0,0.881833,-0.147847,-0.2736,0.040605,103.977
img_74943b1f05f275dfa3e64b53,right,rig_a651d290576dfa06dcd5066f,1772726513350844928,0.6018,outdoor,0|1|2|3,Tile_0,347,-0.188106,-0.188106,0.828526,0,0.881833,0.188106,0.0623543,0.0164005,88.8605
img_74b928466746e82240803e26,right,rig_bb59c628595f4627352f9cf5,1772726542852616192,0.7353,indoor,0|1|3,Tile_0,348,-0.0957818,-0.0957818,0.908662,0,0.881833,0.0957818,-0.0299704,0.0232082,74.0917
img_74cdbe608be852f5a3b0f9fe,left,rig_a2de1d976e32bcdbbac82c3b,1772726440346422784,0.2715,outdoor,0|3,Tile_0,349,-0.239759,-0.239759,0.786817,0,0.881833,0.239759,0.114007,0.0112154,104.852
img_74efacc1aeb4fe0934adf511,left,rig_4bfe51f308b316471a58f4d3,1772726576854685952,0.8891,indoor,0|1|3,Tile_0,350,-0.0526441,-0.0526441,0.948718,0,0.881833,0.0526441,-0.0731081,0.0648774,90.7818
img_753e568dd0cb0b359ee23e57,left,rig_f5dd1d7af2daf6378e3249b4,1772726423845337856,0.1968,outdoor,0|1|2|3,Tile_0,351,-0.141477,-0.141477,0.868075,0,0.881833,0.141477,0.0157245,0.0142646,106.452
img_754e03fcb0ec2dfff08a5e4f,right,rig_d3ec7439c84909d45dd66af3,1772726496849842176,0.5271,outdoor,0|1|3,Tile_0,352,-0.334609,-0.334609,0.715618,0,0.881833,0.334609,0.208857,0.00786439,95.9011
img_7553fbc5b6a2ed11c46f6679,right,rig_c5a8656612f8451157b2314f,1772726557853574144,0.8032,indoor,0|3,Tile_0,353,0.181847,0.181847,1.19943,0,0.881833,-0.181847,-0.307599,0.0245592,104.651
img_756290dd6ae53ced57388fae,left,rig_f328e8b1198e7beebbc58972,1772726493849693184,0.5136,outdoor,0|1|2|3,Tile_0,354,-0.0111606,-0.0111606,0.988901,0,0.881833,0.0111606,-0.114592,0.00307934,122.404
img_75a30ee17616282a88941ad2,left,rig_522ee9fc76480605b197e81b,1772726590855480064,0.9525,outdoor,0|1|2,Tile_0,355,-0.0650744,-0.0650744,0.936998,0,0.881833,0.0650744,-0.0606778,0.00315481,129.752
img_764fe29b4e1960f79bb29e3d,right,rig_3d9d76b364297e6d0323be2b,1772726394343603968,0.0633,outdoor,0|1|2|3,Tile_0,356,-0.091825,-0.091825,0.912265,0,0.881833,0.091825,-0.0339272,0.0122872,110.136
img_767138f6ff85ce73dc611a99,left,rig_10999e61705fcb5317bcce18,1772726507350515968,0.5747,covered,0|1|2|3,Tile_0,357,-0.00332267,-0.00332267,0.996683,0,0.881833,0.00332267,-0.12243,0.00623415,99.2435
img_769f7332c72ccca1e08d266b,left,rig_675eeb0cbecc3b94dff85183,1772726567354110976,0.8462,indoor,0|1|2|3,Tile_0,358,0.270418,0.270418,1.31051,0,0.881833,-0.270418,-0.39617,0.0255102,89.8376
img_76ca13299aa4657ab76c685e,left,rig_7efa8cac190f48b14d87776f,1772726480348849152,0.4525,covered,0|1|2,Tile_0,359,-0.213072,-0.213072,0.808098,0,0.881833,0.213072,0.0873201,0.00217365,117.698
img_77098503d4402a0360da6d34,right,rig_9fc13daa2646d960710abb93,1772726472348363776,0.4163,covered,0|1|2|3,Tile_0,360,-0.100756,-0.100756,0.904153,0,0.881833,0.100756,-0.024996,0.00720776,119.562
img_77219089d0772978b6821983,left,rig_30e098cecdf3e677d028b972,1772726497849928960,0.5317,outdoor,0|1|2|3,Tile_0,361,-0.0677016,-0.0677016,0.934539,0,0.881833,0.0677016,-0.0580506,0.0016076,121.202
img_7755967d0102f125faed8b27,right,rig_ff90e80b9b81ea3540b051b3,1772726591855524096,0.957,outdoor,0|3,Tile_0,362,-0.485819,-0.485819,0.615193,0,0.881833,0.485819,0.360067,0.0155325,107.575
img_77ed34b0126642eb21004da8,right,rig_cadcf89307b35ca8d6de3827,1772726390343308032,0.0452,outdoor,0|1|2|3,Tile_0,363,-0.0657601,-0.0657601,0.936355,0,0.881833,0.0657601,-0.0599921,0.0152986,109.766
img_780059d915b011a5bd08b6b7,right,rig_7ee093cfd4a4a20579ebc37a,1772726513850872064,0.6041,outdoor,0|1|2|3,Tile_0,364,-0.191209,-0.191209,0.82596,0,0.881833,0.191209,0.0654566,0.0185138,95.4782
img_789243cb60bd90423c2cc36f,right,rig_6a5d942215c501958c71318c,1772726418845048832,0.1742,outdoor,0|1|2|3,Tile_0,365,-0.110921,-0.110921,0.895009,0,0.881833,0.110921,-0.0148309,0.00523789,125.702
img_78a3f1935a07eebf17609099,right,rig_5bc34c2fed18618a32e97745,1772726448346888960,0.3077,outdoor,0|1|2|3,Tile_0,366,-0.0687684,-0.0687684,0.933543,0,0.881833,0.0687684,-0.0569838,0.00427937,121.402
img_790005ba0043de4a43aaf92c,left,rig_2eceaef844c68e4af5ba152c,1772726464347859968,0.3801,indoor,0|1|3,Tile_0,367,-0.190958,-0.190958,0.826167,0,0.881833,0.190958,0.0652058,0.0242951,98.2322
img_79a5da34e66aa18a2c24eaef,left,rig_91b93595f9dd2b17759817f5,1772726471348343808,0.4118,covered,0|3,Tile_0,368,-0.307691,-0.307691,0.735142,0,0.881833,0.307691,0.181939,0.00854365,109.554
img_7a41592105a1e385ea290380,right,rig_497c4abbdddec44fc1e5c68e,1772726410844537856,0.138,outdoor,0|1|2|3,Tile_0,369,-0.0510158,-0.0510158,0.950264,0,0.881833,0.0510158,-0.0747364,0.0345973,105.857
img_7bb3380ce80f1bc1d599c623,right,rig_5db1eaca76128be874ae3761,1772726492349608960,0.5068,covered,0|1|3,Tile_0,370,-0.381202,-0.381202,0.68304,0,0.881833,0.381202,0.25545,0.00818893,96.4446
img_7bd154c88477cf14f3e327e8,right,rig_cae275c40aa549790e52fd20,1772726545352769024,0.7466,indoor,0|1|3,Tile_0,371,-0.182518,-0.182518,0.83317,0,0.881833,0.182518,0.056766,0.0261517,73.1514
img_7bd4d14dab635bb5b3357c9a,left,rig_35cbefd3d2f4b7df687cc3ec,1772726428345666048,0.2172,outdoor,0|3,Tile_0,372,-0.363737,-0.363737,0.695074,0,0.881833,0.363737,0.237985,0.00913235,108.792
img_7c194d874150e53dc7911d70,right,rig_57c2ba4c8eedc151ab23a032,1772726509850633984,0.586,covered,0|1|2|3,Tile_0,373,-0.0603425,-0.0603425,0.941442,0,0.881833,0.0603425,-0.0654097,0.0414352,108.036
img_7c4bd9a8b55c8f86fa134466,right,rig_8e3bbcc1620e7105fa423668,1772726534352160000,0.6968,indoor,0|1|2|3,Tile_0,374,-0.0324306,-0.0324306,0.96809,0,0.881833,0.0324306,-0.0933216,0.0233818,98.7528
img_7c515910e5b2babce47b2d20,left,rig_dee50a77658b8fc7cdc87a21,1772726587855303168,0.9389,outdoor,0|1|2,Tile_0,375,-0.293365,-0.293365,0.74575,0,0.881833,0.293365,0.167613,0.000445296,116.108
img_7cbdf15076430dd9350f81b8,right,rig_0ef9dbc241cdbcffd9ef8830,1772726387343147008,0.0317,stationary_unresolved,0|1|2|3,Tile_0,376,-0.0337139,-0.0337139,0.966848,0,0.881833,0.0337139,-0.0920383,0.0108154,114.421
img_7cbe47c2fcf912025e6a1750,right,rig_e615de20b17fa11c9c697b26,1772726573354415872,0.8733,indoor,0|1|2|3,Tile_0,377,0.220005,0.220005,1.24608,0,0.881833,-0.220005,-0.345758,0.00793231,75.539
img_7ce21959ed0341af67a18655,right,rig_a8b7714d368911bee760906e,1772726552353229056,0.7783,indoor,0|1|3,Tile_0,378,-0.457151,-0.457151,0.633084,0,0.881833,0.457151,0.331399,0.0294499,62.0208
img_7d2a5bc3e40f82f3d13b4a0d,right,rig_522ee9fc76480605b197e81b,1772726590855462912,0.9525,outdoor,0|3,Tile_0,379,-0.500618,-0.500618,0.606156,0,0.881833,0.500618,0.374866,0.0177288,109.79
img_7d6f42b0bce05fe141244829,right,rig_8895a9a6f5acbf57a1c1a144,1772726442846546944,0.2828,outdoor,0|1|2|3,Tile_0,380,-0.21383,-0.21383,0.807486,0,0.881833,0.21383,0.0880774,0.00599263,119.071
img_7db20f6aebe0e3a515e10bd7,right,rig_4dbcf0b4219e7ac87e58c966,1772726556353435904,0.7964,indoor,0|3,Tile_0,381,0.303849,0.303849,1.35506,0,0.881833,-0.303849,-0.429602,0.00972105,88.6212
img_7dcdf9e8d78797e6f40a6690,right,rig_4632608bd59f3269d67c0a56,1772726578354714880,0.8959,indoor,0|1|2,Tile_0,382,-0.212014,-0.212014,0.808953,0,0.881833,0.212014,0.0862618,0.0361218,106.695
img_7e1c9e745aed152b1e706429,right,rig_f8e970507b82986a3831673c,1772726393843569920,0.0611,outdoor,0|1|2|3,Tile_0,383,-0.125448,-0.125448,0.882102,0,0.881833,0.125448,-0.000304669,0.0140533,110.545
img_7e5fa33d0d13a5a9e8727f84,right,rig_73278438c5987edce280624d,1772726405344205824,0.1131,outdoor,0|1|2|3,Tile_0,384,-0.0775771,-0.0775771,0.925356,0,0.881833,0.0775771,-0.0481751,0.0223403,109.697
img_7eb69cbcb3cfc4f6f4283b99,right,rig_f50ee5341312269e69fe7892,1772726542352633088,0.733,indoor,0|1|2|3,Tile_0,385,-0.0417526,-0.0417526,0.959107,0,0.881833,0.0417526,-0.0839996,0.0212308,72.5188
img_8025ffd18b089ef27d299a02,right,rig_3b08745339cf8d14f6aec219,1772726430845890048,0.2285,outdoor,0|1|2|3,Tile_0,386,-0.0370041,-0.0370041,0.963672,0,0.881833,0.0370041,-0.0887481,0.00403031,124.378
img_8034bee18078f34322ce32c4,right,rig_0d54a9615cbd3ca2a4fd9201,1772726468848142848,0.4005,indoor,0|1|2,Tile_0,387,0.0373323,0.0373323,1.03804,0,0.881833,-0.0373323,-0.163085,0.0209289,119.955
img_8090a41117eb65d08a63dfb6,left,rig_a6081c1007b9caf70b92b37c,1772726466347998976,0.3891,indoor,0|1|2|3,Tile_0,388,-0.129677,-0.129677,0.878379,0,0.881833,0.129677,0.00392516,0.0257442,98.6824
img_80940ca2f4c06ff631233746,right,rig_06b48d05e685561591643b16,1772726386843112960,0.0294,stationary_unresolved,0|1|2|3,Tile_0,389,-0.0912203,-0.0912203,0.912817,0,0.881833,0.0912203,-0.0345318,0.0107777,114.542
img_80df250f9970d79b3541dfbf,right,rig_69c73ab5587f94c045ee516e,1772726533352098816,0.6923,indoor,0|1|3,Tile_0,390,0.201638,0.201638,1.22341,0,0.881833,-0.201638,-0.327391,0.0189742,101.583
img_8123b95a19d4d38c968b46a6,right,rig_ef5c8187f0bb37e1cf8995b4,1772726475348558848,0.4299,outdoor,0|1|2|3,Tile_0,391,-0.136831,-0.136831,0.872118,0,0.881833,0.136831,0.0110789,0.0227856,118.653
img_82d9fb8847d38ab47a5fd588,left,rig_4b1ec4e3e45bd3dd1eeed80c,1772726477848705024,0.4412,outdoor,0|1|2,Tile_0,392,-0.181264,-0.181264,0.834215,0,0.881833,0.181264,0.0555114,0.0205138,129.037
img_838c23e27b7d0914a3d56cc1,left,rig_f617e13b0b17a308839b24e9,1772726495349758976,0.5204,outdoor,0|1|2|3,Tile_0,393,-0.0525841,-0.0525841,0.948775,0,0.881833,0.0525841,-0.0731681,0.00301896,122.991
img_8445df47b782669dc1b90367,right,rig_683015a639244cc715d9d250,1772726464847874816,0.3824,indoor,0|1|2|3,Tile_0,394,0.195006,0.195006,1.21532,0,0.881833,-0.195006,-0.320758,0.00652095,103.843
img_8448119d6dd039f747f28fad,right,rig_51dfbc6b06cba9f68f051556,1772726381342714112,0.0045,stationary_unresolved,0|1|2|3,Tile_0,395,0.0145987,0.0145987,1.01471,0,0.881833,-0.0145987,-0.140351,0.0109286,114.658
img_844c2dcd66a9f0b1ea61b610,left,rig_4632608bd59f3269d67c0a56,1772726578354730752,0.8959,indoor,0|1|3,Tile_0,396,-0.372255,-0.372255,0.689178,0,0.881833,0.372255,0.246503,0.0340539,92.2773
img_84806c3a7a1913d739ff8f11,left,rig_a7eccdb605b1978cb585d069,1772726430345857792,0.2262,outdoor,0|3,Tile_0,397,-0.376271,-0.376271,0.686417,0,0.881833,0.376271,0.250519,0.00787194,106.565
img_84dc5ebb65e295c784cd23a8,left,rig_9d95aa2abfb26fc1498a5395,1772726447346840832,0.3032,outdoor,0|1|3,Tile_0,398,-0.303273,-0.303273,0.738398,0,0.881833,0.303273,0.177521,0.0075323,109.022
img_8502bdf4dc3ab8de3bafafb0,left,rig_388a49b5615936ae67d820be,1772726440846451968,0.2738,outdoor,0|3,Tile_0,399,-0.241968,-0.241968,0.785081,0,0.881833,0.241968,0.116216,0.0115928,104.424
img_854fa679dccac7d7e0b62e14,left,rig_3d9e538c8670b6985619e201,1772726498850016000,0.5362,outdoor,0|1|2|3,Tile_0,400,-0.115913,-0.115913,0.890553,0,0.881833,0.115913,-0.00983946,0.000935877,120.234
img_85721e8fec7e71b7c7f73a5a,left,rig_b5687b0cb5abac30ed7f48ac,1772726426345499904,0.2081,outdoor,0|1|3,Tile_0,401,-0.222953,-0.222953,0.800152,0,0.881833,0.222953,0.0972009,0.0101965,106.407
img_859c9298a97165b8bde29d70,left,rig_d5b118e7a9fc9447562f0248,1772726444846680832,0.2919,outdoor,0|3,Tile_0,402,-0.243299,-0.243299,0.784037,0,0.881833,0.243299,0.117547,0.0117664,107.466
img_85a543b7c72c048e16fcfee4,left,rig_2a055bfd636f7d211ae0a779,1772726476848726016,0.4367,outdoor,0|1|2,Tile_0,403,-0.119858,-0.119858,0.887046,0,0.881833,0.119858,-0.00589424,0.00686058,124.268
img_85e78662bf093fa213534df1,right,rig_a576337316816313a8efe5fa,1772726597855890944,0.9842,outdoor,0|1|2|3,Tile_0,404,-0.353197,-0.353197,0.702439,0,0.881833,0.353197,0.227445,0.00999275,100.727
img_864756b6e6d7af01e546481e,right,rig_0c8aaeaf8cc9714a437895cb,1772726391343368960,0.0498,outdoor,0|1|2|3,Tile_0,405,-0.0407897,-0.0407897,0.960031,0,0.881833,0.0407897,-0.0849624,0.0152533,112.606
img_864f94111ef95cfcf74e9828,right,rig_fdc0fa397462e41f7b7a979b,1772726421345256960,0.1855,outdoor,0|1|2|3,Tile_0,406,-0.274054,-0.274054,0.760291,0,0.881833,0.274054,0.148302,0.00092833,119.598
img_86575fe5a65f1c1856691512,right,rig_325fa81b9d3269e8ec77d8ed,1772726588355316992,0.9412,outdoor,0|1|2|3,Tile_0,407,-0.147699,-0.147699,0.862691,0,0.881833,0.147699,0.021947,0.0449221,132.067
img_873f8a46b4f56524c493f90f,left,rig_62d2ba632bb86ef1b9ad4845,1772726497349894144,0.5294,outdoor,0|1|2|3,Tile_0,408,-0.164492,-0.164492,0.848324,0,0.881833,0.164492,0.0387402,0.00195478,121.76
img_876be3733d92d1284bc4e71c,left,rig_e3cad702ba9b2b03fd0f82ec,1772726471848347904,0.414,covered,0|3,Tile_0,409,-0.338166,-0.338166,0.713077,0,0.881833,0.338166,0.212414,0.0087097,109.475
img_876fed3a87ac79c0d63a1017,right,rig_91b93595f9dd2b17759817f5,1772726471348340992,0.4118,covered,0|1|2,Tile_0,410,-0.113107,-0.113107,0.893055,0,0.881833,0.113107,-0.012645,0.00529073,108.311
img_87edfad3f6901cbaccb73eb1,right,rig_4b1ec4e3e45bd3dd1eeed80c,1772726477848688896,0.4412,outdoor,0|1|2|3,Tile_0,411,-0.198648,-0.198648,0.819838,0,0.881833,0.198648,0.0728962,0.00491336,117.84
img_88226fd046cc5356cc68c8ec,right,rig_efcd62d71c5d28e141da5cb3,1772726398843760896,0.0837,outdoor,0|1|2|3,Tile_0,412,-0.171469,-0.171469,0.842426,0,0.881833,0.171469,0.045717,0.0180156,106.671
img_88f56dd83ab43bbefa88be99,left,rig_7b7a57d6184106ae9aedf6f9,1772726499850046976,0.5407,outdoor,0|1|2|3,Tile_0,413,-0.080416,-0.080416,0.922732,0,0.881833,0.080416,-0.0453362,0.00123023,121.846
img_8901278318a66954269e0d13,right,rig_d0d3489bce13de8504e92186,1772726503350235904,0.5566,outdoor,0|3,Tile_0,414,-0.267912,-0.267912,0.764975,0,0.881833,0.267912,0.142159,0.0113966,104.368
img_8901b6f736c41a065c80f94a,left,rig_17282dbd39188418a1f5eefc,1772726426845527808,0.2104,outdoor,0|3,Tile_0,415,-0.253252,-0.253252,0.776272,0,0.881833,0.253252,0.1275,0.00887574,108.005
img_899fdb6f39652cc58649d147,right,rig_90ae543fbb5ad945f5a42e17,1772726537352364032,0.7104,indoor,0|1|2,Tile_0,416,-0.217094,-0.217094,0.804854,0,0.881833,0.217094,0.0913417,0.0116758,79.1415
img_89a641da0fa44949a2822d47,right,rig_f5dd1d7af2daf6378e3249b4,1772726423845319936,0.1968,outdoor,0|1|2|3,Tile_0,417,-0.475428,-0.475428,0.621619,0,0.881833,0.475428,0.349675,0.00153967,121.483
img_89dbae486825e8e491b2f107,right,rig_91fc1ab762411955ff6045b9,1772726583355017984,0.9186,covered,0|1|2,Tile_0,418,-0.0601051,-0.0601051,0.941666,0,0.881833,0.0601051,-0.0656471,0.00674737,111.302
img_8a5782154627496067ab070d,right,rig_77f65590b82898143d4b614f,1772726415844847872,0.1606,outdoor,0|1|2|3,Tile_0,419,-0.157515,-0.157515,0.854264,0,0.881833,0.157515,0.0317626,0.00483033,119.455
img_8a836ae7085e580269664f4b,right,rig_44a497d2cddd76ad8dc46b77,1772726586355254016,0.9321,outdoor,0|1|2|3,Tile_0,420,-0.120316,-0.120316,0.88664,0,0.881833,0.120316,-0.00543584,0.0127249,127.34
img_8b86a5f7e66ce5098ea7120a,right,rig_313632335919463682d800b2,1772726491349501952,0.5023,covered,0|1|2|3,Tile_0,421,-0.393352,-0.393352,0.674791,0,0.881833,0.393352,0.2676,0.00863422,99.1285
img_8bdef04bbeeb5f84aab07251,left,rig_c6d39b13c662c182cb5e41b6,1772726598355931904,0.9864,indoor,0|1|2,Tile_0,422,-0.206735,-0.206735,0.813235,0,0.881833,0.206735,0.080983,0.00464165,114.957
img_8c2af5819c98a4c49838403d,right,rig_392adee9b1d023baeac738a4,1772726519851233024,0.6312,outdoor,0|1|2|3,Tile_0,423,-0.0635911,-0.0635911,0.938389,0,0.881833,0.0635911,-0.0621611,0.0283103,101.843
img_8c3e6079842882b7a563f29e,right,rig_3a1c49b0b99f45f0ffa75938,1772726579854802944,0.9027,indoor,0|1|2,Tile_0,424,0.0788557,0.0788557,1.08205,0,0.881833,-0.0788557,-0.204608,0.0206723,115.559
img_8c80111aab308428694788f4,right,rig_1cb9c5d4c879116ef855a1a5,1772726401843961088,0.0973,outdoor,0|1|2|3,Tile_0,425,-0.169836,-0.169836,0.843804,0,0.881833,0.169836,0.0440834,0.01871,103.789
img_8cb5b725b7b6ad962fac04a5,right,rig_38381b3fc18c826f13eeff77,1772726432846006784,0.2376,outdoor,0|1|2|3,Tile_0,426,0.0501287,0.0501287,1.05141,0,0.881833,-0.0501287,-0.175881,0.00473977,128.468
img_8cd89f371a942c3c6c92b440,left,rig_8e1b5e3e3f305e48552bbd59,1772726485349150976,0.4751,covered,0|1|2,Tile_0,427,-0.112938,-0.112938,0.893206,0,0.881833,0.112938,-0.012814,0.00219629,127.17
img_8d2055f12af7808e4abb1128,left,rig_3df5a96cc5f425ee41796945,1772726572854402048,0.871,indoor,0|1|3,Tile_0,428,-0.117741,-0.117741,0.888926,0,0.881833,0.117741,-0.00801081,0.0163854,52.3745
img_8d2653f0e92eb51552d9d708,right,rig_499c71c63328b454a4c529ad,1772726438846304000,0.2647,outdoor,0|1|2|3,Tile_0,429,-0.107508,-0.107508,0.898069,0,0.881833,0.107508,-0.0182438,0.00657378,128.453
img_8e7406ac1d20129cfb445559,right,rig_f5d85a923d4d655269390443,1772726583855046912,0.9208,covered,0|1|2,Tile_0,430,-0.209621,-0.209621,0.810891,0,0.881833,0.209621,0.083869,0.00252838,113.835
img_8efe5cca9c8833e14b9d60ff,left,rig_a9078c41c0a096c560d438f1,1772726462847769856,0.3733,indoor,0|1|2|3,Tile_0,431,-0.0840461,-0.0840461,0.919389,0,0.881833,0.0840461,-0.0417061,0.0214799,96.1566
img_8f0e7759dc55f86773c50f2b,right,rig_1bee9a2dc1fc8f2952ede860,1772726475848583936,0.4321,outdoor,0|1|2|3,Tile_0,432,-0.146238,-0.146238,0.863952,0,0.881833,0.146238,0.0204854,0.0186043,116.403
img_90c01a0a342d72f043a54865,right,rig_69c65f7075f6f69eff3108cd,1772726599856006912,0.9932,stationary_unresolved,0|1|2|3,Tile_0,433,-0.31416,-0.31416,0.730402,0,0.881833,0.31416,0.188408,0.0115022,105.801
img_90eea4dd5eaa99d0803f2f7d,right,rig_489762f527d5662e4bef440b,1772726456847405056,0.3462,covered,0|1|2|3,Tile_0,434,-0.470828,-0.470828,0.624485,0,0.881833,0.470828,0.345076,0.0015925,83.532
img_91231b770853ee6f31fd441d,right,rig_a22b187e8c911fae160eb070,1772726558353667072,0.8054,indoor,0|3,Tile_0,435,0.116299,0.116299,1.12333,0,0.881833,-0.116299,-0.242051,0.0242573,101.544
img_9294bdfdfc421be19feca3a8,right,rig_5bd893355a78101c356da067,1772726481848922880,0.4593,covered,0|1|2|3,Tile_0,436,-0.186893,-0.186893,0.829533,0,0.881833,0.186893,0.0611406,0.0154571,118.924
img_92dd1fda516c07508a76a56c,right,rig_a3034e10afdfd13c3bb3b127,1772726401343922944,0.095,outdoor,0|1|2|3,Tile_0,437,-0.0509362,-0.0509362,0.950339,0,0.881833,0.0509362,-0.074816,0.019661,106.583
img_93526b49c3d4ea71e085b123,left,rig_3960b36ac8ce3239da9d48e4,1772726425845465856,0.2059,outdoor,0|1|3,Tile_0,438,-0.323176,-0.323176,0.723847,0,0.881833,0.323176,0.197424,0.0132457,105.573
img_94448b4974045a36f76fb520,right,rig_475020cf2c7c50962fbaae56,1772726514850932736,0.6086,outdoor,0|1|2|3,Tile_0,439,-0.109468,-0.109468,0.896311,0,0.881833,0.109468,-0.0162844,0.0235403,100.137
img_94927e44b477e8913c19b6ca,right,rig_b7a1dcca113aef53dd74f487,1772726486349238784,0.4796,covered,0|1|2|3,Tile_0,440,-0.371853,-0.371853,0.689456,0,0.881833,0.371853,0.2461,0.0185062,106.072
img_94e02476ceafeb0eb6a0b463,right,rig_b63838d545636c8ddf8b3e09,1772726470848311808,0.4095,indoor,0|1|2,Tile_0,441,0.0120162,0.0120162,1.01209,0,0.881833,-0.0120162,-0.137768,0.00933613,110.673
img_953b301eedea931f01d7519b,left,rig_57c2ba4c8eedc151ab23a032,1772726509850650112,0.586,covered,0|1|2|3,Tile_0,442,0.0551026,0.0551026,1.05665,0,0.881833,-0.0551026,-0.180855,0.0106192,117.059
img_954f086e75547572ac933571,left,rig_a1697c621b1dd2f46054211e,1772726424845409792,0.2014,outdoor,0|1|2|3,Tile_0,443,-0.289158,-0.289158,0.748894,0,0.881833,0.289158,0.163406,0.0134947,105.558
img_9633e8945f2c59ccce41f434,left,rig_e98573ad02fccb17e2acf042,1772726481348909824,0.457,covered,0|1|2,Tile_0,444,-0.129405,-0.129405,0.878618,0,0.881833,0.129405,0.00365242,0.0011472,118.65
img_963a1658563cdcae13dded91,left,rig_e9da6b15668a54354ee2535d,1772726482348969984,0.4615,covered,0|1|2,Tile_0,445,-0.114897,-0.114897,0.891458,0,0.881833,0.114897,-0.010855,0.00139627,124.021
img_96ec06089b236e99424a6f3b,left,rig_5bc34c2fed18618a32e97745,1772726448346905088,0.3077,outdoor,0|1|2|3,Tile_0,446,-0.284702,-0.284702,0.752238,0,0.881833,0.284702,0.15895,0.00446806,105.853
img_975693a59615e9b56e83fb87,right,rig_1dec5dd5563196de35e6f643,1772726532852074752,0.69,indoor,0|1|3,Tile_0,447,0.0181872,0.0181872,1.01835,0,0.881833,-0.0181872,-0.143939,0.0192006,103.136
img_977b8a805006c0e5b74cbe6d,right,rig_8e1b5e3e3f305e48552bbd59,1772726485349135872,0.4751,covered,0|1|2|3,Tile_0,448,-0.23967,-0.23967,0.786888,0,0.881833,0.23967,0.113918,0.01831,107.469
img_98bb570ecf462a8b29f1009a,right,rig_63b1b61f95c59794d3396860,1772726427345547008,0.2127,outdoor,0|1|2|3,Tile_0,449,-0.120097,-0.120097,0.886834,0,0.881833,0.120097,-0.00565504,0.00110192,122.291
img_98f96242d8c202d61ed3e10a,left,rig_67298aabd7f28fa9d9b15387,1772726457347449088,0.3484,covered,0|1|2|3,Tile_0,450,-0.0797222,-0.0797222,0.923373,0,0.881833,0.0797222,-0.04603,0.00510204,112.367
img_98fbe7ea8fe6d8ecf2b8b9d7,right,rig_2dcb1105a9bc83267ba2531f,1772726600356036864,0.9955,stationary_unresolved,0|1|2|3,Tile_0,451,-0.183244,-0.183244,0.832565,0,0.881833,0.183244,0.0574917,0.011306,105.648
img_99068fd6187eaec18010aec9,right,rig_eab71990738eceee3836f663,1772726580354832896,0.905,indoor,0|1|2,Tile_0,452,0.0787499,0.0787499,1.08193,0,0.881833,-0.0787499,-0.204502,0.0194723,112.586
img_9962d88cb31eac6975120aa9,left,rig_ef5c8187f0bb37e1cf8995b4,1772726475348614912,0.4299,outdoor,0|1|2,Tile_0,453,-0.157131,-0.157131,0.854592,0,0.881833,0.157131,0.0313792,0.00181138,115.06
img_998fac7e5f651da4c2cd8d17,right,rig_8376cf6ed2d267b6372abc97,1772726385843104768,0.0249,stationary_unresolved,0|1|2|3,Tile_0,454,-0.0969605,-0.0969605,0.907592,0,0.881833,0.0969605,-0.0287917,0.0107701,114.464
img_99b7912c3fb02b71077e5347,left,rig_2dcb1105a9bc83267ba2531f,1772726600356051968,0.9955,stationary_unresolved,0|1|2,Tile_0,455,-0.115472,-0.115472,0.890945,0,0.881833,0.115472,-0.0102798,0.00537375,113.464
img_99cab519f1ef124e4b6289fd,right,rig_61ddcb249fb315d6b3a7c599,1772726522351382016,0.6425,outdoor,0|1|2|3,Tile_0,456,-0.0280955,-0.0280955,0.972296,0,0.881833,0.0280955,-0.0976567,0.0133136,90.7034
img_99d41f95d5644a7003fc4ed6,left,rig_2aefb045eb2673e7be71d02a,1772726540852517888,0.7262,indoor,0|1|3,Tile_0,457,-0.053703,-0.053703,0.947714,0,0.881833,0.053703,-0.0720492,0.0321444,89.7702
img_99ff5b55953852c01f3971b3,right,rig_0eb3371c1a9cf742253ad85d,1772726539852445952,0.7217,indoor,0|1|2,Tile_0,458,-0.0328662,-0.0328662,0.967668,0,0.881833,0.0328662,-0.092886,0.0255253,79.9159
img_9a02444f21bdbcb3a9eda962,left,rig_71ae938deaaa4b9c6973bf08,1772726485849179136,0.4774,covered,0|1|2,Tile_0,459,-0.045807,-0.045807,0.955226,0,0.881833,0.045807,-0.0799452,0.00178119,125.824
img_9b00be96662f65f6e44b8ae9,right,rig_6fa23521d90b426cbd139334,1772726521851394816,0.6403,outdoor,0|1|2|3,Tile_0,460,-0.144283,-0.144283,0.865643,0,0.881833,0.144283,0.0185307,0.0146118,90.6929
img_9b81a0f6a1bf887a91ae2d98,left,rig_489762f527d5662e4bef440b,1772726456847420928,0.3462,covered,0|1|2|3,Tile_0,461,-0.135182,-0.135182,0.873557,0,0.881833,0.135182,0.00942998,0.00221139,113.68
img_9b8b69704375b186076619ee,right,rig_7b7a57d6184106ae9aedf6f9,1772726499850030848,0.5407,outdoor,0|1|3,Tile_0,462,-0.182813,-0.182813,0.832924,0,0.881833,0.182813,0.0570612,0.00946444,102.257
img_9c271c30d50fb06f24be9e36,right,rig_3c9b5164bc1951213a7933b9,1772726528351819008,0.6697,indoor,0|1|3,Tile_0,463,0.32266,0.32266,1.3808,0,0.881833,-0.32266,-0.448412,0.0199176,106.584
img_9cc72b24cfc01e68bb74537b,right,rig_b5f4408ea9ce288b4ad01045,1772726413844727040,0.1516,outdoor,0|1|2|3,Tile_0,464,-0.299972,-0.299972,0.740839,0,0.881833,0.299972,0.17422,0.0166647,107.447
img_9d11a004e9202f7dd1430bdc,left,rig_a269c1f9931fa5f01c0c3525,1772726422345299968,0.19,outdoor,0|1|3,Tile_0,465,-0.308624,-0.308624,0.734457,0,0.881833,0.308624,0.182872,0.0125438,106.82
img_9ee9430204cbc4d2cbd30ed3,right,rig_8c9df4cc0f7e042daa4d11b5,1772726462347724032,0.371,indoor,0|1|2|3,Tile_0,466,0.0244762,0.0244762,1.02478,0,0.881833,-0.0244762,-0.150228,0.00663416,102.081
img_9eeaefa15ae4a16e7247811e,right,rig_a5c8751d41a665d69d33986e,1772726530351940864,0.6787,indoor,0|1|3,Tile_0,467,0.373669,0.373669,1.45306,0,0.881833,-0.373669,-0.499421,0.0263253,99.1892
img_9f8e6e6735bab2261cf49998,right,rig_8bde27053478a07cd47f4415,1772726399343814912,0.086,outdoor,0|1|2|3,Tile_0,468,-0.0424446,-0.0424446,0.958444,0,0.881833,0.0424446,-0.0833076,0.0187855,104.207
img_9fc13fc6b2a89839552d140b,right,rig_a9f7d98bdef46fd501af8b17,1772726520351264000,0.6335,outdoor,0|1|2|3,Tile_0,469,-0.0402957,-0.0402957,0.960505,0,0.881833,0.0402957,-0.0854564,0.0203176,95.4561
img_9fdb192a6cce5207a022ddf4,left,rig_7dd4daacf866047206cfc7cd,1772726587355271936,0.9367,outdoor,0|1|2,Tile_0,470,-0.35211,-0.35211,0.703203,0,0.881833,0.35211,0.226358,0.00192459,111.291
img_9fe8d294f8291e2e63f2ff7a,right,rig_0c0cecb0aef0c52ce2c6aa9d,1772726557353544960,0.8009,indoor,0|3,Tile_0,471,0.363516,0.363516,1.43838,0,0.881833,-0.363516,-0.489268,0.0220459,104.123
img_a022d4ac11daef96817ffead,right,rig_57abffbe71119b953b048e03,1772726514350947840,0.6063,outdoor,0|1|2|3,Tile_0,472,-0.0113623,-0.0113623,0.988702,0,0.881833,0.0113623,-0.11439,0.0231781,98.9492
img_a02ab4c174e113a279d4bed5,left,rig_99601681f6fb3541aef8004d,1772726441346475776,0.276,outdoor,0|3,Tile_0,473,-0.238443,-0.238443,0.787854,0,0.881833,0.238443,0.11269,0.0112834,101.01
img_a14105de462c87fe3f894b4d,right,rig_fecabf1f0df1d4efe3758382,1772726410344506880,0.1357,outdoor,0|1|2|3,Tile_0,474,-0.0819073,-0.0819073,0.921357,0,0.881833,0.0819073,-0.0438449,0.0174345,96.0205
img_a173ce5b858d0e4cc6535939,left,rig_cc780f250500d86fdd99fa40,1772726428845679872,0.2195,outdoor,0|3,Tile_0,475,-0.194512,-0.194512,0.823236,0,0.881833,0.194512,0.0687598,0.00901914,108.372
img_a1f74d52ddf18a7b95f8fb82,right,rig_8aab95e150e309add8a41d73,1772726443346631936,0.2851,outdoor,0|1|2|3,Tile_0,476,-0.0534393,-0.0534393,0.947963,0,0.881833,0.0534393,-0.0723129,0.00627189,120.901
img_a21e76e673caa3f2f9ac6c92,right,rig_1cc1bd00f27f66174cd517e6,1772726582354951936,0.914,indoor,0|1|2,Tile_0,477,-0.12519,-0.12519,0.88233,0,0.881833,0.12519,-0.000562534,0.035903,113.507
img_a2e7e9dbb51942d5d12a742f,left,rig_07365b42985639b762ddee0a,1772726536352329984,0.7059,indoor,0|1|2|3,Tile_0,478,-0.610167,-0.610167,0.54326,0,0.881833,0.610167,0.484414,0.00964557,60.1354
img_a2ef0a0058461539f6d32279,right,rig_edcce550aec0ad3c1825731d,1772726417844980992,0.1697,outdoor,0|1|2|3,Tile_0,479,-0.1186,-0.1186,0.888163,0,0.881833,0.1186,-0.00715216,0.00621151,126.715
img_a3cc951b233b580ed90eef07,left,rig_325fa81b9d3269e8ec77d8ed,1772726588355331840,0.9412,outdoor,0|1|2,Tile_0,480,-0.162345,-0.162345,0.850148,0,0.881833,0.162345,0.0365923,0.0017359,123.725
img_a415e25dd2ef27ecc5a4e82a,right,rig_d6963ee8dba6eb0fb6f95ff1,1772726465347912960,0.3846,indoor,0|1|2|3,Tile_0,481,0.194345,0.194345,1.21452,0,0.881833,-0.194345,-0.320097,0.00778891,107.297
img_a43232d113b6f9e20c343e11,left,rig_4fdb0f6024349585e6749f6c,1772726503850278912,0.5588,outdoor,0|1|2|3,Tile_0,482,-0.0235297,-0.0235297,0.976745,0,0.881833,0.0235297,-0.102222,0.0119853,122.053
img_a49f9bef3e593948cf72d9a1,left,rig_9270bb45deabba98f3d35bfa,1772726422845305856,0.1923,outdoor,0|1|3,Tile_0,483,-0.313702,-0.313702,0.730737,0,0.881833,0.313702,0.187949,0.0130872,106.564
img_a4bc513964ab0170b07c28bc,right,rig_c95956aed608037d72998ed8,1772726412844669952,0.1471,outdoor,0|1|2|3,Tile_0,484,-0.179858,-0.179858,0.835389,0,0.881833,0.179858,0.0541061,0.0193591,105.377
img_a4d25ce454cd8f58122e6006,left,rig_c5283cd6ab5e0aa874eff166,1772726439346355968,0.267,outdoor,0|3,Tile_0,485,-0.350095,-0.350095,0.704621,0,0.881833,0.350095,0.224343,0.0104758,105.727
img_a55455197d4f2ef471861034,right,rig_15351bdd38b5f8052a7c981c,1772726526351633152,0.6606,indoor,0|1|3,Tile_0,486,0.28502,0.28502,1.32979,0,0.881833,-0.28502,-0.410772,0.00772099,81.8331
img_a582079f26f392696e22c9e8,left,rig_edc3bafffda033f20b96d6e7,1772726564353956864,0.8326,indoor,0|1|2|3,Tile_0,487,0.105841,0.105841,1.11164,0,0.881833,-0.105841,-0.231593,0.0114947,87.5955
img_a644c06abc0af04ee00daff9,left,rig_3b08745339cf8d14f6aec219,1772726430845891840,0.2285,outdoor,0|3,Tile_0,488,-0.31497,-0.31497,0.729811,0,0.881833,0.31497,0.189218,0.0055247,99.8838
img_a6864217916e2f53d62d8977,right,rig_62d2ba632bb86ef1b9ad4845,1772726497349878016,0.5294,outdoor,0|1|3,Tile_0,489,-0.270148,-0.270148,0.763266,0,0.881833,0.270148,0.144396,0.00736626,97.7157
img_a70b864456069a8a04299a32,left,rig_d87764c773928f6cedabc5b1,1772726591355510016,0.9548,outdoor,0|1|2,Tile_0,490,-0.181412,-0.181412,0.834092,0,0.881833,0.181412,0.0556599,0.00323783,129.978
img_a7702c940d1875989ae07bb5,right,rig_3b41916b103981a8eccd4f43,1772726574854508032,0.8801,indoor,0|1|2,Tile_0,491,0.708205,0.693147,2,1,0.881833,-0.693147,-0.818899,0.00880027,91.6205
img_a7fc5741e568a245c780da9f,left,rig_64ba07982d918ecf2f55417d,1772726581854936832,0.9118,indoor,0|3,Tile_0,492,-0.102021,-0.102021,0.903011,0,0.881833,0.102021,-0.0237312,0.0439787,115.854
img_a81fedc93cf86c096628e077,left,rig_08081db25aa286b3c2771e0f,1772726589355390976,0.9457,outdoor,0|1|2,Tile_0,493,-0.182888,-0.182888,0.832862,0,0.881833,0.182888,0.0571354,0.00395484,129.01
img_a82e5ed8936520040da5595f,right,rig_61551f3cbc92909dad638c73,1772726459847555840,0.3597,covered,0|1|2|3,Tile_0,494,-0.261766,-0.261766,0.769691,0,0.881833,0.261766,0.136014,0.00483788,102.871
img_a845da47748e8a6ca297bb3a,right,rig_b657874324625bd3f19ad991,1772726390843336960,0.0475,outdoor,0|1|2|3,Tile_0,495,-0.138158,-0.138158,0.870961,0,0.881833,0.138158,0.0124055,0.00406805,102.694
img_a8804fb8fac29a211615de16,left,rig_b71e39aff0f21581116681d0,1772726458847533824,0.3552,covered,0|1|2|3,Tile_0,496,-0.0140886,-0.0140886,0.98601,0,0.881833,0.0140886,-0.111664,0.0120758,103.559
img_a90635e58244461b86267963,left,rig_cdf107e3e1b044065efd0add,1772726536852362752,0.7081,indoor,0|1|3,Tile_0,497,-0.726947,-0.693147,0.5,1,0.881833,0.693147,0.567395,0.00731343,55.9638
img_a910ffa64c6d26f6ee830d8c,right,rig_16e86f8952d26123cc30a803,1772726527351692800,0.6652,indoor,0|1|3,Tile_0,498,0.404152,0.404152,1.49803,0,0.881833,-0.404152,-0.529904,0.0155703,104.541
img_a9801515c4acedf4f042d6ee,right,rig_3c64bb05b7b5c9abf9f8ea57,1772726392843508992,0.0566,outdoor,0|1|2|3,Tile_0,499,-0.0906602,-0.0906602,0.913328,0,0.881833,0.0906602,-0.035092,0.00999275,107.814
img_a994d67bd8f7baf8bc80fc12,left,rig_845d3f5e0068e3363d4d6e0b,1772726495849790976,0.5226,outdoor,0|1|2|3,Tile_0,500,-0.130073,-0.130073,0.878031,0,0.881833,0.130073,0.00432128,0.00316236,122.632
img_aad3e392c49e55bff2867b51,left,rig_78d42ea51d8af589ae473677,1772726435346091008,0.2489,outdoor,0|3,Tile_0,501,-0.193608,-0.193608,0.823981,0,0.881833,0.193608,0.0678554,0.0151854,113.234
img_ace39114ea6e3dc2c06be34b,left,rig_5b86fc4cc527019cc1bbe3e0,1772726597355872000,0.9819,outdoor,0|1|2|3,Tile_0,502,-0.127217,-0.127217,0.880543,0,0.881833,0.127217,0.00146464,0.0030416,128.324
img_ae76977466c8fa930454864c,right,rig_b4d4cab763a4251789f68ec8,1772726434346002944,0.2443,outdoor,0|1|2|3,Tile_0,503,-0.119207,-0.119207,0.887624,0,0.881833,0.119207,-0.00654543,0.00560772,130.137
img_aedaf82ed3842144ec0c3951,right,rig_2a055bfd636f7d211ae0a779,1772726476848721920,0.4367,outdoor,0|1|2|3,Tile_0,504,-0.0621849,-0.0621849,0.939709,0,0.881833,0.0621849,-0.0635673,0.0132457,115.944
img_af0c87414478c62a4258fbee,right,rig_626e93c9228dc8ed10db7617,1772726541852632064,0.7308,indoor,0|1|2|3,Tile_0,505,-0.0033758,-0.0033758,0.99663,0,0.881833,0.0033758,-0.122376,0.0207478,71.0314
img_af58ddf11594de171687a482,left,rig_3d361a9bac2d45b63fbaa31a,1772726560853705984,0.8167,indoor,0|1|2|3,Tile_0,506,0.321799,0.321799,1.37961,0,0.881833,-0.321799,-0.447551,0.0222724,102.677
img_af7bad065c75951e1c1e1c4f,right,rig_e8f612a2355b17f8b3c2c37d,1772726450347016960,0.3167,outdoor,0|1|2|3,Tile_0,507,-0.0143913,-0.0143913,0.985712,0,0.881833,0.0143913,-0.111361,0.0072455,124.218
img_afa4fada790a296589f9fe98,left,rig_f50ee5341312269e69fe7892,1772726542352634880,0.733,indoor,0|1|2|3,Tile_0,508,-0.0137881,-0.0137881,0.986307,0,0.881833,0.0137881,-0.111964,0.0217516,77.7498
img_afbad3a10e48842de673fe08,right,rig_d929eaf79452849333e04afb,1772726486849220096,0.4819,covered,0|1|2|3,Tile_0,509,-0.321153,-0.321153,0.725312,0,0.881833,0.321153,0.195401,0.0158043,103.292
img_affda59b9b625a3dde9beb85,right,rig_a1697c621b1dd2f46054211e,1772726424845394944,0.2014,outdoor,0|1|2|3,Tile_0,510,-0.529559,-0.529559,0.588864,0,0.881833,0.529559,0.403807,0.00127551,120.599
img_b03cab9432767781d37d0c40,right,rig_34a82c122eafbdd07729c7a3,1772726518351147776,0.6244,outdoor,0|1|2|3,Tile_0,511,0.0783456,0.0783456,1.0815,0,0.881833,-0.0783456,-0.204098,0.0184157,95.1513
img_b051feaa1d7f5d42e0047343,right,rig_ddb2dc46864d9ccf8bbf6717,1772726590355437056,0.9502,outdoor,0|3,Tile_0,512,-0.460112,-0.460112,0.631213,0,0.881833,0.460112,0.334359,0.0200836,111.006
img_b0dff84e59a8923bb4475ce6,right,rig_f332edb76f172fde248e998e,1772726544852802048,0.7443,indoor,0|1|3,Tile_0,513,-0.0645173,-0.0645173,0.93752,0,0.881833,0.0645173,-0.0612349,0.0286348,78.0424
img_b11bf686109a135a518900ea,left,rig_23ed0e5ae3378bafc2ba969b,1772726500350077952,0.543,outdoor,0|1|2|3,Tile_0,514,-0.152996,-0.152996,0.858133,0,0.881833,0.152996,0.0272443,0.00128306,123.145
img_b1522372fee2db4f57295874,left,rig_7964ba6473e309db290c0c7f,1772726436846227968,0.2557,outdoor,0|3,Tile_0,515,-0.257679,-0.257679,0.772844,0,0.881833,0.257679,0.131926,0.0107777,105.079
img_b163f81048a3ba50a89567c5,left,rig_7e4fdd970b45bc54ea2a4c73,1772726488849356800,0.491,covered,0|1|2|3,Tile_0,516,-0.143223,-0.143223,0.86656,0,0.881833,0.143223,0.0174713,0.00273216,126.489
img_b18850b17273389e3aefd9cd,right,rig_f06333428d4f48f2cf7fbe79,1772726510350720000,0.5882,covered,0|1|2|3,Tile_0,517,-0.0875713,-0.0875713,0.916154,0,0.881833,0.0875713,-0.0381808,0.0290348,99.2118
img_b1c500990871617a4fbe2492,right,rig_dad6414d3a0780b4bd18caeb,1772726553853325824,0.7851,indoor,0|1|3,Tile_0,518,-0.395896,-0.395896,0.673076,0,0.881833,0.395896,0.270144,0.0213289,56.336
img_b1eaa3cc3bdadd20836fdc60,right,rig_4bfe51f308b316471a58f4d3,1772726576854681856,0.8891,indoor,0|1|2,Tile_0,519,0.0981384,0.0981384,1.10312,0,0.881833,-0.0981384,-0.223891,0.113807,112.458
img_b2093a79c6bb26d7f93e593e,left,rig_a252e4466eab7879f3d747fc,1772726489849453824,0.4955,covered,0|1|2|3,Tile_0,520,-0.0750944,-0.0750944,0.927656,0,0.881833,0.0750944,-0.0506578,0.00301141,125.544
img_b217e9690565a9a90ac89dcd,left,rig_d7a8710ef2ec0515707ccb1c,1772726541352546048,0.7285,indoor,0|1|3,Tile_0,521,0.0373992,0.0373992,1.03811,0,0.881833,-0.0373992,-0.163151,0.0380162,90.3747
img_b32a46a681c9c410d35408e6,left,rig_5af663697925ca79c4a912c2,1772726579354814976,0.9005,indoor,0|1|3,Tile_0,522,0.0146465,0.0146465,1.01475,0,0.881833,-0.0146465,-0.140399,0.0233215,107.913
img_b4812019b4dfa216489f95df,right,rig_3960b36ac8ce3239da9d48e4,1772726425845450752,0.2059,outdoor,0|1|2|3,Tile_0,523,-0.115914,-0.115914,0.890552,0,0.881833,0.115914,-0.00983815,0.000883046,119.406
img_b49a7a00f760704e50863571,right,rig_c6d39b13c662c182cb5e41b6,1772726598355917056,0.9864,indoor,0|1|2|3,Tile_0,524,-0.42225,-0.42225,0.65557,0,0.881833,0.42225,0.296498,0.0105588,99.5509
img_b4d42ee9e22aa2aad4ed310f,left,rig_c9c2c0b046ae211cf9f30fad,1772726479348790784,0.448,outdoor,0|1|2,Tile_0,525,-0.129336,-0.129336,0.878679,0,0.881833,0.129336,0.00358398,0.0066719,119.709
img_b5ca4a382aa3fedf86678fdd,right,rig_7e4fdd970b45bc54ea2a4c73,1772726488849341952,0.491,covered,0|1|3,Tile_0,526,-0.374777,-0.374777,0.687442,0,0.881833,0.374777,0.249025,0.0121438,103.999
img_b60e7cefcb6bc5ac435ea8ab,left,rig_90ae543fbb5ad945f5a42e17,1772726537352367872,0.7104,indoor,0|1|3,Tile_0,527,-0.470467,-0.470467,0.624711,0,0.881833,0.470467,0.344715,0.015608,61.2421
img_b66bfddd418c61e670dc3a5c,right,rig_9b30bbe8a1c651d62230aada,1772726431845913856,0.233,outdoor,0|1|2|3,Tile_0,528,-0.129347,-0.129347,0.878669,0,0.881833,0.129347,0.00359461,0.00427937,125.49
img_b6ba74c87f4094b04dbb2f59,left,rig_0deca8a3105fec84911844ac,1772726601356112128,1,stationary_unresolved,0|1|2,Tile_0,529,-0.102848,-0.102848,0.902264,0,0.881833,0.102848,-0.0229041,0.00555488,114.541
img_b6beedc52cef4f2ac0a45e14,right,rig_b71e39aff0f21581116681d0,1772726458847518976,0.3552,covered,0|1|2|3,Tile_0,530,-0.114942,-0.114942,0.891418,0,0.881833,0.114942,-0.0108103,0.0119098,104.628
img_b709d4e3277d2f8c8b7f9745,right,rig_a6a833bb554e1ed680f753a0,1772726460347631872,0.362,covered,0|1|2|3,Tile_0,531,-0.0805021,-0.0805021,0.922653,0,0.881833,0.0805021,-0.0452501,0.00336614,104.335
img_b7f55877796392d83c722aba,right,rig_5d9632624c35a86076db1c01,1772726420845197056,0.1833,outdoor,0|1|2|3,Tile_0,532,-0.0737621,-0.0737621,0.928893,0,0.881833,0.0737621,-0.0519901,0.00111701,120.319
img_b94d750c916e200cf37c2ad4,right,rig_1e8b9b6d6e185fe3fe9e73b3,1772726529351817728,0.6742,indoor,0|1|3,Tile_0,533,0.280946,0.280946,1.32438,0,0.881833,-0.280946,-0.406698,0.0241441,101.692
img_b9f940b901e71cda50ef8ab3,right,rig_3643b57e556caa0d5a540338,1772726459347586816,0.3575,indoor,0|1|2|3,Tile_0,534,-0.171094,-0.171094,0.842742,0,0.881833,0.171094,0.0453419,0.00768325,102.868
img_ba1f9bf2a46929e6fb4e8ac2,left,rig_9febeabbae3b97836920896c,1772726580854876928,0.9072,indoor,0|3,Tile_0,535,-0.0322763,-0.0322763,0.968239,0,0.881833,0.0322763,-0.0934758,0.0283178,114.394
img_ba2f05a90b6e766693a2bd0d,right,rig_c9c2c0b046ae211cf9f30fad,1772726479348774912,0.448,outdoor,0|1|2|3,Tile_0,536,-0.138874,-0.138874,0.870338,0,0.881833,0.138874,0.013122,0.00798515,118.869
img_bb2a68f657118be7ff0b05ea,left,rig_6283a32deb59e6bf9f3db3ae,1772726576354608896,0.8869,indoor,0|1|3,Tile_0,537,0.0380129,0.0380129,1.03874,0,0.881833,-0.0380129,-0.163765,0.063851,99.1838
img_bb7edb68adad44f80e71b2f8,right,rig_91315d3ab36ef2819c717c09,1772726505350347008,0.5656,covered,0|3,Tile_0,538,-0.244023,-0.244023,0.783469,0,0.881833,0.244023,0.118271,0.00981162,108.396
img_bc2bea11a1cb64d9ca5716c4,right,rig_815b5dd557cc5801e2725257,1772726524351503872,0.6516,indoor,0|1|3,Tile_0,539,-0.395304,-0.395304,0.673475,0,0.881833,0.395304,0.269552,0.00510204,74.1147
img_bc2f93ba4d934d3232b673e3,left,rig_8aaa89fb48befc2bfd49c616,1772726504350326016,0.5611,outdoor,0|1|2|3,Tile_0,540,-0.136733,-0.136733,0.872203,0,0.881833,0.136733,0.010981,0.0168156,122.714
img_bca1f40e65c0073ea5c3b207,right,rig_950ebaef281cbcf80c72a826,1772726403844158976,0.1063,outdoor,0|1|2|3,Tile_0,541,-0.285749,-0.285749,0.751451,0,0.881833,0.285749,0.159997,0.00528318,97.231
img_bce41815c3435d5918fa786f,left,rig_a76b62550f78b1898ad49484,1772726595855812096,0.9751,outdoor,0|1|2,Tile_0,542,-0.135212,-0.135212,0.873531,0,0.881833,0.135212,0.00945944,0.00196987,127.251
img_bd0554e5df5436ff7dc3ffa3,right,rig_a14eac5361ec93600b1d4f72,1772726592855634944,0.9615,outdoor,0|3,Tile_0,543,-0.404665,-0.404665,0.6672,0,0.881833,0.404665,0.278913,0.0167628,108.667
img_bdfcb387bd32e009a83ba8d8,left,rig_d0fcdd798e9daefb6d44e850,1772726584855149056,0.9253,outdoor,0|3,Tile_0,544,-0.346894,-0.346894,0.70688,0,0.881833,0.346894,0.221142,0.0111852,108.065
img_be28532475a779685710f991,right,rig_55fa4cc81889406467df0ec5,1772726439846374144,0.2692,outdoor,0|1|2|3,Tile_0,545,-0.094142,-0.094142,0.910154,0,0.881833,0.094142,-0.0316102,0.00713229,127.464
img_be3df20bb870c84751cfa689,left,rig_4c261f202575cfa7ee3d3302,1772726457847501056,0.3507,indoor,0|1|2|3,Tile_0,546,-0.120372,-0.120372,0.886591,0,0.881833,0.120372,-0.00538028,0.00396238,107.16
img_be5a270ff906e798953439de,left,rig_4bc8bf23531299bc76b8e440,1772726452347151872,0.3258,outdoor,0|1|2,Tile_0,547,-0.18803,-0.18803,0.82859,0,0.881833,0.18803,0.0622778,0.000249064,116.917
img_be7fbc047b987740dd2c4760,left,rig_259f13e81b17068c6635d2e1,1772726551853168896,0.776,indoor,0|1|2|3,Tile_0,548,0.119411,0.119411,1.12683,0,0.881833,-0.119411,-0.245163,0.0107928,94.9031
img_beb01b280b14e79f616ea854,left,rig_284fb60ef0905080016bbb13,1772726588855362048,0.9434,outdoor,0|1|2,Tile_0,549,-0.157543,-0.157543,0.85424,0,0.881833,0.157543,0.0317906,0.00350954,127.592
img_c00a2dd81dbcbe2ba6d1a126,right,rig_35081e0547a7cfcbca79dbba,1772726448846920960,0.31,outdoor,0|1|2|3,Tile_0,550,-0.0989311,-0.0989311,0.905805,0,0.881833,0.0989311,-0.026821,0.00478505,123.251
img_c04b37a9ccae6e3f6a62ef81,left,rig_bb59c628595f4627352f9cf5,1772726542852632064,0.7353,indoor,0|1|2|3,Tile_0,551,-0.032376,-0.032376,0.968143,0,0.881833,0.032376,-0.0933762,0.0136985,78.0141
img_c0e1cf412031577bfe06ae4a,right,rig_e3cad702ba9b2b03fd0f82ec,1772726471848332032,0.414,covered,0|1|2|3,Tile_0,552,-0.0820176,-0.0820176,0.921256,0,0.881833,0.0820176,-0.0437346,0.0045058,112.725
img_c1c7ee83afa5320441b43b8c,left,rig_954e3438a79223fdcc4271fc,1772726512850864896,0.5995,outdoor,0|1|2,Tile_0,553,-0.0683367,-0.0683367,0.933946,0,0.881833,0.0683367,-0.0574155,0.00485298,119.302
img_c1d98062a4244b5006970c32,right,rig_00a3588c60e97948cf94e53a,1772726517851119104,0.6222,outdoor,0|1|2|3,Tile_0,554,0.0598348,0.0598348,1.06166,0,0.881833,-0.0598348,-0.185587,0.0146646,93.6236
img_c1e12f0629dd3d406e51c28a,left,rig_ff90e80b9b81ea3540b051b3,1772726591855539968,0.957,outdoor,0|1|2,Tile_0,555,-0.0949242,-0.0949242,0.909442,0,0.881833,0.0949242,-0.030828,0.00196232,129.074
img_c4432fd9be4c02760427f369,left,rig_b1b74993b2cfab693abe02c3,1772726452847183104,0.3281,outdoor,0|1|2,Tile_0,556,-0.200838,-0.200838,0.818045,0,0.881833,0.200838,0.0750857,0.000981162,121.384
img_c49faa1d11365b47610f1cef,left,rig_f8ded7c55aa6618f7f932f78,1772726543352663040,0.7376,indoor,0|1|2|3,Tile_0,557,0.134825,0.134825,1.14434,0,0.881833,-0.134825,-0.260577,0.0117438,86.3429
img_c4fce4edb71733e79d9ea3ae,left,rig_5d4869e6d451014f72650917,1772726491849551872,0.5045,covered,0|1|2|3,Tile_0,558,-0.0376925,-0.0376925,0.963009,0,0.881833,0.0376925,-0.0880597,0.00431711,123.907
img_c54fcbe99fb2556e3eee453b,right,rig_dcafed623bbc1de68d459686,1772726445346695936,0.2941,outdoor,0|1|2|3,Tile_0,559,-0.157092,-0.157092,0.854626,0,0.881833,0.157092,0.0313395,0.00363785,125.632
img_c61c2887cae73f809045af53,right,rig_2aefb045eb2673e7be71d02a,1772726540852501760,0.7262,indoor,0|1|2,Tile_0,560,-0.19964,-0.19964,0.819025,0,0.881833,0.19964,0.0738882,0.0255027,75.4439
img_c6c64c84f33e7ba57d01e36f,right,rig_2cdcb12b87524dcabf8ab53f,1772726396843715840,0.0747,outdoor,0|1|2|3,Tile_0,561,-0.177457,-0.177457,0.837397,0,0.881833,0.177457,0.0517047,0.00811345,106.672
img_c6d4a7e7e0a2a005cecdad2f,right,rig_5b8f8987e5c066d5adbfbd83,1772726507850499840,0.5769,covered,0|3,Tile_0,562,-0.204646,-0.204646,0.814936,0,0.881833,0.204646,0.0788935,0.00155476,84.2207
img_c6f511fd619078aef91932cc,right,rig_6ac4fbfb6c11253d29172b3e,1772726578854806016,0.8982,indoor,0|1|2,Tile_0,563,0.268926,0.268926,1.30856,0,0.881833,-0.268926,-0.394678,0.0242649,111.634
img_c77512e4e0ce2d4fa776ea2d,right,rig_e6e5a94fe91931079cceaf87,1772726397343741952,0.0769,outdoor,0|1|2|3,Tile_0,564,-0.12633,-0.12633,0.881324,0,0.881833,0.12633,0.000577688,0.0145136,108.263
img_c7ece5aea1a2713fff288e22,right,rig_17ce22fa282acba5bd402357,1772726546352824064,0.7511,indoor,0|1|3,Tile_0,565,-0.335148,-0.335148,0.715232,0,0.881833,0.335148,0.209396,0.0232233,68.6726
img_c8bbc2a08c7cc7dc37c199cd,right,rig_628ed43a6e99e253002d2a91,1772726484849107968,0.4729,covered,0|1|2|3,Tile_0,566,-0.222971,-0.222971,0.800138,0,0.881833,0.222971,0.0972192,0.0230799,112.549
img_c945937fd972cd35ccc3f927,right,rig_08081db25aa286b3c2771e0f,1772726589355375104,0.9457,outdoor,0|1|2|3,Tile_0,567,-0.37363,-0.37363,0.688231,0,0.881833,0.37363,0.247878,0.0194496,112.231
img_c97b935806f8446352f5c059,right,rig_a76a9055d2df009d0a0f06fe,1772726585355197952,0.9276,outdoor,0|1|2|3,Tile_0,568,-0.0321338,-0.0321338,0.968377,0,0.881833,0.0321338,-0.0936184,0.012106,124.664
img_c9d1fab35661b2bd69281bfa,right,rig_403ae798f86ad0a17606adde,1772726551353185024,0.7738,indoor,0|1|3,Tile_0,569,-0.412012,-0.412012,0.662316,0,0.881833,0.412012,0.28626,0.0310575,62.122
img_cbaa2ed931cc075f3b1eb8f6,right,rig_ccb968cc149a169e0aeab8b0,1772726600856066816,0.9977,stationary_unresolved,0|1|2|3,Tile_0,570,-0.174063,-0.174063,0.840244,0,0.881833,0.174063,0.0483113,0.0111098,105.556
img_cc49a20a9f67e4bfb75ac5cd,right,rig_7aef461595f805c89596172b,1772726407344320000,0.1222,outdoor,0|1|2|3,Tile_0,571,-0.154545,-0.154545,0.856805,0,0.881833,0.154545,0.0287931,0.0200308,95.7161
img_cc7973236912a72f232cc17b,left,rig_5a979f6cd3d0d9c63b8d2d12,1772726453347235072,0.3303,outdoor,0|1|2|3,Tile_0,572,-0.0909361,-0.0909361,0.913076,0,0.881833,0.0909361,-0.0348161,0.00211327,123.451
img_cd4571ad8de26172a08ecd80,right,rig_32f3e003a2a8f07e44263418,1772726388843239936,0.0385,indoor,0|1|2|3,Tile_0,573,-0.078739,-0.078739,0.924281,0,0.881833,0.078739,-0.0470132,0.0112532,114.368
img_cd82e547ec1029199a8abeed,right,rig_694808f82a99f58369491ead,1772726554853381888,0.7896,indoor,0|1|3,Tile_0,574,-0.220536,-0.220536,0.802089,0,0.881833,0.220536,0.0947835,0.014491,59.8659
img_cf9d47bf271465783b283e59,left,rig_d929eaf79452849333e04afb,1772726486849235968,0.4819,covered,0|1|2|3,Tile_0,575,-0.150414,-0.150414,0.860351,0,0.881833,0.150414,0.0246622,0.00240007,125.092
img_cfa7bd7ddd9ffe59243cc69d,right,rig_695d8250eaeeb6965adc50d0,1772726470348238848,0.4072,indoor,0|1|2,Tile_0,576,0.00159682,0.00159682,1.0016,0,0.881833,-0.00159682,-0.127349,0.0198798,116.964
img_d01afa21ca5242b7a5e0f749,left,rig_dcafed623bbc1de68d459686,1772726445346711808,0.2941,outdoor,0|3,Tile_0,577,-0.27185,-0.27185,0.761969,0,0.881833,0.27185,0.146098,0.0105513,106.93
img_d04d0ca787fbef2b28f090d4,left,rig_8dc919a038e91363f01ee701,1772726562853872128,0.8258,indoor,0|1|2,Tile_0,578,0.292474,0.292474,1.33974,0,0.881833,-0.292474,-0.418226,0.0188534,95.3511
img_d0d851b2ccfa742fa1bd8d68,right,rig_9a545eaf708caa7909f4a115,1772726534852189952,0.6991,indoor,0|1|2|3,Tile_0,579,0.0920398,0.0920398,1.09641,0,0.881833,-0.0920398,-0.217792,0.023095,95.1681
img_d13775f3817c9aa225ed22ac,right,rig_73e81d3c113b311ca4494c65,1772726575854564864,0.8846,indoor,0|1|2,Tile_0,580,0.396731,0.396731,1.48696,0,0.881833,-0.396731,-0.522483,0.129611,125.543
img_d14ce879e6a132a7c0aaf3ea,left,rig_9307fd853a2319e8adb58722,1772726455347335936,0.3394,outdoor,0|1|2|3,Tile_0,581,-0.0794525,-0.0794525,0.923622,0,0.881833,0.0794525,-0.0462997,0.00281518,118.57
img_d1b98043d8de5060ebfdfffe,right,rig_c834a316c058d90965269ede,1772726479848804864,0.4502,outdoor,0|1|2|3,Tile_0,582,-0.231398,-0.231398,0.793423,0,0.881833,0.231398,0.105646,0.0108683,119.71
img_d21f5584847186fb48689a7a,left,rig_14ad50c8337caec754d4ed52,1772726450847063040,0.319,outdoor,0|1|2|3,Tile_0,583,-0.328668,-0.328668,0.719882,0,0.881833,0.328668,0.202916,0.00163779,107.541
img_d21fa2720d52a4374c4fd316,right,rig_e03d1eabb3deba3492123b63,1772726524851536128,0.6538,indoor,0|1|3,Tile_0,584,-0.313064,-0.313064,0.731203,0,0.881833,0.313064,0.187312,0.0034718,62.6838
img_d22b97313624830c9ce567d4,left,rig_403ae798f86ad0a17606adde,1772726551353188096,0.7738,indoor,0|1|2|3,Tile_0,585,0.112912,0.112912,1.11953,0,0.881833,-0.112912,-0.238664,0.010423,93.7108
img_d243f0bef95f3ab8666465b0,right,rig_11bbd48412450b6da32f86e5,1772726433845985792,0.2421,outdoor,0|1|2|3,Tile_0,586,0.0217724,0.0217724,1.02201,0,0.881833,-0.0217724,-0.147525,0.00501902,129.571
img_d34ebd3e7b1ab9e604af32bc,right,rig_8fb31491596f578115f083f3,1772726540352509952,0.724,indoor,0|1|2,Tile_0,587,-0.119096,-0.119096,0.887723,0,0.881833,0.119096,-0.00665656,0.0283329,80.1315
img_d415319caa70877985cc76c3,left,rig_f1394cd3b2ae3a8bd62a7396,1772726573854462976,0.8756,indoor,0|1|3,Tile_0,588,-0.219062,-0.219062,0.803272,0,0.881833,0.219062,0.0933099,0.0130495,59.5428
img_d4396334be5e1583896c837d,right,rig_03d12388aba2090fc187d74a,1772726525351567104,0.6561,indoor,0|1|3,Tile_0,589,-0.0706955,-0.0706955,0.931746,0,0.881833,0.0706955,-0.0550567,0.00671718,68.925
img_d49c62f7d279e50fc3606d70,left,rig_06f4639d8949a3bf0dfcbab3,1772726505850394880,0.5679,covered,0|1|2|3,Tile_0,590,-0.136157,-0.136157,0.872706,0,0.881833,0.136157,0.0104049,0.0102947,110.416
img_d542368d10f026e374aefea0,left,rig_a8b7714d368911bee760906e,1772726552353230848,0.7783,indoor,0|1|2|3,Tile_0,591,0.224163,0.224163,1.25128,0,0.881833,-0.224163,-0.349915,0.0108532,95.2272
img_d5f2691253c920066b1d8ab4,right,rig_3498b35f4620e15e5dcbbbf8,1772726539352480768,0.7195,indoor,0|1|2,Tile_0,592,-0.229875,-0.229875,0.794633,0,0.881833,0.229875,0.104123,0.0232988,82.0707
img_d63e075dca6c1af17d7d7f52,right,rig_3e151bea98cdd64a08e262ab,1772726429845752064,0.224,outdoor,0|1|2|3,Tile_0,593,-0.121191,-0.121191,0.885864,0,0.881833,0.121191,-0.00456081,0.00376615,126.069
img_d691623e566cde7f444905b2,right,rig_0579fcb345a3734afc890594,1772726415344815872,0.1584,outdoor,0|1|2|3,Tile_0,594,-0.256637,-0.256637,0.773649,0,0.881833,0.256637,0.130885,0.00301896,112.868
img_d733262793847c605e65099a,left,rig_88881f0687d041c6f2099021,1772726562353862912,0.8235,indoor,0|1|2,Tile_0,595,0.33139,0.33139,1.3929,0,0.881833,-0.33139,-0.457142,0.0178043,96.5421
img_d7e512cbedb4f9b8349c4ef8,left,rig_edffa4d6285651ca67b8af0e,1772726473848505856,0.4231,outdoor,0|1|2,Tile_0,596,-0.28186,-0.28186,0.75438,0,0.881833,0.28186,0.156107,0.00110192,102.646
img_d83918b5d04a40dd88d821b9,left,rig_0eb3371c1a9cf742253ad85d,1772726539852460800,0.7217,indoor,0|1|3,Tile_0,597,-0.0332903,-0.0332903,0.967258,0,0.881833,0.0332903,-0.0924619,0.0248007,85.8615
img_d8f715c81a95d33e3447b123,left,rig_358f66a96b2fd87a9bb34919,1772726584355092992,0.9231,outdoor,0|3,Tile_0,598,-0.362627,-0.362627,0.695846,0,0.881833,0.362627,0.236875,0.0110418,109.988
img_d92232056a803e065181c4fc,right,rig_abf4a71f8bd95682baa5944c,1772726515350967040,0.6109,outdoor,0|1|2|3,Tile_0,599,-0.131098,-0.131098,0.877131,0,0.881833,0.131098,0.00534627,0.0216384,99.167
img_d93088ca1a3836c5d531bcdd,left,rig_8895a9a6f5acbf57a1c1a144,1772726442846562816,0.2828,outdoor,0|3,Tile_0,600,-0.3944,-0.3944,0.674084,0,0.881833,0.3944,0.268648,0.0143702,104.085
img_d94379474e894655ae5606ba,left,rig_4828a7d15a4b39f1ba02447d,1772726451847122944,0.3235,outdoor,0|1|2,Tile_0,601,-0.22005,-0.22005,0.802479,0,0.881833,0.22005,0.0942973,0.00192459,113.569
img_d9a7c8becf1e2afe7e043c05,left,rig_a576337316816313a8efe5fa,1772726597855902976,0.9842,outdoor,0|1|2,Tile_0,602,-0.166807,-0.166807,0.846363,0,0.881833,0.166807,0.0410544,0.00475486,124.187
img_d9c3121dcde066b8a9b4e709,left,rig_6353b36c3c3a1db736617388,1772726438346287104,0.2624,outdoor,0|3,Tile_0,603,-0.371967,-0.371967,0.689377,0,0.881833,0.371967,0.246215,0.00983426,106.667
img_da125fffd75e75e75f384c08,right,rig_000c0f69828def079c9a9ef2,1772726502850210816,0.5543,outdoor,0|1|3,Tile_0,604,-0.196152,-0.196152,0.821887,0,0.881833,0.196152,0.0703998,0.00984181,99.7958
img_dad684e3df7bafd45b805a5d,left,rig_beb86146e928504f312b06b7,1772726424345376000,0.1991,outdoor,0|1|2|3,Tile_0,605,-0.294683,-0.294683,0.744767,0,0.881833,0.294683,0.168931,0.0144835,106.199
img_db86d5ac2b734eb4da28813c,right,rig_23ed0e5ae3378bafc2ba969b,1772726500350064128,0.543,outdoor,0|1|3,Tile_0,606,-0.105542,-0.105542,0.899837,0,0.881833,0.105542,-0.0202101,0.0102494,104.256
img_db885bf185aea1b124e987d6,right,rig_3f5315056beccf8512b5d98a,1772726554353341952,0.7873,indoor,0|1|3,Tile_0,607,-0.446514,-0.446514,0.639855,0,0.881833,0.446514,0.320762,0.0153288,52.6407
img_dbd584d2499ddb3864fbca49,left,rig_683015a639244cc715d9d250,1772726464847891968,0.3824,indoor,0|3,Tile_0,608,-0.201464,-0.201464,0.817533,0,0.881833,0.201464,0.0757123,0.0250725,99.2735
img_dbdbf05b0a89d3325091981a,right,rig_3a320fe4b204c9933496b019,1772726483849047808,0.4683,covered,0|1|2|3,Tile_0,609,-0.0976713,-0.0976713,0.906947,0,0.881833,0.0976713,-0.0280809,0.0411711,127.327
img_dc18fca2079f0373be58c3e3,right,rig_239e0e0e1c144aa3406d452a,1772726499350000896,0.5385,outdoor,0|1|3,Tile_0,610,-0.245182,-0.245182,0.782562,0,0.881833,0.245182,0.119429,0.00864177,101.073
img_dcbc2d6867bbac2c09510fa0,right,rig_e869791fa28178aa7bf19129,1772726582855046912,0.9163,indoor,0|1|2,Tile_0,611,-0.0656619,-0.0656619,0.936447,0,0.881833,0.0656619,-0.0600902,0.0173968,109.646
img_dd2f24e7f072d05744eec3d3,left,rig_62cc6c408b26478c0d47b991,1772726467848099840,0.3959,indoor,0|3,Tile_0,612,-0.189396,-0.189396,0.827459,0,0.881833,0.189396,0.0636438,0.0228913,104.369
img_de19e8fb18e453296b788e19,right,rig_c59a84b4ba6e661aaff146e3,1772726467348050944,0.3937,indoor,0|1|2|3,Tile_0,613,0.174752,0.174752,1.19095,0,0.881833,-0.174752,-0.300505,0.0103399,119.772
img_dee26d9c80b097e644b27948,right,rig_8fe94e3e4b7b499cea385c9f,1772726446346759936,0.2986,outdoor,0|1|2|3,Tile_0,614,-0.0596247,-0.0596247,0.942118,0,0.881833,0.0596247,-0.0661275,0.00363785,122.283
img_df257f89026fc472276ed04c,left,rig_c046f0161fd75506c28c1295,1772726560353716736,0.8145,indoor,0|1|2|3,Tile_0,615,0.317462,0.317462,1.37364,0,0.881833,-0.317462,-0.443214,0.0197063,101.74
img_df3950cdb921076b35a98310,left,rig_fec2268a8a2fbc4f8156eda1,1772726442346531840,0.2805,outdoor,0|1|2|3,Tile_0,616,-0.265669,-0.265669,0.766693,0,0.881833,0.265669,0.139917,0.00980407,99.6278
img_df46b1666c566e3ae900c93b,right,rig_63977d60ee824dce1a601b9b,1772726402344006912,0.0995,outdoor,0|1|2|3,Tile_0,617,-0.199795,-0.199795,0.818898,0,0.881833,0.199795,0.0740431,0.00343407,91.0772
img_dfbaef61d9e8160adafd7543,left,rig_ddb2dc46864d9ccf8bbf6717,1772726590355452160,0.9502,outdoor,0|1|2|3,Tile_0,618,-0.16801,-0.16801,0.845345,0,0.881833,0.16801,0.0422583,0.00312462,129.219
img_dfe7b5527c55d8ae2d07efc4,right,rig_902609d5327928fded01e1b9,1772726463847827968,0.3778,indoor,0|1|2|3,Tile_0,619,-0.0322239,-0.0322239,0.96829,0,0.881833,0.0322239,-0.0935283,0.00787948,100.945
img_dff7712559aff38cdd461b46,left,rig_9fc13daa2646d960710abb93,1772726472348438016,0.4163,covered,0|3,Tile_0,620,-0.372586,-0.372586,0.688951,0,0.881833,0.372586,0.246834,0.00889838,106.565
img_e077fcb4955280ec1710e251,left,rig_bfc013a648d9cb272acc2072,1772726565854048000,0.8394,indoor,0|1|2,Tile_0,621,0.208236,0.208236,1.2315,0,0.881833,-0.208236,-0.333988,0.0144986,88.6878
img_e0818eba31b6c55f3d2e736b,left,rig_6c81c8380411c3f8b5338f5b,1772726494849752064,0.5181,outdoor,0|1|2|3,Tile_0,622,-0.0678921,-0.0678921,0.934361,0,0.881833,0.0678921,-0.05786,0.00304915,122.512
img_e08b30473e1f1809ad33265e,right,rig_e9da6b15668a54354ee2535d,1772726482348953856,0.4615,covered,0|1|2|3,Tile_0,623,-0.204981,-0.204981,0.814663,0,0.881833,0.204981,0.0792291,0.0180081,119.856
img_e0bbacc0010098c4844951ac,left,rig_77d59ad49037938e9356612d,1772726425345465856,0.2036,outdoor,0|1|2|3,Tile_0,624,-0.210821,-0.210821,0.809919,0,0.881833,0.210821,0.0850689,0.0142872,105.238
img_e118f3ea231cf2ce3d66f996,right,rig_3d9e538c8670b6985619e201,1772726498850012928,0.5362,outdoor,0|1|3,Tile_0,625,-0.189055,-0.189055,0.827741,0,0.881833,0.189055,0.0633031,0.00831723,101.118
img_e1287e860ec48f842b16e821,right,rig_eaeb2e1206c42c0409048a96,1772726414844784896,0.1561,outdoor,0|1|2|3,Tile_0,626,-0.22567,-0.22567,0.797982,0,0.881833,0.22567,0.0999176,0.00273971,108.221
img_e1b141cf1dba63ec9d10fcb9,left,rig_f0cfe3c8f1ed9a3fa4387de4,1772726500850108928,0.5452,outdoor,0|1|2|3,Tile_0,627,-0.0382625,-0.0382625,0.96246,0,0.881833,0.0382625,-0.0874897,0.00160005,123.259
img_e1c210b7ccfec82ca9152ea4,left,rig_f63969ba431f0e877a4c5b0c,1772726469848247040,0.405,indoor,0|3,Tile_0,628,-0.277036,-0.277036,0.758027,0,0.881833,0.277036,0.151284,0.0143778,100.016
img_e2235c52dc2cc4282e7d40fd,left,rig_ed63431d19d218ecf3fca2b4,1772726508850582784,0.5814,covered,0|1|2|3,Tile_0,629,0.103269,0.103269,1.10879,0,0.881833,-0.103269,-0.229021,0.0110117,111.186
img_e33c0f642afa1aec24e17c11,left,rig_59eed7d9c2a5ce60170ecb11,1772726455847363840,0.3416,outdoor,0|1|2|3,Tile_0,630,-0.111464,-0.111464,0.894524,0,0.881833,0.111464,-0.0142885,0.00313972,116.613
img_e42f586216482cf4776c2f4f,right,rig_9046f76f1478053c9ede3a0a,1772726395343628800,0.0679,outdoor,0|1|2|3,Tile_0,631,-0.218446,-0.218446,0.803767,0,0.881833,0.218446,0.0926936,0.00533601,104.94
img_e48dfaec6a6a7416d851faf8,left,rig_8aaaec889bb180ad08da0231,1772726498349990912,0.5339,outdoor,0|1|2|3,Tile_0,632,-0.103602,-0.103602,0.901584,0,0.881833,0.103602,-0.0221501,0.00135853,120.902
img_e4bb23a13a72e999ad5754d1,right,rig_10999e61705fcb5317bcce18,1772726507350512896,0.5747,covered,0|3,Tile_0,633,-0.321275,-0.321275,0.725224,0,0.881833,0.321275,0.195523,0.00220384,85.455
img_e551d37320249fc3f94c8b16,right,rig_9c3f1ac5de3379b735c9526f,1772726547352928000,0.7557,indoor,0|1|3,Tile_0,634,-0.274472,-0.274472,0.759973,0,0.881833,0.274472,0.14872,0.0308387,72.21
img_e57c4c5b365a33a7eb8e26d4,right,rig_a252e4466eab7879f3d747fc,1772726489849451008,0.4955,covered,0|1|3,Tile_0,635,-0.378191,-0.378191,0.6851,0,0.881833,0.378191,0.252439,0.00646057,100.689
img_e59222a5e5b43cad84439894,right,rig_f635cb8661e815fa59f70fee,1772726414344753920,0.1538,outdoor,0|1|2|3,Tile_0,636,-0.120681,-0.120681,0.886316,0,0.881833,0.120681,-0.00507088,0.0194421,114.404
img_e5e870cda39b6866c67e7fa1,left,rig_73e81d3c113b311ca4494c65,1772726575854580992,0.8846,indoor,0|1|3,Tile_0,637,0.22269,0.22269,1.24943,0,0.881833,-0.22269,-0.348443,0.0642057,110.662
img_e6dc6c821682e92c7098c3fc,right,rig_4c34c3a1c33027aceddb5082,1772726413344698880,0.1493,outdoor,0|1|2|3,Tile_0,638,-0.191106,-0.191106,0.826045,0,0.881833,0.191106,0.0653543,0.0270121,113.906
img_e76aadc0656e16023b5889f4,right,rig_e407ca7277d806fb33b09f51,1772726585855228928,0.9299,outdoor,0|1|2|3,Tile_0,639,-0.11472,-0.11472,0.891615,0,0.881833,0.11472,-0.0110318,0.0123475,126.607
img_e7b6529d70d4db5e5f62f1d7,right,rig_def98c2a5e6d5c0a7de63407,1772726502350180864,0.552,outdoor,0|1|3,Tile_0,640,-0.167624,-0.167624,0.845672,0,0.881833,0.167624,0.0418718,0.00941915,101.58
img_e89062940cc4d3083aa9a723,right,rig_5654a1001ac64ec796b10960,1772726522851449856,0.6448,outdoor,0|1|2|3,Tile_0,641,-0.332226,-0.332226,0.717325,0,0.881833,0.332226,0.206473,0.0016076,72.9431
img_e984e928226015a4b56c841d,right,rig_677aee1563d91ee8f93d06ce,1772726451347099904,0.3213,outdoor,0|1|2|3,Tile_0,642,-0.0883135,-0.0883135,0.915474,0,0.881833,0.0883135,-0.0374387,0.0178798,126.77
img_e9e61ec207e9b17024332b8e,left,rig_18ad96609b9bcb22a55e0903,1772726566354029056,0.8416,indoor,0|1|2,Tile_0,643,0.210332,0.210332,1.23409,0,0.881833,-0.210332,-0.336084,0.0163024,88.9967
img_ea1f81bdd6efac58674c0e1b,right,rig_e0b76e648edd0850c5717ab3,1772726411344570880,0.1403,outdoor,0|1|2|3,Tile_0,644,-0.153071,-0.153071,0.858069,0,0.881833,0.153071,0.0273189,0.022612,97.9747
img_ea26996fa398f540eb0ce21a,right,rig_1d61027fe342b36f3c325c8a,1772726392343447808,0.0543,outdoor,0|1|2|3,Tile_0,645,-0.080564,-0.080564,0.922596,0,0.881833,0.080564,-0.0451882,0.0142193,110.234
img_eac8d6fea7b11f2aed473852,right,rig_4828a7d15a4b39f1ba02447d,1772726451847107840,0.3235,outdoor,0|1|2|3,Tile_0,646,-0.0234175,-0.0234175,0.976855,0,0.881833,0.0234175,-0.102335,0.029216,127.746
img_ebb44aa4fd7128a21d824082,left,rig_fdc0fa397462e41f7b7a979b,1772726421345259008,0.1855,outdoor,0|1|3,Tile_0,647,-0.25947,-0.25947,0.77146,0,0.881833,0.25947,0.133718,0.0122192,107.953
img_eca6b916bacacf912bf06b66,left,rig_60e8f730ae92a2e612df4c7c,1772726463347801088,0.3756,indoor,0|1|2|3,Tile_0,648,-0.172691,-0.172691,0.841398,0,0.881833,0.172691,0.0469386,0.020144,95.4711
img_ecdc8d808fcc0fa035b6e1e8,left,rig_91fc1ab762411955ff6045b9,1772726583355035136,0.9186,covered,0|3,Tile_0,649,-0.214264,-0.214264,0.807136,0,0.881833,0.214264,0.0885115,0.0202874,117.496
img_ee0485aae04823911b094b7b,right,rig_d1077f475644d1228245e736,1772726501350121984,0.5475,outdoor,0|1|3,Tile_0,650,-0.240352,-0.240352,0.786351,0,0.881833,0.240352,0.1146,0.0105588,104.741
img_eeaaf4a5a026cc79fff21b37,left,rig_ce9e6546973b269e2e388a8f,1772726474348506880,0.4253,outdoor,0|1|2,Tile_0,651,-0.208727,-0.208727,0.811617,0,0.881833,0.208727,0.0829743,0.00229441,107.375
img_eeceff5515532096691986e5,right,rig_6353b36c3c3a1db736617388,1772726438346266112,0.2624,outdoor,0|1|2|3,Tile_0,652,0.0190252,0.0190252,1.01921,0,0.881833,-0.0190252,-0.144777,0.0065285,129.489
img_eee76b0c1f95c447b6eb24bc,right,rig_b6dda00ce31fe345c8a93d93,1772726529851939072,0.6765,indoor,0|1|3,Tile_0,653,0.305218,0.305218,1.35692,0,0.881833,-0.305218,-0.43097,0.0261366,100.688
img_ef40b78b1d380170b13f632c,left,rig_5d9632624c35a86076db1c01,1772726420845212928,0.1833,outdoor,0|1|3,Tile_0,654,-0.172224,-0.172224,0.841791,0,0.881833,0.172224,0.0464714,0.0102418,108.599
img_ef51ea18654a5079d4e233ba,right,rig_bd4b88b17b4b42a98be46845,1772726444346638080,0.2896,outdoor,0|1|2|3,Tile_0,655,-0.124138,-0.124138,0.883258,0,0.881833,0.124138,-0.00161433,0.00416616,125.422
img_ef78b6a90549d802aaf81efd,right,rig_93ddb5288f9d2dadb2d5c06c,1772726423345286912,0.1946,outdoor,0|1|2|3,Tile_0,656,-0.488174,-0.488174,0.613746,0,0.881833,0.488174,0.362422,0.00137363,120.483
img_f029e0f1f983d146f96286a0,left,rig_9fa7fdd6dfcf10b571e64ed2,1772726594355692032,0.9683,outdoor,0|1|2|3,Tile_0,657,-0.0841067,-0.0841067,0.919333,0,0.881833,0.0841067,-0.0416455,0.00171326,128.261
img_f04af7535fdbb03e8401bbe0,right,rig_cf95d26e75342ba62534d752,1772726443846608896,0.2873,outdoor,0|1|2|3,Tile_0,658,-0.0786422,-0.0786422,0.924371,0,0.881833,0.0786422,-0.04711,0.00471712,123.275
img_f0ff00b70da5711d5c787073,left,rig_32b1a8068abd4ccfe24bead8,1772726461347674880,0.3665,indoor,0|1|2|3,Tile_0,659,-0.16905,-0.16905,0.844466,0,0.881833,0.16905,0.0432982,0.0169364,96.6655
img_f12f321bac487a7477d9f8b2,left,rig_a76a9055d2df009d0a0f06fe,1772726585355202048,0.9276,outdoor,0|3,Tile_0,660,-0.287513,-0.287513,0.750127,0,0.881833,0.287513,0.161761,0.00932104,105.744
img_f1799d46a7022022561e4cd1,right,rig_89edac79d760e3d41c63a4ac,1772726535352224000,0.7014,indoor,0|1|2|3,Tile_0,661,0.0487811,0.0487811,1.04999,0,0.881833,-0.0487811,-0.174533,0.0232007,90.9566
img_f183b48604735a8c86b10b9b,right,rig_4c261f202575cfa7ee3d3302,1772726457847497984,0.3507,indoor,0|1|2|3,Tile_0,662,-0.296658,-0.296658,0.743298,0,0.881833,0.296658,0.170906,0.0139929,99.092
img_f218d51dae29bd11fe08c9e2,right,rig_f0af01a9cee1d04f58cbbb9f,1772726397843756800,0.0792,outdoor,0|1|2|3,Tile_0,663,-0.0828435,-0.0828435,0.920495,0,0.881833,0.0828435,-0.0429087,0.0166873,107.921
img_f2585d3a202c23e6a618ac51,right,rig_5d4869e6d451014f72650917,1772726491849536000,0.5045,covered,0|1|3,Tile_0,664,-0.399654,-0.399654,0.670552,0,0.881833,0.399654,0.273902,0.00660397,97.7353
img_f266fb814ed9e48ef6890df7,right,rig_4bc8bf23531299bc76b8e440,1772726452347136000,0.3258,outdoor,0|1|2|3,Tile_0,665,-0.0419947,-0.0419947,0.958875,0,0.881833,0.0419947,-0.0837575,0.0568395,133.374
img_f2a30da6a549712b99cdddf8,right,rig_c59f4da26a70f7176c76ee72,1772726469348175104,0.4027,indoor,0|1|2,Tile_0,666,0.0514221,0.0514221,1.05277,0,0.881833,-0.0514221,-0.177174,0.0197817,116.787
img_f2e26c722981ec0176325e6b,right,rig_8306253f54ee66d50c913fec,1772726520851335168,0.6357,outdoor,0|1|2|3,Tile_0,667,-0.124664,-0.124664,0.882793,0,0.881833,0.124664,-0.00108811,0.0176005,93.533
img_f2e31727fc02a2394640f8b4,right,rig_98874fa67831ae4f824c36f3,1772726389343258880,0.0407,indoor,0|1|2|3,Tile_0,668,0.0483057,0.0483057,1.04949,0,0.881833,-0.0483057,-0.174058,0.0131627,112.673
img_f3d8c24aaa1e434fce0c84c9,right,rig_78a65b692becc49e31d1aec2,1772726501850153984,0.5498,outdoor,0|1|3,Tile_0,669,-0.246563,-0.246563,0.781482,0,0.881833,0.246563,0.12081,0.0101588,103.376
img_f4ae6e2da52ae15360acd5f8,left,rig_ed250a4472d03f10bfc2170d,1772726429345723904,0.2217,outdoor,0|3,Tile_0,670,-0.251294,-0.251294,0.777793,0,0.881833,0.251294,0.125542,0.00871724,108.063
img_f4bf71d79eb426e24a089014,right,rig_5a5ac7fa4f5b9d2c2ddad340,1772726521351321856,0.638,outdoor,0|1|2|3,Tile_0,671,0.0540459,0.0540459,1.05553,0,0.881833,-0.0540459,-0.179798,0.0155703,92.4713
img_f4e71c9e7ff3353987c9c41a,right,rig_5ee177202cb8d68c8541b2a5,1772726395843659776,0.0701,outdoor,0|1|2|3,Tile_0,672,-0.213731,-0.213731,0.807566,0,0.881833,0.213731,0.0879785,0.00866441,107.272
img_f5f133cabb2d110c4de5284e,right,rig_3d14390fb7f803b2f50b1ae3,1772726416344879872,0.1629,outdoor,0|1|2|3,Tile_0,673,-0.112861,-0.112861,0.893275,0,0.881833,0.112861,-0.0128911,0.00629453,122.94
img_f62c18a51fe6eeab821492db,left,rig_8b13c74411784e7525ca0187,1772726598855998976,0.9887,indoor,0|1|2,Tile_0,674,-0.201708,-0.201708,0.817333,0,0.881833,0.201708,0.0759562,0.00529827,112.585
img_f6a41d2296905ce621e12836,left,rig_867b85a1c6e97d39fa18e806,1772726483349031936,0.4661,covered,0|1|2,Tile_0,675,-0.0403276,-0.0403276,0.960475,0,0.881833,0.0403276,-0.0854246,0.0016076,127.697
img_f7140eacb75d560d184fb31f,right,rig_7862adc4c91ebba1b81887fe,1772726478348717056,0.4434,outdoor,0|1|2|3,Tile_0,676,-0.130183,-0.130183,0.877935,0,0.881833,0.130183,0.00443071,0.00574357,118.383
img_f7b75abef16041d243e1cb24,right,rig_d207455f26029db6394d4973,1772726538852431104,0.7172,indoor,0|1|2,Tile_0,677,-0.22184,-0.22184,0.801043,0,0.881833,0.22184,0.096088,0.0182345,83.4299
img_f89e0e1434c5b600664c93cc,right,rig_efef53661a0378ed55e2807f,1772726577854688000,0.8937,indoor,0|1|2,Tile_0,678,-0.219618,-0.219618,0.802826,0,0.881833,0.219618,0.0938656,0.0634736,105.491
img_f8b73b376042c741c55a06cd,right,rig_62cc6c408b26478c0d47b991,1772726467848083968,0.3959,indoor,0|1|2|3,Tile_0,679,0.140621,0.140621,1.15099,0,0.881833,-0.140621,-0.266373,0.0148608,123.171
img_f90a0e7c2348a7898510133c,left,rig_d3ec7439c84909d45dd66af3,1772726496849858048,0.5271,outdoor,0|1|2|3,Tile_0,680,-0.0319554,-0.0319554,0.96855,0,0.881833,0.0319554,-0.0937967,0.00316236,122.994
img_f9eb2cffff53e048735a99bc,left,rig_1e23692547857c6754b68bdd,1772726574354490880,0.8778,indoor,0|1|3,Tile_0,681,0.0511747,0.0511747,1.05251,0,0.881833,-0.0511747,-0.176927,0.0141589,69.1416
img_fa406b2765880acfff439bb7,right,rig_259f13e81b17068c6635d2e1,1772726551853153024,0.776,indoor,0|1|3,Tile_0,682,-0.312655,-0.312655,0.731502,0,0.881833,0.312655,0.186903,0.0302047,61.712
img_fa65b3aa880c9101e305af46,right,rig_d14b49b462a068a3c9a4ed3a,1772726586855226880,0.9344,outdoor,0|1|2|3,Tile_0,683,-0.0661631,-0.0661631,0.935978,0,0.881833,0.0661631,-0.0595891,0.0248007,130.021
img_faa25ac6c422ab56ed53979a,left,rig_30d4452a792173a2a3a04f83,1772726487349266176,0.4842,covered,0|1|2|3,Tile_0,684,-0.144278,-0.144278,0.865647,0,0.881833,0.144278,0.0185254,0.00255857,124.336
img_fad5eb411875cdcdf65f8a09,right,rig_8aaa89fb48befc2bfd49c616,1772726504350323968,0.5611,outdoor,0|3,Tile_0,685,-0.204284,-0.204284,0.815231,0,0.881833,0.204284,0.078532,0.0100531,109.057
img_fb8d4e5c370423a144a63ab7,left,rig_d173e0b2e7cdcd32b8c5aeed,1772726563353852928,0.8281,indoor,0|1|2|3,Tile_0,686,0.250249,0.250249,1.28435,0,0.881833,-0.250249,-0.376001,0.0170798,92.8038
img_fc66080d5ff5d4c012c31698,right,rig_555a91a88fb42ed8d310cfa5,1772726518851176960,0.6267,outdoor,0|1|2|3,Tile_0,687,0.0230041,0.0230041,1.02327,0,0.881833,-0.0230041,-0.148756,0.0232535,99.8364
img_fd1d55f9f4b7e2b7ee949fce,left,rig_e576df630958d6c8fa132821,1772726472848412928,0.4186,outdoor,0|3,Tile_0,688,-0.386611,-0.386611,0.679355,0,0.881833,0.386611,0.260859,0.00747192,104.547
img_fd4fb1c12739601c54cfab71,right,rig_a9481abfdcb40f879a0fa555,1772726506350406912,0.5701,covered,0|3,Tile_0,689,-0.330897,-0.330897,0.718279,0,0.881833,0.330897,0.205145,0.0100305,99.8829
img_fe23bdc2249b367294f2ad0b,left,rig_1cc1bd00f27f66174cd517e6,1772726582354969088,0.914,indoor,0|3,Tile_0,690,-0.131418,-0.131418,0.876851,0,0.881833,0.131418,0.00566553,0.0509374,116.961
img_fe46c480df46c4db13c4fd6c,right,rig_b5687b0cb5abac30ed7f48ac,1772726426345481984,0.2081,outdoor,0|1|2|3,Tile_0,691,-0.222041,-0.222041,0.800882,0,0.881833,0.222041,0.0962891,0.000505676,119.364
img_ff02d8c153151283c2e34cd4,left,rig_626e93c9228dc8ed10db7617,1772726541852634880,0.7308,indoor,0|1|2|3,Tile_0,692,0.0256208,0.0256208,1.02595,0,0.881833,-0.0256208,-0.151373,0.028348,83.4416
img_ffa390bbaefb6eec5a6f87fb,right,rig_ce9e6546973b269e2e388a8f,1772726474348491008,0.4253,outdoor,0|1|2|3,Tile_0,693,-0.0355727,-0.0355727,0.965053,0,0.881833,0.0355727,-0.0901795,0.019027,123.746
img_00bf665bae8b75617aac7789,right,rig_b7463a427ef7798624fd8d32,1772726549853083904,0.767,indoor,0|1|3,Tile_1,0,-0.817814,-0.693147,0.5,1,0.934679,0.693147,0.625595,0.0268612,56.1612
img_00ec71ecfd73b6eb59d8f832,right,rig_daf5c6b3afeb96478e0b6632,1772726468348113920,0.3982,indoor,0|1|2|3,Tile_1,1,0.164723,0.164723,1.17907,0,0.934679,-0.164723,-0.232276,0.0225365,127.602
img_017105047612fa06bd54d2a9,left,rig_953c741586a8c1e2764492f2,1772726596855841792,0.9796,outdoor,0|1|2,Tile_1,2,-0.0987524,-0.0987524,0.905967,0,0.934679,0.0987524,0.0311999,0.00298877,129.085
img_01a908951bd4dc96cb442bce,left,rig_d14b49b462a068a3c9a4ed3a,1772726586855243008,0.9344,outdoor,0|1|2,Tile_1,3,-0.194036,-0.194036,0.823628,0,0.934679,0.194036,0.126484,0.00163779,103.308
img_02167f65b42e301e9acb4f89,right,rig_b6d35ffa75aea615e7ca680d,1772726465847951872,0.3869,indoor,0|1|2|3,Tile_1,4,0.085546,0.085546,1.08931,0,0.934679,-0.085546,-0.153098,0.00717003,108.519
img_024ff4947bc3d3decbcf878c,right,rig_eab7ff45ccdb39a9651cea7d,1772726543852675840,0.7398,indoor,0|1|3,Tile_1,5,-0.33253,-0.33253,0.717107,0,0.934679,0.33253,0.264977,0.0311255,82.8097
img_0270831497d17f59f1c3de3e,right,rig_8b13c74411784e7525ca0187,1772726598855995904,0.9887,indoor,0|1|2|3,Tile_1,6,-0.366906,-0.366906,0.692875,0,0.934679,0.366906,0.299354,0.00879272,99.7824
img_02c50c1e41ca50d8799dfef7,left,rig_e4d458f95dcbeb0f06651337,1772726545852810752,0.7489,indoor,1|2|3,Tile_1,7,0.119921,0.119921,1.12741,0,0.934679,-0.119921,-0.187474,0.0132306,101.188
img_02ea8d71b98fade9b737af1e,left,rig_0ddb1b1864e5a016c4535dcf,1772726456347391744,0.3439,covered,0|1|2|3,Tile_1,8,-0.260093,-0.260093,0.77098,0,0.934679,0.260093,0.192541,0.000709455,113.433
img_03470cda035b5adeddb4a5b3,right,rig_45254873f743668026e05080,1772726400343847936,0.0905,outdoor,0|1|2|3,Tile_1,9,-0.123027,-0.123027,0.88424,0,0.934679,0.123027,0.0554744,0.0124985,97.3227
img_03d3b8c62d66fac93b032a26,left,rig_6c1ad393c23fd7273a74566c,1772726569354202880,0.8552,indoor,0|1|2|3,Tile_1,10,-0.248631,-0.248631,0.779868,0,0.934679,0.248631,0.181078,0.0333444,75.0568
img_0466fd896d0aec73619005f8,left,rig_a6a833bb554e1ed680f753a0,1772726460347633920,0.362,covered,0|1|2|3,Tile_1,11,-0.503348,-0.503348,0.604504,0,0.934679,0.503348,0.435795,0.0190345,101.513
img_05cc6ae9bfec314d854c8837,right,rig_c4948ea06c313f97a02e89a1,1772726421845284864,0.1878,outdoor,0|1|2|3,Tile_1,12,-0.138143,-0.138143,0.870974,0,0.934679,0.138143,0.0705903,0.00101135,119.355
img_066ac1dbdc61cd379421eeef,left,rig_e7b87302ddd5eea841767532,1772726568854172928,0.8529,indoor,0|1|2|3,Tile_1,13,-0.132415,-0.132415,0.875978,0,0.934679,0.132415,0.0648621,0.0414956,87.0159
img_06c8139bc95f57cd809da4fb,right,rig_e98573ad02fccb17e2acf042,1772726481348893952,0.457,covered,0|1|2|3,Tile_1,14,-0.121333,-0.121333,0.885739,0,0.934679,0.121333,0.0537809,0.0145136,119.456
img_06fe18d7805639029a0909d7,right,rig_67298aabd7f28fa9d9b15387,1772726457347432960,0.3484,covered,0|1|2|3,Tile_1,15,-0.520083,-0.520083,0.594471,0,0.934679,0.520083,0.452531,0.00761532,92.1112
img_07354bc7c501761f73d5c2ad,right,rig_71ae938deaaa4b9c6973bf08,1772726485849161984,0.4774,covered,0|1|2|3,Tile_1,16,-0.307369,-0.307369,0.735379,0,0.934679,0.307369,0.239817,0.0200534,107.452
img_074273e7808b362c2a94f76a,left,rig_b6d35ffa75aea615e7ca680d,1772726465847965952,0.3869,indoor,0|1|2|3,Tile_1,17,-0.236098,-0.236098,0.789703,0,0.934679,0.236098,0.168546,0.0233743,96.9234
img_07ad9afb8ee9b4439797e520,right,rig_a7eccdb605b1978cb585d069,1772726430345854976,0.2262,outdoor,0|1|2|3,Tile_1,18,-0.0102077,-0.0102077,0.989844,0,0.934679,0.0102077,-0.0573448,0.00352463,125.209
img_0808a922b5bfb00ee7a01908,right,rig_883a4ebb7e6586e4fd3b4547,1772726383842921984,0.0158,stationary_unresolved,0|1|2|3,Tile_1,19,0.048318,0.048318,1.0495,0,0.934679,-0.048318,-0.11587,0.0108607,114.693
img_0898f79cccd2c021fa397a68,left,rig_677aee1563d91ee8f93d06ce,1772726451347102976,0.3213,outdoor,0|1|2,Tile_1,20,-0.131724,-0.131724,0.876583,0,0.934679,0.131724,0.0641719,0.00221139,112.605
img_08be8925fb80bbea018fd25a,left,rig_b9e77c1689a5f6e9a74cc126,1772726599355994880,0.991,stationary_unresolved,0|1|2,Tile_1,21,0.0420961,0.0420961,1.04299,0,0.934679,-0.0420961,-0.109649,0.00512468,112.114
img_09089484c86c6333a69d214c,left,rig_87e502b4ef51672981b834d9,1772726577354671104,0.8914,indoor,0|1|3,Tile_1,22,-0.696679,-0.693147,0.5,1,0.934679,0.693147,0.625595,0.0645453,87.0068
img_0a619ec4779c27a97495a4d5,left,rig_d0d3489bce13de8504e92186,1772726503350252800,0.5566,outdoor,0|1|2|3,Tile_1,23,-0.075051,-0.075051,0.927696,0,0.934679,0.075051,0.00749847,0.00683794,119.364
img_0b5c7e5b6ece9c8468b97f45,right,rig_e4d458f95dcbeb0f06651337,1772726545852794880,0.7489,indoor,0|1|3,Tile_1,24,-0.463137,-0.463137,0.629307,0,0.934679,0.463137,0.395584,0.0254574,70.6602
img_0baaa27b93015822440b687d,right,rig_f8ded7c55aa6618f7f932f78,1772726543352647936,0.7376,indoor,0|1|3,Tile_1,25,-0.323131,-0.323131,0.723879,0,0.934679,0.323131,0.255578,0.0265744,77.8434
img_0bdb034725fc3184e49fe35e,left,rig_5ba6282df12e9eb109b72ac5,1772726496349854976,0.5249,outdoor,0|1|2|3,Tile_1,26,-0.00310503,-0.00310503,0.9969,0,0.934679,0.00310503,-0.0644474,0.00303405,122.891
img_0c5af46cf601f1ba240045ea,right,rig_78d42ea51d8af589ae473677,1772726435346088960,0.2489,outdoor,0|1|2|3,Tile_1,27,-0.0721728,-0.0721728,0.93037,0,0.934679,0.0721728,0.00462037,0.00584169,130.188
img_0c6b408f60b2b130e10c33e8,left,rig_5bd893355a78101c356da067,1772726481848939008,0.4593,covered,0|1|2,Tile_1,28,0.0450621,0.0450621,1.04609,0,0.934679,-0.0450621,-0.112615,0.00156986,121.912
img_0cfe3b000d78b3cbe984aa45,right,rig_10786c3b130262b1f7860d86,1772726523351441920,0.6471,outdoor,0|1|3,Tile_1,29,-0.319891,-0.319891,0.726228,0,0.934679,0.319891,0.252339,0.00128306,74.3832
img_0d0e8da31b5f41cd32b8700d,left,rig_5db1eaca76128be874ae3761,1772726492349612032,0.5068,covered,0|1|2|3,Tile_1,30,-0.050311,-0.050311,0.950934,0,0.934679,0.050311,-0.0172415,0.00462655,123.829
img_0e30201037f2d207322568eb,left,rig_dc7d050f3d4f4e2f909906ff,1772726453847245824,0.3326,outdoor,0|1|2|3,Tile_1,31,-0.0670154,-0.0670154,0.935181,0,0.934679,0.0670154,-0.000537112,0.00286046,123.186
img_0e90c061ce70226ad4b32bed,left,rig_9838789f9a6a87aba15b73bf,1772726391843456000,0.052,outdoor,1|2|3,Tile_1,32,-0.141658,-0.141658,0.867918,0,0.934679,0.141658,0.0741059,0.0039171,118.562
img_0ea21c0b2a26ae88b3f41c1b,left,rig_73fcc250282f0b61f460356a,1772726550353076992,0.7692,indoor,0|1|2|3,Tile_1,33,0.0473274,0.0473274,1.04847,0,0.934679,-0.0473274,-0.11488,0.0102041,92.8008
img_0f09b1c8a16caf36b2272fd5,right,rig_8a95544bd414a0336597cf60,1772726489349372928,0.4932,covered,0|1|3,Tile_1,34,-0.39903,-0.39903,0.67097,0,0.934679,0.39903,0.331478,0.00733607,101.996
img_0fcf49cd7f81361297e23ec7,right,rig_867b85a1c6e97d39fa18e806,1772726483349016064,0.4661,covered,0|1|2|3,Tile_1,35,-0.00713096,-0.00713096,0.992894,0,0.934679,0.00713096,-0.0604215,0.0221667,120.89
img_0fd1829e4d452fc9e06670fe,right,rig_9270bb45deabba98f3d35bfa,1772726422845303040,0.1923,outdoor,0|1|2|3,Tile_1,36,-0.125521,-0.125521,0.882037,0,0.934679,0.125521,0.0579689,0.00123023,119.664
img_0ff5a27bcf3781c5964f8ee6,left,rig_b7a1dcca113aef53dd74f487,1772726486349241856,0.4796,covered,0|1|2|3,Tile_1,37,-0.0125927,-0.0125927,0.987486,0,0.934679,0.0125927,-0.0549598,0.00235479,125.597
img_103dec49eddc71b8b42bba6d,left,rig_1ab5226f8da5570f953ba492,1772726593855660800,0.9661,outdoor,0|1|2|3,Tile_1,38,-0.0798661,-0.0798661,0.92324,0,0.934679,0.0798661,0.0123136,0.00188685,128.388
img_10530dbf7d673c59270af5e2,right,rig_3a9d46edf8ddc75aac3a8541,1772726393343502080,0.0588,outdoor,0|1|2|3,Tile_1,39,-0.137318,-0.137318,0.871693,0,0.934679,0.137318,0.0697658,0.0127702,110.386
img_10c63029b85d03efbb6fd32d,left,rig_9614504d089c4bd4339bcbf8,1772726571854343936,0.8665,indoor,0|1|2|3,Tile_1,40,-0.518491,-0.518491,0.595418,0,0.934679,0.518491,0.450938,0.0198723,55.785
img_110381b7bba614dd62d9fdec,left,rig_c834a316c058d90965269ede,1772726479848819968,0.4502,outdoor,0|1|2,Tile_1,41,-0.00319191,-0.00319191,0.996813,0,0.934679,0.00319191,-0.0643606,0.00414352,118.924
img_11466a5a9c6d1f4586f1c7d2,left,rig_5942bb995bfef7e68350bdd4,1772726570854331136,0.862,indoor,0|1|2|3,Tile_1,42,-0.33854,-0.33854,0.712811,0,0.934679,0.33854,0.270987,0.0233139,59.6439
img_114e1796fe707593c85a2478,left,rig_46f240f13cd2c9799ddd288b,1772726466848033024,0.3914,indoor,0|1|2|3,Tile_1,43,-0.383232,-0.383232,0.681655,0,0.934679,0.383232,0.31568,0.0289669,101.143
img_125efba8e64a1900654063c3,right,rig_d5b118e7a9fc9447562f0248,1772726444846667008,0.2919,outdoor,0|1|2|3,Tile_1,44,-0.0364515,-0.0364515,0.964205,0,0.934679,0.0364515,-0.0311009,0.00421145,126.428
img_12a22b7454c54ed6dd944f06,left,rig_7862adc4c91ebba1b81887fe,1772726478348732928,0.4434,outdoor,0|1|2,Tile_1,45,-0.0561534,-0.0561534,0.945394,0,0.934679,0.0561534,-0.0113991,0.0149891,126.58
img_12ce6a109336320a768745d0,left,rig_475020cf2c7c50962fbaae56,1772726514850949120,0.6086,outdoor,1|2|3,Tile_1,46,0.035543,0.035543,1.03618,0,0.934679,-0.035543,-0.103095,0.0066719,111.228
img_13691d7391a8be50b061c1b3,right,rig_dee50a77658b8fc7cdc87a21,1772726587855288064,0.9389,outdoor,0|1|2|3,Tile_1,47,0.177152,0.177152,1.19381,0,0.934679,-0.177152,-0.244704,0.0515563,136.609
img_1371e2f1b988b88eea55fbdc,right,rig_e585abc0baa8a604cac46954,1772726437846272000,0.2602,outdoor,0|1|2|3,Tile_1,48,0.00218322,0.00218322,1.00219,0,0.934679,-0.00218322,-0.0697357,0.00659643,129.974
img_1447a95d9944f177d0c884ab,right,rig_e0ad9a754c98bed980df1462,1772726555353361920,0.7919,indoor,0|1|3,Tile_1,49,-0.168381,-0.168381,0.845031,0,0.934679,0.168381,0.100829,0.00840025,62.618
img_15207674b99f1db132d932c6,left,rig_7ee093cfd4a4a20579ebc37a,1772726513850887936,0.6041,outdoor,0|1|2|3,Tile_1,50,-0.0594547,-0.0594547,0.942278,0,0.934679,0.0594547,-0.00809778,0.00510204,116.418
img_1577cf4d82720ebc65a2d403,right,rig_5ba6282df12e9eb109b72ac5,1772726496349851904,0.5249,outdoor,0|1|3,Tile_1,51,-0.541481,-0.541481,0.581886,0,0.934679,0.541481,0.473929,0.00468693,90.8253
img_15fb76ef6ac109612bfa8138,right,rig_08045c9415b26b9156f0210b,1772726493349649920,0.5113,outdoor,0|1|2|3,Tile_1,52,-0.514433,-0.514433,0.59784,0,0.934679,0.514433,0.44688,0.00654359,92.9584
img_1618118629bef1789633f0dd,right,rig_95015a4111967a6aaf48d481,1772726411844603136,0.1425,outdoor,0|1|2|3,Tile_1,53,-0.342685,-0.342685,0.709862,0,0.934679,0.342685,0.275132,0.00731343,86.0251
img_1625062b5dbc6697b950a64d,right,rig_baf1f86f504d512866abf083,1772726549353006848,0.7647,indoor,0|1|3,Tile_1,54,-0.707295,-0.693147,0.5,1,0.934679,0.693147,0.625595,0.0330274,61.9469
img_17448ab8d9da2c0b067a56a8,left,rig_239e0e0e1c144aa3406d452a,1772726499350018048,0.5385,outdoor,0|1|2|3,Tile_1,55,0.0227759,0.0227759,1.02304,0,0.934679,-0.0227759,-0.0903284,0.000641529,120.619
img_18576273c5c20fc7e1f342c8,left,rig_8f689c5c301741cf23abc7c9,1772726460847641856,0.3643,covered,0|1|2|3,Tile_1,56,-0.520218,-0.520218,0.594391,0,0.934679,0.520218,0.452666,0.0195855,99.6059
img_1871157e950c16814045b7fb,right,rig_000e7028c2e231119a9064fc,1772726516851055872,0.6176,outdoor,0|1|2|3,Tile_1,57,-0.130601,-0.130601,0.877568,0,0.934679,0.130601,0.0630484,0.0173968,95.3866
img_18bab3dd6b4d34c67c53fdb6,right,rig_7f2588eb25297d7f69e812fc,1772726449346952960,0.3122,outdoor,0|1|2|3,Tile_1,58,0.0633473,0.0633473,1.0654,0,0.934679,-0.0633473,-0.1309,0.00517751,123.775
img_18d28fb7e23a0e8d27ec413d,left,rig_3c9b5164bc1951213a7933b9,1772726528351821824,0.6697,indoor,1|2|3,Tile_1,59,-0.0614281,-0.0614281,0.940421,0,0.934679,0.0614281,-0.00612442,0.00908707,70.422
img_190257395cb0336ab5d50631,right,rig_42c8aac685d419f4a083e936,1772726484349078016,0.4706,covered,0|1|2|3,Tile_1,60,-0.0602606,-0.0602606,0.941519,0,0.934679,0.0602606,-0.00729184,0.0317142,121.015
img_1966204401da23120883fd70,right,rig_185c950ddf4051317e0a520a,1772726570354244864,0.8597,indoor,1|2|3,Tile_1,61,0.0519295,0.0519295,1.0533,0,0.934679,-0.0519295,-0.119482,0.0124532,94.1682
img_19b325eb7f251301eb6db660,right,rig_f4fa085608d11316ec5a7092,1772726436346120960,0.2534,outdoor,0|1|2|3,Tile_1,62,0.03096,0.03096,1.03144,0,0.934679,-0.03096,-0.0985124,0.00599263,130.187
img_19e8211ae6c6bb6328e3ac0c,left,rig_a9481abfdcb40f879a0fa555,1772726506350424064,0.5701,covered,0|1|2|3,Tile_1,63,0.0191177,0.0191177,1.0193,0,0.934679,-0.0191177,-0.0866702,0.00735871,105.317
img_1a265d9e130f6059a7c5e9a6,left,rig_b523206b5c02312cc70e1083,1772726558853588992,0.8077,indoor,1|2|3,Tile_1,64,0.206196,0.206196,1.22899,0,0.934679,-0.206196,-0.273748,0.00917764,101.024
img_1a38b2127348ddbd3e540b2f,right,rig_815f0bdecab8dc5043ac5c96,1772726416844912896,0.1652,outdoor,0|1|2|3,Tile_1,65,-0.0468621,-0.0468621,0.954219,0,0.934679,0.0468621,-0.0206904,0.00642284,125.071
img_1a415e4ff347474b2fe0e6fd,right,rig_38eb9f77a7130dc9f18b2333,1772726389843281920,0.043,outdoor,0|1|2|3,Tile_1,66,-0.115674,-0.115674,0.890766,0,0.934679,0.115674,0.0481213,0.0142646,110.211
img_1a5eee9849f95e3f1ffef40d,right,rig_91e8f573f92fc625b8bc22c6,1772726446846832896,0.3009,outdoor,0|1|2|3,Tile_1,67,0.0177992,0.0177992,1.01796,0,0.934679,-0.0177992,-0.0853517,0.00378879,120.21
img_1a62eea81648de2de47d1d27,right,rig_cc780f250500d86fdd99fa40,1772726428845664000,0.2195,outdoor,0|1|2|3,Tile_1,68,0.0583754,0.0583754,1.06011,0,0.934679,-0.0583754,-0.125928,0.00313217,126.223
img_1a7c8c71cb3bf1efb9603846,left,rig_8fb31491596f578115f083f3,1772726540352512000,0.724,indoor,0|1|3,Tile_1,69,-0.0909593,-0.0909593,0.913055,0,0.934679,0.0909593,0.0234068,0.0290122,88.5118
img_1aa7b18f3768436540234cc0,left,rig_efe79713cf7a7fd38fbf03f9,1772726535852226048,0.7036,indoor,0|1|2|3,Tile_1,70,-0.216423,-0.216423,0.805395,0,0.934679,0.216423,0.148871,0.0163175,68.8814
img_1b406da0e87bb6871507e4a4,left,rig_f6c0a409ad2a6f05349ec701,1772726595355776000,0.9729,outdoor,0|1|2,Tile_1,71,-0.0609281,-0.0609281,0.940891,0,0.934679,0.0609281,-0.00662434,0.00236234,128.273
img_1bc6af48816e6b6269928548,right,rig_0deca8a3105fec84911844ac,1772726601356096000,1,stationary_unresolved,0|1|2|3,Tile_1,72,-0.292967,-0.292967,0.746047,0,0.934679,0.292967,0.225414,0.0111852,105.556
img_1bdd12683633f0e9db0e63a8,left,rig_54dd0aae97db62e2835f9262,1772726504850355968,0.5633,outdoor,0|1|2|3,Tile_1,73,-0.00460824,-0.00460824,0.995402,0,0.934679,0.00460824,-0.0629442,0.0193364,121.32
img_1c8b089945f81db8f6c8dded,left,rig_a651d290576dfa06dcd5066f,1772726513350861056,0.6018,outdoor,0|1|2|3,Tile_1,74,0.0509935,0.0509935,1.05232,0,0.934679,-0.0509935,-0.118546,0.0053662,118.216
img_1c9c566ccc6d3b5e801f396d,right,rig_3d24f62e769f9eae03564a1a,1772726567854182912,0.8484,indoor,1|2|3,Tile_1,75,0.235168,0.235168,1.26512,0,0.934679,-0.235168,-0.30272,0.00602282,98.324
img_1dbea71c3cf92e7aa3fc5df4,left,rig_baf1f86f504d512866abf083,1772726549353015808,0.7647,indoor,0|1|2|3,Tile_1,76,0.140428,0.140428,1.15077,0,0.934679,-0.140428,-0.20798,0.00993992,86.7319
img_1de04bfc85f49dfaa0d0a760,left,rig_9c5420c2dc4237861155c34a,1772726568354146048,0.8507,indoor,0|1|2|3,Tile_1,77,0.0999108,0.0999108,1.10507,0,0.934679,-0.0999108,-0.167463,0.0430881,94.0366
img_1f5dcabe54d22d5e520d4af1,right,rig_44c5ab838227c5301b4ca274,1772726538352439808,0.7149,indoor,0|1|2,Tile_1,78,-0.241636,-0.241636,0.785342,0,0.934679,0.241636,0.174084,0.0161061,84.1619
img_1f7cf648acdfeca84393921f,right,rig_09c06411065d337169b08361,1772726380842701056,0.0023,stationary_unresolved,0|1|2|3,Tile_1,79,-0.115503,-0.115503,0.890918,0,0.934679,0.115503,0.0479503,0.0109588,114.496
img_1fb3a72aca781ca07d397457,right,rig_a269c1f9931fa5f01c0c3525,1772726422345296896,0.19,outdoor,0|1|2|3,Tile_1,80,-0.148951,-0.148951,0.861611,0,0.934679,0.148951,0.0813985,0.00107173,119.413
img_204ab088850d639090e9ac4e,left,rig_ee943dd6b5dc0ea6f147e99c,1772726509350616064,0.5837,covered,0|1|2|3,Tile_1,81,0.0871644,0.0871644,1.09108,0,0.934679,-0.0871644,-0.154717,0.0120834,114.524
img_20a58f5ac4250200235962e2,right,rig_bd64003ad2891939b621d468,1772726434846021888,0.2466,outdoor,0|1|2|3,Tile_1,82,-0.0317879,-0.0317879,0.968712,0,0.934679,0.0317879,-0.0357646,0.00581904,130.53
img_20db9aea57590d693ed1f417,right,rig_06c6acc11162079bbf66bfcb,1772726404844192000,0.1109,outdoor,0|1|2|3,Tile_1,83,-0.132,-0.132,0.876341,0,0.934679,0.132,0.0644474,0.0110418,105.27
img_21571925b3bdee2457e819f8,left,rig_c4948ea06c313f97a02e89a1,1772726421845287936,0.1878,outdoor,0|1|3,Tile_1,84,-0.357163,-0.357163,0.699659,0,0.934679,0.357163,0.28961,0.0124909,107.075
img_21b946b919113ef2ad217f20,left,rig_f06333428d4f48f2cf7fbe79,1772726510350723072,0.5882,covered,0|1|2|3,Tile_1,85,0.110549,0.110549,1.11689,0,0.934679,-0.110549,-0.178102,0.0062266,114.998
img_21d4e3abf4b931012a5defa6,left,rig_42c8aac685d419f4a083e936,1772726484349094912,0.4706,covered,0|1|2,Tile_1,86,-0.105293,-0.105293,0.90006,0,0.934679,0.105293,0.0377409,0.00179628,127.137
img_22d548c6b36b38776c5e943b,right,rig_659d09ba8e1aa4a543372606,1772726490349437952,0.4977,covered,0|1|3,Tile_1,87,-0.464199,-0.464199,0.628638,0,0.934679,0.464199,0.396647,0.00558507,99.7451
img_22e44fb6ad093ee3fb1939ad,left,rig_75972693af0c6674030fbff4,1772726482849031936,0.4638,covered,0|1|2,Tile_1,88,0.0308136,0.0308136,1.03129,0,0.934679,-0.0308136,-0.0983661,0.00105664,125.641
img_231b7c7f9d8a8a43c94a9fd3,left,rig_3d24f62e769f9eae03564a1a,1772726567854188032,0.8484,indoor,0|1|2|3,Tile_1,89,0.199358,0.199358,1.22062,0,0.934679,-0.199358,-0.266911,0.0394578,96.8442
img_23c65376ef8846d50e306c49,right,rig_cdf107e3e1b044065efd0add,1772726536852359168,0.7081,indoor,0|1|2,Tile_1,90,-0.275325,-0.275325,0.759325,0,0.934679,0.275325,0.207772,0.00938142,77.6649
img_23dfbf209861f4b03fe77515,left,rig_74a2fbfee61b66c0431611c4,1772726488349326848,0.4887,covered,0|1|2|3,Tile_1,91,-0.0343222,-0.0343222,0.96626,0,0.934679,0.0343222,-0.0332303,0.00301141,125.521
img_23f736d972ccf1608ccbe107,right,rig_77d59ad49037938e9356612d,1772726425345463040,0.2036,outdoor,0|1|2|3,Tile_1,92,-0.203782,-0.203782,0.81564,0,0.934679,0.203782,0.13623,0.00117739,120.793
img_24360a542c1b719c91d5a0e8,right,rig_d7a8710ef2ec0515707ccb1c,1772726541352529920,0.7285,indoor,0|1|2|3,Tile_1,93,-0.427443,-0.427443,0.652174,0,0.934679,0.427443,0.359891,0.0224309,72.2144
img_245cad044e9f3a264ef1987a,left,rig_69c65f7075f6f69eff3108cd,1772726599856021760,0.9932,stationary_unresolved,0|1|2,Tile_1,94,-0.0246153,-0.0246153,0.975685,0,0.934679,0.0246153,-0.0429372,0.00519261,110.975
img_2461a33a99ca0046b9a7c112,right,rig_3968ced941aff232b9a4cb9c,1772726511350733056,0.5928,covered,0|1|2|3,Tile_1,95,-0.217957,-0.217957,0.80416,0,0.934679,0.217957,0.150405,0.0193591,84.1759
img_246e9ec9e0ed774cd0cbefb4,right,rig_3fcd9fae7198946570f03492,1772726383342850816,0.0136,stationary_unresolved,0|1|2|3,Tile_1,96,-0.00803643,-0.00803643,0.991996,0,0.934679,0.00803643,-0.059516,0.0108532,114.684
img_24d4e5bc6fa22cd9ea92ff2e,right,rig_421a6a88885f1816ddea56e9,1772726418345015040,0.1719,outdoor,0|1|2|3,Tile_1,97,-0.0179754,-0.0179754,0.982185,0,0.934679,0.0179754,-0.049577,0.00534356,126.335
img_2528134f0c15a2a2a931c0df,right,rig_1d90e98300a7062d9a2aaa55,1772726432345931008,0.2353,outdoor,0|1|2|3,Tile_1,98,-0.0611486,-0.0611486,0.940683,0,0.934679,0.0611486,-0.00640389,0.00435485,127.181
img_2583dd744e4c06e135d8853a,right,rig_d5ea6b2b38d4468cdf4ea78f,1772726412344637952,0.1448,outdoor,0|1|2|3,Tile_1,99,-0.305156,-0.305156,0.737009,0,0.934679,0.305156,0.237603,0.0158948,100.483
img_25873a17d1cb3eab2998efaa,left,rig_91315d3ab36ef2819c717c09,1772726505350363136,0.5656,covered,0|1|2|3,Tile_1,100,-0.0358752,-0.0358752,0.964761,0,0.934679,0.0358752,-0.0316773,0.0168533,117.752
img_25e709e621e208bb6d69963c,left,rig_4325fccd73567f9f5074f0e8,1772726546852907776,0.7534,indoor,1|2|3,Tile_1,101,0.0798148,0.0798148,1.08309,0,0.934679,-0.0798148,-0.147367,0.0132306,100.524
img_26e10d650ada982eed86237e,right,rig_fdfcb9dc9abc485751e8d4da,1772726517351086848,0.6199,outdoor,0|1|2|3,Tile_1,102,-0.0819557,-0.0819557,0.921313,0,0.934679,0.0819557,0.0144032,0.0145136,93.4617
img_26f74b29376a0bc5d2f9d8b7,left,rig_1e3881120caef06297f0f25e,1772726478848760832,0.4457,outdoor,0|1|2,Tile_1,103,-0.0811979,-0.0811979,0.922011,0,0.934679,0.0811979,0.0136454,0.0107852,122.97
img_27c0b49a4b63e69324d8c3d1,right,rig_6296a401173f311ed04d9c2f,1772726550853093888,0.7715,indoor,0|1|3,Tile_1,104,-0.680829,-0.680829,0.506197,0,0.934679,0.680829,0.613277,0.0303254,61.377
img_282eaf688d90268d18f5fd7a,left,rig_628ed43a6e99e253002d2a91,1772726484849123840,0.4729,covered,0|1|2,Tile_1,105,0.0669073,0.0669073,1.0692,0,0.934679,-0.0669073,-0.13446,0.00188685,127.476
img_289ddac6eecdcfcb171a9cff,left,rig_57abffbe71119b953b048e03,1772726514350950912,0.6063,outdoor,1|2|3,Tile_1,106,0.0328038,0.0328038,1.03335,0,0.934679,-0.0328038,-0.100356,0.00587188,113.435
img_28ae3ec748a5e0d8c78031df,right,rig_244a3146cf6923f6963a3a04,1772726419845116928,0.1787,outdoor,0|1|2|3,Tile_1,107,-0.0563602,-0.0563602,0.945199,0,0.934679,0.0563602,-0.0111923,0.00273216,122.876
img_28d49635350a139c44d259ec,right,rig_d0d21b60f0a7f6764ead35e1,1772726476348654080,0.4344,outdoor,0|1|2|3,Tile_1,108,-0.0618779,-0.0618779,0.939998,0,0.934679,0.0618779,-0.00567459,0.0150269,116.016
img_296543e0b24fc5e6e262f386,right,rig_9d5f571dfecabff590a1442a,1772726474848523008,0.4276,outdoor,0|1|2|3,Tile_1,109,-0.0533861,-0.0533861,0.948014,0,0.934679,0.0533861,-0.0141664,0.0244007,120.674
img_298eb4ad7a7fb190d39583ea,right,rig_98411c0aa32b79a2d0ca9baa,1772726403344114176,0.1041,outdoor,0|1|2|3,Tile_1,110,-0.13818,-0.13818,0.870942,0,0.934679,0.13818,0.0706273,0.00314726,92.7395
img_29f0cdf6a31f8207e452d529,left,rig_e8f612a2355b17f8b3c2c37d,1772726450347032064,0.3167,outdoor,0|1|2|3,Tile_1,111,-0.150104,-0.150104,0.860619,0,0.934679,0.150104,0.0825513,0.00132079,103.187
img_2a01d8380fb472ce1a05426b,left,rig_164ce30d30979d2920995f26,1772726454847305984,0.3371,outdoor,0|1|2|3,Tile_1,112,-0.0189041,-0.0189041,0.981274,0,0.934679,0.0189041,-0.0486484,0.00299632,120.353
img_2a2ffa54460f316927e5ffa5,left,rig_56363446e94c146075038316,1772726537852345856,0.7127,indoor,0|1|3,Tile_1,113,-0.515839,-0.515839,0.596999,0,0.934679,0.515839,0.448287,0.0145438,58.6361
img_2a571292a4944bb3c65b1e06,left,rig_7f2588eb25297d7f69e812fc,1772726449346968832,0.3122,outdoor,0|1|2|3,Tile_1,114,-0.219959,-0.219959,0.802552,0,0.934679,0.219959,0.152407,0.00447561,105.104
img_2b03f8db151c2afacd17aa26,left,rig_dbc687d199a2da7ebdb5dda7,1772726559853716736,0.8122,indoor,0|1|2|3,Tile_1,115,0.231568,0.231568,1.26058,0,0.934679,-0.231568,-0.299121,0.0189213,103.05
img_2b4f13c695909781ea9270a7,left,rig_93ddb5288f9d2dadb2d5c06c,1772726423345303040,0.1946,outdoor,0|1|3,Tile_1,116,-0.435385,-0.435385,0.647016,0,0.934679,0.435385,0.367832,0.0137815,106.389
img_2bd2f89c0ed9038a7ebb2598,right,rig_b956cd29b76bd80f8e2fcff3,1772726441846484992,0.2783,outdoor,0|1|2|3,Tile_1,117,-0.0613904,-0.0613904,0.940456,0,0.934679,0.0613904,-0.00616205,0.00588697,119.286
img_2c358f7a9417c85d1593883a,right,rig_7f979503308dbb5497dc8184,1772726547852914944,0.7579,indoor,0|1|3,Tile_1,118,-0.540856,-0.540856,0.582249,0,0.934679,0.540856,0.473304,0.0351331,72.1047
img_2cb25c84f93cba5efbbe84c5,right,rig_a9ee8dfa439c365279d61976,1772726405844225792,0.1154,outdoor,0|1|2|3,Tile_1,119,-0.136852,-0.136852,0.8721,0,0.934679,0.136852,0.0692992,0.0151627,102.931
img_2d1f1a8a27f682dc4d1d2341,right,rig_56363446e94c146075038316,1772726537852328960,0.7127,indoor,0|1|2,Tile_1,120,-0.27349,-0.27349,0.76072,0,0.934679,0.27349,0.205937,0.0118494,76.877
img_2e26d35424d8cce53de1db47,left,rig_2d8f0bdda1ba1facabf86573,1772726480848880128,0.4548,covered,0|1|2,Tile_1,121,-0.11465,-0.11465,0.891678,0,0.934679,0.11465,0.0470972,0.00147929,115.574
img_2e52f81e7ee67150f3fdea5c,right,rig_1a8aa3d2d41fd3a907f5761d,1772726528851806976,0.6719,indoor,0|1|3,Tile_1,122,0.442279,0.442279,1.55625,0,0.934679,-0.442279,-0.509831,0.0219101,102.409
img_2f10fcf8c5f46899fd84dae9,left,rig_c0ac69772678faceae0ef9a2,1772726506850470144,0.5724,covered,0|1|2|3,Tile_1,123,-0.0335892,-0.0335892,0.966969,0,0.934679,0.0335892,-0.0339633,0.00547941,102.018
img_2f7b071dd4a79eebbbade4ce,left,rig_26e50c15137820a10f968d07,1772726447846873088,0.3054,outdoor,0|1|2|3,Tile_1,124,-0.12752,-0.12752,0.880275,0,0.934679,0.12752,0.0599679,0.00561526,108.129
img_2f8a2aae4ed7883e440a4072,left,rig_44c5ab838227c5301b4ca274,1772726538352443904,0.7149,indoor,0|1|3,Tile_1,125,-0.425467,-0.425467,0.653464,0,0.934679,0.425467,0.357915,0.00996256,59.8755
img_2fe423406c20124d89e4eefe,right,rig_d5186ce78eff9fccefa2c9c4,1772726527851723008,0.6674,indoor,0|1|3,Tile_1,126,0.61813,0.61813,1.85545,0,0.934679,-0.61813,-0.685682,0.0175402,107.438
img_2fe71151d4c449e1d3233bb5,right,rig_7dd4daacf866047206cfc7cd,1772726587355255808,0.9367,outdoor,0|1|2|3,Tile_1,127,0.040166,0.040166,1.04098,0,0.934679,-0.040166,-0.107718,0.0341973,132.562
img_3039370f245c728e2420d10a,right,rig_9f4872e9303c818831e70a82,1772726581354892032,0.9095,indoor,0|1|2,Tile_1,128,-0.173633,-0.173633,0.840605,0,0.934679,0.173633,0.106081,0.0342652,116.148
img_3043344b3e94c3b01cca615b,right,rig_6c81c8380411c3f8b5338f5b,1772726494849748736,0.5181,outdoor,0|1|2|3,Tile_1,129,-0.533017,-0.533017,0.586832,0,0.934679,0.533017,0.465464,0.00744928,95.1854
img_304b50c95ed848aecc410e2d,left,rig_137f7ca11f3ce7fff3502d2f,1772726594855721984,0.9706,outdoor,0|1|2|3,Tile_1,130,-0.0796733,-0.0796733,0.923418,0,0.934679,0.0796733,0.0121208,0.00219629,128.512
img_313927f8276bed83888b9791,right,rig_7a24f47d6c5ebd963de0ca67,1772726380342686976,0,stationary_unresolved,0|1|2|3,Tile_1,131,0.0716929,0.0716929,1.07433,0,0.934679,-0.0716929,-0.139245,0.0108833,114.42
img_31da46dee68cbffb8b8d1ac3,left,rig_3498b35f4620e15e5dcbbbf8,1772726539352484096,0.7195,indoor,0|1|3,Tile_1,132,-0.153806,-0.153806,0.857438,0,0.934679,0.153806,0.0862539,0.0194572,80.5262
img_31fb7f1b070f7fce4248960d,right,rig_e576df630958d6c8fa132821,1772726472848409856,0.4186,outdoor,0|1|2|3,Tile_1,133,-0.0911371,-0.0911371,0.912893,0,0.934679,0.0911371,0.0235846,0.012174,123.966
img_322efdb132cc0b10097d5d2f,left,rig_ae4998da7d29fe3cf72badee,1772726477348679936,0.4389,outdoor,0|1|2,Tile_1,134,-0.0934859,-0.0934859,0.910751,0,0.934679,0.0934859,0.0259335,0.015359,128.146
img_32de473ad787ca0a568e7a34,left,rig_5b8f8987e5c066d5adbfbd83,1772726507850516992,0.5769,covered,0|1|2|3,Tile_1,135,0.00389507,0.00389507,1.0039,0,0.934679,-0.00389507,-0.0714475,0.00745683,101.419
img_32e9de537a5b3fe60feaa235,left,rig_8c9df4cc0f7e042daa4d11b5,1772726462347738880,0.371,indoor,0|1|2|3,Tile_1,136,-0.342903,-0.342903,0.709707,0,0.934679,0.342903,0.275351,0.0198723,96.3736
img_332391c32c9690fa8c9a0d25,left,rig_d0d21b60f0a7f6764ead35e1,1772726476348655872,0.4344,outdoor,0|1|2,Tile_1,137,0.0578534,0.0578534,1.05956,0,0.934679,-0.0578534,-0.125406,0.00524544,123.847
img_33375a69985ab3e518251da0,left,rig_8e3bbcc1620e7105fa423668,1772726534352162816,0.6968,indoor,1|2|3,Tile_1,138,-0.0401128,-0.0401128,0.960681,0,0.934679,0.0401128,-0.0274397,0.0244309,84.2677
img_336e1066e62f9bd81c7fb187,right,rig_388a49b5615936ae67d820be,1772726440846436864,0.2738,outdoor,0|1|2|3,Tile_1,139,-0.16536,-0.16536,0.847589,0,0.934679,0.16536,0.0978071,0.00715493,124.733
img_3393210d231014661a40fa97,right,rig_46f240f13cd2c9799ddd288b,1772726466848016896,0.3914,indoor,0|1|2|3,Tile_1,140,0.113963,0.113963,1.12071,0,0.934679,-0.113963,-0.181515,0.00995502,114.94
img_340ae29e89772b35f8739137,right,rig_845d3f5e0068e3363d4d6e0b,1772726495849774848,0.5226,outdoor,0|1|3,Tile_1,141,-0.464946,-0.464946,0.628169,0,0.934679,0.464946,0.397393,0.00714739,94.699
img_34740bb45b5ff4b8f0691b68,left,rig_3a320fe4b204c9933496b019,1772726483849063936,0.4683,covered,0|1|2,Tile_1,142,-0.0098645,-0.0098645,0.990184,0,0.934679,0.0098645,-0.057688,0.0018944,127.117
img_349bb000c52f5a9444858a63,left,rig_3f5315056beccf8512b5d98a,1772726554353345792,0.7873,indoor,1|2|3,Tile_1,143,0.131859,0.131859,1.14095,0,0.934679,-0.131859,-0.199411,0.0120758,93.0114
img_357e0e61ad2c2c039b3d8981,left,rig_ed16943e003f7cce4fcbc055,1772726564853989888,0.8348,indoor,0|1|2|3,Tile_1,144,0.126452,0.126452,1.1348,0,0.934679,-0.126452,-0.194005,0.0162646,91.1751
img_36179b59758015708cbc0529,right,rig_c5283cd6ab5e0aa874eff166,1772726439346339840,0.267,outdoor,0|1|2|3,Tile_1,145,0.0569303,0.0569303,1.05858,0,0.934679,-0.0569303,-0.124483,0.00712474,128.763
img_362f09e7739015207616d3d1,right,rig_358f66a96b2fd87a9bb34919,1772726584355077120,0.9231,outdoor,0|1|2,Tile_1,146,-0.0708848,-0.0708848,0.931569,0,0.934679,0.0708848,0.00333233,0.00699644,115.865
img_3674d4aa9eeeccc919db54a9,right,rig_9838789f9a6a87aba15b73bf,1772726391843453952,0.052,outdoor,0|1|2|3,Tile_1,147,0.00475909,0.00475909,1.00477,0,0.934679,-0.00475909,-0.0723116,0.010589,108.818
img_36d8bec5f2733d9cb65049e8,right,rig_b80565635f69091466b4cc32,1772726553353293056,0.7828,indoor,0|1|3,Tile_1,148,-0.675666,-0.675666,0.508817,0,0.934679,0.675666,0.608113,0.0260083,59.191
img_36e74cf7a944d9e1fac9aac6,right,rig_ed63431d19d218ecf3fca2b4,1772726508850566912,0.5814,covered,0|1|3,Tile_1,149,-0.114914,-0.114914,0.891443,0,0.934679,0.114914,0.0473617,0.0134947,95.0205
img_3856b29d30a5f8fae4c2ddaf,left,rig_10786c3b130262b1f7860d86,1772726523351459072,0.6471,outdoor,1|2|3,Tile_1,150,-0.120055,-0.120055,0.886871,0,0.934679,0.120055,0.0525027,0.00540394,89.906
img_38fa922ad61d7da7aa5839a9,left,rig_902609d5327928fded01e1b9,1772726463847832064,0.3778,indoor,0|1|3,Tile_1,151,-0.389689,-0.389689,0.677267,0,0.934679,0.389689,0.322137,0.0228837,96.8337
img_3902505c4cb7ff45451f2bc1,right,rig_ecdcd5cf180b6355105f69dd,1772726487849280000,0.4864,covered,0|1|2|3,Tile_1,152,-0.426492,-0.426492,0.652795,0,0.934679,0.426492,0.35894,0.0123928,103.467
img_39270baa183005e40c561a87,left,rig_ed33bf04ed9e08f599df2b53,1772726561853817856,0.8213,indoor,0|1|2,Tile_1,153,0.142993,0.142993,1.15372,0,0.934679,-0.142993,-0.210546,0.0188459,98.7594
img_3991b4dd0731c1ce6d644839,left,rig_170506eedce2237ac07c901a,1772726572354415872,0.8688,indoor,0|1|3,Tile_1,154,-0.246239,-0.246239,0.781736,0,0.934679,0.246239,0.178686,0.0184534,53.6183
img_39a06855544f8de8351e1656,right,rig_a33a8865eb8de38ea721d39e,1772726388343209984,0.0362,stationary_unresolved,0|1|2|3,Tile_1,155,-0.0899764,-0.0899764,0.913953,0,0.934679,0.0899764,0.0224239,0.0108154,114.465
img_39bde7ed1336ec78411af4c0,right,rig_17282dbd39188418a1f5eefc,1772726426845512960,0.2104,outdoor,0|1|2|3,Tile_1,156,-0.102501,-0.102501,0.902577,0,0.934679,0.102501,0.0349484,0.000400012,120.202
img_39d39b7da0de74e43e25c19f,right,rig_73fcc250282f0b61f460356a,1772726550353062912,0.7692,indoor,0|1|3,Tile_1,157,-0.720126,-0.693147,0.5,1,0.934679,0.693147,0.625595,0.0286877,58.5427
img_3a1483836f813dc9ad7e4edb,right,rig_5c02d0174791430a31e970bf,1772726398343756800,0.0814,outdoor,0|1|2|3,Tile_1,158,-0.0493293,-0.0493293,0.951868,0,0.934679,0.0493293,-0.0182231,0.00444542,100.105
img_3a21b7ae860b72ed8804abcc,left,rig_d5ad6e81c3c552f2ccd6e469,1772726454347276032,0.3348,outdoor,0|1|2|3,Tile_1,159,0.0326887,0.0326887,1.03323,0,0.934679,-0.0326887,-0.100241,0.00313217,121.986
img_3a3f6e458912e59d4d103169,right,rig_fd5029fa6244f23a7f271048,1772726575354534912,0.8824,indoor,0|1|2,Tile_1,160,0.758648,0.693147,2,1,0.934679,-0.693147,-0.7607,0.0909612,132.059
img_3a67c36eb4b7f4b5eacf371d,left,rig_b6c28fb60084e876cb1574da,1772726449847025920,0.3145,outdoor,0|1|2|3,Tile_1,161,-0.12955,-0.12955,0.87849,0,0.934679,0.12955,0.061998,0.00452089,106.036
img_3a6ce437da18165267558062,left,rig_7ad14362b8ac6b0657939ec6,1772726461847707904,0.3688,indoor,0|1|2|3,Tile_1,162,-0.237412,-0.237412,0.788666,0,0.934679,0.237412,0.16986,0.0174571,96.8923
img_3a87ece1cbe89f05808cde41,right,rig_9c5420c2dc4237861155c34a,1772726568354127872,0.8507,indoor,1|2|3,Tile_1,163,0.239898,0.239898,1.27112,0,0.934679,-0.239898,-0.307451,0.00824931,100.905
img_3aa5f8a1a9bd140b901357b4,right,rig_214904616a70a88658d746f2,1772726510850697984,0.5905,covered,0|1|2|3,Tile_1,164,-0.139777,-0.139777,0.869553,0,0.934679,0.139777,0.072224,0.0246875,93.7141
img_3b6ed57064a70ad37a048c7b,right,rig_7fdb0caca6507a455ae7188f,1772726515850993920,0.6131,outdoor,0|1|2|3,Tile_1,165,-0.114202,-0.114202,0.892078,0,0.934679,0.114202,0.0466491,0.0225592,100.616
img_3b78593293b36ba29767fecd,left,rig_1e8b9b6d6e185fe3fe9e73b3,1772726529351892992,0.6742,indoor,1|2|3,Tile_1,166,-0.144212,-0.144212,0.865704,0,0.934679,0.144212,0.0766592,0.00975879,67.2176
img_3bda781d868a9fac1d656701,right,rig_2eceaef844c68e4af5ba152c,1772726464347843840,0.3801,indoor,0|1|2|3,Tile_1,167,-0.0285431,-0.0285431,0.97186,0,0.934679,0.0285431,-0.0390094,0.00654359,100.334
img_3ca07cccfdd3e5371e570909,right,rig_30d4452a792173a2a3a04f83,1772726487349249792,0.4842,covered,0|1|3,Tile_1,168,-0.451138,-0.451138,0.636903,0,0.934679,0.451138,0.383585,0.012891,102.698
img_3d1b5a29d5f1e5eadcddf16e,left,rig_4c0225da8a77199deca115fd,1772726566854088192,0.8439,indoor,0|1|2|3,Tile_1,169,0.130469,0.130469,1.13936,0,0.934679,-0.130469,-0.198021,0.0219856,90.4736
img_3dd943e1fbc94dc8c092af49,right,rig_b6c28fb60084e876cb1574da,1772726449847023872,0.3145,outdoor,0|1|2|3,Tile_1,170,0.0299097,0.0299097,1.03036,0,0.934679,-0.0299097,-0.0974622,0.00549451,123.106
img_3ecb1a5cb53e875c9a44c043,left,rig_6ac4fbfb6c11253d29172b3e,1772726578854810112,0.8982,indoor,0|1|3,Tile_1,171,-0.589824,-0.589824,0.554425,0,0.934679,0.589824,0.522271,0.026914,105.873
img_3f3cab25aa79e21874774641,right,rig_14d04a77332d48a4e699008e,1772726531351935744,0.6833,indoor,0|1|3,Tile_1,172,0.164369,0.164369,1.17865,0,0.934679,-0.164369,-0.231921,0.0203402,97.5769
img_3f546d37732238c9dca340d3,left,rig_1a8aa3d2d41fd3a907f5761d,1772726528851811840,0.6719,indoor,1|2|3,Tile_1,173,-0.122615,-0.122615,0.884604,0,0.934679,0.122615,0.0550629,0.00979652,68.3576
img_3fa45fac1cc1abd6364f0bd3,right,rig_aa9ac4028b9a2a76f393fd18,1772726512350790144,0.5973,outdoor,0|1|2|3,Tile_1,174,-0.324542,-0.324542,0.722858,0,0.934679,0.324542,0.25699,0.0154344,78.5811
img_40f2bb33f03616da71c7aa76,right,rig_07365b42985639b762ddee0a,1772726536352324864,0.7059,indoor,0|1|2,Tile_1,175,0.0603582,0.0603582,1.06222,0,0.934679,-0.0603582,-0.127911,0.0167854,86.5067
img_4136eead8b3734fcaedcc071,left,rig_d1077f475644d1228245e736,1772726501350138880,0.5475,outdoor,1|2|3,Tile_1,176,-0.0774771,-0.0774771,0.925448,0,0.934679,0.0774771,0.00992461,0.00190949,122.592
img_41472835d6d01c3b9eee86f3,left,rig_cae275c40aa549790e52fd20,1772726545352782848,0.7466,indoor,1|2|3,Tile_1,177,0.0667215,0.0667215,1.069,0,0.934679,-0.0667215,-0.134274,0.0152005,104.285
img_42034df9dc9f931dfaad45d6,right,rig_6283a32deb59e6bf9f3db3ae,1772726576354593024,0.8869,indoor,0|1|2,Tile_1,178,0.0349796,0.0349796,1.0356,0,0.934679,-0.0349796,-0.102532,0.119664,117.147
img_4208ccff31ff4f5807b3f287,right,rig_f37b6e125599ee8ce13ef928,1772726532352040960,0.6878,indoor,0|1|3,Tile_1,179,0.227522,0.227522,1.25549,0,0.934679,-0.227522,-0.295075,0.0206799,102.26
img_426186dbb8206cf129f21911,right,rig_efe79713cf7a7fd38fbf03f9,1772726535852211968,0.7036,indoor,0|1|2,Tile_1,180,0.0736807,0.0736807,1.07646,0,0.934679,-0.0736807,-0.141233,0.0228686,92.3891
img_431341ddc18bf7bbfc873256,right,rig_7ad14362b8ac6b0657939ec6,1772726461847692032,0.3688,indoor,0|1|2|3,Tile_1,181,-0.361774,-0.361774,0.69644,0,0.934679,0.361774,0.294222,0.00542658,102.736
img_43880861e0630f5d7ac7cc0d,right,rig_e601727fcbd717550873cb63,1772726407844350976,0.1244,outdoor,0|1|2|3,Tile_1,182,-0.211467,-0.211467,0.809396,0,0.934679,0.211467,0.143914,0.0143702,89.9215
img_43c0ea71b530e898a1a8a3bd,right,rig_5af663697925ca79c4a912c2,1772726579354812928,0.9005,indoor,0|1|2,Tile_1,183,0.156254,0.156254,1.16912,0,0.934679,-0.156254,-0.223806,0.0199855,111.98
img_4409c7a08d9668bf891b56e4,left,rig_44a497d2cddd76ad8dc46b77,1772726586355255808,0.9321,outdoor,0|1|2,Tile_1,184,-0.222788,-0.222788,0.800284,0,0.934679,0.222788,0.155236,0.00155476,100.192
img_441e03f73d0b76f84c505db3,left,rig_a22b187e8c911fae160eb070,1772726558353671936,0.8054,indoor,1|2|3,Tile_1,185,0.258777,0.258777,1.29534,0,0.934679,-0.258777,-0.326329,0.010355,101.005
img_443900e4c8ed5b29fb38d36a,left,rig_b53ee284fd9a573a541d1d24,1772726561353735936,0.819,indoor,0|1|2|3,Tile_1,186,0.193617,0.193617,1.21363,0,0.934679,-0.193617,-0.261169,0.0213969,100.789
img_44688fc19520c97f04987182,right,rig_b9fca3f358eac23d79418554,1772726381842702848,0.0068,stationary_unresolved,0|1|2|3,Tile_1,187,-0.086564,-0.086564,0.917077,0,0.934679,0.086564,0.0190115,0.010823,114.633
img_4482606b56ce83da57f0a986,left,rig_3a9d46edf8ddc75aac3a8541,1772726393343517184,0.0588,outdoor,1|2|3,Tile_1,188,-0.164994,-0.164994,0.847899,0,0.934679,0.164994,0.0974415,0.00555488,120.477
img_44aa2004a4a7e90eb9ff462e,right,rig_26e50c15137820a10f968d07,1772726447846856960,0.3054,outdoor,0|1|2|3,Tile_1,189,0.0619838,0.0619838,1.06395,0,0.934679,-0.0619838,-0.129536,0.00390955,121.486
img_44fb2a201f01c452448f0215,left,rig_e615de20b17fa11c9c697b26,1772726573354430976,0.8733,indoor,0|1|3,Tile_1,190,-0.346985,-0.346985,0.706816,0,0.934679,0.346985,0.279432,0.012106,48.8975
img_451e741ae2b46e2f2b3dc3ea,left,rig_dc8eaf8fd3cf32cfbd3583e3,1772726492849637120,0.5091,outdoor,0|1|2|3,Tile_1,191,-0.0428892,-0.0428892,0.958018,0,0.934679,0.0428892,-0.0246633,0.00427937,123.407
img_45b060488b1c090ac0309083,left,rig_d207455f26029db6394d4973,1772726538852432896,0.7172,indoor,0|1|3,Tile_1,192,-0.317095,-0.317095,0.728261,0,0.934679,0.317095,0.249543,0.0137287,72.0756
img_4684934416f0dd355c57cc5e,left,rig_91e8f573f92fc625b8bc22c6,1772726446846834944,0.3009,outdoor,0|1|3,Tile_1,193,-0.150011,-0.150011,0.860698,0,0.934679,0.150011,0.0824587,0.00931349,110.11
img_46a0d026a1d62e44f0b7636f,right,rig_beb86146e928504f312b06b7,1772726424345372928,0.1991,outdoor,0|1|2|3,Tile_1,194,-0.115444,-0.115444,0.890971,0,0.934679,0.115444,0.0478912,0.00163024,121.699
img_46f7e3520c57796e33d0dd24,left,rig_3c64bb05b7b5c9abf9f8ea57,1772726392843512064,0.0566,outdoor,1|2|3,Tile_1,195,-0.171767,-0.171767,0.842175,0,0.934679,0.171767,0.104215,0.0068153,120.794
img_46fb35a374a648bbf7d67b4a,right,rig_14ad50c8337caec754d4ed52,1772726450847046912,0.319,outdoor,0|1|2|3,Tile_1,196,0.050655,0.050655,1.05196,0,0.934679,-0.050655,-0.118207,0.0118872,125.844
img_4767ec0db6e2111433779ace,left,rig_f8e970507b82986a3831673c,1772726393843571968,0.0611,outdoor,1|2|3,Tile_1,197,0.0899746,0.0899746,1.09415,0,0.934679,-0.0899746,-0.157527,0.00300386,121.467
img_476b4f00ba8277b62f95bb54,left,rig_1bee9a2dc1fc8f2952ede860,1772726475848599808,0.4321,outdoor,0|1|2,Tile_1,198,-0.0262739,-0.0262739,0.974068,0,0.934679,0.0262739,-0.0412786,0.00287556,120.121
img_4777fe5d9cdf240d46e60bea,left,rig_707e643a791bb47a4463b704,1772726569854270976,0.8575,indoor,0|1|2|3,Tile_1,199,-0.405745,-0.405745,0.66648,0,0.934679,0.405745,0.338192,0.0267102,66.5035
img_485cd4c5ca8d267f58fcc97d,left,rig_185c950ddf4051317e0a520a,1772726570354260992,0.8597,indoor,0|1|2|3,Tile_1,200,-0.514283,-0.514283,0.597929,0,0.934679,0.514283,0.44673,0.0249819,61.5176
img_495d939ae647085d401c5718,right,rig_160ad198af150b5eea3e794e,1772726396343687936,0.0724,outdoor,0|1|2|3,Tile_1,201,-0.178941,-0.178941,0.836155,0,0.934679,0.178941,0.111389,0.0119551,111.559
img_49cecc6b7a7ebcfb56922fe8,left,rig_4913278e27738ee2d6dd6368,1772726589855419904,0.948,outdoor,0|1|2,Tile_1,202,-0.0132478,-0.0132478,0.98684,0,0.934679,0.0132478,-0.0543047,0.00353973,129.36
img_4a2a9f47a7d72128ad9d9b23,right,rig_954e3438a79223fdcc4271fc,1772726512850861056,0.5995,outdoor,0|1|2|3,Tile_1,203,-0.323253,-0.323253,0.72379,0,0.934679,0.323253,0.255701,0.00901159,75.1833
img_4a2e56357884866047e5d674,right,rig_47dce3c32d0c6bb0b1551710,1772726382342784768,0.009,stationary_unresolved,0|1|2|3,Tile_1,204,-0.11546,-0.11546,0.890956,0,0.934679,0.11546,0.0479079,0.0108607,114.462
img_4a55ba7140adf532c2944b6d,right,rig_9614504d089c4bd4339bcbf8,1772726571854328832,0.8665,indoor,1|2|3,Tile_1,205,0.0477445,0.0477445,1.0489,0,0.934679,-0.0477445,-0.115297,0.00997766,86.1974
img_4a58d805e5b8e03110fdfac7,right,rig_96ae58701ae6a7d9fbdeb55b,1772726516351023872,0.6154,outdoor,0|1|2|3,Tile_1,206,-0.0189701,-0.0189701,0.981209,0,0.934679,0.0189701,-0.0485824,0.0215025,100.215
img_4a98c51fd068bcc6903eb8bd,right,rig_74a2fbfee61b66c0431611c4,1772726488349309952,0.4887,covered,0|1|2|3,Tile_1,207,-0.441145,-0.441145,0.643299,0,0.934679,0.441145,0.373592,0.014008,103.775
img_4af6cd6dac376ccdcc60db74,right,rig_1e3881120caef06297f0f25e,1772726478848744960,0.4457,outdoor,0|1|2|3,Tile_1,208,-0.0594336,-0.0594336,0.942298,0,0.934679,0.0594336,-0.00811892,0.00575112,118.551
img_4b22a1c9aabd064214d20b5a,left,rig_08045c9415b26b9156f0210b,1772726493349665792,0.5113,outdoor,0|1|2|3,Tile_1,209,0.0149049,0.0149049,1.01502,0,0.934679,-0.0149049,-0.0824573,0.00388691,123.154
img_4b5896706fe6c5ae2a2b3dee,right,rig_edffa4d6285651ca67b8af0e,1772726473848504064,0.4231,outdoor,0|1|2|3,Tile_1,210,-0.0597134,-0.0597134,0.942035,0,0.934679,0.0597134,-0.00783912,0.0231705,129.104
img_4bdcc685ea71836c64354033,right,rig_0c0fa752260adc2d7d42204f,1772726386343086080,0.0271,stationary_unresolved,0|1|2|3,Tile_1,211,-0.0100826,-0.0100826,0.989968,0,0.934679,0.0100826,-0.0574699,0.0108079,114.446
img_4beafc8e6c2ff2943ec8c75d,right,rig_35cbefd3d2f4b7df687cc3ec,1772726428345662976,0.2172,outdoor,0|1|2|3,Tile_1,212,-0.0390661,-0.0390661,0.961687,0,0.934679,0.0390661,-0.0284864,0.00298122,126.605
img_4bfbec80c6152c3ca53f80df,right,rig_5f69d828774526ed0ca7afd8,1772726544352706048,0.7421,indoor,0|1|3,Tile_1,213,-0.329381,-0.329381,0.719369,0,0.934679,0.329381,0.261829,0.0292009,80.8299
img_4c8368637cb715bc93aab9aa,left,rig_aa9ac4028b9a2a76f393fd18,1772726512350807040,0.5973,outdoor,0|1|2|3,Tile_1,214,0.0454942,0.0454942,1.04654,0,0.934679,-0.0454942,-0.113047,0.00530582,117.437
img_4c9783af531b33c68bea8192,right,rig_f328e8b1198e7beebbc58972,1772726493849678080,0.5136,outdoor,0|1|3,Tile_1,215,-0.470558,-0.470558,0.624653,0,0.934679,0.470558,0.403006,0.00590206,93.9225
img_4c9b79ac5540a2016119f618,right,rig_a6081c1007b9caf70b92b37c,1772726466347982848,0.3891,indoor,0|1|2|3,Tile_1,216,0.188946,0.188946,1.20798,0,0.934679,-0.188946,-0.256499,0.00843044,111.262
img_4cc3626700bd186e509ecde4,left,rig_659d09ba8e1aa4a543372606,1772726490349453824,0.4977,covered,0|1|2|3,Tile_1,217,0.04101,0.04101,1.04186,0,0.934679,-0.04101,-0.108563,0.0030567,125.171
img_4ccf82bd2664b37fa8da5db0,right,rig_69b32be839e545787a8f86ad,1772726511850806016,0.595,outdoor,0|1|2|3,Tile_1,218,-0.304764,-0.304764,0.737297,0,0.934679,0.304764,0.237212,0.01831,81.9845
img_4ce1f1404af327ce8e242a2e,right,rig_2d8f0bdda1ba1facabf86573,1772726480848863744,0.4548,covered,0|1|2|3,Tile_1,219,-0.0849913,-0.0849913,0.91852,0,0.934679,0.0849913,0.0174388,0.0132532,118.737
img_4d472e322a81763c2fd0b666,right,rig_b9e77c1689a5f6e9a74cc126,1772726599355980032,0.991,stationary_unresolved,0|1|2|3,Tile_1,220,-0.292982,-0.292982,0.746035,0,0.934679,0.292982,0.22543,0.0094267,103.056
img_4d9c2a8e76e687e5179a2990,left,rig_76ea8904683bf37063ee2987,1772726592355569920,0.9593,outdoor,0|1|2,Tile_1,221,-0.0963427,-0.0963427,0.908153,0,0.934679,0.0963427,0.0287903,0.00178873,128.577
img_4dc8f84b30561037eb7ae084,right,rig_0ec87fa7eec60a30376bb767,1772726394843634944,0.0656,outdoor,0|1|2|3,Tile_1,222,-0.0909017,-0.0909017,0.913107,0,0.934679,0.0909017,0.0233492,0.0076757,107.589
img_4de2b810d4947fd02c7d9da0,left,rig_f2fd1bd083c3e3340c9155b2,1772726458347508992,0.3529,indoor,0|1|2|3,Tile_1,223,-0.497718,-0.497718,0.607917,0,0.934679,0.497718,0.430165,0.00440768,104.467
img_4e3d57a9706d9cb78afd5c41,right,rig_fcb5e5bc6e447db8fc1d90a4,1772726387843228928,0.0339,stationary_unresolved,0|1|2|3,Tile_1,224,-0.0757716,-0.0757716,0.927028,0,0.934679,0.0757716,0.00821915,0.0107928,114.335
img_4e61dfa73359cbec43694b5d,left,rig_b7463a427ef7798624fd8d32,1772726549853085952,0.767,indoor,0|1|2|3,Tile_1,225,0.0419512,0.0419512,1.04284,0,0.934679,-0.0419512,-0.109504,0.010823,92.8992
img_4e8573cfcd31389b1a28d8e3,right,rig_ae4998da7d29fe3cf72badee,1772726477348664064,0.4389,outdoor,0|1|2|3,Tile_1,226,0.0478645,0.0478645,1.04903,0,0.934679,-0.0478645,-0.115417,0.00824176,116.9
img_4f76dde4fe751d7ed49ed11b,left,rig_313632335919463682d800b2,1772726491349520896,0.5023,covered,0|1|2|3,Tile_1,227,0.0649127,0.0649127,1.06707,0,0.934679,-0.0649127,-0.132465,0.00422654,124.139
img_4fc4ba78911aae895973bd93,left,rig_3a5432d0e841f5018f0426c3,1772726548853036800,0.7624,indoor,1|2|3,Tile_1,228,0.141068,0.141068,1.1515,0,0.934679,-0.141068,-0.20862,0.0117287,90.8197
img_4fcd6a3db493c1c587d8b3a9,right,rig_0361f91ef4389a6eb93d4af1,1772726433345968128,0.2398,outdoor,0|1|2|3,Tile_1,229,0.0174566,0.0174566,1.01761,0,0.934679,-0.0174566,-0.085009,0.00497374,130.012
img_50788709c27115356ae913b1,left,rig_6296a401173f311ed04d9c2f,1772726550853106944,0.7715,indoor,0|1|2|3,Tile_1,230,0.0135592,0.0135592,1.01365,0,0.934679,-0.0135592,-0.0811117,0.0100984,92.3958
img_50b23cb80cabf1841bac6f5c,right,rig_e7b87302ddd5eea841767532,1772726568854157056,0.8529,indoor,1|2|3,Tile_1,231,0.0979893,0.0979893,1.10295,0,0.934679,-0.0979893,-0.165542,0.0104607,100.666
img_50b466a226a3e1103ba42d6f,right,rig_4d16d7410b532f5a8e99b5f1,1772726384342926080,0.0181,stationary_unresolved,0|1|2|3,Tile_1,232,-0.0891413,-0.0891413,0.914716,0,0.934679,0.0891413,0.0215888,0.0108305,114.594
img_5140482a9cf7118888ff9760,right,rig_4325fccd73567f9f5074f0e8,1772726546852904960,0.7534,indoor,0|1|3,Tile_1,233,-0.391877,-0.391877,0.675787,0,0.934679,0.391877,0.324325,0.0251328,70.5544
img_524aae58b9d36d472cff225d,left,rig_3b41916b103981a8eccd4f43,1772726574854533888,0.8801,indoor,0|1|3,Tile_1,234,0.0343345,0.0343345,1.03493,0,0.934679,-0.0343345,-0.101887,0.0235026,90.1122
img_5296101fce9f36e01239e372,left,rig_895fd355c8ced5417ce3ab2a,1772726473348443904,0.4208,outdoor,0|1|2,Tile_1,235,-0.335659,-0.335659,0.714867,0,0.934679,0.335659,0.268106,0.00265668,98.5825
img_5375dc7ac212760e86ea04e4,left,rig_694808f82a99f58369491ead,1772726554853384960,0.7896,indoor,1|2|3,Tile_1,236,0.00915914,0.00915914,1.0092,0,0.934679,-0.00915914,-0.0767116,0.0130947,95.3338
img_53e20a3aa805e1f7b110ddf9,right,rig_a79b081ba3a99dbcf8a0dd11,1772726408844413952,0.129,outdoor,0|1|2|3,Tile_1,237,-0.0720451,-0.0720451,0.930489,0,0.934679,0.0720451,0.0044926,0.0180609,91.6588
img_53f96406e0c9d22b6885bb47,right,rig_fec2268a8a2fbc4f8156eda1,1772726442346515968,0.2805,outdoor,0|1|2|3,Tile_1,238,-0.348238,-0.348238,0.705931,0,0.934679,0.348238,0.280685,0.00596999,118.59
img_5411aa9b437446a0c0642a33,left,rig_62b603365e4950b385b6def3,1772726571354317056,0.8643,indoor,0|1|2|3,Tile_1,239,-0.470478,-0.470478,0.624704,0,0.934679,0.470478,0.402925,0.0214044,57.8186
img_552ccaef249d70922a2b9ae7,right,rig_7e0029c18aafeeabec73c08f,1772726399843804928,0.0882,outdoor,0|1|2|3,Tile_1,240,-0.10157,-0.10157,0.903418,0,0.934679,0.10157,0.0340172,0.0142495,99.598
img_5550c6ee126a8a927e97dac2,right,rig_490a36809620a920c1761945,1772726420345161984,0.181,outdoor,0|1|2|3,Tile_1,241,-0.0762657,-0.0762657,0.92657,0,0.934679,0.0762657,0.00871325,0.00154722,121.681
img_5563e8df2be4dc830dc08c92,right,rig_3001c1810024c616a028c6a1,1772726385343024896,0.0226,stationary_unresolved,0|1|2|3,Tile_1,242,-0.0403927,-0.0403927,0.960412,0,0.934679,0.0403927,-0.0271598,0.0108079,114.573
img_5574682a334b8acf3720ae26,left,rig_26aae248f7fb7669b2f80ebc,1772726494349710080,0.5158,outdoor,0|1|2|3,Tile_1,243,-0.00270334,-0.00270334,0.9973,0,0.934679,0.00270334,-0.0648491,0.00346426,122.628
img_55c5e08398906fce5cdae7a1,right,rig_f78e34acd123753db7989244,1772726525851599104,0.6584,indoor,0|1|3,Tile_1,244,0.258824,0.258824,1.29541,0,0.934679,-0.258824,-0.326377,0.0121211,79.8669
img_55fe11611681b29c521c95c5,left,rig_9d5f571dfecabff590a1442a,1772726474848538880,0.4276,outdoor,0|1|2,Tile_1,245,-0.243299,-0.243299,0.784037,0,0.934679,0.243299,0.175747,0.0014642,110.098
img_56187043b1e7cbb8149b6379,left,rig_ab047c378b76552bf8f719ce,1772726563853952000,0.8303,indoor,0|1|2|3,Tile_1,246,0.0554204,0.0554204,1.05698,0,0.934679,-0.0554204,-0.122973,0.0159099,90.3293
img_56534ab6df13e69183a60733,right,rig_f0cfe3c8f1ed9a3fa4387de4,1772726500850092800,0.5452,outdoor,0|1|3,Tile_1,247,-0.359685,-0.359685,0.697896,0,0.934679,0.359685,0.292133,0.0102041,104.138
img_57251049682317c7fee99ae1,left,rig_14d04a77332d48a4e699008e,1772726531351951872,0.6833,indoor,1|2|3,Tile_1,248,0.00634101,0.00634101,1.00636,0,0.934679,-0.00634101,-0.0738935,0.019193,76.9145
img_572c8b231f54c3e8ed7f76c5,right,rig_ed3f68cd30c4e541e9180d4e,1772726523851472896,0.6493,indoor,0|1|3,Tile_1,249,-0.176905,-0.176905,0.83786,0,0.934679,0.176905,0.109352,0.00406805,78.8373
img_5748713b2a9018e0c4489afb,left,rig_89edac79d760e3d41c63a4ac,1772726535352226048,0.7014,indoor,0|1|2|3,Tile_1,250,-0.234503,-0.234503,0.790964,0,0.934679,0.234503,0.16695,0.019261,76.0296
img_575d0f2b73c72c0a37d1fdaf,right,rig_9d95aa2abfb26fc1498a5395,1772726447346824960,0.3032,outdoor,0|1|2|3,Tile_1,251,-0.0626499,-0.0626499,0.939272,0,0.934679,0.0626499,-0.00490259,0.00386427,121.655
img_575f482e53a2e9d903317aeb,right,rig_fb0e1762cbaab1415ccede67,1772726435846081024,0.2511,outdoor,0|1|2|3,Tile_1,252,-0.00716633,-0.00716633,0.992859,0,0.934679,0.00716633,-0.0603861,0.00585678,130.1
img_579db4a7b14316cffd5a2b3f,right,rig_64ba07982d918ecf2f55417d,1772726581854920960,0.9118,indoor,0|1|2,Tile_1,253,-0.224027,-0.224027,0.799294,0,0.934679,0.224027,0.156475,0.0372992,114.765
img_57c2604724963389dad6b8fc,left,rig_b657874324625bd3f19ad991,1772726390843351808,0.0475,outdoor,1|2|3,Tile_1,254,-0.191384,-0.191384,0.825816,0,0.934679,0.191384,0.123831,0.00208308,116.897
img_582ed6d44277f03d95c67651,right,rig_f63969ba431f0e877a4c5b0c,1772726469848243968,0.405,indoor,0|1|2,Tile_1,255,-0.267563,-0.267563,0.765242,0,0.934679,0.267563,0.200011,0.0230045,119.397
img_587cbd925df8e3060b13d134,right,rig_9febeabbae3b97836920896c,1772726580854862080,0.9072,indoor,0|1|2,Tile_1,256,-0.127615,-0.127615,0.880192,0,0.934679,0.127615,0.060063,0.0245894,113.899
img_58caed980ab70c4132efecfd,right,rig_083bc66ce28c3ad6214b88c3,1772726519351250944,0.629,outdoor,0|1|2|3,Tile_1,257,0.0294761,0.0294761,1.02991,0,0.934679,-0.0294761,-0.0970286,0.0500317,115.709
img_58f765e4917dce185f3d11f7,right,rig_895fd355c8ced5417ce3ab2a,1772726473348428032,0.4208,outdoor,0|1|2|3,Tile_1,258,0.00102628,0.00102628,1.00103,0,0.934679,-0.00102628,-0.0685788,0.0153891,125.633
img_592f2c020773fd3d0eba846b,right,rig_28b837fa6430a71dc20de2a4,1772726409344444928,0.1312,outdoor,0|1|2|3,Tile_1,259,-0.307426,-0.307426,0.735337,0,0.934679,0.307426,0.239874,0.00520016,83.9288
img_59524914ac06cf1a2d6e317a,right,rig_a4484fe11e03722462ec74f3,1772726406844327936,0.1199,outdoor,0|1|2|3,Tile_1,260,-0.0226626,-0.0226626,0.977592,0,0.934679,0.0226626,-0.0448899,0.0244687,101.618
img_595254c320c27cdb74e35158,right,rig_0ecd86b20f310e2fb0b20192,1772726533852087040,0.6946,indoor,0|1|3,Tile_1,261,0.232027,0.232027,1.26115,0,0.934679,-0.232027,-0.299579,0.0223403,100.522
img_59814f6dd62bb0daf23334d6,right,rig_f1394cd3b2ae3a8bd62a7396,1772726573854449152,0.8756,indoor,0|1|2,Tile_1,262,0.175282,0.175282,1.19158,0,0.934679,-0.175282,-0.242835,0,69.1122
img_5a69ae6aa259126ae595c8c1,right,rig_1ae5de5a59bb2cd0d482e564,1772726530851907072,0.681,indoor,0|1|3,Tile_1,263,0.269205,0.269205,1.30892,0,0.934679,-0.269205,-0.336757,0.0238649,97.9427
img_5b91b0038b79183f5c7235e8,right,rig_ed250a4472d03f10bfc2170d,1772726429345707776,0.2217,outdoor,0|1|2|3,Tile_1,264,-0.057523,-0.057523,0.9441,0,0.934679,0.057523,-0.0100295,0.00316236,125.58
img_5bdabac3f28d924130023096,right,rig_3a5432d0e841f5018f0426c3,1772726548853032960,0.7624,indoor,0|1|3,Tile_1,265,-0.53652,-0.53652,0.58478,0,0.934679,0.53652,0.468968,0.042522,73.461
img_5bf2570751fa5012e024eb20,right,rig_b1b4744543888aaed04abc31,1772726406344256768,0.1176,outdoor,0|1|2|3,Tile_1,266,0.0386993,0.0386993,1.03946,0,0.934679,-0.0386993,-0.106252,0.0368313,109.661
img_5cb86470777358c38d50242e,right,rig_a9078c41c0a096c560d438f1,1772726462847753984,0.3733,indoor,0|1|2|3,Tile_1,267,-0.254764,-0.254764,0.7751,0,0.934679,0.254764,0.187211,0.00766816,102.19
img_5d36f96d95329bc275b1e854,right,rig_a2de1d976e32bcdbbac82c3b,1772726440346407936,0.2715,outdoor,0|1|2|3,Tile_1,268,-0.0343043,-0.0343043,0.966277,0,0.934679,0.0343043,-0.0332481,0.00715493,127.044
img_5e316fa8cb258a2918d30eed,left,rig_3968ced941aff232b9a4cb9c,1772726511350748160,0.5928,covered,0|1|2|3,Tile_1,269,0.0274212,0.0274212,1.0278,0,0.934679,-0.0274212,-0.0949737,0.00505676,115.259
img_5e80513ffc34b6196a43e365,right,rig_55d2fa68d70e2680e935a845,1772726427845582848,0.2149,outdoor,0|1|2|3,Tile_1,270,-0.0448011,-0.0448011,0.956188,0,0.934679,0.0448011,-0.0227513,0.00172835,123.439
img_5e8f6477648ca5ac8d8ba881,right,rig_92fa282269d33e02e9d45cfe,1772726419345082880,0.1765,outdoor,0|1|2|3,Tile_1,271,-0.00763241,-0.00763241,0.992397,0,0.934679,0.00763241,-0.0599201,0.00400012,124.638
img_5ef19597a38170b745e3d0e8,right,rig_284fb60ef0905080016bbb13,1772726588855346944,0.9434,outdoor,0|1|3,Tile_1,272,-0.128383,-0.128383,0.879517,0,0.934679,0.128383,0.0608301,0.0349218,123.384
img_5f0968e8c59bf8c0f031ebb5,right,rig_8aaaec889bb180ad08da0231,1772726498349988096,0.5339,outdoor,0|1|3,Tile_1,273,-0.292859,-0.292859,0.746127,0,0.934679,0.292859,0.225307,0.00934368,101.943
img_5f4b3c215e0cb99dc6bba658,left,rig_ccb968cc149a169e0aeab8b0,1772726600856082944,0.9977,stationary_unresolved,0|1|2,Tile_1,274,0.0599784,0.0599784,1.06181,0,0.934679,-0.0599784,-0.127531,0.00545677,114.453
img_5f5029f3630b2fb09e6d6efa,right,rig_44024581676052797570e8d0,1772726384842983936,0.0204,stationary_unresolved,0|1|2|3,Tile_1,275,0.0147728,0.0147728,1.01488,0,0.934679,-0.0147728,-0.0823253,0.010823,114.598
img_5f72e3f2d8823789d5a9d3d9,right,rig_26aae248f7fb7669b2f80ebc,1772726494349693184,0.5158,outdoor,0|1|3,Tile_1,276,-0.432857,-0.432857,0.648653,0,0.934679,0.432857,0.365304,0.00810591,95.1615
img_5f8884d4e0886ce2c7c3329d,right,rig_ffc55ff4cebb277e5037350b,1772726382842777856,0.0113,stationary_unresolved,0|1|2|3,Tile_1,277,-0.0714556,-0.0714556,0.931038,0,0.934679,0.0714556,0.00390308,0.0108079,114.545
img_5fd035bec4171d6b6ba5975a,right,rig_87e502b4ef51672981b834d9,1772726577354654976,0.8914,indoor,0|1|2,Tile_1,278,-0.389888,-0.389888,0.677133,0,0.934679,0.389888,0.322335,0.0861007,108.747
img_6016a762546377de75ffa928,right,rig_5374f8e6cc4cc91413bc936f,1772726531852012800,0.6855,indoor,0|1|3,Tile_1,279,0.272902,0.272902,1.31377,0,0.934679,-0.272902,-0.340455,0.0203327,100.725
img_601de3b87602df931f31758c,right,rig_dc8eaf8fd3cf32cfbd3583e3,1772726492849620992,0.5091,outdoor,0|1|3,Tile_1,280,-0.511001,-0.511001,0.599895,0,0.934679,0.511001,0.443449,0.00775118,94.2738
img_6140eac6fa52c2bec7a4cf37,right,rig_7efa8cac190f48b14d87776f,1772726480348834048,0.4525,covered,0|1|2|3,Tile_1,281,-0.0628355,-0.0628355,0.939098,0,0.934679,0.0628355,-0.00471702,0.0124381,119.081
img_615171763cd60793081fb097,right,rig_bbcd876b02050dbe22e039ec,1772726508350533120,0.5792,covered,0|1|3,Tile_1,282,-0.268374,-0.268374,0.764622,0,0.934679,0.268374,0.200822,0.0078191,87.6611
img_6173ff107b2e5193068fdc8c,left,rig_ecdcd5cf180b6355105f69dd,1772726487849295872,0.4864,covered,0|1|2|3,Tile_1,283,0.0925543,0.0925543,1.09697,0,0.934679,-0.0925543,-0.160107,0.00280008,125.062
img_61807e09bce534e140ff3497,right,rig_bfc013a648d9cb272acc2072,1772726565854044928,0.8394,indoor,1|2|3,Tile_1,284,-0.0660872,-0.0660872,0.936049,0,0.934679,0.0660872,-0.00146526,0.00933613,89.342
img_61f4cc2148cac254e5f04ce6,right,rig_8f689c5c301741cf23abc7c9,1772726460847625984,0.3643,covered,0|1|2|3,Tile_1,285,-0.380403,-0.380403,0.683586,0,0.934679,0.380403,0.312851,0.00440013,104.474
img_622228827b821ea7fad563a5,right,rig_7964ba6473e309db290c0c7f,1772726436846160896,0.2557,outdoor,0|1|2|3,Tile_1,286,-0.00158249,-0.00158249,0.998419,0,0.934679,0.00158249,-0.06597,0.0059549,130.575
img_62bb470e8f17d63e54df8e2e,right,rig_d0fcdd798e9daefb6d44e850,1772726584855147008,0.9253,outdoor,0|1|2|3,Tile_1,287,0.0161659,0.0161659,1.0163,0,0.934679,-0.0161659,-0.0837184,0.0110041,122.217
img_62ded7e2c0eb75337746a1b4,right,rig_ee943dd6b5dc0ea6f147e99c,1772726509350600960,0.5837,covered,0|1|3,Tile_1,288,0.00530766,0.00530766,1.00532,0,0.934679,-0.00530766,-0.0728601,0.0412012,114
img_6400739caa04d0ac69c41527,right,rig_5916fbf9e5b59aa4a15d6852,1772726548352942848,0.7602,indoor,0|1|3,Tile_1,289,-0.637317,-0.637317,0.528709,0,0.934679,0.637317,0.569764,0.036703,72.7789
img_649f98a511547e2d01b94687,right,rig_32b1a8068abd4ccfe24bead8,1772726461347658752,0.3665,indoor,0|1|2|3,Tile_1,290,-0.209727,-0.209727,0.810805,0,0.934679,0.209727,0.142175,0.00510204,101.748
img_64fe4e65c3736b0d7b32fecb,right,rig_c6cff1a0bc4601c184ce5765,1772726526851661056,0.6629,indoor,0|1|3,Tile_1,291,0.333675,0.333675,1.39609,0,0.934679,-0.333675,-0.401227,0.0112758,93.0547
img_654224d56a5a5fc52b21d876,left,rig_ba5318699c629cc66af87c63,1772726593355632128,0.9638,outdoor,0|1|2|3,Tile_1,292,-0.0317413,-0.0317413,0.968757,0,0.934679,0.0317413,-0.0358112,0.00262649,129.826
img_6546170e68807f8e8a52ad34,left,rig_214904616a70a88658d746f2,1772726510850713856,0.5905,covered,0|1|2|3,Tile_1,293,0.0538919,0.0538919,1.05537,0,0.934679,-0.0538919,-0.121444,0.00545677,114.273
img_65f505414e53514b40c87f66,right,rig_b288ec74ca1539f772649716,1772726404344176128,0.1086,outdoor,0|1|2|3,Tile_1,294,-0.109385,-0.109385,0.896385,0,0.934679,0.109385,0.0418327,0.00744928,101.971
img_662459e85d0d8812f926ab99,left,rig_61551f3cbc92909dad638c73,1772726459847571968,0.3597,covered,0|1|2|3,Tile_1,295,-0.454279,-0.454279,0.634906,0,0.934679,0.454279,0.386726,0.0120306,98.9783
img_669111f98083cce643c39165,right,rig_3df5a96cc5f425ee41796945,1772726572854388992,0.871,indoor,0|1|2|3,Tile_1,296,0.0700195,0.0700195,1.07253,0,0.934679,-0.0700195,-0.137572,0.0079625,79.444
img_6740b2dd81f92ad3ddabaecd,right,rig_f617e13b0b17a308839b24e9,1772726495349742848,0.5204,outdoor,0|1|3,Tile_1,297,-0.535698,-0.535698,0.58526,0,0.934679,0.535698,0.468146,0.00461146,92.4198
img_6775eeb93e9fdc907d461bdf,left,rig_efef53661a0378ed55e2807f,1772726577854702080,0.8937,indoor,0|1|3,Tile_1,298,-0.682088,-0.682088,0.50556,0,0.934679,0.682088,0.614536,0.0531186,88.9832
img_6819a75fda93260e77669bee,right,rig_f2fd1bd083c3e3340c9155b2,1772726458347492864,0.3529,indoor,0|1|2|3,Tile_1,299,-0.233327,-0.233327,0.791894,0,0.934679,0.233327,0.165775,0.0218497,107.266
img_68f31368a376525690e48608,right,rig_e3b31d945474d7df98786cf7,1772726400843888896,0.0928,outdoor,0|1|2|3,Tile_1,300,-0.0467949,-0.0467949,0.954283,0,0.934679,0.0467949,-0.0207576,0.00763797,93.3378
img_692d5bbdcde19c70d8b4d819,right,rig_30e098cecdf3e677d028b972,1772726497849912832,0.5317,outdoor,0|1|3,Tile_1,301,-0.340927,-0.340927,0.711111,0,0.934679,0.340927,0.273375,0.0106041,101.035
img_69419e5adbf182700c58bb12,right,rig_99601681f6fb3541aef8004d,1772726441346459904,0.276,outdoor,0|1|2|3,Tile_1,302,-0.0803725,-0.0803725,0.922773,0,0.934679,0.0803725,0.0128201,0.00587188,121.202
img_6945a13d80ea37856cdb03cf,right,rig_e103c590c09389ae0126d79e,1772726437346190848,0.2579,outdoor,0|1|2|3,Tile_1,303,0.0098529,0.0098529,1.0099,0,0.934679,-0.0098529,-0.0774054,0.00619641,129.895
img_6957fc6391e712cf9f28468c,left,rig_8a95544bd414a0336597cf60,1772726489349388800,0.4932,covered,0|1|2|3,Tile_1,304,-0.0699076,-0.0699076,0.93248,0,0.934679,0.0699076,0.00235517,0.00287556,126.312
img_69e4bef02a10ed141acc261e,left,rig_3643b57e556caa0d5a540338,1772726459347589888,0.3575,indoor,0|1|2|3,Tile_1,305,-0.390935,-0.390935,0.676424,0,0.934679,0.390935,0.323382,0.0114192,101.079
img_6a2408035c3724c55335982f,left,rig_d6963ee8dba6eb0fb6f95ff1,1772726465347929088,0.3846,indoor,0|1|2|3,Tile_1,306,-0.440324,-0.440324,0.643828,0,0.934679,0.440324,0.372771,0.0227931,97.7776
img_6ca3ccb0981185a28e1f93dc,left,rig_b956cd29b76bd80f8e2fcff3,1772726441846500864,0.2783,outdoor,0|1|2|3,Tile_1,307,-0.696657,-0.693147,0.5,1,0.934679,0.693147,0.625595,0.00630962,96.9978
img_6d2459e72635c43c38ab9b72,left,rig_dad6414d3a0780b4bd18caeb,1772726553853328896,0.7851,indoor,1|2|3,Tile_1,308,0.158731,0.158731,1.17202,0,0.934679,-0.158731,-0.226283,0.0110041,92.1698
img_6d97759db67f18d871487e44,left,rig_3a1c49b0b99f45f0ffa75938,1772726579854817792,0.9027,indoor,0|1|3,Tile_1,309,0.00938183,0.00938183,1.00943,0,0.934679,-0.00938183,-0.0769343,0.0239253,111.652
img_6ed6c4d41155b1fef7584c54,right,rig_67a9228c1efdcd385969f983,1772726408344381952,0.1267,outdoor,0|1|2|3,Tile_1,310,-0.102654,-0.102654,0.902439,0,0.934679,0.102654,0.0351018,0.0144533,89.6649
img_6edd04890eae67b7aad63fbe,right,rig_60e8f730ae92a2e612df4c7c,1772726463347784960,0.3756,indoor,0|1|2|3,Tile_1,311,-0.136631,-0.136631,0.872292,0,0.934679,0.136631,0.0690787,0.0076757,101.511
img_6f0133802dcbba5715db2a6b,right,rig_99f5a520bc8d9a34771777a3,1772726417344945920,0.1674,outdoor,0|1|2|3,Tile_1,312,-0.0369514,-0.0369514,0.963723,0,0.934679,0.0369514,-0.0306011,0.00640774,126.264
img_6f8a41645307886414fdb6d8,left,rig_bbcd876b02050dbe22e039ec,1772726508350550016,0.5792,covered,0|1|2|3,Tile_1,313,0.149887,0.149887,1.1617,0,0.934679,-0.149887,-0.217439,0.00990973,107.441
img_70695d79bf115291f89af020,left,rig_69b32be839e545787a8f86ad,1772726511850808832,0.595,outdoor,0|1|2|3,Tile_1,314,-0.0434461,-0.0434461,0.957484,0,0.934679,0.0434461,-0.0241063,0.00508695,116.392
img_7075633227ed0e239cb80bdf,right,rig_75972693af0c6674030fbff4,1772726482849029120,0.4638,covered,0|1|2|3,Tile_1,315,-0.00498045,-0.00498045,0.995032,0,0.934679,0.00498045,-0.062572,0.0252611,122.456
img_714f4ac0cedca8648afe46e2,right,rig_ce5f04bbbfd27e2ea68e131c,1772726445846728960,0.2964,outdoor,0|1|2|3,Tile_1,316,-0.0750249,-0.0750249,0.92772,0,0.934679,0.0750249,0.00747243,0.00381144,124.42
img_71a7ea5f418376a993b7afdc,right,rig_6c1ad393c23fd7273a74566c,1772726569354188032,0.8552,indoor,1|2|3,Tile_1,317,0.115146,0.115146,1.12204,0,0.934679,-0.115146,-0.182699,0.0144155,102.232
img_729de0fdc89bc5da6f822671,right,rig_cfc18cfe48f786541e17e507,1772726431345884928,0.2308,outdoor,0|1|2|3,Tile_1,318,-0.0306055,-0.0306055,0.969858,0,0.934679,0.0306055,-0.036947,0.00422654,124.68
img_72ad41ba4c78ddfc7ef4dd7c,right,rig_1e23692547857c6754b68bdd,1772726574354477056,0.8778,indoor,0|1|2,Tile_1,319,0.412507,0.412507,1.5106,0,0.934679,-0.412507,-0.48006,0.00352463,76.0331
img_72b0880469760869c633c6c8,left,rig_ffd93b45a7c8eb804dca964f,1772726596355841024,0.9774,outdoor,0|1|2,Tile_1,320,-0.0675525,-0.0675525,0.934679,0,0.934679,0.0675525,4.16334e-17,0.00217365,127.22
img_72d329aaeffd9ca5bb751d0f,right,rig_8685b41aac1770a226eb43f6,1772726402844056832,0.1018,outdoor,0|1|2|3,Tile_1,321,-0.112452,-0.112452,0.89364,0,0.934679,0.112452,0.0449,0.0171628,106.119
img_72da77466142f9222ca9b432,right,rig_88881f0687d041c6f2099021,1772726562353859072,0.8235,indoor,1|2|3,Tile_1,322,-0.0464838,-0.0464838,0.95458,0,0.934679,0.0464838,-0.0210687,0.0118721,87.4965
img_730764b3a74203f26ba4ada6,left,rig_35081e0547a7cfcbca79dbba,1772726448846936832,0.31,outdoor,0|1|2|3,Tile_1,323,-0.139833,-0.139833,0.869504,0,0.934679,0.139833,0.0722802,0.00577376,107.706
img_732560e3ddae6ed22512b874,right,rig_1b77278a024b36d79631b868,1772726409844475136,0.1335,outdoor,0|1|2|3,Tile_1,324,-0.496011,-0.496011,0.608955,0,0.934679,0.496011,0.428459,0.00378125,80.3425
img_736215cb0d2336e90c45f014,left,rig_4e6715c571c1c91471c3c28b,1772726565353968896,0.8371,indoor,0|1|2,Tile_1,325,0.0811234,0.0811234,1.0845,0,0.934679,-0.0811234,-0.148676,0.0156005,88.9666
img_738d35da53c08f4a598d2f51,left,rig_a14eac5361ec93600b1d4f72,1772726592855638016,0.9615,outdoor,0|1|2|3,Tile_1,326,0.0177673,0.0177673,1.01793,0,0.934679,-0.0177673,-0.0853198,0.00311708,130.26
img_73f4d80d0df342e9c22fd43b,right,rig_6f63cb3e6f1715db3efb3145,1772726552853213952,0.7805,indoor,0|1|3,Tile_1,327,-0.648195,-0.648195,0.522989,0,0.934679,0.648195,0.580642,0.0283027,61.0942
img_745b8376779d3a40a84872e7,left,rig_fd5029fa6244f23a7f271048,1772726575354549760,0.8824,indoor,0|1|3,Tile_1,328,0.0223377,0.0223377,1.02259,0,0.934679,-0.0223377,-0.0898902,0.040605,103.977
img_74943b1f05f275dfa3e64b53,right,rig_a651d290576dfa06dcd5066f,1772726513350844928,0.6018,outdoor,0|1|2|3,Tile_1,329,-0.143263,-0.143263,0.866526,0,0.934679,0.143263,0.0757104,0.0164005,88.8605
img_74b928466746e82240803e26,right,rig_bb59c628595f4627352f9cf5,1772726542852616192,0.7353,indoor,0|1|3,Tile_1,330,-0.261487,-0.261487,0.769906,0,0.934679,0.261487,0.193935,0.0232082,74.0917
img_74efacc1aeb4fe0934adf511,left,rig_4bfe51f308b316471a58f4d3,1772726576854685952,0.8891,indoor,0|1|3,Tile_1,331,-0.463769,-0.463769,0.628909,0,0.934679,0.463769,0.396216,0.0648774,90.7818
img_753e568dd0cb0b359ee23e57,left,rig_f5dd1d7af2daf6378e3249b4,1772726423845337856,0.1968,outdoor,0|1|2|3,Tile_1,332,-0.347628,-0.347628,0.706361,0,0.934679,0.347628,0.280076,0.0142646,106.452
img_754e03fcb0ec2dfff08a5e4f,right,rig_d3ec7439c84909d45dd66af3,1772726496849842176,0.5271,outdoor,0|1|3,Tile_1,333,-0.539882,-0.539882,0.582817,0,0.934679,0.539882,0.472329,0.00786439,95.9011
img_756290dd6ae53ced57388fae,left,rig_f328e8b1198e7beebbc58972,1772726493849693184,0.5136,outdoor,0|1|2|3,Tile_1,334,0.0489487,0.0489487,1.05017,0,0.934679,-0.0489487,-0.116501,0.00307934,122.404
img_75a30ee17616282a88941ad2,left,rig_522ee9fc76480605b197e81b,1772726590855480064,0.9525,outdoor,0|1|2,Tile_1,335,-0.0491368,-0.0491368,0.952051,0,0.934679,0.0491368,-0.0184157,0.00315481,129.752
img_764fe29b4e1960f79bb29e3d,right,rig_3d9d76b364297e6d0323be2b,1772726394343603968,0.0633,outdoor,0|1|2|3,Tile_1,336,-0.159431,-0.159431,0.852629,0,0.934679,0.159431,0.0918785,0.0122872,110.136
img_767138f6ff85ce73dc611a99,left,rig_10999e61705fcb5317bcce18,1772726507350515968,0.5747,covered,0|1|2|3,Tile_1,337,0.148615,0.148615,1.16023,0,0.934679,-0.148615,-0.216167,0.00623415,99.2435
img_769f7332c72ccca1e08d266b,left,rig_675eeb0cbecc3b94dff85183,1772726567354110976,0.8462,indoor,0|1|2|3,Tile_1,338,0.166492,0.166492,1.18115,0,0.934679,-0.166492,-0.234045,0.0255102,89.8376
img_76ca13299aa4657ab76c685e,left,rig_7efa8cac190f48b14d87776f,1772726480348849152,0.4525,covered,0|1|2,Tile_1,339,-0.0722277,-0.0722277,0.930319,0,0.934679,0.0722277,0.00467527,0.00217365,117.698
img_77098503d4402a0360da6d34,right,rig_9fc13daa2646d960710abb93,1772726472348363776,0.4163,covered,0|1|2|3,Tile_1,340,-0.168999,-0.168999,0.84451,0,0.934679,0.168999,0.101446,0.00720776,119.562
img_77219089d0772978b6821983,left,rig_30e098cecdf3e677d028b972,1772726497849928960,0.5317,outdoor,0|1|2|3,Tile_1,341,-0.0755627,-0.0755627,0.927222,0,0.934679,0.0755627,0.00801026,0.0016076,121.202
img_77ed34b0126642eb21004da8,right,rig_cadcf89307b35ca8d6de3827,1772726390343308032,0.0452,outdoor,0|1|2|3,Tile_1,342,-0.111864,-0.111864,0.894166,0,0.934679,0.111864,0.0443117,0.0152986,109.766
img_780059d915b011a5bd08b6b7,right,rig_7ee093cfd4a4a20579ebc37a,1772726513850872064,0.6041,outdoor,0|1|2|3,Tile_1,343,0.030621,0.030621,1.03109,0,0.934679,-0.030621,-0.0981734,0.0185138,95.4782
img_783c40ea973d77f89e68bd01,right,rig_18ad96609b9bcb22a55e0903,1772726566354014976,0.8416,indoor,1|2|3,Tile_1,344,-0.00629874,-0.00629874,0.993721,0,0.934679,0.00629874,-0.0612537,0.00705682,93.5534
img_789243cb60bd90423c2cc36f,right,rig_6a5d942215c501958c71318c,1772726418845048832,0.1742,outdoor,0|1|2|3,Tile_1,345,-0.0110318,-0.0110318,0.989029,0,0.934679,0.0110318,-0.0565206,0.00523789,125.702
img_78a3f1935a07eebf17609099,right,rig_5bc34c2fed18618a32e97745,1772726448346888960,0.3077,outdoor,0|1|2|3,Tile_1,346,-0.0505945,-0.0505945,0.950664,0,0.934679,0.0505945,-0.016958,0.00427937,121.402
img_790005ba0043de4a43aaf92c,left,rig_2eceaef844c68e4af5ba152c,1772726464347859968,0.3801,indoor,0|1|3,Tile_1,347,-0.291675,-0.291675,0.747011,0,0.934679,0.291675,0.224123,0.0242951,98.2322
img_7a41592105a1e385ea290380,right,rig_497c4abbdddec44fc1e5c68e,1772726410844537856,0.138,outdoor,0|1|2|3,Tile_1,348,-0.0371311,-0.0371311,0.96355,0,0.934679,0.0371311,-0.0304214,0.0345973,105.857
img_7bb3380ce80f1bc1d599c623,right,rig_5db1eaca76128be874ae3761,1772726492349608960,0.5068,covered,0|1|3,Tile_1,349,-0.509745,-0.509745,0.600649,0,0.934679,0.509745,0.442192,0.00818893,96.4446
img_7bd154c88477cf14f3e327e8,right,rig_cae275c40aa549790e52fd20,1772726545352769024,0.7466,indoor,0|1|3,Tile_1,350,-0.357004,-0.357004,0.69977,0,0.934679,0.357004,0.289451,0.0261517,73.1514
img_7c194d874150e53dc7911d70,right,rig_57c2ba4c8eedc151ab23a032,1772726509850633984,0.586,covered,0|1|2|3,Tile_1,351,-0.0584372,-0.0584372,0.943237,0,0.934679,0.0584372,-0.00911529,0.0414352,108.036
img_7c4bd9a8b55c8f86fa134466,right,rig_8e3bbcc1620e7105fa423668,1772726534352160000,0.6968,indoor,0|1|2|3,Tile_1,352,0.297868,0.297868,1.34698,0,0.934679,-0.297868,-0.36542,0.0233818,98.7528
img_7c515910e5b2babce47b2d20,left,rig_dee50a77658b8fc7cdc87a21,1772726587855303168,0.9389,outdoor,0|1|2,Tile_1,353,-0.0834655,-0.0834655,0.919923,0,0.934679,0.0834655,0.015913,0.000445296,116.108
img_7cbdf15076430dd9350f81b8,right,rig_0ef9dbc241cdbcffd9ef8830,1772726387343147008,0.0317,stationary_unresolved,0|1|2|3,Tile_1,354,0.0157446,0.0157446,1.01587,0,0.934679,-0.0157446,-0.083297,0.0108154,114.421
img_7cbe47c2fcf912025e6a1750,right,rig_e615de20b17fa11c9c697b26,1772726573354415872,0.8733,indoor,0|1|2|3,Tile_1,355,0.152428,0.152428,1.16466,0,0.934679,-0.152428,-0.21998,0.00793231,75.539
img_7ce21959ed0341af67a18655,right,rig_a8b7714d368911bee760906e,1772726552353229056,0.7783,indoor,0|1|3,Tile_1,356,-0.724427,-0.693147,0.5,1,0.934679,0.693147,0.625595,0.0294499,62.0208
img_7d6f42b0bce05fe141244829,right,rig_8895a9a6f5acbf57a1c1a144,1772726442846546944,0.2828,outdoor,0|1|2|3,Tile_1,357,-0.245543,-0.245543,0.78228,0,0.934679,0.245543,0.17799,0.00599263,119.071
img_7dcdf9e8d78797e6f40a6690,right,rig_4632608bd59f3269d67c0a56,1772726578354714880,0.8959,indoor,0|1|2,Tile_1,358,0.0669019,0.0669019,1.06919,0,0.934679,-0.0669019,-0.134454,0.0361218,106.695
img_7e1c9e745aed152b1e706429,right,rig_f8e970507b82986a3831673c,1772726393843569920,0.0611,outdoor,0|1|2|3,Tile_1,359,-0.0821145,-0.0821145,0.921166,0,0.934679,0.0821145,0.014562,0.0140533,110.545
img_7e5fa33d0d13a5a9e8727f84,right,rig_73278438c5987edce280624d,1772726405344205824,0.1131,outdoor,0|1|2|3,Tile_1,360,0.0100685,0.0100685,1.01012,0,0.934679,-0.0100685,-0.077621,0.0223403,109.697
img_7eb69cbcb3cfc4f6f4283b99,right,rig_f50ee5341312269e69fe7892,1772726542352633088,0.733,indoor,0|1|2|3,Tile_1,361,-0.274242,-0.274242,0.760148,0,0.934679,0.274242,0.206689,0.0212308,72.5188
img_8025ffd18b089ef27d299a02,right,rig_3b08745339cf8d14f6aec219,1772726430845890048,0.2285,outdoor,0|1|2|3,Tile_1,362,-0.0732731,-0.0732731,0.929347,0,0.934679,0.0732731,0.00572065,0.00403031,124.378
img_8034bee18078f34322ce32c4,right,rig_0d54a9615cbd3ca2a4fd9201,1772726468848142848,0.4005,indoor,0|1|2,Tile_1,363,0.0572932,0.0572932,1.05897,0,0.934679,-0.0572932,-0.124846,0.0209289,119.955
img_8090a41117eb65d08a63dfb6,left,rig_a6081c1007b9caf70b92b37c,1772726466347998976,0.3891,indoor,0|1|2|3,Tile_1,364,-0.252104,-0.252104,0.777164,0,0.934679,0.252104,0.184552,0.0257442,98.6824
img_80940ca2f4c06ff631233746,right,rig_06b48d05e685561591643b16,1772726386843112960,0.0294,stationary_unresolved,0|1|2|3,Tile_1,365,-0.00327284,-0.00327284,0.996733,0,0.934679,0.00327284,-0.0642796,0.0107777,114.542
img_809b1e32b82c29585751f38a,left,rig_17ce22fa282acba5bd402357,1772726546352840960,0.7511,indoor,1|2|3,Tile_1,366,0.0551849,0.0551849,1.05674,0,0.934679,-0.0551849,-0.122737,0.0130117,101.19
img_80df250f9970d79b3541dfbf,right,rig_69c73ab5587f94c045ee516e,1772726533352098816,0.6923,indoor,0|1|3,Tile_1,367,0.293438,0.293438,1.34103,0,0.934679,-0.293438,-0.360991,0.0189742,101.583
img_8123b95a19d4d38c968b46a6,right,rig_ef5c8187f0bb37e1cf8995b4,1772726475348558848,0.4299,outdoor,0|1|2|3,Tile_1,368,-0.0897421,-0.0897421,0.914167,0,0.934679,0.0897421,0.0221896,0.0227856,118.653
img_82d9fb8847d38ab47a5fd588,left,rig_4b1ec4e3e45bd3dd1eeed80c,1772726477848705024,0.4412,outdoor,0|1|2,Tile_1,369,-0.0807633,-0.0807633,0.922412,0,0.934679,0.0807633,0.0132108,0.0205138,129.037
img_838c23e27b7d0914a3d56cc1,left,rig_f617e13b0b17a308839b24e9,1772726495349758976,0.5204,outdoor,0|1|2|3,Tile_1,370,0.0187246,0.0187246,1.0189,0,0.934679,-0.0187246,-0.0862771,0.00301896,122.991
img_8445df47b782669dc1b90367,right,rig_683015a639244cc715d9d250,1772726464847874816,0.3824,indoor,0|1|2|3,Tile_1,371,0.115341,0.115341,1.12226,0,0.934679,-0.115341,-0.182894,0.00652095,103.843
img_8448119d6dd039f747f28fad,right,rig_51dfbc6b06cba9f68f051556,1772726381342714112,0.0045,stationary_unresolved,0|1|2|3,Tile_1,372,0.0367672,0.0367672,1.03745,0,0.934679,-0.0367672,-0.10432,0.0109286,114.658
img_844c2dcd66a9f0b1ea61b610,left,rig_4632608bd59f3269d67c0a56,1772726578354730752,0.8959,indoor,0|1|3,Tile_1,373,-0.727892,-0.693147,0.5,1,0.934679,0.693147,0.625595,0.0340539,92.2773
img_84697fc9c6f4c5bed7b7f5e7,left,rig_7f979503308dbb5497dc8184,1772726547852930048,0.7579,indoor,1|2|3,Tile_1,374,0.0156848,0.0156848,1.01581,0,0.934679,-0.0156848,-0.0832373,0.0112079,91.4072
img_84c4dd47f20c39c3503715c4,left,rig_b80565635f69091466b4cc32,1772726553353296128,0.7828,indoor,1|2|3,Tile_1,375,0.0811234,0.0811234,1.0845,0,0.934679,-0.0811234,-0.148676,0.0105437,92.5985
img_84dc5ebb65e295c784cd23a8,left,rig_9d95aa2abfb26fc1498a5395,1772726447346840832,0.3032,outdoor,0|1|3,Tile_1,376,-0.199423,-0.199423,0.819203,0,0.934679,0.199423,0.13187,0.0075323,109.022
img_854fa679dccac7d7e0b62e14,left,rig_3d9e538c8670b6985619e201,1772726498850016000,0.5362,outdoor,0|1|2|3,Tile_1,377,-0.0664463,-0.0664463,0.935713,0,0.934679,0.0664463,-0.0011062,0.000935877,120.234
img_85721e8fec7e71b7c7f73a5a,left,rig_b5687b0cb5abac30ed7f48ac,1772726426345499904,0.2081,outdoor,0|1|3,Tile_1,378,-0.328674,-0.328674,0.719877,0,0.934679,0.328674,0.261122,0.0101965,106.407
img_85a543b7c72c048e16fcfee4,left,rig_2a055bfd636f7d211ae0a779,1772726476848726016,0.4367,outdoor,0|1|2,Tile_1,379,-0.033907,-0.033907,0.966661,0,0.934679,0.033907,-0.0336455,0.00686058,124.268
img_85e78662bf093fa213534df1,right,rig_a576337316816313a8efe5fa,1772726597855890944,0.9842,outdoor,0|1|2|3,Tile_1,380,-0.457053,-0.457053,0.633147,0,0.934679,0.457053,0.389501,0.00999275,100.727
img_864756b6e6d7af01e546481e,right,rig_0c8aaeaf8cc9714a437895cb,1772726391343368960,0.0498,outdoor,0|1|2|3,Tile_1,381,0.033361,0.033361,1.03392,0,0.934679,-0.033361,-0.100913,0.0152533,112.606
img_864f94111ef95cfcf74e9828,right,rig_fdc0fa397462e41f7b7a979b,1772726421345256960,0.1855,outdoor,0|1|2|3,Tile_1,382,-0.0977642,-0.0977642,0.906863,0,0.934679,0.0977642,0.0302117,0.00092833,119.598
img_86575fe5a65f1c1856691512,right,rig_325fa81b9d3269e8ec77d8ed,1772726588355316992,0.9412,outdoor,0|1|2|3,Tile_1,383,0.000228139,0.000228139,1.00023,0,0.934679,-0.000228139,-0.0677806,0.0449221,132.067
img_873f8a46b4f56524c493f90f,left,rig_62d2ba632bb86ef1b9ad4845,1772726497349894144,0.5294,outdoor,0|1|2|3,Tile_1,384,-0.0721082,-0.0721082,0.93043,0,0.934679,0.0721082,0.00455573,0.00195478,121.76
img_876fed3a87ac79c0d63a1017,right,rig_91b93595f9dd2b17759817f5,1772726471348340992,0.4118,covered,0|1|2,Tile_1,385,-0.38605,-0.38605,0.679737,0,0.934679,0.38605,0.318497,0.00529073,108.311
img_87edfad3f6901cbaccb73eb1,right,rig_4b1ec4e3e45bd3dd1eeed80c,1772726477848688896,0.4412,outdoor,0|1|2|3,Tile_1,386,-0.0484726,-0.0484726,0.952683,0,0.934679,0.0484726,-0.0190799,0.00491336,117.84
img_88226fd046cc5356cc68c8ec,right,rig_efcd62d71c5d28e141da5cb3,1772726398843760896,0.0837,outdoor,0|1|2|3,Tile_1,387,-0.0594088,-0.0594088,0.942321,0,0.934679,0.0594088,-0.00814369,0.0180156,106.671
img_88f56dd83ab43bbefa88be99,left,rig_7b7a57d6184106ae9aedf6f9,1772726499850046976,0.5407,outdoor,0|1|2|3,Tile_1,388,-0.0720078,-0.0720078,0.930524,0,0.934679,0.0720078,0.00445528,0.00123023,121.846
img_899fdb6f39652cc58649d147,right,rig_90ae543fbb5ad945f5a42e17,1772726537352364032,0.7104,indoor,0|1|2,Tile_1,389,-0.332453,-0.332453,0.717162,0,0.934679,0.332453,0.264901,0.0116758,79.1415
img_89a641da0fa44949a2822d47,right,rig_f5dd1d7af2daf6378e3249b4,1772726423845319936,0.1968,outdoor,0|1|2|3,Tile_1,390,-0.156303,-0.156303,0.8553,0,0.934679,0.156303,0.0887505,0.00153967,121.483
img_89dbae486825e8e491b2f107,right,rig_91fc1ab762411955ff6045b9,1772726583355017984,0.9186,covered,0|1|2,Tile_1,391,-0.193339,-0.193339,0.824203,0,0.934679,0.193339,0.125786,0.00674737,111.302
img_8a5782154627496067ab070d,right,rig_77f65590b82898143d4b614f,1772726415844847872,0.1606,outdoor,0|1|2|3,Tile_1,392,-0.142207,-0.142207,0.867441,0,0.934679,0.142207,0.0746548,0.00483033,119.455
img_8a836ae7085e580269664f4b,right,rig_44a497d2cddd76ad8dc46b77,1772726586355254016,0.9321,outdoor,0|1|2|3,Tile_1,393,0.0686305,0.0686305,1.07104,0,0.934679,-0.0686305,-0.136183,0.0127249,127.34
img_8b86a5f7e66ce5098ea7120a,right,rig_313632335919463682d800b2,1772726491349501952,0.5023,covered,0|1|2|3,Tile_1,394,-0.480356,-0.480356,0.618563,0,0.934679,0.480356,0.412803,0.00863422,99.1285
img_8bdef04bbeeb5f84aab07251,left,rig_c6d39b13c662c182cb5e41b6,1772726598355931904,0.9864,indoor,0|1|2,Tile_1,395,-0.017928,-0.017928,0.982232,0,0.934679,0.017928,-0.0496245,0.00464165,114.957
img_8c2af5819c98a4c49838403d,right,rig_392adee9b1d023baeac738a4,1772726519851233024,0.6312,outdoor,0|1|2|3,Tile_1,396,-0.0237968,-0.0237968,0.976484,0,0.934679,0.0237968,-0.0437556,0.0283103,101.843
img_8c3e6079842882b7a563f29e,right,rig_3a1c49b0b99f45f0ffa75938,1772726579854802944,0.9027,indoor,0|1|2,Tile_1,397,0.015654,0.015654,1.01578,0,0.934679,-0.015654,-0.0832065,0.0206723,115.559
img_8c80111aab308428694788f4,right,rig_1cb9c5d4c879116ef855a1a5,1772726401843961088,0.0973,outdoor,0|1|2|3,Tile_1,398,-0.12109,-0.12109,0.885954,0,0.934679,0.12109,0.0535376,0.01871,103.789
img_8cb5b725b7b6ad962fac04a5,right,rig_38381b3fc18c826f13eeff77,1772726432846006784,0.2376,outdoor,0|1|2|3,Tile_1,399,0.00145457,0.00145457,1.00146,0,0.934679,-0.00145457,-0.069007,0.00473977,128.468
img_8cd89f371a942c3c6c92b440,left,rig_8e1b5e3e3f305e48552bbd59,1772726485349150976,0.4751,covered,0|1|2,Tile_1,400,-0.0207191,-0.0207191,0.979494,0,0.934679,0.0207191,-0.0468334,0.00219629,127.17
img_8d2055f12af7808e4abb1128,left,rig_3df5a96cc5f425ee41796945,1772726572854402048,0.871,indoor,0|1|3,Tile_1,401,-0.291727,-0.291727,0.746973,0,0.934679,0.291727,0.224174,0.0163854,52.3745
img_8d2653f0e92eb51552d9d708,right,rig_499c71c63328b454a4c529ad,1772726438846304000,0.2647,outdoor,0|1|2|3,Tile_1,402,-0.0278424,-0.0278424,0.972542,0,0.934679,0.0278424,-0.0397101,0.00657378,128.453
img_8e7406ac1d20129cfb445559,right,rig_f5d85a923d4d655269390443,1772726583855046912,0.9208,covered,0|1|2,Tile_1,403,-0.127112,-0.127112,0.880635,0,0.934679,0.127112,0.0595598,0.00252838,113.835
img_8ef82436b387ffb945bf91a5,right,rig_4c0225da8a77199deca115fd,1772726566854084864,0.8439,indoor,1|2|3,Tile_1,404,0.0405175,0.0405175,1.04135,0,0.934679,-0.0405175,-0.10807,0.00529827,94.1234
img_8efe5cca9c8833e14b9d60ff,left,rig_a9078c41c0a096c560d438f1,1772726462847769856,0.3733,indoor,0|1|2|3,Tile_1,405,-0.400408,-0.400408,0.670047,0,0.934679,0.400408,0.332855,0.0214799,96.1566
img_8f0e7759dc55f86773c50f2b,right,rig_1bee9a2dc1fc8f2952ede860,1772726475848583936,0.4321,outdoor,0|1|2|3,Tile_1,406,-0.0822674,-0.0822674,0.921026,0,0.934679,0.0822674,0.0147149,0.0186043,116.403
img_90c01a0a342d72f043a54865,right,rig_69c65f7075f6f69eff3108cd,1772726599856006912,0.9932,stationary_unresolved,0|1|2|3,Tile_1,407,-0.349188,-0.349188,0.705261,0,0.934679,0.349188,0.281635,0.0115022,105.801
img_90c4c943ac74ab146341b73c,right,rig_4e6715c571c1c91471c3c28b,1772726565353952768,0.8371,indoor,1|2|3,Tile_1,408,-0.0320236,-0.0320236,0.968484,0,0.934679,0.0320236,-0.0355289,0.0162043,92.4391
img_90eea4dd5eaa99d0803f2f7d,right,rig_489762f527d5662e4bef440b,1772726456847405056,0.3462,covered,0|1|2|3,Tile_1,409,-0.534822,-0.534822,0.585773,0,0.934679,0.534822,0.46727,0.0015925,83.532
img_9294bdfdfc421be19feca3a8,right,rig_5bd893355a78101c356da067,1772726481848922880,0.4593,covered,0|1|2|3,Tile_1,410,-0.00539013,-0.00539013,0.994624,0,0.934679,0.00539013,-0.0621623,0.0154571,118.924
img_92dd1fda516c07508a76a56c,right,rig_a3034e10afdfd13c3bb3b127,1772726401343922944,0.095,outdoor,0|1|2|3,Tile_1,411,0.0255687,0.0255687,1.0259,0,0.934679,-0.0255687,-0.0931211,0.019661,106.583
img_93526b49c3d4ea71e085b123,left,rig_3960b36ac8ce3239da9d48e4,1772726425845465856,0.2059,outdoor,0|1|3,Tile_1,412,-0.333923,-0.333923,0.716109,0,0.934679,0.333923,0.26637,0.0132457,105.573
img_94448b4974045a36f76fb520,right,rig_475020cf2c7c50962fbaae56,1772726514850932736,0.6086,outdoor,0|1|2|3,Tile_1,413,-0.0400159,-0.0400159,0.960774,0,0.934679,0.0400159,-0.0275366,0.0235403,100.137
img_94927e44b477e8913c19b6ca,right,rig_b7a1dcca113aef53dd74f487,1772726486349238784,0.4796,covered,0|1|2|3,Tile_1,414,-0.312725,-0.312725,0.731451,0,0.934679,0.312725,0.245172,0.0185062,106.072
img_94e02476ceafeb0eb6a0b463,right,rig_b63838d545636c8ddf8b3e09,1772726470848311808,0.4095,indoor,0|1|2,Tile_1,415,-0.429567,-0.429567,0.650791,0,0.934679,0.429567,0.362014,0.00933613,110.673
img_953b301eedea931f01d7519b,left,rig_57c2ba4c8eedc151ab23a032,1772726509850650112,0.586,covered,0|1|2|3,Tile_1,416,0.0778186,0.0778186,1.08093,0,0.934679,-0.0778186,-0.145371,0.0106192,117.059
img_954f086e75547572ac933571,left,rig_a1697c621b1dd2f46054211e,1772726424845409792,0.2014,outdoor,0|1|2|3,Tile_1,417,-0.329144,-0.329144,0.71954,0,0.934679,0.329144,0.261591,0.0134947,105.558
img_9633e8945f2c59ccce41f434,left,rig_e98573ad02fccb17e2acf042,1772726481348909824,0.457,covered,0|1|2,Tile_1,418,-0.0618974,-0.0618974,0.939979,0,0.934679,0.0618974,-0.00565508,0.0011472,118.65
img_963a1658563cdcae13dded91,left,rig_e9da6b15668a54354ee2535d,1772726482348969984,0.4615,covered,0|1|2,Tile_1,419,0.0607193,0.0607193,1.0626,0,0.934679,-0.0607193,-0.128272,0.00139627,124.021
img_96ec06089b236e99424a6f3b,left,rig_5bc34c2fed18618a32e97745,1772726448346905088,0.3077,outdoor,0|1|2|3,Tile_1,420,-0.225244,-0.225244,0.798321,0,0.934679,0.225244,0.157692,0.00446806,105.853
img_975693a59615e9b56e83fb87,right,rig_1dec5dd5563196de35e6f643,1772726532852074752,0.69,indoor,0|1|3,Tile_1,421,0.334837,0.334837,1.39771,0,0.934679,-0.334837,-0.402389,0.0192006,103.136
img_977b8a805006c0e5b74cbe6d,right,rig_8e1b5e3e3f305e48552bbd59,1772726485349135872,0.4751,covered,0|1|2|3,Tile_1,422,-0.344374,-0.344374,0.708664,0,0.934679,0.344374,0.276822,0.01831,107.469
img_979bfd5fa0f6aaab6792aa9a,left,rig_abf4a71f8bd95682baa5944c,1772726515350981120,0.6109,outdoor,1|2|3,Tile_1,423,0.0272996,0.0272996,1.02768,0,0.934679,-0.0272996,-0.0948521,0.00560772,108.644
img_98bb570ecf462a8b29f1009a,right,rig_63b1b61f95c59794d3396860,1772726427345547008,0.2127,outdoor,0|1|2|3,Tile_1,424,-0.0790828,-0.0790828,0.923963,0,0.934679,0.0790828,0.0115303,0.00110192,122.291
img_98f96242d8c202d61ed3e10a,left,rig_67298aabd7f28fa9d9b15387,1772726457347449088,0.3484,covered,0|1|2|3,Tile_1,425,-0.374186,-0.374186,0.687849,0,0.934679,0.374186,0.306633,0.00510204,112.367
img_98fbe7ea8fe6d8ecf2b8b9d7,right,rig_2dcb1105a9bc83267ba2531f,1772726600356036864,0.9955,stationary_unresolved,0|1|2|3,Tile_1,426,-0.332472,-0.332472,0.717148,0,0.934679,0.332472,0.26492,0.011306,105.648
img_99068fd6187eaec18010aec9,right,rig_eab71990738eceee3836f663,1772726580354832896,0.905,indoor,0|1|2,Tile_1,427,-0.0234445,-0.0234445,0.976828,0,0.934679,0.0234445,-0.0441079,0.0194723,112.586
img_9962d88cb31eac6975120aa9,left,rig_ef5c8187f0bb37e1cf8995b4,1772726475348614912,0.4299,outdoor,0|1|2,Tile_1,428,-0.14788,-0.14788,0.862534,0,0.934679,0.14788,0.0803277,0.00181138,115.06
img_998fac7e5f651da4c2cd8d17,right,rig_8376cf6ed2d267b6372abc97,1772726385843104768,0.0249,stationary_unresolved,0|1|2|3,Tile_1,429,-0.00318868,-0.00318868,0.996816,0,0.934679,0.00318868,-0.0643638,0.0107701,114.464
img_99b7912c3fb02b71077e5347,left,rig_2dcb1105a9bc83267ba2531f,1772726600356051968,0.9955,stationary_unresolved,0|1|2,Tile_1,430,0.0582092,0.0582092,1.05994,0,0.934679,-0.0582092,-0.125762,0.00537375,113.464
img_99cab519f1ef124e4b6289fd,right,rig_61ddcb249fb315d6b3a7c599,1772726522351382016,0.6425,outdoor,0|1|2|3,Tile_1,431,-0.117444,-0.117444,0.88919,0,0.934679,0.117444,0.0498918,0.0133136,90.7034
img_99d41f95d5644a7003fc4ed6,left,rig_2aefb045eb2673e7be71d02a,1772726540852517888,0.7262,indoor,0|1|3,Tile_1,432,-0.122795,-0.122795,0.884445,0,0.934679,0.122795,0.0552421,0.0321444,89.7702
img_99ff5b55953852c01f3971b3,right,rig_0eb3371c1a9cf742253ad85d,1772726539852445952,0.7217,indoor,0|1|2,Tile_1,433,-0.262748,-0.262748,0.768936,0,0.934679,0.262748,0.195195,0.0255253,79.9159
img_9a02444f21bdbcb3a9eda962,left,rig_71ae938deaaa4b9c6973bf08,1772726485849179136,0.4774,covered,0|1|2,Tile_1,434,0.0947994,0.0947994,1.09944,0,0.934679,-0.0947994,-0.162352,0.00178119,125.824
img_9b00be96662f65f6e44b8ae9,right,rig_6fa23521d90b426cbd139334,1772726521851394816,0.6403,outdoor,0|1|2|3,Tile_1,435,-0.12962,-0.12962,0.878429,0,0.934679,0.12962,0.0620674,0.0146118,90.6929
img_9b81a0f6a1bf887a91ae2d98,left,rig_489762f527d5662e4bef440b,1772726456847420928,0.3462,covered,0|1|2|3,Tile_1,436,-0.370687,-0.370687,0.69026,0,0.934679,0.370687,0.303134,0.00221139,113.68
img_9b8b69704375b186076619ee,right,rig_7b7a57d6184106ae9aedf6f9,1772726499850030848,0.5407,outdoor,0|1|3,Tile_1,437,-0.319207,-0.319207,0.726725,0,0.934679,0.319207,0.251655,0.00946444,102.257
img_9c271c30d50fb06f24be9e36,right,rig_3c9b5164bc1951213a7933b9,1772726528351819008,0.6697,indoor,0|1|3,Tile_1,438,0.476002,0.476002,1.60963,0,0.934679,-0.476002,-0.543554,0.0199176,106.584
img_9cc72b24cfc01e68bb74537b,right,rig_b5f4408ea9ce288b4ad01045,1772726413844727040,0.1516,outdoor,0|1|2|3,Tile_1,439,-0.196211,-0.196211,0.821838,0,0.934679,0.196211,0.128659,0.0166647,107.447
img_9d11a004e9202f7dd1430bdc,left,rig_a269c1f9931fa5f01c0c3525,1772726422345299968,0.19,outdoor,0|1|3,Tile_1,440,-0.333714,-0.333714,0.716259,0,0.934679,0.333714,0.266161,0.0125438,106.82
img_9d2169dd4ead7e93fd64a667,left,rig_16e86f8952d26123cc30a803,1772726527351708928,0.6652,indoor,1|2|3,Tile_1,441,-0.149545,-0.149545,0.8611,0,0.934679,0.149545,0.0819923,0.00779646,72.1823
img_9ee9430204cbc4d2cbd30ed3,right,rig_8c9df4cc0f7e042daa4d11b5,1772726462347724032,0.371,indoor,0|1|2|3,Tile_1,442,-0.299651,-0.299651,0.741077,0,0.934679,0.299651,0.232098,0.00663416,102.081
img_9eeaefa15ae4a16e7247811e,right,rig_a5c8751d41a665d69d33986e,1772726530351940864,0.6787,indoor,0|1|3,Tile_1,443,0.267361,0.267361,1.30651,0,0.934679,-0.267361,-0.334913,0.0263253,99.1892
img_9f8e6e6735bab2261cf49998,right,rig_8bde27053478a07cd47f4415,1772726399343814912,0.086,outdoor,0|1|2|3,Tile_1,444,-0.0909382,-0.0909382,0.913074,0,0.934679,0.0909382,0.0233857,0.0187855,104.207
img_9fc13fc6b2a89839552d140b,right,rig_a9f7d98bdef46fd501af8b17,1772726520351264000,0.6335,outdoor,0|1|2|3,Tile_1,445,0.0379068,0.0379068,1.03863,0,0.934679,-0.0379068,-0.105459,0.0203176,95.4561
img_9fdb192a6cce5207a022ddf4,left,rig_7dd4daacf866047206cfc7cd,1772726587355271936,0.9367,outdoor,0|1|2,Tile_1,446,-0.0982823,-0.0982823,0.906393,0,0.934679,0.0982823,0.0307298,0.00192459,111.291
img_9ffea0abbf2eabd75d38e11e,left,rig_c6cff1a0bc4601c184ce5765,1772726526851676928,0.6629,indoor,1|2|3,Tile_1,447,-0.139533,-0.139533,0.869764,0,0.934679,0.139533,0.0719807,0.00911726,76.9011
img_a022d4ac11daef96817ffead,right,rig_57abffbe71119b953b048e03,1772726514350947840,0.6063,outdoor,0|1|2|3,Tile_1,448,-0.0619527,-0.0619527,0.939927,0,0.934679,0.0619527,-0.00559974,0.0231781,98.9492
img_a14105de462c87fe3f894b4d,right,rig_fecabf1f0df1d4efe3758382,1772726410344506880,0.1357,outdoor,0|1|2|3,Tile_1,449,-0.0897032,-0.0897032,0.914202,0,0.934679,0.0897032,0.0221508,0.0174345,96.0205
img_a1f74d52ddf18a7b95f8fb82,right,rig_8aab95e150e309add8a41d73,1772726443346631936,0.2851,outdoor,0|1|2|3,Tile_1,450,-0.0991601,-0.0991601,0.905598,0,0.934679,0.0991601,0.0316077,0.00627189,120.901
img_a21e76e673caa3f2f9ac6c92,right,rig_1cc1bd00f27f66174cd517e6,1772726582354951936,0.914,indoor,0|1|2,Tile_1,451,-0.192636,-0.192636,0.824782,0,0.934679,0.192636,0.125083,0.035903,113.507
img_a2dfad8a426ffd116653cba3,right,rig_8dc919a038e91363f01ee701,1772726562853868032,0.8258,indoor,1|2|3,Tile_1,452,0.0121855,0.0121855,1.01226,0,0.934679,-0.0121855,-0.079738,0.0121513,90.9412
img_a2e7e9dbb51942d5d12a742f,left,rig_07365b42985639b762ddee0a,1772726536352329984,0.7059,indoor,0|1|2|3,Tile_1,453,-0.625057,-0.625057,0.535231,0,0.934679,0.625057,0.557504,0.00964557,60.1354
img_a2ef0a0058461539f6d32279,right,rig_edcce550aec0ad3c1825731d,1772726417844980992,0.1697,outdoor,0|1|2|3,Tile_1,454,-0.0483064,-0.0483064,0.952842,0,0.934679,0.0483064,-0.0192461,0.00621151,126.715
img_a34bf12eed338786d18daa62,left,rig_815b5dd557cc5801e2725257,1772726524351521024,0.6516,indoor,1|2|3,Tile_1,455,-0.037771,-0.037771,0.962933,0,0.934679,0.037771,-0.0297815,0.00776627,79.9327
img_a3cc951b233b580ed90eef07,left,rig_325fa81b9d3269e8ec77d8ed,1772726588355331840,0.9412,outdoor,0|1|2,Tile_1,456,0.0272833,0.0272833,1.02766,0,0.934679,-0.0272833,-0.0948358,0.0017359,123.725
img_a415e25dd2ef27ecc5a4e82a,right,rig_d6963ee8dba6eb0fb6f95ff1,1772726465347912960,0.3846,indoor,0|1|2|3,Tile_1,457,0.0807675,0.0807675,1.08412,0,0.934679,-0.0807675,-0.14832,0.00778891,107.297
img_a43232d113b6f9e20c343e11,left,rig_4fdb0f6024349585e6749f6c,1772726503850278912,0.5588,outdoor,0|1|2|3,Tile_1,458,-0.114246,-0.114246,0.892038,0,0.934679,0.114246,0.0466936,0.0119853,122.053
img_a49f9bef3e593948cf72d9a1,left,rig_9270bb45deabba98f3d35bfa,1772726422845305856,0.1923,outdoor,0|1|3,Tile_1,459,-0.301301,-0.301301,0.739855,0,0.934679,0.301301,0.233749,0.0130872,106.564
img_a4bc513964ab0170b07c28bc,right,rig_c95956aed608037d72998ed8,1772726412844669952,0.1471,outdoor,0|1|2|3,Tile_1,460,-0.173642,-0.173642,0.840598,0,0.934679,0.173642,0.106089,0.0193591,105.377
img_a55455197d4f2ef471861034,right,rig_15351bdd38b5f8052a7c981c,1772726526351633152,0.6606,indoor,0|1|3,Tile_1,461,0.313115,0.313115,1.36768,0,0.934679,-0.313115,-0.380667,0.00772099,81.8331
img_a582079f26f392696e22c9e8,left,rig_edc3bafffda033f20b96d6e7,1772726564353956864,0.8326,indoor,0|1|2|3,Tile_1,462,0.00872673,0.00872673,1.00876,0,0.934679,-0.00872673,-0.0762792,0.0114947,87.5955
img_a6864217916e2f53d62d8977,right,rig_62d2ba632bb86ef1b9ad4845,1772726497349878016,0.5294,outdoor,0|1|3,Tile_1,463,-0.454106,-0.454106,0.635016,0,0.934679,0.454106,0.386553,0.00736626,97.7157
img_a6e40bded3c9f2217bdca885,left,rig_5f69d828774526ed0ca7afd8,1772726544352721920,0.7421,indoor,1|2|3,Tile_1,464,0.0292225,0.0292225,1.02965,0,0.934679,-0.0292225,-0.096775,0.0134721,99.9114
img_a70b864456069a8a04299a32,left,rig_d87764c773928f6cedabc5b1,1772726591355510016,0.9548,outdoor,0|1|2,Tile_1,465,0.0303139,0.0303139,1.03078,0,0.934679,-0.0303139,-0.0978663,0.00323783,129.978
img_a7702c940d1875989ae07bb5,right,rig_3b41916b103981a8eccd4f43,1772726574854508032,0.8801,indoor,0|1|2,Tile_1,466,0.484651,0.484651,1.62361,0,0.934679,-0.484651,-0.552203,0.00880027,91.6205
img_a81fedc93cf86c096628e077,left,rig_08081db25aa286b3c2771e0f,1772726589355390976,0.9457,outdoor,0|1|2,Tile_1,467,-0.0139587,-0.0139587,0.986138,0,0.934679,0.0139587,-0.0535937,0.00395484,129.01
img_a82e5ed8936520040da5595f,right,rig_61551f3cbc92909dad638c73,1772726459847555840,0.3597,covered,0|1|2|3,Tile_1,468,-0.343003,-0.343003,0.709636,0,0.934679,0.343003,0.275451,0.00483788,102.871
img_a845da47748e8a6ca297bb3a,right,rig_b657874324625bd3f19ad991,1772726390843336960,0.0475,outdoor,0|1|2|3,Tile_1,469,-0.199889,-0.199889,0.818822,0,0.934679,0.199889,0.132337,0.00406805,102.694
img_a8804fb8fac29a211615de16,left,rig_b71e39aff0f21581116681d0,1772726458847533824,0.3552,covered,0|1|2|3,Tile_1,470,-0.469335,-0.469335,0.625418,0,0.934679,0.469335,0.401782,0.0120758,103.559
img_a90635e58244461b86267963,left,rig_cdf107e3e1b044065efd0add,1772726536852362752,0.7081,indoor,0|1|3,Tile_1,471,-0.718596,-0.693147,0.5,1,0.934679,0.693147,0.625595,0.00731343,55.9638
img_a910ffa64c6d26f6ee830d8c,right,rig_16e86f8952d26123cc30a803,1772726527351692800,0.6652,indoor,0|1|3,Tile_1,472,0.445982,0.445982,1.56202,0,0.934679,-0.445982,-0.513534,0.0155703,104.541
img_a9801515c4acedf4f042d6ee,right,rig_3c64bb05b7b5c9abf9f8ea57,1772726392843508992,0.0566,outdoor,0|1|2|3,Tile_1,473,-0.160981,-0.160981,0.851308,0,0.934679,0.160981,0.0934286,0.00999275,107.814
img_a994d67bd8f7baf8bc80fc12,left,rig_845d3f5e0068e3363d4d6e0b,1772726495849790976,0.5226,outdoor,0|1|2|3,Tile_1,474,-0.0392208,-0.0392208,0.961538,0,0.934679,0.0392208,-0.0283317,0.00316236,122.632
img_a9e7f0e0c40e93878609f3f3,left,rig_f37b6e125599ee8ce13ef928,1772726532352043776,0.6878,indoor,1|2|3,Tile_1,475,-0.00888256,-0.00888256,0.991157,0,0.934679,0.00888256,-0.0586699,0.0243932,85.5527
img_abcaa5cd6df859ada3b95e63,right,rig_707e643a791bb47a4463b704,1772726569854267904,0.8575,indoor,1|2|3,Tile_1,476,-0.0235836,-0.0235836,0.976692,0,0.934679,0.0235836,-0.0439689,0.0138948,96.9213
img_ace39114ea6e3dc2c06be34b,left,rig_5b86fc4cc527019cc1bbe3e0,1772726597355872000,0.9819,outdoor,0|1|2|3,Tile_1,477,0.0186516,0.0186516,1.01883,0,0.934679,-0.0186516,-0.0862041,0.0030416,128.324
img_ad64d81e52a8a7bcc90a5256,left,rig_57daa39210e3df64a754fd7b,1772726559353672960,0.81,indoor,1|2|3,Tile_1,478,0.227471,0.227471,1.25542,0,0.934679,-0.227471,-0.295024,0.0128381,104.419
img_ae76977466c8fa930454864c,right,rig_b4d4cab763a4251789f68ec8,1772726434346002944,0.2443,outdoor,0|1|2|3,Tile_1,479,0.0511151,0.0511151,1.05244,0,0.934679,-0.0511151,-0.118668,0.00560772,130.137
img_ae7fcdb96cefc23a2e9b1cb8,left,rig_e0ad9a754c98bed980df1462,1772726555353378048,0.7919,indoor,1|2|3,Tile_1,480,0.121087,0.121087,1.12872,0,0.934679,-0.121087,-0.188639,0.013057,100.084
img_ae847fd97d3627e78b825c01,left,rig_9c3f1ac5de3379b735c9526f,1772726547352930048,0.7557,indoor,1|2|3,Tile_1,481,0.0474829,0.0474829,1.04863,0,0.934679,-0.0474829,-0.115035,0.0120909,95.5333
img_aedaf82ed3842144ec0c3951,right,rig_2a055bfd636f7d211ae0a779,1772726476848721920,0.4367,outdoor,0|1|2|3,Tile_1,482,-0.0278886,-0.0278886,0.972497,0,0.934679,0.0278886,-0.0396639,0.0132457,115.944
img_af0c87414478c62a4258fbee,right,rig_626e93c9228dc8ed10db7617,1772726541852632064,0.7308,indoor,0|1|2|3,Tile_1,483,-0.441914,-0.441914,0.642805,0,0.934679,0.441914,0.374361,0.0207478,71.0314
img_af58ddf11594de171687a482,left,rig_3d361a9bac2d45b63fbaa31a,1772726560853705984,0.8167,indoor,0|1|2|3,Tile_1,484,0.242676,0.242676,1.27466,0,0.934679,-0.242676,-0.310228,0.0222724,102.677
img_af7bad065c75951e1c1e1c4f,right,rig_e8f612a2355b17f8b3c2c37d,1772726450347016960,0.3167,outdoor,0|1|2|3,Tile_1,485,0.122755,0.122755,1.13061,0,0.934679,-0.122755,-0.190308,0.0072455,124.218
img_afa4fada790a296589f9fe98,left,rig_f50ee5341312269e69fe7892,1772726542352634880,0.733,indoor,0|1|2|3,Tile_1,486,-0.303009,-0.303009,0.738593,0,0.934679,0.303009,0.235456,0.0217516,77.7498
img_afaf7f3f1d8bcc555be40c0f,left,rig_6f63cb3e6f1715db3efb3145,1772726552853229056,0.7805,indoor,1|2|3,Tile_1,487,0.147562,0.147562,1.15901,0,0.934679,-0.147562,-0.215115,0.0106645,93.876
img_afbad3a10e48842de673fe08,right,rig_d929eaf79452849333e04afb,1772726486849220096,0.4819,covered,0|1|2|3,Tile_1,488,-0.463586,-0.463586,0.629024,0,0.934679,0.463586,0.396034,0.0158043,103.292
img_affda59b9b625a3dde9beb85,right,rig_a1697c621b1dd2f46054211e,1772726424845394944,0.2014,outdoor,0|1|2|3,Tile_1,489,-0.17079,-0.17079,0.842998,0,0.934679,0.17079,0.103238,0.00127551,120.599
img_b03cab9432767781d37d0c40,right,rig_34a82c122eafbdd07729c7a3,1772726518351147776,0.6244,outdoor,0|1|2|3,Tile_1,490,-0.00113742,-0.00113742,0.998863,0,0.934679,0.00113742,-0.0664151,0.0184157,95.1513
img_b0dff84e59a8923bb4475ce6,right,rig_f332edb76f172fde248e998e,1772726544852802048,0.7443,indoor,0|1|3,Tile_1,491,-0.325999,-0.325999,0.721806,0,0.934679,0.325999,0.258447,0.0286348,78.0424
img_b11bf686109a135a518900ea,left,rig_23ed0e5ae3378bafc2ba969b,1772726500350077952,0.543,outdoor,0|1|2|3,Tile_1,492,0.026677,0.026677,1.02704,0,0.934679,-0.026677,-0.0942294,0.00128306,123.145
img_b163f81048a3ba50a89567c5,left,rig_7e4fdd970b45bc54ea2a4c73,1772726488849356800,0.491,covered,0|1|2|3,Tile_1,493,0.0863103,0.0863103,1.09014,0,0.934679,-0.0863103,-0.153863,0.00273216,126.489
img_b18850b17273389e3aefd9cd,right,rig_f06333428d4f48f2cf7fbe79,1772726510350720000,0.5882,covered,0|1|2|3,Tile_1,494,-0.059599,-0.059599,0.942142,0,0.934679,0.059599,-0.00795343,0.0290348,99.2118
img_b1c500990871617a4fbe2492,right,rig_dad6414d3a0780b4bd18caeb,1772726553853325824,0.7851,indoor,0|1|3,Tile_1,495,-0.693222,-0.693147,0.5,1,0.934679,0.693147,0.625595,0.0213289,56.336
img_b1eaa3cc3bdadd20836fdc60,right,rig_4bfe51f308b316471a58f4d3,1772726576854681856,0.8891,indoor,0|1|2,Tile_1,496,-0.111256,-0.111256,0.89471,0,0.934679,0.111256,0.0437036,0.113807,112.458
img_b2093a79c6bb26d7f93e593e,left,rig_a252e4466eab7879f3d747fc,1772726489849453824,0.4955,covered,0|1|2|3,Tile_1,497,0.0354868,0.0354868,1.03612,0,0.934679,-0.0354868,-0.103039,0.00301141,125.544
img_b217e9690565a9a90ac89dcd,left,rig_d7a8710ef2ec0515707ccb1c,1772726541352546048,0.7285,indoor,0|1|3,Tile_1,498,-0.1931,-0.1931,0.824399,0,0.934679,0.1931,0.125548,0.0380162,90.3747
img_b251ac174beee6a14aba41c5,left,rig_1ae5de5a59bb2cd0d482e564,1772726530851922944,0.681,indoor,1|2|3,Tile_1,499,0.10905,0.10905,1.11522,0,0.934679,-0.10905,-0.176602,0.0166194,73.7061
img_b2ca7d398dbb3a51d6b172e1,left,rig_0c8aaeaf8cc9714a437895cb,1772726391343385088,0.0498,outdoor,1|2|3,Tile_1,500,-0.0308753,-0.0308753,0.969596,0,0.934679,0.0308753,-0.0366772,0.00452844,117.644
img_b32a46a681c9c410d35408e6,left,rig_5af663697925ca79c4a912c2,1772726579354814976,0.9005,indoor,0|1|3,Tile_1,501,-0.420335,-0.420335,0.656827,0,0.934679,0.420335,0.352782,0.0233215,107.913
img_b38496117cb29adcbf2b8c36,left,rig_a5c8751d41a665d69d33986e,1772726530351944960,0.6787,indoor,1|2|3,Tile_1,502,0.137979,0.137979,1.14795,0,0.934679,-0.137979,-0.205532,0.0147854,71.8684
img_b4812019b4dfa216489f95df,right,rig_3960b36ac8ce3239da9d48e4,1772726425845450752,0.2059,outdoor,0|1|2|3,Tile_1,503,0.0191313,0.0191313,1.01932,0,0.934679,-0.0191313,-0.0866838,0.000883046,119.406
img_b49a7a00f760704e50863571,right,rig_c6d39b13c662c182cb5e41b6,1772726598355917056,0.9864,indoor,0|1|2|3,Tile_1,504,-0.321941,-0.321941,0.724741,0,0.934679,0.321941,0.254388,0.0105588,99.5509
img_b4d42ee9e22aa2aad4ed310f,left,rig_c9c2c0b046ae211cf9f30fad,1772726479348790784,0.448,outdoor,0|1|2,Tile_1,505,-0.121648,-0.121648,0.88546,0,0.934679,0.121648,0.0540953,0.0066719,119.709
img_b5ca4a382aa3fedf86678fdd,right,rig_7e4fdd970b45bc54ea2a4c73,1772726488849341952,0.491,covered,0|1|3,Tile_1,506,-0.477447,-0.477447,0.620365,0,0.934679,0.477447,0.409894,0.0121438,103.999
img_b60e7cefcb6bc5ac435ea8ab,left,rig_90ae543fbb5ad945f5a42e17,1772726537352367872,0.7104,indoor,0|1|3,Tile_1,507,-0.709742,-0.693147,0.5,1,0.934679,0.693147,0.625595,0.015608,61.2421
img_b66bfddd418c61e670dc3a5c,right,rig_9b30bbe8a1c651d62230aada,1772726431845913856,0.233,outdoor,0|1|2|3,Tile_1,508,0.00394243,0.00394243,1.00395,0,0.934679,-0.00394243,-0.0714949,0.00427937,125.49
img_b6ba74c87f4094b04dbb2f59,left,rig_0deca8a3105fec84911844ac,1772726601356112128,1,stationary_unresolved,0|1|2,Tile_1,509,0.0793368,0.0793368,1.08257,0,0.934679,-0.0793368,-0.146889,0.00555488,114.541
img_b6beedc52cef4f2ac0a45e14,right,rig_b71e39aff0f21581116681d0,1772726458847518976,0.3552,covered,0|1|2|3,Tile_1,510,-0.303704,-0.303704,0.738079,0,0.934679,0.303704,0.236152,0.0119098,104.628
img_b6f60c640d307fe68e410087,left,rig_def98c2a5e6d5c0a7de63407,1772726502350198016,0.552,outdoor,1|2|3,Tile_1,511,-0.0657543,-0.0657543,0.936361,0,0.934679,0.0657543,-0.00179814,0.00191704,120.13
img_b709d4e3277d2f8c8b7f9745,right,rig_a6a833bb554e1ed680f753a0,1772726460347631872,0.362,covered,0|1|2|3,Tile_1,512,-0.200398,-0.200398,0.818405,0,0.934679,0.200398,0.132845,0.00336614,104.335
img_b7f55877796392d83c722aba,right,rig_5d9632624c35a86076db1c01,1772726420845197056,0.1833,outdoor,0|1|2|3,Tile_1,513,0.0106594,0.0106594,1.01072,0,0.934679,-0.0106594,-0.0782119,0.00111701,120.319
img_b831b33deb3ad98c70a7934d,left,rig_eab7ff45ccdb39a9651cea7d,1772726543852691968,0.7398,indoor,1|2|3,Tile_1,514,0.0721946,0.0721946,1.07486,0,0.934679,-0.0721946,-0.139747,0.0121664,94.183
img_b94d750c916e200cf37c2ad4,right,rig_1e8b9b6d6e185fe3fe9e73b3,1772726529351817728,0.6742,indoor,0|1|3,Tile_1,515,0.388458,0.388458,1.47471,0,0.934679,-0.388458,-0.456011,0.0241441,101.692
img_b9f940b901e71cda50ef8ab3,right,rig_3643b57e556caa0d5a540338,1772726459347586816,0.3575,indoor,0|1|2|3,Tile_1,516,-0.355143,-0.355143,0.701073,0,0.934679,0.355143,0.287591,0.00768325,102.868
img_ba2f05a90b6e766693a2bd0d,right,rig_c9c2c0b046ae211cf9f30fad,1772726479348774912,0.448,outdoor,0|1|2|3,Tile_1,517,0.0344567,0.0344567,1.03506,0,0.934679,-0.0344567,-0.102009,0.00798515,118.869
img_bb2a68f657118be7ff0b05ea,left,rig_6283a32deb59e6bf9f3db3ae,1772726576354608896,0.8869,indoor,0|1|3,Tile_1,518,-0.194795,-0.194795,0.823003,0,0.934679,0.194795,0.127243,0.063851,99.1838
img_bc2bea11a1cb64d9ca5716c4,right,rig_815b5dd557cc5801e2725257,1772726524351503872,0.6516,indoor,0|1|3,Tile_1,519,-0.197384,-0.197384,0.820876,0,0.934679,0.197384,0.129831,0.00510204,74.1147
img_bc2f93ba4d934d3232b673e3,left,rig_8aaa89fb48befc2bfd49c616,1772726504350326016,0.5611,outdoor,0|1|2|3,Tile_1,520,-0.0183095,-0.0183095,0.981857,0,0.934679,0.0183095,-0.049243,0.0168156,122.714
img_bca1f40e65c0073ea5c3b207,right,rig_950ebaef281cbcf80c72a826,1772726403844158976,0.1063,outdoor,0|1|2|3,Tile_1,521,-0.213094,-0.213094,0.80808,0,0.934679,0.213094,0.145541,0.00528318,97.231
img_bcc1fa7629c0cbff22cd2e32,right,rig_5942bb995bfef7e68350bdd4,1772726570854327808,0.862,indoor,1|2|3,Tile_1,522,0.063625,0.063625,1.06569,0,0.934679,-0.063625,-0.131177,0.0118947,92.751
img_bce41815c3435d5918fa786f,left,rig_a76b62550f78b1898ad49484,1772726595855812096,0.9751,outdoor,0|1|2,Tile_1,523,0.0285349,0.0285349,1.02895,0,0.934679,-0.0285349,-0.0960874,0.00196987,127.251
img_bde382b774c98e42606ebea1,left,rig_4dbcf0b4219e7ac87e58c966,1772726556353438976,0.7964,indoor,1|2|3,Tile_1,524,0.188557,0.188557,1.20751,0,0.934679,-0.188557,-0.25611,0.0132759,104.727
img_be28532475a779685710f991,right,rig_55fa4cc81889406467df0ec5,1772726439846374144,0.2692,outdoor,0|1|2|3,Tile_1,525,-0.0512142,-0.0512142,0.950075,0,0.934679,0.0512142,-0.0163383,0.00713229,127.464
img_be3df20bb870c84751cfa689,left,rig_4c261f202575cfa7ee3d3302,1772726457847501056,0.3507,indoor,0|1|2|3,Tile_1,526,-0.425102,-0.425102,0.653703,0,0.934679,0.425102,0.357549,0.00396238,107.16
img_be5a270ff906e798953439de,left,rig_4bc8bf23531299bc76b8e440,1772726452347151872,0.3258,outdoor,0|1|2,Tile_1,527,-0.113843,-0.113843,0.892398,0,0.934679,0.113843,0.0462904,0.000249064,116.917
img_be7fbc047b987740dd2c4760,left,rig_259f13e81b17068c6635d2e1,1772726551853168896,0.776,indoor,0|1|2|3,Tile_1,528,0.137602,0.137602,1.14752,0,0.934679,-0.137602,-0.205154,0.0107928,94.9031
img_beb01b280b14e79f616ea854,left,rig_284fb60ef0905080016bbb13,1772726588855362048,0.9434,outdoor,0|1|2,Tile_1,529,-0.074331,-0.074331,0.928364,0,0.934679,0.074331,0.00677853,0.00350954,127.592
img_c00a2dd81dbcbe2ba6d1a126,right,rig_35081e0547a7cfcbca79dbba,1772726448846920960,0.31,outdoor,0|1|2|3,Tile_1,530,0.0454407,0.0454407,1.04649,0,0.934679,-0.0454407,-0.112993,0.00478505,123.251
img_c04b37a9ccae6e3f6a62ef81,left,rig_bb59c628595f4627352f9cf5,1772726542852632064,0.7353,indoor,0|1|2|3,Tile_1,531,-0.130897,-0.130897,0.877308,0,0.934679,0.130897,0.0633449,0.0136985,78.0141
img_c0e1cf412031577bfe06ae4a,right,rig_e3cad702ba9b2b03fd0f82ec,1772726471848332032,0.414,covered,0|1|2|3,Tile_1,532,-0.0791967,-0.0791967,0.923858,0,0.934679,0.0791967,0.0116442,0.0045058,112.725
img_c1c7ee83afa5320441b43b8c,left,rig_954e3438a79223fdcc4271fc,1772726512850864896,0.5995,outdoor,0|1|2,Tile_1,533,-0.0110879,-0.0110879,0.988973,0,0.934679,0.0110879,-0.0564646,0.00485298,119.302
img_c1d98062a4244b5006970c32,right,rig_00a3588c60e97948cf94e53a,1772726517851119104,0.6222,outdoor,0|1|2|3,Tile_1,534,-0.0412195,-0.0412195,0.959618,0,0.934679,0.0412195,-0.026333,0.0146646,93.6236
img_c1e12f0629dd3d406e51c28a,left,rig_ff90e80b9b81ea3540b051b3,1772726591855539968,0.957,outdoor,0|1|2,Tile_1,535,-0.00338104,-0.00338104,0.996625,0,0.934679,0.00338104,-0.0641714,0.00196232,129.074
img_c3ccda95371ed93a9732b302,left,rig_9bc444ecb573fb381ad46385,1772726556853466880,0.7986,indoor,1|2|3,Tile_1,536,0.0737051,0.0737051,1.07649,0,0.934679,-0.0737051,-0.141258,0.0118947,102.239
img_c4432fd9be4c02760427f369,left,rig_b1b74993b2cfab693abe02c3,1772726452847183104,0.3281,outdoor,0|1|2,Tile_1,537,-0.0317779,-0.0317779,0.968722,0,0.934679,0.0317779,-0.0357746,0.000981162,121.384
img_c49faa1d11365b47610f1cef,left,rig_f8ded7c55aa6618f7f932f78,1772726543352663040,0.7376,indoor,0|1|2|3,Tile_1,538,-0.0128881,-0.0128881,0.987195,0,0.934679,0.0128881,-0.0546643,0.0117438,86.3429
img_c4fce4edb71733e79d9ea3ae,left,rig_5d4869e6d451014f72650917,1772726491849551872,0.5045,covered,0|1|2|3,Tile_1,539,-0.0384967,-0.0384967,0.962235,0,0.934679,0.0384967,-0.0290558,0.00431711,123.907
img_c54fcbe99fb2556e3eee453b,right,rig_dcafed623bbc1de68d459686,1772726445346695936,0.2941,outdoor,0|1|2|3,Tile_1,540,-0.0157384,-0.0157384,0.984385,0,0.934679,0.0157384,-0.051814,0.00363785,125.632
img_c61c2887cae73f809045af53,right,rig_2aefb045eb2673e7be71d02a,1772726540852501760,0.7262,indoor,0|1|2,Tile_1,541,-0.297318,-0.297318,0.742807,0,0.934679,0.297318,0.229766,0.0255027,75.4439
img_c6c64c84f33e7ba57d01e36f,right,rig_2cdcb12b87524dcabf8ab53f,1772726396843715840,0.0747,outdoor,0|1|2|3,Tile_1,542,-0.118243,-0.118243,0.88848,0,0.934679,0.118243,0.0506904,0.00811345,106.672
img_c6f511fd619078aef91932cc,right,rig_6ac4fbfb6c11253d29172b3e,1772726578854806016,0.8982,indoor,0|1|2,Tile_1,543,0.0600546,0.0600546,1.06189,0,0.934679,-0.0600546,-0.127607,0.0242649,111.634
img_c722df52e100f0a4d6d722c4,left,rig_c5a8656612f8451157b2314f,1772726557853576960,0.8032,indoor,1|2|3,Tile_1,544,0.116525,0.116525,1.12359,0,0.934679,-0.116525,-0.184077,0.00883046,95.9372
img_c77512e4e0ce2d4fa776ea2d,right,rig_e6e5a94fe91931079cceaf87,1772726397343741952,0.0769,outdoor,0|1|2|3,Tile_1,545,-0.178726,-0.178726,0.836335,0,0.934679,0.178726,0.111173,0.0145136,108.263
img_c7ece5aea1a2713fff288e22,right,rig_17ce22fa282acba5bd402357,1772726546352824064,0.7511,indoor,0|1|3,Tile_1,546,-0.462087,-0.462087,0.629968,0,0.934679,0.462087,0.394534,0.0232233,68.6726
img_c8bbc2a08c7cc7dc37c199cd,right,rig_628ed43a6e99e253002d2a91,1772726484849107968,0.4729,covered,0|1|2|3,Tile_1,547,-0.287883,-0.287883,0.749849,0,0.934679,0.287883,0.220331,0.0230799,112.549
img_c945937fd972cd35ccc3f927,right,rig_08081db25aa286b3c2771e0f,1772726589355375104,0.9457,outdoor,0|1|2|3,Tile_1,548,-0.31404,-0.31404,0.73049,0,0.934679,0.31404,0.246487,0.0194496,112.231
img_c97b935806f8446352f5c059,right,rig_a76a9055d2df009d0a0f06fe,1772726585355197952,0.9276,outdoor,0|1|2|3,Tile_1,549,0.0739977,0.0739977,1.0768,0,0.934679,-0.0739977,-0.14155,0.012106,124.664
img_c9d1fab35661b2bd69281bfa,right,rig_403ae798f86ad0a17606adde,1772726551353185024,0.7738,indoor,0|1|3,Tile_1,550,-0.692881,-0.692881,0.500133,0,0.934679,0.692881,0.625329,0.0310575,62.122
img_cbaa2ed931cc075f3b1eb8f6,right,rig_ccb968cc149a169e0aeab8b0,1772726600856066816,0.9977,stationary_unresolved,0|1|2|3,Tile_1,551,-0.282871,-0.282871,0.753617,0,0.934679,0.282871,0.215319,0.0111098,105.556
img_cc38ed44cf7d949c28bae20e,right,rig_62b603365e4950b385b6def3,1772726571354300928,0.8643,indoor,1|2|3,Tile_1,552,-0.017215,-0.017215,0.982932,0,0.934679,0.017215,-0.0503375,0.0100078,88.1163
img_cc49a20a9f67e4bfb75ac5cd,right,rig_7aef461595f805c89596172b,1772726407344320000,0.1222,outdoor,0|1|2|3,Tile_1,553,-0.0240735,-0.0240735,0.976214,0,0.934679,0.0240735,-0.043479,0.0200308,95.7161
img_cc7973236912a72f232cc17b,left,rig_5a979f6cd3d0d9c63b8d2d12,1772726453347235072,0.3303,outdoor,0|1|2|3,Tile_1,554,0.0250691,0.0250691,1.02539,0,0.934679,-0.0250691,-0.0926215,0.00211327,123.451
img_cc8461f788875306eb810405,left,rig_1dec5dd5563196de35e6f643,1772726532852078080,0.69,indoor,1|2|3,Tile_1,555,0.0352838,0.0352838,1.03591,0,0.934679,-0.0352838,-0.102836,0.0276461,90.5706
img_cd4571ad8de26172a08ecd80,right,rig_32f3e003a2a8f07e44263418,1772726388843239936,0.0385,indoor,0|1|2|3,Tile_1,556,-0.0136322,-0.0136322,0.98646,0,0.934679,0.0136322,-0.0539203,0.0112532,114.368
img_cd82e547ec1029199a8abeed,right,rig_694808f82a99f58369491ead,1772726554853381888,0.7896,indoor,0|1|3,Tile_1,557,-0.572342,-0.572342,0.564203,0,0.934679,0.572342,0.504789,0.014491,59.8659
img_cde176116532a2d3ea90b8fd,left,rig_5916fbf9e5b59aa4a15d6852,1772726548352958976,0.7602,indoor,1|2|3,Tile_1,558,0.146777,0.146777,1.1581,0,0.934679,-0.146777,-0.21433,0.0122419,93.8886
img_ce4c8b78f0d154af4ad15c0f,left,rig_1d61027fe342b36f3c325c8a,1772726392343450112,0.0543,outdoor,1|2|3,Tile_1,559,-0.17015,-0.17015,0.843538,0,0.934679,0.17015,0.102598,0.00433221,119.184
img_cf9d47bf271465783b283e59,left,rig_d929eaf79452849333e04afb,1772726486849235968,0.4819,covered,0|1|2|3,Tile_1,560,0.0669792,0.0669792,1.06927,0,0.934679,-0.0669792,-0.134532,0.00240007,125.092
img_cfa7bd7ddd9ffe59243cc69d,right,rig_695d8250eaeeb6965adc50d0,1772726470348238848,0.4072,indoor,0|1|2,Tile_1,561,-0.378324,-0.378324,0.685008,0,0.934679,0.378324,0.310772,0.0198798,116.964
img_d04d0ca787fbef2b28f090d4,left,rig_8dc919a038e91363f01ee701,1772726562853872128,0.8258,indoor,0|1|2,Tile_1,562,0.176769,0.176769,1.19336,0,0.934679,-0.176769,-0.244322,0.0188534,95.3511
img_d0d851b2ccfa742fa1bd8d68,right,rig_9a545eaf708caa7909f4a115,1772726534852189952,0.6991,indoor,0|1|2|3,Tile_1,563,0.21657,0.21657,1.24181,0,0.934679,-0.21657,-0.284122,0.023095,95.1681
img_d13775f3817c9aa225ed22ac,right,rig_73e81d3c113b311ca4494c65,1772726575854564864,0.8846,indoor,0|1|2,Tile_1,564,0.357732,0.357732,1.43008,0,0.934679,-0.357732,-0.425285,0.129611,125.543
img_d14ce879e6a132a7c0aaf3ea,left,rig_9307fd853a2319e8adb58722,1772726455347335936,0.3394,outdoor,0|1|2|3,Tile_1,565,0.01863,0.01863,1.0188,0,0.934679,-0.01863,-0.0861825,0.00281518,118.57
img_d1b98043d8de5060ebfdfffe,right,rig_c834a316c058d90965269ede,1772726479848804864,0.4502,outdoor,0|1|2|3,Tile_1,566,0.0571829,0.0571829,1.05885,0,0.934679,-0.0571829,-0.124735,0.0108683,119.71
img_d21054a6b72eec0a64282c9c,left,rig_69c73ab5587f94c045ee516e,1772726533352102912,0.6923,indoor,1|2|3,Tile_1,567,0.0691121,0.0691121,1.07156,0,0.934679,-0.0691121,-0.136665,0.0269895,92.4087
img_d21f5584847186fb48689a7a,left,rig_14ad50c8337caec754d4ed52,1772726450847063040,0.319,outdoor,0|1|2|3,Tile_1,568,-0.240386,-0.240386,0.786324,0,0.934679,0.240386,0.172833,0.00163779,107.541
img_d21fa2720d52a4374c4fd316,right,rig_e03d1eabb3deba3492123b63,1772726524851536128,0.6538,indoor,0|1|3,Tile_1,569,-0.0455764,-0.0455764,0.955447,0,0.934679,0.0455764,-0.021976,0.0034718,62.6838
img_d22b97313624830c9ce567d4,left,rig_403ae798f86ad0a17606adde,1772726551353188096,0.7738,indoor,0|1|2|3,Tile_1,570,0.124142,0.124142,1.13218,0,0.934679,-0.124142,-0.191694,0.010423,93.7108
img_d243f0bef95f3ab8666465b0,right,rig_11bbd48412450b6da32f86e5,1772726433845985792,0.2421,outdoor,0|1|2|3,Tile_1,571,0.0158476,0.0158476,1.01597,0,0.934679,-0.0158476,-0.0834001,0.00501902,129.571
img_d34ebd3e7b1ab9e604af32bc,right,rig_8fb31491596f578115f083f3,1772726540352509952,0.724,indoor,0|1|2,Tile_1,572,-0.253247,-0.253247,0.776276,0,0.934679,0.253247,0.185694,0.0283329,80.1315
img_d415319caa70877985cc76c3,left,rig_f1394cd3b2ae3a8bd62a7396,1772726573854462976,0.8756,indoor,0|1|3,Tile_1,573,-0.150053,-0.150053,0.860662,0,0.934679,0.150053,0.0825004,0.0130495,59.5428
img_d4396334be5e1583896c837d,right,rig_03d12388aba2090fc187d74a,1772726525351567104,0.6561,indoor,0|1|3,Tile_1,574,0.0600005,0.0600005,1.06184,0,0.934679,-0.0600005,-0.127553,0.00671718,68.925
img_d458c189bfed47078603fdd4,left,rig_9a545eaf708caa7909f4a115,1772726534852192000,0.6991,indoor,1|2|3,Tile_1,575,-0.0752014,-0.0752014,0.927557,0,0.934679,0.0752014,0.00764889,0.0225063,80.796
img_d49c62f7d279e50fc3606d70,left,rig_06f4639d8949a3bf0dfcbab3,1772726505850394880,0.5679,covered,0|1|2|3,Tile_1,576,-0.100079,-0.100079,0.904766,0,0.934679,0.100079,0.032526,0.0102947,110.416
img_d4b43c110801599d2031af14,left,rig_f332edb76f172fde248e998e,1772726544852805888,0.7443,indoor,1|2|3,Tile_1,577,0.115524,0.115524,1.12246,0,0.934679,-0.115524,-0.183076,0.0140834,102.926
img_d542368d10f026e374aefea0,left,rig_a8b7714d368911bee760906e,1772726552353230848,0.7783,indoor,0|1|2|3,Tile_1,578,0.116835,0.116835,1.12393,0,0.934679,-0.116835,-0.184387,0.0108532,95.2272
img_d5f2691253c920066b1d8ab4,right,rig_3498b35f4620e15e5dcbbbf8,1772726539352480768,0.7195,indoor,0|1|2,Tile_1,579,-0.0618476,-0.0618476,0.940026,0,0.934679,0.0618476,-0.00570483,0.0232988,82.0707
img_d63e075dca6c1af17d7d7f52,right,rig_3e151bea98cdd64a08e262ab,1772726429845752064,0.224,outdoor,0|1|2|3,Tile_1,580,-0.0449065,-0.0449065,0.956087,0,0.934679,0.0449065,-0.022646,0.00376615,126.069
img_d691623e566cde7f444905b2,right,rig_0579fcb345a3734afc890594,1772726415344815872,0.1584,outdoor,0|1|2|3,Tile_1,581,-0.181576,-0.181576,0.833955,0,0.934679,0.181576,0.114023,0.00301896,112.868
img_d733262793847c605e65099a,left,rig_88881f0687d041c6f2099021,1772726562353862912,0.8235,indoor,0|1|2,Tile_1,582,0.157559,0.157559,1.17065,0,0.934679,-0.157559,-0.225111,0.0178043,96.5421
img_d7e512cbedb4f9b8349c4ef8,left,rig_edffa4d6285651ca67b8af0e,1772726473848505856,0.4231,outdoor,0|1|2,Tile_1,583,-0.229256,-0.229256,0.795125,0,0.934679,0.229256,0.161703,0.00110192,102.646
img_d83918b5d04a40dd88d821b9,left,rig_0eb3371c1a9cf742253ad85d,1772726539852460800,0.7217,indoor,0|1|3,Tile_1,584,-0.137148,-0.137148,0.871841,0,0.934679,0.137148,0.0695953,0.0248007,85.8615
img_d92232056a803e065181c4fc,right,rig_abf4a71f8bd95682baa5944c,1772726515350967040,0.6109,outdoor,0|1|2|3,Tile_1,585,-0.121882,-0.121882,0.885253,0,0.934679,0.121882,0.0543295,0.0216384,99.167
img_d94379474e894655ae5606ba,left,rig_4828a7d15a4b39f1ba02447d,1772726451847122944,0.3235,outdoor,0|1|2,Tile_1,586,-0.204033,-0.204033,0.815435,0,0.934679,0.204033,0.136481,0.00192459,113.569
img_d9a7c8becf1e2afe7e043c05,left,rig_a576337316816313a8efe5fa,1772726597855902976,0.9842,outdoor,0|1|2,Tile_1,587,0.0623682,0.0623682,1.06435,0,0.934679,-0.0623682,-0.129921,0.00475486,124.187
img_da125fffd75e75e75f384c08,right,rig_000c0f69828def079c9a9ef2,1772726502850210816,0.5543,outdoor,0|1|3,Tile_1,588,-0.357467,-0.357467,0.699446,0,0.934679,0.357467,0.289914,0.00984181,99.7958
img_dad684e3df7bafd45b805a5d,left,rig_beb86146e928504f312b06b7,1772726424345376000,0.1991,outdoor,0|1|2|3,Tile_1,589,-0.340881,-0.340881,0.711144,0,0.934679,0.340881,0.273328,0.0144835,106.199
img_db74abe8fe99e50cd417fb92,left,rig_f21f6751ff670a2c323f314f,1772726555853407744,0.7941,indoor,1|2|3,Tile_1,590,0.138267,0.138267,1.14828,0,0.934679,-0.138267,-0.20582,0.0125891,103.225
img_db86d5ac2b734eb4da28813c,right,rig_23ed0e5ae3378bafc2ba969b,1772726500350064128,0.543,outdoor,0|1|3,Tile_1,591,-0.337984,-0.337984,0.713207,0,0.934679,0.337984,0.270431,0.0102494,104.256
img_db885bf185aea1b124e987d6,right,rig_3f5315056beccf8512b5d98a,1772726554353341952,0.7873,indoor,0|1|3,Tile_1,592,-0.740688,-0.693147,0.5,1,0.934679,0.693147,0.625595,0.0153288,52.6407
img_dbcbd71faaeb6348cda02573,left,rig_0c0cecb0aef0c52ce2c6aa9d,1772726557353548032,0.8009,indoor,1|2|3,Tile_1,593,0.0997528,0.0997528,1.1049,0,0.934679,-0.0997528,-0.167305,0.00994747,97.9732
img_dbdbf05b0a89d3325091981a,right,rig_3a320fe4b204c9933496b019,1772726483849047808,0.4683,covered,0|1|2|3,Tile_1,594,0.0242758,0.0242758,1.02457,0,0.934679,-0.0242758,-0.0918283,0.0411711,127.327
img_dc18fca2079f0373be58c3e3,right,rig_239e0e0e1c144aa3406d452a,1772726499350000896,0.5385,outdoor,0|1|3,Tile_1,595,-0.309836,-0.309836,0.733567,0,0.934679,0.309836,0.242283,0.00864177,101.073
img_dc90c819e52ff1c3d1b227fd,left,rig_5374f8e6cc4cc91413bc936f,1772726531852015104,0.6855,indoor,1|2|3,Tile_1,596,0.114322,0.114322,1.12111,0,0.934679,-0.114322,-0.181874,0.0220535,82.9445
img_dcbc2d6867bbac2c09510fa0,right,rig_e869791fa28178aa7bf19129,1772726582855046912,0.9163,indoor,0|1|2,Tile_1,597,-0.265821,-0.265821,0.766576,0,0.934679,0.265821,0.198269,0.0173968,109.646
img_de19e8fb18e453296b788e19,right,rig_c59a84b4ba6e661aaff146e3,1772726467348050944,0.3937,indoor,0|1|2|3,Tile_1,598,0.277725,0.277725,1.32012,0,0.934679,-0.277725,-0.345277,0.0103399,119.772
img_dee26d9c80b097e644b27948,right,rig_8fe94e3e4b7b499cea385c9f,1772726446346759936,0.2986,outdoor,0|1|2|3,Tile_1,599,0.0892137,0.0892137,1.09331,0,0.934679,-0.0892137,-0.156766,0.00363785,122.283
img_df257f89026fc472276ed04c,left,rig_c046f0161fd75506c28c1295,1772726560353716736,0.8145,indoor,0|1|2|3,Tile_1,600,0.180979,0.180979,1.19839,0,0.934679,-0.180979,-0.248531,0.0197063,101.74
img_df3950cdb921076b35a98310,left,rig_fec2268a8a2fbc4f8156eda1,1772726442346531840,0.2805,outdoor,0|1|2|3,Tile_1,601,-0.759089,-0.693147,0.5,1,0.934679,0.693147,0.625595,0.00980407,99.6278
img_df46b1666c566e3ae900c93b,right,rig_63977d60ee824dce1a601b9b,1772726402344006912,0.0995,outdoor,0|1|2|3,Tile_1,602,-0.1594,-0.1594,0.852656,0,0.934679,0.1594,0.0918471,0.00343407,91.0772
img_dfbaef61d9e8160adafd7543,left,rig_ddb2dc46864d9ccf8bbf6717,1772726590355452160,0.9502,outdoor,0|1|2|3,Tile_1,603,-0.0865532,-0.0865532,0.917087,0,0.934679,0.0865532,0.0190007,0.00312462,129.219
img_dfe7b5527c55d8ae2d07efc4,right,rig_902609d5327928fded01e1b9,1772726463847827968,0.3778,indoor,0|1|2|3,Tile_1,604,-0.0648674,-0.0648674,0.937192,0,0.934679,0.0648674,-0.00268509,0.00787948,100.945
img_e077fcb4955280ec1710e251,left,rig_bfc013a648d9cb272acc2072,1772726565854048000,0.8394,indoor,0|1|2,Tile_1,605,-0.0104072,-0.0104072,0.989647,0,0.934679,0.0104072,-0.0571453,0.0144986,88.6878
img_e0818eba31b6c55f3d2e736b,left,rig_6c81c8380411c3f8b5338f5b,1772726494849752064,0.5181,outdoor,0|1|2|3,Tile_1,606,-0.0948253,-0.0948253,0.909532,0,0.934679,0.0948253,0.0272728,0.00304915,122.512
img_e08b30473e1f1809ad33265e,right,rig_e9da6b15668a54354ee2535d,1772726482348953856,0.4615,covered,0|1|2|3,Tile_1,607,0.0194248,0.0194248,1.01961,0,0.934679,-0.0194248,-0.0869772,0.0180081,119.856
img_e0bbacc0010098c4844951ac,left,rig_77d59ad49037938e9356612d,1772726425345465856,0.2036,outdoor,0|1|2|3,Tile_1,608,-0.333998,-0.333998,0.716055,0,0.934679,0.333998,0.266445,0.0142872,105.238
img_e118f3ea231cf2ce3d66f996,right,rig_3d9e538c8670b6985619e201,1772726498850012928,0.5362,outdoor,0|1|3,Tile_1,609,-0.371863,-0.371863,0.689448,0,0.934679,0.371863,0.304311,0.00831723,101.118
img_e1287e860ec48f842b16e821,right,rig_eaeb2e1206c42c0409048a96,1772726414844784896,0.1561,outdoor,0|1|2|3,Tile_1,610,-0.19495,-0.19495,0.822876,0,0.934679,0.19495,0.127397,0.00273971,108.221
img_e1b141cf1dba63ec9d10fcb9,left,rig_f0cfe3c8f1ed9a3fa4387de4,1772726500850108928,0.5452,outdoor,0|1|2|3,Tile_1,611,0.00731085,0.00731085,1.00734,0,0.934679,-0.00731085,-0.0748633,0.00160005,123.259
img_e1b2fb3c5e8472dcbba00e23,right,rig_170506eedce2237ac07c901a,1772726572354413056,0.8688,indoor,1|2|3,Tile_1,612,0.0520408,0.0520408,1.05342,0,0.934679,-0.0520408,-0.119593,0.0143174,85.43
img_e1eba2f46bf75c270241b3a7,left,rig_f78e34acd123753db7989244,1772726525851614976,0.6584,indoor,1|2|3,Tile_1,613,-0.0527677,-0.0527677,0.9486,0,0.934679,0.0527677,-0.0147848,0.00502657,69.3844
img_e2235c52dc2cc4282e7d40fd,left,rig_ed63431d19d218ecf3fca2b4,1772726508850582784,0.5814,covered,0|1|2|3,Tile_1,614,0.162942,0.162942,1.17697,0,0.934679,-0.162942,-0.230495,0.0110117,111.186
img_e33c0f642afa1aec24e17c11,left,rig_59eed7d9c2a5ce60170ecb11,1772726455847363840,0.3416,outdoor,0|1|2|3,Tile_1,615,-0.00454866,-0.00454866,0.995462,0,0.934679,0.00454866,-0.0630038,0.00313972,116.613
img_e42f586216482cf4776c2f4f,right,rig_9046f76f1478053c9ede3a0a,1772726395343628800,0.0679,outdoor,0|1|2|3,Tile_1,616,-0.104906,-0.104906,0.900409,0,0.934679,0.104906,0.0373537,0.00533601,104.94
img_e48dfaec6a6a7416d851faf8,left,rig_8aaaec889bb180ad08da0231,1772726498349990912,0.5339,outdoor,0|1|2|3,Tile_1,617,-0.053549,-0.053549,0.94786,0,0.934679,0.053549,-0.0140035,0.00135853,120.902
img_e551d37320249fc3f94c8b16,right,rig_9c3f1ac5de3379b735c9526f,1772726547352928000,0.7557,indoor,0|1|3,Tile_1,618,-0.477494,-0.477494,0.620336,0,0.934679,0.477494,0.409942,0.0308387,72.21
img_e57c4c5b365a33a7eb8e26d4,right,rig_a252e4466eab7879f3d747fc,1772726489849451008,0.4955,covered,0|1|3,Tile_1,619,-0.396866,-0.396866,0.672424,0,0.934679,0.396866,0.329313,0.00646057,100.689
img_e59222a5e5b43cad84439894,right,rig_f635cb8661e815fa59f70fee,1772726414344753920,0.1538,outdoor,0|1|2|3,Tile_1,620,-0.217356,-0.217356,0.804644,0,0.934679,0.217356,0.149803,0.0194421,114.404
img_e5e870cda39b6866c67e7fa1,left,rig_73e81d3c113b311ca4494c65,1772726575854580992,0.8846,indoor,0|1|3,Tile_1,621,-0.0100208,-0.0100208,0.990029,0,0.934679,0.0100208,-0.0575317,0.0642057,110.662
img_e6dc6c821682e92c7098c3fc,right,rig_4c34c3a1c33027aceddb5082,1772726413344698880,0.1493,outdoor,0|1|2|3,Tile_1,622,-0.221489,-0.221489,0.801325,0,0.934679,0.221489,0.153936,0.0270121,113.906
img_e76aadc0656e16023b5889f4,right,rig_e407ca7277d806fb33b09f51,1772726585855228928,0.9299,outdoor,0|1|2|3,Tile_1,623,0.0024151,0.0024151,1.00242,0,0.934679,-0.0024151,-0.0699676,0.0123475,126.607
img_e7b6529d70d4db5e5f62f1d7,right,rig_def98c2a5e6d5c0a7de63407,1772726502350180864,0.552,outdoor,0|1|3,Tile_1,624,-0.358083,-0.358083,0.699015,0,0.934679,0.358083,0.29053,0.00941915,101.58
img_e89062940cc4d3083aa9a723,right,rig_5654a1001ac64ec796b10960,1772726522851449856,0.6448,outdoor,0|1|2|3,Tile_1,625,-0.425855,-0.425855,0.653211,0,0.934679,0.425855,0.358302,0.0016076,72.9431
img_e984e928226015a4b56c841d,right,rig_677aee1563d91ee8f93d06ce,1772726451347099904,0.3213,outdoor,0|1|2|3,Tile_1,626,-0.0504148,-0.0504148,0.950835,0,0.934679,0.0504148,-0.0171377,0.0178798,126.77
img_e98965ec0ffeff99f4f502d2,left,rig_78a65b692becc49e31d1aec2,1772726501850169856,0.5498,outdoor,1|2|3,Tile_1,627,-0.0274679,-0.0274679,0.972906,0,0.934679,0.0274679,-0.0400846,0.00205289,121.34
img_e9e61ec207e9b17024332b8e,left,rig_18ad96609b9bcb22a55e0903,1772726566354029056,0.8416,indoor,0|1|2,Tile_1,628,0.0879201,0.0879201,1.0919,0,0.934679,-0.0879201,-0.155473,0.0163024,88.9967
img_ea1f81bdd6efac58674c0e1b,right,rig_e0b76e648edd0850c5717ab3,1772726411344570880,0.1403,outdoor,0|1|2|3,Tile_1,629,-0.108735,-0.108735,0.896968,0,0.934679,0.108735,0.0411827,0.022612,97.9747
img_ea26996fa398f540eb0ce21a,right,rig_1d61027fe342b36f3c325c8a,1772726392343447808,0.0543,outdoor,0|1|2|3,Tile_1,630,-0.0365766,-0.0365766,0.964084,0,0.934679,0.0365766,-0.0309759,0.0142193,110.234
img_eac8d6fea7b11f2aed473852,right,rig_4828a7d15a4b39f1ba02447d,1772726451847107840,0.3235,outdoor,0|1|2|3,Tile_1,631,0.10395,0.10395,1.10954,0,0.934679,-0.10395,-0.171502,0.029216,127.746
img_ebb44aa4fd7128a21d824082,left,rig_fdc0fa397462e41f7b7a979b,1772726421345259008,0.1855,outdoor,0|1|3,Tile_1,632,-0.410397,-0.410397,0.663387,0,0.934679,0.410397,0.342844,0.0122192,107.953
img_eca6b916bacacf912bf06b66,left,rig_60e8f730ae92a2e612df4c7c,1772726463347801088,0.3756,indoor,0|1|2|3,Tile_1,633,-0.293949,-0.293949,0.745314,0,0.934679,0.293949,0.226397,0.020144,95.4711
img_ee0485aae04823911b094b7b,right,rig_d1077f475644d1228245e736,1772726501350121984,0.5475,outdoor,0|1|3,Tile_1,634,-0.299316,-0.299316,0.741325,0,0.934679,0.299316,0.231763,0.0105588,104.741
img_eeaaf4a5a026cc79fff21b37,left,rig_ce9e6546973b269e2e388a8f,1772726474348506880,0.4253,outdoor,0|1|2,Tile_1,635,-0.0501997,-0.0501997,0.951039,0,0.934679,0.0501997,-0.0173528,0.00229441,107.375
img_eeceff5515532096691986e5,right,rig_6353b36c3c3a1db736617388,1772726438346266112,0.2624,outdoor,0|1|2|3,Tile_1,636,0.0979752,0.0979752,1.10294,0,0.934679,-0.0979752,-0.165528,0.0065285,129.489
img_eee76b0c1f95c447b6eb24bc,right,rig_b6dda00ce31fe345c8a93d93,1772726529851939072,0.6765,indoor,0|1|3,Tile_1,637,0.349314,0.349314,1.41809,0,0.934679,-0.349314,-0.416867,0.0261366,100.688
img_ef40b78b1d380170b13f632c,left,rig_5d9632624c35a86076db1c01,1772726420845212928,0.1833,outdoor,0|1|3,Tile_1,638,-0.343352,-0.343352,0.709388,0,0.934679,0.343352,0.2758,0.0102418,108.599
img_ef51ea18654a5079d4e233ba,right,rig_bd4b88b17b4b42a98be46845,1772726444346638080,0.2896,outdoor,0|1|2|3,Tile_1,639,0.0113088,0.0113088,1.01137,0,0.934679,-0.0113088,-0.0788612,0.00416616,125.422
img_ef78b6a90549d802aaf81efd,right,rig_93ddb5288f9d2dadb2d5c06c,1772726423345286912,0.1946,outdoor,0|1|2|3,Tile_1,640,-0.157689,-0.157689,0.854115,0,0.934679,0.157689,0.0901364,0.00137363,120.483
img_f029e0f1f983d146f96286a0,left,rig_9fa7fdd6dfcf10b571e64ed2,1772726594355692032,0.9683,outdoor,0|1|2|3,Tile_1,641,-0.10723,-0.10723,0.898319,0,0.934679,0.10723,0.0396777,0.00171326,128.261
img_f04af7535fdbb03e8401bbe0,right,rig_cf95d26e75342ba62534d752,1772726443846608896,0.2873,outdoor,0|1|2|3,Tile_1,642,-0.184375,-0.184375,0.831624,0,0.934679,0.184375,0.116823,0.00471712,123.275
img_f0ff00b70da5711d5c787073,left,rig_32b1a8068abd4ccfe24bead8,1772726461347674880,0.3665,indoor,0|1|2|3,Tile_1,643,-0.487627,-0.487627,0.614082,0,0.934679,0.487627,0.420074,0.0169364,96.6655
img_f1799d46a7022022561e4cd1,right,rig_89edac79d760e3d41c63a4ac,1772726535352224000,0.7014,indoor,0|1|2|3,Tile_1,644,0.0818686,0.0818686,1.08531,0,0.934679,-0.0818686,-0.149421,0.0232007,90.9566
img_f183b48604735a8c86b10b9b,right,rig_4c261f202575cfa7ee3d3302,1772726457847497984,0.3507,indoor,0|1|2|3,Tile_1,645,-0.337363,-0.337363,0.713649,0,0.934679,0.337363,0.269811,0.0139929,99.092
img_f218d51dae29bd11fe08c9e2,right,rig_f0af01a9cee1d04f58cbbb9f,1772726397843756800,0.0792,outdoor,0|1|2|3,Tile_1,646,-0.134109,-0.134109,0.874495,0,0.934679,0.134109,0.0665564,0.0166873,107.921
img_f2585d3a202c23e6a618ac51,right,rig_5d4869e6d451014f72650917,1772726491849536000,0.5045,covered,0|1|3,Tile_1,647,-0.347335,-0.347335,0.706568,0,0.934679,0.347335,0.279783,0.00660397,97.7353
img_f266fb814ed9e48ef6890df7,right,rig_4bc8bf23531299bc76b8e440,1772726452347136000,0.3258,outdoor,0|1|2|3,Tile_1,648,-0.136072,-0.136072,0.87278,0,0.934679,0.136072,0.0685198,0.0568395,133.374
img_f2a30da6a549712b99cdddf8,right,rig_c59f4da26a70f7176c76ee72,1772726469348175104,0.4027,indoor,0|1|2,Tile_1,649,-0.068136,-0.068136,0.934133,0,0.934679,0.068136,0.000583537,0.0197817,116.787
img_f2e26c722981ec0176325e6b,right,rig_8306253f54ee66d50c913fec,1772726520851335168,0.6357,outdoor,0|1|2|3,Tile_1,650,-0.0871071,-0.0871071,0.916579,0,0.934679,0.0871071,0.0195546,0.0176005,93.533
img_f2e31727fc02a2394640f8b4,right,rig_98874fa67831ae4f824c36f3,1772726389343258880,0.0407,indoor,0|1|2|3,Tile_1,651,0.0117172,0.0117172,1.01179,0,0.934679,-0.0117172,-0.0792696,0.0131627,112.673
img_f3d8c24aaa1e434fce0c84c9,right,rig_78a65b692becc49e31d1aec2,1772726501850153984,0.5498,outdoor,0|1|3,Tile_1,652,-0.347281,-0.347281,0.706607,0,0.934679,0.347281,0.279729,0.0101588,103.376
img_f4bf71d79eb426e24a089014,right,rig_5a5ac7fa4f5b9d2c2ddad340,1772726521351321856,0.638,outdoor,0|1|2|3,Tile_1,653,-0.0836229,-0.0836229,0.919778,0,0.934679,0.0836229,0.0160704,0.0155703,92.4713
img_f4e71c9e7ff3353987c9c41a,right,rig_5ee177202cb8d68c8541b2a5,1772726395843659776,0.0701,outdoor,0|1|2|3,Tile_1,654,-0.201879,-0.201879,0.817194,0,0.934679,0.201879,0.134326,0.00866441,107.272
img_f5f133cabb2d110c4de5284e,right,rig_3d14390fb7f803b2f50b1ae3,1772726416344879872,0.1629,outdoor,0|1|2|3,Tile_1,655,-0.0220182,-0.0220182,0.978222,0,0.934679,0.0220182,-0.0455343,0.00629453,122.94
img_f62c18a51fe6eeab821492db,left,rig_8b13c74411784e7525ca0187,1772726598855998976,0.9887,indoor,0|1|2,Tile_1,656,0.128384,0.128384,1.13699,0,0.934679,-0.128384,-0.195936,0.00529827,112.585
img_f6a41d2296905ce621e12836,left,rig_867b85a1c6e97d39fa18e806,1772726483349031936,0.4661,covered,0|1|2,Tile_1,657,0.0752253,0.0752253,1.07813,0,0.934679,-0.0752253,-0.142778,0.0016076,127.697
img_f7140eacb75d560d184fb31f,right,rig_7862adc4c91ebba1b81887fe,1772726478348717056,0.4434,outdoor,0|1|2|3,Tile_1,658,-0.089404,-0.089404,0.914476,0,0.934679,0.089404,0.0218515,0.00574357,118.383
img_f7ab5b5375d058e24fa94d7a,left,rig_5654a1001ac64ec796b10960,1772726522851451904,0.6448,outdoor,1|2|3,Tile_1,659,-0.230874,-0.230874,0.79384,0,0.934679,0.230874,0.163321,0.00529073,95.7281
img_f7b75abef16041d243e1cb24,right,rig_d207455f26029db6394d4973,1772726538852431104,0.7172,indoor,0|1|2,Tile_1,660,-0.171746,-0.171746,0.842193,0,0.934679,0.171746,0.104194,0.0182345,83.4299
img_f89e0e1434c5b600664c93cc,right,rig_efef53661a0378ed55e2807f,1772726577854688000,0.8937,indoor,0|1|2,Tile_1,661,-0.124098,-0.124098,0.883293,0,0.934679,0.124098,0.0565455,0.0634736,105.491
img_f8b73b376042c741c55a06cd,right,rig_62cc6c408b26478c0d47b991,1772726467848083968,0.3959,indoor,0|1|2|3,Tile_1,662,0.0777875,0.0777875,1.08089,0,0.934679,-0.0777875,-0.14534,0.0148608,123.171
img_f90a0e7c2348a7898510133c,left,rig_d3ec7439c84909d45dd66af3,1772726496849858048,0.5271,outdoor,0|1|2|3,Tile_1,663,-0.018197,-0.018197,0.981968,0,0.934679,0.018197,-0.0493555,0.00316236,122.994
img_f9abc9581a5c24b6086035c3,left,rig_000c0f69828def079c9a9ef2,1772726502850225920,0.5543,outdoor,1|2|3,Tile_1,664,-0.0246959,-0.0246959,0.975607,0,0.934679,0.0246959,-0.0428566,0.00180383,117.885
img_f9eb2cffff53e048735a99bc,left,rig_1e23692547857c6754b68bdd,1772726574354490880,0.8778,indoor,0|1|3,Tile_1,665,-0.103219,-0.103219,0.901929,0,0.934679,0.103219,0.0356667,0.0141589,69.1416
img_fa406b2765880acfff439bb7,right,rig_259f13e81b17068c6635d2e1,1772726551853153024,0.776,indoor,0|1|3,Tile_1,666,-0.637309,-0.637309,0.528713,0,0.934679,0.637309,0.569757,0.0302047,61.712
img_fa65b3aa880c9101e305af46,right,rig_d14b49b462a068a3c9a4ed3a,1772726586855226880,0.9344,outdoor,0|1|2|3,Tile_1,667,0.0781593,0.0781593,1.08129,0,0.934679,-0.0781593,-0.145712,0.0248007,130.021
img_faa25ac6c422ab56ed53979a,left,rig_30d4452a792173a2a3a04f83,1772726487349266176,0.4842,covered,0|1|2|3,Tile_1,668,0.0274648,0.0274648,1.02785,0,0.934679,-0.0274648,-0.0950173,0.00255857,124.336
img_fb8d4e5c370423a144a63ab7,left,rig_d173e0b2e7cdcd32b8c5aeed,1772726563353852928,0.8281,indoor,0|1|2|3,Tile_1,669,0.0467373,0.0467373,1.04785,0,0.934679,-0.0467373,-0.11429,0.0170798,92.8038
img_fc66080d5ff5d4c012c31698,right,rig_555a91a88fb42ed8d310cfa5,1772726518851176960,0.6267,outdoor,0|1|2|3,Tile_1,670,-0.0915309,-0.0915309,0.912533,0,0.934679,0.0915309,0.0239784,0.0232535,99.8364
img_fce08d9c2de871a505cf83b2,left,rig_0ecd86b20f310e2fb0b20192,1772726533852102912,0.6946,indoor,1|2|3,Tile_1,671,-0.093493,-0.093493,0.910744,0,0.934679,0.093493,0.0259406,0.024914,88.8357
img_fdf56b0a509ae739efc34a67,left,rig_b6dda00ce31fe345c8a93d93,1772726529851942144,0.6765,indoor,1|2|3,Tile_1,672,0.149033,0.149033,1.16071,0,0.934679,-0.149033,-0.216586,0.0116834,69.7109
img_fe46c480df46c4db13c4fd6c,right,rig_b5687b0cb5abac30ed7f48ac,1772726426345481984,0.2081,outdoor,0|1|2|3,Tile_1,673,-0.00201069,-0.00201069,0.997991,0,0.934679,0.00201069,-0.0655418,0.000505676,119.364
img_ff02d8c153151283c2e34cd4,left,rig_626e93c9228dc8ed10db7617,1772726541852634880,0.7308,indoor,0|1|2|3,Tile_1,674,-0.230833,-0.230833,0.793872,0,0.934679,0.230833,0.16328,0.028348,83.4416
img_ff7bb1d8e38e09e81058a33b,right,rig_675eeb0cbecc3b94dff85183,1772726567354107904,0.8462,indoor,1|2|3,Tile_1,675,0.0149472,0.0149472,1.01506,0,0.934679,-0.0149472,-0.0824997,0.00532846,95.999
img_ffa390bbaefb6eec5a6f87fb,right,rig_ce9e6546973b269e2e388a8f,1772726474348491008,0.4253,outdoor,0|1|2|3,Tile_1,676,0.00175251,0.00175251,1.00175,0,0.934679,-0.00175251,-0.069305,0.019027,123.746
img_00ec71ecfd73b6eb59d8f832,right,rig_daf5c6b3afeb96478e0b6632,1772726468348113920,0.3982,indoor,0|1|2|3,Tile_2,0,-0.112156,-0.112156,0.893905,0,0.915382,0.112156,0.0237418,0.0225365,127.602
img_00ef5ab491af9d423626e07b,left,rig_fcb5e5bc6e447db8fc1d90a4,1772726387843232000,0.0339,stationary_unresolved,2|3,Tile_2,1,-0.00847396,-0.00847396,0.991562,0,0.915382,0.00847396,-0.0799403,0.00120004,124.629
img_017105047612fa06bd54d2a9,left,rig_953c741586a8c1e2764492f2,1772726596855841792,0.9796,outdoor,0|1|2,Tile_2,2,-0.0279904,-0.0279904,0.972398,0,0.915382,0.0279904,-0.0604239,0.00298877,129.085
img_01a908951bd4dc96cb442bce,left,rig_d14b49b462a068a3c9a4ed3a,1772726586855243008,0.9344,outdoor,0|1|2,Tile_2,3,-0.197369,-0.197369,0.820887,0,0.915382,0.197369,0.108955,0.00163779,103.308
img_02167f65b42e301e9acb4f89,right,rig_b6d35ffa75aea615e7ca680d,1772726465847951872,0.3869,indoor,0|1|2|3,Tile_2,4,-0.172395,-0.172395,0.841646,0,0.915382,0.172395,0.083981,0.00717003,108.519
img_0270831497d17f59f1c3de3e,right,rig_8b13c74411784e7525ca0187,1772726598855995904,0.9887,indoor,0|1|2|3,Tile_2,5,-0.408309,-0.408309,0.664773,0,0.915382,0.408309,0.319895,0.00879272,99.7824
img_02c50c1e41ca50d8799dfef7,left,rig_e4d458f95dcbeb0f06651337,1772726545852810752,0.7489,indoor,1|2|3,Tile_2,6,0.0199246,0.0199246,1.02012,0,0.915382,-0.0199246,-0.108339,0.0132306,101.188
img_02ea8d71b98fade9b737af1e,left,rig_0ddb1b1864e5a016c4535dcf,1772726456347391744,0.3439,covered,0|1|2|3,Tile_2,7,-0.339582,-0.339582,0.712068,0,0.915382,0.339582,0.251168,0.000709455,113.433
img_03155e815f3ed8c386df41d7,left,rig_61ddcb249fb315d6b3a7c599,1772726522351398912,0.6425,outdoor,2|3,Tile_2,8,0.0495738,0.0495738,1.05082,0,0.915382,-0.0495738,-0.137988,0.00487562,102.056
img_03470cda035b5adeddb4a5b3,right,rig_45254873f743668026e05080,1772726400343847936,0.0905,outdoor,0|1|2|3,Tile_2,9,-0.246696,-0.246696,0.781378,0,0.915382,0.246696,0.158282,0.0124985,97.3227
img_03d3b8c62d66fac93b032a26,left,rig_6c1ad393c23fd7273a74566c,1772726569354202880,0.8552,indoor,0|1|2|3,Tile_2,10,-0.694864,-0.693147,0.5,1,0.915382,0.693147,0.604733,0.0333444,75.0568
img_0438825960239522ce92a086,left,rig_a9ee8dfa439c365279d61976,1772726405844240896,0.1154,outdoor,2|3,Tile_2,11,-0.246284,-0.246284,0.7817,0,0.915382,0.246284,0.15787,0.021261,116.17
img_0466fd896d0aec73619005f8,left,rig_a6a833bb554e1ed680f753a0,1772726460347633920,0.362,covered,0|1|2|3,Tile_2,12,-0.569819,-0.569819,0.565628,0,0.915382,0.569819,0.481405,0.0190345,101.513
img_05cc6ae9bfec314d854c8837,right,rig_c4948ea06c313f97a02e89a1,1772726421845284864,0.1878,outdoor,0|1|2|3,Tile_2,13,-0.0432754,-0.0432754,0.957648,0,0.915382,0.0432754,-0.0451389,0.00101135,119.355
img_066ac1dbdc61cd379421eeef,left,rig_e7b87302ddd5eea841767532,1772726568854172928,0.8529,indoor,0|1|2|3,Tile_2,14,-0.368347,-0.368347,0.691877,0,0.915382,0.368347,0.279933,0.0414956,87.0159
img_06c8139bc95f57cd809da4fb,right,rig_e98573ad02fccb17e2acf042,1772726481348893952,0.457,covered,0|1|2|3,Tile_2,15,-0.0501245,-0.0501245,0.951111,0,0.915382,0.0501245,-0.0382897,0.0145136,119.456
img_06fe18d7805639029a0909d7,right,rig_67298aabd7f28fa9d9b15387,1772726457347432960,0.3484,covered,0|1|2|3,Tile_2,16,-0.677485,-0.677485,0.507893,0,0.915382,0.677485,0.589071,0.00761532,92.1112
img_07354bc7c501761f73d5c2ad,right,rig_71ae938deaaa4b9c6973bf08,1772726485849161984,0.4774,covered,0|1|2|3,Tile_2,17,-0.342724,-0.342724,0.709834,0,0.915382,0.342724,0.25431,0.0200534,107.452
img_074273e7808b362c2a94f76a,left,rig_b6d35ffa75aea615e7ca680d,1772726465847965952,0.3869,indoor,0|1|2|3,Tile_2,18,-0.55348,-0.55348,0.574946,0,0.915382,0.55348,0.465065,0.0233743,96.9234
img_07ad9afb8ee9b4439797e520,right,rig_a7eccdb605b1978cb585d069,1772726430345854976,0.2262,outdoor,0|1|2|3,Tile_2,19,-0.0772816,-0.0772816,0.925629,0,0.915382,0.0772816,-0.0111327,0.00352463,125.209
img_0808a922b5bfb00ee7a01908,right,rig_883a4ebb7e6586e4fd3b4547,1772726383842921984,0.0158,stationary_unresolved,0|1|2|3,Tile_2,20,-0.080694,-0.080694,0.922476,0,0.915382,0.080694,-0.00772019,0.0108607,114.693
img_0898f79cccd2c021fa397a68,left,rig_677aee1563d91ee8f93d06ce,1772726451347102976,0.3213,outdoor,0|1|2,Tile_2,21,-0.0520238,-0.0520238,0.949306,0,0.915382,0.0520238,-0.0363904,0.00221139,112.605
img_08be8925fb80bbea018fd25a,left,rig_b9e77c1689a5f6e9a74cc126,1772726599355994880,0.991,stationary_unresolved,0|1|2,Tile_2,22,-0.0098219,-0.0098219,0.990226,0,0.915382,0.0098219,-0.0785923,0.00512468,112.114
img_0a619ec4779c27a97495a4d5,left,rig_d0d3489bce13de8504e92186,1772726503350252800,0.5566,outdoor,0|1|2|3,Tile_2,23,-0.0404216,-0.0404216,0.960384,0,0.915382,0.0404216,-0.0479926,0.00683794,119.364
img_0bdb034725fc3184e49fe35e,left,rig_5ba6282df12e9eb109b72ac5,1772726496349854976,0.5249,outdoor,0|1|2|3,Tile_2,24,-0.0583136,-0.0583136,0.943354,0,0.915382,0.0583136,-0.0301007,0.00303405,122.891
img_0c5af46cf601f1ba240045ea,right,rig_78d42ea51d8af589ae473677,1772726435346088960,0.2489,outdoor,0|1|2|3,Tile_2,25,0.0785555,0.0785555,1.08172,0,0.915382,-0.0785555,-0.16697,0.00584169,130.188
img_0c6b408f60b2b130e10c33e8,left,rig_5bd893355a78101c356da067,1772726481848939008,0.4593,covered,0|1|2,Tile_2,26,0.0011665,0.0011665,1.00117,0,0.915382,-0.0011665,-0.0895807,0.00156986,121.912
img_0d0e8da31b5f41cd32b8700d,left,rig_5db1eaca76128be874ae3761,1772726492349612032,0.5068,covered,0|1|2|3,Tile_2,27,-0.0149079,-0.0149079,0.985203,0,0.915382,0.0149079,-0.0735064,0.00462655,123.829
img_0dbc2e12a7bdf36399e2e44c,left,rig_fdfcb9dc9abc485751e8d4da,1772726517351102976,0.6199,outdoor,2|3,Tile_2,28,-0.0896852,-0.0896852,0.914219,0,0.915382,0.0896852,0.00127092,0.00433221,90.8189
img_0e30201037f2d207322568eb,left,rig_dc7d050f3d4f4e2f909906ff,1772726453847245824,0.3326,outdoor,0|1|2|3,Tile_2,29,0.0982907,0.0982907,1.10328,0,0.915382,-0.0982907,-0.186705,0.00286046,123.186
img_0e90c061ce70226ad4b32bed,left,rig_9838789f9a6a87aba15b73bf,1772726391843456000,0.052,outdoor,1|2|3,Tile_2,30,-0.0429392,-0.0429392,0.95797,0,0.915382,0.0429392,-0.0454751,0.0039171,118.562
img_0ea21c0b2a26ae88b3f41c1b,left,rig_73fcc250282f0b61f460356a,1772726550353076992,0.7692,indoor,0|1|2|3,Tile_2,31,0.0102164,0.0102164,1.01027,0,0.915382,-0.0102164,-0.0986307,0.0102041,92.8008
img_0fcf49cd7f81361297e23ec7,right,rig_867b85a1c6e97d39fa18e806,1772726483349016064,0.4661,covered,0|1|2|3,Tile_2,32,-0.203671,-0.203671,0.815731,0,0.915382,0.203671,0.115257,0.0221667,120.89
img_0fd1829e4d452fc9e06670fe,right,rig_9270bb45deabba98f3d35bfa,1772726422845303040,0.1923,outdoor,0|1|2|3,Tile_2,33,0.0210344,0.0210344,1.02126,0,0.915382,-0.0210344,-0.109449,0.00123023,119.664
img_0ff5a27bcf3781c5964f8ee6,left,rig_b7a1dcca113aef53dd74f487,1772726486349241856,0.4796,covered,0|1|2|3,Tile_2,34,-0.0680828,-0.0680828,0.934183,0,0.915382,0.0680828,-0.0203314,0.00235479,125.597
img_103dec49eddc71b8b42bba6d,left,rig_1ab5226f8da5570f953ba492,1772726593855660800,0.9661,outdoor,0|1|2|3,Tile_2,35,-0.0813811,-0.0813811,0.921842,0,0.915382,0.0813811,-0.00703309,0.00188685,128.388
img_10530dbf7d673c59270af5e2,right,rig_3a9d46edf8ddc75aac3a8541,1772726393343502080,0.0588,outdoor,0|1|2|3,Tile_2,36,-0.300246,-0.300246,0.740636,0,0.915382,0.300246,0.211832,0.0127702,110.386
img_10c63029b85d03efbb6fd32d,left,rig_9614504d089c4bd4339bcbf8,1772726571854343936,0.8665,indoor,0|1|2|3,Tile_2,37,-0.739355,-0.693147,0.5,1,0.915382,0.693147,0.604733,0.0198723,55.785
img_10dc9db4cfbc3df8c9f6bd2d,left,rig_96ae58701ae6a7d9fbdeb55b,1772726516351040000,0.6154,outdoor,2|3,Tile_2,38,-0.0281522,-0.0281522,0.97224,0,0.915382,0.0281522,-0.0602621,0.00464165,102.473
img_110381b7bba614dd62d9fdec,left,rig_c834a316c058d90965269ede,1772726479848819968,0.4502,outdoor,0|1|2,Tile_2,39,-0.0338229,-0.0338229,0.966743,0,0.915382,0.0338229,-0.0545914,0.00414352,118.924
img_11466a5a9c6d1f4586f1c7d2,left,rig_5942bb995bfef7e68350bdd4,1772726570854331136,0.862,indoor,0|1|2|3,Tile_2,40,-0.73604,-0.693147,0.5,1,0.915382,0.693147,0.604733,0.0233139,59.6439
img_114e1796fe707593c85a2478,left,rig_46f240f13cd2c9799ddd288b,1772726466848033024,0.3914,indoor,0|1|2|3,Tile_2,41,-0.532511,-0.532511,0.587129,0,0.915382,0.532511,0.444097,0.0289669,101.143
img_118dfff94fcc01a22eedc2e8,left,rig_efcd62d71c5d28e141da5cb3,1772726398843777024,0.0837,outdoor,2|3,Tile_2,42,-0.133139,-0.133139,0.875343,0,0.915382,0.133139,0.0447249,0.0072606,119.483
img_125efba8e64a1900654063c3,right,rig_d5b118e7a9fc9447562f0248,1772726444846667008,0.2919,outdoor,0|1|2|3,Tile_2,43,0.115157,0.115157,1.12205,0,0.915382,-0.115157,-0.203571,0.00421145,126.428
img_12a22b7454c54ed6dd944f06,left,rig_7862adc4c91ebba1b81887fe,1772726478348732928,0.4434,outdoor,0|1|2,Tile_2,44,-0.0719725,-0.0719725,0.930556,0,0.915382,0.0719725,-0.0164417,0.0149891,126.58
img_12ce6a109336320a768745d0,left,rig_475020cf2c7c50962fbaae56,1772726514850949120,0.6086,outdoor,1|2|3,Tile_2,45,0.0484024,0.0484024,1.04959,0,0.915382,-0.0484024,-0.136817,0.0066719,111.228
img_13691d7391a8be50b061c1b3,right,rig_dee50a77658b8fc7cdc87a21,1772726587855288064,0.9389,outdoor,0|1|2|3,Tile_2,46,-0.00168283,-0.00168283,0.998319,0,0.915382,0.00168283,-0.0867314,0.0515563,136.609
img_1371e2f1b988b88eea55fbdc,right,rig_e585abc0baa8a604cac46954,1772726437846272000,0.2602,outdoor,0|1|2|3,Tile_2,47,0.000964164,0.000964164,1.00096,0,0.915382,-0.000964164,-0.0893784,0.00659643,129.974
img_137fc7a6b6690290c21a8800,left,rig_73278438c5987edce280624d,1772726405344221952,0.1131,outdoor,2|3,Tile_2,48,-0.155569,-0.155569,0.855928,0,0.915382,0.155569,0.0671545,0.0161892,113.302
img_14760453402721edd574fe64,left,rig_0ec87fa7eec60a30376bb767,1772726394843636992,0.0656,outdoor,2|3,Tile_2,49,-0.186602,-0.186602,0.829774,0,0.915382,0.186602,0.0981881,0.00276235,125.134
img_15207674b99f1db132d932c6,left,rig_7ee093cfd4a4a20579ebc37a,1772726513850887936,0.6041,outdoor,0|1|2|3,Tile_2,50,-0.0392917,-0.0392917,0.96147,0,0.915382,0.0392917,-0.0491225,0.00510204,116.418
img_15fb76ef6ac109612bfa8138,right,rig_08045c9415b26b9156f0210b,1772726493349649920,0.5113,outdoor,0|1|2|3,Tile_2,51,-0.550278,-0.550278,0.57679,0,0.915382,0.550278,0.461863,0.00654359,92.9584
img_15fea5143b9ed9b965e29b36,left,rig_b1b4744543888aaed04abc31,1772726406344272896,0.1176,outdoor,2|3,Tile_2,52,-0.241721,-0.241721,0.785276,0,0.915382,0.241721,0.153306,0.0279858,119.05
img_1618118629bef1789633f0dd,right,rig_95015a4111967a6aaf48d481,1772726411844603136,0.1425,outdoor,0|1|2|3,Tile_2,53,-0.443204,-0.443204,0.641976,0,0.915382,0.443204,0.35479,0.00731343,86.0251
img_17448ab8d9da2c0b067a56a8,left,rig_239e0e0e1c144aa3406d452a,1772726499350018048,0.5385,outdoor,0|1|2|3,Tile_2,54,-0.010502,-0.010502,0.989553,0,0.915382,0.010502,-0.0779122,0.000641529,120.619
img_17a66f4cb62764dda6efae60,left,rig_7a24f47d6c5ebd963de0ca67,1772726380342691072,0,stationary_unresolved,2|3,Tile_2,55,-0.119147,-0.119147,0.887677,0,0.915382,0.119147,0.0307332,0.00139627,125.074
img_17bf1628f94e193f3c3d8235,left,rig_883a4ebb7e6586e4fd3b4547,1772726383842925056,0.0158,stationary_unresolved,2|3,Tile_2,56,-0.0080071,-0.0080071,0.992025,0,0.915382,0.0080071,-0.0804071,0.00128306,125.139
img_18576273c5c20fc7e1f342c8,left,rig_8f689c5c301741cf23abc7c9,1772726460847641856,0.3643,covered,0|1|2|3,Tile_2,57,-0.419141,-0.419141,0.657611,0,0.915382,0.419141,0.330727,0.0195855,99.6059
img_1871157e950c16814045b7fb,right,rig_000e7028c2e231119a9064fc,1772726516851055872,0.6176,outdoor,0|1|2|3,Tile_2,58,-0.248055,-0.248055,0.780317,0,0.915382,0.248055,0.159641,0.0173968,95.3866
img_18bab3dd6b4d34c67c53fdb6,right,rig_7f2588eb25297d7f69e812fc,1772726449346952960,0.3122,outdoor,0|1|2|3,Tile_2,59,0.100635,0.100635,1.10587,0,0.915382,-0.100635,-0.189049,0.00517751,123.775
img_18d28fb7e23a0e8d27ec413d,left,rig_3c9b5164bc1951213a7933b9,1772726528351821824,0.6697,indoor,1|2|3,Tile_2,60,-0.0302723,-0.0302723,0.970181,0,0.915382,0.0302723,-0.0581419,0.00908707,70.422
img_190257395cb0336ab5d50631,right,rig_42c8aac685d419f4a083e936,1772726484349078016,0.4706,covered,0|1|2|3,Tile_2,61,-0.156089,-0.156089,0.855483,0,0.915382,0.156089,0.0676749,0.0317142,121.015
img_1966204401da23120883fd70,right,rig_185c950ddf4051317e0a520a,1772726570354244864,0.8597,indoor,1|2|3,Tile_2,62,0.132371,0.132371,1.14153,0,0.915382,-0.132371,-0.220786,0.0124532,94.1682
img_19b325eb7f251301eb6db660,right,rig_f4fa085608d11316ec5a7092,1772726436346120960,0.2534,outdoor,0|1|2|3,Tile_2,63,0.0638918,0.0638918,1.06598,0,0.915382,-0.0638918,-0.152306,0.00599263,130.187
img_19e8211ae6c6bb6328e3ac0c,left,rig_a9481abfdcb40f879a0fa555,1772726506350424064,0.5701,covered,0|1|2|3,Tile_2,64,0.0955332,0.0955332,1.10025,0,0.915382,-0.0955332,-0.183947,0.00735871,105.317
img_1a265d9e130f6059a7c5e9a6,left,rig_b523206b5c02312cc70e1083,1772726558853588992,0.8077,indoor,1|2|3,Tile_2,65,0.0552338,0.0552338,1.05679,0,0.915382,-0.0552338,-0.143648,0.00917764,101.024
img_1a38b2127348ddbd3e540b2f,right,rig_815f0bdecab8dc5043ac5c96,1772726416844912896,0.1652,outdoor,0|1|2|3,Tile_2,66,-0.0815674,-0.0815674,0.921671,0,0.915382,0.0815674,-0.00684684,0.00642284,125.071
img_1a415e4ff347474b2fe0e6fd,right,rig_38eb9f77a7130dc9f18b2333,1772726389843281920,0.043,outdoor,0|1|2|3,Tile_2,67,-0.125224,-0.125224,0.8823,0,0.915382,0.125224,0.0368095,0.0142646,110.211
img_1a5eee9849f95e3f1ffef40d,right,rig_91e8f573f92fc625b8bc22c6,1772726446846832896,0.3009,outdoor,0|1|2|3,Tile_2,68,-0.00538278,-0.00538278,0.994632,0,0.915382,0.00538278,-0.0830315,0.00378879,120.21
img_1a62eea81648de2de47d1d27,right,rig_cc780f250500d86fdd99fa40,1772726428845664000,0.2195,outdoor,0|1|2|3,Tile_2,69,0.0985137,0.0985137,1.10353,0,0.915382,-0.0985137,-0.186928,0.00313217,126.223
img_1aa7b18f3768436540234cc0,left,rig_efe79713cf7a7fd38fbf03f9,1772726535852226048,0.7036,indoor,0|1|2|3,Tile_2,70,-0.245474,-0.245474,0.782334,0,0.915382,0.245474,0.15706,0.0163175,68.8814
img_1b406da0e87bb6871507e4a4,left,rig_f6c0a409ad2a6f05349ec701,1772726595355776000,0.9729,outdoor,0|1|2,Tile_2,71,-0.152545,-0.152545,0.85852,0,0.915382,0.152545,0.0641307,0.00236234,128.273
img_1bc6af48816e6b6269928548,right,rig_0deca8a3105fec84911844ac,1772726601356096000,1,stationary_unresolved,0|1|2|3,Tile_2,72,-0.322546,-0.322546,0.724303,0,0.915382,0.322546,0.234132,0.0111852,105.556
img_1bdd12683633f0e9db0e63a8,left,rig_54dd0aae97db62e2835f9262,1772726504850355968,0.5633,outdoor,0|1|2|3,Tile_2,73,-0.132146,-0.132146,0.876213,0,0.915382,0.132146,0.0437313,0.0193364,121.32
img_1c484dfbc739f998461e0252,left,rig_fecabf1f0df1d4efe3758382,1772726410344523008,0.1357,outdoor,2|3,Tile_2,74,-0.201231,-0.201231,0.817723,0,0.915382,0.201231,0.112817,0.0201516,117.187
img_1c8b089945f81db8f6c8dded,left,rig_a651d290576dfa06dcd5066f,1772726513350861056,0.6018,outdoor,0|1|2|3,Tile_2,75,-0.0316414,-0.0316414,0.968854,0,0.915382,0.0316414,-0.0567728,0.0053662,118.216
img_1c9c566ccc6d3b5e801f396d,right,rig_3d24f62e769f9eae03564a1a,1772726567854182912,0.8484,indoor,1|2|3,Tile_2,76,0.127669,0.127669,1.13618,0,0.915382,-0.127669,-0.216083,0.00602282,98.324
img_1dbea71c3cf92e7aa3fc5df4,left,rig_baf1f86f504d512866abf083,1772726549353015808,0.7647,indoor,0|1|2|3,Tile_2,77,-0.00078363,-0.00078363,0.999217,0,0.915382,0.00078363,-0.0876306,0.00993992,86.7319
img_1de04bfc85f49dfaa0d0a760,left,rig_9c5420c2dc4237861155c34a,1772726568354146048,0.8507,indoor,0|1|2|3,Tile_2,78,-0.0659718,-0.0659718,0.936157,0,0.915382,0.0659718,-0.0224425,0.0430881,94.0366
img_1f5dcabe54d22d5e520d4af1,right,rig_44c5ab838227c5301b4ca274,1772726538352439808,0.7149,indoor,0|1|2,Tile_2,79,-0.416029,-0.416029,0.659661,0,0.915382,0.416029,0.327614,0.0161061,84.1619
img_1f7cf648acdfeca84393921f,right,rig_09c06411065d337169b08361,1772726380842701056,0.0023,stationary_unresolved,0|1|2|3,Tile_2,80,-0.0372121,-0.0372121,0.963472,0,0.915382,0.0372121,-0.0512021,0.0109588,114.496
img_1fb3a72aca781ca07d397457,right,rig_a269c1f9931fa5f01c0c3525,1772726422345296896,0.19,outdoor,0|1|2|3,Tile_2,81,-0.0596348,-0.0596348,0.942108,0,0.915382,0.0596348,-0.0287794,0.00107173,119.413
img_204ab088850d639090e9ac4e,left,rig_ee943dd6b5dc0ea6f147e99c,1772726509350616064,0.5837,covered,0|1|2|3,Tile_2,82,0.105716,0.105716,1.11151,0,0.915382,-0.105716,-0.19413,0.0120834,114.524
img_20a58f5ac4250200235962e2,right,rig_bd64003ad2891939b621d468,1772726434846021888,0.2466,outdoor,0|1|2|3,Tile_2,83,0.0828834,0.0828834,1.08642,0,0.915382,-0.0828834,-0.171298,0.00581904,130.53
img_20db9aea57590d693ed1f417,right,rig_06c6acc11162079bbf66bfcb,1772726404844192000,0.1109,outdoor,0|1|2|3,Tile_2,84,-0.176458,-0.176458,0.838234,0,0.915382,0.176458,0.088044,0.0110418,105.27
img_21b71b6f7e7b5625bf4518b6,left,rig_34a82c122eafbdd07729c7a3,1772726518351163904,0.6244,outdoor,2|3,Tile_2,85,-0.00192943,-0.00192943,0.998072,0,0.915382,0.00192943,-0.0864848,0.0102494,104.731
img_21b946b919113ef2ad217f20,left,rig_f06333428d4f48f2cf7fbe79,1772726510350723072,0.5882,covered,0|1|2|3,Tile_2,86,0.06352,0.06352,1.06558,0,0.915382,-0.06352,-0.151934,0.0062266,114.998
img_21d4e3abf4b931012a5defa6,left,rig_42c8aac685d419f4a083e936,1772726484349094912,0.4706,covered,0|1|2,Tile_2,87,0.0196001,0.0196001,1.01979,0,0.915382,-0.0196001,-0.108014,0.00179628,127.137
img_22e44fb6ad093ee3fb1939ad,left,rig_75972693af0c6674030fbff4,1772726482849031936,0.4638,covered,0|1|2,Tile_2,88,-0.0645395,-0.0645395,0.937499,0,0.915382,0.0645395,-0.0238748,0.00105664,125.641
img_231b7c7f9d8a8a43c94a9fd3,left,rig_3d24f62e769f9eae03564a1a,1772726567854188032,0.8484,indoor,0|1|2|3,Tile_2,89,0.00866244,0.00866244,1.0087,0,0.915382,-0.00866244,-0.0970767,0.0394578,96.8442
img_23c65376ef8846d50e306c49,right,rig_cdf107e3e1b044065efd0add,1772726536852359168,0.7081,indoor,0|1|2,Tile_2,90,-0.436381,-0.436381,0.646371,0,0.915382,0.436381,0.347967,0.00938142,77.6649
img_23dfbf209861f4b03fe77515,left,rig_74a2fbfee61b66c0431611c4,1772726488349326848,0.4887,covered,0|1|2|3,Tile_2,91,-0.0287424,-0.0287424,0.971667,0,0.915382,0.0287424,-0.0596719,0.00301141,125.521
img_23f736d972ccf1608ccbe107,right,rig_77d59ad49037938e9356612d,1772726425345463040,0.2036,outdoor,0|1|2|3,Tile_2,92,0.0301098,0.0301098,1.03057,0,0.915382,-0.0301098,-0.118524,0.00117739,120.793
img_241bf65803f5d5bdb63fa53d,left,rig_1b77278a024b36d79631b868,1772726409844491008,0.1335,outdoor,2|3,Tile_2,93,-0.24345,-0.24345,0.783919,0,0.915382,0.24345,0.155035,0.0116381,108.818
img_24360a542c1b719c91d5a0e8,right,rig_d7a8710ef2ec0515707ccb1c,1772726541352529920,0.7285,indoor,0|1|2|3,Tile_2,94,-0.686172,-0.686172,0.5035,0,0.915382,0.686172,0.597758,0.0224309,72.2144
img_245cad044e9f3a264ef1987a,left,rig_69c65f7075f6f69eff3108cd,1772726599856021760,0.9932,stationary_unresolved,0|1|2,Tile_2,95,0.0339755,0.0339755,1.03456,0,0.915382,-0.0339755,-0.12239,0.00519261,110.975
img_2461a33a99ca0046b9a7c112,right,rig_3968ced941aff232b9a4cb9c,1772726511350733056,0.5928,covered,0|1|2|3,Tile_2,96,-0.227864,-0.227864,0.796232,0,0.915382,0.227864,0.13945,0.0193591,84.1759
img_246e9ec9e0ed774cd0cbefb4,right,rig_3fcd9fae7198946570f03492,1772726383342850816,0.0136,stationary_unresolved,0|1|2|3,Tile_2,97,-0.132663,-0.132663,0.875761,0,0.915382,0.132663,0.0442483,0.0108532,114.684
img_24d4e5bc6fa22cd9ea92ff2e,right,rig_421a6a88885f1816ddea56e9,1772726418345015040,0.1719,outdoor,0|1|2|3,Tile_2,98,-0.0579309,-0.0579309,0.943715,0,0.915382,0.0579309,-0.0304834,0.00534356,126.335
img_2528134f0c15a2a2a931c0df,right,rig_1d90e98300a7062d9a2aaa55,1772726432345931008,0.2353,outdoor,0|1|2|3,Tile_2,99,0.049617,0.049617,1.05087,0,0.915382,-0.049617,-0.138031,0.00435485,127.181
img_2583dd744e4c06e135d8853a,right,rig_d5ea6b2b38d4468cdf4ea78f,1772726412344637952,0.1448,outdoor,0|1|2|3,Tile_2,100,-0.306888,-0.306888,0.735733,0,0.915382,0.306888,0.218474,0.0158948,100.483
img_25873a17d1cb3eab2998efaa,left,rig_91315d3ab36ef2819c717c09,1772726505350363136,0.5656,covered,0|1|2|3,Tile_2,101,-0.112527,-0.112527,0.893573,0,0.915382,0.112527,0.024113,0.0168533,117.752
img_25e6a3ccf8f993f62610918f,left,rig_8685b41aac1770a226eb43f6,1772726402844072960,0.1018,outdoor,2|3,Tile_2,102,-0.105368,-0.105368,0.899994,0,0.915382,0.105368,0.0169534,0.0186723,118.693
img_25e709e621e208bb6d69963c,left,rig_4325fccd73567f9f5074f0e8,1772726546852907776,0.7534,indoor,1|2|3,Tile_2,103,0.115549,0.115549,1.12249,0,0.915382,-0.115549,-0.203963,0.0132306,100.524
img_26e10d650ada982eed86237e,right,rig_fdfcb9dc9abc485751e8d4da,1772726517351086848,0.6199,outdoor,0|1|2|3,Tile_2,104,-0.108062,-0.108062,0.897572,0,0.915382,0.108062,0.0196474,0.0145136,93.4617
img_26f74b29376a0bc5d2f9d8b7,left,rig_1e3881120caef06297f0f25e,1772726478848760832,0.4457,outdoor,0|1|2,Tile_2,105,-0.0143722,-0.0143722,0.985731,0,0.915382,0.0143722,-0.074042,0.0107852,122.97
img_282eaf688d90268d18f5fd7a,left,rig_628ed43a6e99e253002d2a91,1772726484849123840,0.4729,covered,0|1|2,Tile_2,106,-0.00500434,-0.00500434,0.995008,0,0.915382,0.00500434,-0.0834099,0.00188685,127.476
img_289ddac6eecdcfcb171a9cff,left,rig_57abffbe71119b953b048e03,1772726514350950912,0.6063,outdoor,1|2|3,Tile_2,107,-0.0478074,-0.0478074,0.953317,0,0.915382,0.0478074,-0.0406068,0.00587188,113.435
img_28ae3ec748a5e0d8c78031df,right,rig_244a3146cf6923f6963a3a04,1772726419845116928,0.1787,outdoor,0|1|2|3,Tile_2,108,0.0242144,0.0242144,1.02451,0,0.915382,-0.0242144,-0.112629,0.00273216,122.876
img_28d49635350a139c44d259ec,right,rig_d0d21b60f0a7f6764ead35e1,1772726476348654080,0.4344,outdoor,0|1|2|3,Tile_2,109,-0.0303489,-0.0303489,0.970107,0,0.915382,0.0303489,-0.0580653,0.0150269,116.016
img_296543e0b24fc5e6e262f386,right,rig_9d5f571dfecabff590a1442a,1772726474848523008,0.4276,outdoor,0|1|2|3,Tile_2,110,-0.178455,-0.178455,0.836562,0,0.915382,0.178455,0.0900403,0.0244007,120.674
img_298eb4ad7a7fb190d39583ea,right,rig_98411c0aa32b79a2d0ca9baa,1772726403344114176,0.1041,outdoor,0|1|2|3,Tile_2,111,-0.185186,-0.185186,0.83095,0,0.915382,0.185186,0.0967718,0.00314726,92.7395
img_29d23f4728629b14cbc9d1c0,left,rig_950ebaef281cbcf80c72a826,1772726403844177920,0.1063,outdoor,2|3,Tile_2,112,-0.156128,-0.156128,0.855449,0,0.915382,0.156128,0.067714,0.0133891,110.548
img_29f0cdf6a31f8207e452d529,left,rig_e8f612a2355b17f8b3c2c37d,1772726450347032064,0.3167,outdoor,0|1|2|3,Tile_2,113,-0.258968,-0.258968,0.771847,0,0.915382,0.258968,0.170554,0.00132079,103.187
img_2a01d8380fb472ce1a05426b,left,rig_164ce30d30979d2920995f26,1772726454847305984,0.3371,outdoor,0|1|2|3,Tile_2,114,-0.00797914,-0.00797914,0.992053,0,0.915382,0.00797914,-0.0804351,0.00299632,120.353
img_2a571292a4944bb3c65b1e06,left,rig_7f2588eb25297d7f69e812fc,1772726449346968832,0.3122,outdoor,0|1|2|3,Tile_2,115,-0.221054,-0.221054,0.801673,0,0.915382,0.221054,0.13264,0.00447561,105.104
img_2ae3e0c408fdb6d83118f6ea,left,rig_2cdcb12b87524dcabf8ab53f,1772726396843731968,0.0747,outdoor,2|3,Tile_2,116,-0.0760555,-0.0760555,0.926765,0,0.915382,0.0760555,-0.0123587,0.00378879,125.7
img_2b03f8db151c2afacd17aa26,left,rig_dbc687d199a2da7ebdb5dda7,1772726559853716736,0.8122,indoor,0|1|2|3,Tile_2,117,-0.00171795,-0.00171795,0.998284,0,0.915382,0.00171795,-0.0866963,0.0189213,103.05
img_2bd2f89c0ed9038a7ebb2598,right,rig_b956cd29b76bd80f8e2fcff3,1772726441846484992,0.2783,outdoor,0|1|2|3,Tile_2,118,-0.105062,-0.105062,0.900269,0,0.915382,0.105062,0.0166478,0.00588697,119.286
img_2cb25c84f93cba5efbbe84c5,right,rig_a9ee8dfa439c365279d61976,1772726405844225792,0.1154,outdoor,0|1|2|3,Tile_2,119,-0.133944,-0.133944,0.874639,0,0.915382,0.133944,0.0455294,0.0151627,102.931
img_2d1f1a8a27f682dc4d1d2341,right,rig_56363446e94c146075038316,1772726537852328960,0.7127,indoor,0|1|2,Tile_2,120,-0.632967,-0.632967,0.531014,0,0.915382,0.632967,0.544553,0.0118494,76.877
img_2d4e13c684e33e7f3276e86f,left,rig_98874fa67831ae4f824c36f3,1772726389343275008,0.0407,indoor,2|3,Tile_2,121,-0.139835,-0.139835,0.869502,0,0.915382,0.139835,0.0514204,0.000845309,121.647
img_2e26d35424d8cce53de1db47,left,rig_2d8f0bdda1ba1facabf86573,1772726480848880128,0.4548,covered,0|1|2,Tile_2,122,-0.0946368,-0.0946368,0.909703,0,0.915382,0.0946368,0.00622258,0.00147929,115.574
img_2eb75f90a556b23139d0bb4a,right,rig_ed33bf04ed9e08f599df2b53,1772726561853813760,0.8213,indoor,2|3,Tile_2,123,-0.525052,-0.525052,0.591525,0,0.915382,0.525052,0.436638,0.0160307,83.3062
img_2f10fcf8c5f46899fd84dae9,left,rig_c0ac69772678faceae0ef9a2,1772726506850470144,0.5724,covered,0|1|2|3,Tile_2,124,0.0870008,0.0870008,1.0909,0,0.915382,-0.0870008,-0.175415,0.00547941,102.018
img_2f7b071dd4a79eebbbade4ce,left,rig_26e50c15137820a10f968d07,1772726447846873088,0.3054,outdoor,0|1|2|3,Tile_2,125,-0.110526,-0.110526,0.895363,0,0.915382,0.110526,0.0221117,0.00561526,108.129
img_2fe71151d4c449e1d3233bb5,right,rig_7dd4daacf866047206cfc7cd,1772726587355255808,0.9367,outdoor,0|1|2|3,Tile_2,126,0.0600328,0.0600328,1.06187,0,0.915382,-0.0600328,-0.148447,0.0341973,132.562
img_3039370f245c728e2420d10a,right,rig_9f4872e9303c818831e70a82,1772726581354892032,0.9095,indoor,0|1|2,Tile_2,127,-0.267745,-0.267745,0.765103,0,0.915382,0.267745,0.179331,0.0342652,116.148
img_3043344b3e94c3b01cca615b,right,rig_6c81c8380411c3f8b5338f5b,1772726494849748736,0.5181,outdoor,0|1|2|3,Tile_2,128,-0.221048,-0.221048,0.801678,0,0.915382,0.221048,0.132634,0.00744928,95.1854
img_304b50c95ed848aecc410e2d,left,rig_137f7ca11f3ce7fff3502d2f,1772726594855721984,0.9706,outdoor,0|1|2|3,Tile_2,129,-0.0661973,-0.0661973,0.935946,0,0.915382,0.0661973,-0.0222169,0.00219629,128.512
img_313927f8276bed83888b9791,right,rig_7a24f47d6c5ebd963de0ca67,1772726380342686976,0,stationary_unresolved,0|1|2|3,Tile_2,130,-0.0433467,-0.0433467,0.957579,0,0.915382,0.0433467,-0.0450676,0.0108833,114.42
img_31fb7f1b070f7fce4248960d,right,rig_e576df630958d6c8fa132821,1772726472848409856,0.4186,outdoor,0|1|2|3,Tile_2,131,-0.29917,-0.29917,0.741434,0,0.915382,0.29917,0.210755,0.012174,123.966
img_322efdb132cc0b10097d5d2f,left,rig_ae4998da7d29fe3cf72badee,1772726477348679936,0.4389,outdoor,0|1|2,Tile_2,132,-0.00286958,-0.00286958,0.997135,0,0.915382,0.00286958,-0.0855447,0.015359,128.146
img_32de473ad787ca0a568e7a34,left,rig_5b8f8987e5c066d5adbfbd83,1772726507850516992,0.5769,covered,0|1|2|3,Tile_2,133,0.0979635,0.0979635,1.10292,0,0.915382,-0.0979635,-0.186378,0.00745683,101.419
img_32e9de537a5b3fe60feaa235,left,rig_8c9df4cc0f7e042daa4d11b5,1772726462347738880,0.371,indoor,0|1|2|3,Tile_2,134,-0.468671,-0.468671,0.625833,0,0.915382,0.468671,0.380257,0.0198723,96.3736
img_332391c32c9690fa8c9a0d25,left,rig_d0d21b60f0a7f6764ead35e1,1772726476348655872,0.4344,outdoor,0|1|2,Tile_2,135,0.0193041,0.0193041,1.01949,0,0.915382,-0.0193041,-0.107718,0.00524544,123.847
img_33375a69985ab3e518251da0,left,rig_8e3bbcc1620e7105fa423668,1772726534352162816,0.6968,indoor,1|2|3,Tile_2,136,-0.221258,-0.221258,0.80151,0,0.915382,0.221258,0.132844,0.0244309,84.2677
img_336e1066e62f9bd81c7fb187,right,rig_388a49b5615936ae67d820be,1772726440846436864,0.2738,outdoor,0|1|2|3,Tile_2,137,-0.0685825,-0.0685825,0.933716,0,0.915382,0.0685825,-0.0198317,0.00715493,124.733
img_3393210d231014661a40fa97,right,rig_46f240f13cd2c9799ddd288b,1772726466848016896,0.3914,indoor,0|1|2|3,Tile_2,138,-0.0141452,-0.0141452,0.985954,0,0.915382,0.0141452,-0.074269,0.00995502,114.94
img_34740bb45b5ff4b8f0691b68,left,rig_3a320fe4b204c9933496b019,1772726483849063936,0.4683,covered,0|1|2,Tile_2,139,-0.0245178,-0.0245178,0.97578,0,0.915382,0.0245178,-0.0638965,0.0018944,127.117
img_349bb000c52f5a9444858a63,left,rig_3f5315056beccf8512b5d98a,1772726554353345792,0.7873,indoor,1|2|3,Tile_2,140,0.0739292,0.0739292,1.07673,0,0.915382,-0.0739292,-0.162343,0.0120758,93.0114
img_357e0e61ad2c2c039b3d8981,left,rig_ed16943e003f7cce4fcbc055,1772726564853989888,0.8348,indoor,0|1|2|3,Tile_2,141,-0.15226,-0.15226,0.858765,0,0.915382,0.15226,0.0638461,0.0162646,91.1751
img_36179b59758015708cbc0529,right,rig_c5283cd6ab5e0aa874eff166,1772726439346339840,0.267,outdoor,0|1|2|3,Tile_2,142,0.013184,0.013184,1.01327,0,0.915382,-0.013184,-0.101598,0.00712474,128.763
img_362f09e7739015207616d3d1,right,rig_358f66a96b2fd87a9bb34919,1772726584355077120,0.9231,outdoor,0|1|2,Tile_2,143,0.0488883,0.0488883,1.0501,0,0.915382,-0.0488883,-0.137303,0.00699644,115.865
img_3674d4aa9eeeccc919db54a9,right,rig_9838789f9a6a87aba15b73bf,1772726391843453952,0.052,outdoor,0|1|2|3,Tile_2,144,-0.119034,-0.119034,0.887777,0,0.915382,0.119034,0.0306202,0.010589,108.818
img_36e0205c98558c91ecf7584a,left,rig_7aef461595f805c89596172b,1772726407344336128,0.1222,outdoor,2|3,Tile_2,145,-0.114102,-0.114102,0.892167,0,0.915382,0.114102,0.0256877,0.0218648,117.406
img_37246760b5ed4ed5a5e1b554,left,rig_98411c0aa32b79a2d0ca9baa,1772726403344131072,0.1041,outdoor,2|3,Tile_2,146,-0.149767,-0.149767,0.860909,0,0.915382,0.149767,0.0613524,0.0114569,108.58
img_373b64b7f7265a6208ff2cda,left,rig_28b837fa6430a71dc20de2a4,1772726409344460032,0.1312,outdoor,2|3,Tile_2,147,-0.179383,-0.179383,0.835786,0,0.915382,0.179383,0.0909683,0.0105588,106.72
img_37961c1c8cbf65e14d0ea61c,left,rig_ed3f68cd30c4e541e9180d4e,1772726523851490048,0.6493,indoor,2|3,Tile_2,148,-0.0146586,-0.0146586,0.985448,0,0.915382,0.0146586,-0.0737556,0.00625679,85.0466
img_3856b29d30a5f8fae4c2ddaf,left,rig_10786c3b130262b1f7860d86,1772726523351459072,0.6471,outdoor,1|2|3,Tile_2,149,-0.109878,-0.109878,0.895944,0,0.915382,0.109878,0.0214635,0.00540394,89.906
img_3902505c4cb7ff45451f2bc1,right,rig_ecdcd5cf180b6355105f69dd,1772726487849280000,0.4864,covered,0|1|2|3,Tile_2,150,-0.352988,-0.352988,0.702585,0,0.915382,0.352988,0.264574,0.0123928,103.467
img_39270baa183005e40c561a87,left,rig_ed33bf04ed9e08f599df2b53,1772726561853817856,0.8213,indoor,0|1|2,Tile_2,151,-0.00923403,-0.00923403,0.990808,0,0.915382,0.00923403,-0.0791802,0.0188459,98.7594
img_39a06855544f8de8351e1656,right,rig_a33a8865eb8de38ea721d39e,1772726388343209984,0.0362,stationary_unresolved,0|1|2|3,Tile_2,152,-0.165194,-0.165194,0.84773,0,0.915382,0.165194,0.0767794,0.0108154,114.465
img_39bde7ed1336ec78411af4c0,right,rig_17282dbd39188418a1f5eefc,1772726426845512960,0.2104,outdoor,0|1|2|3,Tile_2,153,-0.013284,-0.013284,0.986804,0,0.915382,0.013284,-0.0751302,0.000400012,120.202
img_3a1483836f813dc9ad7e4edb,right,rig_5c02d0174791430a31e970bf,1772726398343756800,0.0814,outdoor,0|1|2|3,Tile_2,154,-0.290586,-0.290586,0.747825,0,0.915382,0.290586,0.202172,0.00444542,100.105
img_3a21b7ae860b72ed8804abcc,left,rig_d5ad6e81c3c552f2ccd6e469,1772726454347276032,0.3348,outdoor,0|1|2|3,Tile_2,155,-0.0895506,-0.0895506,0.914342,0,0.915382,0.0895506,0.00113639,0.00313217,121.986
img_3a3f6e458912e59d4d103169,right,rig_fd5029fa6244f23a7f271048,1772726575354534912,0.8824,indoor,0|1|2,Tile_2,156,0.326482,0.326482,1.38608,0,0.915382,-0.326482,-0.414896,0.0909612,132.059
img_3a67c36eb4b7f4b5eacf371d,left,rig_b6c28fb60084e876cb1574da,1772726449847025920,0.3145,outdoor,0|1|2|3,Tile_2,157,-0.239904,-0.239904,0.786703,0,0.915382,0.239904,0.15149,0.00452089,106.036
img_3a6ce437da18165267558062,left,rig_7ad14362b8ac6b0657939ec6,1772726461847707904,0.3688,indoor,0|1|2|3,Tile_2,158,-0.388994,-0.388994,0.677738,0,0.915382,0.388994,0.30058,0.0174571,96.8923
img_3a87ece1cbe89f05808cde41,right,rig_9c5420c2dc4237861155c34a,1772726568354127872,0.8507,indoor,1|2|3,Tile_2,159,0.0448993,0.0448993,1.04592,0,0.915382,-0.0448993,-0.133313,0.00824931,100.905
img_3aa5f8a1a9bd140b901357b4,right,rig_214904616a70a88658d746f2,1772726510850697984,0.5905,covered,0|1|2|3,Tile_2,160,-0.247576,-0.247576,0.780691,0,0.915382,0.247576,0.159161,0.0246875,93.7141
img_3b6ed57064a70ad37a048c7b,right,rig_7fdb0caca6507a455ae7188f,1772726515850993920,0.6131,outdoor,0|1|2|3,Tile_2,161,-0.141109,-0.141109,0.868395,0,0.915382,0.141109,0.0526949,0.0225592,100.616
img_3b78593293b36ba29767fecd,left,rig_1e8b9b6d6e185fe3fe9e73b3,1772726529351892992,0.6742,indoor,1|2|3,Tile_2,162,-0.217814,-0.217814,0.804275,0,0.915382,0.217814,0.1294,0.00975879,67.2176
img_3bda781d868a9fac1d656701,right,rig_2eceaef844c68e4af5ba152c,1772726464347843840,0.3801,indoor,0|1|2|3,Tile_2,163,-0.244515,-0.244515,0.783085,0,0.915382,0.244515,0.1561,0.00654359,100.334
img_3ccd121aa7728f30746b1d1b,left,rig_5a5ac7fa4f5b9d2c2ddad340,1772726521351338752,0.638,outdoor,2|3,Tile_2,164,-0.096546,-0.096546,0.907968,0,0.915382,0.096546,0.00813179,0.00535865,109.541
img_3d1b5a29d5f1e5eadcddf16e,left,rig_4c0225da8a77199deca115fd,1772726566854088192,0.8439,indoor,0|1|2|3,Tile_2,165,-0.150474,-0.150474,0.8603,0,0.915382,0.150474,0.0620594,0.0219856,90.4736
img_3dd943e1fbc94dc8c092af49,right,rig_b6c28fb60084e876cb1574da,1772726449847023872,0.3145,outdoor,0|1|2|3,Tile_2,166,0.10374,0.10374,1.10931,0,0.915382,-0.10374,-0.192155,0.00549451,123.106
img_3e88d0dfb8ec76e7b1d751e2,left,rig_5c02d0174791430a31e970bf,1772726398343771904,0.0814,outdoor,2|3,Tile_2,167,-0.0556318,-0.0556318,0.945887,0,0.915382,0.0556318,-0.0327825,0.00566055,120.582
img_3f546d37732238c9dca340d3,left,rig_1a8aa3d2d41fd3a907f5761d,1772726528851811840,0.6719,indoor,1|2|3,Tile_2,168,-0.126166,-0.126166,0.881468,0,0.915382,0.126166,0.0377521,0.00979652,68.3576
img_3fa45fac1cc1abd6364f0bd3,right,rig_aa9ac4028b9a2a76f393fd18,1772726512350790144,0.5973,outdoor,0|1|2|3,Tile_2,169,-0.300254,-0.300254,0.74063,0,0.915382,0.300254,0.21184,0.0154344,78.5811
img_40f2bb33f03616da71c7aa76,right,rig_07365b42985639b762ddee0a,1772726536352324864,0.7059,indoor,0|1|2,Tile_2,170,-0.241373,-0.241373,0.785548,0,0.915382,0.241373,0.152959,0.0167854,86.5067
img_4136eead8b3734fcaedcc071,left,rig_d1077f475644d1228245e736,1772726501350138880,0.5475,outdoor,1|2|3,Tile_2,171,-0.0993665,-0.0993665,0.905411,0,0.915382,0.0993665,0.0109522,0.00190949,122.592
img_41472835d6d01c3b9eee86f3,left,rig_cae275c40aa549790e52fd20,1772726545352782848,0.7466,indoor,1|2|3,Tile_2,172,0.17035,0.17035,1.18572,0,0.915382,-0.17035,-0.258765,0.0152005,104.285
img_42034df9dc9f931dfaad45d6,right,rig_6283a32deb59e6bf9f3db3ae,1772726576354593024,0.8869,indoor,0|1|2,Tile_2,173,-0.026534,-0.026534,0.973815,0,0.915382,0.026534,-0.0618803,0.119664,117.147
img_426186dbb8206cf129f21911,right,rig_efe79713cf7a7fd38fbf03f9,1772726535852211968,0.7036,indoor,0|1|2,Tile_2,174,-0.132683,-0.132683,0.875743,0,0.915382,0.132683,0.0442687,0.0228686,92.3891
img_431341ddc18bf7bbfc873256,right,rig_7ad14362b8ac6b0657939ec6,1772726461847692032,0.3688,indoor,0|1|2|3,Tile_2,175,-0.446569,-0.446569,0.63982,0,0.915382,0.446569,0.358154,0.00542658,102.736
img_43880861e0630f5d7ac7cc0d,right,rig_e601727fcbd717550873cb63,1772726407844350976,0.1244,outdoor,0|1|2|3,Tile_2,176,-0.214489,-0.214489,0.806953,0,0.915382,0.214489,0.126075,0.0143702,89.9215
img_43c0ea71b530e898a1a8a3bd,right,rig_5af663697925ca79c4a912c2,1772726579354812928,0.9005,indoor,0|1|2,Tile_2,177,0.0380148,0.0380148,1.03875,0,0.915382,-0.0380148,-0.126429,0.0199855,111.98
img_4409c7a08d9668bf891b56e4,left,rig_44a497d2cddd76ad8dc46b77,1772726586355255808,0.9321,outdoor,0|1|2,Tile_2,178,-0.127072,-0.127072,0.880671,0,0.915382,0.127072,0.0386575,0.00155476,100.192
img_441e03f73d0b76f84c505db3,left,rig_a22b187e8c911fae160eb070,1772726558353671936,0.8054,indoor,1|2|3,Tile_2,179,-0.126837,-0.126837,0.880877,0,0.915382,0.126837,0.038423,0.010355,101.005
img_443900e4c8ed5b29fb38d36a,left,rig_b53ee284fd9a573a541d1d24,1772726561353735936,0.819,indoor,0|1|2|3,Tile_2,180,-0.0388977,-0.0388977,0.961849,0,0.915382,0.0388977,-0.0495165,0.0213969,100.789
img_44688fc19520c97f04987182,right,rig_b9fca3f358eac23d79418554,1772726381842702848,0.0068,stationary_unresolved,0|1|2|3,Tile_2,181,-0.0707426,-0.0707426,0.931702,0,0.915382,0.0707426,-0.0176716,0.010823,114.633
img_4482606b56ce83da57f0a986,left,rig_3a9d46edf8ddc75aac3a8541,1772726393343517184,0.0588,outdoor,1|2|3,Tile_2,182,-0.109009,-0.109009,0.896722,0,0.915382,0.109009,0.020595,0.00555488,120.477
img_44aa2004a4a7e90eb9ff462e,right,rig_26e50c15137820a10f968d07,1772726447846856960,0.3054,outdoor,0|1|2|3,Tile_2,183,0.110294,0.110294,1.11661,0,0.915382,-0.110294,-0.198708,0.00390955,121.486
img_451e741ae2b46e2f2b3dc3ea,left,rig_dc8eaf8fd3cf32cfbd3583e3,1772726492849637120,0.5091,outdoor,0|1|2|3,Tile_2,184,-0.102525,-0.102525,0.902555,0,0.915382,0.102525,0.0141111,0.00427937,123.407
img_457eb49193ea77999deda763,right,rig_76ea8904683bf37063ee2987,1772726592355553792,0.9593,outdoor,0|2|3,Tile_2,185,-0.312047,-0.312047,0.731947,0,0.915382,0.312047,0.223633,0.0143023,106.874
img_46a0d026a1d62e44f0b7636f,right,rig_beb86146e928504f312b06b7,1772726424345372928,0.1991,outdoor,0|1|2|3,Tile_2,186,-0.0825777,-0.0825777,0.92074,0,0.915382,0.0825777,-0.00583655,0.00163024,121.699
img_46f7e3520c57796e33d0dd24,left,rig_3c64bb05b7b5c9abf9f8ea57,1772726392843512064,0.0566,outdoor,1|2|3,Tile_2,187,-0.0777783,-0.0777783,0.92517,0,0.915382,0.0777783,-0.010636,0.0068153,120.794
img_46fb35a374a648bbf7d67b4a,right,rig_14ad50c8337caec754d4ed52,1772726450847046912,0.319,outdoor,0|1|2|3,Tile_2,188,0.127874,0.127874,1.13641,0,0.915382,-0.127874,-0.216288,0.0118872,125.844
img_4767ec0db6e2111433779ace,left,rig_f8e970507b82986a3831673c,1772726393843571968,0.0611,outdoor,1|2|3,Tile_2,189,-0.123836,-0.123836,0.883525,0,0.915382,0.123836,0.035422,0.00300386,121.467
img_476b4f00ba8277b62f95bb54,left,rig_1bee9a2dc1fc8f2952ede860,1772726475848599808,0.4321,outdoor,0|1|2,Tile_2,190,-0.0654617,-0.0654617,0.936635,0,0.915382,0.0654617,-0.0229525,0.00287556,120.121
img_4777fe5d9cdf240d46e60bea,left,rig_707e643a791bb47a4463b704,1772726569854270976,0.8575,indoor,0|1|2|3,Tile_2,191,-0.679465,-0.679465,0.506888,0,0.915382,0.679465,0.591051,0.0267102,66.5035
img_485cd4c5ca8d267f58fcc97d,left,rig_185c950ddf4051317e0a520a,1772726570354260992,0.8597,indoor,0|1|2|3,Tile_2,192,-0.578951,-0.578951,0.560486,0,0.915382,0.578951,0.490536,0.0249819,61.5176
img_495d939ae647085d401c5718,right,rig_160ad198af150b5eea3e794e,1772726396343687936,0.0724,outdoor,0|1|2|3,Tile_2,193,-0.165753,-0.165753,0.847256,0,0.915382,0.165753,0.0773385,0.0119551,111.559
img_49cecc6b7a7ebcfb56922fe8,left,rig_4913278e27738ee2d6dd6368,1772726589855419904,0.948,outdoor,0|1|2,Tile_2,194,-0.0335826,-0.0335826,0.966975,0,0.915382,0.0335826,-0.0548317,0.00353973,129.36
img_4a2a9f47a7d72128ad9d9b23,right,rig_954e3438a79223fdcc4271fc,1772726512850861056,0.5995,outdoor,0|1|2|3,Tile_2,195,-0.241442,-0.241442,0.785494,0,0.915382,0.241442,0.153028,0.00901159,75.1833
img_4a2e56357884866047e5d674,right,rig_47dce3c32d0c6bb0b1551710,1772726382342784768,0.009,stationary_unresolved,0|1|2|3,Tile_2,196,-0.0784751,-0.0784751,0.924525,0,0.915382,0.0784751,-0.00993918,0.0108607,114.462
img_4a55ba7140adf532c2944b6d,right,rig_9614504d089c4bd4339bcbf8,1772726571854328832,0.8665,indoor,1|2|3,Tile_2,197,-0.0305457,-0.0305457,0.969916,0,0.915382,0.0305457,-0.0578685,0.00997766,86.1974
img_4a58d805e5b8e03110fdfac7,right,rig_96ae58701ae6a7d9fbdeb55b,1772726516351023872,0.6154,outdoor,0|1|2|3,Tile_2,198,-0.22017,-0.22017,0.802383,0,0.915382,0.22017,0.131755,0.0215025,100.215
img_4a98c51fd068bcc6903eb8bd,right,rig_74a2fbfee61b66c0431611c4,1772726488349309952,0.4887,covered,0|1|2|3,Tile_2,199,-0.481202,-0.481202,0.61804,0,0.915382,0.481202,0.392788,0.014008,103.775
img_4af6cd6dac376ccdcc60db74,right,rig_1e3881120caef06297f0f25e,1772726478848744960,0.4457,outdoor,0|1|2|3,Tile_2,200,0.0709814,0.0709814,1.07356,0,0.915382,-0.0709814,-0.159396,0.00575112,118.551
img_4b22a1c9aabd064214d20b5a,left,rig_08045c9415b26b9156f0210b,1772726493349665792,0.5113,outdoor,0|1|2|3,Tile_2,201,-0.0610087,-0.0610087,0.940815,0,0.915382,0.0610087,-0.0274055,0.00388691,123.154
img_4b5896706fe6c5ae2a2b3dee,right,rig_edffa4d6285651ca67b8af0e,1772726473848504064,0.4231,outdoor,0|1|2|3,Tile_2,202,-0.0675859,-0.0675859,0.934647,0,0.915382,0.0675859,-0.0208284,0.0231705,129.104
img_4bdcc685ea71836c64354033,right,rig_0c0fa752260adc2d7d42204f,1772726386343086080,0.0271,stationary_unresolved,0|1|2|3,Tile_2,203,-0.11983,-0.11983,0.887071,0,0.915382,0.11983,0.0314156,0.0108079,114.446
img_4beafc8e6c2ff2943ec8c75d,right,rig_35cbefd3d2f4b7df687cc3ec,1772726428345662976,0.2172,outdoor,0|1|2|3,Tile_2,204,0.00144492,0.00144492,1.00145,0,0.915382,-0.00144492,-0.0898592,0.00298122,126.605
img_4c8368637cb715bc93aab9aa,left,rig_aa9ac4028b9a2a76f393fd18,1772726512350807040,0.5973,outdoor,0|1|2|3,Tile_2,205,0.0745642,0.0745642,1.07741,0,0.915382,-0.0745642,-0.162978,0.00530582,117.437
img_4c939a2934d534171cff834e,left,rig_9046f76f1478053c9ede3a0a,1772726395343644928,0.0679,outdoor,2|3,Tile_2,206,-0.0160215,-0.0160215,0.984106,0,0.915382,0.0160215,-0.0723927,0.00344161,126.142
img_4c9b79ac5540a2016119f618,right,rig_a6081c1007b9caf70b92b37c,1772726466347982848,0.3891,indoor,0|1|2|3,Tile_2,207,-0.119555,-0.119555,0.887315,0,0.915382,0.119555,0.0311405,0.00843044,111.262
img_4cc3626700bd186e509ecde4,left,rig_659d09ba8e1aa4a543372606,1772726490349453824,0.4977,covered,0|1|2|3,Tile_2,208,0.085582,0.085582,1.08935,0,0.915382,-0.085582,-0.173996,0.0030567,125.171
img_4ccf82bd2664b37fa8da5db0,right,rig_69b32be839e545787a8f86ad,1772726511850806016,0.595,outdoor,0|1|2|3,Tile_2,209,-0.301772,-0.301772,0.739507,0,0.915382,0.301772,0.213358,0.01831,81.9845
img_4ce1f1404af327ce8e242a2e,right,rig_2d8f0bdda1ba1facabf86573,1772726480848863744,0.4548,covered,0|1|2|3,Tile_2,210,-0.182257,-0.182257,0.833387,0,0.915382,0.182257,0.0938426,0.0132532,118.737
img_4d472e322a81763c2fd0b666,right,rig_b9e77c1689a5f6e9a74cc126,1772726599355980032,0.991,stationary_unresolved,0|1|2|3,Tile_2,211,-0.233349,-0.233349,0.791877,0,0.915382,0.233349,0.144934,0.0094267,103.056
img_4d9c2a8e76e687e5179a2990,left,rig_76ea8904683bf37063ee2987,1772726592355569920,0.9593,outdoor,0|1|2,Tile_2,212,-0.0497165,-0.0497165,0.951499,0,0.915382,0.0497165,-0.0386977,0.00178873,128.577
img_4dc8f84b30561037eb7ae084,right,rig_0ec87fa7eec60a30376bb767,1772726394843634944,0.0656,outdoor,0|1|2|3,Tile_2,213,-0.141715,-0.141715,0.867868,0,0.915382,0.141715,0.0533012,0.0076757,107.589
img_4de2b810d4947fd02c7d9da0,left,rig_f2fd1bd083c3e3340c9155b2,1772726458347508992,0.3529,indoor,0|1|2|3,Tile_2,214,-0.617893,-0.617893,0.539079,0,0.915382,0.617893,0.529479,0.00440768,104.467
img_4e3bab9abc88385e6174502c,left,rig_5ee177202cb8d68c8541b2a5,1772726395843675904,0.0701,outdoor,2|3,Tile_2,215,-0.0422793,-0.0422793,0.958602,0,0.915382,0.0422793,-0.0461349,0.00338123,125.391
img_4e3d57a9706d9cb78afd5c41,right,rig_fcb5e5bc6e447db8fc1d90a4,1772726387843228928,0.0339,stationary_unresolved,0|1|2|3,Tile_2,216,-0.0854136,-0.0854136,0.918132,0,0.915382,0.0854136,-0.00300059,0.0107928,114.335
img_4e61dfa73359cbec43694b5d,left,rig_b7463a427ef7798624fd8d32,1772726549853085952,0.767,indoor,0|1|2|3,Tile_2,217,0.14254,0.14254,1.1532,0,0.915382,-0.14254,-0.230954,0.010823,92.8992
img_4e8573cfcd31389b1a28d8e3,right,rig_ae4998da7d29fe3cf72badee,1772726477348664064,0.4389,outdoor,0|1|2|3,Tile_2,218,0.0194828,0.0194828,1.01967,0,0.915382,-0.0194828,-0.107897,0.00824176,116.9
img_4f76dde4fe751d7ed49ed11b,left,rig_313632335919463682d800b2,1772726491349520896,0.5023,covered,0|1|2|3,Tile_2,219,-0.0765376,-0.0765376,0.926318,0,0.915382,0.0765376,-0.0118766,0.00422654,124.139
img_4fc4ba78911aae895973bd93,left,rig_3a5432d0e841f5018f0426c3,1772726548853036800,0.7624,indoor,1|2|3,Tile_2,220,0.0143405,0.0143405,1.01444,0,0.915382,-0.0143405,-0.102755,0.0117287,90.8197
img_4fcd6a3db493c1c587d8b3a9,right,rig_0361f91ef4389a6eb93d4af1,1772726433345968128,0.2398,outdoor,0|1|2|3,Tile_2,221,0.0408195,0.0408195,1.04166,0,0.915382,-0.0408195,-0.129234,0.00497374,130.012
img_50788709c27115356ae913b1,left,rig_6296a401173f311ed04d9c2f,1772726550853106944,0.7715,indoor,0|1|2|3,Tile_2,222,0.10554,0.10554,1.11131,0,0.915382,-0.10554,-0.193955,0.0100984,92.3958
img_50b23cb80cabf1841bac6f5c,right,rig_e7b87302ddd5eea841767532,1772726568854157056,0.8529,indoor,1|2|3,Tile_2,223,0.039671,0.039671,1.04047,0,0.915382,-0.039671,-0.128085,0.0104607,100.666
img_50b466a226a3e1103ba42d6f,right,rig_4d16d7410b532f5a8e99b5f1,1772726384342926080,0.0181,stationary_unresolved,0|1|2|3,Tile_2,224,-0.108852,-0.108852,0.896863,0,0.915382,0.108852,0.0204382,0.0108305,114.594
img_528ff619306a8c9703bb57a9,left,rig_32f3e003a2a8f07e44263418,1772726388843257856,0.0385,indoor,2|3,Tile_2,225,-0.134966,-0.134966,0.873746,0,0.915382,0.134966,0.0465519,0.00109437,123.16
img_5296101fce9f36e01239e372,left,rig_895fd355c8ced5417ce3ab2a,1772726473348443904,0.4208,outdoor,0|1|2,Tile_2,226,-0.364866,-0.364866,0.69429,0,0.915382,0.364866,0.276451,0.00265668,98.5825
img_5375dc7ac212760e86ea04e4,left,rig_694808f82a99f58369491ead,1772726554853384960,0.7896,indoor,1|2|3,Tile_2,227,-0.118692,-0.118692,0.888082,0,0.915382,0.118692,0.0302775,0.0130947,95.3338
img_53e20a3aa805e1f7b110ddf9,right,rig_a79b081ba3a99dbcf8a0dd11,1772726408844413952,0.129,outdoor,0|1|2|3,Tile_2,228,-0.286799,-0.286799,0.750663,0,0.915382,0.286799,0.198385,0.0180609,91.6588
img_53f96406e0c9d22b6885bb47,right,rig_fec2268a8a2fbc4f8156eda1,1772726442346515968,0.2805,outdoor,0|1|2|3,Tile_2,229,-0.13916,-0.13916,0.870089,0,0.915382,0.13916,0.0507455,0.00596999,118.59
img_540db3645c82d34acccf1fbb,left,rig_000e7028c2e231119a9064fc,1772726516851070976,0.6176,outdoor,2|3,Tile_2,230,-0.103122,-0.103122,0.902017,0,0.915382,0.103122,0.0147081,0.00454353,96.41
img_5411aa9b437446a0c0642a33,left,rig_62b603365e4950b385b6def3,1772726571354317056,0.8643,indoor,0|1|2|3,Tile_2,231,-0.772741,-0.693147,0.5,1,0.915382,0.693147,0.604733,0.0214044,57.8186
img_552ccaef249d70922a2b9ae7,right,rig_7e0029c18aafeeabec73c08f,1772726399843804928,0.0882,outdoor,0|1|2|3,Tile_2,232,-0.130565,-0.130565,0.8776,0,0.915382,0.130565,0.0421503,0.0142495,99.598
img_5550c6ee126a8a927e97dac2,right,rig_490a36809620a920c1761945,1772726420345161984,0.181,outdoor,0|1|2|3,Tile_2,233,0.0337549,0.0337549,1.03433,0,0.915382,-0.0337549,-0.122169,0.00154722,121.681
img_5563e8df2be4dc830dc08c92,right,rig_3001c1810024c616a028c6a1,1772726385343024896,0.0226,stationary_unresolved,0|1|2|3,Tile_2,234,-0.0947966,-0.0947966,0.909558,0,0.915382,0.0947966,0.00638233,0.0108079,114.573
img_5574682a334b8acf3720ae26,left,rig_26aae248f7fb7669b2f80ebc,1772726494349710080,0.5158,outdoor,0|1|2|3,Tile_2,235,-0.0884142,-0.0884142,0.915382,0,0.915382,0.0884142,1.38778e-17,0.00346426,122.628
img_55fe11611681b29c521c95c5,left,rig_9d5f571dfecabff590a1442a,1772726474848538880,0.4276,outdoor,0|1|2,Tile_2,236,-0.241088,-0.241088,0.785773,0,0.915382,0.241088,0.152673,0.0014642,110.098
img_56187043b1e7cbb8149b6379,left,rig_ab047c378b76552bf8f719ce,1772726563853952000,0.8303,indoor,0|1|2|3,Tile_2,237,-0.138135,-0.138135,0.870981,0,0.915382,0.138135,0.0497211,0.0159099,90.3293
img_57251049682317c7fee99ae1,left,rig_14d04a77332d48a4e699008e,1772726531351951872,0.6833,indoor,1|2|3,Tile_2,238,-0.248694,-0.248694,0.779819,0,0.915382,0.248694,0.160279,0.019193,76.9145
img_5748713b2a9018e0c4489afb,left,rig_89edac79d760e3d41c63a4ac,1772726535352226048,0.7014,indoor,0|1|2|3,Tile_2,239,-0.261474,-0.261474,0.769916,0,0.915382,0.261474,0.17306,0.019261,76.0296
img_575d0f2b73c72c0a37d1fdaf,right,rig_9d95aa2abfb26fc1498a5395,1772726447346824960,0.3032,outdoor,0|1|2|3,Tile_2,240,0.0417587,0.0417587,1.04264,0,0.915382,-0.0417587,-0.130173,0.00386427,121.655
img_575f482e53a2e9d903317aeb,right,rig_fb0e1762cbaab1415ccede67,1772726435846081024,0.2511,outdoor,0|1|2|3,Tile_2,241,-0.0203987,-0.0203987,0.979808,0,0.915382,0.0203987,-0.0680156,0.00585678,130.1
img_579db4a7b14316cffd5a2b3f,right,rig_64ba07982d918ecf2f55417d,1772726581854920960,0.9118,indoor,0|1|2,Tile_2,242,-0.248041,-0.248041,0.780328,0,0.915382,0.248041,0.159626,0.0372992,114.765
img_57c2604724963389dad6b8fc,left,rig_b657874324625bd3f19ad991,1772726390843351808,0.0475,outdoor,1|2|3,Tile_2,243,-0.102906,-0.102906,0.902212,0,0.915382,0.102906,0.0144916,0.00208308,116.897
img_582ed6d44277f03d95c67651,right,rig_f63969ba431f0e877a4c5b0c,1772726469848243968,0.405,indoor,0|1|2,Tile_2,244,-0.284863,-0.284863,0.752117,0,0.915382,0.284863,0.196449,0.0230045,119.397
img_587cbd925df8e3060b13d134,right,rig_9febeabbae3b97836920896c,1772726580854862080,0.9072,indoor,0|1|2,Tile_2,245,-0.190475,-0.190475,0.826566,0,0.915382,0.190475,0.102061,0.0245894,113.899
img_58caed980ab70c4132efecfd,right,rig_083bc66ce28c3ad6214b88c3,1772726519351250944,0.629,outdoor,0|1|2|3,Tile_2,246,0.0822101,0.0822101,1.08568,0,0.915382,-0.0822101,-0.170624,0.0500317,115.709
img_58f765e4917dce185f3d11f7,right,rig_895fd355c8ced5417ce3ab2a,1772726473348428032,0.4208,outdoor,0|1|2|3,Tile_2,247,-0.378217,-0.378217,0.685082,0,0.915382,0.378217,0.289803,0.0153891,125.633
img_592f2c020773fd3d0eba846b,right,rig_28b837fa6430a71dc20de2a4,1772726409344444928,0.1312,outdoor,0|1|2|3,Tile_2,248,-0.410488,-0.410488,0.663327,0,0.915382,0.410488,0.322073,0.00520016,83.9288
img_59524914ac06cf1a2d6e317a,right,rig_a4484fe11e03722462ec74f3,1772726406844327936,0.1199,outdoor,0|1|2|3,Tile_2,249,-0.080625,-0.080625,0.92254,0,0.915382,0.080625,-0.00778924,0.0244687,101.618
img_59814f6dd62bb0daf23334d6,right,rig_f1394cd3b2ae3a8bd62a7396,1772726573854449152,0.8756,indoor,0|1|2,Tile_2,250,-0.004577,-0.004577,0.995433,0,0.915382,0.004577,-0.0838372,0,69.1122
img_59c328a30ed6112505cd2268,left,rig_8bde27053478a07cd47f4415,1772726399343816960,0.086,outdoor,2|3,Tile_2,251,-0.116224,-0.116224,0.890276,0,0.915382,0.116224,0.0278101,0.0084229,118.965
img_5b91b0038b79183f5c7235e8,right,rig_ed250a4472d03f10bfc2170d,1772726429345707776,0.2217,outdoor,0|1|2|3,Tile_2,252,0.102882,0.102882,1.10836,0,0.915382,-0.102882,-0.191296,0.00316236,125.58
img_5bf2570751fa5012e024eb20,right,rig_b1b4744543888aaed04abc31,1772726406344256768,0.1176,outdoor,0|1|2|3,Tile_2,253,-0.0988394,-0.0988394,0.905888,0,0.915382,0.0988394,0.0104252,0.0368313,109.661
img_5cb86470777358c38d50242e,right,rig_a9078c41c0a096c560d438f1,1772726462847753984,0.3733,indoor,0|1|2|3,Tile_2,254,-0.422803,-0.422803,0.655208,0,0.915382,0.422803,0.334389,0.00766816,102.19
img_5cf9d1382308cfa305655804,left,rig_e3b31d945474d7df98786cf7,1772726400843904000,0.0928,outdoor,2|3,Tile_2,255,-0.0998775,-0.0998775,0.904948,0,0.915382,0.0998775,0.0114633,0.0137514,117.854
img_5d36f96d95329bc275b1e854,right,rig_a2de1d976e32bcdbbac82c3b,1772726440346407936,0.2715,outdoor,0|1|2|3,Tile_2,256,0.0365341,0.0365341,1.03721,0,0.915382,-0.0365341,-0.124948,0.00715493,127.044
img_5e316fa8cb258a2918d30eed,left,rig_3968ced941aff232b9a4cb9c,1772726511350748160,0.5928,covered,0|1|2|3,Tile_2,257,0.0144652,0.0144652,1.01457,0,0.915382,-0.0144652,-0.102879,0.00505676,115.259
img_5e80513ffc34b6196a43e365,right,rig_55d2fa68d70e2680e935a845,1772726427845582848,0.2149,outdoor,0|1|2|3,Tile_2,258,-0.036304,-0.036304,0.964347,0,0.915382,0.036304,-0.0521102,0.00172835,123.439
img_5e8f6477648ca5ac8d8ba881,right,rig_92fa282269d33e02e9d45cfe,1772726419345082880,0.1765,outdoor,0|1|2|3,Tile_2,259,-0.0895536,-0.0895536,0.914339,0,0.915382,0.0895536,0.00113935,0.00400012,124.638
img_5f4b3c215e0cb99dc6bba658,left,rig_ccb968cc149a169e0aeab8b0,1772726600856082944,0.9977,stationary_unresolved,0|1|2,Tile_2,260,0.0332153,0.0332153,1.03377,0,0.915382,-0.0332153,-0.12163,0.00545677,114.453
img_5f5029f3630b2fb09e6d6efa,right,rig_44024581676052797570e8d0,1772726384842983936,0.0204,stationary_unresolved,0|1|2|3,Tile_2,261,0.0471215,0.0471215,1.04825,0,0.915382,-0.0471215,-0.135536,0.010823,114.598
img_5f8884d4e0886ce2c7c3329d,right,rig_ffc55ff4cebb277e5037350b,1772726382842777856,0.0113,stationary_unresolved,0|1|2|3,Tile_2,262,-0.120432,-0.120432,0.886537,0,0.915382,0.120432,0.0320178,0.0108079,114.545
img_5fd035bec4171d6b6ba5975a,right,rig_87e502b4ef51672981b834d9,1772726577354654976,0.8914,indoor,0|1|2,Tile_2,263,-0.664156,-0.664156,0.514708,0,0.915382,0.664156,0.575741,0.0861007,108.747
img_5feae9f76544f90eda804478,left,rig_a3034e10afdfd13c3bb3b127,1772726401343939072,0.095,outdoor,2|3,Tile_2,264,-0.174987,-0.174987,0.839468,0,0.915382,0.174987,0.0865725,0.0190496,121.024
img_6140eac6fa52c2bec7a4cf37,right,rig_7efa8cac190f48b14d87776f,1772726480348834048,0.4525,covered,0|1|2|3,Tile_2,265,-0.0716265,-0.0716265,0.930879,0,0.915382,0.0716265,-0.0167878,0.0124381,119.081
img_6173ff107b2e5193068fdc8c,left,rig_ecdcd5cf180b6355105f69dd,1772726487849295872,0.4864,covered,0|1|2|3,Tile_2,266,-0.0682312,-0.0682312,0.934044,0,0.915382,0.0682312,-0.020183,0.00280008,125.062
img_61807e09bce534e140ff3497,right,rig_bfc013a648d9cb272acc2072,1772726565854044928,0.8394,indoor,1|2|3,Tile_2,267,-0.333877,-0.333877,0.716142,0,0.915382,0.333877,0.245463,0.00933613,89.342
img_61f4cc2148cac254e5f04ce6,right,rig_8f689c5c301741cf23abc7c9,1772726460847625984,0.3643,covered,0|1|2|3,Tile_2,268,-0.700658,-0.693147,0.5,1,0.915382,0.693147,0.604733,0.00440013,104.474
img_622228827b821ea7fad563a5,right,rig_7964ba6473e309db290c0c7f,1772726436846160896,0.2557,outdoor,0|1|2|3,Tile_2,269,-0.0133825,-0.0133825,0.986707,0,0.915382,0.0133825,-0.0750318,0.0059549,130.575
img_62bb470e8f17d63e54df8e2e,right,rig_d0fcdd798e9daefb6d44e850,1772726584855147008,0.9253,outdoor,0|1|2|3,Tile_2,270,0.0793047,0.0793047,1.08253,0,0.915382,-0.0793047,-0.167719,0.0110041,122.217
img_643bc25ba5ac556419308dce,left,rig_51dfbc6b06cba9f68f051556,1772726381342716928,0.0045,stationary_unresolved,2|3,Tile_2,271,-0.130549,-0.130549,0.877614,0,0.915382,0.130549,0.0421346,0.0013057,125.097
img_649f98a511547e2d01b94687,right,rig_32b1a8068abd4ccfe24bead8,1772726461347658752,0.3665,indoor,0|1|2|3,Tile_2,272,-0.561244,-0.561244,0.570499,0,0.915382,0.561244,0.47283,0.00510204,101.748
img_654224d56a5a5fc52b21d876,left,rig_ba5318699c629cc66af87c63,1772726593355632128,0.9638,outdoor,0|1|2|3,Tile_2,273,0.00564305,0.00564305,1.00566,0,0.915382,-0.00564305,-0.0940573,0.00262649,129.826
img_6546170e68807f8e8a52ad34,left,rig_214904616a70a88658d746f2,1772726510850713856,0.5905,covered,0|1|2|3,Tile_2,274,0.109127,0.109127,1.1153,0,0.915382,-0.109127,-0.197542,0.00545677,114.273
img_65f505414e53514b40c87f66,right,rig_b288ec74ca1539f772649716,1772726404344176128,0.1086,outdoor,0|1|2|3,Tile_2,275,-0.188099,-0.188099,0.828533,0,0.915382,0.188099,0.0996845,0.00744928,101.971
img_662459e85d0d8812f926ab99,left,rig_61551f3cbc92909dad638c73,1772726459847571968,0.3597,covered,0|1|2|3,Tile_2,276,-0.525708,-0.525708,0.591137,0,0.915382,0.525708,0.437294,0.0120306,98.9783
img_669111f98083cce643c39165,right,rig_3df5a96cc5f425ee41796945,1772726572854388992,0.871,indoor,0|1|2|3,Tile_2,277,-0.0893038,-0.0893038,0.914568,0,0.915382,0.0893038,0.000889555,0.0079625,79.444
img_6819a75fda93260e77669bee,right,rig_f2fd1bd083c3e3340c9155b2,1772726458347492864,0.3529,indoor,0|1|2|3,Tile_2,278,-0.764418,-0.693147,0.5,1,0.915382,0.693147,0.604733,0.0218497,107.266
img_68d3eb363c2845459f47e8d5,left,rig_a9f7d98bdef46fd501af8b17,1772726520351279872,0.6335,outdoor,2|3,Tile_2,279,0.0340719,0.0340719,1.03466,0,0.915382,-0.0340719,-0.122486,0.00639265,110.61
img_68f31368a376525690e48608,right,rig_e3b31d945474d7df98786cf7,1772726400843888896,0.0928,outdoor,0|1|2|3,Tile_2,280,-0.249462,-0.249462,0.77922,0,0.915382,0.249462,0.161048,0.00763797,93.3378
img_69419e5adbf182700c58bb12,right,rig_99601681f6fb3541aef8004d,1772726441346459904,0.276,outdoor,0|1|2|3,Tile_2,281,-0.0205208,-0.0205208,0.979688,0,0.915382,0.0205208,-0.0678934,0.00587188,121.202
img_6945a13d80ea37856cdb03cf,right,rig_e103c590c09389ae0126d79e,1772726437346190848,0.2579,outdoor,0|1|2|3,Tile_2,282,0.0684112,0.0684112,1.07081,0,0.915382,-0.0684112,-0.156825,0.00619641,129.895
img_6957fc6391e712cf9f28468c,left,rig_8a95544bd414a0336597cf60,1772726489349388800,0.4932,covered,0|1|2|3,Tile_2,283,-0.0341197,-0.0341197,0.966456,0,0.915382,0.0341197,-0.0542946,0.00287556,126.312
img_69e4bef02a10ed141acc261e,left,rig_3643b57e556caa0d5a540338,1772726459347589888,0.3575,indoor,0|1|2|3,Tile_2,284,-0.439507,-0.439507,0.644354,0,0.915382,0.439507,0.351093,0.0114192,101.079
img_6a2408035c3724c55335982f,left,rig_d6963ee8dba6eb0fb6f95ff1,1772726465347929088,0.3846,indoor,0|1|2|3,Tile_2,285,-0.506456,-0.506456,0.602628,0,0.915382,0.506456,0.418042,0.0227931,97.7776
img_6b1b0c8108862b9717715345,left,rig_160ad198af150b5eea3e794e,1772726396343704832,0.0724,outdoor,2|3,Tile_2,286,-0.159095,-0.159095,0.852915,0,0.915382,0.159095,0.070681,0.00380389,126.278
img_6ca3ccb0981185a28e1f93dc,left,rig_b956cd29b76bd80f8e2fcff3,1772726441846500864,0.2783,outdoor,0|1|2|3,Tile_2,287,-0.643172,-0.643172,0.525622,0,0.915382,0.643172,0.554758,0.00630962,96.9978
img_6d2459e72635c43c38ab9b72,left,rig_dad6414d3a0780b4bd18caeb,1772726553853328896,0.7851,indoor,1|2|3,Tile_2,288,-0.0187762,-0.0187762,0.981399,0,0.915382,0.0187762,-0.0696381,0.0110041,92.1698
img_6ed6c4d41155b1fef7584c54,right,rig_67a9228c1efdcd385969f983,1772726408344381952,0.1267,outdoor,0|1|2|3,Tile_2,289,-0.169279,-0.169279,0.844274,0,0.915382,0.169279,0.0808644,0.0144533,89.6649
img_6edd04890eae67b7aad63fbe,right,rig_60e8f730ae92a2e612df4c7c,1772726463347784960,0.3756,indoor,0|1|2|3,Tile_2,290,-0.442113,-0.442113,0.642677,0,0.915382,0.442113,0.353699,0.0076757,101.511
img_6f0133802dcbba5715db2a6b,right,rig_99f5a520bc8d9a34771777a3,1772726417344945920,0.1674,outdoor,0|1|2|3,Tile_2,291,-0.011969,-0.011969,0.988102,0,0.915382,0.011969,-0.0764452,0.00640774,126.264
img_6f4375e52569cc403f7728ef,left,rig_47dce3c32d0c6bb0b1551710,1772726382342788096,0.009,stationary_unresolved,2|3,Tile_2,292,-0.0118726,-0.0118726,0.988198,0,0.915382,0.0118726,-0.0765417,0.00123023,125.113
img_6f8a41645307886414fdb6d8,left,rig_bbcd876b02050dbe22e039ec,1772726508350550016,0.5792,covered,0|1|2|3,Tile_2,293,0.152645,0.152645,1.16491,0,0.915382,-0.152645,-0.24106,0.00990973,107.441
img_70695d79bf115291f89af020,left,rig_69b32be839e545787a8f86ad,1772726511850808832,0.595,outdoor,0|1|2|3,Tile_2,294,0.054611,0.054611,1.05613,0,0.915382,-0.054611,-0.143025,0.00508695,116.392
img_7075633227ed0e239cb80bdf,right,rig_75972693af0c6674030fbff4,1772726482849029120,0.4638,covered,0|1|2|3,Tile_2,295,-0.0792697,-0.0792697,0.923791,0,0.915382,0.0792697,-0.00914453,0.0252611,122.456
img_714f4ac0cedca8648afe46e2,right,rig_ce5f04bbbfd27e2ea68e131c,1772726445846728960,0.2964,outdoor,0|1|2|3,Tile_2,296,0.0486123,0.0486123,1.04981,0,0.915382,-0.0486123,-0.137027,0.00381144,124.42
img_71a7ea5f418376a993b7afdc,right,rig_6c1ad393c23fd7273a74566c,1772726569354188032,0.8552,indoor,1|2|3,Tile_2,297,0.140305,0.140305,1.15062,0,0.915382,-0.140305,-0.228719,0.0144155,102.232
img_729de0fdc89bc5da6f822671,right,rig_cfc18cfe48f786541e17e507,1772726431345884928,0.2308,outdoor,0|1|2|3,Tile_2,298,0.0698112,0.0698112,1.07231,0,0.915382,-0.0698112,-0.158225,0.00422654,124.68
img_72ad41ba4c78ddfc7ef4dd7c,right,rig_1e23692547857c6754b68bdd,1772726574354477056,0.8778,indoor,0|1|2,Tile_2,299,0.228481,0.228481,1.25669,0,0.915382,-0.228481,-0.316895,0.00352463,76.0331
img_72b0880469760869c633c6c8,left,rig_ffd93b45a7c8eb804dca964f,1772726596355841024,0.9774,outdoor,0|1|2,Tile_2,300,-0.0386399,-0.0386399,0.962097,0,0.915382,0.0386399,-0.0497743,0.00217365,127.22
img_72d329aaeffd9ca5bb751d0f,right,rig_8685b41aac1770a226eb43f6,1772726402844056832,0.1018,outdoor,0|1|2|3,Tile_2,301,-0.150477,-0.150477,0.860297,0,0.915382,0.150477,0.0620631,0.0171628,106.119
img_72da77466142f9222ca9b432,right,rig_88881f0687d041c6f2099021,1772726562353859072,0.8235,indoor,1|2|3,Tile_2,302,-0.313526,-0.313526,0.730865,0,0.915382,0.313526,0.225112,0.0118721,87.4965
img_730764b3a74203f26ba4ada6,left,rig_35081e0547a7cfcbca79dbba,1772726448846936832,0.31,outdoor,0|1|2|3,Tile_2,303,-0.297793,-0.297793,0.742455,0,0.915382,0.297793,0.209379,0.00577376,107.706
img_732560e3ddae6ed22512b874,right,rig_1b77278a024b36d79631b868,1772726409844475136,0.1335,outdoor,0|1|2|3,Tile_2,304,-0.532949,-0.532949,0.586872,0,0.915382,0.532949,0.444535,0.00378125,80.3425
img_736215cb0d2336e90c45f014,left,rig_4e6715c571c1c91471c3c28b,1772726565353968896,0.8371,indoor,0|1|2,Tile_2,305,-0.222276,-0.222276,0.800695,0,0.915382,0.222276,0.133862,0.0156005,88.9666
img_738d35da53c08f4a598d2f51,left,rig_a14eac5361ec93600b1d4f72,1772726592855638016,0.9615,outdoor,0|1|2|3,Tile_2,306,0.0133421,0.0133421,1.01343,0,0.915382,-0.0133421,-0.101756,0.00311708,130.26
img_74943b1f05f275dfa3e64b53,right,rig_a651d290576dfa06dcd5066f,1772726513350844928,0.6018,outdoor,0|1|2|3,Tile_2,307,-0.0154156,-0.0154156,0.984703,0,0.915382,0.0154156,-0.0729986,0.0164005,88.8605
img_750ed64f5a06937cd1e4fa08,left,rig_b288ec74ca1539f772649716,1772726404344192000,0.1086,outdoor,2|3,Tile_2,308,-0.0886923,-0.0886923,0.915127,0,0.915382,0.0886923,0.000278018,0.0153137,112.172
img_753e568dd0cb0b359ee23e57,left,rig_f5dd1d7af2daf6378e3249b4,1772726423845337856,0.1968,outdoor,0|1|2|3,Tile_2,309,-0.485816,-0.485816,0.615195,0,0.915382,0.485816,0.397402,0.0142646,106.452
img_756290dd6ae53ced57388fae,left,rig_f328e8b1198e7beebbc58972,1772726493849693184,0.5136,outdoor,0|1|2|3,Tile_2,310,0.0330537,0.0330537,1.03361,0,0.915382,-0.0330537,-0.121468,0.00307934,122.404
img_75a30ee17616282a88941ad2,left,rig_522ee9fc76480605b197e81b,1772726590855480064,0.9525,outdoor,0|1|2,Tile_2,311,-0.0859408,-0.0859408,0.917649,0,0.915382,0.0859408,-0.00247343,0.00315481,129.752
img_764fe29b4e1960f79bb29e3d,right,rig_3d9d76b364297e6d0323be2b,1772726394343603968,0.0633,outdoor,0|1|2|3,Tile_2,312,-0.245969,-0.245969,0.781947,0,0.915382,0.245969,0.157555,0.0122872,110.136
img_767138f6ff85ce73dc611a99,left,rig_10999e61705fcb5317bcce18,1772726507350515968,0.5747,covered,0|1|2|3,Tile_2,313,0.0632308,0.0632308,1.06527,0,0.915382,-0.0632308,-0.151645,0.00623415,99.2435
img_769f7332c72ccca1e08d266b,left,rig_675eeb0cbecc3b94dff85183,1772726567354110976,0.8462,indoor,0|1|2|3,Tile_2,314,-0.183765,-0.183765,0.832131,0,0.915382,0.183765,0.0953508,0.0255102,89.8376
img_76ca13299aa4657ab76c685e,left,rig_7efa8cac190f48b14d87776f,1772726480348849152,0.4525,covered,0|1|2,Tile_2,315,-0.108345,-0.108345,0.897318,0,0.915382,0.108345,0.0199303,0.00217365,117.698
img_76feac06669caa33d9d03c46,left,rig_497c4abbdddec44fc1e5c68e,1772726410844553984,0.138,outdoor,2|3,Tile_2,316,-0.288799,-0.288799,0.749163,0,0.915382,0.288799,0.200384,0.0236611,117.417
img_77098503d4402a0360da6d34,right,rig_9fc13daa2646d960710abb93,1772726472348363776,0.4163,covered,0|1|2|3,Tile_2,317,-0.348031,-0.348031,0.706077,0,0.915382,0.348031,0.259617,0.00720776,119.562
img_77219089d0772978b6821983,left,rig_30e098cecdf3e677d028b972,1772726497849928960,0.5317,outdoor,0|1|2|3,Tile_2,318,0.00764684,0.00764684,1.00768,0,0.915382,-0.00764684,-0.0960611,0.0016076,121.202
img_77ed34b0126642eb21004da8,right,rig_cadcf89307b35ca8d6de3827,1772726390343308032,0.0452,outdoor,0|1|2|3,Tile_2,319,-0.163695,-0.163695,0.849001,0,0.915382,0.163695,0.0752805,0.0152986,109.766
img_780059d915b011a5bd08b6b7,right,rig_7ee093cfd4a4a20579ebc37a,1772726513850872064,0.6041,outdoor,0|1|2|3,Tile_2,320,-0.0686431,-0.0686431,0.93366,0,0.915382,0.0686431,-0.0197711,0.0185138,95.4782
img_783c40ea973d77f89e68bd01,right,rig_18ad96609b9bcb22a55e0903,1772726566354014976,0.8416,indoor,1|2|3,Tile_2,321,-0.100648,-0.100648,0.904252,0,0.915382,0.100648,0.0122335,0.00705682,93.5534
img_789243cb60bd90423c2cc36f,right,rig_6a5d942215c501958c71318c,1772726418845048832,0.1742,outdoor,0|1|2|3,Tile_2,322,-0.0356629,-0.0356629,0.964966,0,0.915382,0.0356629,-0.0527513,0.00523789,125.702
img_78a3f1935a07eebf17609099,right,rig_5bc34c2fed18618a32e97745,1772726448346888960,0.3077,outdoor,0|1|2|3,Tile_2,323,0.0109022,0.0109022,1.01096,0,0.915382,-0.0109022,-0.0993165,0.00427937,121.402
img_7a23a6f62591d19f1c74cf07,left,rig_09c06411065d337169b08361,1772726380842704896,0.0023,stationary_unresolved,2|3,Tile_2,324,-0.0678299,-0.0678299,0.934419,0,0.915382,0.0678299,-0.0205843,0.0012906,125.074
img_7a41592105a1e385ea290380,right,rig_497c4abbdddec44fc1e5c68e,1772726410844537856,0.138,outdoor,0|1|2|3,Tile_2,325,-0.26365,-0.26365,0.768242,0,0.915382,0.26365,0.175236,0.0345973,105.857
img_7c0a4bbe04e2a982312985e3,left,rig_8306253f54ee66d50c913fec,1772726520851337984,0.6357,outdoor,2|3,Tile_2,326,0.0215588,0.0215588,1.02179,0,0.915382,-0.0215588,-0.109973,0.00548696,110.089
img_7c194d874150e53dc7911d70,right,rig_57c2ba4c8eedc151ab23a032,1772726509850633984,0.586,covered,0|1|2|3,Tile_2,327,0.0213971,0.0213971,1.02163,0,0.915382,-0.0213971,-0.109811,0.0414352,108.036
img_7c4bd9a8b55c8f86fa134466,right,rig_8e3bbcc1620e7105fa423668,1772726534352160000,0.6968,indoor,0|1|2|3,Tile_2,328,0.0639484,0.0639484,1.06604,0,0.915382,-0.0639484,-0.152363,0.0233818,98.7528
img_7c515910e5b2babce47b2d20,left,rig_dee50a77658b8fc7cdc87a21,1772726587855303168,0.9389,outdoor,0|1|2,Tile_2,329,-0.0985249,-0.0985249,0.906173,0,0.915382,0.0985249,0.0101106,0.000445296,116.108
img_7cbdf15076430dd9350f81b8,right,rig_0ef9dbc241cdbcffd9ef8830,1772726387343147008,0.0317,stationary_unresolved,0|1|2|3,Tile_2,330,-0.0226219,-0.0226219,0.977632,0,0.915382,0.0226219,-0.0657923,0.0108154,114.421
img_7cbe47c2fcf912025e6a1750,right,rig_e615de20b17fa11c9c697b26,1772726573354415872,0.8733,indoor,0|1|2|3,Tile_2,331,-0.0810154,-0.0810154,0.922179,0,0.915382,0.0810154,-0.00739881,0.00793231,75.539
img_7ce79754f20b04e0897c295c,left,rig_0c0fa752260adc2d7d42204f,1772726386343101952,0.0271,stationary_unresolved,2|3,Tile_2,332,-0.0743841,-0.0743841,0.928315,0,0.915382,0.0743841,-0.0140302,0.00135098,125.187
img_7cff19823ca3910b18ba5ea2,left,rig_b9fca3f358eac23d79418554,1772726381842718720,0.0068,stationary_unresolved,2|3,Tile_2,333,-0.0603209,-0.0603209,0.941462,0,0.915382,0.0603209,-0.0280933,0.00121513,125.116
img_7d06dbe48c57eacee34b64be,left,rig_e601727fcbd717550873cb63,1772726407844367104,0.1244,outdoor,2|3,Tile_2,334,-0.147506,-0.147506,0.862857,0,0.915382,0.147506,0.0590917,0.0214573,115.975
img_7d6f42b0bce05fe141244829,right,rig_8895a9a6f5acbf57a1c1a144,1772726442846546944,0.2828,outdoor,0|1|2|3,Tile_2,335,-0.0211148,-0.0211148,0.979107,0,0.915382,0.0211148,-0.0672995,0.00599263,119.071
img_7dcdf9e8d78797e6f40a6690,right,rig_4632608bd59f3269d67c0a56,1772726578354714880,0.8959,indoor,0|1|2,Tile_2,336,-0.0599748,-0.0599748,0.941788,0,0.915382,0.0599748,-0.0284395,0.0361218,106.695
img_7e1c9e745aed152b1e706429,right,rig_f8e970507b82986a3831673c,1772726393843569920,0.0611,outdoor,0|1|2|3,Tile_2,337,-0.261692,-0.261692,0.769748,0,0.915382,0.261692,0.173278,0.0140533,110.545
img_7e5fa33d0d13a5a9e8727f84,right,rig_73278438c5987edce280624d,1772726405344205824,0.1131,outdoor,0|1|2|3,Tile_2,338,-0.0374718,-0.0374718,0.963222,0,0.915382,0.0374718,-0.0509424,0.0223403,109.697
img_7eb69cbcb3cfc4f6f4283b99,right,rig_f50ee5341312269e69fe7892,1772726542352633088,0.733,indoor,0|1|2|3,Tile_2,339,-0.723707,-0.693147,0.5,1,0.915382,0.693147,0.604733,0.0212308,72.5188
img_7fc70193a1c9db1d85cc998e,left,rig_a4484fe11e03722462ec74f3,1772726406844329984,0.1199,outdoor,2|3,Tile_2,340,-0.117905,-0.117905,0.888781,0,0.915382,0.117905,0.0294906,0.0247932,118.823
img_8025ffd18b089ef27d299a02,right,rig_3b08745339cf8d14f6aec219,1772726430845890048,0.2285,outdoor,0|1|2|3,Tile_2,341,-0.00613253,-0.00613253,0.993886,0,0.915382,0.00613253,-0.0822817,0.00403031,124.378
img_8034bee18078f34322ce32c4,right,rig_0d54a9615cbd3ca2a4fd9201,1772726468848142848,0.4005,indoor,0|1|2,Tile_2,342,-0.35776,-0.35776,0.699241,0,0.915382,0.35776,0.269346,0.0209289,119.955
img_8090a41117eb65d08a63dfb6,left,rig_a6081c1007b9caf70b92b37c,1772726466347998976,0.3891,indoor,0|1|2|3,Tile_2,343,-0.778796,-0.693147,0.5,1,0.915382,0.693147,0.604733,0.0257442,98.6824
img_80940ca2f4c06ff631233746,right,rig_06b48d05e685561591643b16,1772726386843112960,0.0294,stationary_unresolved,0|1|2|3,Tile_2,344,-0.0671837,-0.0671837,0.935023,0,0.915382,0.0671837,-0.0212306,0.0107777,114.542
img_809b1e32b82c29585751f38a,left,rig_17ce22fa282acba5bd402357,1772726546352840960,0.7511,indoor,1|2|3,Tile_2,345,0.0726763,0.0726763,1.07538,0,0.915382,-0.0726763,-0.16109,0.0130117,101.19
img_8123b95a19d4d38c968b46a6,right,rig_ef5c8187f0bb37e1cf8995b4,1772726475348558848,0.4299,outdoor,0|1|2|3,Tile_2,346,-0.368387,-0.368387,0.69185,0,0.915382,0.368387,0.279972,0.0227856,118.653
img_8176d36ae3b7dfeb51721892,left,rig_45254873f743668026e05080,1772726400343864064,0.0905,outdoor,2|3,Tile_2,347,-0.0779912,-0.0779912,0.924973,0,0.915382,0.0779912,-0.010423,0.0116004,116.565
img_82d9fb8847d38ab47a5fd588,left,rig_4b1ec4e3e45bd3dd1eeed80c,1772726477848705024,0.4412,outdoor,0|1|2,Tile_2,348,0.0454545,0.0454545,1.0465,0,0.915382,-0.0454545,-0.133869,0.0205138,129.037
img_838c23e27b7d0914a3d56cc1,left,rig_f617e13b0b17a308839b24e9,1772726495349758976,0.5204,outdoor,0|1|2|3,Tile_2,349,0.0267816,0.0267816,1.02714,0,0.915382,-0.0267816,-0.115196,0.00301896,122.991
img_8445df47b782669dc1b90367,right,rig_683015a639244cc715d9d250,1772726464847874816,0.3824,indoor,0|1|2|3,Tile_2,350,-0.219309,-0.219309,0.803073,0,0.915382,0.219309,0.130895,0.00652095,103.843
img_8448119d6dd039f747f28fad,right,rig_51dfbc6b06cba9f68f051556,1772726381342714112,0.0045,stationary_unresolved,0|1|2|3,Tile_2,351,-0.019601,-0.019601,0.98059,0,0.915382,0.019601,-0.0688132,0.0109286,114.658
img_84697fc9c6f4c5bed7b7f5e7,left,rig_7f979503308dbb5497dc8184,1772726547852930048,0.7579,indoor,1|2|3,Tile_2,352,0.101495,0.101495,1.10682,0,0.915382,-0.101495,-0.189909,0.0112079,91.4072
img_84c4dd47f20c39c3503715c4,left,rig_b80565635f69091466b4cc32,1772726553353296128,0.7828,indoor,1|2|3,Tile_2,353,0.0249443,0.0249443,1.02526,0,0.915382,-0.0249443,-0.113358,0.0105437,92.5985
img_854fa679dccac7d7e0b62e14,left,rig_3d9e538c8670b6985619e201,1772726498850016000,0.5362,outdoor,0|1|2|3,Tile_2,354,-0.0244242,-0.0244242,0.975872,0,0.915382,0.0244242,-0.0639901,0.000935877,120.234
img_85a543b7c72c048e16fcfee4,left,rig_2a055bfd636f7d211ae0a779,1772726476848726016,0.4367,outdoor,0|1|2,Tile_2,355,-0.12266,-0.12266,0.884565,0,0.915382,0.12266,0.0342455,0.00686058,124.268
img_85e78662bf093fa213534df1,right,rig_a576337316816313a8efe5fa,1772726597855890944,0.9842,outdoor,0|1|2|3,Tile_2,356,-0.361786,-0.361786,0.696431,0,0.915382,0.361786,0.273372,0.00999275,100.727
img_864756b6e6d7af01e546481e,right,rig_0c8aaeaf8cc9714a437895cb,1772726391343368960,0.0498,outdoor,0|1|2|3,Tile_2,357,-0.0691616,-0.0691616,0.933176,0,0.915382,0.0691616,-0.0192526,0.0152533,112.606
img_864f94111ef95cfcf74e9828,right,rig_fdc0fa397462e41f7b7a979b,1772726421345256960,0.1855,outdoor,0|1|2|3,Tile_2,358,0.0329071,0.0329071,1.03345,0,0.915382,-0.0329071,-0.121321,0.00092833,119.598
img_86575fe5a65f1c1856691512,right,rig_325fa81b9d3269e8ec77d8ed,1772726588355316992,0.9412,outdoor,0|1|2|3,Tile_2,359,-0.0335755,-0.0335755,0.966982,0,0.915382,0.0335755,-0.0548387,0.0449221,132.067
img_873f8a46b4f56524c493f90f,left,rig_62d2ba632bb86ef1b9ad4845,1772726497349894144,0.5294,outdoor,0|1|2|3,Tile_2,360,0.0107628,0.0107628,1.01082,0,0.915382,-0.0107628,-0.099177,0.00195478,121.76
img_876fed3a87ac79c0d63a1017,right,rig_91b93595f9dd2b17759817f5,1772726471348340992,0.4118,covered,0|1|2,Tile_2,361,-0.452193,-0.452193,0.636232,0,0.915382,0.452193,0.363778,0.00529073,108.311
img_87edfad3f6901cbaccb73eb1,right,rig_4b1ec4e3e45bd3dd1eeed80c,1772726477848688896,0.4412,outdoor,0|1|2|3,Tile_2,362,-0.0813869,-0.0813869,0.921837,0,0.915382,0.0813869,-0.00702736,0.00491336,117.84
img_88226fd046cc5356cc68c8ec,right,rig_efcd62d71c5d28e141da5cb3,1772726398843760896,0.0837,outdoor,0|1|2|3,Tile_2,363,-0.214402,-0.214402,0.807024,0,0.915382,0.214402,0.125988,0.0180156,106.671
img_88f56dd83ab43bbefa88be99,left,rig_7b7a57d6184106ae9aedf6f9,1772726499850046976,0.5407,outdoor,0|1|2|3,Tile_2,364,-0.0999304,-0.0999304,0.9049,0,0.915382,0.0999304,0.0115162,0.00123023,121.846
img_8962d14dfb4d12b9b2cf4058,left,rig_15351bdd38b5f8052a7c981c,1772726526351647744,0.6606,indoor,2|3,Tile_2,365,-0.0359001,-0.0359001,0.964737,0,0.915382,0.0359001,-0.0525141,0.00684549,74.588
img_899fdb6f39652cc58649d147,right,rig_90ae543fbb5ad945f5a42e17,1772726537352364032,0.7104,indoor,0|1|2,Tile_2,366,-0.522959,-0.522959,0.592764,0,0.915382,0.522959,0.434544,0.0116758,79.1415
img_89a641da0fa44949a2822d47,right,rig_f5dd1d7af2daf6378e3249b4,1772726423845319936,0.1968,outdoor,0|1|2|3,Tile_2,367,0.0247695,0.0247695,1.02508,0,0.915382,-0.0247695,-0.113184,0.00153967,121.483
img_89dbae486825e8e491b2f107,right,rig_91fc1ab762411955ff6045b9,1772726583355017984,0.9186,covered,0|1|2,Tile_2,368,-0.213354,-0.213354,0.80787,0,0.915382,0.213354,0.12494,0.00674737,111.302
img_8a5782154627496067ab070d,right,rig_77f65590b82898143d4b614f,1772726415844847872,0.1606,outdoor,0|1|2|3,Tile_2,369,-0.0657021,-0.0657021,0.93641,0,0.915382,0.0657021,-0.0227122,0.00483033,119.455
img_8a836ae7085e580269664f4b,right,rig_44a497d2cddd76ad8dc46b77,1772726586355254016,0.9321,outdoor,0|1|2|3,Tile_2,370,0.0398944,0.0398944,1.0407,0,0.915382,-0.0398944,-0.128309,0.0127249,127.34
img_8b86a5f7e66ce5098ea7120a,right,rig_313632335919463682d800b2,1772726491349501952,0.5023,covered,0|1|2|3,Tile_2,371,-0.469519,-0.469519,0.625303,0,0.915382,0.469519,0.381105,0.00863422,99.1285
img_8bdef04bbeeb5f84aab07251,left,rig_c6d39b13c662c182cb5e41b6,1772726598355931904,0.9864,indoor,0|1|2,Tile_2,372,0.0432296,0.0432296,1.04418,0,0.915382,-0.0432296,-0.131644,0.00464165,114.957
img_8c2af5819c98a4c49838403d,right,rig_392adee9b1d023baeac738a4,1772726519851233024,0.6312,outdoor,0|1|2|3,Tile_2,373,-0.0783125,-0.0783125,0.924675,0,0.915382,0.0783125,-0.0101017,0.0283103,101.843
img_8c3e6079842882b7a563f29e,right,rig_3a1c49b0b99f45f0ffa75938,1772726579854802944,0.9027,indoor,0|1|2,Tile_2,374,-0.0816901,-0.0816901,0.921557,0,0.915382,0.0816901,-0.00672411,0.0206723,115.559
img_8c80111aab308428694788f4,right,rig_1cb9c5d4c879116ef855a1a5,1772726401843961088,0.0973,outdoor,0|1|2|3,Tile_2,375,-0.0652808,-0.0652808,0.936804,0,0.915382,0.0652808,-0.0231334,0.01871,103.789
img_8cb5b725b7b6ad962fac04a5,right,rig_38381b3fc18c826f13eeff77,1772726432846006784,0.2376,outdoor,0|1|2|3,Tile_2,376,-0.0410066,-0.0410066,0.959823,0,0.915382,0.0410066,-0.0474076,0.00473977,128.468
img_8cd89f371a942c3c6c92b440,left,rig_8e1b5e3e3f305e48552bbd59,1772726485349150976,0.4751,covered,0|1|2,Tile_2,377,0.00184222,0.00184222,1.00184,0,0.915382,-0.00184222,-0.0902565,0.00219629,127.17
img_8d2653f0e92eb51552d9d708,right,rig_499c71c63328b454a4c529ad,1772726438846304000,0.2647,outdoor,0|1|2|3,Tile_2,378,0.0979687,0.0979687,1.10293,0,0.915382,-0.0979687,-0.186383,0.00657378,128.453
img_8e7406ac1d20129cfb445559,right,rig_f5d85a923d4d655269390443,1772726583855046912,0.9208,covered,0|1|2,Tile_2,379,-0.241024,-0.241024,0.785823,0,0.915382,0.241024,0.15261,0.00252838,113.835
img_8ef82436b387ffb945bf91a5,right,rig_4c0225da8a77199deca115fd,1772726566854084864,0.8439,indoor,1|2|3,Tile_2,380,-0.1204,-0.1204,0.886565,0,0.915382,0.1204,0.0319862,0.00529827,94.1234
img_8efe5cca9c8833e14b9d60ff,left,rig_a9078c41c0a096c560d438f1,1772726462847769856,0.3733,indoor,0|1|2|3,Tile_2,381,-0.427138,-0.427138,0.652374,0,0.915382,0.427138,0.338724,0.0214799,96.1566
img_8f0e7759dc55f86773c50f2b,right,rig_1bee9a2dc1fc8f2952ede860,1772726475848583936,0.4321,outdoor,0|1|2|3,Tile_2,382,-0.266324,-0.266324,0.766191,0,0.915382,0.266324,0.17791,0.0186043,116.403
img_90c01a0a342d72f043a54865,right,rig_69c65f7075f6f69eff3108cd,1772726599856006912,0.9932,stationary_unresolved,0|1|2|3,Tile_2,383,-0.362855,-0.362855,0.695687,0,0.915382,0.362855,0.274441,0.0115022,105.801
img_90c4c943ac74ab146341b73c,right,rig_4e6715c571c1c91471c3c28b,1772726565353952768,0.8371,indoor,1|2|3,Tile_2,384,-0.34983,-0.34983,0.704808,0,0.915382,0.34983,0.261416,0.0162043,92.4391
img_90eea4dd5eaa99d0803f2f7d,right,rig_489762f527d5662e4bef440b,1772726456847405056,0.3462,covered,0|1|2|3,Tile_2,385,-0.78542,-0.693147,0.5,1,0.915382,0.693147,0.604733,0.0015925,83.532
img_9294bdfdfc421be19feca3a8,right,rig_5bd893355a78101c356da067,1772726481848922880,0.4593,covered,0|1|2|3,Tile_2,386,-0.228739,-0.228739,0.795536,0,0.915382,0.228739,0.140325,0.0154571,118.924
img_92dd1fda516c07508a76a56c,right,rig_a3034e10afdfd13c3bb3b127,1772726401343922944,0.095,outdoor,0|1|2|3,Tile_2,387,-0.147909,-0.147909,0.862509,0,0.915382,0.147909,0.0594953,0.019661,106.583
img_94448b4974045a36f76fb520,right,rig_475020cf2c7c50962fbaae56,1772726514850932736,0.6086,outdoor,0|1|2|3,Tile_2,388,-0.0382612,-0.0382612,0.962462,0,0.915382,0.0382612,-0.0501531,0.0235403,100.137
img_94927e44b477e8913c19b6ca,right,rig_b7a1dcca113aef53dd74f487,1772726486349238784,0.4796,covered,0|1|2|3,Tile_2,389,-0.29128,-0.29128,0.747307,0,0.915382,0.29128,0.202866,0.0185062,106.072
img_94e02476ceafeb0eb6a0b463,right,rig_b63838d545636c8ddf8b3e09,1772726470848311808,0.4095,indoor,0|1|2,Tile_2,390,-0.420041,-0.420041,0.65702,0,0.915382,0.420041,0.331627,0.00933613,110.673
img_953b301eedea931f01d7519b,left,rig_57c2ba4c8eedc151ab23a032,1772726509850650112,0.586,covered,0|1|2|3,Tile_2,391,0.234548,0.234548,1.26434,0,0.915382,-0.234548,-0.322962,0.0106192,117.059
img_954f086e75547572ac933571,left,rig_a1697c621b1dd2f46054211e,1772726424845409792,0.2014,outdoor,0|1|2|3,Tile_2,392,-0.476695,-0.476695,0.620832,0,0.915382,0.476695,0.388281,0.0134947,105.558
img_9620b0e2d41b237347f467c4,left,rig_6fa23521d90b426cbd139334,1772726521851397120,0.6403,outdoor,2|3,Tile_2,393,-0.102375,-0.102375,0.902691,0,0.915382,0.102375,0.0139605,0.00578131,107.581
img_9633e8945f2c59ccce41f434,left,rig_e98573ad02fccb17e2acf042,1772726481348909824,0.457,covered,0|1|2,Tile_2,394,-0.089813,-0.089813,0.914102,0,0.915382,0.089813,0.00139873,0.0011472,118.65
img_963a1658563cdcae13dded91,left,rig_e9da6b15668a54354ee2535d,1772726482348969984,0.4615,covered,0|1|2,Tile_2,395,-0.0693693,-0.0693693,0.932982,0,0.915382,0.0693693,-0.0190449,0.00139627,124.021
img_96ec06089b236e99424a6f3b,left,rig_5bc34c2fed18618a32e97745,1772726448346905088,0.3077,outdoor,0|1|2|3,Tile_2,396,-0.241842,-0.241842,0.78518,0,0.915382,0.241842,0.153428,0.00446806,105.853
img_972156b97cd01036788d2d93,left,rig_cadcf89307b35ca8d6de3827,1772726390343323904,0.0452,outdoor,2|3,Tile_2,397,-0.122215,-0.122215,0.884958,0,0.915382,0.122215,0.0338005,0.000649076,118.069
img_977b8a805006c0e5b74cbe6d,right,rig_8e1b5e3e3f305e48552bbd59,1772726485349135872,0.4751,covered,0|1|2|3,Tile_2,398,-0.186407,-0.186407,0.829935,0,0.915382,0.186407,0.0979933,0.01831,107.469
img_979bfd5fa0f6aaab6792aa9a,left,rig_abf4a71f8bd95682baa5944c,1772726515350981120,0.6109,outdoor,1|2|3,Tile_2,399,0.00552655,0.00552655,1.00554,0,0.915382,-0.00552655,-0.0939408,0.00560772,108.644
img_98bb570ecf462a8b29f1009a,right,rig_63b1b61f95c59794d3396860,1772726427345547008,0.2127,outdoor,0|1|2|3,Tile_2,400,-0.00455413,-0.00455413,0.995456,0,0.915382,0.00455413,-0.0838601,0.00110192,122.291
img_98f96242d8c202d61ed3e10a,left,rig_67298aabd7f28fa9d9b15387,1772726457347449088,0.3484,covered,0|1|2|3,Tile_2,401,-0.453376,-0.453376,0.635479,0,0.915382,0.453376,0.364962,0.00510204,112.367
img_98fbe7ea8fe6d8ecf2b8b9d7,right,rig_2dcb1105a9bc83267ba2531f,1772726600356036864,0.9955,stationary_unresolved,0|1|2|3,Tile_2,402,-0.292075,-0.292075,0.746712,0,0.915382,0.292075,0.203661,0.011306,105.648
img_99068fd6187eaec18010aec9,right,rig_eab71990738eceee3836f663,1772726580354832896,0.905,indoor,0|1|2,Tile_2,403,-0.0974156,-0.0974156,0.907179,0,0.915382,0.0974156,0.00900139,0.0194723,112.586
img_9962d88cb31eac6975120aa9,left,rig_ef5c8187f0bb37e1cf8995b4,1772726475348614912,0.4299,outdoor,0|1|2,Tile_2,404,-0.0473252,-0.0473252,0.953777,0,0.915382,0.0473252,-0.041089,0.00181138,115.06
img_998fac7e5f651da4c2cd8d17,right,rig_8376cf6ed2d267b6372abc97,1772726385843104768,0.0249,stationary_unresolved,0|1|2|3,Tile_2,405,-0.0739755,-0.0739755,0.928694,0,0.915382,0.0739755,-0.0144388,0.0107701,114.464
img_99b7912c3fb02b71077e5347,left,rig_2dcb1105a9bc83267ba2531f,1772726600356051968,0.9955,stationary_unresolved,0|1|2,Tile_2,406,0.00149113,0.00149113,1.00149,0,0.915382,-0.00149113,-0.0899054,0.00537375,113.464
img_99cab519f1ef124e4b6289fd,right,rig_61ddcb249fb315d6b3a7c599,1772726522351382016,0.6425,outdoor,0|1|2|3,Tile_2,407,-0.360055,-0.360055,0.697638,0,0.915382,0.360055,0.271641,0.0133136,90.7034
img_99ff5b55953852c01f3971b3,right,rig_0eb3371c1a9cf742253ad85d,1772726539852445952,0.7217,indoor,0|1|2,Tile_2,408,-0.504047,-0.504047,0.604081,0,0.915382,0.504047,0.415633,0.0255253,79.9159
img_9a02444f21bdbcb3a9eda962,left,rig_71ae938deaaa4b9c6973bf08,1772726485849179136,0.4774,covered,0|1|2,Tile_2,409,-0.0510958,-0.0510958,0.950188,0,0.915382,0.0510958,-0.0373185,0.00178119,125.824
img_9b00be96662f65f6e44b8ae9,right,rig_6fa23521d90b426cbd139334,1772726521851394816,0.6403,outdoor,0|1|2|3,Tile_2,410,-0.325853,-0.325853,0.721911,0,0.915382,0.325853,0.237439,0.0146118,90.6929
img_9b4b225cdf274d4a95011c0b,left,rig_083bc66ce28c3ad6214b88c3,1772726519351252992,0.629,outdoor,2|3,Tile_2,411,-0.0337505,-0.0337505,0.966813,0,0.915382,0.0337505,-0.0546638,0.00813609,111.041
img_9b81a0f6a1bf887a91ae2d98,left,rig_489762f527d5662e4bef440b,1772726456847420928,0.3462,covered,0|1|2|3,Tile_2,412,-0.456686,-0.456686,0.633379,0,0.915382,0.456686,0.368271,0.00221139,113.68
img_9c233d6fe5c0b3c4bb7581ba,left,rig_03d12388aba2090fc187d74a,1772726525351582976,0.6561,indoor,2|3,Tile_2,413,-0.160045,-0.160045,0.852106,0,0.915382,0.160045,0.0716303,0.00677756,70.7086
img_9cc72b24cfc01e68bb74537b,right,rig_b5f4408ea9ce288b4ad01045,1772726413844727040,0.1516,outdoor,0|1|2|3,Tile_2,414,-0.131856,-0.131856,0.876467,0,0.915382,0.131856,0.0434416,0.0166647,107.447
img_9d2169dd4ead7e93fd64a667,left,rig_16e86f8952d26123cc30a803,1772726527351708928,0.6652,indoor,1|2|3,Tile_2,415,-0.0341609,-0.0341609,0.966416,0,0.915382,0.0341609,-0.0542533,0.00779646,72.1823
img_9dc91b94d046c1df9d217aee,left,rig_67a9228c1efdcd385969f983,1772726408344398848,0.1267,outdoor,2|3,Tile_2,416,-0.161934,-0.161934,0.850497,0,0.915382,0.161934,0.0735199,0.016642,112.606
img_9ebdbf472ddeb6c9d82994c8,left,rig_00a3588c60e97948cf94e53a,1772726517851133952,0.6222,outdoor,2|3,Tile_2,417,0.0646701,0.0646701,1.06681,0,0.915382,-0.0646701,-0.153084,0.00730588,95.1424
img_9ee9430204cbc4d2cbd30ed3,right,rig_8c9df4cc0f7e042daa4d11b5,1772726462347724032,0.371,indoor,0|1|2|3,Tile_2,418,-0.35089,-0.35089,0.704061,0,0.915382,0.35089,0.262476,0.00663416,102.081
img_9f8e6e6735bab2261cf49998,right,rig_8bde27053478a07cd47f4415,1772726399343814912,0.086,outdoor,0|1|2|3,Tile_2,419,-0.181562,-0.181562,0.833967,0,0.915382,0.181562,0.0931475,0.0187855,104.207
img_9fc13fc6b2a89839552d140b,right,rig_a9f7d98bdef46fd501af8b17,1772726520351264000,0.6335,outdoor,0|1|2|3,Tile_2,420,-0.183634,-0.183634,0.83224,0,0.915382,0.183634,0.09522,0.0203176,95.4561
img_9fdb192a6cce5207a022ddf4,left,rig_7dd4daacf866047206cfc7cd,1772726587355271936,0.9367,outdoor,0|1|2,Tile_2,421,-0.119884,-0.119884,0.887023,0,0.915382,0.119884,0.0314701,0.00192459,111.291
img_9ffea0abbf2eabd75d38e11e,left,rig_c6cff1a0bc4601c184ce5765,1772726526851676928,0.6629,indoor,1|2|3,Tile_2,422,0.0835227,0.0835227,1.08711,0,0.915382,-0.0835227,-0.171937,0.00911726,76.9011
img_9fff771b01cbbb84aede4919,left,rig_7e0029c18aafeeabec73c08f,1772726399843821056,0.0882,outdoor,2|3,Tile_2,423,-0.0791351,-0.0791351,0.923915,0,0.915382,0.0791351,-0.00927912,0.00901914,117.839
img_a022d4ac11daef96817ffead,right,rig_57abffbe71119b953b048e03,1772726514350947840,0.6063,outdoor,0|1|2|3,Tile_2,424,0.0357994,0.0357994,1.03645,0,0.915382,-0.0357994,-0.124214,0.0231781,98.9492
img_a14105de462c87fe3f894b4d,right,rig_fecabf1f0df1d4efe3758382,1772726410344506880,0.1357,outdoor,0|1|2|3,Tile_2,425,-0.291072,-0.291072,0.747462,0,0.915382,0.291072,0.202658,0.0174345,96.0205
img_a1f74d52ddf18a7b95f8fb82,right,rig_8aab95e150e309add8a41d73,1772726443346631936,0.2851,outdoor,0|1|2|3,Tile_2,426,-0.0693131,-0.0693131,0.933034,0,0.915382,0.0693131,-0.0191011,0.00627189,120.901
img_a21e76e673caa3f2f9ac6c92,right,rig_1cc1bd00f27f66174cd517e6,1772726582354951936,0.914,indoor,0|1|2,Tile_2,427,-0.303754,-0.303754,0.738043,0,0.915382,0.303754,0.215339,0.035903,113.507
img_a2dfad8a426ffd116653cba3,right,rig_8dc919a038e91363f01ee701,1772726562853868032,0.8258,indoor,1|2|3,Tile_2,428,-0.281247,-0.281247,0.754842,0,0.915382,0.281247,0.192832,0.0121513,90.9412
img_a2e7e9dbb51942d5d12a742f,left,rig_07365b42985639b762ddee0a,1772726536352329984,0.7059,indoor,0|1|2|3,Tile_2,429,-0.121933,-0.121933,0.885208,0,0.915382,0.121933,0.0335189,0.00964557,60.1354
img_a2ef0a0058461539f6d32279,right,rig_edcce550aec0ad3c1825731d,1772726417844980992,0.1697,outdoor,0|1|2|3,Tile_2,430,0.0448446,0.0448446,1.04587,0,0.915382,-0.0448446,-0.133259,0.00621151,126.715
img_a32938d8e900c340762569b1,left,rig_3d9d76b364297e6d0323be2b,1772726394343606016,0.0633,outdoor,2|3,Tile_2,431,-0.0738802,-0.0738802,0.928783,0,0.915382,0.0738802,-0.0145341,0.00277744,123.873
img_a34bf12eed338786d18daa62,left,rig_815b5dd557cc5801e2725257,1772726524351521024,0.6516,indoor,1|2|3,Tile_2,432,-0.0987118,-0.0987118,0.906004,0,0.915382,0.0987118,0.0102976,0.00776627,79.9327
img_a3cc951b233b580ed90eef07,left,rig_325fa81b9d3269e8ec77d8ed,1772726588355331840,0.9412,outdoor,0|1|2,Tile_2,433,-0.0466116,-0.0466116,0.954458,0,0.915382,0.0466116,-0.0418026,0.0017359,123.725
img_a415e25dd2ef27ecc5a4e82a,right,rig_d6963ee8dba6eb0fb6f95ff1,1772726465347912960,0.3846,indoor,0|1|2|3,Tile_2,434,-0.147595,-0.147595,0.86278,0,0.915382,0.147595,0.059181,0.00778891,107.297
img_a43232d113b6f9e20c343e11,left,rig_4fdb0f6024349585e6749f6c,1772726503850278912,0.5588,outdoor,0|1|2|3,Tile_2,435,-0.0332324,-0.0332324,0.967314,0,0.915382,0.0332324,-0.0551818,0.0119853,122.053
img_a4bc513964ab0170b07c28bc,right,rig_c95956aed608037d72998ed8,1772726412844669952,0.1471,outdoor,0|1|2|3,Tile_2,436,-0.222605,-0.222605,0.800431,0,0.915382,0.222605,0.13419,0.0193591,105.377
img_a582079f26f392696e22c9e8,left,rig_edc3bafffda033f20b96d6e7,1772726564353956864,0.8326,indoor,0|1|2|3,Tile_2,437,-0.249511,-0.249511,0.779182,0,0.915382,0.249511,0.161097,0.0114947,87.5955
img_a5821da77bd01917280213c1,left,rig_1cb9c5d4c879116ef855a1a5,1772726401843976960,0.0973,outdoor,2|3,Tile_2,438,-0.0686346,-0.0686346,0.933668,0,0.915382,0.0686346,-0.0197797,0.021812,123.321
img_a6a68e03d00b4ed4df22aa71,left,rig_4d16d7410b532f5a8e99b5f1,1772726384342942976,0.0181,stationary_unresolved,2|3,Tile_2,439,0.0412474,0.0412474,1.04211,0,0.915382,-0.0412474,-0.129662,0.0012906,125.152
img_a6e40bded3c9f2217bdca885,left,rig_5f69d828774526ed0ca7afd8,1772726544352721920,0.7421,indoor,1|2|3,Tile_2,440,0.0165808,0.0165808,1.01672,0,0.915382,-0.0165808,-0.104995,0.0134721,99.9114
img_a70b864456069a8a04299a32,left,rig_d87764c773928f6cedabc5b1,1772726591355510016,0.9548,outdoor,0|1|2,Tile_2,441,-0.0245495,-0.0245495,0.975749,0,0.915382,0.0245495,-0.0638647,0.00323783,129.978
img_a7702c940d1875989ae07bb5,right,rig_3b41916b103981a8eccd4f43,1772726574854508032,0.8801,indoor,0|1|2,Tile_2,442,0.100326,0.100326,1.10553,0,0.915382,-0.100326,-0.18874,0.00880027,91.6205
img_a81fedc93cf86c096628e077,left,rig_08081db25aa286b3c2771e0f,1772726589355390976,0.9457,outdoor,0|1|2,Tile_2,443,-0.0220545,-0.0220545,0.978187,0,0.915382,0.0220545,-0.0663597,0.00395484,129.01
img_a82e5ed8936520040da5595f,right,rig_61551f3cbc92909dad638c73,1772726459847555840,0.3597,covered,0|1|2|3,Tile_2,444,-0.671661,-0.671661,0.510859,0,0.915382,0.671661,0.583247,0.00483788,102.871
img_a845da47748e8a6ca297bb3a,right,rig_b657874324625bd3f19ad991,1772726390843336960,0.0475,outdoor,0|1|2|3,Tile_2,445,-0.213445,-0.213445,0.807797,0,0.915382,0.213445,0.125031,0.00406805,102.694
img_a8804fb8fac29a211615de16,left,rig_b71e39aff0f21581116681d0,1772726458847533824,0.3552,covered,0|1|2|3,Tile_2,446,-0.566508,-0.566508,0.567504,0,0.915382,0.566508,0.478094,0.0120758,103.559
img_a9080d3bc1d37c269cf33d87,left,rig_06b48d05e685561591643b16,1772726386843129856,0.0294,stationary_unresolved,2|3,Tile_2,447,-0.00646402,-0.00646402,0.993557,0,0.915382,0.00646402,-0.0819502,0.00128306,125.162
img_a9801515c4acedf4f042d6ee,right,rig_3c64bb05b7b5c9abf9f8ea57,1772726392843508992,0.0566,outdoor,0|1|2|3,Tile_2,448,-0.338312,-0.338312,0.712973,0,0.915382,0.338312,0.249897,0.00999275,107.814
img_a994d67bd8f7baf8bc80fc12,left,rig_845d3f5e0068e3363d4d6e0b,1772726495849790976,0.5226,outdoor,0|1|2|3,Tile_2,449,-0.100068,-0.100068,0.904776,0,0.915382,0.100068,0.0116537,0.00316236,122.632
img_a9e7f0e0c40e93878609f3f3,left,rig_f37b6e125599ee8ce13ef928,1772726532352043776,0.6878,indoor,1|2|3,Tile_2,450,-0.252677,-0.252677,0.776719,0,0.915382,0.252677,0.164263,0.0243932,85.5527
img_aabac34ed43c0f022c9ce39e,left,rig_e03d1eabb3deba3492123b63,1772726524851557120,0.6538,indoor,2|3,Tile_2,451,-0.0682648,-0.0682648,0.934013,0,0.915382,0.0682648,-0.0201495,0.0100909,76.5325
img_abcaa5cd6df859ada3b95e63,right,rig_707e643a791bb47a4463b704,1772726569854267904,0.8575,indoor,1|2|3,Tile_2,452,0.115779,0.115779,1.12275,0,0.915382,-0.115779,-0.204193,0.0138948,96.9213
img_ace39114ea6e3dc2c06be34b,left,rig_5b86fc4cc527019cc1bbe3e0,1772726597355872000,0.9819,outdoor,0|1|2|3,Tile_2,453,-0.121794,-0.121794,0.885331,0,0.915382,0.121794,0.0333799,0.0030416,128.324
img_ad64d81e52a8a7bcc90a5256,left,rig_57daa39210e3df64a754fd7b,1772726559353672960,0.81,indoor,1|2|3,Tile_2,454,-0.0656495,-0.0656495,0.936459,0,0.915382,0.0656495,-0.0227648,0.0128381,104.419
img_ae76977466c8fa930454864c,right,rig_b4d4cab763a4251789f68ec8,1772726434346002944,0.2443,outdoor,0|1|2|3,Tile_2,455,0.0172268,0.0172268,1.01738,0,0.915382,-0.0172268,-0.105641,0.00560772,130.137
img_ae7fcdb96cefc23a2e9b1cb8,left,rig_e0ad9a754c98bed980df1462,1772726555353378048,0.7919,indoor,1|2|3,Tile_2,456,0.0489361,0.0489361,1.05015,0,0.915382,-0.0489361,-0.13735,0.013057,100.084
img_ae847fd97d3627e78b825c01,left,rig_9c3f1ac5de3379b735c9526f,1772726547352930048,0.7557,indoor,1|2|3,Tile_2,457,0.139452,0.139452,1.14964,0,0.915382,-0.139452,-0.227866,0.0120909,95.5333
img_aedaf82ed3842144ec0c3951,right,rig_2a055bfd636f7d211ae0a779,1772726476848721920,0.4367,outdoor,0|1|2|3,Tile_2,458,-0.0937512,-0.0937512,0.910509,0,0.915382,0.0937512,0.00533697,0.0132457,115.944
img_af0c1eda2c65e76e902ac346,left,rig_7fdb0caca6507a455ae7188f,1772726515851009792,0.6131,outdoor,2|3,Tile_2,459,0.00907848,0.00907848,1.00912,0,0.915382,-0.00907848,-0.0974927,0.0053511,105.37
img_af0c87414478c62a4258fbee,right,rig_626e93c9228dc8ed10db7617,1772726541852632064,0.7308,indoor,0|1|2|3,Tile_2,460,-0.732639,-0.693147,0.5,1,0.915382,0.693147,0.604733,0.0207478,71.0314
img_af58ddf11594de171687a482,left,rig_3d361a9bac2d45b63fbaa31a,1772726560853705984,0.8167,indoor,0|1|2|3,Tile_2,461,-0.0703592,-0.0703592,0.932059,0,0.915382,0.0703592,-0.018055,0.0222724,102.677
img_af7bad065c75951e1c1e1c4f,right,rig_e8f612a2355b17f8b3c2c37d,1772726450347016960,0.3167,outdoor,0|1|2|3,Tile_2,462,-0.0133473,-0.0133473,0.986741,0,0.915382,0.0133473,-0.075067,0.0072455,124.218
img_afa4fada790a296589f9fe98,left,rig_f50ee5341312269e69fe7892,1772726542352634880,0.733,indoor,0|1|2|3,Tile_2,463,-0.121215,-0.121215,0.885844,0,0.915382,0.121215,0.0328007,0.0217516,77.7498
img_afaf7f3f1d8bcc555be40c0f,left,rig_6f63cb3e6f1715db3efb3145,1772726552853229056,0.7805,indoor,1|2|3,Tile_2,464,0.0334491,0.0334491,1.03401,0,0.915382,-0.0334491,-0.121863,0.0106645,93.876
img_afbad3a10e48842de673fe08,right,rig_d929eaf79452849333e04afb,1772726486849220096,0.4819,covered,0|1|2|3,Tile_2,465,-0.238088,-0.238088,0.788134,0,0.915382,0.238088,0.149674,0.0158043,103.292
img_affda59b9b625a3dde9beb85,right,rig_a1697c621b1dd2f46054211e,1772726424845394944,0.2014,outdoor,0|1|2|3,Tile_2,466,-0.0723818,-0.0723818,0.930176,0,0.915382,0.0723818,-0.0160325,0.00127551,120.599
img_b03cab9432767781d37d0c40,right,rig_34a82c122eafbdd07729c7a3,1772726518351147776,0.6244,outdoor,0|1|2|3,Tile_2,467,-0.254162,-0.254162,0.775566,0,0.915382,0.254162,0.165748,0.0184157,95.1513
img_b11bf686109a135a518900ea,left,rig_23ed0e5ae3378bafc2ba969b,1772726500350077952,0.543,outdoor,0|1|2|3,Tile_2,468,0.00767438,0.00767438,1.0077,0,0.915382,-0.00767438,-0.0960886,0.00128306,123.145
img_b163f81048a3ba50a89567c5,left,rig_7e4fdd970b45bc54ea2a4c73,1772726488849356800,0.491,covered,0|1|2|3,Tile_2,469,0.00594326,0.00594326,1.00596,0,0.915382,-0.00594326,-0.0943575,0.00273216,126.489
img_b18850b17273389e3aefd9cd,right,rig_f06333428d4f48f2cf7fbe79,1772726510350720000,0.5882,covered,0|1|2|3,Tile_2,470,-0.124269,-0.124269,0.883143,0,0.915382,0.124269,0.0358543,0.0290348,99.2118
img_b1eaa3cc3bdadd20836fdc60,right,rig_4bfe51f308b316471a58f4d3,1772726576854681856,0.8891,indoor,0|1|2,Tile_2,471,-0.538741,-0.538741,0.583483,0,0.915382,0.538741,0.450326,0.113807,112.458
img_b2093a79c6bb26d7f93e593e,left,rig_a252e4466eab7879f3d747fc,1772726489849453824,0.4955,covered,0|1|2|3,Tile_2,472,0.0323154,0.0323154,1.03284,0,0.915382,-0.0323154,-0.12073,0.00301141,125.544
img_b251ac174beee6a14aba41c5,left,rig_1ae5de5a59bb2cd0d482e564,1772726530851922944,0.681,indoor,1|2|3,Tile_2,473,-0.203583,-0.203583,0.815802,0,0.915382,0.203583,0.115169,0.0166194,73.7061
img_b2ca7d398dbb3a51d6b172e1,left,rig_0c8aaeaf8cc9714a437895cb,1772726391343385088,0.0498,outdoor,1|2|3,Tile_2,474,-0.119561,-0.119561,0.887309,0,0.915382,0.119561,0.0311472,0.00452844,117.644
img_b315a63daceac938b89018f5,left,rig_3fcd9fae7198946570f03492,1772726383342854144,0.0136,stationary_unresolved,2|3,Tile_2,475,-0.0287347,-0.0287347,0.971674,0,0.915382,0.0287347,-0.0596796,0.00125287,125.127
img_b38496117cb29adcbf2b8c36,left,rig_a5c8751d41a665d69d33986e,1772726530351944960,0.6787,indoor,1|2|3,Tile_2,476,-0.15101,-0.15101,0.859839,0,0.915382,0.15101,0.0625959,0.0147854,71.8684
img_b4812019b4dfa216489f95df,right,rig_3960b36ac8ce3239da9d48e4,1772726425845450752,0.2059,outdoor,0|1|2|3,Tile_2,477,-0.0640128,-0.0640128,0.937993,0,0.915382,0.0640128,-0.0244015,0.000883046,119.406
img_b49a7a00f760704e50863571,right,rig_c6d39b13c662c182cb5e41b6,1772726598355917056,0.9864,indoor,0|1|2|3,Tile_2,478,-0.404854,-0.404854,0.667074,0,0.915382,0.404854,0.316439,0.0105588,99.5509
img_b4d42ee9e22aa2aad4ed310f,left,rig_c9c2c0b046ae211cf9f30fad,1772726479348790784,0.448,outdoor,0|1|2,Tile_2,479,-0.0356671,-0.0356671,0.964961,0,0.915382,0.0356671,-0.0527471,0.0066719,119.709
img_b66bfddd418c61e670dc3a5c,right,rig_9b30bbe8a1c651d62230aada,1772726431845913856,0.233,outdoor,0|1|2|3,Tile_2,480,0.111682,0.111682,1.11816,0,0.915382,-0.111682,-0.200096,0.00427937,125.49
img_b6ba74c87f4094b04dbb2f59,left,rig_0deca8a3105fec84911844ac,1772726601356112128,1,stationary_unresolved,0|1|2,Tile_2,481,0.000827693,0.000827693,1.00083,0,0.915382,-0.000827693,-0.0892419,0.00555488,114.541
img_b6beedc52cef4f2ac0a45e14,right,rig_b71e39aff0f21581116681d0,1772726458847518976,0.3552,covered,0|1|2|3,Tile_2,482,-0.77255,-0.693147,0.5,1,0.915382,0.693147,0.604733,0.0119098,104.628
img_b6f60c640d307fe68e410087,left,rig_def98c2a5e6d5c0a7de63407,1772726502350198016,0.552,outdoor,1|2|3,Tile_2,483,-0.123716,-0.123716,0.88363,0,0.915382,0.123716,0.0353021,0.00191704,120.13
img_b709d4e3277d2f8c8b7f9745,right,rig_a6a833bb554e1ed680f753a0,1772726460347631872,0.362,covered,0|1|2|3,Tile_2,484,-0.704291,-0.693147,0.5,1,0.915382,0.693147,0.604733,0.00336614,104.335
img_b7f55877796392d83c722aba,right,rig_5d9632624c35a86076db1c01,1772726420845197056,0.1833,outdoor,0|1|2|3,Tile_2,485,0.01648,0.01648,1.01662,0,0.915382,-0.01648,-0.104894,0.00111701,120.319
img_b831b33deb3ad98c70a7934d,left,rig_eab7ff45ccdb39a9651cea7d,1772726543852691968,0.7398,indoor,1|2|3,Tile_2,486,0.133017,0.133017,1.14227,0,0.915382,-0.133017,-0.221432,0.0121664,94.183
img_b9f940b901e71cda50ef8ab3,right,rig_3643b57e556caa0d5a540338,1772726459347586816,0.3575,indoor,0|1|2|3,Tile_2,487,-0.695316,-0.693147,0.5,1,0.915382,0.693147,0.604733,0.00768325,102.868
img_ba2f05a90b6e766693a2bd0d,right,rig_c9c2c0b046ae211cf9f30fad,1772726479348774912,0.448,outdoor,0|1|2|3,Tile_2,488,-0.0243205,-0.0243205,0.975973,0,0.915382,0.0243205,-0.0640938,0.00798515,118.869
img_bc2f93ba4d934d3232b673e3,left,rig_8aaa89fb48befc2bfd49c616,1772726504350326016,0.5611,outdoor,0|1|2|3,Tile_2,489,-0.106424,-0.106424,0.899043,0,0.915382,0.106424,0.0180097,0.0168156,122.714
img_bca1f40e65c0073ea5c3b207,right,rig_950ebaef281cbcf80c72a826,1772726403844158976,0.1063,outdoor,0|1|2|3,Tile_2,490,-0.218456,-0.218456,0.803759,0,0.915382,0.218456,0.130042,0.00528318,97.231
img_bcc1fa7629c0cbff22cd2e32,right,rig_5942bb995bfef7e68350bdd4,1772726570854327808,0.862,indoor,1|2|3,Tile_2,491,0.126525,0.126525,1.13488,0,0.915382,-0.126525,-0.214939,0.0118947,92.751
img_bce41815c3435d5918fa786f,left,rig_a76b62550f78b1898ad49484,1772726595855812096,0.9751,outdoor,0|1|2,Tile_2,492,-0.0940013,-0.0940013,0.910282,0,0.915382,0.0940013,0.00558705,0.00196987,127.251
img_bde382b774c98e42606ebea1,left,rig_4dbcf0b4219e7ac87e58c966,1772726556353438976,0.7964,indoor,1|2|3,Tile_2,493,-0.166959,-0.166959,0.846235,0,0.915382,0.166959,0.0785443,0.0132759,104.727
img_be28532475a779685710f991,right,rig_55fa4cc81889406467df0ec5,1772726439846374144,0.2692,outdoor,0|1|2|3,Tile_2,494,0.103651,0.103651,1.10921,0,0.915382,-0.103651,-0.192065,0.00713229,127.464
img_be3df20bb870c84751cfa689,left,rig_4c261f202575cfa7ee3d3302,1772726457847501056,0.3507,indoor,0|1|2|3,Tile_2,495,-0.523032,-0.523032,0.592721,0,0.915382,0.523032,0.434618,0.00396238,107.16
img_be5a270ff906e798953439de,left,rig_4bc8bf23531299bc76b8e440,1772726452347151872,0.3258,outdoor,0|1|2,Tile_2,496,-0.0943742,-0.0943742,0.909942,0,0.915382,0.0943742,0.00595994,0.000249064,116.917
img_be7fbc047b987740dd2c4760,left,rig_259f13e81b17068c6635d2e1,1772726551853168896,0.776,indoor,0|1|2|3,Tile_2,497,0.03895,0.03895,1.03972,0,0.915382,-0.03895,-0.127364,0.0107928,94.9031
img_beb01b280b14e79f616ea854,left,rig_284fb60ef0905080016bbb13,1772726588855362048,0.9434,outdoor,0|1|2,Tile_2,498,-0.146154,-0.146154,0.864024,0,0.915382,0.146154,0.0577401,0.00350954,127.592
img_bffdcc7ee41289ae3a61b39a,left,rig_e6e5a94fe91931079cceaf87,1772726397343757824,0.0769,outdoor,2|3,Tile_2,499,-0.101551,-0.101551,0.903435,0,0.915382,0.101551,0.0131369,0.00441523,124.092
img_c00a2dd81dbcbe2ba6d1a126,right,rig_35081e0547a7cfcbca79dbba,1772726448846920960,0.31,outdoor,0|1|2|3,Tile_2,500,-0.0538071,-0.0538071,0.947615,0,0.915382,0.0538071,-0.0346071,0.00478505,123.251
img_c04b37a9ccae6e3f6a62ef81,left,rig_bb59c628595f4627352f9cf5,1772726542852632064,0.7353,indoor,0|1|2|3,Tile_2,501,0.00590137,0.00590137,1.00592,0,0.915382,-0.00590137,-0.0943156,0.0136985,78.0141
img_c0e1cf412031577bfe06ae4a,right,rig_e3cad702ba9b2b03fd0f82ec,1772726471848332032,0.414,covered,0|1|2|3,Tile_2,502,-0.397639,-0.397639,0.671904,0,0.915382,0.397639,0.309225,0.0045058,112.725
img_c1c7ee83afa5320441b43b8c,left,rig_954e3438a79223fdcc4271fc,1772726512850864896,0.5995,outdoor,0|1|2,Tile_2,503,-0.0121813,-0.0121813,0.987893,0,0.915382,0.0121813,-0.076233,0.00485298,119.302
img_c1d98062a4244b5006970c32,right,rig_00a3588c60e97948cf94e53a,1772726517851119104,0.6222,outdoor,0|1|2|3,Tile_2,504,-0.118052,-0.118052,0.88865,0,0.915382,0.118052,0.0296373,0.0146646,93.6236
img_c1e12f0629dd3d406e51c28a,left,rig_ff90e80b9b81ea3540b051b3,1772726591855539968,0.957,outdoor,0|1|2,Tile_2,505,-0.00598413,-0.00598413,0.994034,0,0.915382,0.00598413,-0.0824301,0.00196232,129.074
img_c31546b9726699e2c2a82906,left,rig_3001c1810024c616a028c6a1,1772726385343041024,0.0226,stationary_unresolved,2|3,Tile_2,506,-0.048716,-0.048716,0.952452,0,0.915382,0.048716,-0.0396982,0.00121513,125.165
img_c326b2f0fdca6a85fe5d45f5,left,rig_a33a8865eb8de38ea721d39e,1772726388343225856,0.0362,stationary_unresolved,2|3,Tile_2,507,-0.102485,-0.102485,0.902591,0,0.915382,0.102485,0.0140712,0.00121513,123.646
img_c3ccda95371ed93a9732b302,left,rig_9bc444ecb573fb381ad46385,1772726556853466880,0.7986,indoor,1|2|3,Tile_2,508,-0.151194,-0.151194,0.85968,0,0.915382,0.151194,0.0627803,0.0118947,102.239
img_c4432fd9be4c02760427f369,left,rig_b1b74993b2cfab693abe02c3,1772726452847183104,0.3281,outdoor,0|1|2,Tile_2,509,-0.0301328,-0.0301328,0.970317,0,0.915382,0.0301328,-0.0582814,0.000981162,121.384
img_c49faa1d11365b47610f1cef,left,rig_f8ded7c55aa6618f7f932f78,1772726543352663040,0.7376,indoor,0|1|2|3,Tile_2,510,-0.0297555,-0.0297555,0.970683,0,0.915382,0.0297555,-0.0586587,0.0117438,86.3429
img_c4fce4edb71733e79d9ea3ae,left,rig_5d4869e6d451014f72650917,1772726491849551872,0.5045,covered,0|1|2|3,Tile_2,511,0.0757851,0.0757851,1.07873,0,0.915382,-0.0757851,-0.164199,0.00431711,123.907
img_c54fcbe99fb2556e3eee453b,right,rig_dcafed623bbc1de68d459686,1772726445346695936,0.2941,outdoor,0|1|2|3,Tile_2,512,-0.0277111,-0.0277111,0.972669,0,0.915382,0.0277111,-0.0607031,0.00363785,125.632
img_c61c2887cae73f809045af53,right,rig_2aefb045eb2673e7be71d02a,1772726540852501760,0.7262,indoor,0|1|2,Tile_2,513,-0.695328,-0.693147,0.5,1,0.915382,0.693147,0.604733,0.0255027,75.4439
img_c6c64c84f33e7ba57d01e36f,right,rig_2cdcb12b87524dcabf8ab53f,1772726396843715840,0.0747,outdoor,0|1|2|3,Tile_2,514,-0.210187,-0.210187,0.810433,0,0.915382,0.210187,0.121773,0.00811345,106.672
img_c6f511fd619078aef91932cc,right,rig_6ac4fbfb6c11253d29172b3e,1772726578854806016,0.8982,indoor,0|1|2,Tile_2,515,0.125741,0.125741,1.13399,0,0.915382,-0.125741,-0.214155,0.0242649,111.634
img_c722df52e100f0a4d6d722c4,left,rig_c5a8656612f8451157b2314f,1772726557853576960,0.8032,indoor,1|2|3,Tile_2,516,-0.0854344,-0.0854344,0.918113,0,0.915382,0.0854344,-0.00297983,0.00883046,95.9372
img_c77512e4e0ce2d4fa776ea2d,right,rig_e6e5a94fe91931079cceaf87,1772726397343741952,0.0769,outdoor,0|1|2|3,Tile_2,517,-0.227519,-0.227519,0.796508,0,0.915382,0.227519,0.139104,0.0145136,108.263
img_c8bbc2a08c7cc7dc37c199cd,right,rig_628ed43a6e99e253002d2a91,1772726484849107968,0.4729,covered,0|1|2|3,Tile_2,518,-0.119013,-0.119013,0.887796,0,0.915382,0.119013,0.0305986,0.0230799,112.549
img_c945937fd972cd35ccc3f927,right,rig_08081db25aa286b3c2771e0f,1772726589355375104,0.9457,outdoor,0|1|2|3,Tile_2,519,-0.301477,-0.301477,0.739725,0,0.915382,0.301477,0.213063,0.0194496,112.231
img_c97b935806f8446352f5c059,right,rig_a76a9055d2df009d0a0f06fe,1772726585355197952,0.9276,outdoor,0|1|2|3,Tile_2,520,-0.035651,-0.035651,0.964977,0,0.915382,0.035651,-0.0527633,0.012106,124.664
img_cbaa2ed931cc075f3b1eb8f6,right,rig_ccb968cc149a169e0aeab8b0,1772726600856066816,0.9977,stationary_unresolved,0|1|2|3,Tile_2,521,-0.193634,-0.193634,0.823959,0,0.915382,0.193634,0.10522,0.0111098,105.556
img_cc38ed44cf7d949c28bae20e,right,rig_62b603365e4950b385b6def3,1772726571354300928,0.8643,indoor,1|2|3,Tile_2,522,0.0198341,0.0198341,1.02003,0,0.915382,-0.0198341,-0.108248,0.0100078,88.1163
img_cc49a20a9f67e4bfb75ac5cd,right,rig_7aef461595f805c89596172b,1772726407344320000,0.1222,outdoor,0|1|2|3,Tile_2,523,-0.195539,-0.195539,0.822391,0,0.915382,0.195539,0.107125,0.0200308,95.7161
img_cc7973236912a72f232cc17b,left,rig_5a979f6cd3d0d9c63b8d2d12,1772726453347235072,0.3303,outdoor,0|1|2|3,Tile_2,524,-0.0271212,-0.0271212,0.973243,0,0.915382,0.0271212,-0.061293,0.00211327,123.451
img_cc8461f788875306eb810405,left,rig_1dec5dd5563196de35e6f643,1772726532852078080,0.69,indoor,1|2|3,Tile_2,525,-0.17951,-0.17951,0.835679,0,0.915382,0.17951,0.0910961,0.0276461,90.5706
img_cd4571ad8de26172a08ecd80,right,rig_32f3e003a2a8f07e44263418,1772726388843239936,0.0385,indoor,0|1|2|3,Tile_2,526,-0.070228,-0.070228,0.932181,0,0.915382,0.070228,-0.0181862,0.0112532,114.368
img_cde176116532a2d3ea90b8fd,left,rig_5916fbf9e5b59aa4a15d6852,1772726548352958976,0.7602,indoor,1|2|3,Tile_2,527,-0.0109974,-0.0109974,0.989063,0,0.915382,0.0109974,-0.0774169,0.0122419,93.8886
img_ce4c8b78f0d154af4ad15c0f,left,rig_1d61027fe342b36f3c325c8a,1772726392343450112,0.0543,outdoor,1|2|3,Tile_2,528,-0.0288105,-0.0288105,0.971601,0,0.915382,0.0288105,-0.0596038,0.00433221,119.184
img_cee8a0fda1c15d318c63755c,left,rig_ffc55ff4cebb277e5037350b,1772726382842792960,0.0113,stationary_unresolved,2|3,Tile_2,529,-0.056445,-0.056445,0.945118,0,0.915382,0.056445,-0.0319692,0.00124532,125.117
img_cf9d47bf271465783b283e59,left,rig_d929eaf79452849333e04afb,1772726486849235968,0.4819,covered,0|1|2|3,Tile_2,530,-0.0562908,-0.0562908,0.945264,0,0.915382,0.0562908,-0.0321234,0.00240007,125.092
img_cfa7bd7ddd9ffe59243cc69d,right,rig_695d8250eaeeb6965adc50d0,1772726470348238848,0.4072,indoor,0|1|2,Tile_2,531,-0.406898,-0.406898,0.665712,0,0.915382,0.406898,0.318483,0.0198798,116.964
img_d04d0ca787fbef2b28f090d4,left,rig_8dc919a038e91363f01ee701,1772726562853872128,0.8258,indoor,0|1|2,Tile_2,532,-0.0803643,-0.0803643,0.92278,0,0.915382,0.0803643,-0.00804997,0.0188534,95.3511
img_d0d851b2ccfa742fa1bd8d68,right,rig_9a545eaf708caa7909f4a115,1772726534852189952,0.6991,indoor,0|1|2|3,Tile_2,533,-0.119313,-0.119313,0.88753,0,0.915382,0.119313,0.0308984,0.023095,95.1681
img_d13775f3817c9aa225ed22ac,right,rig_73e81d3c113b311ca4494c65,1772726575854564864,0.8846,indoor,0|1|2,Tile_2,534,0.184551,0.184551,1.20268,0,0.915382,-0.184551,-0.272965,0.129611,125.543
img_d149230582e76ff92f833847,left,rig_f0af01a9cee1d04f58cbbb9f,1772726397843773952,0.0792,outdoor,2|3,Tile_2,535,-0.0655341,-0.0655341,0.936567,0,0.915382,0.0655341,-0.0228801,0.00465674,122.957
img_d14ce879e6a132a7c0aaf3ea,left,rig_9307fd853a2319e8adb58722,1772726455347335936,0.3394,outdoor,0|1|2|3,Tile_2,536,-0.100548,-0.100548,0.904342,0,0.915382,0.100548,0.0121339,0.00281518,118.57
img_d1b98043d8de5060ebfdfffe,right,rig_c834a316c058d90965269ede,1772726479848804864,0.4502,outdoor,0|1|2|3,Tile_2,537,0.0175593,0.0175593,1.01771,0,0.915382,-0.0175593,-0.105974,0.0108683,119.71
img_d21054a6b72eec0a64282c9c,left,rig_69c73ab5587f94c045ee516e,1772726533352102912,0.6923,indoor,1|2|3,Tile_2,538,-0.221813,-0.221813,0.801065,0,0.915382,0.221813,0.133398,0.0269895,92.4087
img_d21f5584847186fb48689a7a,left,rig_14ad50c8337caec754d4ed52,1772726450847063040,0.319,outdoor,0|1|2|3,Tile_2,539,-0.0956572,-0.0956572,0.908776,0,0.915382,0.0956572,0.00724294,0.00163779,107.541
img_d22b97313624830c9ce567d4,left,rig_403ae798f86ad0a17606adde,1772726551353188096,0.7738,indoor,0|1|2|3,Tile_2,540,0.108994,0.108994,1.11516,0,0.915382,-0.108994,-0.197408,0.010423,93.7108
img_d243f0bef95f3ab8666465b0,right,rig_11bbd48412450b6da32f86e5,1772726433845985792,0.2421,outdoor,0|1|2|3,Tile_2,541,-0.0572606,-0.0572606,0.944348,0,0.915382,0.0572606,-0.0311536,0.00501902,129.571
img_d34ebd3e7b1ab9e604af32bc,right,rig_8fb31491596f578115f083f3,1772726540352509952,0.724,indoor,0|1|2,Tile_2,542,-0.552588,-0.552588,0.575459,0,0.915382,0.552588,0.464174,0.0283329,80.1315
img_d458c189bfed47078603fdd4,left,rig_9a545eaf708caa7909f4a115,1772726534852192000,0.6991,indoor,1|2|3,Tile_2,543,-0.223466,-0.223466,0.799742,0,0.915382,0.223466,0.135052,0.0225063,80.796
img_d49c62f7d279e50fc3606d70,left,rig_06f4639d8949a3bf0dfcbab3,1772726505850394880,0.5679,covered,0|1|2|3,Tile_2,544,0.00948624,0.00948624,1.00953,0,0.915382,-0.00948624,-0.0979005,0.0102947,110.416
img_d4b43c110801599d2031af14,left,rig_f332edb76f172fde248e998e,1772726544852805888,0.7443,indoor,1|2|3,Tile_2,545,0.0355478,0.0355478,1.03619,0,0.915382,-0.0355478,-0.123962,0.0140834,102.926
img_d542368d10f026e374aefea0,left,rig_a8b7714d368911bee760906e,1772726552353230848,0.7783,indoor,0|1|2|3,Tile_2,546,0.00842592,0.00842592,1.00846,0,0.915382,-0.00842592,-0.0968402,0.0108532,95.2272
img_d5f2691253c920066b1d8ab4,right,rig_3498b35f4620e15e5dcbbbf8,1772726539352480768,0.7195,indoor,0|1|2,Tile_2,547,-0.394211,-0.394211,0.674212,0,0.915382,0.394211,0.305797,0.0232988,82.0707
img_d63e075dca6c1af17d7d7f52,right,rig_3e151bea98cdd64a08e262ab,1772726429845752064,0.224,outdoor,0|1|2|3,Tile_2,548,0.00464517,0.00464517,1.00466,0,0.915382,-0.00464517,-0.0930594,0.00376615,126.069
img_d691623e566cde7f444905b2,right,rig_0579fcb345a3734afc890594,1772726415344815872,0.1584,outdoor,0|1|2|3,Tile_2,549,-0.199808,-0.199808,0.818888,0,0.915382,0.199808,0.111393,0.00301896,112.868
img_d733262793847c605e65099a,left,rig_88881f0687d041c6f2099021,1772726562353862912,0.8235,indoor,0|1|2,Tile_2,550,-0.0691764,-0.0691764,0.933162,0,0.915382,0.0691764,-0.0192378,0.0178043,96.5421
img_d73f523f6c5e437eb0a0a82f,left,rig_8376cf6ed2d267b6372abc97,1772726385843107840,0.0249,stationary_unresolved,2|3,Tile_2,551,-0.123035,-0.123035,0.884232,0,0.915382,0.123035,0.034621,0.0013057,125.16
img_d7e512cbedb4f9b8349c4ef8,left,rig_edffa4d6285651ca67b8af0e,1772726473848505856,0.4231,outdoor,0|1|2,Tile_2,552,-0.133098,-0.133098,0.87538,0,0.915382,0.133098,0.0446834,0.00110192,102.646
img_d92232056a803e065181c4fc,right,rig_abf4a71f8bd95682baa5944c,1772726515350967040,0.6109,outdoor,0|1|2|3,Tile_2,553,0.00677698,0.00677698,1.0068,0,0.915382,-0.00677698,-0.0951912,0.0216384,99.167
img_d94379474e894655ae5606ba,left,rig_4828a7d15a4b39f1ba02447d,1772726451847122944,0.3235,outdoor,0|1|2,Tile_2,554,-0.0335468,-0.0335468,0.96701,0,0.915382,0.0335468,-0.0548674,0.00192459,113.569
img_d9a7c8becf1e2afe7e043c05,left,rig_a576337316816313a8efe5fa,1772726597855902976,0.9842,outdoor,0|1|2,Tile_2,555,0.0209845,0.0209845,1.02121,0,0.915382,-0.0209845,-0.109399,0.00475486,124.187
img_d9e667f8ffbba146e74d55f3,left,rig_38eb9f77a7130dc9f18b2333,1772726389843298048,0.043,outdoor,2|3,Tile_2,556,-0.0485378,-0.0485378,0.952621,0,0.915382,0.0485378,-0.0398765,0.000641529,120.665
img_dad684e3df7bafd45b805a5d,left,rig_beb86146e928504f312b06b7,1772726424345376000,0.1991,outdoor,0|1|2|3,Tile_2,557,-0.38322,-0.38322,0.681663,0,0.915382,0.38322,0.294805,0.0144835,106.199
img_db74abe8fe99e50cd417fb92,left,rig_f21f6751ff670a2c323f314f,1772726555853407744,0.7941,indoor,1|2|3,Tile_2,558,0.0284964,0.0284964,1.02891,0,0.915382,-0.0284964,-0.116911,0.0125891,103.225
img_dbcbd71faaeb6348cda02573,left,rig_0c0cecb0aef0c52ce2c6aa9d,1772726557353548032,0.8009,indoor,1|2|3,Tile_2,559,-0.110473,-0.110473,0.89541,0,0.915382,0.110473,0.0220592,0.00994747,97.9732
img_dbdbf05b0a89d3325091981a,right,rig_3a320fe4b204c9933496b019,1772726483849047808,0.4683,covered,0|1|2|3,Tile_2,560,-0.116556,-0.116556,0.889981,0,0.915382,0.116556,0.0281414,0.0411711,127.327
img_dc90c819e52ff1c3d1b227fd,left,rig_5374f8e6cc4cc91413bc936f,1772726531852015104,0.6855,indoor,1|2|3,Tile_2,561,-0.147319,-0.147319,0.863018,0,0.915382,0.147319,0.0589051,0.0220535,82.9445
img_dcbc2d6867bbac2c09510fa0,right,rig_e869791fa28178aa7bf19129,1772726582855046912,0.9163,indoor,0|1|2,Tile_2,562,-0.502625,-0.502625,0.60494,0,0.915382,0.502625,0.414211,0.0173968,109.646
img_dd9664454cab0177d97f0316,left,rig_44024581676052797570e8d0,1772726384842999808,0.0204,stationary_unresolved,2|3,Tile_2,563,-0.0966518,-0.0966518,0.907872,0,0.915382,0.0966518,0.00823757,0.00126796,125.167
img_de19e8fb18e453296b788e19,right,rig_c59a84b4ba6e661aaff146e3,1772726467348050944,0.3937,indoor,0|1|2|3,Tile_2,564,-0.0410157,-0.0410157,0.959814,0,0.915382,0.0410157,-0.0473985,0.0103399,119.772
img_de3ad288ce825697ce6af212,left,rig_06c6acc11162079bbf66bfcb,1772726404844208896,0.1109,outdoor,2|3,Tile_2,565,-0.147679,-0.147679,0.862708,0,0.915382,0.147679,0.059265,0.0123777,111.011
img_dee26d9c80b097e644b27948,right,rig_8fe94e3e4b7b499cea385c9f,1772726446346759936,0.2986,outdoor,0|1|2|3,Tile_2,566,-0.0437563,-0.0437563,0.957187,0,0.915382,0.0437563,-0.0446579,0.00363785,122.283
img_df257f89026fc472276ed04c,left,rig_c046f0161fd75506c28c1295,1772726560353716736,0.8145,indoor,0|1|2|3,Tile_2,567,-0.0225593,-0.0225593,0.977693,0,0.915382,0.0225593,-0.0658549,0.0197063,101.74
img_df3950cdb921076b35a98310,left,rig_fec2268a8a2fbc4f8156eda1,1772726442346531840,0.2805,outdoor,0|1|2|3,Tile_2,568,-0.693786,-0.693147,0.5,1,0.915382,0.693147,0.604733,0.00980407,99.6278
img_df46b1666c566e3ae900c93b,right,rig_63977d60ee824dce1a601b9b,1772726402344006912,0.0995,outdoor,0|1|2|3,Tile_2,569,-0.313659,-0.313659,0.730768,0,0.915382,0.313659,0.225245,0.00343407,91.0772
img_dfbaef61d9e8160adafd7543,left,rig_ddb2dc46864d9ccf8bbf6717,1772726590355452160,0.9502,outdoor,0|1|2|3,Tile_2,570,-0.0812063,-0.0812063,0.922003,0,0.915382,0.0812063,-0.00720797,0.00312462,129.219
img_dfe7b5527c55d8ae2d07efc4,right,rig_902609d5327928fded01e1b9,1772726463847827968,0.3778,indoor,0|1|2|3,Tile_2,571,-0.320934,-0.320934,0.725471,0,0.915382,0.320934,0.23252,0.00787948,100.945
img_dff0038d369b2a2f077bf957,left,rig_392adee9b1d023baeac738a4,1772726519851248896,0.6312,outdoor,2|3,Tile_2,572,-0.0961955,-0.0961955,0.908286,0,0.915382,0.0961955,0.0077813,0.008838,112.252
img_e077fcb4955280ec1710e251,left,rig_bfc013a648d9cb272acc2072,1772726565854048000,0.8394,indoor,0|1|2,Tile_2,573,-0.194012,-0.194012,0.823648,0,0.915382,0.194012,0.105598,0.0144986,88.6878
img_e0818eba31b6c55f3d2e736b,left,rig_6c81c8380411c3f8b5338f5b,1772726494849752064,0.5181,outdoor,0|1|2|3,Tile_2,574,-0.0960062,-0.0960062,0.908458,0,0.915382,0.0960062,0.00759193,0.00304915,122.512
img_e08b30473e1f1809ad33265e,right,rig_e9da6b15668a54354ee2535d,1772726482348953856,0.4615,covered,0|1|2|3,Tile_2,575,-0.187105,-0.187105,0.829356,0,0.915382,0.187105,0.0986911,0.0180081,119.856
img_e0bbacc0010098c4844951ac,left,rig_77d59ad49037938e9356612d,1772726425345465856,0.2036,outdoor,0|1|2|3,Tile_2,576,-0.457515,-0.457515,0.632854,0,0.915382,0.457515,0.369101,0.0142872,105.238
img_e1287e860ec48f842b16e821,right,rig_eaeb2e1206c42c0409048a96,1772726414844784896,0.1561,outdoor,0|1|2|3,Tile_2,577,-0.240876,-0.240876,0.785939,0,0.915382,0.240876,0.152462,0.00273971,108.221
img_e1b141cf1dba63ec9d10fcb9,left,rig_f0cfe3c8f1ed9a3fa4387de4,1772726500850108928,0.5452,outdoor,0|1|2|3,Tile_2,578,-0.0287844,-0.0287844,0.971626,0,0.915382,0.0287844,-0.0596298,0.00160005,123.259
img_e1b2fb3c5e8472dcbba00e23,right,rig_170506eedce2237ac07c901a,1772726572354413056,0.8688,indoor,1|2|3,Tile_2,579,-0.0483874,-0.0483874,0.952765,0,0.915382,0.0483874,-0.0400268,0.0143174,85.43
img_e1eba2f46bf75c270241b3a7,left,rig_f78e34acd123753db7989244,1772726525851614976,0.6584,indoor,1|2|3,Tile_2,580,-0.0076109,-0.0076109,0.992418,0,0.915382,0.0076109,-0.0808033,0.00502657,69.3844
img_e2235c52dc2cc4282e7d40fd,left,rig_ed63431d19d218ecf3fca2b4,1772726508850582784,0.5814,covered,0|1|2|3,Tile_2,581,0.0393123,0.0393123,1.0401,0,0.915382,-0.0393123,-0.127727,0.0110117,111.186
img_e33c0f642afa1aec24e17c11,left,rig_59eed7d9c2a5ce60170ecb11,1772726455847363840,0.3416,outdoor,0|1|2|3,Tile_2,582,-0.331156,-0.331156,0.718093,0,0.915382,0.331156,0.242742,0.00313972,116.613
img_e42f586216482cf4776c2f4f,right,rig_9046f76f1478053c9ede3a0a,1772726395343628800,0.0679,outdoor,0|1|2|3,Tile_2,583,-0.20334,-0.20334,0.816001,0,0.915382,0.20334,0.114926,0.00533601,104.94
img_e48dfaec6a6a7416d851faf8,left,rig_8aaaec889bb180ad08da0231,1772726498349990912,0.5339,outdoor,0|1|2|3,Tile_2,584,-0.0222518,-0.0222518,0.977994,0,0.915382,0.0222518,-0.0661625,0.00135853,120.902
img_e562ab7a1e826741726f0f32,left,rig_a79b081ba3a99dbcf8a0dd11,1772726408844430080,0.129,outdoor,2|3,Tile_2,585,-0.238005,-0.238005,0.788199,0,0.915382,0.238005,0.149591,0.0173968,112.929
img_e59222a5e5b43cad84439894,right,rig_f635cb8661e815fa59f70fee,1772726414344753920,0.1538,outdoor,0|1|2|3,Tile_2,586,-0.0767436,-0.0767436,0.926127,0,0.915382,0.0767436,-0.0116706,0.0194421,114.404
img_e6dc6c821682e92c7098c3fc,right,rig_4c34c3a1c33027aceddb5082,1772726413344698880,0.1493,outdoor,0|1|2|3,Tile_2,587,-0.141628,-0.141628,0.867944,0,0.915382,0.141628,0.0532138,0.0270121,113.906
img_e76aadc0656e16023b5889f4,right,rig_e407ca7277d806fb33b09f51,1772726585855228928,0.9299,outdoor,0|1|2|3,Tile_2,588,-0.0181253,-0.0181253,0.982038,0,0.915382,0.0181253,-0.0702889,0.0123475,126.607
img_e89062940cc4d3083aa9a723,right,rig_5654a1001ac64ec796b10960,1772726522851449856,0.6448,outdoor,0|1|2|3,Tile_2,589,-0.668427,-0.668427,0.512514,0,0.915382,0.668427,0.580013,0.0016076,72.9431
img_e8bf43a0b9ef8f9f6b1dca21,right,rig_0ddb1b1864e5a016c4535dcf,1772726456347375872,0.3439,covered,2|3,Tile_2,590,-0.704476,-0.693147,0.5,1,0.915382,0.693147,0.604733,0.00843799,92.1076
img_e984e928226015a4b56c841d,right,rig_677aee1563d91ee8f93d06ce,1772726451347099904,0.3213,outdoor,0|1|2|3,Tile_2,591,-0.0568004,-0.0568004,0.944783,0,0.915382,0.0568004,-0.0316138,0.0178798,126.77
img_e98965ec0ffeff99f4f502d2,left,rig_78a65b692becc49e31d1aec2,1772726501850169856,0.5498,outdoor,1|2|3,Tile_2,592,-0.115374,-0.115374,0.891032,0,0.915382,0.115374,0.0269602,0.00205289,121.34
img_e9e61ec207e9b17024332b8e,left,rig_18ad96609b9bcb22a55e0903,1772726566354029056,0.8416,indoor,0|1|2,Tile_2,593,-0.0486457,-0.0486457,0.952519,0,0.915382,0.0486457,-0.0397685,0.0163024,88.9967
img_ea1f81bdd6efac58674c0e1b,right,rig_e0b76e648edd0850c5717ab3,1772726411344570880,0.1403,outdoor,0|1|2|3,Tile_2,594,-0.259864,-0.259864,0.771157,0,0.915382,0.259864,0.17145,0.022612,97.9747
img_ea26996fa398f540eb0ce21a,right,rig_1d61027fe342b36f3c325c8a,1772726392343447808,0.0543,outdoor,0|1|2|3,Tile_2,595,-0.249495,-0.249495,0.779194,0,0.915382,0.249495,0.161081,0.0142193,110.234
img_eac8d6fea7b11f2aed473852,right,rig_4828a7d15a4b39f1ba02447d,1772726451847107840,0.3235,outdoor,0|1|2|3,Tile_2,596,-0.00216324,-0.00216324,0.997839,0,0.915382,0.00216324,-0.086251,0.029216,127.746
img_eca6b916bacacf912bf06b66,left,rig_60e8f730ae92a2e612df4c7c,1772726463347801088,0.3756,indoor,0|1|2|3,Tile_2,597,-0.564807,-0.564807,0.56847,0,0.915382,0.564807,0.476393,0.020144,95.4711
img_eeaaf4a5a026cc79fff21b37,left,rig_ce9e6546973b269e2e388a8f,1772726474348506880,0.4253,outdoor,0|1|2,Tile_2,598,-0.241731,-0.241731,0.785267,0,0.915382,0.241731,0.153317,0.00229441,107.375
img_eeceff5515532096691986e5,right,rig_6353b36c3c3a1db736617388,1772726438346266112,0.2624,outdoor,0|1|2|3,Tile_2,599,0.0782031,0.0782031,1.08134,0,0.915382,-0.0782031,-0.166617,0.0065285,129.489
img_ef51ea18654a5079d4e233ba,right,rig_bd4b88b17b4b42a98be46845,1772726444346638080,0.2896,outdoor,0|1|2|3,Tile_2,600,0.0318898,0.0318898,1.0324,0,0.915382,-0.0318898,-0.120304,0.00416616,125.422
img_ef78b6a90549d802aaf81efd,right,rig_93ddb5288f9d2dadb2d5c06c,1772726423345286912,0.1946,outdoor,0|1|2|3,Tile_2,601,0.0130512,0.0130512,1.01314,0,0.915382,-0.0130512,-0.101465,0.00137363,120.483
img_f029e0f1f983d146f96286a0,left,rig_9fa7fdd6dfcf10b571e64ed2,1772726594355692032,0.9683,outdoor,0|1|2|3,Tile_2,602,-0.105193,-0.105193,0.90015,0,0.915382,0.105193,0.0167792,0.00171326,128.261
img_f04af7535fdbb03e8401bbe0,right,rig_cf95d26e75342ba62534d752,1772726443846608896,0.2873,outdoor,0|1|2|3,Tile_2,603,-0.0154961,-0.0154961,0.984623,0,0.915382,0.0154961,-0.0729182,0.00471712,123.275
img_f06c118891312ac9fdda5367,left,rig_0ef9dbc241cdbcffd9ef8830,1772726387343162112,0.0317,stationary_unresolved,2|3,Tile_2,604,-0.0803675,-0.0803675,0.922777,0,0.915382,0.0803675,-0.00804674,0.00126796,125.051
img_f0ff00b70da5711d5c787073,left,rig_32b1a8068abd4ccfe24bead8,1772726461347674880,0.3665,indoor,0|1|2|3,Tile_2,605,-0.404392,-0.404392,0.667383,0,0.915382,0.404392,0.315977,0.0169364,96.6655
img_f16ac9f7735df4383c77a668,left,rig_555a91a88fb42ed8d310cfa5,1772726518851192832,0.6267,outdoor,2|3,Tile_2,606,0.0159745,0.0159745,1.0161,0,0.915382,-0.0159745,-0.104389,0.0121362,111.411
img_f1799d46a7022022561e4cd1,right,rig_89edac79d760e3d41c63a4ac,1772726535352224000,0.7014,indoor,0|1|2|3,Tile_2,607,-0.205528,-0.205528,0.814218,0,0.915382,0.205528,0.117113,0.0232007,90.9566
img_f183b48604735a8c86b10b9b,right,rig_4c261f202575cfa7ee3d3302,1772726457847497984,0.3507,indoor,0|1|2|3,Tile_2,608,-0.457538,-0.457538,0.63284,0,0.915382,0.457538,0.369124,0.0139929,99.092
img_f218d51dae29bd11fe08c9e2,right,rig_f0af01a9cee1d04f58cbbb9f,1772726397843756800,0.0792,outdoor,0|1|2|3,Tile_2,609,-0.214468,-0.214468,0.806971,0,0.915382,0.214468,0.126054,0.0166873,107.921
img_f266fb814ed9e48ef6890df7,right,rig_4bc8bf23531299bc76b8e440,1772726452347136000,0.3258,outdoor,0|1|2|3,Tile_2,610,-0.00553849,-0.00553849,0.994477,0,0.915382,0.00553849,-0.0828758,0.0568395,133.374
img_f2a30da6a549712b99cdddf8,right,rig_c59f4da26a70f7176c76ee72,1772726469348175104,0.4027,indoor,0|1|2,Tile_2,611,-0.404627,-0.404627,0.667226,0,0.915382,0.404627,0.316212,0.0197817,116.787
img_f2e26c722981ec0176325e6b,right,rig_8306253f54ee66d50c913fec,1772726520851335168,0.6357,outdoor,0|1|2|3,Tile_2,612,-0.21433,-0.21433,0.807082,0,0.915382,0.21433,0.125916,0.0176005,93.533
img_f2e31727fc02a2394640f8b4,right,rig_98874fa67831ae4f824c36f3,1772726389343258880,0.0407,indoor,0|1|2|3,Tile_2,613,-0.156224,-0.156224,0.855368,0,0.915382,0.156224,0.0678097,0.0131627,112.673
img_f4bf71d79eb426e24a089014,right,rig_5a5ac7fa4f5b9d2c2ddad340,1772726521351321856,0.638,outdoor,0|1|2|3,Tile_2,614,-0.226767,-0.226767,0.797106,0,0.915382,0.226767,0.138353,0.0155703,92.4713
img_f4e71c9e7ff3353987c9c41a,right,rig_5ee177202cb8d68c8541b2a5,1772726395843659776,0.0701,outdoor,0|1|2|3,Tile_2,615,-0.215222,-0.215222,0.806362,0,0.915382,0.215222,0.126808,0.00866441,107.272
img_f5f133cabb2d110c4de5284e,right,rig_3d14390fb7f803b2f50b1ae3,1772726416344879872,0.1629,outdoor,0|1|2|3,Tile_2,616,-0.100634,-0.100634,0.904264,0,0.915382,0.100634,0.0122193,0.00629453,122.94
img_f62c18a51fe6eeab821492db,left,rig_8b13c74411784e7525ca0187,1772726598855998976,0.9887,indoor,0|1|2,Tile_2,617,0.0284743,0.0284743,1.02888,0,0.915382,-0.0284743,-0.116889,0.00529827,112.585
img_f6a41d2296905ce621e12836,left,rig_867b85a1c6e97d39fa18e806,1772726483349031936,0.4661,covered,0|1|2,Tile_2,618,-0.0515964,-0.0515964,0.949712,0,0.915382,0.0515964,-0.0368178,0.0016076,127.697
img_f7140eacb75d560d184fb31f,right,rig_7862adc4c91ebba1b81887fe,1772726478348717056,0.4434,outdoor,0|1|2|3,Tile_2,619,0.00749372,0.00749372,1.00752,0,0.915382,-0.00749372,-0.095908,0.00574357,118.383
img_f739255a36fa35e2286826a2,left,rig_d5186ce78eff9fccefa2c9c4,1772726527851739904,0.6674,indoor,2|3,Tile_2,620,-0.0625196,-0.0625196,0.939395,0,0.915382,0.0625196,-0.0258946,0.00821157,70.9979
img_f7ab5b5375d058e24fa94d7a,left,rig_5654a1001ac64ec796b10960,1772726522851451904,0.6448,outdoor,1|2|3,Tile_2,621,-0.00455955,-0.00455955,0.995451,0,0.915382,0.00455955,-0.0838547,0.00529073,95.7281
img_f7b75abef16041d243e1cb24,right,rig_d207455f26029db6394d4973,1772726538852431104,0.7172,indoor,0|1|2,Tile_2,622,-0.163081,-0.163081,0.849522,0,0.915382,0.163081,0.0746669,0.0182345,83.4299
img_f89e0e1434c5b600664c93cc,right,rig_efef53661a0378ed55e2807f,1772726577854688000,0.8937,indoor,0|1|2,Tile_2,623,-0.552666,-0.552666,0.575414,0,0.915382,0.552666,0.464251,0.0634736,105.491
img_f8b73b376042c741c55a06cd,right,rig_62cc6c408b26478c0d47b991,1772726467848083968,0.3959,indoor,0|1|2|3,Tile_2,624,0.0268277,0.0268277,1.02719,0,0.915382,-0.0268277,-0.115242,0.0148608,123.171
img_f90a0e7c2348a7898510133c,left,rig_d3ec7439c84909d45dd66af3,1772726496849858048,0.5271,outdoor,0|1|2|3,Tile_2,625,-0.087032,-0.087032,0.916648,0,0.915382,0.087032,-0.00138227,0.00316236,122.994
img_f9abc9581a5c24b6086035c3,left,rig_000c0f69828def079c9a9ef2,1772726502850225920,0.5543,outdoor,1|2|3,Tile_2,626,-0.0639489,-0.0639489,0.938053,0,0.915382,0.0639489,-0.0244653,0.00180383,117.885
img_fa65b3aa880c9101e305af46,right,rig_d14b49b462a068a3c9a4ed3a,1772726586855226880,0.9344,outdoor,0|1|2|3,Tile_2,627,0.0429612,0.0429612,1.0439,0,0.915382,-0.0429612,-0.131375,0.0248007,130.021
img_faa25ac6c422ab56ed53979a,left,rig_30d4452a792173a2a3a04f83,1772726487349266176,0.4842,covered,0|1|2|3,Tile_2,628,-0.0560062,-0.0560062,0.945533,0,0.915382,0.0560062,-0.032408,0.00255857,124.336
img_fb8d4e5c370423a144a63ab7,left,rig_d173e0b2e7cdcd32b8c5aeed,1772726563353852928,0.8281,indoor,0|1|2|3,Tile_2,629,-0.0770833,-0.0770833,0.925813,0,0.915382,0.0770833,-0.0113309,0.0170798,92.8038
img_fc66080d5ff5d4c012c31698,right,rig_555a91a88fb42ed8d310cfa5,1772726518851176960,0.6267,outdoor,0|1|2|3,Tile_2,630,-0.0425004,-0.0425004,0.95839,0,0.915382,0.0425004,-0.0459138,0.0232535,99.8364
img_fce08d9c2de871a505cf83b2,left,rig_0ecd86b20f310e2fb0b20192,1772726533852102912,0.6946,indoor,1|2|3,Tile_2,631,-0.229956,-0.229956,0.794569,0,0.915382,0.229956,0.141541,0.024914,88.8357
img_fdf56b0a509ae739efc34a67,left,rig_b6dda00ce31fe345c8a93d93,1772726529851942144,0.6765,indoor,1|2|3,Tile_2,632,-0.279037,-0.279037,0.756512,0,0.915382,0.279037,0.190623,0.0116834,69.7109
img_fe46c480df46c4db13c4fd6c,right,rig_b5687b0cb5abac30ed7f48ac,1772726426345481984,0.2081,outdoor,0|1|2|3,Tile_2,633,0.043783,0.043783,1.04476,0,0.915382,-0.043783,-0.132197,0.000505676,119.364
img_ff02d8c153151283c2e34cd4,left,rig_626e93c9228dc8ed10db7617,1772726541852634880,0.7308,indoor,0|1|2|3,Tile_2,634,-0.181307,-0.181307,0.834179,0,0.915382,0.181307,0.0928925,0.028348,83.4416
img_ff39ce60372fe31cfff4dc43,left,rig_63977d60ee824dce1a601b9b,1772726402344023040,0.0995,outdoor,2|3,Tile_2,635,-0.0737457,-0.0737457,0.928908,0,0.915382,0.0737457,-0.0146685,0.0242196,123.333
img_ff7bb1d8e38e09e81058a33b,right,rig_675eeb0cbecc3b94dff85183,1772726567354107904,0.8462,indoor,1|2|3,Tile_2,636,-0.0439939,-0.0439939,0.95696,0,0.915382,0.0439939,-0.0444204,0.00532846,95.999
img_ffa390bbaefb6eec5a6f87fb,right,rig_ce9e6546973b269e2e388a8f,1772726474348491008,0.4253,outdoor,0|1|2|3,Tile_2,637,-0.23585,-0.23585,0.789899,0,0.915382,0.23585,0.147436,0.019027,123.746
img_0013434cabcfe39de86e02cb,left,rig_bd4b88b17b4b42a98be46845,1772726444346652928,0.2896,outdoor,0|3,Tile_3,0,-0.250007,-0.250007,0.778795,0,0.932658,0.250007,0.180291,0.0116985,107.786
img_0018dd0404626269c5456dd5,left,rig_77f65590b82898143d4b614f,1772726415844864000,0.1606,outdoor,3,Tile_3,1,-0.178699,-0.178699,0.836358,0,0.932658,0.178699,0.108983,0.0127551,116.159
img_00bf665bae8b75617aac7789,right,rig_b7463a427ef7798624fd8d32,1772726549853083904,0.767,indoor,0|1|3,Tile_3,2,-0.64282,-0.64282,0.525808,0,0.932658,0.64282,0.573103,0.0268612,56.1612
img_00ec71ecfd73b6eb59d8f832,right,rig_daf5c6b3afeb96478e0b6632,1772726468348113920,0.3982,indoor,0|1|2|3,Tile_3,3,0.0719076,0.0719076,1.07456,0,0.932658,-0.0719076,-0.141624,0.0225365,127.602
img_00ef5ab491af9d423626e07b,left,rig_fcb5e5bc6e447db8fc1d90a4,1772726387843232000,0.0339,stationary_unresolved,2|3,Tile_3,4,-0.0912235,-0.0912235,0.912814,0,0.932658,0.0912235,0.0215073,0.00120004,124.629
img_02167f65b42e301e9acb4f89,right,rig_b6d35ffa75aea615e7ca680d,1772726465847951872,0.3869,indoor,0|1|2|3,Tile_3,5,0.0800847,0.0800847,1.08338,0,0.932658,-0.0800847,-0.149801,0.00717003,108.519
img_024ff4947bc3d3decbcf878c,right,rig_eab7ff45ccdb39a9651cea7d,1772726543852675840,0.7398,indoor,0|1|3,Tile_3,6,0.0030407,0.0030407,1.00305,0,0.932658,-0.0030407,-0.0727569,0.0311255,82.8097
img_0270831497d17f59f1c3de3e,right,rig_8b13c74411784e7525ca0187,1772726598855995904,0.9887,indoor,0|1|2|3,Tile_3,7,-0.245926,-0.245926,0.78198,0,0.932658,0.245926,0.17621,0.00879272,99.7824
img_02c50c1e41ca50d8799dfef7,left,rig_e4d458f95dcbeb0f06651337,1772726545852810752,0.7489,indoor,1|2|3,Tile_3,8,0.210006,0.210006,1.23369,0,0.932658,-0.210006,-0.279722,0.0132306,101.188
img_02ea8d71b98fade9b737af1e,left,rig_0ddb1b1864e5a016c4535dcf,1772726456347391744,0.3439,covered,0|1|2|3,Tile_3,9,-0.250361,-0.250361,0.77852,0,0.932658,0.250361,0.180645,0.000709455,113.433
img_03155e815f3ed8c386df41d7,left,rig_61ddcb249fb315d6b3a7c599,1772726522351398912,0.6425,outdoor,2|3,Tile_3,10,-0.152453,-0.152453,0.858599,0,0.932658,0.152453,0.0827373,0.00487562,102.056
img_03470cda035b5adeddb4a5b3,right,rig_45254873f743668026e05080,1772726400343847936,0.0905,outdoor,0|1|2|3,Tile_3,11,-0.123232,-0.123232,0.884059,0,0.932658,0.123232,0.0535155,0.0124985,97.3227
img_03d3b8c62d66fac93b032a26,left,rig_6c1ad393c23fd7273a74566c,1772726569354202880,0.8552,indoor,0|1|2|3,Tile_3,12,-0.00740817,-0.00740817,0.992619,0,0.932658,0.00740817,-0.062308,0.0333444,75.0568
img_03f32cc827b85f5858eb1527,left,rig_b63838d545636c8ddf8b3e09,1772726470848314112,0.4095,indoor,0|3,Tile_3,13,-0.0505715,-0.0505715,0.950686,0,0.932658,0.0505715,-0.0191447,0.0108003,110.694
img_0438825960239522ce92a086,left,rig_a9ee8dfa439c365279d61976,1772726405844240896,0.1154,outdoor,2|3,Tile_3,14,-0.0872517,-0.0872517,0.916446,0,0.932658,0.0872517,0.0175355,0.021261,116.17
img_046152e78c23ba2a63570a36,left,rig_f4fa085608d11316ec5a7092,1772726436346135808,0.2534,outdoor,0|3,Tile_3,15,-0.290875,-0.290875,0.747609,0,0.932658,0.290875,0.221159,0.00824176,103.636
img_0466fd896d0aec73619005f8,left,rig_a6a833bb554e1ed680f753a0,1772726460347633920,0.362,covered,0|1|2|3,Tile_3,16,-0.0360011,-0.0360011,0.964639,0,0.932658,0.0360011,-0.033715,0.0190345,101.513
img_059735131c8240a4d502ecba,left,rig_8fe94e3e4b7b499cea385c9f,1772726446346776064,0.2986,outdoor,0|3,Tile_3,17,-0.366302,-0.366302,0.693293,0,0.932658,0.366302,0.296586,0.0118796,109.576
img_05cc6ae9bfec314d854c8837,right,rig_c4948ea06c313f97a02e89a1,1772726421845284864,0.1878,outdoor,0|1|2|3,Tile_3,18,-0.00685239,-0.00685239,0.993171,0,0.932658,0.00685239,-0.0628638,0.00101135,119.355
img_066ac1dbdc61cd379421eeef,left,rig_e7b87302ddd5eea841767532,1772726568854172928,0.8529,indoor,0|1|2|3,Tile_3,19,0.0985268,0.0985268,1.10354,0,0.932658,-0.0985268,-0.168243,0.0414956,87.0159
img_06c8139bc95f57cd809da4fb,right,rig_e98573ad02fccb17e2acf042,1772726481348893952,0.457,covered,0|1|2|3,Tile_3,20,-0.0887734,-0.0887734,0.915053,0,0.932658,0.0887734,0.0190572,0.0145136,119.456
img_06fe18d7805639029a0909d7,right,rig_67298aabd7f28fa9d9b15387,1772726457347432960,0.3484,covered,0|1|2|3,Tile_3,21,-0.156592,-0.156592,0.855053,0,0.932658,0.156592,0.0868756,0.00761532,92.1112
img_07354bc7c501761f73d5c2ad,right,rig_71ae938deaaa4b9c6973bf08,1772726485849161984,0.4774,covered,0|1|2|3,Tile_3,22,-0.286261,-0.286261,0.751067,0,0.932658,0.286261,0.216545,0.0200534,107.452
img_074273e7808b362c2a94f76a,left,rig_b6d35ffa75aea615e7ca680d,1772726465847965952,0.3869,indoor,0|1|2|3,Tile_3,23,-0.0371075,-0.0371075,0.963573,0,0.932658,0.0371075,-0.0326087,0.0233743,96.9234
img_07ad9afb8ee9b4439797e520,right,rig_a7eccdb605b1978cb585d069,1772726430345854976,0.2262,outdoor,0|1|2|3,Tile_3,24,-0.0486637,-0.0486637,0.952501,0,0.932658,0.0486637,-0.0210525,0.00352463,125.209
img_0808a922b5bfb00ee7a01908,right,rig_883a4ebb7e6586e4fd3b4547,1772726383842921984,0.0158,stationary_unresolved,0|1|2|3,Tile_3,25,0.0563273,0.0563273,1.05794,0,0.932658,-0.0563273,-0.126043,0.0108607,114.693
img_09089484c86c6333a69d214c,left,rig_87e502b4ef51672981b834d9,1772726577354671104,0.8914,indoor,0|1|3,Tile_3,26,-0.0669422,-0.0669422,0.935249,0,0.932658,0.0669422,-0.00277404,0.0645453,87.0068
img_0a619ec4779c27a97495a4d5,left,rig_d0d3489bce13de8504e92186,1772726503350252800,0.5566,outdoor,0|1|2|3,Tile_3,27,0.0384472,0.0384472,1.0392,0,0.932658,-0.0384472,-0.108163,0.00683794,119.364
img_0b5c7e5b6ece9c8468b97f45,right,rig_e4d458f95dcbeb0f06651337,1772726545852794880,0.7489,indoor,0|1|3,Tile_3,28,-0.3428,-0.3428,0.70978,0,0.932658,0.3428,0.273084,0.0254574,70.6602
img_0baaa27b93015822440b687d,right,rig_f8ded7c55aa6618f7f932f78,1772726543352647936,0.7376,indoor,0|1|3,Tile_3,29,0.0253391,0.0253391,1.02566,0,0.932658,-0.0253391,-0.0950553,0.0265744,77.8434
img_0bd606416eabd8fdcf14e062,left,rig_695d8250eaeeb6965adc50d0,1772726470348254976,0.4072,indoor,0|3,Tile_3,30,-0.142764,-0.142764,0.866958,0,0.932658,0.142764,0.0730481,0.0185138,111.925
img_0bdb034725fc3184e49fe35e,left,rig_5ba6282df12e9eb109b72ac5,1772726496349854976,0.5249,outdoor,0|1|2|3,Tile_3,31,0.0574228,0.0574228,1.0591,0,0.932658,-0.0574228,-0.127139,0.00303405,122.891
img_0c5af46cf601f1ba240045ea,right,rig_78d42ea51d8af589ae473677,1772726435346088960,0.2489,outdoor,0|1|2|3,Tile_3,32,0.00263141,0.00263141,1.00263,0,0.932658,-0.00263141,-0.0723476,0.00584169,130.188
img_0ccbf3f46b4b4f4b127c2af2,right,rig_c0ac69772678faceae0ef9a2,1772726506850443776,0.5724,covered,0|3,Tile_3,33,-0.644964,-0.644964,0.524682,0,0.932658,0.644964,0.575247,0.00299632,84.4835
img_0cfe3b000d78b3cbe984aa45,right,rig_10786c3b130262b1f7860d86,1772726523351441920,0.6471,outdoor,0|1|3,Tile_3,34,-0.736169,-0.693147,0.5,1,0.932658,0.693147,0.623431,0.00128306,74.3832
img_0d0e8da31b5f41cd32b8700d,left,rig_5db1eaca76128be874ae3761,1772726492349612032,0.5068,covered,0|1|2|3,Tile_3,35,-0.109262,-0.109262,0.896495,0,0.932658,0.109262,0.039546,0.00462655,123.829
img_0dbc2e12a7bdf36399e2e44c,left,rig_fdfcb9dc9abc485751e8d4da,1772726517351102976,0.6199,outdoor,2|3,Tile_3,36,-0.0407989,-0.0407989,0.960022,0,0.932658,0.0407989,-0.0289173,0.00433221,90.8189
img_0e30201037f2d207322568eb,left,rig_dc7d050f3d4f4e2f909906ff,1772726453847245824,0.3326,outdoor,0|1|2|3,Tile_3,37,-0.144066,-0.144066,0.865831,0,0.932658,0.144066,0.0743495,0.00286046,123.186
img_0e3dd50d94474712343fd59f,right,rig_a76b62550f78b1898ad49484,1772726595855809024,0.9751,outdoor,3,Tile_3,38,-0.263347,-0.263347,0.768475,0,0.932658,0.263347,0.193631,0.0125966,101.642
img_0e50eb0011f0a71bb300d616,right,rig_3d361a9bac2d45b63fbaa31a,1772726560853689856,0.8167,indoor,3,Tile_3,39,-0.0763711,-0.0763711,0.926472,0,0.932658,0.0763711,0.00665488,0.0196232,84.35
img_0e90c061ce70226ad4b32bed,left,rig_9838789f9a6a87aba15b73bf,1772726391843456000,0.052,outdoor,1|2|3,Tile_3,40,-0.0723737,-0.0723737,0.930183,0,0.932658,0.0723737,0.00265752,0.0039171,118.562
img_0ea21c0b2a26ae88b3f41c1b,left,rig_73fcc250282f0b61f460356a,1772726550353076992,0.7692,indoor,0|1|2|3,Tile_3,41,0.199249,0.199249,1.22049,0,0.932658,-0.199249,-0.268965,0.0102041,92.8008
img_0f09b1c8a16caf36b2272fd5,right,rig_8a95544bd414a0336597cf60,1772726489349372928,0.4932,covered,0|1|3,Tile_3,42,-0.172361,-0.172361,0.841675,0,0.932658,0.172361,0.102645,0.00733607,101.996
img_0fcf49cd7f81361297e23ec7,right,rig_867b85a1c6e97d39fa18e806,1772726483349016064,0.4661,covered,0|1|2|3,Tile_3,43,-0.158234,-0.158234,0.85365,0,0.932658,0.158234,0.0885175,0.0221667,120.89
img_0fd1829e4d452fc9e06670fe,right,rig_9270bb45deabba98f3d35bfa,1772726422845303040,0.1923,outdoor,0|1|2|3,Tile_3,44,-0.0843123,-0.0843123,0.919144,0,0.932658,0.0843123,0.0145962,0.00123023,119.664
img_0ff5a27bcf3781c5964f8ee6,left,rig_b7a1dcca113aef53dd74f487,1772726486349241856,0.4796,covered,0|1|2|3,Tile_3,45,-0.0749898,-0.0749898,0.927753,0,0.932658,0.0749898,0.00527363,0.00235479,125.597
img_103dec49eddc71b8b42bba6d,left,rig_1ab5226f8da5570f953ba492,1772726593855660800,0.9661,outdoor,0|1|2|3,Tile_3,46,0.0366638,0.0366638,1.03734,0,0.932658,-0.0366638,-0.10638,0.00188685,128.388
img_10530dbf7d673c59270af5e2,right,rig_3a9d46edf8ddc75aac3a8541,1772726393343502080,0.0588,outdoor,0|1|2|3,Tile_3,47,-0.181871,-0.181871,0.833709,0,0.932658,0.181871,0.112155,0.0127702,110.386
img_10c63029b85d03efbb6fd32d,left,rig_9614504d089c4bd4339bcbf8,1772726571854343936,0.8665,indoor,0|1|2|3,Tile_3,48,0.196196,0.196196,1.21677,0,0.932658,-0.196196,-0.265913,0.0198723,55.785
img_10dc9db4cfbc3df8c9f6bd2d,left,rig_96ae58701ae6a7d9fbdeb55b,1772726516351040000,0.6154,outdoor,2|3,Tile_3,49,-0.104762,-0.104762,0.900539,0,0.932658,0.104762,0.0350458,0.00464165,102.473
img_11466a5a9c6d1f4586f1c7d2,left,rig_5942bb995bfef7e68350bdd4,1772726570854331136,0.862,indoor,0|1|2|3,Tile_3,50,0.335766,0.335766,1.39901,0,0.932658,-0.335766,-0.405482,0.0233139,59.6439
img_114e1796fe707593c85a2478,left,rig_46f240f13cd2c9799ddd288b,1772726466848033024,0.3914,indoor,0|1|2|3,Tile_3,51,0.0285257,0.0285257,1.02894,0,0.932658,-0.0285257,-0.0982419,0.0289669,101.143
img_1155e179ac216f5cb603d167,left,rig_55d2fa68d70e2680e935a845,1772726427845598976,0.2149,outdoor,0|3,Tile_3,52,-0.175336,-0.175336,0.839175,0,0.932658,0.175336,0.10562,0.00870215,109.132
img_118dfff94fcc01a22eedc2e8,left,rig_efcd62d71c5d28e141da5cb3,1772726398843777024,0.0837,outdoor,2|3,Tile_3,53,0.104463,0.104463,1.11011,0,0.932658,-0.104463,-0.174179,0.0072606,119.483
img_125efba8e64a1900654063c3,right,rig_d5b118e7a9fc9447562f0248,1772726444846667008,0.2919,outdoor,0|1|2|3,Tile_3,54,-0.0972637,-0.0972637,0.907317,0,0.932658,0.0972637,0.0275475,0.00421145,126.428
img_12ce6a109336320a768745d0,left,rig_475020cf2c7c50962fbaae56,1772726514850949120,0.6086,outdoor,1|2|3,Tile_3,55,-0.0104932,-0.0104932,0.989562,0,0.932658,0.0104932,-0.059223,0.0066719,111.228
img_13691d7391a8be50b061c1b3,right,rig_dee50a77658b8fc7cdc87a21,1772726587855288064,0.9389,outdoor,0|1|2|3,Tile_3,56,-0.00773207,-0.00773207,0.992298,0,0.932658,0.00773207,-0.0619841,0.0515563,136.609
img_1371e2f1b988b88eea55fbdc,right,rig_e585abc0baa8a604cac46954,1772726437846272000,0.2602,outdoor,0|1|2|3,Tile_3,57,0.0457987,0.0457987,1.04686,0,0.932658,-0.0457987,-0.115515,0.00659643,129.974
img_137fc7a6b6690290c21a8800,left,rig_73278438c5987edce280624d,1772726405344221952,0.1131,outdoor,2|3,Tile_3,58,-0.0948358,-0.0948358,0.909522,0,0.932658,0.0948358,0.0251196,0.0161892,113.302
img_1447a95d9944f177d0c884ab,right,rig_e0ad9a754c98bed980df1462,1772726555353361920,0.7919,indoor,0|1|3,Tile_3,59,-0.125409,-0.125409,0.882136,0,0.932658,0.125409,0.0556932,0.00840025,62.618
img_14760453402721edd574fe64,left,rig_0ec87fa7eec60a30376bb767,1772726394843636992,0.0656,outdoor,2|3,Tile_3,60,-0.0330232,-0.0330232,0.967516,0,0.932658,0.0330232,-0.036693,0.00276235,125.134
img_15207674b99f1db132d932c6,left,rig_7ee093cfd4a4a20579ebc37a,1772726513850887936,0.6041,outdoor,0|1|2|3,Tile_3,61,0.0326276,0.0326276,1.03317,0,0.932658,-0.0326276,-0.102344,0.00510204,116.418
img_1577cf4d82720ebc65a2d403,right,rig_5ba6282df12e9eb109b72ac5,1772726496349851904,0.5249,outdoor,0|1|3,Tile_3,62,-0.335013,-0.335013,0.715328,0,0.932658,0.335013,0.265297,0.00468693,90.8253
img_15fb76ef6ac109612bfa8138,right,rig_08045c9415b26b9156f0210b,1772726493349649920,0.5113,outdoor,0|1|2|3,Tile_3,63,-0.430576,-0.430576,0.650135,0,0.932658,0.430576,0.360859,0.00654359,92.9584
img_15fea5143b9ed9b965e29b36,left,rig_b1b4744543888aaed04abc31,1772726406344272896,0.1176,outdoor,2|3,Tile_3,64,0.0826592,0.0826592,1.08617,0,0.932658,-0.0826592,-0.152375,0.0279858,119.05
img_1618118629bef1789633f0dd,right,rig_95015a4111967a6aaf48d481,1772726411844603136,0.1425,outdoor,0|1|2|3,Tile_3,65,-0.237242,-0.237242,0.788801,0,0.932658,0.237242,0.167526,0.00731343,86.0251
img_1625062b5dbc6697b950a64d,right,rig_baf1f86f504d512866abf083,1772726549353006848,0.7647,indoor,0|1|3,Tile_3,66,-0.401119,-0.401119,0.66957,0,0.932658,0.401119,0.331403,0.0330274,61.9469
img_17448ab8d9da2c0b067a56a8,left,rig_239e0e0e1c144aa3406d452a,1772726499350018048,0.5385,outdoor,0|1|2|3,Tile_3,67,-0.0270316,-0.0270316,0.97333,0,0.932658,0.0270316,-0.0426846,0.000641529,120.619
img_17a66f4cb62764dda6efae60,left,rig_7a24f47d6c5ebd963de0ca67,1772726380342691072,0,stationary_unresolved,2|3,Tile_3,68,-0.0617089,-0.0617089,0.940157,0,0.932658,0.0617089,-0.00800732,0.00139627,125.074
img_17bf1628f94e193f3c3d8235,left,rig_883a4ebb7e6586e4fd3b4547,1772726383842925056,0.0158,stationary_unresolved,2|3,Tile_3,69,-0.0624057,-0.0624057,0.939502,0,0.932658,0.0624057,-0.00731053,0.00128306,125.139
img_18576273c5c20fc7e1f342c8,left,rig_8f689c5c301741cf23abc7c9,1772726460847641856,0.3643,covered,0|1|2|3,Tile_3,70,-0.126148,-0.126148,0.881484,0,0.932658,0.126148,0.056432,0.0195855,99.6059
img_1871157e950c16814045b7fb,right,rig_000e7028c2e231119a9064fc,1772726516851055872,0.6176,outdoor,0|1|2|3,Tile_3,71,-0.232746,-0.232746,0.792355,0,0.932658,0.232746,0.16303,0.0173968,95.3866
img_18bab3dd6b4d34c67c53fdb6,right,rig_7f2588eb25297d7f69e812fc,1772726449346952960,0.3122,outdoor,0|1|2|3,Tile_3,72,-0.0931838,-0.0931838,0.911026,0,0.932658,0.0931838,0.0234677,0.00517751,123.775
img_18d28fb7e23a0e8d27ec413d,left,rig_3c9b5164bc1951213a7933b9,1772726528351821824,0.6697,indoor,1|2|3,Tile_3,73,-0.2365,-0.2365,0.789386,0,0.932658,0.2365,0.166783,0.00908707,70.422
img_18f18b25e7045a85c7b0e440,right,rig_d5ad6e81c3c552f2ccd6e469,1772726454347259136,0.3348,outdoor,3,Tile_3,74,-0.338521,-0.338521,0.712824,0,0.932658,0.338521,0.268805,0.013608,100.954
img_190257395cb0336ab5d50631,right,rig_42c8aac685d419f4a083e936,1772726484349078016,0.4706,covered,0|1|2|3,Tile_3,75,-0.173591,-0.173591,0.840641,0,0.932658,0.173591,0.103875,0.0317142,121.015
img_1966204401da23120883fd70,right,rig_185c950ddf4051317e0a520a,1772726570354244864,0.8597,indoor,1|2|3,Tile_3,76,0.289899,0.289899,1.33629,0,0.932658,-0.289899,-0.359616,0.0124532,94.1682
img_19b325eb7f251301eb6db660,right,rig_f4fa085608d11316ec5a7092,1772726436346120960,0.2534,outdoor,0|1|2|3,Tile_3,77,-0.0477329,-0.0477329,0.953388,0,0.932658,0.0477329,-0.0219833,0.00599263,130.187
img_19e8211ae6c6bb6328e3ac0c,left,rig_a9481abfdcb40f879a0fa555,1772726506350424064,0.5701,covered,0|1|2|3,Tile_3,78,-0.0675959,-0.0675959,0.934638,0,0.932658,0.0675959,-0.00212025,0.00735871,105.317
img_19f9a29e0653442b28934a1d,left,rig_e407ca7277d806fb33b09f51,1772726585855233024,0.9299,outdoor,0|3,Tile_3,79,-0.414991,-0.414991,0.660346,0,0.932658,0.414991,0.345275,0.00725305,104.692
img_1a265d9e130f6059a7c5e9a6,left,rig_b523206b5c02312cc70e1083,1772726558853588992,0.8077,indoor,1|2|3,Tile_3,80,0.324508,0.324508,1.38335,0,0.932658,-0.324508,-0.394225,0.00917764,101.024
img_1a38b2127348ddbd3e540b2f,right,rig_815f0bdecab8dc5043ac5c96,1772726416844912896,0.1652,outdoor,0|1|2|3,Tile_3,81,-0.115787,-0.115787,0.890665,0,0.932658,0.115787,0.0460711,0.00642284,125.071
img_1a415e4ff347474b2fe0e6fd,right,rig_38eb9f77a7130dc9f18b2333,1772726389843281920,0.043,outdoor,0|1|2|3,Tile_3,82,-0.0518454,-0.0518454,0.949476,0,0.932658,0.0518454,-0.0178708,0.0142646,110.211
img_1a5eee9849f95e3f1ffef40d,right,rig_91e8f573f92fc625b8bc22c6,1772726446846832896,0.3009,outdoor,0|1|2|3,Tile_3,83,0.081151,0.081151,1.08453,0,0.932658,-0.081151,-0.150867,0.00378879,120.21
img_1a62eea81648de2de47d1d27,right,rig_cc780f250500d86fdd99fa40,1772726428845664000,0.2195,outdoor,0|1|2|3,Tile_3,84,0.0136989,0.0136989,1.01379,0,0.932658,-0.0136989,-0.0834151,0.00313217,126.223
img_1a7c8c71cb3bf1efb9603846,left,rig_8fb31491596f578115f083f3,1772726540352512000,0.724,indoor,0|1|3,Tile_3,85,-0.0743395,-0.0743395,0.928356,0,0.932658,0.0743395,0.00462328,0.0290122,88.5118
img_1aa7b18f3768436540234cc0,left,rig_efe79713cf7a7fd38fbf03f9,1772726535852226048,0.7036,indoor,0|1|2|3,Tile_3,86,-0.568824,-0.568824,0.566191,0,0.932658,0.568824,0.499108,0.0163175,68.8814
img_1bc6af48816e6b6269928548,right,rig_0deca8a3105fec84911844ac,1772726601356096000,1,stationary_unresolved,0|1|2|3,Tile_3,87,-0.261934,-0.261934,0.769562,0,0.932658,0.261934,0.192218,0.0111852,105.556
img_1bdd12683633f0e9db0e63a8,left,rig_54dd0aae97db62e2835f9262,1772726504850355968,0.5633,outdoor,0|1|2|3,Tile_3,88,0.0319151,0.0319151,1.03243,0,0.932658,-0.0319151,-0.101631,0.0193364,121.32
img_1c484dfbc739f998461e0252,left,rig_fecabf1f0df1d4efe3758382,1772726410344523008,0.1357,outdoor,2|3,Tile_3,89,0.00578058,0.00578058,1.0058,0,0.932658,-0.00578058,-0.0754968,0.0201516,117.187
img_1c8b089945f81db8f6c8dded,left,rig_a651d290576dfa06dcd5066f,1772726513350861056,0.6018,outdoor,0|1|2|3,Tile_3,90,-0.136939,-0.136939,0.872023,0,0.932658,0.136939,0.0672227,0.0053662,118.216
img_1c9c566ccc6d3b5e801f396d,right,rig_3d24f62e769f9eae03564a1a,1772726567854182912,0.8484,indoor,1|2|3,Tile_3,91,0.295153,0.295153,1.34333,0,0.932658,-0.295153,-0.36487,0.00602282,98.324
img_1dbea71c3cf92e7aa3fc5df4,left,rig_baf1f86f504d512866abf083,1772726549353015808,0.7647,indoor,0|1|2|3,Tile_3,92,0.157669,0.157669,1.17078,0,0.932658,-0.157669,-0.227385,0.00993992,86.7319
img_1de04bfc85f49dfaa0d0a760,left,rig_9c5420c2dc4237861155c34a,1772726568354146048,0.8507,indoor,0|1|2|3,Tile_3,93,0.21167,0.21167,1.23574,0,0.932658,-0.21167,-0.281386,0.0430881,94.0366
img_1ebc50fda2a6ee2870ef2919,left,rig_9b30bbe8a1c651d62230aada,1772726431845929984,0.233,outdoor,0|3,Tile_3,94,-0.171932,-0.171932,0.842036,0,0.932658,0.171932,0.102216,0.00341897,97.8615
img_1f7cf648acdfeca84393921f,right,rig_09c06411065d337169b08361,1772726380842701056,0.0023,stationary_unresolved,0|1|2|3,Tile_3,95,0.0657177,0.0657177,1.06793,0,0.932658,-0.0657177,-0.135434,0.0109588,114.496
img_1fb3a72aca781ca07d397457,right,rig_a269c1f9931fa5f01c0c3525,1772726422345296896,0.19,outdoor,0|1|2|3,Tile_3,96,0.00843582,0.00843582,1.00847,0,0.932658,-0.00843582,-0.078152,0.00107173,119.413
img_204ab088850d639090e9ac4e,left,rig_ee943dd6b5dc0ea6f147e99c,1772726509350616064,0.5837,covered,0|1|2|3,Tile_3,97,-0.172834,-0.172834,0.841277,0,0.932658,0.172834,0.103118,0.0120834,114.524
img_20a58f5ac4250200235962e2,right,rig_bd64003ad2891939b621d468,1772726434846021888,0.2466,outdoor,0|1|2|3,Tile_3,98,-0.0683885,-0.0683885,0.933898,0,0.932658,0.0683885,-0.00132774,0.00581904,130.53
img_20db9aea57590d693ed1f417,right,rig_06c6acc11162079bbf66bfcb,1772726404844192000,0.1109,outdoor,0|1|2|3,Tile_3,99,-0.00255168,-0.00255168,0.997452,0,0.932658,0.00255168,-0.0671645,0.0110418,105.27
img_21571925b3bdee2457e819f8,left,rig_c4948ea06c313f97a02e89a1,1772726421845287936,0.1878,outdoor,0|1|3,Tile_3,100,-0.177912,-0.177912,0.837016,0,0.932658,0.177912,0.108196,0.0124909,107.075
img_219ea8f06811fd11b0b0b7e9,left,rig_421a6a88885f1816ddea56e9,1772726418345032960,0.1719,outdoor,0|3,Tile_3,101,-0.214935,-0.214935,0.806594,0,0.932658,0.214935,0.145219,0.00870215,114.007
img_21b71b6f7e7b5625bf4518b6,left,rig_34a82c122eafbdd07729c7a3,1772726518351163904,0.6244,outdoor,2|3,Tile_3,102,-0.0491372,-0.0491372,0.95205,0,0.932658,0.0491372,-0.020579,0.0102494,104.731
img_21b946b919113ef2ad217f20,left,rig_f06333428d4f48f2cf7fbe79,1772726510350723072,0.5882,covered,0|1|2|3,Tile_3,103,-0.099856,-0.099856,0.904968,0,0.932658,0.099856,0.0301398,0.0062266,114.998
img_22d548c6b36b38776c5e943b,right,rig_659d09ba8e1aa4a543372606,1772726490349437952,0.4977,covered,0|1|3,Tile_3,104,-0.339435,-0.339435,0.712172,0,0.932658,0.339435,0.269719,0.00558507,99.7451
img_231b7c7f9d8a8a43c94a9fd3,left,rig_3d24f62e769f9eae03564a1a,1772726567854188032,0.8484,indoor,0|1|2|3,Tile_3,105,0.310332,0.310332,1.36388,0,0.932658,-0.310332,-0.380049,0.0394578,96.8442
img_23bcc9a1d7f545975441d295,left,rig_38381b3fc18c826f13eeff77,1772726432846009856,0.2376,outdoor,0|3,Tile_3,106,-0.145472,-0.145472,0.864614,0,0.932658,0.145472,0.0757559,0.00718512,110.988
img_23dfbf209861f4b03fe77515,left,rig_74a2fbfee61b66c0431611c4,1772726488349326848,0.4887,covered,0|1|2|3,Tile_3,107,-0.0490172,-0.0490172,0.952165,0,0.932658,0.0490172,-0.020699,0.00301141,125.521
img_23f736d972ccf1608ccbe107,right,rig_77d59ad49037938e9356612d,1772726425345463040,0.2036,outdoor,0|1|2|3,Tile_3,108,0.00968976,0.00968976,1.00974,0,0.932658,-0.00968976,-0.079406,0.00117739,120.793
img_241bf65803f5d5bdb63fa53d,left,rig_1b77278a024b36d79631b868,1772726409844491008,0.1335,outdoor,2|3,Tile_3,109,-0.0942774,-0.0942774,0.91003,0,0.932658,0.0942774,0.0245612,0.0116381,108.818
img_24360a542c1b719c91d5a0e8,right,rig_d7a8710ef2ec0515707ccb1c,1772726541352529920,0.7285,indoor,0|1|2|3,Tile_3,110,0.215504,0.215504,1.24049,0,0.932658,-0.215504,-0.28522,0.0224309,72.2144
img_2461a33a99ca0046b9a7c112,right,rig_3968ced941aff232b9a4cb9c,1772726511350733056,0.5928,covered,0|1|2|3,Tile_3,111,-0.318568,-0.318568,0.72719,0,0.932658,0.318568,0.248852,0.0193591,84.1759
img_246e9ec9e0ed774cd0cbefb4,right,rig_3fcd9fae7198946570f03492,1772726383342850816,0.0136,stationary_unresolved,0|1|2|3,Tile_3,112,-0.0201109,-0.0201109,0.98009,0,0.932658,0.0201109,-0.0496053,0.0108532,114.684
img_24c2a995e3fcebf84f29eaa8,right,rig_ba5318699c629cc66af87c63,1772726593355615744,0.9638,outdoor,0|3,Tile_3,113,-0.347121,-0.347121,0.70672,0,0.932658,0.347121,0.277405,0.0215478,110.86
img_24d4e5bc6fa22cd9ea92ff2e,right,rig_421a6a88885f1816ddea56e9,1772726418345015040,0.1719,outdoor,0|1|2|3,Tile_3,114,-0.114037,-0.114037,0.892225,0,0.932658,0.114037,0.0443212,0.00534356,126.335
img_2528134f0c15a2a2a931c0df,right,rig_1d90e98300a7062d9a2aaa55,1772726432345931008,0.2353,outdoor,0|1|2|3,Tile_3,115,-0.028435,-0.028435,0.971965,0,0.932658,0.028435,-0.0412812,0.00435485,127.181
img_2583dd744e4c06e135d8853a,right,rig_d5ea6b2b38d4468cdf4ea78f,1772726412344637952,0.1448,outdoor,0|1|2|3,Tile_3,116,-0.105383,-0.105383,0.89998,0,0.932658,0.105383,0.0356666,0.0158948,100.483
img_25873a17d1cb3eab2998efaa,left,rig_91315d3ab36ef2819c717c09,1772726505350363136,0.5656,covered,0|1|2|3,Tile_3,117,-0.0976155,-0.0976155,0.906998,0,0.932658,0.0976155,0.0278993,0.0168533,117.752
img_25e6a3ccf8f993f62610918f,left,rig_8685b41aac1770a226eb43f6,1772726402844072960,0.1018,outdoor,2|3,Tile_3,118,-0.0281903,-0.0281903,0.972203,0,0.932658,0.0281903,-0.0415259,0.0186723,118.693
img_25e709e621e208bb6d69963c,left,rig_4325fccd73567f9f5074f0e8,1772726546852907776,0.7534,indoor,1|2|3,Tile_3,119,0.245491,0.245491,1.27825,0,0.932658,-0.245491,-0.315207,0.0132306,100.524
img_26e10d650ada982eed86237e,right,rig_fdfcb9dc9abc485751e8d4da,1772726517351086848,0.6199,outdoor,0|1|2|3,Tile_3,120,-0.221357,-0.221357,0.80143,0,0.932658,0.221357,0.151641,0.0145136,93.4617
img_27c0b49a4b63e69324d8c3d1,right,rig_6296a401173f311ed04d9c2f,1772726550853093888,0.7715,indoor,0|1|3,Tile_3,121,-0.522826,-0.522826,0.592843,0,0.932658,0.522826,0.45311,0.0303254,61.377
img_289ddac6eecdcfcb171a9cff,left,rig_57abffbe71119b953b048e03,1772726514350950912,0.6063,outdoor,1|2|3,Tile_3,122,-0.0298034,-0.0298034,0.970636,0,0.932658,0.0298034,-0.0399128,0.00587188,113.435
img_28ae3ec748a5e0d8c78031df,right,rig_244a3146cf6923f6963a3a04,1772726419845116928,0.1787,outdoor,0|1|2|3,Tile_3,123,-0.102928,-0.102928,0.902192,0,0.932658,0.102928,0.0332119,0.00273216,122.876
img_28d49635350a139c44d259ec,right,rig_d0d21b60f0a7f6764ead35e1,1772726476348654080,0.4344,outdoor,0|1|2|3,Tile_3,124,-0.119853,-0.119853,0.887051,0,0.932658,0.119853,0.0501368,0.0150269,116.016
img_296543e0b24fc5e6e262f386,right,rig_9d5f571dfecabff590a1442a,1772726474848523008,0.4276,outdoor,0|1|2|3,Tile_3,125,-0.101094,-0.101094,0.903848,0,0.932658,0.101094,0.0313777,0.0244007,120.674
img_298eb4ad7a7fb190d39583ea,right,rig_98411c0aa32b79a2d0ca9baa,1772726403344114176,0.1041,outdoor,0|1|2|3,Tile_3,126,-0.222746,-0.222746,0.800318,0,0.932658,0.222746,0.15303,0.00314726,92.7395
img_29d23f4728629b14cbc9d1c0,left,rig_950ebaef281cbcf80c72a826,1772726403844177920,0.1063,outdoor,2|3,Tile_3,127,-0.0833473,-0.0833473,0.920032,0,0.932658,0.0833473,0.0136312,0.0133891,110.548
img_29f0cdf6a31f8207e452d529,left,rig_e8f612a2355b17f8b3c2c37d,1772726450347032064,0.3167,outdoor,0|1|2|3,Tile_3,128,-0.368855,-0.368855,0.691525,0,0.932658,0.368855,0.299139,0.00132079,103.187
img_2a01d8380fb472ce1a05426b,left,rig_164ce30d30979d2920995f26,1772726454847305984,0.3371,outdoor,0|1|2|3,Tile_3,129,-0.135743,-0.135743,0.873067,0,0.932658,0.135743,0.0660265,0.00299632,120.353
img_2a2ffa54460f316927e5ffa5,left,rig_56363446e94c146075038316,1772726537852345856,0.7127,indoor,0|1|3,Tile_3,130,-0.672747,-0.672747,0.510305,0,0.932658,0.672747,0.60303,0.0145438,58.6361
img_2a571292a4944bb3c65b1e06,left,rig_7f2588eb25297d7f69e812fc,1772726449346968832,0.3122,outdoor,0|1|2|3,Tile_3,131,-0.236439,-0.236439,0.789434,0,0.932658,0.236439,0.166722,0.00447561,105.104
img_2ae3e0c408fdb6d83118f6ea,left,rig_2cdcb12b87524dcabf8ab53f,1772726396843731968,0.0747,outdoor,2|3,Tile_3,132,0.119515,0.119515,1.12695,0,0.932658,-0.119515,-0.189231,0.00378879,125.7
img_2b03f8db151c2afacd17aa26,left,rig_dbc687d199a2da7ebdb5dda7,1772726559853716736,0.8122,indoor,0|1|2|3,Tile_3,133,0.325104,0.325104,1.38417,0,0.932658,-0.325104,-0.39482,0.0189213,103.05
img_2b193a1fc7e61ea656b8c654,right,rig_54dd0aae97db62e2835f9262,1772726504850352896,0.5633,outdoor,0|3,Tile_3,134,-0.111966,-0.111966,0.894075,0,0.932658,0.111966,0.0422496,0.00849082,107.364
img_2b4f13c695909781ea9270a7,left,rig_93ddb5288f9d2dadb2d5c06c,1772726423345303040,0.1946,outdoor,0|1|3,Tile_3,135,-0.22005,-0.22005,0.802478,0,0.932658,0.22005,0.150334,0.0137815,106.389
img_2bd2f89c0ed9038a7ebb2598,right,rig_b956cd29b76bd80f8e2fcff3,1772726441846484992,0.2783,outdoor,0|1|2|3,Tile_3,136,-0.0731983,-0.0731983,0.929417,0,0.932658,0.0731983,0.00348207,0.00588697,119.286
img_2c358f7a9417c85d1593883a,right,rig_7f979503308dbb5497dc8184,1772726547852914944,0.7579,indoor,0|1|3,Tile_3,137,-0.446331,-0.446331,0.639972,0,0.932658,0.446331,0.376614,0.0351331,72.1047
img_2c48bbf509b38c8a6870501a,left,rig_e869791fa28178aa7bf19129,1772726582855049728,0.9163,indoor,0|3,Tile_3,138,-0.0826022,-0.0826022,0.920717,0,0.932658,0.0826022,0.012886,0.0632246,127.551
img_2cb25c84f93cba5efbbe84c5,right,rig_a9ee8dfa439c365279d61976,1772726405844225792,0.1154,outdoor,0|1|2|3,Tile_3,139,-0.0723984,-0.0723984,0.93016,0,0.932658,0.0723984,0.00268225,0.0151627,102.931
img_2d4e13c684e33e7f3276e86f,left,rig_98874fa67831ae4f824c36f3,1772726389343275008,0.0407,indoor,2|3,Tile_3,140,-0.0116541,-0.0116541,0.988414,0,0.932658,0.0116541,-0.0580621,0.000845309,121.647
img_2e52f81e7ee67150f3fdea5c,right,rig_1a8aa3d2d41fd3a907f5761d,1772726528851806976,0.6719,indoor,0|1|3,Tile_3,141,0.0403532,0.0403532,1.04118,0,0.932658,-0.0403532,-0.110069,0.0219101,102.409
img_2eb75f90a556b23139d0bb4a,right,rig_ed33bf04ed9e08f599df2b53,1772726561853813760,0.8213,indoor,2|3,Tile_3,142,0.0756546,0.0756546,1.07859,0,0.932658,-0.0756546,-0.145371,0.0160307,83.3062
img_2f10fcf8c5f46899fd84dae9,left,rig_c0ac69772678faceae0ef9a2,1772726506850470144,0.5724,covered,0|1|2|3,Tile_3,143,-0.0753201,-0.0753201,0.927447,0,0.932658,0.0753201,0.00560388,0.00547941,102.018
img_2f7b071dd4a79eebbbade4ce,left,rig_26e50c15137820a10f968d07,1772726447846873088,0.3054,outdoor,0|1|2|3,Tile_3,144,-0.302607,-0.302607,0.73889,0,0.932658,0.302607,0.23289,0.00561526,108.129
img_2f8a2aae4ed7883e440a4072,left,rig_44c5ab838227c5301b4ca274,1772726538352443904,0.7149,indoor,0|1|3,Tile_3,145,-0.503507,-0.503507,0.604407,0,0.932658,0.503507,0.433791,0.00996256,59.8755
img_2fa0e87e84861be1dfacfe33,left,rig_ce5f04bbbfd27e2ea68e131c,1772726445846744064,0.2964,outdoor,0|3,Tile_3,146,-0.167053,-0.167053,0.846155,0,0.932658,0.167053,0.097337,0.0115475,107.542
img_2fd11bed5dd89d8bb3df71b2,left,rig_eaeb2e1206c42c0409048a96,1772726414844801024,0.1561,outdoor,3,Tile_3,147,-0.143402,-0.143402,0.866405,0,0.932658,0.143402,0.0736861,0.0131778,114.364
img_2fe423406c20124d89e4eefe,right,rig_d5186ce78eff9fccefa2c9c4,1772726527851723008,0.6674,indoor,0|1|3,Tile_3,148,0.242155,0.242155,1.27399,0,0.932658,-0.242155,-0.311871,0.0175402,107.438
img_2fe71151d4c449e1d3233bb5,right,rig_7dd4daacf866047206cfc7cd,1772726587355255808,0.9367,outdoor,0|1|2|3,Tile_3,149,0.137397,0.137397,1.14728,0,0.932658,-0.137397,-0.207114,0.0341973,132.562
img_3043344b3e94c3b01cca615b,right,rig_6c81c8380411c3f8b5338f5b,1772726494849748736,0.5181,outdoor,0|1|2|3,Tile_3,150,-0.16895,-0.16895,0.844551,0,0.932658,0.16895,0.0992337,0.00744928,95.1854
img_304b50c95ed848aecc410e2d,left,rig_137f7ca11f3ce7fff3502d2f,1772726594855721984,0.9706,outdoor,0|1|2|3,Tile_3,151,0.0313724,0.0313724,1.03187,0,0.932658,-0.0313724,-0.101089,0.00219629,128.512
img_312d2eb9da835e3f76e2ca08,left,rig_f5d85a923d4d655269390443,1772726583855062016,0.9208,covered,0|3,Tile_3,152,-0.206577,-0.206577,0.813364,0,0.932658,0.206577,0.136861,0.00808326,107.362
img_313927f8276bed83888b9791,right,rig_7a24f47d6c5ebd963de0ca67,1772726380342686976,0,stationary_unresolved,0|1|2|3,Tile_3,153,0.0339467,0.0339467,1.03453,0,0.932658,-0.0339467,-0.103663,0.0108833,114.42
img_31da46dee68cbffb8b8d1ac3,left,rig_3498b35f4620e15e5dcbbbf8,1772726539352484096,0.7195,indoor,0|1|3,Tile_3,154,0.0156783,0.0156783,1.0158,0,0.932658,-0.0156783,-0.0853945,0.0194572,80.5262
img_31fb7f1b070f7fce4248960d,right,rig_e576df630958d6c8fa132821,1772726472848409856,0.4186,outdoor,0|1|2|3,Tile_3,155,-0.0784665,-0.0784665,0.924533,0,0.932658,0.0784665,0.0087503,0.012174,123.966
img_32de473ad787ca0a568e7a34,left,rig_5b8f8987e5c066d5adbfbd83,1772726507850516992,0.5769,covered,0|1|2|3,Tile_3,156,-0.520692,-0.520692,0.594109,0,0.932658,0.520692,0.450976,0.00745683,101.419
img_32e9de537a5b3fe60feaa235,left,rig_8c9df4cc0f7e042daa4d11b5,1772726462347738880,0.371,indoor,0|1|2|3,Tile_3,157,-0.137578,-0.137578,0.871467,0,0.932658,0.137578,0.0678615,0.0198723,96.3736
img_33375a69985ab3e518251da0,left,rig_8e3bbcc1620e7105fa423668,1772726534352162816,0.6968,indoor,1|2|3,Tile_3,158,-0.0528467,-0.0528467,0.948525,0,0.932658,0.0528467,-0.0168695,0.0244309,84.2677
img_336e1066e62f9bd81c7fb187,right,rig_388a49b5615936ae67d820be,1772726440846436864,0.2738,outdoor,0|1|2|3,Tile_3,159,-0.067426,-0.067426,0.934797,0,0.932658,0.067426,-0.00229022,0.00715493,124.733
img_3393210d231014661a40fa97,right,rig_46f240f13cd2c9799ddd288b,1772726466848016896,0.3914,indoor,0|1|2|3,Tile_3,160,0.00404241,0.00404241,1.00405,0,0.932658,-0.00404241,-0.0737586,0.00995502,114.94
img_34035c60c399851165cbcde7,right,rig_ab047c378b76552bf8f719ce,1772726563853946880,0.8303,indoor,3,Tile_3,161,0.0352277,0.0352277,1.03586,0,0.932658,-0.0352277,-0.104944,0.0214648,96.3099
img_340ae29e89772b35f8739137,right,rig_845d3f5e0068e3363d4d6e0b,1772726495849774848,0.5226,outdoor,0|1|3,Tile_3,162,-0.276619,-0.276619,0.758343,0,0.932658,0.276619,0.206903,0.00714739,94.699
img_349bb000c52f5a9444858a63,left,rig_3f5315056beccf8512b5d98a,1772726554353345792,0.7873,indoor,1|2|3,Tile_3,163,0.143705,0.143705,1.15454,0,0.932658,-0.143705,-0.213421,0.0120758,93.0114
img_357e0e61ad2c2c039b3d8981,left,rig_ed16943e003f7cce4fcbc055,1772726564853989888,0.8348,indoor,0|1|2|3,Tile_3,164,0.145099,0.145099,1.15615,0,0.932658,-0.145099,-0.214815,0.0162646,91.1751
img_36179b59758015708cbc0529,right,rig_c5283cd6ab5e0aa874eff166,1772726439346339840,0.267,outdoor,0|1|2|3,Tile_3,165,0.0559434,0.0559434,1.05754,0,0.932658,-0.0559434,-0.12566,0.00712474,128.763
img_3674d4aa9eeeccc919db54a9,right,rig_9838789f9a6a87aba15b73bf,1772726391843453952,0.052,outdoor,0|1|2|3,Tile_3,166,-0.153069,-0.153069,0.858071,0,0.932658,0.153069,0.0833525,0.010589,108.818
img_36cdbf68fcc766fb18c480a2,left,rig_bd64003ad2891939b621d468,1772726434846037760,0.2466,outdoor,0|3,Tile_3,167,-0.175999,-0.175999,0.838619,0,0.932658,0.175999,0.106283,0.017193,113.974
img_36d8bec5f2733d9cb65049e8,right,rig_b80565635f69091466b4cc32,1772726553353293056,0.7828,indoor,0|1|3,Tile_3,168,-0.636802,-0.636802,0.528981,0,0.932658,0.636802,0.567086,0.0260083,59.191
img_36e0205c98558c91ecf7584a,left,rig_7aef461595f805c89596172b,1772726407344336128,0.1222,outdoor,2|3,Tile_3,169,-0.067237,-0.067237,0.934974,0,0.932658,0.067237,-0.00247914,0.0218648,117.406
img_36e74cf7a944d9e1fac9aac6,right,rig_ed63431d19d218ecf3fca2b4,1772726508850566912,0.5814,covered,0|1|3,Tile_3,170,-0.67176,-0.67176,0.510809,0,0.932658,0.67176,0.602044,0.0134947,95.0205
img_371829f130cc2bfcee62b62f,left,rig_cfc18cfe48f786541e17e507,1772726431345901056,0.2308,outdoor,0|3,Tile_3,171,-0.284942,-0.284942,0.752058,0,0.932658,0.284942,0.215226,0.00356992,96.1272
img_37246760b5ed4ed5a5e1b554,left,rig_98411c0aa32b79a2d0ca9baa,1772726403344131072,0.1041,outdoor,2|3,Tile_3,172,-0.0783924,-0.0783924,0.924602,0,0.932658,0.0783924,0.00867622,0.0114569,108.58
img_373b64b7f7265a6208ff2cda,left,rig_28b837fa6430a71dc20de2a4,1772726409344460032,0.1312,outdoor,2|3,Tile_3,173,-0.132865,-0.132865,0.875584,0,0.932658,0.132865,0.0631483,0.0105588,106.72
img_37557d4033ab0e63b9269326,right,rig_b53ee284fd9a573a541d1d24,1772726561353721856,0.819,indoor,3,Tile_3,174,-0.0623213,-0.0623213,0.939581,0,0.932658,0.0623213,-0.00739487,0.0176005,82.917
img_37961c1c8cbf65e14d0ea61c,left,rig_ed3f68cd30c4e541e9180d4e,1772726523851490048,0.6493,indoor,2|3,Tile_3,175,-0.200784,-0.200784,0.818089,0,0.932658,0.200784,0.131068,0.00625679,85.0466
img_3856b29d30a5f8fae4c2ddaf,left,rig_10786c3b130262b1f7860d86,1772726523351459072,0.6471,outdoor,1|2|3,Tile_3,176,-0.170487,-0.170487,0.843254,0,0.932658,0.170487,0.100771,0.00540394,89.906
img_38f675d4e9377237a9fb5a56,left,rig_e103c590c09389ae0126d79e,1772726437346205952,0.2579,outdoor,0|3,Tile_3,177,-0.321695,-0.321695,0.724919,0,0.932658,0.321695,0.251979,0.0107852,105.924
img_38fa922ad61d7da7aa5839a9,left,rig_902609d5327928fded01e1b9,1772726463847832064,0.3778,indoor,0|1|3,Tile_3,178,-0.0685168,-0.0685168,0.933778,0,0.932658,0.0685168,-0.00119935,0.0228837,96.8337
img_3902505c4cb7ff45451f2bc1,right,rig_ecdcd5cf180b6355105f69dd,1772726487849280000,0.4864,covered,0|1|2|3,Tile_3,179,-0.300178,-0.300178,0.740686,0,0.932658,0.300178,0.230462,0.0123928,103.467
img_3991b4dd0731c1ce6d644839,left,rig_170506eedce2237ac07c901a,1772726572354415872,0.8688,indoor,0|1|3,Tile_3,180,0.0596787,0.0596787,1.0615,0,0.932658,-0.0596787,-0.129395,0.0184534,53.6183
img_39a06855544f8de8351e1656,right,rig_a33a8865eb8de38ea721d39e,1772726388343209984,0.0362,stationary_unresolved,0|1|2|3,Tile_3,181,0.0123947,0.0123947,1.01247,0,0.932658,-0.0123947,-0.0821109,0.0108154,114.465
img_39a2d47accaabf667edfaff8,left,rig_0d54a9615cbd3ca2a4fd9201,1772726468848158720,0.4005,indoor,0|3,Tile_3,182,-0.299296,-0.299296,0.74134,0,0.932658,0.299296,0.22958,0.0136231,100.431
img_39bde7ed1336ec78411af4c0,right,rig_17282dbd39188418a1f5eefc,1772726426845512960,0.2104,outdoor,0|1|2|3,Tile_3,183,-0.129066,-0.129066,0.878916,0,0.932658,0.129066,0.0593501,0.000400012,120.202
img_39d39b7da0de74e43e25c19f,right,rig_73fcc250282f0b61f460356a,1772726550353062912,0.7692,indoor,0|1|3,Tile_3,184,-0.568907,-0.568907,0.566144,0,0.932658,0.568907,0.49919,0.0286877,58.5427
img_3a1483836f813dc9ad7e4edb,right,rig_5c02d0174791430a31e970bf,1772726398343756800,0.0814,outdoor,0|1|2|3,Tile_3,185,-0.0361814,-0.0361814,0.964465,0,0.932658,0.0361814,-0.0335348,0.00444542,100.105
img_3a21b7ae860b72ed8804abcc,left,rig_d5ad6e81c3c552f2ccd6e469,1772726454347276032,0.3348,outdoor,0|1|2|3,Tile_3,186,0.0144859,0.0144859,1.01459,0,0.932658,-0.0144859,-0.0842021,0.00313217,121.986
img_3a2cd4cb27c6ae470c8a776f,right,rig_9bc444ecb573fb381ad46385,1772726556853451008,0.7986,indoor,0|3,Tile_3,187,0.142037,0.142037,1.15262,0,0.932658,-0.142037,-0.211753,0.0115324,95.8123
img_3a67c36eb4b7f4b5eacf371d,left,rig_b6c28fb60084e876cb1574da,1772726449847025920,0.3145,outdoor,0|1|2|3,Tile_3,188,-0.254578,-0.254578,0.775244,0,0.932658,0.254578,0.184861,0.00452089,106.036
img_3a6ce437da18165267558062,left,rig_7ad14362b8ac6b0657939ec6,1772726461847707904,0.3688,indoor,0|1|2|3,Tile_3,189,-0.127039,-0.127039,0.880699,0,0.932658,0.127039,0.0573226,0.0174571,96.8923
img_3a87ece1cbe89f05808cde41,right,rig_9c5420c2dc4237861155c34a,1772726568354127872,0.8507,indoor,1|2|3,Tile_3,190,0.291758,0.291758,1.33878,0,0.932658,-0.291758,-0.361474,0.00824931,100.905
img_3aa5f8a1a9bd140b901357b4,right,rig_214904616a70a88658d746f2,1772726510850697984,0.5905,covered,0|1|2|3,Tile_3,191,-0.164192,-0.164192,0.848579,0,0.932658,0.164192,0.0944761,0.0246875,93.7141
img_3aba23b72ba6c200262fd220,left,rig_99f5a520bc8d9a34771777a3,1772726417344962816,0.1674,outdoor,3,Tile_3,192,-0.157415,-0.157415,0.854349,0,0.932658,0.157415,0.0876987,0.0102947,116.205
img_3ac01cda397a4cc40e9e6616,right,rig_4913278e27738ee2d6dd6368,1772726589855403776,0.948,outdoor,0|3,Tile_3,193,-0.308759,-0.308759,0.734358,0,0.932658,0.308759,0.239043,0.0199478,111.007
img_3b6ed57064a70ad37a048c7b,right,rig_7fdb0caca6507a455ae7188f,1772726515850993920,0.6131,outdoor,0|1|2|3,Tile_3,194,-0.0633703,-0.0633703,0.938596,0,0.932658,0.0633703,-0.00634591,0.0225592,100.616
img_3b78593293b36ba29767fecd,left,rig_1e8b9b6d6e185fe3fe9e73b3,1772726529351892992,0.6742,indoor,1|2|3,Tile_3,195,-0.0796008,-0.0796008,0.923485,0,0.932658,0.0796008,0.00988465,0.00975879,67.2176
img_3bda781d868a9fac1d656701,right,rig_2eceaef844c68e4af5ba152c,1772726464347843840,0.3801,indoor,0|1|2|3,Tile_3,196,0.0510788,0.0510788,1.05241,0,0.932658,-0.0510788,-0.120795,0.00654359,100.334
img_3ca07cccfdd3e5371e570909,right,rig_30d4452a792173a2a3a04f83,1772726487349249792,0.4842,covered,0|1|3,Tile_3,197,-0.369278,-0.369278,0.691233,0,0.932658,0.369278,0.299562,0.012891,102.698
img_3caf02b05fda5adf6265db80,left,rig_8aab95e150e309add8a41d73,1772726443346633984,0.2851,outdoor,0|3,Tile_3,198,-0.259404,-0.259404,0.771512,0,0.932658,0.259404,0.189687,0.0141967,107.293
img_3ccd121aa7728f30746b1d1b,left,rig_5a5ac7fa4f5b9d2c2ddad340,1772726521351338752,0.638,outdoor,2|3,Tile_3,199,0.0719793,0.0719793,1.07463,0,0.932658,-0.0719793,-0.141695,0.00535865,109.541
img_3d1b5a29d5f1e5eadcddf16e,left,rig_4c0225da8a77199deca115fd,1772726566854088192,0.8439,indoor,0|1|2|3,Tile_3,200,0.054152,0.054152,1.05565,0,0.932658,-0.054152,-0.123868,0.0219856,90.4736
img_3dd943e1fbc94dc8c092af49,right,rig_b6c28fb60084e876cb1574da,1772726449847023872,0.3145,outdoor,0|1|2|3,Tile_3,201,-0.0505263,-0.0505263,0.950729,0,0.932658,0.0505263,-0.0191899,0.00549451,123.106
img_3e88d0dfb8ec76e7b1d751e2,left,rig_5c02d0174791430a31e970bf,1772726398343771904,0.0814,outdoor,2|3,Tile_3,202,-0.0785526,-0.0785526,0.924453,0,0.932658,0.0785526,0.00883641,0.00566055,120.582
img_3ecb1a5cb53e875c9a44c043,left,rig_6ac4fbfb6c11253d29172b3e,1772726578854810112,0.8982,indoor,0|1|3,Tile_3,203,0.0939489,0.0939489,1.0985,0,0.932658,-0.0939489,-0.163665,0.026914,105.873
img_3f3cab25aa79e21874774641,right,rig_14d04a77332d48a4e699008e,1772726531351935744,0.6833,indoor,0|1|3,Tile_3,204,-0.0149211,-0.0149211,0.98519,0,0.932658,0.0149211,-0.0547951,0.0203402,97.5769
img_3f546d37732238c9dca340d3,left,rig_1a8aa3d2d41fd3a907f5761d,1772726528851811840,0.6719,indoor,1|2|3,Tile_3,205,-0.18235,-0.18235,0.833309,0,0.932658,0.18235,0.112634,0.00979652,68.3576
img_3fa45fac1cc1abd6364f0bd3,right,rig_aa9ac4028b9a2a76f393fd18,1772726512350790144,0.5973,outdoor,0|1|2|3,Tile_3,206,-0.276607,-0.276607,0.758353,0,0.932658,0.276607,0.206891,0.0154344,78.5811
img_40839df87738117d53fe5712,left,rig_499c71c63328b454a4c529ad,1772726438846319872,0.2647,outdoor,0|3,Tile_3,207,-0.211087,-0.211087,0.809704,0,0.932658,0.211087,0.14137,0.0109135,106.435
img_411807728d76ab36722f4446,left,rig_daf5c6b3afeb96478e0b6632,1772726468348134912,0.3982,indoor,0|3,Tile_3,208,-0.102746,-0.102746,0.902357,0,0.932658,0.102746,0.0330293,0.0166948,102.45
img_4136eead8b3734fcaedcc071,left,rig_d1077f475644d1228245e736,1772726501350138880,0.5475,outdoor,1|2|3,Tile_3,209,0.0377223,0.0377223,1.03844,0,0.932658,-0.0377223,-0.107438,0.00190949,122.592
img_41472835d6d01c3b9eee86f3,left,rig_cae275c40aa549790e52fd20,1772726545352782848,0.7466,indoor,1|2|3,Tile_3,210,0.250431,0.250431,1.28458,0,0.932658,-0.250431,-0.320148,0.0152005,104.285
img_41a6f55bab15569819e335b6,left,rig_e585abc0baa8a604cac46954,1772726437846274816,0.2602,outdoor,0|3,Tile_3,211,-0.172727,-0.172727,0.841368,0,0.932658,0.172727,0.10301,0.00988709,105.878
img_41d795cffe8ac5958ba0e943,left,rig_1d90e98300a7062d9a2aaa55,1772726432345947136,0.2353,outdoor,0|3,Tile_3,212,-0.233676,-0.233676,0.791618,0,0.932658,0.233676,0.16396,0.00435485,99.8033
img_4208ccff31ff4f5807b3f287,right,rig_f37b6e125599ee8ce13ef928,1772726532352040960,0.6878,indoor,0|1|3,Tile_3,213,-0.191628,-0.191628,0.825614,0,0.932658,0.191628,0.121912,0.0206799,102.26
img_429e11f512c9ec7cca7d8eff,left,rig_b4d4cab763a4251789f68ec8,1772726434346017792,0.2443,outdoor,0|3,Tile_3,214,-0.179199,-0.179199,0.83594,0,0.932658,0.179199,0.109482,0.0150722,113.403
img_431341ddc18bf7bbfc873256,right,rig_7ad14362b8ac6b0657939ec6,1772726461847692032,0.3688,indoor,0|1|2|3,Tile_3,215,0.0717272,0.0717272,1.07436,0,0.932658,-0.0717272,-0.141443,0.00542658,102.736
img_43880861e0630f5d7ac7cc0d,right,rig_e601727fcbd717550873cb63,1772726407844350976,0.1244,outdoor,0|1|2|3,Tile_3,216,-0.0990957,-0.0990957,0.905656,0,0.932658,0.0990957,0.0293795,0.0143702,89.9215
img_440b6428527ae918168fe118,right,rig_b523206b5c02312cc70e1083,1772726558853574144,0.8077,indoor,3,Tile_3,217,0.0435207,0.0435207,1.04448,0,0.932658,-0.0435207,-0.113237,0.0229365,97.4945
img_441e03f73d0b76f84c505db3,left,rig_a22b187e8c911fae160eb070,1772726558353671936,0.8054,indoor,1|2|3,Tile_3,218,0.236996,0.236996,1.26744,0,0.932658,-0.236996,-0.306712,0.010355,101.005
img_443900e4c8ed5b29fb38d36a,left,rig_b53ee284fd9a573a541d1d24,1772726561353735936,0.819,indoor,0|1|2|3,Tile_3,219,0.310799,0.310799,1.36451,0,0.932658,-0.310799,-0.380515,0.0213969,100.789
img_44688fc19520c97f04987182,right,rig_b9fca3f358eac23d79418554,1772726381842702848,0.0068,stationary_unresolved,0|1|2|3,Tile_3,220,0.0648249,0.0648249,1.06697,0,0.932658,-0.0648249,-0.134541,0.010823,114.633
img_4482606b56ce83da57f0a986,left,rig_3a9d46edf8ddc75aac3a8541,1772726393343517184,0.0588,outdoor,1|2|3,Tile_3,221,0.066758,0.066758,1.06904,0,0.932658,-0.066758,-0.136474,0.00555488,120.477
img_44aa2004a4a7e90eb9ff462e,right,rig_26e50c15137820a10f968d07,1772726447846856960,0.3054,outdoor,0|1|2|3,Tile_3,222,-0.0491041,-0.0491041,0.952082,0,0.932658,0.0491041,-0.0206121,0.00390955,121.486
img_44fb2a201f01c452448f0215,left,rig_e615de20b17fa11c9c697b26,1772726573354430976,0.8733,indoor,0|1|3,Tile_3,223,-0.0856601,-0.0856601,0.917906,0,0.932658,0.0856601,0.0159439,0.012106,48.8975
img_451e741ae2b46e2f2b3dc3ea,left,rig_dc8eaf8fd3cf32cfbd3583e3,1772726492849637120,0.5091,outdoor,0|1|2|3,Tile_3,224,0.0285373,0.0285373,1.02895,0,0.932658,-0.0285373,-0.0982535,0.00427937,123.407
img_457eb49193ea77999deda763,right,rig_76ea8904683bf37063ee2987,1772726592355553792,0.9593,outdoor,0|2|3,Tile_3,225,-0.352256,-0.352256,0.7031,0,0.932658,0.352256,0.28254,0.0143023,106.874
img_45b060488b1c090ac0309083,left,rig_d207455f26029db6394d4973,1772726538852432896,0.7172,indoor,0|1|3,Tile_3,226,-0.223023,-0.223023,0.800097,0,0.932658,0.223023,0.153306,0.0137287,72.0756
img_4684934416f0dd355c57cc5e,left,rig_91e8f573f92fc625b8bc22c6,1772726446846834944,0.3009,outdoor,0|1|3,Tile_3,227,-0.214496,-0.214496,0.806948,0,0.932658,0.214496,0.14478,0.00931349,110.11
img_46a0d026a1d62e44f0b7636f,right,rig_beb86146e928504f312b06b7,1772726424345372928,0.1991,outdoor,0|1|2|3,Tile_3,228,-0.00990394,-0.00990394,0.990145,0,0.932658,0.00990394,-0.0598123,0.00163024,121.699
img_46f7e3520c57796e33d0dd24,left,rig_3c64bb05b7b5c9abf9f8ea57,1772726392843512064,0.0566,outdoor,1|2|3,Tile_3,229,-0.022427,-0.022427,0.977823,0,0.932658,0.022427,-0.0472892,0.0068153,120.794
img_46fb35a374a648bbf7d67b4a,right,rig_14ad50c8337caec754d4ed52,1772726450847046912,0.319,outdoor,0|1|2|3,Tile_3,230,0.0489986,0.0489986,1.05022,0,0.932658,-0.0489986,-0.118715,0.0118872,125.844
img_4747428218324686ba86d51f,right,rig_1ab5226f8da5570f953ba492,1772726593855644928,0.9661,outdoor,0|3,Tile_3,231,-0.307308,-0.307308,0.735424,0,0.932658,0.307308,0.237592,0.0237064,111.533
img_4767ec0db6e2111433779ace,left,rig_f8e970507b82986a3831673c,1772726393843571968,0.0611,outdoor,1|2|3,Tile_3,232,0.0470865,0.0470865,1.04821,0,0.932658,-0.0470865,-0.116803,0.00300386,121.467
img_4777fe5d9cdf240d46e60bea,left,rig_707e643a791bb47a4463b704,1772726569854270976,0.8575,indoor,0|1|2|3,Tile_3,233,0.0536768,0.0536768,1.05514,0,0.932658,-0.0536768,-0.123393,0.0267102,66.5035
img_485cd4c5ca8d267f58fcc97d,left,rig_185c950ddf4051317e0a520a,1772726570354260992,0.8597,indoor,0|1|2|3,Tile_3,234,0.155649,0.155649,1.16842,0,0.932658,-0.155649,-0.225366,0.0249819,61.5176
img_48e8112988b931da208a71d3,left,rig_c59f4da26a70f7176c76ee72,1772726469348190976,0.4027,indoor,0|3,Tile_3,235,-0.201436,-0.201436,0.817556,0,0.932658,0.201436,0.131719,0.0133438,99.8039
img_495d939ae647085d401c5718,right,rig_160ad198af150b5eea3e794e,1772726396343687936,0.0724,outdoor,0|1|2|3,Tile_3,236,-0.0632607,-0.0632607,0.938699,0,0.932658,0.0632607,-0.0064555,0.0119551,111.559
img_4a2a9f47a7d72128ad9d9b23,right,rig_954e3438a79223fdcc4271fc,1772726512850861056,0.5995,outdoor,0|1|2|3,Tile_3,237,-0.326941,-0.326941,0.721126,0,0.932658,0.326941,0.257225,0.00901159,75.1833
img_4a2e56357884866047e5d674,right,rig_47dce3c32d0c6bb0b1551710,1772726382342784768,0.009,stationary_unresolved,0|1|2|3,Tile_3,238,-0.0904288,-0.0904288,0.913539,0,0.932658,0.0904288,0.0207126,0.0108607,114.462
img_4a55ba7140adf532c2944b6d,right,rig_9614504d089c4bd4339bcbf8,1772726571854328832,0.8665,indoor,1|2|3,Tile_3,239,0.24257,0.24257,1.27452,0,0.932658,-0.24257,-0.312286,0.00997766,86.1974
img_4a58d805e5b8e03110fdfac7,right,rig_96ae58701ae6a7d9fbdeb55b,1772726516351023872,0.6154,outdoor,0|1|2|3,Tile_3,240,-0.208435,-0.208435,0.811854,0,0.932658,0.208435,0.138718,0.0215025,100.215
img_4a98c51fd068bcc6903eb8bd,right,rig_74a2fbfee61b66c0431611c4,1772726488349309952,0.4887,covered,0|1|2|3,Tile_3,241,-0.244138,-0.244138,0.78338,0,0.932658,0.244138,0.174422,0.014008,103.775
img_4af6cd6dac376ccdcc60db74,right,rig_1e3881120caef06297f0f25e,1772726478848744960,0.4457,outdoor,0|1|2|3,Tile_3,242,-0.0119528,-0.0119528,0.988118,0,0.932658,0.0119528,-0.0577634,0.00575112,118.551
img_4b22a1c9aabd064214d20b5a,left,rig_08045c9415b26b9156f0210b,1772726493349665792,0.5113,outdoor,0|1|2|3,Tile_3,243,0.0298296,0.0298296,1.03028,0,0.932658,-0.0298296,-0.0995458,0.00388691,123.154
img_4b5896706fe6c5ae2a2b3dee,right,rig_edffa4d6285651ca67b8af0e,1772726473848504064,0.4231,outdoor,0|1|2|3,Tile_3,244,0.144313,0.144313,1.15525,0,0.932658,-0.144313,-0.214029,0.0231705,129.104
img_4bdcc685ea71836c64354033,right,rig_0c0fa752260adc2d7d42204f,1772726386343086080,0.0271,stationary_unresolved,0|1|2|3,Tile_3,245,-0.0431362,-0.0431362,0.957781,0,0.932658,0.0431362,-0.02658,0.0108079,114.446
img_4beafc8e6c2ff2943ec8c75d,right,rig_35cbefd3d2f4b7df687cc3ec,1772726428345662976,0.2172,outdoor,0|1|2|3,Tile_3,246,-0.101696,-0.101696,0.903304,0,0.932658,0.101696,0.0319803,0.00298122,126.605
img_4bf0c01e63bf51cbb309ab52,right,rig_f21f6751ff670a2c323f314f,1772726555853392896,0.7941,indoor,0|3,Tile_3,247,0.0999735,0.0999735,1.10514,0,0.932658,-0.0999735,-0.16969,0.0109588,79.0989
img_4bfbec80c6152c3ca53f80df,right,rig_5f69d828774526ed0ca7afd8,1772726544352706048,0.7421,indoor,0|1|3,Tile_3,248,-0.0250754,-0.0250754,0.975236,0,0.932658,0.0250754,-0.0446408,0.0292009,80.8299
img_4c0792163a6966f5a8e1cf2f,right,rig_d87764c773928f6cedabc5b1,1772726591355494144,0.9548,outdoor,0|3,Tile_3,249,-0.292635,-0.292635,0.746294,0,0.932658,0.292635,0.222919,0.0151476,107.765
img_4c1515ea06c18f0b0a5b1619,left,rig_55fa4cc81889406467df0ec5,1772726439846391040,0.2692,outdoor,0|3,Tile_3,250,-0.344178,-0.344178,0.708803,0,0.932658,0.344178,0.274462,0.0106569,105.151
img_4c8368637cb715bc93aab9aa,left,rig_aa9ac4028b9a2a76f393fd18,1772726512350807040,0.5973,outdoor,0|1|2|3,Tile_3,251,-0.0104946,-0.0104946,0.98956,0,0.932658,0.0104946,-0.0592216,0.00530582,117.437
img_4c939a2934d534171cff834e,left,rig_9046f76f1478053c9ede3a0a,1772726395343644928,0.0679,outdoor,2|3,Tile_3,252,0.0161464,0.0161464,1.01628,0,0.932658,-0.0161464,-0.0858626,0.00344161,126.142
img_4c9783af531b33c68bea8192,right,rig_f328e8b1198e7beebbc58972,1772726493849678080,0.5136,outdoor,0|1|3,Tile_3,253,-0.445435,-0.445435,0.640546,0,0.932658,0.445435,0.375719,0.00590206,93.9225
img_4c9b79ac5540a2016119f618,right,rig_a6081c1007b9caf70b92b37c,1772726466347982848,0.3891,indoor,0|1|2|3,Tile_3,254,0.109534,0.109534,1.11576,0,0.932658,-0.109534,-0.17925,0.00843044,111.262
img_4cba75fecd5719f789a62848,left,rig_3e151bea98cdd64a08e262ab,1772726429845767936,0.224,outdoor,0|3,Tile_3,255,-0.254983,-0.254983,0.77493,0,0.932658,0.254983,0.185267,0.00873234,107.069
img_4cc3626700bd186e509ecde4,left,rig_659d09ba8e1aa4a543372606,1772726490349453824,0.4977,covered,0|1|2|3,Tile_3,256,-0.0205886,-0.0205886,0.979622,0,0.932658,0.0205886,-0.0491276,0.0030567,125.171
img_4ccf82bd2664b37fa8da5db0,right,rig_69b32be839e545787a8f86ad,1772726511850806016,0.595,outdoor,0|1|2|3,Tile_3,257,-0.327891,-0.327891,0.720441,0,0.932658,0.327891,0.258175,0.01831,81.9845
img_4ce1f1404af327ce8e242a2e,right,rig_2d8f0bdda1ba1facabf86573,1772726480848863744,0.4548,covered,0|1|2|3,Tile_3,258,-0.0942906,-0.0942906,0.910018,0,0.932658,0.0942906,0.0245744,0.0132532,118.737
img_4d472e322a81763c2fd0b666,right,rig_b9e77c1689a5f6e9a74cc126,1772726599355980032,0.991,stationary_unresolved,0|1|2|3,Tile_3,259,-0.187229,-0.187229,0.829254,0,0.932658,0.187229,0.117513,0.0094267,103.056
img_4db96f69333eb99d762ebc31,left,rig_490a36809620a920c1761945,1772726420345177856,0.181,outdoor,0|3,Tile_3,260,-0.150338,-0.150338,0.860417,0,0.932658,0.150338,0.0806216,0.00804553,108.401
img_4dc8f84b30561037eb7ae084,right,rig_0ec87fa7eec60a30376bb767,1772726394843634944,0.0656,outdoor,0|1|2|3,Tile_3,261,-0.0646631,-0.0646631,0.937383,0,0.932658,0.0646631,-0.00505311,0.0076757,107.589
img_4de2b810d4947fd02c7d9da0,left,rig_f2fd1bd083c3e3340c9155b2,1772726458347508992,0.3529,indoor,0|1|2|3,Tile_3,262,-0.11022,-0.11022,0.895637,0,0.932658,0.11022,0.0405034,0.00440768,104.467
img_4e3bab9abc88385e6174502c,left,rig_5ee177202cb8d68c8541b2a5,1772726395843675904,0.0701,outdoor,2|3,Tile_3,263,0.0547888,0.0547888,1.05632,0,0.932658,-0.0547888,-0.124505,0.00338123,125.391
img_4e3d57a9706d9cb78afd5c41,right,rig_fcb5e5bc6e447db8fc1d90a4,1772726387843228928,0.0339,stationary_unresolved,0|1|2|3,Tile_3,264,0.0419512,0.0419512,1.04284,0,0.932658,-0.0419512,-0.111667,0.0107928,114.335
img_4e6189ace79de6dc79f9225f,left,rig_3d14390fb7f803b2f50b1ae3,1772726416344895744,0.1629,outdoor,3,Tile_3,265,-0.123839,-0.123839,0.883522,0,0.932658,0.123839,0.0541232,0.0104984,115.981
img_4e61dfa73359cbec43694b5d,left,rig_b7463a427ef7798624fd8d32,1772726549853085952,0.767,indoor,0|1|2|3,Tile_3,266,0.174864,0.174864,1.19108,0,0.932658,-0.174864,-0.24458,0.010823,92.8992
img_4e8573cfcd31389b1a28d8e3,right,rig_ae4998da7d29fe3cf72badee,1772726477348664064,0.4389,outdoor,0|1|2|3,Tile_3,267,-0.176905,-0.176905,0.837859,0,0.932658,0.176905,0.107189,0.00824176,116.9
img_4f5b2c7c217540835929062d,left,rig_244a3146cf6923f6963a3a04,1772726419845134080,0.1787,outdoor,0|3,Tile_3,268,-0.142751,-0.142751,0.86697,0,0.932658,0.142751,0.0730347,0.00788703,109.464
img_4f76dde4fe751d7ed49ed11b,left,rig_313632335919463682d800b2,1772726491349520896,0.5023,covered,0|1|2|3,Tile_3,269,-0.0913029,-0.0913029,0.912741,0,0.932658,0.0913029,0.0215868,0.00422654,124.139
img_4fab7bc3a27f5b81c484839c,right,rig_5b86fc4cc527019cc1bbe3e0,1772726597355855872,0.9819,outdoor,3,Tile_3,270,-0.229855,-0.229855,0.794649,0,0.932658,0.229855,0.160139,0.0149137,102.335
img_4fc4ba78911aae895973bd93,left,rig_3a5432d0e841f5018f0426c3,1772726548853036800,0.7624,indoor,1|2|3,Tile_3,271,0.177425,0.177425,1.19414,0,0.932658,-0.177425,-0.247141,0.0117287,90.8197
img_4fcd6a3db493c1c587d8b3a9,right,rig_0361f91ef4389a6eb93d4af1,1772726433345968128,0.2398,outdoor,0|1|2|3,Tile_3,272,0.0425286,0.0425286,1.04345,0,0.932658,-0.0425286,-0.112245,0.00497374,130.012
img_50788709c27115356ae913b1,left,rig_6296a401173f311ed04d9c2f,1772726550853106944,0.7715,indoor,0|1|2|3,Tile_3,273,0.260249,0.260249,1.29725,0,0.932658,-0.260249,-0.329966,0.0100984,92.3958
img_50b23cb80cabf1841bac6f5c,right,rig_e7b87302ddd5eea841767532,1772726568854157056,0.8529,indoor,1|2|3,Tile_3,274,0.402019,0.402019,1.49484,0,0.932658,-0.402019,-0.471735,0.0104607,100.666
img_50b466a226a3e1103ba42d6f,right,rig_4d16d7410b532f5a8e99b5f1,1772726384342926080,0.0181,stationary_unresolved,0|1|2|3,Tile_3,275,-0.0209897,-0.0209897,0.979229,0,0.932658,0.0209897,-0.0487264,0.0108305,114.594
img_5140482a9cf7118888ff9760,right,rig_4325fccd73567f9f5074f0e8,1772726546852904960,0.7534,indoor,0|1|3,Tile_3,276,-0.465253,-0.465253,0.627976,0,0.932658,0.465253,0.395537,0.0251328,70.5544
img_51866d14b07dd3ca601a1cde,left,rig_9f4872e9303c818831e70a82,1772726581354907904,0.9095,indoor,0|3,Tile_3,277,-0.0166403,-0.0166403,0.983497,0,0.932658,0.0166403,-0.0530759,0.0350199,115.383
img_524aae58b9d36d472cff225d,left,rig_3b41916b103981a8eccd4f43,1772726574854533888,0.8801,indoor,0|1|3,Tile_3,278,0.238235,0.238235,1.26901,0,0.932658,-0.238235,-0.307951,0.0235026,90.1122
img_528ff619306a8c9703bb57a9,left,rig_32f3e003a2a8f07e44263418,1772726388843257856,0.0385,indoor,2|3,Tile_3,279,-0.02787,-0.02787,0.972515,0,0.932658,0.02787,-0.0418461,0.00109437,123.16
img_52dc06d656b73eee0de4398d,right,rig_164ce30d30979d2920995f26,1772726454847290112,0.3371,outdoor,3,Tile_3,280,-0.29256,-0.29256,0.746351,0,0.932658,0.29256,0.222844,0.014891,101.065
img_5375dc7ac212760e86ea04e4,left,rig_694808f82a99f58369491ead,1772726554853384960,0.7896,indoor,1|2|3,Tile_3,281,0.217493,0.217493,1.24296,0,0.932658,-0.217493,-0.28721,0.0130947,95.3338
img_53ce9f841d68099d3fc67dcc,left,rig_92fa282269d33e02e9d45cfe,1772726419345099008,0.1765,outdoor,0|3,Tile_3,282,-0.119396,-0.119396,0.887456,0,0.932658,0.119396,0.04968,0.00805307,110.842
img_53e20a3aa805e1f7b110ddf9,right,rig_a79b081ba3a99dbcf8a0dd11,1772726408844413952,0.129,outdoor,0|1|2|3,Tile_3,283,-0.0493567,-0.0493567,0.951842,0,0.932658,0.0493567,-0.0203595,0.0180609,91.6588
img_53f96406e0c9d22b6885bb47,right,rig_fec2268a8a2fbc4f8156eda1,1772726442346515968,0.2805,outdoor,0|1|2|3,Tile_3,284,-0.111527,-0.111527,0.894467,0,0.932658,0.111527,0.041811,0.00596999,118.59
img_540db3645c82d34acccf1fbb,left,rig_000e7028c2e231119a9064fc,1772726516851070976,0.6176,outdoor,2|3,Tile_3,285,-0.0314476,-0.0314476,0.969042,0,0.932658,0.0314476,-0.0382686,0.00454353,96.41
img_5411aa9b437446a0c0642a33,left,rig_62b603365e4950b385b6def3,1772726571354317056,0.8643,indoor,0|1|2|3,Tile_3,286,0.174179,0.174179,1.19027,0,0.932658,-0.174179,-0.243896,0.0214044,57.8186
img_552ccaef249d70922a2b9ae7,right,rig_7e0029c18aafeeabec73c08f,1772726399843804928,0.0882,outdoor,0|1|2|3,Tile_3,287,-0.0973062,-0.0973062,0.907278,0,0.932658,0.0973062,0.02759,0.0142495,99.598
img_5550c6ee126a8a927e97dac2,right,rig_490a36809620a920c1761945,1772726420345161984,0.181,outdoor,0|1|2|3,Tile_3,288,0.0505212,0.0505212,1.05182,0,0.932658,-0.0505212,-0.120237,0.00154722,121.681
img_5563e8df2be4dc830dc08c92,right,rig_3001c1810024c616a028c6a1,1772726385343024896,0.0226,stationary_unresolved,0|1|2|3,Tile_3,289,0.0904714,0.0904714,1.09469,0,0.932658,-0.0904714,-0.160188,0.0108079,114.573
img_5574682a334b8acf3720ae26,left,rig_26aae248f7fb7669b2f80ebc,1772726494349710080,0.5158,outdoor,0|1|2|3,Tile_3,290,0.0675556,0.0675556,1.06989,0,0.932658,-0.0675556,-0.137272,0.00346426,122.628
img_55c5e08398906fce5cdae7a1,right,rig_f78e34acd123753db7989244,1772726525851599104,0.6584,indoor,0|1|3,Tile_3,291,-0.0961497,-0.0961497,0.908328,0,0.932658,0.0961497,0.0264335,0.0121211,79.8669
img_56187043b1e7cbb8149b6379,left,rig_ab047c378b76552bf8f719ce,1772726563853952000,0.8303,indoor,0|1|2|3,Tile_3,292,0.255218,0.255218,1.29074,0,0.932658,-0.255218,-0.324934,0.0159099,90.3293
img_56534ab6df13e69183a60733,right,rig_f0cfe3c8f1ed9a3fa4387de4,1772726500850092800,0.5452,outdoor,0|1|3,Tile_3,293,-0.0895469,-0.0895469,0.914345,0,0.932658,0.0895469,0.0198307,0.0102041,104.138
img_57251049682317c7fee99ae1,left,rig_14d04a77332d48a4e699008e,1772726531351951872,0.6833,indoor,1|2|3,Tile_3,294,0.140282,0.140282,1.1506,0,0.932658,-0.140282,-0.209998,0.019193,76.9145
img_572c8b231f54c3e8ed7f76c5,right,rig_ed3f68cd30c4e541e9180d4e,1772726523851472896,0.6493,indoor,0|1|3,Tile_3,295,-0.741821,-0.693147,0.5,1,0.932658,0.693147,0.623431,0.00406805,78.8373
img_5748713b2a9018e0c4489afb,left,rig_89edac79d760e3d41c63a4ac,1772726535352226048,0.7014,indoor,0|1|2|3,Tile_3,296,-0.302564,-0.302564,0.738921,0,0.932658,0.302564,0.232848,0.019261,76.0296
img_575d0f2b73c72c0a37d1fdaf,right,rig_9d95aa2abfb26fc1498a5395,1772726447346824960,0.3032,outdoor,0|1|2|3,Tile_3,297,-0.0900589,-0.0900589,0.913877,0,0.932658,0.0900589,0.0203427,0.00386427,121.655
img_575f482e53a2e9d903317aeb,right,rig_fb0e1762cbaab1415ccede67,1772726435846081024,0.2511,outdoor,0|1|2|3,Tile_3,298,0.0477561,0.0477561,1.04891,0,0.932658,-0.0477561,-0.117472,0.00585678,130.1
img_57c2604724963389dad6b8fc,left,rig_b657874324625bd3f19ad991,1772726390843351808,0.0475,outdoor,1|2|3,Tile_3,299,0.0627664,0.0627664,1.06478,0,0.932658,-0.0627664,-0.132483,0.00208308,116.897
img_58caed980ab70c4132efecfd,right,rig_083bc66ce28c3ad6214b88c3,1772726519351250944,0.629,outdoor,0|1|2|3,Tile_3,300,0.0834492,0.0834492,1.08703,0,0.932658,-0.0834492,-0.153165,0.0500317,115.709
img_58f765e4917dce185f3d11f7,right,rig_895fd355c8ced5417ce3ab2a,1772726473348428032,0.4208,outdoor,0|1|2|3,Tile_3,301,0.065326,0.065326,1.06751,0,0.932658,-0.065326,-0.135042,0.0153891,125.633
img_592f2c020773fd3d0eba846b,right,rig_28b837fa6430a71dc20de2a4,1772726409344444928,0.1312,outdoor,0|1|2|3,Tile_3,302,-0.204805,-0.204805,0.814807,0,0.932658,0.204805,0.135088,0.00520016,83.9288
img_59524914ac06cf1a2d6e317a,right,rig_a4484fe11e03722462ec74f3,1772726406844327936,0.1199,outdoor,0|1|2|3,Tile_3,303,0.0759458,0.0759458,1.0789,0,0.932658,-0.0759458,-0.145662,0.0244687,101.618
img_595254c320c27cdb74e35158,right,rig_0ecd86b20f310e2fb0b20192,1772726533852087040,0.6946,indoor,0|1|3,Tile_3,304,-0.113737,-0.113737,0.892493,0,0.932658,0.113737,0.0440207,0.0223403,100.522
img_59c328a30ed6112505cd2268,left,rig_8bde27053478a07cd47f4415,1772726399343816960,0.086,outdoor,2|3,Tile_3,305,0.048921,0.048921,1.05014,0,0.932658,-0.048921,-0.118637,0.0084229,118.965
img_5a69ae6aa259126ae595c8c1,right,rig_1ae5de5a59bb2cd0d482e564,1772726530851907072,0.681,indoor,0|1|3,Tile_3,306,-0.078173,-0.078173,0.924804,0,0.932658,0.078173,0.00845676,0.0238649,97.9427
img_5b7430adf431b687f1129ef4,left,rig_edcce550aec0ad3c1825731d,1772726417844996864,0.1697,outdoor,3,Tile_3,307,-0.163454,-0.163454,0.849206,0,0.932658,0.163454,0.0937378,0.00889083,115.375
img_5b91b0038b79183f5c7235e8,right,rig_ed250a4472d03f10bfc2170d,1772726429345707776,0.2217,outdoor,0|1|2|3,Tile_3,308,0.00312755,0.00312755,1.00313,0,0.932658,-0.00312755,-0.0728437,0.00316236,125.58
img_5bdabac3f28d924130023096,right,rig_3a5432d0e841f5018f0426c3,1772726548853032960,0.7624,indoor,0|1|3,Tile_3,309,-0.290088,-0.290088,0.748198,0,0.932658,0.290088,0.220372,0.042522,73.461
img_5bf2570751fa5012e024eb20,right,rig_b1b4744543888aaed04abc31,1772726406344256768,0.1176,outdoor,0|1|2|3,Tile_3,310,0.130361,0.130361,1.13924,0,0.932658,-0.130361,-0.200077,0.0368313,109.661
img_5cb86470777358c38d50242e,right,rig_a9078c41c0a096c560d438f1,1772726462847753984,0.3733,indoor,0|1|2|3,Tile_3,311,0.00166037,0.00166037,1.00166,0,0.932658,-0.00166037,-0.0713766,0.00766816,102.19
img_5cf9d1382308cfa305655804,left,rig_e3b31d945474d7df98786cf7,1772726400843904000,0.0928,outdoor,2|3,Tile_3,312,0.108421,0.108421,1.11452,0,0.932658,-0.108421,-0.178137,0.0137514,117.854
img_5d36f96d95329bc275b1e854,right,rig_a2de1d976e32bcdbbac82c3b,1772726440346407936,0.2715,outdoor,0|1|2|3,Tile_3,313,0.0178102,0.0178102,1.01797,0,0.932658,-0.0178102,-0.0875264,0.00715493,127.044
img_5e316fa8cb258a2918d30eed,left,rig_3968ced941aff232b9a4cb9c,1772726511350748160,0.5928,covered,0|1|2|3,Tile_3,314,-0.146363,-0.146363,0.863844,0,0.932658,0.146363,0.0766466,0.00505676,115.259
img_5e80513ffc34b6196a43e365,right,rig_55d2fa68d70e2680e935a845,1772726427845582848,0.2149,outdoor,0|1|2|3,Tile_3,315,0.0244135,0.0244135,1.02471,0,0.932658,-0.0244135,-0.0941297,0.00172835,123.439
img_5e8f6477648ca5ac8d8ba881,right,rig_92fa282269d33e02e9d45cfe,1772726419345082880,0.1765,outdoor,0|1|2|3,Tile_3,316,-0.0137675,-0.0137675,0.986327,0,0.932658,0.0137675,-0.0559487,0.00400012,124.638
img_5ef19597a38170b745e3d0e8,right,rig_284fb60ef0905080016bbb13,1772726588855346944,0.9434,outdoor,0|1|3,Tile_3,317,-0.116353,-0.116353,0.890161,0,0.932658,0.116353,0.0466371,0.0349218,123.384
img_5f0968e8c59bf8c0f031ebb5,right,rig_8aaaec889bb180ad08da0231,1772726498349988096,0.5339,outdoor,0|1|3,Tile_3,318,-0.214769,-0.214769,0.806727,0,0.932658,0.214769,0.145053,0.00934368,101.943
img_5f5029f3630b2fb09e6d6efa,right,rig_44024581676052797570e8d0,1772726384842983936,0.0204,stationary_unresolved,0|1|2|3,Tile_3,319,0.0428773,0.0428773,1.04381,0,0.932658,-0.0428773,-0.112593,0.010823,114.598
img_5f72e3f2d8823789d5a9d3d9,right,rig_26aae248f7fb7669b2f80ebc,1772726494349693184,0.5158,outdoor,0|1|3,Tile_3,320,-0.320581,-0.320581,0.725727,0,0.932658,0.320581,0.250865,0.00810591,95.1615
img_5f8884d4e0886ce2c7c3329d,right,rig_ffc55ff4cebb277e5037350b,1772726382842777856,0.0113,stationary_unresolved,0|1|2|3,Tile_3,321,0.00976071,0.00976071,1.00981,0,0.932658,-0.00976071,-0.0794769,0.0108079,114.545
img_5feae9f76544f90eda804478,left,rig_a3034e10afdfd13c3bb3b127,1772726401343939072,0.095,outdoor,2|3,Tile_3,322,0.0325703,0.0325703,1.03311,0,0.932658,-0.0325703,-0.102286,0.0190496,121.024
img_6016a762546377de75ffa928,right,rig_5374f8e6cc4cc91413bc936f,1772726531852012800,0.6855,indoor,0|1|3,Tile_3,323,0.0743001,0.0743001,1.07713,0,0.932658,-0.0743001,-0.144016,0.0203327,100.725
img_601de3b87602df931f31758c,right,rig_dc8eaf8fd3cf32cfbd3583e3,1772726492849620992,0.5091,outdoor,0|1|3,Tile_3,324,-0.292149,-0.292149,0.746657,0,0.932658,0.292149,0.222433,0.00775118,94.2738
img_602aaa7e37f9400e20d3d20c,left,rig_fb0e1762cbaab1415ccede67,1772726435846096896,0.2511,outdoor,0|3,Tile_3,325,-0.186958,-0.186958,0.829478,0,0.932658,0.186958,0.117242,0.00876253,106.798
img_6140eac6fa52c2bec7a4cf37,right,rig_7efa8cac190f48b14d87776f,1772726480348834048,0.4525,covered,0|1|2|3,Tile_3,326,-0.0372429,-0.0372429,0.963442,0,0.932658,0.0372429,-0.0324733,0.0124381,119.081
img_615171763cd60793081fb097,right,rig_bbcd876b02050dbe22e039ec,1772726508350533120,0.5792,covered,0|1|3,Tile_3,327,-0.733434,-0.693147,0.5,1,0.932658,0.693147,0.623431,0.0078191,87.6611
img_6173ff107b2e5193068fdc8c,left,rig_ecdcd5cf180b6355105f69dd,1772726487849295872,0.4864,covered,0|1|2|3,Tile_3,328,-0.115705,-0.115705,0.890738,0,0.932658,0.115705,0.0459891,0.00280008,125.062
img_61807e09bce534e140ff3497,right,rig_bfc013a648d9cb272acc2072,1772726565854044928,0.8394,indoor,1|2|3,Tile_3,329,0.0316552,0.0316552,1.03216,0,0.932658,-0.0316552,-0.101371,0.00933613,89.342
img_61f4cc2148cac254e5f04ce6,right,rig_8f689c5c301741cf23abc7c9,1772726460847625984,0.3643,covered,0|1|2|3,Tile_3,330,-0.0926681,-0.0926681,0.911496,0,0.932658,0.0926681,0.0229519,0.00440013,104.474
img_622228827b821ea7fad563a5,right,rig_7964ba6473e309db290c0c7f,1772726436846160896,0.2557,outdoor,0|1|2|3,Tile_3,331,-0.0359208,-0.0359208,0.964717,0,0.932658,0.0359208,-0.0337954,0.0059549,130.575
img_62bb470e8f17d63e54df8e2e,right,rig_d0fcdd798e9daefb6d44e850,1772726584855147008,0.9253,outdoor,0|1|2|3,Tile_3,332,-0.000516513,-0.000516513,0.999484,0,0.932658,0.000516513,-0.0691997,0.0110041,122.217
img_62ded7e2c0eb75337746a1b4,right,rig_ee943dd6b5dc0ea6f147e99c,1772726509350600960,0.5837,covered,0|1|3,Tile_3,333,-0.00653643,-0.00653643,0.993485,0,0.932658,0.00653643,-0.0631798,0.0412012,114
img_63edf459d2337c0842d81e38,right,rig_953c741586a8c1e2764492f2,1772726596855826944,0.9796,outdoor,3,Tile_3,334,-0.261542,-0.261542,0.769864,0,0.932658,0.261542,0.191826,0.0112758,100.728
img_6400739caa04d0ac69c41527,right,rig_5916fbf9e5b59aa4a15d6852,1772726548352942848,0.7602,indoor,0|1|3,Tile_3,335,-0.329296,-0.329296,0.71943,0,0.932658,0.329296,0.25958,0.036703,72.7789
img_643bc25ba5ac556419308dce,left,rig_51dfbc6b06cba9f68f051556,1772726381342716928,0.0045,stationary_unresolved,2|3,Tile_3,336,-0.0551055,-0.0551055,0.946385,0,0.932658,0.0551055,-0.0146107,0.0013057,125.097
img_643ec58d9d0fb7661aa212c4,right,rig_06f4639d8949a3bf0dfcbab3,1772726505850379008,0.5679,covered,0|3,Tile_3,337,-0.199462,-0.199462,0.819172,0,0.932658,0.199462,0.129745,0.00720776,102.33
img_649f98a511547e2d01b94687,right,rig_32b1a8068abd4ccfe24bead8,1772726461347658752,0.3665,indoor,0|1|2|3,Tile_3,338,-0.0601208,-0.0601208,0.941651,0,0.932658,0.0601208,-0.00959537,0.00510204,101.748
img_64fe4e65c3736b0d7b32fecb,right,rig_c6cff1a0bc4601c184ce5765,1772726526851661056,0.6629,indoor,0|1|3,Tile_3,339,0.180881,0.180881,1.19827,0,0.932658,-0.180881,-0.250598,0.0112758,93.0547
img_654114daebb73a29c72bdb27,left,rig_11bbd48412450b6da32f86e5,1772726433846001920,0.2421,outdoor,0|3,Tile_3,340,-0.177681,-0.177681,0.83721,0,0.932658,0.177681,0.107965,0.0126343,112.205
img_654224d56a5a5fc52b21d876,left,rig_ba5318699c629cc66af87c63,1772726593355632128,0.9638,outdoor,0|1|2|3,Tile_3,341,0.0318334,0.0318334,1.03235,0,0.932658,-0.0318334,-0.10155,0.00262649,129.826
img_6546170e68807f8e8a52ad34,left,rig_214904616a70a88658d746f2,1772726510850713856,0.5905,covered,0|1|2|3,Tile_3,342,-0.0103607,-0.0103607,0.989693,0,0.932658,0.0103607,-0.0593555,0.00545677,114.273
img_65f505414e53514b40c87f66,right,rig_b288ec74ca1539f772649716,1772726404344176128,0.1086,outdoor,0|1|2|3,Tile_3,343,-0.0330614,-0.0330614,0.967479,0,0.932658,0.0330614,-0.0366548,0.00744928,101.971
img_662459e85d0d8812f926ab99,left,rig_61551f3cbc92909dad638c73,1772726459847571968,0.3597,covered,0|1|2|3,Tile_3,344,-0.0130731,-0.0130731,0.987012,0,0.932658,0.0130731,-0.0566431,0.0120306,98.9783
img_669111f98083cce643c39165,right,rig_3df5a96cc5f425ee41796945,1772726572854388992,0.871,indoor,0|1|2|3,Tile_3,345,0.170062,0.170062,1.18538,0,0.932658,-0.170062,-0.239779,0.0079625,79.444
img_6740b2dd81f92ad3ddabaecd,right,rig_f617e13b0b17a308839b24e9,1772726495349742848,0.5204,outdoor,0|1|3,Tile_3,346,-0.311278,-0.311278,0.73251,0,0.932658,0.311278,0.241562,0.00461146,92.4198
img_6775eeb93e9fdc907d461bdf,left,rig_efef53661a0378ed55e2807f,1772726577854702080,0.8937,indoor,0|1|3,Tile_3,347,-0.152348,-0.152348,0.858689,0,0.932658,0.152348,0.0826318,0.0531186,88.9832
img_67cb9bc06ca9a801a5b68e06,left,rig_0361f91ef4389a6eb93d4af1,1772726433345984000,0.2398,outdoor,0|3,Tile_3,348,-0.0814461,-0.0814461,0.921782,0,0.932658,0.0814461,0.0117299,0.0106041,111.39
img_6819a75fda93260e77669bee,right,rig_f2fd1bd083c3e3340c9155b2,1772726458347492864,0.3529,indoor,0|1|2|3,Tile_3,349,-0.158405,-0.158405,0.853504,0,0.932658,0.158405,0.0886884,0.0218497,107.266
img_68d3eb363c2845459f47e8d5,left,rig_a9f7d98bdef46fd501af8b17,1772726520351279872,0.6335,outdoor,2|3,Tile_3,350,-0.0524821,-0.0524821,0.948871,0,0.932658,0.0524821,-0.0172341,0.00639265,110.61
img_68f31368a376525690e48608,right,rig_e3b31d945474d7df98786cf7,1772726400843888896,0.0928,outdoor,0|1|2|3,Tile_3,351,-0.146799,-0.146799,0.863468,0,0.932658,0.146799,0.0770826,0.00763797,93.3378
img_692d5bbdcde19c70d8b4d819,right,rig_30e098cecdf3e677d028b972,1772726497849912832,0.5317,outdoor,0|1|3,Tile_3,352,-0.141981,-0.141981,0.867638,0,0.932658,0.141981,0.0722643,0.0106041,101.035
img_69419e5adbf182700c58bb12,right,rig_99601681f6fb3541aef8004d,1772726441346459904,0.276,outdoor,0|1|2|3,Tile_3,353,-0.00680437,-0.00680437,0.993219,0,0.932658,0.00680437,-0.0629118,0.00587188,121.202
img_6945a13d80ea37856cdb03cf,right,rig_e103c590c09389ae0126d79e,1772726437346190848,0.2579,outdoor,0|1|2|3,Tile_3,354,-0.0684538,-0.0684538,0.933837,0,0.932658,0.0684538,-0.00126234,0.00619641,129.895
img_6957fc6391e712cf9f28468c,left,rig_8a95544bd414a0336597cf60,1772726489349388800,0.4932,covered,0|1|2|3,Tile_3,355,-0.136457,-0.136457,0.872443,0,0.932658,0.136457,0.0667413,0.00287556,126.312
img_69e4bef02a10ed141acc261e,left,rig_3643b57e556caa0d5a540338,1772726459347589888,0.3575,indoor,0|1|2|3,Tile_3,356,-0.13556,-0.13556,0.873227,0,0.932658,0.13556,0.065844,0.0114192,101.079
img_6a2408035c3724c55335982f,left,rig_d6963ee8dba6eb0fb6f95ff1,1772726465347929088,0.3846,indoor,0|1|2|3,Tile_3,357,-0.000856231,-0.000856231,0.999144,0,0.932658,0.000856231,-0.06886,0.0227931,97.7776
img_6b1b0c8108862b9717715345,left,rig_160ad198af150b5eea3e794e,1772726396343704832,0.0724,outdoor,2|3,Tile_3,358,-0.0661171,-0.0661171,0.936021,0,0.932658,0.0661171,-0.00359906,0.00380389,126.278
img_6ca3ccb0981185a28e1f93dc,left,rig_b956cd29b76bd80f8e2fcff3,1772726441846500864,0.2783,outdoor,0|1|2|3,Tile_3,359,-0.204325,-0.204325,0.815198,0,0.932658,0.204325,0.134609,0.00630962,96.9978
img_6cda7e312f7350eff34e978b,left,rig_c59a84b4ba6e661aaff146e3,1772726467348067072,0.3937,indoor,0|3,Tile_3,360,-0.128277,-0.128277,0.87961,0,0.932658,0.128277,0.0585608,0.0301594,104.581
img_6d2459e72635c43c38ab9b72,left,rig_dad6414d3a0780b4bd18caeb,1772726553853328896,0.7851,indoor,1|2|3,Tile_3,361,0.262908,0.262908,1.30071,0,0.932658,-0.262908,-0.332625,0.0110041,92.1698
img_6d97759db67f18d871487e44,left,rig_3a1c49b0b99f45f0ffa75938,1772726579854817792,0.9027,indoor,0|1|3,Tile_3,362,0.0608358,0.0608358,1.06272,0,0.932658,-0.0608358,-0.130552,0.0239253,111.652
img_6dc396b50fafbf1b48918d54,right,rig_4fdb0f6024349585e6749f6c,1772726503850262784,0.5588,outdoor,0|3,Tile_3,363,-0.0557403,-0.0557403,0.945785,0,0.932658,0.0557403,-0.0139759,0.00926066,108.057
img_6e169def21ca3501e9621c38,left,rig_63b1b61f95c59794d3396860,1772726427345562880,0.2127,outdoor,0|3,Tile_3,364,-0.238272,-0.238272,0.787988,0,0.932658,0.238272,0.168556,0.00860403,108.633
img_6ed6c4d41155b1fef7584c54,right,rig_67a9228c1efdcd385969f983,1772726408344381952,0.1267,outdoor,0|1|2|3,Tile_3,365,-0.0690117,-0.0690117,0.933316,0,0.932658,0.0690117,-0.000704475,0.0144533,89.6649
img_6edd04890eae67b7aad63fbe,right,rig_60e8f730ae92a2e612df4c7c,1772726463347784960,0.3756,indoor,0|1|2|3,Tile_3,366,0.135516,0.135516,1.14513,0,0.932658,-0.135516,-0.205232,0.0076757,101.511
img_6f0133802dcbba5715db2a6b,right,rig_99f5a520bc8d9a34771777a3,1772726417344945920,0.1674,outdoor,0|1|2|3,Tile_3,367,0.0379608,0.0379608,1.03869,0,0.932658,-0.0379608,-0.107677,0.00640774,126.264
img_6f41a78957ac84401e77ac83,left,rig_6a5d942215c501958c71318c,1772726418845064960,0.1742,outdoor,0|3,Tile_3,368,-0.138366,-0.138366,0.87078,0,0.932658,0.138366,0.0686499,0.00833233,112.209
img_6f4375e52569cc403f7728ef,left,rig_47dce3c32d0c6bb0b1551710,1772726382342788096,0.009,stationary_unresolved,2|3,Tile_3,369,0.0339284,0.0339284,1.03451,0,0.932658,-0.0339284,-0.103645,0.00123023,125.113
img_6f75eacf9361a6cb5df4799d,left,rig_eab71990738eceee3836f663,1772726580354848000,0.905,indoor,0|3,Tile_3,370,-0.112846,-0.112846,0.893288,0,0.932658,0.112846,0.0431296,0.0243932,113.249
img_6f8a41645307886414fdb6d8,left,rig_bbcd876b02050dbe22e039ec,1772726508350550016,0.5792,covered,0|1|2|3,Tile_3,371,-0.576102,-0.576102,0.562085,0,0.932658,0.576102,0.506386,0.00990973,107.441
img_6fa669b10fbb724dc3362a0d,left,rig_f635cb8661e815fa59f70fee,1772726414344770816,0.1538,outdoor,3,Tile_3,372,-0.248871,-0.248871,0.779681,0,0.932658,0.248871,0.179155,0.0163929,116.405
img_70695d79bf115291f89af020,left,rig_69b32be839e545787a8f86ad,1772726511850808832,0.595,outdoor,0|1|2|3,Tile_3,373,-0.0895227,-0.0895227,0.914368,0,0.932658,0.0895227,0.0198065,0.00508695,116.392
img_7075633227ed0e239cb80bdf,right,rig_75972693af0c6674030fbff4,1772726482849029120,0.4638,covered,0|1|2|3,Tile_3,374,-0.00260768,-0.00260768,0.997396,0,0.932658,0.00260768,-0.0671085,0.0252611,122.456
img_714f4ac0cedca8648afe46e2,right,rig_ce5f04bbbfd27e2ea68e131c,1772726445846728960,0.2964,outdoor,0|1|2|3,Tile_3,375,0.0593564,0.0593564,1.06115,0,0.932658,-0.0593564,-0.129073,0.00381144,124.42
img_71a7ea5f418376a993b7afdc,right,rig_6c1ad393c23fd7273a74566c,1772726569354188032,0.8552,indoor,1|2|3,Tile_3,376,0.330336,0.330336,1.39144,0,0.932658,-0.330336,-0.400052,0.0144155,102.232
img_729de0fdc89bc5da6f822671,right,rig_cfc18cfe48f786541e17e507,1772726431345884928,0.2308,outdoor,0|1|2|3,Tile_3,377,-0.0731746,-0.0731746,0.929439,0,0.932658,0.0731746,0.0034584,0.00422654,124.68
img_72d329aaeffd9ca5bb751d0f,right,rig_8685b41aac1770a226eb43f6,1772726402844056832,0.1018,outdoor,0|1|2|3,Tile_3,378,0.0526952,0.0526952,1.05411,0,0.932658,-0.0526952,-0.122411,0.0171628,106.119
img_72da77466142f9222ca9b432,right,rig_88881f0687d041c6f2099021,1772726562353859072,0.8235,indoor,1|2|3,Tile_3,379,0.0988321,0.0988321,1.10388,0,0.932658,-0.0988321,-0.168548,0.0118721,87.4965
img_730764b3a74203f26ba4ada6,left,rig_35081e0547a7cfcbca79dbba,1772726448846936832,0.31,outdoor,0|1|2|3,Tile_3,380,-0.189997,-0.189997,0.826962,0,0.932658,0.189997,0.12028,0.00577376,107.706
img_730e104f8bd0470783b519ad,left,rig_cf95d26e75342ba62534d752,1772726443846624768,0.2873,outdoor,0|3,Tile_3,381,-0.305201,-0.305201,0.736975,0,0.932658,0.305201,0.235485,0.0120758,108.454
img_732560e3ddae6ed22512b874,right,rig_1b77278a024b36d79631b868,1772726409844475136,0.1335,outdoor,0|1|2|3,Tile_3,382,-0.209846,-0.209846,0.810709,0,0.932658,0.209846,0.14013,0.00378125,80.3425
img_738d35da53c08f4a598d2f51,left,rig_a14eac5361ec93600b1d4f72,1772726592855638016,0.9615,outdoor,0|1|2|3,Tile_3,383,0.00642648,0.00642648,1.00645,0,0.932658,-0.00642648,-0.0761427,0.00311708,130.26
img_73f4d80d0df342e9c22fd43b,right,rig_6f63cb3e6f1715db3efb3145,1772726552853213952,0.7805,indoor,0|1|3,Tile_3,384,-0.593726,-0.593726,0.552266,0,0.932658,0.593726,0.52401,0.0283027,61.0942
img_745b8376779d3a40a84872e7,left,rig_fd5029fa6244f23a7f271048,1772726575354549760,0.8824,indoor,0|1|3,Tile_3,385,0.14436,0.14436,1.1553,0,0.932658,-0.14436,-0.214077,0.040605,103.977
img_74943b1f05f275dfa3e64b53,right,rig_a651d290576dfa06dcd5066f,1772726513350844928,0.6018,outdoor,0|1|2|3,Tile_3,386,-0.123279,-0.123279,0.884017,0,0.932658,0.123279,0.053563,0.0164005,88.8605
img_74b928466746e82240803e26,right,rig_bb59c628595f4627352f9cf5,1772726542852616192,0.7353,indoor,0|1|3,Tile_3,387,-0.0181799,-0.0181799,0.981984,0,0.932658,0.0181799,-0.0515363,0.0232082,74.0917
img_74cdbe608be852f5a3b0f9fe,left,rig_a2de1d976e32bcdbbac82c3b,1772726440346422784,0.2715,outdoor,0|3,Tile_3,388,-0.276489,-0.276489,0.758442,0,0.932658,0.276489,0.206772,0.0112154,104.852
img_74efacc1aeb4fe0934adf511,left,rig_4bfe51f308b316471a58f4d3,1772726576854685952,0.8891,indoor,0|1|3,Tile_3,389,-0.199593,-0.199593,0.819064,0,0.932658,0.199593,0.129877,0.0648774,90.7818
img_750ed64f5a06937cd1e4fa08,left,rig_b288ec74ca1539f772649716,1772726404344192000,0.1086,outdoor,2|3,Tile_3,390,0.0143936,0.0143936,1.0145,0,0.932658,-0.0143936,-0.0841098,0.0153137,112.172
img_753e568dd0cb0b359ee23e57,left,rig_f5dd1d7af2daf6378e3249b4,1772726423845337856,0.1968,outdoor,0|1|2|3,Tile_3,391,-0.265912,-0.265912,0.766507,0,0.932658,0.265912,0.196196,0.0142646,106.452
img_754e03fcb0ec2dfff08a5e4f,right,rig_d3ec7439c84909d45dd66af3,1772726496849842176,0.5271,outdoor,0|1|3,Tile_3,392,-0.352388,-0.352388,0.703007,0,0.932658,0.352388,0.282672,0.00786439,95.9011
img_7553fbc5b6a2ed11c46f6679,right,rig_c5a8656612f8451157b2314f,1772726557853574144,0.8032,indoor,0|3,Tile_3,393,0.179428,0.179428,1.19653,0,0.932658,-0.179428,-0.249144,0.0245592,104.651
img_756290dd6ae53ced57388fae,left,rig_f328e8b1198e7beebbc58972,1772726493849693184,0.5136,outdoor,0|1|2|3,Tile_3,394,0.029262,0.029262,1.02969,0,0.932658,-0.029262,-0.0989782,0.00307934,122.404
img_764fe29b4e1960f79bb29e3d,right,rig_3d9d76b364297e6d0323be2b,1772726394343603968,0.0633,outdoor,0|1|2|3,Tile_3,395,-0.142951,-0.142951,0.866796,0,0.932658,0.142951,0.0732349,0.0122872,110.136
img_767138f6ff85ce73dc611a99,left,rig_10999e61705fcb5317bcce18,1772726507350515968,0.5747,covered,0|1|2|3,Tile_3,396,-0.314032,-0.314032,0.730495,0,0.932658,0.314032,0.244316,0.00623415,99.2435
img_769f7332c72ccca1e08d266b,left,rig_675eeb0cbecc3b94dff85183,1772726567354110976,0.8462,indoor,0|1|2|3,Tile_3,397,0.262415,0.262415,1.30007,0,0.932658,-0.262415,-0.332131,0.0255102,89.8376
img_76feac06669caa33d9d03c46,left,rig_497c4abbdddec44fc1e5c68e,1772726410844553984,0.138,outdoor,2|3,Tile_3,398,-0.0761777,-0.0761777,0.926652,0,0.932658,0.0761777,0.00646148,0.0236611,117.417
img_77098503d4402a0360da6d34,right,rig_9fc13daa2646d960710abb93,1772726472348363776,0.4163,covered,0|1|2|3,Tile_3,399,0.0269645,0.0269645,1.02733,0,0.932658,-0.0269645,-0.0966807,0.00720776,119.562
img_77219089d0772978b6821983,left,rig_30e098cecdf3e677d028b972,1772726497849928960,0.5317,outdoor,0|1|2|3,Tile_3,400,-0.00421141,-0.00421141,0.995797,0,0.932658,0.00421141,-0.0655048,0.0016076,121.202
img_7755967d0102f125faed8b27,right,rig_ff90e80b9b81ea3540b051b3,1772726591855524096,0.957,outdoor,0|3,Tile_3,401,-0.313393,-0.313393,0.730962,0,0.932658,0.313393,0.243677,0.0155325,107.575
img_77ed34b0126642eb21004da8,right,rig_cadcf89307b35ca8d6de3827,1772726390343308032,0.0452,outdoor,0|1|2|3,Tile_3,402,-0.0499707,-0.0499707,0.951257,0,0.932658,0.0499707,-0.0197455,0.0152986,109.766
img_780059d915b011a5bd08b6b7,right,rig_7ee093cfd4a4a20579ebc37a,1772726513850872064,0.6041,outdoor,0|1|2|3,Tile_3,403,-0.204219,-0.204219,0.815284,0,0.932658,0.204219,0.134502,0.0185138,95.4782
img_783c40ea973d77f89e68bd01,right,rig_18ad96609b9bcb22a55e0903,1772726566354014976,0.8416,indoor,1|2|3,Tile_3,404,0.244325,0.244325,1.27676,0,0.932658,-0.244325,-0.314041,0.00705682,93.5534
img_789243cb60bd90423c2cc36f,right,rig_6a5d942215c501958c71318c,1772726418845048832,0.1742,outdoor,0|1|2|3,Tile_3,405,0.00798444,0.00798444,1.00802,0,0.932658,-0.00798444,-0.0777006,0.00523789,125.702
img_78a3f1935a07eebf17609099,right,rig_5bc34c2fed18618a32e97745,1772726448346888960,0.3077,outdoor,0|1|2|3,Tile_3,406,0.0567823,0.0567823,1.05843,0,0.932658,-0.0567823,-0.126498,0.00427937,121.402
img_790005ba0043de4a43aaf92c,left,rig_2eceaef844c68e4af5ba152c,1772726464347859968,0.3801,indoor,0|1|3,Tile_3,407,-0.129355,-0.129355,0.878662,0,0.932658,0.129355,0.0596387,0.0242951,98.2322
img_79a5da34e66aa18a2c24eaef,left,rig_91b93595f9dd2b17759817f5,1772726471348343808,0.4118,covered,0|3,Tile_3,408,-0.23276,-0.23276,0.792344,0,0.932658,0.23276,0.163044,0.00854365,109.554
img_7a23a6f62591d19f1c74cf07,left,rig_09c06411065d337169b08361,1772726380842704896,0.0023,stationary_unresolved,2|3,Tile_3,409,0.0577561,0.0577561,1.05946,0,0.932658,-0.0577561,-0.127472,0.0012906,125.074
img_7a41592105a1e385ea290380,right,rig_497c4abbdddec44fc1e5c68e,1772726410844537856,0.138,outdoor,0|1|2|3,Tile_3,410,0.080967,0.080967,1.08434,0,0.932658,-0.080967,-0.150683,0.0345973,105.857
img_7bb3380ce80f1bc1d599c623,right,rig_5db1eaca76128be874ae3761,1772726492349608960,0.5068,covered,0|1|3,Tile_3,411,-0.195995,-0.195995,0.822016,0,0.932658,0.195995,0.126279,0.00818893,96.4446
img_7bd154c88477cf14f3e327e8,right,rig_cae275c40aa549790e52fd20,1772726545352769024,0.7466,indoor,0|1|3,Tile_3,412,-0.225382,-0.225382,0.798212,0,0.932658,0.225382,0.155665,0.0261517,73.1514
img_7bd4d14dab635bb5b3357c9a,left,rig_35cbefd3d2f4b7df687cc3ec,1772726428345666048,0.2172,outdoor,0|3,Tile_3,413,-0.261422,-0.261422,0.769956,0,0.932658,0.261422,0.191705,0.00913235,108.792
img_7c0a4bbe04e2a982312985e3,left,rig_8306253f54ee66d50c913fec,1772726520851337984,0.6357,outdoor,2|3,Tile_3,414,-0.0581268,-0.0581268,0.94353,0,0.932658,0.0581268,-0.0115894,0.00548696,110.089
img_7c194d874150e53dc7911d70,right,rig_57c2ba4c8eedc151ab23a032,1772726509850633984,0.586,covered,0|1|2|3,Tile_3,415,-0.00983736,-0.00983736,0.990211,0,0.932658,0.00983736,-0.0598788,0.0414352,108.036
img_7c4bd9a8b55c8f86fa134466,right,rig_8e3bbcc1620e7105fa423668,1772726534352160000,0.6968,indoor,0|1|2|3,Tile_3,416,-0.195529,-0.195529,0.8224,0,0.932658,0.195529,0.125813,0.0233818,98.7528
img_7cbdf15076430dd9350f81b8,right,rig_0ef9dbc241cdbcffd9ef8830,1772726387343147008,0.0317,stationary_unresolved,0|1|2|3,Tile_3,417,0.0359474,0.0359474,1.0366,0,0.932658,-0.0359474,-0.105664,0.0108154,114.421
img_7cbe47c2fcf912025e6a1750,right,rig_e615de20b17fa11c9c697b26,1772726573354415872,0.8733,indoor,0|1|2|3,Tile_3,418,0.0505529,0.0505529,1.05185,0,0.932658,-0.0505529,-0.120269,0.00793231,75.539
img_7ce21959ed0341af67a18655,right,rig_a8b7714d368911bee760906e,1772726552353229056,0.7783,indoor,0|1|3,Tile_3,419,-0.581878,-0.581878,0.558848,0,0.932658,0.581878,0.512162,0.0294499,62.0208
img_7ce79754f20b04e0897c295c,left,rig_0c0fa752260adc2d7d42204f,1772726386343101952,0.0271,stationary_unresolved,2|3,Tile_3,420,0.0671146,0.0671146,1.06942,0,0.932658,-0.0671146,-0.136831,0.00135098,125.187
img_7cff19823ca3910b18ba5ea2,left,rig_b9fca3f358eac23d79418554,1772726381842718720,0.0068,stationary_unresolved,2|3,Tile_3,421,0.0616393,0.0616393,1.06358,0,0.932658,-0.0616393,-0.131355,0.00121513,125.116
img_7d06dbe48c57eacee34b64be,left,rig_e601727fcbd717550873cb63,1772726407844367104,0.1244,outdoor,2|3,Tile_3,422,0.0534787,0.0534787,1.05493,0,0.932658,-0.0534787,-0.123195,0.0214573,115.975
img_7d2a5bc3e40f82f3d13b4a0d,right,rig_522ee9fc76480605b197e81b,1772726590855462912,0.9525,outdoor,0|3,Tile_3,423,-0.321339,-0.321339,0.725178,0,0.932658,0.321339,0.251622,0.0177288,109.79
img_7d6f42b0bce05fe141244829,right,rig_8895a9a6f5acbf57a1c1a144,1772726442846546944,0.2828,outdoor,0|1|2|3,Tile_3,424,-0.0355609,-0.0355609,0.965064,0,0.932658,0.0355609,-0.0341553,0.00599263,119.071
img_7db20f6aebe0e3a515e10bd7,right,rig_4dbcf0b4219e7ac87e58c966,1772726556353435904,0.7964,indoor,0|3,Tile_3,425,0.19241,0.19241,1.21217,0,0.932658,-0.19241,-0.262126,0.00972105,88.6212
img_7e1c9e745aed152b1e706429,right,rig_f8e970507b82986a3831673c,1772726393843569920,0.0611,outdoor,0|1|2|3,Tile_3,426,-0.102971,-0.102971,0.902153,0,0.932658,0.102971,0.0332548,0.0140533,110.545
img_7e5fa33d0d13a5a9e8727f84,right,rig_73278438c5987edce280624d,1772726405344205824,0.1131,outdoor,0|1|2|3,Tile_3,427,-0.0619725,-0.0619725,0.939909,0,0.932658,0.0619725,-0.0077437,0.0223403,109.697
img_7eb69cbcb3cfc4f6f4283b99,right,rig_f50ee5341312269e69fe7892,1772726542352633088,0.733,indoor,0|1|2|3,Tile_3,428,0.0953447,0.0953447,1.10004,0,0.932658,-0.0953447,-0.165061,0.0212308,72.5188
img_7fc70193a1c9db1d85cc998e,left,rig_a4484fe11e03722462ec74f3,1772726406844329984,0.1199,outdoor,2|3,Tile_3,429,0.0647542,0.0647542,1.0669,0,0.932658,-0.0647542,-0.13447,0.0247932,118.823
img_8025ffd18b089ef27d299a02,right,rig_3b08745339cf8d14f6aec219,1772726430845890048,0.2285,outdoor,0|1|2|3,Tile_3,430,-0.107416,-0.107416,0.898152,0,0.932658,0.107416,0.0376994,0.00403031,124.378
img_8090a41117eb65d08a63dfb6,left,rig_a6081c1007b9caf70b92b37c,1772726466347998976,0.3891,indoor,0|1|2|3,Tile_3,431,-0.0183139,-0.0183139,0.981853,0,0.932658,0.0183139,-0.0514023,0.0257442,98.6824
img_80940ca2f4c06ff631233746,right,rig_06b48d05e685561591643b16,1772726386843112960,0.0294,stationary_unresolved,0|1|2|3,Tile_3,432,-0.0662296,-0.0662296,0.935916,0,0.932658,0.0662296,-0.00348662,0.0107777,114.542
img_809b1e32b82c29585751f38a,left,rig_17ce22fa282acba5bd402357,1772726546352840960,0.7511,indoor,1|2|3,Tile_3,433,0.203183,0.203183,1.2253,0,0.932658,-0.203183,-0.2729,0.0130117,101.19
img_80df250f9970d79b3541dfbf,right,rig_69c73ab5587f94c045ee516e,1772726533352098816,0.6923,indoor,0|1|3,Tile_3,434,0.0491584,0.0491584,1.05039,0,0.932658,-0.0491584,-0.118875,0.0189742,101.583
img_8123b95a19d4d38c968b46a6,right,rig_ef5c8187f0bb37e1cf8995b4,1772726475348558848,0.4299,outdoor,0|1|2|3,Tile_3,435,0.0150803,0.0150803,1.01519,0,0.932658,-0.0150803,-0.0847965,0.0227856,118.653
img_8176d36ae3b7dfeb51721892,left,rig_45254873f743668026e05080,1772726400343864064,0.0905,outdoor,2|3,Tile_3,436,0.00150102,0.00150102,1.0015,0,0.932658,-0.00150102,-0.0712172,0.0116004,116.565
img_838c23e27b7d0914a3d56cc1,left,rig_f617e13b0b17a308839b24e9,1772726495349758976,0.5204,outdoor,0|1|2|3,Tile_3,437,-0.0711681,-0.0711681,0.931305,0,0.932658,0.0711681,0.00145188,0.00301896,122.991
img_8445df47b782669dc1b90367,right,rig_683015a639244cc715d9d250,1772726464847874816,0.3824,indoor,0|1|2|3,Tile_3,438,0.198229,0.198229,1.21924,0,0.932658,-0.198229,-0.267945,0.00652095,103.843
img_8448119d6dd039f747f28fad,right,rig_51dfbc6b06cba9f68f051556,1772726381342714112,0.0045,stationary_unresolved,0|1|2|3,Tile_3,439,-0.00967306,-0.00967306,0.990374,0,0.932658,0.00967306,-0.0600431,0.0109286,114.658
img_844c2dcd66a9f0b1ea61b610,left,rig_4632608bd59f3269d67c0a56,1772726578354730752,0.8959,indoor,0|1|3,Tile_3,440,0.0159868,0.0159868,1.01612,0,0.932658,-0.0159868,-0.085703,0.0340539,92.2773
img_84697fc9c6f4c5bed7b7f5e7,left,rig_7f979503308dbb5497dc8184,1772726547852930048,0.7579,indoor,1|2|3,Tile_3,441,0.175823,0.175823,1.19223,0,0.932658,-0.175823,-0.24554,0.0112079,91.4072
img_84806c3a7a1913d739ff8f11,left,rig_a7eccdb605b1978cb585d069,1772726430345857792,0.2262,outdoor,0|3,Tile_3,442,-0.199408,-0.199408,0.819216,0,0.932658,0.199408,0.129692,0.00787194,106.565
img_84c4dd47f20c39c3503715c4,left,rig_b80565635f69091466b4cc32,1772726553353296128,0.7828,indoor,1|2|3,Tile_3,443,0.26735,0.26735,1.3065,0,0.932658,-0.26735,-0.337066,0.0105437,92.5985
img_84dc5ebb65e295c784cd23a8,left,rig_9d95aa2abfb26fc1498a5395,1772726447346840832,0.3032,outdoor,0|1|3,Tile_3,444,-0.251105,-0.251105,0.77794,0,0.932658,0.251105,0.181389,0.0075323,109.022
img_8502bdf4dc3ab8de3bafafb0,left,rig_388a49b5615936ae67d820be,1772726440846451968,0.2738,outdoor,0|3,Tile_3,445,-0.30486,-0.30486,0.737227,0,0.932658,0.30486,0.235144,0.0115928,104.424
img_854fa679dccac7d7e0b62e14,left,rig_3d9e538c8670b6985619e201,1772726498850016000,0.5362,outdoor,0|1|2|3,Tile_3,446,-0.127953,-0.127953,0.879895,0,0.932658,0.127953,0.0582366,0.000935877,120.234
img_85721e8fec7e71b7c7f73a5a,left,rig_b5687b0cb5abac30ed7f48ac,1772726426345499904,0.2081,outdoor,0|1|3,Tile_3,447,-0.258754,-0.258754,0.772013,0,0.932658,0.258754,0.189038,0.0101965,106.407
img_859c9298a97165b8bde29d70,left,rig_d5b118e7a9fc9447562f0248,1772726444846680832,0.2919,outdoor,0|3,Tile_3,448,-0.296194,-0.296194,0.743643,0,0.932658,0.296194,0.226478,0.0117664,107.466
img_85e78662bf093fa213534df1,right,rig_a576337316816313a8efe5fa,1772726597855890944,0.9842,outdoor,0|1|2|3,Tile_3,449,-0.308971,-0.308971,0.734202,0,0.932658,0.308971,0.239255,0.00999275,100.727
img_864756b6e6d7af01e546481e,right,rig_0c8aaeaf8cc9714a437895cb,1772726391343368960,0.0498,outdoor,0|1|2|3,Tile_3,450,-0.0770264,-0.0770264,0.925865,0,0.932658,0.0770264,0.00731018,0.0152533,112.606
img_864f94111ef95cfcf74e9828,right,rig_fdc0fa397462e41f7b7a979b,1772726421345256960,0.1855,outdoor,0|1|2|3,Tile_3,451,0.0340523,0.0340523,1.03464,0,0.932658,-0.0340523,-0.103768,0.00092833,119.598
img_86575fe5a65f1c1856691512,right,rig_325fa81b9d3269e8ec77d8ed,1772726588355316992,0.9412,outdoor,0|1|2|3,Tile_3,452,-0.00555676,-0.00555676,0.994459,0,0.932658,0.00555676,-0.0641594,0.0449221,132.067
img_865c420d4a9421a95d80a555,left,rig_0579fcb345a3734afc890594,1772726415344832000,0.1584,outdoor,3,Tile_3,453,-0.150744,-0.150744,0.860068,0,0.932658,0.150744,0.0810277,0.0120456,113.768
img_873f8a46b4f56524c493f90f,left,rig_62d2ba632bb86ef1b9ad4845,1772726497349894144,0.5294,outdoor,0|1|2|3,Tile_3,454,-0.167801,-0.167801,0.845522,0,0.932658,0.167801,0.0980844,0.00195478,121.76
img_876be3733d92d1284bc4e71c,left,rig_e3cad702ba9b2b03fd0f82ec,1772726471848347904,0.414,covered,0|3,Tile_3,455,-0.268691,-0.268691,0.764379,0,0.932658,0.268691,0.198975,0.0087097,109.475
img_87edfad3f6901cbaccb73eb1,right,rig_4b1ec4e3e45bd3dd1eeed80c,1772726477848688896,0.4412,outdoor,0|1|2|3,Tile_3,456,-0.0512112,-0.0512112,0.950078,0,0.932658,0.0512112,-0.018505,0.00491336,117.84
img_88226fd046cc5356cc68c8ec,right,rig_efcd62d71c5d28e141da5cb3,1772726398843760896,0.0837,outdoor,0|1|2|3,Tile_3,457,0.0730849,0.0730849,1.07582,0,0.932658,-0.0730849,-0.142801,0.0180156,106.671
img_88f56dd83ab43bbefa88be99,left,rig_7b7a57d6184106ae9aedf6f9,1772726499850046976,0.5407,outdoor,0|1|2|3,Tile_3,458,-0.110974,-0.110974,0.894962,0,0.932658,0.110974,0.0412574,0.00123023,121.846
img_8901278318a66954269e0d13,right,rig_d0d3489bce13de8504e92186,1772726503350235904,0.5566,outdoor,0|3,Tile_3,459,-0.111676,-0.111676,0.894334,0,0.932658,0.111676,0.04196,0.0113966,104.368
img_8901b6f736c41a065c80f94a,left,rig_17282dbd39188418a1f5eefc,1772726426845527808,0.2104,outdoor,0|3,Tile_3,460,-0.182331,-0.182331,0.833326,0,0.932658,0.182331,0.112615,0.00887574,108.005
img_8962d14dfb4d12b9b2cf4058,left,rig_15351bdd38b5f8052a7c981c,1772726526351647744,0.6606,indoor,2|3,Tile_3,461,-0.116916,-0.116916,0.88966,0,0.932658,0.116916,0.0472001,0.00684549,74.588
img_89a641da0fa44949a2822d47,right,rig_f5dd1d7af2daf6378e3249b4,1772726423845319936,0.1968,outdoor,0|1|2|3,Tile_3,462,-0.0850381,-0.0850381,0.918477,0,0.932658,0.0850381,0.0153219,0.00153967,121.483
img_8a5782154627496067ab070d,right,rig_77f65590b82898143d4b614f,1772726415844847872,0.1606,outdoor,0|1|2|3,Tile_3,463,-0.0739056,-0.0739056,0.928759,0,0.932658,0.0739056,0.00418939,0.00483033,119.455
img_8a836ae7085e580269664f4b,right,rig_44a497d2cddd76ad8dc46b77,1772726586355254016,0.9321,outdoor,0|1|2|3,Tile_3,464,0.138906,0.138906,1.14902,0,0.932658,-0.138906,-0.208622,0.0127249,127.34
img_8b86a5f7e66ce5098ea7120a,right,rig_313632335919463682d800b2,1772726491349501952,0.5023,covered,0|1|2|3,Tile_3,465,-0.385028,-0.385028,0.680432,0,0.932658,0.385028,0.315311,0.00863422,99.1285
img_8c2af5819c98a4c49838403d,right,rig_392adee9b1d023baeac738a4,1772726519851233024,0.6312,outdoor,0|1|2|3,Tile_3,466,0.0298671,0.0298671,1.03032,0,0.932658,-0.0298671,-0.0995833,0.0283103,101.843
img_8c80111aab308428694788f4,right,rig_1cb9c5d4c879116ef855a1a5,1772726401843961088,0.0973,outdoor,0|1|2|3,Tile_3,467,-0.101208,-0.101208,0.903745,0,0.932658,0.101208,0.0314922,0.01871,103.789
img_8cb5b725b7b6ad962fac04a5,right,rig_38381b3fc18c826f13eeff77,1772726432846006784,0.2376,outdoor,0|1|2|3,Tile_3,468,0.0421266,0.0421266,1.04303,0,0.932658,-0.0421266,-0.111843,0.00473977,128.468
img_8d2055f12af7808e4abb1128,left,rig_3df5a96cc5f425ee41796945,1772726572854402048,0.871,indoor,0|1|3,Tile_3,469,0.00654653,0.00654653,1.00657,0,0.932658,-0.00654653,-0.0762627,0.0163854,52.3745
img_8d2653f0e92eb51552d9d708,right,rig_499c71c63328b454a4c529ad,1772726438846304000,0.2647,outdoor,0|1|2|3,Tile_3,470,-0.0441361,-0.0441361,0.956824,0,0.932658,0.0441361,-0.0255801,0.00657378,128.453
img_8ef82436b387ffb945bf91a5,right,rig_4c0225da8a77199deca115fd,1772726566854084864,0.8439,indoor,1|2|3,Tile_3,471,0.204962,0.204962,1.22748,0,0.932658,-0.204962,-0.274678,0.00529827,94.1234
img_8efe5cca9c8833e14b9d60ff,left,rig_a9078c41c0a096c560d438f1,1772726462847769856,0.3733,indoor,0|1|2|3,Tile_3,472,0.0235934,0.0235934,1.02387,0,0.932658,-0.0235934,-0.0933096,0.0214799,96.1566
img_8f0e7759dc55f86773c50f2b,right,rig_1bee9a2dc1fc8f2952ede860,1772726475848583936,0.4321,outdoor,0|1|2|3,Tile_3,473,-0.0141998,-0.0141998,0.985901,0,0.932658,0.0141998,-0.0555164,0.0186043,116.403
img_90c01a0a342d72f043a54865,right,rig_69c65f7075f6f69eff3108cd,1772726599856006912,0.9932,stationary_unresolved,0|1|2|3,Tile_3,474,-0.207412,-0.207412,0.812685,0,0.932658,0.207412,0.137695,0.0115022,105.801
img_90c0463e6650f34ae43bf0a1,right,rig_ed16943e003f7cce4fcbc055,1772726564853986048,0.8348,indoor,3,Tile_3,475,0.108031,0.108031,1.11408,0,0.932658,-0.108031,-0.177747,0.0191779,92.753
img_90c4c943ac74ab146341b73c,right,rig_4e6715c571c1c91471c3c28b,1772726565353952768,0.8371,indoor,1|2|3,Tile_3,476,0.125398,0.125398,1.1336,0,0.932658,-0.125398,-0.195114,0.0162043,92.4391
img_90eea4dd5eaa99d0803f2f7d,right,rig_489762f527d5662e4bef440b,1772726456847405056,0.3462,covered,0|1|2|3,Tile_3,477,-0.290518,-0.290518,0.747876,0,0.932658,0.290518,0.220802,0.0015925,83.532
img_91231b770853ee6f31fd441d,right,rig_a22b187e8c911fae160eb070,1772726558353667072,0.8054,indoor,0|3,Tile_3,478,0.185077,0.185077,1.20331,0,0.932658,-0.185077,-0.254793,0.0242573,101.544
img_9294bdfdfc421be19feca3a8,right,rig_5bd893355a78101c356da067,1772726481848922880,0.4593,covered,0|1|2|3,Tile_3,479,-0.0709595,-0.0709595,0.9315,0,0.932658,0.0709595,0.00124329,0.0154571,118.924
img_92dd1fda516c07508a76a56c,right,rig_a3034e10afdfd13c3bb3b127,1772726401343922944,0.095,outdoor,0|1|2|3,Tile_3,480,0.0748893,0.0748893,1.07776,0,0.932658,-0.0748893,-0.144606,0.019661,106.583
img_93526b49c3d4ea71e085b123,left,rig_3960b36ac8ce3239da9d48e4,1772726425845465856,0.2059,outdoor,0|1|3,Tile_3,481,-0.204391,-0.204391,0.815144,0,0.932658,0.204391,0.134675,0.0132457,105.573
img_935670a8a1dbf6b894912f46,right,rig_c046f0161fd75506c28c1295,1772726560353713920,0.8145,indoor,3,Tile_3,482,0.0359973,0.0359973,1.03665,0,0.932658,-0.0359973,-0.105713,0.0239856,89.2304
img_94448b4974045a36f76fb520,right,rig_475020cf2c7c50962fbaae56,1772726514850932736,0.6086,outdoor,0|1|2|3,Tile_3,483,-0.212394,-0.212394,0.808646,0,0.932658,0.212394,0.142677,0.0235403,100.137
img_9446f6a0c7f008ec3e6bd51c,left,rig_c95956aed608037d72998ed8,1772726412844686080,0.1471,outdoor,3,Tile_3,484,-0.164075,-0.164075,0.848678,0,0.932658,0.164075,0.0943592,0.0261517,124.047
img_94927e44b477e8913c19b6ca,right,rig_b7a1dcca113aef53dd74f487,1772726486349238784,0.4796,covered,0|1|2|3,Tile_3,485,-0.293523,-0.293523,0.745632,0,0.932658,0.293523,0.223807,0.0185062,106.072
img_953b301eedea931f01d7519b,left,rig_57c2ba4c8eedc151ab23a032,1772726509850650112,0.586,covered,0|1|2|3,Tile_3,486,-0.070905,-0.070905,0.93155,0,0.932658,0.070905,0.00118876,0.0106192,117.059
img_953e3fa1e628b02d56633790,left,rig_4c34c3a1c33027aceddb5082,1772726413344714752,0.1493,outdoor,3,Tile_3,487,-0.106882,-0.106882,0.898632,0,0.932658,0.106882,0.0371656,0.0205893,119.715
img_954f086e75547572ac933571,left,rig_a1697c621b1dd2f46054211e,1772726424845409792,0.2014,outdoor,0|1|2|3,Tile_3,488,-0.173737,-0.173737,0.840518,0,0.932658,0.173737,0.104021,0.0134947,105.558
img_9620b0e2d41b237347f467c4,left,rig_6fa23521d90b426cbd139334,1772726521851397120,0.6403,outdoor,2|3,Tile_3,489,-0.0561572,-0.0561572,0.945391,0,0.932658,0.0561572,-0.013559,0.00578131,107.581
img_96ec06089b236e99424a6f3b,left,rig_5bc34c2fed18618a32e97745,1772726448346905088,0.3077,outdoor,0|1|2|3,Tile_3,490,-0.138664,-0.138664,0.87052,0,0.932658,0.138664,0.068948,0.00446806,105.853
img_972156b97cd01036788d2d93,left,rig_cadcf89307b35ca8d6de3827,1772726390343323904,0.0452,outdoor,2|3,Tile_3,491,-0.0255462,-0.0255462,0.974777,0,0.932658,0.0255462,-0.04417,0.000649076,118.069
img_975693a59615e9b56e83fb87,right,rig_1dec5dd5563196de35e6f643,1772726532852074752,0.69,indoor,0|1|3,Tile_3,492,0.0539942,0.0539942,1.05548,0,0.932658,-0.0539942,-0.12371,0.0192006,103.136
img_977b8a805006c0e5b74cbe6d,right,rig_8e1b5e3e3f305e48552bbd59,1772726485349135872,0.4751,covered,0|1|2|3,Tile_3,493,-0.236233,-0.236233,0.789597,0,0.932658,0.236233,0.166517,0.01831,107.469
img_979bfd5fa0f6aaab6792aa9a,left,rig_abf4a71f8bd95682baa5944c,1772726515350981120,0.6109,outdoor,1|2|3,Tile_3,494,-0.0514491,-0.0514491,0.949852,0,0.932658,0.0514491,-0.0182671,0.00560772,108.644
img_98bb570ecf462a8b29f1009a,right,rig_63b1b61f95c59794d3396860,1772726427345547008,0.2127,outdoor,0|1|2|3,Tile_3,495,0.0159534,0.0159534,1.01608,0,0.932658,-0.0159534,-0.0856696,0.00110192,122.291
img_98f96242d8c202d61ed3e10a,left,rig_67298aabd7f28fa9d9b15387,1772726457347449088,0.3484,covered,0|1|2|3,Tile_3,496,-0.184838,-0.184838,0.831239,0,0.932658,0.184838,0.115122,0.00510204,112.367
img_98fbe7ea8fe6d8ecf2b8b9d7,right,rig_2dcb1105a9bc83267ba2531f,1772726600356036864,0.9955,stationary_unresolved,0|1|2|3,Tile_3,497,-0.258476,-0.258476,0.772228,0,0.932658,0.258476,0.18876,0.011306,105.648
img_998fac7e5f651da4c2cd8d17,right,rig_8376cf6ed2d267b6372abc97,1772726385843104768,0.0249,stationary_unresolved,0|1|2|3,Tile_3,498,0.0240616,0.0240616,1.02435,0,0.932658,-0.0240616,-0.0937778,0.0107701,114.464
img_99cab519f1ef124e4b6289fd,right,rig_61ddcb249fb315d6b3a7c599,1772726522351382016,0.6425,outdoor,0|1|2|3,Tile_3,499,-0.0962769,-0.0962769,0.908213,0,0.932658,0.0962769,0.0265607,0.0133136,90.7034
img_99d41f95d5644a7003fc4ed6,left,rig_2aefb045eb2673e7be71d02a,1772726540852517888,0.7262,indoor,0|1|3,Tile_3,500,-0.0730527,-0.0730527,0.929552,0,0.932658,0.0730527,0.00333654,0.0321444,89.7702
img_9b00be96662f65f6e44b8ae9,right,rig_6fa23521d90b426cbd139334,1772726521851394816,0.6403,outdoor,0|1|2|3,Tile_3,501,-0.100858,-0.100858,0.904062,0,0.932658,0.100858,0.0311415,0.0146118,90.6929
img_9b4b225cdf274d4a95011c0b,left,rig_083bc66ce28c3ad6214b88c3,1772726519351252992,0.629,outdoor,2|3,Tile_3,502,-0.0815616,-0.0815616,0.921676,0,0.932658,0.0815616,0.0118454,0.00813609,111.041
img_9b81a0f6a1bf887a91ae2d98,left,rig_489762f527d5662e4bef440b,1772726456847420928,0.3462,covered,0|1|2|3,Tile_3,503,-0.0069199,-0.0069199,0.993104,0,0.932658,0.0069199,-0.0627963,0.00221139,113.68
img_9b8b69704375b186076619ee,right,rig_7b7a57d6184106ae9aedf6f9,1772726499850030848,0.5407,outdoor,0|1|3,Tile_3,504,-0.204608,-0.204608,0.814967,0,0.932658,0.204608,0.134891,0.00946444,102.257
img_9c233d6fe5c0b3c4bb7581ba,left,rig_03d12388aba2090fc187d74a,1772726525351582976,0.6561,indoor,2|3,Tile_3,505,-0.237566,-0.237566,0.788545,0,0.932658,0.237566,0.16785,0.00677756,70.7086
img_9c271c30d50fb06f24be9e36,right,rig_3c9b5164bc1951213a7933b9,1772726528351819008,0.6697,indoor,0|1|3,Tile_3,506,0.221207,0.221207,1.24758,0,0.932658,-0.221207,-0.290923,0.0199176,106.584
img_9cc72b24cfc01e68bb74537b,right,rig_b5f4408ea9ce288b4ad01045,1772726413844727040,0.1516,outdoor,0|1|2|3,Tile_3,507,-0.112692,-0.112692,0.893426,0,0.932658,0.112692,0.0429758,0.0166647,107.447
img_9d11a004e9202f7dd1430bdc,left,rig_a269c1f9931fa5f01c0c3525,1772726422345299968,0.19,outdoor,0|1|3,Tile_3,508,-0.143356,-0.143356,0.866446,0,0.932658,0.143356,0.0736396,0.0125438,106.82
img_9d2169dd4ead7e93fd64a667,left,rig_16e86f8952d26123cc30a803,1772726527351708928,0.6652,indoor,1|2|3,Tile_3,509,-0.199905,-0.199905,0.818809,0,0.932658,0.199905,0.130189,0.00779646,72.1823
img_9d2679f27d8a3a53f9ffea05,left,rig_b5f4408ea9ce288b4ad01045,1772726413844742912,0.1516,outdoor,3,Tile_3,510,-0.0770817,-0.0770817,0.925814,0,0.932658,0.0770817,0.00736549,0.0182572,117.973
img_9dc91b94d046c1df9d217aee,left,rig_67a9228c1efdcd385969f983,1772726408344398848,0.1267,outdoor,2|3,Tile_3,511,0.0682314,0.0682314,1.07061,0,0.932658,-0.0682314,-0.137948,0.016642,112.606
img_9ebdbf472ddeb6c9d82994c8,left,rig_00a3588c60e97948cf94e53a,1772726517851133952,0.6222,outdoor,2|3,Tile_3,512,-0.158994,-0.158994,0.853002,0,0.932658,0.158994,0.0892774,0.00730588,95.1424
img_9ee9430204cbc4d2cbd30ed3,right,rig_8c9df4cc0f7e042daa4d11b5,1772726462347724032,0.371,indoor,0|1|2|3,Tile_3,513,0.0474345,0.0474345,1.04858,0,0.932658,-0.0474345,-0.117151,0.00663416,102.081
img_9eeaefa15ae4a16e7247811e,right,rig_a5c8751d41a665d69d33986e,1772726530351940864,0.6787,indoor,0|1|3,Tile_3,514,0.140512,0.140512,1.15086,0,0.932658,-0.140512,-0.210229,0.0263253,99.1892
img_9f8e6e6735bab2261cf49998,right,rig_8bde27053478a07cd47f4415,1772726399343814912,0.086,outdoor,0|1|2|3,Tile_3,515,-0.0657928,-0.0657928,0.936325,0,0.932658,0.0657928,-0.00392339,0.0187855,104.207
img_9fc13fc6b2a89839552d140b,right,rig_a9f7d98bdef46fd501af8b17,1772726520351264000,0.6335,outdoor,0|1|2|3,Tile_3,516,0.0601853,0.0601853,1.06203,0,0.932658,-0.0601853,-0.129901,0.0203176,95.4561
img_9fe8d294f8291e2e63f2ff7a,right,rig_0c0cecb0aef0c52ce2c6aa9d,1772726557353544960,0.8009,indoor,0|3,Tile_3,517,0.256938,0.256938,1.29296,0,0.932658,-0.256938,-0.326654,0.0220459,104.123
img_9ffea0abbf2eabd75d38e11e,left,rig_c6cff1a0bc4601c184ce5765,1772726526851676928,0.6629,indoor,1|2|3,Tile_3,518,-0.113217,-0.113217,0.892957,0,0.932658,0.113217,0.0435005,0.00911726,76.9011
img_9fff771b01cbbb84aede4919,left,rig_7e0029c18aafeeabec73c08f,1772726399843821056,0.0882,outdoor,2|3,Tile_3,519,-0.0217107,-0.0217107,0.978523,0,0.932658,0.0217107,-0.0480055,0.00901914,117.839
img_a022d4ac11daef96817ffead,right,rig_57abffbe71119b953b048e03,1772726514350947840,0.6063,outdoor,0|1|2|3,Tile_3,520,-0.202109,-0.202109,0.817006,0,0.932658,0.202109,0.132393,0.0231781,98.9492
img_a02ab4c174e113a279d4bed5,left,rig_99601681f6fb3541aef8004d,1772726441346475776,0.276,outdoor,0|3,Tile_3,521,-0.306133,-0.306133,0.736289,0,0.932658,0.306133,0.236417,0.0112834,101.01
img_a14105de462c87fe3f894b4d,right,rig_fecabf1f0df1d4efe3758382,1772726410344506880,0.1357,outdoor,0|1|2|3,Tile_3,522,0.0232505,0.0232505,1.02352,0,0.932658,-0.0232505,-0.0929667,0.0174345,96.0205
img_a173ce5b858d0e4cc6535939,left,rig_cc780f250500d86fdd99fa40,1772726428845679872,0.2195,outdoor,0|3,Tile_3,523,-0.167754,-0.167754,0.845562,0,0.932658,0.167754,0.0980374,0.00901914,108.372
img_a1e9717ee3998764de9f7ae7,right,rig_59eed7d9c2a5ce60170ecb11,1772726455847347968,0.3416,outdoor,3,Tile_3,524,-0.300628,-0.300628,0.740353,0,0.932658,0.300628,0.230912,0.0114117,97.4693
img_a1f74d52ddf18a7b95f8fb82,right,rig_8aab95e150e309add8a41d73,1772726443346631936,0.2851,outdoor,0|1|2|3,Tile_3,525,-0.07338,-0.07338,0.929248,0,0.932658,0.07338,0.00366382,0.00627189,120.901
img_a2dfad8a426ffd116653cba3,right,rig_8dc919a038e91363f01ee701,1772726562853868032,0.8258,indoor,1|2|3,Tile_3,526,0.0601815,0.0601815,1.06203,0,0.932658,-0.0601815,-0.129898,0.0121513,90.9412
img_a2e7e9dbb51942d5d12a742f,left,rig_07365b42985639b762ddee0a,1772726536352329984,0.7059,indoor,0|1|2|3,Tile_3,527,-0.770348,-0.693147,0.5,1,0.932658,0.693147,0.623431,0.00964557,60.1354
img_a2ef0a0058461539f6d32279,right,rig_edcce550aec0ad3c1825731d,1772726417844980992,0.1697,outdoor,0|1|2|3,Tile_3,528,0.0140772,0.0140772,1.01418,0,0.932658,-0.0140772,-0.0837934,0.00621151,126.715
img_a32938d8e900c340762569b1,left,rig_3d9d76b364297e6d0323be2b,1772726394343606016,0.0633,outdoor,2|3,Tile_3,529,-0.0281638,-0.0281638,0.972229,0,0.932658,0.0281638,-0.0415524,0.00277744,123.873
img_a34bf12eed338786d18daa62,left,rig_815b5dd557cc5801e2725257,1772726524351521024,0.6516,indoor,1|2|3,Tile_3,530,-0.154527,-0.154527,0.85682,0,0.932658,0.154527,0.0848108,0.00776627,79.9327
img_a415e25dd2ef27ecc5a4e82a,right,rig_d6963ee8dba6eb0fb6f95ff1,1772726465347912960,0.3846,indoor,0|1|2|3,Tile_3,531,0.224713,0.224713,1.25196,0,0.932658,-0.224713,-0.294429,0.00778891,107.297
img_a43232d113b6f9e20c343e11,left,rig_4fdb0f6024349585e6749f6c,1772726503850278912,0.5588,outdoor,0|1|2|3,Tile_3,532,0.0413742,0.0413742,1.04224,0,0.932658,-0.0413742,-0.11109,0.0119853,122.053
img_a49f9bef3e593948cf72d9a1,left,rig_9270bb45deabba98f3d35bfa,1772726422845305856,0.1923,outdoor,0|1|3,Tile_3,533,-0.224527,-0.224527,0.798894,0,0.932658,0.224527,0.154811,0.0130872,106.564
img_a4bc513964ab0170b07c28bc,right,rig_c95956aed608037d72998ed8,1772726412844669952,0.1471,outdoor,0|1|2|3,Tile_3,534,-0.0890093,-0.0890093,0.914837,0,0.932658,0.0890093,0.0192931,0.0193591,105.377
img_a4d051fe3a11af8a0bd89a37,right,rig_b1b74993b2cfab693abe02c3,1772726452847165952,0.3281,outdoor,3,Tile_3,535,-0.0159674,-0.0159674,0.984159,0,0.932658,0.0159674,-0.0537488,0.0589527,129.585
img_a4d25ce454cd8f58122e6006,left,rig_c5283cd6ab5e0aa874eff166,1772726439346355968,0.267,outdoor,0|3,Tile_3,536,-0.200725,-0.200725,0.818137,0,0.932658,0.200725,0.131009,0.0104758,105.727
img_a55455197d4f2ef471861034,right,rig_15351bdd38b5f8052a7c981c,1772726526351633152,0.6606,indoor,0|1|3,Tile_3,537,0.0433421,0.0433421,1.0443,0,0.932658,-0.0433421,-0.113058,0.00772099,81.8331
img_a582079f26f392696e22c9e8,left,rig_edc3bafffda033f20b96d6e7,1772726564353956864,0.8326,indoor,0|1|2|3,Tile_3,538,0.252149,0.252149,1.28679,0,0.932658,-0.252149,-0.321865,0.0114947,87.5955
img_a5821da77bd01917280213c1,left,rig_1cb9c5d4c879116ef855a1a5,1772726401843976960,0.0973,outdoor,2|3,Tile_3,539,0.0590848,0.0590848,1.06087,0,0.932658,-0.0590848,-0.128801,0.021812,123.321
img_a644c06abc0af04ee00daff9,left,rig_3b08745339cf8d14f6aec219,1772726430845891840,0.2285,outdoor,0|3,Tile_3,540,-0.312666,-0.312666,0.731494,0,0.932658,0.312666,0.24295,0.0055247,99.8838
img_a6864217916e2f53d62d8977,right,rig_62d2ba632bb86ef1b9ad4845,1772726497349878016,0.5294,outdoor,0|1|3,Tile_3,541,-0.264803,-0.264803,0.767357,0,0.932658,0.264803,0.195087,0.00736626,97.7157
img_a6a68e03d00b4ed4df22aa71,left,rig_4d16d7410b532f5a8e99b5f1,1772726384342942976,0.0181,stationary_unresolved,2|3,Tile_3,542,-0.0108817,-0.0108817,0.989177,0,0.932658,0.0108817,-0.0588345,0.0012906,125.152
img_a6e40bded3c9f2217bdca885,left,rig_5f69d828774526ed0ca7afd8,1772726544352721920,0.7421,indoor,1|2|3,Tile_3,543,0.117762,0.117762,1.12498,0,0.932658,-0.117762,-0.187478,0.0134721,99.9114
img_a7fc5741e568a245c780da9f,left,rig_64ba07982d918ecf2f55417d,1772726581854936832,0.9118,indoor,0|3,Tile_3,544,0.062446,0.062446,1.06444,0,0.932658,-0.062446,-0.132162,0.0439787,115.854
img_a82e5ed8936520040da5595f,right,rig_61551f3cbc92909dad638c73,1772726459847555840,0.3597,covered,0|1|2|3,Tile_3,545,-0.144556,-0.144556,0.865406,0,0.932658,0.144556,0.0748402,0.00483788,102.871
img_a845da47748e8a6ca297bb3a,right,rig_b657874324625bd3f19ad991,1772726390843336960,0.0475,outdoor,0|1|2|3,Tile_3,546,-0.0797359,-0.0797359,0.92336,0,0.932658,0.0797359,0.0100197,0.00406805,102.694
img_a8804fb8fac29a211615de16,left,rig_b71e39aff0f21581116681d0,1772726458847533824,0.3552,covered,0|1|2|3,Tile_3,547,-0.0852081,-0.0852081,0.918321,0,0.932658,0.0852081,0.0154919,0.0120758,103.559
img_a90635e58244461b86267963,left,rig_cdf107e3e1b044065efd0add,1772726536852362752,0.7081,indoor,0|1|3,Tile_3,548,-0.648633,-0.648633,0.52276,0,0.932658,0.648633,0.578916,0.00731343,55.9638
img_a9080d3bc1d37c269cf33d87,left,rig_06b48d05e685561591643b16,1772726386843129856,0.0294,stationary_unresolved,2|3,Tile_3,549,0.0863722,0.0863722,1.09021,0,0.932658,-0.0863722,-0.156088,0.00128306,125.162
img_a910ffa64c6d26f6ee830d8c,right,rig_16e86f8952d26123cc30a803,1772726527351692800,0.6652,indoor,0|1|3,Tile_3,550,0.052387,0.052387,1.05378,0,0.932658,-0.052387,-0.122103,0.0155703,104.541
img_a9801515c4acedf4f042d6ee,right,rig_3c64bb05b7b5c9abf9f8ea57,1772726392843508992,0.0566,outdoor,0|1|2|3,Tile_3,551,-0.163182,-0.163182,0.849437,0,0.932658,0.163182,0.0934658,0.00999275,107.814
img_a994d67bd8f7baf8bc80fc12,left,rig_845d3f5e0068e3363d4d6e0b,1772726495849790976,0.5226,outdoor,0|1|2|3,Tile_3,552,0.000964094,0.000964094,1.00096,0,0.932658,-0.000964094,-0.0706803,0.00316236,122.632
img_a9e7f0e0c40e93878609f3f3,left,rig_f37b6e125599ee8ce13ef928,1772726532352043776,0.6878,indoor,1|2|3,Tile_3,553,0.199656,0.199656,1.22098,0,0.932658,-0.199656,-0.269372,0.0243932,85.5527
img_aabac34ed43c0f022c9ce39e,left,rig_e03d1eabb3deba3492123b63,1772726524851557120,0.6538,indoor,2|3,Tile_3,554,-0.277496,-0.277496,0.757679,0,0.932658,0.277496,0.20778,0.0100909,76.5325
img_aad3e392c49e55bff2867b51,left,rig_78d42ea51d8af589ae473677,1772726435346091008,0.2489,outdoor,0|3,Tile_3,555,-0.0873279,-0.0873279,0.916377,0,0.932658,0.0873279,0.0176117,0.0151854,113.234
img_abcaa5cd6df859ada3b95e63,right,rig_707e643a791bb47a4463b704,1772726569854267904,0.8575,indoor,1|2|3,Tile_3,556,0.179473,0.179473,1.19659,0,0.932658,-0.179473,-0.249189,0.0138948,96.9213
img_ace39114ea6e3dc2c06be34b,left,rig_5b86fc4cc527019cc1bbe3e0,1772726597355872000,0.9819,outdoor,0|1|2|3,Tile_3,557,-0.104507,-0.104507,0.900769,0,0.932658,0.104507,0.0347905,0.0030416,128.324
img_ad64d81e52a8a7bcc90a5256,left,rig_57daa39210e3df64a754fd7b,1772726559353672960,0.81,indoor,1|2|3,Tile_3,558,0.301396,0.301396,1.35174,0,0.932658,-0.301396,-0.371112,0.0128381,104.419
img_ae76977466c8fa930454864c,right,rig_b4d4cab763a4251789f68ec8,1772726434346002944,0.2443,outdoor,0|1|2|3,Tile_3,559,-0.0287864,-0.0287864,0.971624,0,0.932658,0.0287864,-0.0409298,0.00560772,130.137
img_ae7fcdb96cefc23a2e9b1cb8,left,rig_e0ad9a754c98bed980df1462,1772726555353378048,0.7919,indoor,1|2|3,Tile_3,560,0.147058,0.147058,1.15842,0,0.932658,-0.147058,-0.216774,0.013057,100.084
img_ae847fd97d3627e78b825c01,left,rig_9c3f1ac5de3379b735c9526f,1772726547352930048,0.7557,indoor,1|2|3,Tile_3,561,0.184492,0.184492,1.20261,0,0.932658,-0.184492,-0.254208,0.0120909,95.5333
img_aedaf82ed3842144ec0c3951,right,rig_2a055bfd636f7d211ae0a779,1772726476848721920,0.4367,outdoor,0|1|2|3,Tile_3,562,0.0127803,0.0127803,1.01286,0,0.932658,-0.0127803,-0.0824965,0.0132457,115.944
img_af0c1eda2c65e76e902ac346,left,rig_7fdb0caca6507a455ae7188f,1772726515851009792,0.6131,outdoor,2|3,Tile_3,563,-0.0318429,-0.0318429,0.968659,0,0.932658,0.0318429,-0.0378733,0.0053511,105.37
img_af0c87414478c62a4258fbee,right,rig_626e93c9228dc8ed10db7617,1772726541852632064,0.7308,indoor,0|1|2|3,Tile_3,564,0.27677,0.27677,1.31886,0,0.932658,-0.27677,-0.346486,0.0207478,71.0314
img_af58ddf11594de171687a482,left,rig_3d361a9bac2d45b63fbaa31a,1772726560853705984,0.8167,indoor,0|1|2|3,Tile_3,565,0.189738,0.189738,1.20893,0,0.932658,-0.189738,-0.259454,0.0222724,102.677
img_af7bad065c75951e1c1e1c4f,right,rig_e8f612a2355b17f8b3c2c37d,1772726450347016960,0.3167,outdoor,0|1|2|3,Tile_3,566,-0.0248387,-0.0248387,0.975467,0,0.932658,0.0248387,-0.0448775,0.0072455,124.218
img_afa4fada790a296589f9fe98,left,rig_f50ee5341312269e69fe7892,1772726542352634880,0.733,indoor,0|1|2|3,Tile_3,567,-0.107068,-0.107068,0.898464,0,0.932658,0.107068,0.0373519,0.0217516,77.7498
img_afaf7f3f1d8bcc555be40c0f,left,rig_6f63cb3e6f1715db3efb3145,1772726552853229056,0.7805,indoor,1|2|3,Tile_3,568,0.313626,0.313626,1.36838,0,0.932658,-0.313626,-0.383342,0.0106645,93.876
img_afbad3a10e48842de673fe08,right,rig_d929eaf79452849333e04afb,1772726486849220096,0.4819,covered,0|1|2|3,Tile_3,569,-0.301411,-0.301411,0.739773,0,0.932658,0.301411,0.231695,0.0158043,103.292
img_affda59b9b625a3dde9beb85,right,rig_a1697c621b1dd2f46054211e,1772726424845394944,0.2014,outdoor,0|1|2|3,Tile_3,570,-0.0625098,-0.0625098,0.939404,0,0.932658,0.0625098,-0.00720643,0.00127551,120.599
img_b03cab9432767781d37d0c40,right,rig_34a82c122eafbdd07729c7a3,1772726518351147776,0.6244,outdoor,0|1|2|3,Tile_3,571,-0.251161,-0.251161,0.777897,0,0.932658,0.251161,0.181445,0.0184157,95.1513
img_b051feaa1d7f5d42e0047343,right,rig_ddb2dc46864d9ccf8bbf6717,1772726590355437056,0.9502,outdoor,0|3,Tile_3,572,-0.211199,-0.211199,0.809613,0,0.932658,0.211199,0.141483,0.0200836,111.006
img_b0dff84e59a8923bb4475ce6,right,rig_f332edb76f172fde248e998e,1772726544852802048,0.7443,indoor,0|1|3,Tile_3,573,-0.0899128,-0.0899128,0.914011,0,0.932658,0.0899128,0.0201966,0.0286348,78.0424
img_b11bf686109a135a518900ea,left,rig_23ed0e5ae3378bafc2ba969b,1772726500350077952,0.543,outdoor,0|1|2|3,Tile_3,574,0.0187415,0.0187415,1.01892,0,0.932658,-0.0187415,-0.0884577,0.00128306,123.145
img_b1522372fee2db4f57295874,left,rig_7964ba6473e309db290c0c7f,1772726436846227968,0.2557,outdoor,0|3,Tile_3,575,-0.282761,-0.282761,0.7537,0,0.932658,0.282761,0.213045,0.0107777,105.079
img_b163f81048a3ba50a89567c5,left,rig_7e4fdd970b45bc54ea2a4c73,1772726488849356800,0.491,covered,0|1|2|3,Tile_3,576,-0.112568,-0.112568,0.893537,0,0.932658,0.112568,0.0428516,0.00273216,126.489
img_b18850b17273389e3aefd9cd,right,rig_f06333428d4f48f2cf7fbe79,1772726510350720000,0.5882,covered,0|1|2|3,Tile_3,577,-0.152984,-0.152984,0.858144,0,0.932658,0.152984,0.0832675,0.0290348,99.2118
img_b1c500990871617a4fbe2492,right,rig_dad6414d3a0780b4bd18caeb,1772726553853325824,0.7851,indoor,0|1|3,Tile_3,578,-0.711373,-0.693147,0.5,1,0.932658,0.693147,0.623431,0.0213289,56.336
img_b2093a79c6bb26d7f93e593e,left,rig_a252e4466eab7879f3d747fc,1772726489849453824,0.4955,covered,0|1|2|3,Tile_3,579,-0.123524,-0.123524,0.883801,0,0.932658,0.123524,0.0538074,0.00301141,125.544
img_b217e9690565a9a90ac89dcd,left,rig_d7a8710ef2ec0515707ccb1c,1772726541352546048,0.7285,indoor,0|1|3,Tile_3,580,-0.135735,-0.135735,0.873074,0,0.932658,0.135735,0.0660187,0.0380162,90.3747
img_b251ac174beee6a14aba41c5,left,rig_1ae5de5a59bb2cd0d482e564,1772726530851922944,0.681,indoor,1|2|3,Tile_3,581,0.134703,0.134703,1.1442,0,0.932658,-0.134703,-0.204419,0.0166194,73.7061
img_b2ca7d398dbb3a51d6b172e1,left,rig_0c8aaeaf8cc9714a437895cb,1772726391343385088,0.0498,outdoor,1|2|3,Tile_3,582,-0.0577601,-0.0577601,0.943876,0,0.932658,0.0577601,-0.0119561,0.00452844,117.644
img_b315a63daceac938b89018f5,left,rig_3fcd9fae7198946570f03492,1772726383342854144,0.0136,stationary_unresolved,2|3,Tile_3,583,0.080108,0.080108,1.0834,0,0.932658,-0.080108,-0.149824,0.00125287,125.127
img_b32a46a681c9c410d35408e6,left,rig_5af663697925ca79c4a912c2,1772726579354814976,0.9005,indoor,0|1|3,Tile_3,584,-0.0184209,-0.0184209,0.981748,0,0.932658,0.0184209,-0.0512953,0.0233215,107.913
img_b38496117cb29adcbf2b8c36,left,rig_a5c8751d41a665d69d33986e,1772726530351944960,0.6787,indoor,1|2|3,Tile_3,585,0.091632,0.091632,1.09596,0,0.932658,-0.091632,-0.161348,0.0147854,71.8684
img_b4812019b4dfa216489f95df,right,rig_3960b36ac8ce3239da9d48e4,1772726425845450752,0.2059,outdoor,0|1|2|3,Tile_3,586,0.0675718,0.0675718,1.06991,0,0.932658,-0.0675718,-0.137288,0.000883046,119.406
img_b49a7a00f760704e50863571,right,rig_c6d39b13c662c182cb5e41b6,1772726598355917056,0.9864,indoor,0|1|2|3,Tile_3,587,-0.196486,-0.196486,0.821613,0,0.932658,0.196486,0.12677,0.0105588,99.5509
img_b5ca4a382aa3fedf86678fdd,right,rig_7e4fdd970b45bc54ea2a4c73,1772726488849341952,0.491,covered,0|1|3,Tile_3,588,-0.215302,-0.215302,0.806298,0,0.932658,0.215302,0.145586,0.0121438,103.999
img_b60e7cefcb6bc5ac435ea8ab,left,rig_90ae543fbb5ad945f5a42e17,1772726537352367872,0.7104,indoor,0|1|3,Tile_3,589,-0.696593,-0.693147,0.5,1,0.932658,0.693147,0.623431,0.015608,61.2421
img_b66bfddd418c61e670dc3a5c,right,rig_9b30bbe8a1c651d62230aada,1772726431845913856,0.233,outdoor,0|1|2|3,Tile_3,590,-0.0370222,-0.0370222,0.963655,0,0.932658,0.0370222,-0.032694,0.00427937,125.49
img_b6beedc52cef4f2ac0a45e14,right,rig_b71e39aff0f21581116681d0,1772726458847518976,0.3552,covered,0|1|2|3,Tile_3,591,-0.138746,-0.138746,0.870449,0,0.932658,0.138746,0.06903,0.0119098,104.628
img_b6f60c640d307fe68e410087,left,rig_def98c2a5e6d5c0a7de63407,1772726502350198016,0.552,outdoor,1|2|3,Tile_3,592,0.0329532,0.0329532,1.0335,0,0.932658,-0.0329532,-0.102669,0.00191704,120.13
img_b709d4e3277d2f8c8b7f9745,right,rig_a6a833bb554e1ed680f753a0,1772726460347631872,0.362,covered,0|1|2|3,Tile_3,593,-0.0182166,-0.0182166,0.981948,0,0.932658,0.0182166,-0.0514996,0.00336614,104.335
img_b7f55877796392d83c722aba,right,rig_5d9632624c35a86076db1c01,1772726420845197056,0.1833,outdoor,0|1|2|3,Tile_3,594,-0.0870196,-0.0870196,0.916659,0,0.932658,0.0870196,0.0173034,0.00111701,120.319
img_b831b33deb3ad98c70a7934d,left,rig_eab7ff45ccdb39a9651cea7d,1772726543852691968,0.7398,indoor,1|2|3,Tile_3,595,0.203166,0.203166,1.22528,0,0.932658,-0.203166,-0.272882,0.0121664,94.183
img_b94d750c916e200cf37c2ad4,right,rig_1e8b9b6d6e185fe3fe9e73b3,1772726529351817728,0.6742,indoor,0|1|3,Tile_3,596,0.295875,0.295875,1.3443,0,0.932658,-0.295875,-0.365591,0.0241441,101.692
img_b9f940b901e71cda50ef8ab3,right,rig_3643b57e556caa0d5a540338,1772726459347586816,0.3575,indoor,0|1|2|3,Tile_3,597,-0.182802,-0.182802,0.832933,0,0.932658,0.182802,0.113085,0.00768325,102.868
img_ba1f9bf2a46929e6fb4e8ac2,left,rig_9febeabbae3b97836920896c,1772726580854876928,0.9072,indoor,0|3,Tile_3,598,0.0138705,0.0138705,1.01397,0,0.932658,-0.0138705,-0.0835867,0.0283178,114.394
img_ba2f05a90b6e766693a2bd0d,right,rig_c9c2c0b046ae211cf9f30fad,1772726479348774912,0.448,outdoor,0|1|2|3,Tile_3,599,-0.141061,-0.141061,0.868436,0,0.932658,0.141061,0.0713451,0.00798515,118.869
img_ba6950cf6a646f152c71b8b6,right,rig_137f7ca11f3ce7fff3502d2f,1772726594855705856,0.9706,outdoor,3,Tile_3,600,-0.2808,-0.2808,0.755179,0,0.932658,0.2808,0.211084,0.017593,106.331
img_bb2a68f657118be7ff0b05ea,left,rig_6283a32deb59e6bf9f3db3ae,1772726576354608896,0.8869,indoor,0|1|3,Tile_3,601,-0.0819548,-0.0819548,0.921314,0,0.932658,0.0819548,0.0122386,0.063851,99.1838
img_bb7edb68adad44f80e71b2f8,right,rig_91315d3ab36ef2819c717c09,1772726505350347008,0.5656,covered,0|3,Tile_3,602,-0.204816,-0.204816,0.814798,0,0.932658,0.204816,0.135099,0.00981162,108.396
img_bc2bea11a1cb64d9ca5716c4,right,rig_815b5dd557cc5801e2725257,1772726524351503872,0.6516,indoor,0|1|3,Tile_3,603,-0.754041,-0.693147,0.5,1,0.932658,0.693147,0.623431,0.00510204,74.1147
img_bc2f93ba4d934d3232b673e3,left,rig_8aaa89fb48befc2bfd49c616,1772726504350326016,0.5611,outdoor,0|1|2|3,Tile_3,604,-0.111463,-0.111463,0.894525,0,0.932658,0.111463,0.0417468,0.0168156,122.714
img_bca1f40e65c0073ea5c3b207,right,rig_950ebaef281cbcf80c72a826,1772726403844158976,0.1063,outdoor,0|1|2|3,Tile_3,605,-0.182022,-0.182022,0.833583,0,0.932658,0.182022,0.112306,0.00528318,97.231
img_bcc1fa7629c0cbff22cd2e32,right,rig_5942bb995bfef7e68350bdd4,1772726570854327808,0.862,indoor,1|2|3,Tile_3,606,0.24777,0.24777,1.28117,0,0.932658,-0.24777,-0.317487,0.0118947,92.751
img_bd0554e5df5436ff7dc3ffa3,right,rig_a14eac5361ec93600b1d4f72,1772726592855634944,0.9615,outdoor,0|3,Tile_3,607,-0.275422,-0.275422,0.759251,0,0.932658,0.275422,0.205706,0.0167628,108.667
img_bde382b774c98e42606ebea1,left,rig_4dbcf0b4219e7ac87e58c966,1772726556353438976,0.7964,indoor,1|2|3,Tile_3,608,0.12323,0.12323,1.13115,0,0.932658,-0.12323,-0.192947,0.0132759,104.727
img_bdfcb387bd32e009a83ba8d8,left,rig_d0fcdd798e9daefb6d44e850,1772726584855149056,0.9253,outdoor,0|3,Tile_3,609,-0.23583,-0.23583,0.789915,0,0.932658,0.23583,0.166114,0.0111852,108.065
img_be28532475a779685710f991,right,rig_55fa4cc81889406467df0ec5,1772726439846374144,0.2692,outdoor,0|1|2|3,Tile_3,610,0.00953136,0.00953136,1.00958,0,0.932658,-0.00953136,-0.0792476,0.00713229,127.464
img_be3df20bb870c84751cfa689,left,rig_4c261f202575cfa7ee3d3302,1772726457847501056,0.3507,indoor,0|1|2|3,Tile_3,611,-0.057678,-0.057678,0.943954,0,0.932658,0.057678,-0.0120382,0.00396238,107.16
img_be7fbc047b987740dd2c4760,left,rig_259f13e81b17068c6635d2e1,1772726551853168896,0.776,indoor,0|1|2|3,Tile_3,612,0.217166,0.217166,1.24255,0,0.932658,-0.217166,-0.286882,0.0107928,94.9031
img_bfbb16cab9351336cbae5c22,right,rig_57daa39210e3df64a754fd7b,1772726559353668864,0.81,indoor,3,Tile_3,613,0.103986,0.103986,1.10959,0,0.932658,-0.103986,-0.173703,0.0241517,95.7004
img_bffdcc7ee41289ae3a61b39a,left,rig_e6e5a94fe91931079cceaf87,1772726397343757824,0.0769,outdoor,2|3,Tile_3,614,0.0551725,0.0551725,1.05672,0,0.932658,-0.0551725,-0.124889,0.00441523,124.092
img_c00a2dd81dbcbe2ba6d1a126,right,rig_35081e0547a7cfcbca79dbba,1772726448846920960,0.31,outdoor,0|1|2|3,Tile_3,615,-0.0677312,-0.0677312,0.934512,0,0.932658,0.0677312,-0.00198502,0.00478505,123.251
img_c04b37a9ccae6e3f6a62ef81,left,rig_bb59c628595f4627352f9cf5,1772726542852632064,0.7353,indoor,0|1|2|3,Tile_3,616,-0.0528578,-0.0528578,0.948515,0,0.932658,0.0528578,-0.0168584,0.0136985,78.0141
img_c065ef0536968532c5e2bc02,right,rig_9fa7fdd6dfcf10b571e64ed2,1772726594355675904,0.9683,outdoor,3,Tile_3,617,-0.274027,-0.274027,0.760312,0,0.932658,0.274027,0.204311,0.0227856,109.799
img_c0e1cf412031577bfe06ae4a,right,rig_e3cad702ba9b2b03fd0f82ec,1772726471848332032,0.414,covered,0|1|2|3,Tile_3,618,-0.135958,-0.135958,0.872879,0,0.932658,0.135958,0.0662422,0.0045058,112.725
img_c1d98062a4244b5006970c32,right,rig_00a3588c60e97948cf94e53a,1772726517851119104,0.6222,outdoor,0|1|2|3,Tile_3,619,-0.3664,-0.3664,0.693225,0,0.932658,0.3664,0.296684,0.0146646,93.6236
img_c31546b9726699e2c2a82906,left,rig_3001c1810024c616a028c6a1,1772726385343041024,0.0226,stationary_unresolved,2|3,Tile_3,620,-0.0355842,-0.0355842,0.965041,0,0.932658,0.0355842,-0.034132,0.00121513,125.165
img_c326b2f0fdca6a85fe5d45f5,left,rig_a33a8865eb8de38ea721d39e,1772726388343225856,0.0362,stationary_unresolved,2|3,Tile_3,621,0.0027772,0.0027772,1.00278,0,0.932658,-0.0027772,-0.0724934,0.00121513,123.646
img_c3ccda95371ed93a9732b302,left,rig_9bc444ecb573fb381ad46385,1772726556853466880,0.7986,indoor,1|2|3,Tile_3,622,0.278316,0.278316,1.3209,0,0.932658,-0.278316,-0.348032,0.0118947,102.239
img_c49faa1d11365b47610f1cef,left,rig_f8ded7c55aa6618f7f932f78,1772726543352663040,0.7376,indoor,0|1|2|3,Tile_3,623,0.172045,0.172045,1.18773,0,0.932658,-0.172045,-0.241762,0.0117438,86.3429
img_c4fce4edb71733e79d9ea3ae,left,rig_5d4869e6d451014f72650917,1772726491849551872,0.5045,covered,0|1|2|3,Tile_3,624,-0.0944027,-0.0944027,0.909916,0,0.932658,0.0944027,0.0246865,0.00431711,123.907
img_c54fcbe99fb2556e3eee453b,right,rig_dcafed623bbc1de68d459686,1772726445346695936,0.2941,outdoor,0|1|2|3,Tile_3,625,-0.0453532,-0.0453532,0.95566,0,0.932658,0.0453532,-0.024363,0.00363785,125.632
img_c6c64c84f33e7ba57d01e36f,right,rig_2cdcb12b87524dcabf8ab53f,1772726396843715840,0.0747,outdoor,0|1|2|3,Tile_3,626,-0.114351,-0.114351,0.891945,0,0.932658,0.114351,0.0446346,0.00811345,106.672
img_c6d4a7e7e0a2a005cecdad2f,right,rig_5b8f8987e5c066d5adbfbd83,1772726507850499840,0.5769,covered,0|3,Tile_3,627,-0.671402,-0.671402,0.510992,0,0.932658,0.671402,0.601685,0.00155476,84.2207
img_c722df52e100f0a4d6d722c4,left,rig_c5a8656612f8451157b2314f,1772726557853576960,0.8032,indoor,1|2|3,Tile_3,628,0.198959,0.198959,1.22013,0,0.932658,-0.198959,-0.268675,0.00883046,95.9372
img_c77512e4e0ce2d4fa776ea2d,right,rig_e6e5a94fe91931079cceaf87,1772726397343741952,0.0769,outdoor,0|1|2|3,Tile_3,629,-0.0956996,-0.0956996,0.908737,0,0.932658,0.0956996,0.0259834,0.0145136,108.263
img_c7ece5aea1a2713fff288e22,right,rig_17ce22fa282acba5bd402357,1772726546352824064,0.7511,indoor,0|1|3,Tile_3,630,-0.265009,-0.265009,0.767199,0,0.932658,0.265009,0.195293,0.0232233,68.6726
img_c8bbc2a08c7cc7dc37c199cd,right,rig_628ed43a6e99e253002d2a91,1772726484849107968,0.4729,covered,0|1|2|3,Tile_3,631,-0.307959,-0.307959,0.734946,0,0.932658,0.307959,0.238242,0.0230799,112.549
img_c945937fd972cd35ccc3f927,right,rig_08081db25aa286b3c2771e0f,1772726589355375104,0.9457,outdoor,0|1|2|3,Tile_3,632,-0.221611,-0.221611,0.801227,0,0.932658,0.221611,0.151894,0.0194496,112.231
img_c97b935806f8446352f5c059,right,rig_a76a9055d2df009d0a0f06fe,1772726585355197952,0.9276,outdoor,0|1|2|3,Tile_3,633,-0.069625,-0.069625,0.932744,0,0.932658,0.069625,-9.12398e-05,0.012106,124.664
img_c9d1fab35661b2bd69281bfa,right,rig_403ae798f86ad0a17606adde,1772726551353185024,0.7738,indoor,0|1|3,Tile_3,634,-0.458432,-0.458432,0.632274,0,0.932658,0.458432,0.388716,0.0310575,62.122
img_ca6a4f96a142bed62ed01bae,right,rig_dbc687d199a2da7ebdb5dda7,1772726559853711872,0.8122,indoor,3,Tile_3,635,0.079183,0.079183,1.0824,0,0.932658,-0.079183,-0.148899,0.0264989,94.874
img_cbaa2ed931cc075f3b1eb8f6,right,rig_ccb968cc149a169e0aeab8b0,1772726600856066816,0.9977,stationary_unresolved,0|1|2|3,Tile_3,636,-0.150564,-0.150564,0.860223,0,0.932658,0.150564,0.0808477,0.0111098,105.556
img_cc38ed44cf7d949c28bae20e,right,rig_62b603365e4950b385b6def3,1772726571354300928,0.8643,indoor,1|2|3,Tile_3,637,0.227872,0.227872,1.25593,0,0.932658,-0.227872,-0.297589,0.0100078,88.1163
img_cc49a20a9f67e4bfb75ac5cd,right,rig_7aef461595f805c89596172b,1772726407344320000,0.1222,outdoor,0|1|2|3,Tile_3,638,0.115396,0.115396,1.12232,0,0.932658,-0.115396,-0.185112,0.0200308,95.7161
img_cc7973236912a72f232cc17b,left,rig_5a979f6cd3d0d9c63b8d2d12,1772726453347235072,0.3303,outdoor,0|1|2|3,Tile_3,639,-0.0160071,-0.0160071,0.98412,0,0.932658,0.0160071,-0.0537091,0.00211327,123.451
img_cc8461f788875306eb810405,left,rig_1dec5dd5563196de35e6f643,1772726532852078080,0.69,indoor,1|2|3,Tile_3,640,0.0191792,0.0191792,1.01936,0,0.932658,-0.0191792,-0.0888954,0.0276461,90.5706
img_cd4571ad8de26172a08ecd80,right,rig_32f3e003a2a8f07e44263418,1772726388843239936,0.0385,indoor,0|1|2|3,Tile_3,641,0.0322214,0.0322214,1.03275,0,0.932658,-0.0322214,-0.101938,0.0112532,114.368
img_cd82e547ec1029199a8abeed,right,rig_694808f82a99f58369491ead,1772726554853381888,0.7896,indoor,0|1|3,Tile_3,642,-0.306952,-0.306952,0.735686,0,0.932658,0.306952,0.237236,0.014491,59.8659
img_cde176116532a2d3ea90b8fd,left,rig_5916fbf9e5b59aa4a15d6852,1772726548352958976,0.7602,indoor,1|2|3,Tile_3,643,0.19673,0.19673,1.21742,0,0.932658,-0.19673,-0.266446,0.0122419,93.8886
img_ce4c8b78f0d154af4ad15c0f,left,rig_1d61027fe342b36f3c325c8a,1772726392343450112,0.0543,outdoor,1|2|3,Tile_3,644,-0.0114222,-0.0114222,0.988643,0,0.932658,0.0114222,-0.058294,0.00433221,119.184
img_cee8a0fda1c15d318c63755c,left,rig_ffc55ff4cebb277e5037350b,1772726382842792960,0.0113,stationary_unresolved,2|3,Tile_3,645,0.0558383,0.0558383,1.05743,0,0.932658,-0.0558383,-0.125554,0.00124532,125.117
img_cf9d47bf271465783b283e59,left,rig_d929eaf79452849333e04afb,1772726486849235968,0.4819,covered,0|1|2|3,Tile_3,646,-0.052421,-0.052421,0.948929,0,0.932658,0.052421,-0.0172952,0.00240007,125.092
img_d01afa21ca5242b7a5e0f749,left,rig_dcafed623bbc1de68d459686,1772726445346711808,0.2941,outdoor,0|3,Tile_3,647,-0.282533,-0.282533,0.753871,0,0.932658,0.282533,0.212817,0.0105513,106.93
img_d0d851b2ccfa742fa1bd8d68,right,rig_9a545eaf708caa7909f4a115,1772726534852189952,0.6991,indoor,0|1|2|3,Tile_3,648,-0.263059,-0.263059,0.768697,0,0.932658,0.263059,0.193342,0.023095,95.1681
img_d149230582e76ff92f833847,left,rig_f0af01a9cee1d04f58cbbb9f,1772726397843773952,0.0792,outdoor,2|3,Tile_3,649,-0.0600692,-0.0600692,0.941699,0,0.932658,0.0600692,-0.00964702,0.00465674,122.957
img_d14ce879e6a132a7c0aaf3ea,left,rig_9307fd853a2319e8adb58722,1772726455347335936,0.3394,outdoor,0|1|2|3,Tile_3,650,-0.0447745,-0.0447745,0.956213,0,0.932658,0.0447745,-0.0249417,0.00281518,118.57
img_d1b98043d8de5060ebfdfffe,right,rig_c834a316c058d90965269ede,1772726479848804864,0.4502,outdoor,0|1|2|3,Tile_3,651,-0.144658,-0.144658,0.865318,0,0.932658,0.144658,0.0749415,0.0108683,119.71
img_d21054a6b72eec0a64282c9c,left,rig_69c73ab5587f94c045ee516e,1772726533352102912,0.6923,indoor,1|2|3,Tile_3,652,-0.00319723,-0.00319723,0.996808,0,0.932658,0.00319723,-0.066519,0.0269895,92.4087
img_d21f5584847186fb48689a7a,left,rig_14ad50c8337caec754d4ed52,1772726450847063040,0.319,outdoor,0|1|2|3,Tile_3,653,-0.391559,-0.391559,0.676002,0,0.932658,0.391559,0.321843,0.00163779,107.541
img_d21fa2720d52a4374c4fd316,right,rig_e03d1eabb3deba3492123b63,1772726524851536128,0.6538,indoor,0|1|3,Tile_3,654,-0.775183,-0.693147,0.5,1,0.932658,0.693147,0.623431,0.0034718,62.6838
img_d22b97313624830c9ce567d4,left,rig_403ae798f86ad0a17606adde,1772726551353188096,0.7738,indoor,0|1|2|3,Tile_3,655,0.272247,0.272247,1.31291,0,0.932658,-0.272247,-0.341964,0.010423,93.7108
img_d243f0bef95f3ab8666465b0,right,rig_11bbd48412450b6da32f86e5,1772726433845985792,0.2421,outdoor,0|1|2|3,Tile_3,656,0.022775,0.022775,1.02304,0,0.932658,-0.022775,-0.0924912,0.00501902,129.571
img_d415319caa70877985cc76c3,left,rig_f1394cd3b2ae3a8bd62a7396,1772726573854462976,0.8756,indoor,0|1|3,Tile_3,657,0.203891,0.203891,1.22616,0,0.932658,-0.203891,-0.273607,0.0130495,59.5428
img_d4396334be5e1583896c837d,right,rig_03d12388aba2090fc187d74a,1772726525351567104,0.6561,indoor,0|1|3,Tile_3,658,-0.446729,-0.446729,0.639717,0,0.932658,0.446729,0.377013,0.00671718,68.925
img_d458c189bfed47078603fdd4,left,rig_9a545eaf708caa7909f4a115,1772726534852192000,0.6991,indoor,1|2|3,Tile_3,659,-0.0667474,-0.0667474,0.935431,0,0.932658,0.0667474,-0.00296883,0.0225063,80.796
img_d49c62f7d279e50fc3606d70,left,rig_06f4639d8949a3bf0dfcbab3,1772726505850394880,0.5679,covered,0|1|2|3,Tile_3,660,-0.162141,-0.162141,0.850321,0,0.932658,0.162141,0.0924252,0.0102947,110.416
img_d4b43c110801599d2031af14,left,rig_f332edb76f172fde248e998e,1772726544852805888,0.7443,indoor,1|2|3,Tile_3,661,0.246543,0.246543,1.27959,0,0.932658,-0.246543,-0.316259,0.0140834,102.926
img_d5335345fe007b4c44932e1a,right,rig_edc3bafffda033f20b96d6e7,1772726564353953792,0.8326,indoor,3,Tile_3,662,0.0807508,0.0807508,1.0841,0,0.932658,-0.0807508,-0.150467,0.0163477,92.8638
img_d542368d10f026e374aefea0,left,rig_a8b7714d368911bee760906e,1772726552353230848,0.7783,indoor,0|1|2|3,Tile_3,663,0.161359,0.161359,1.17511,0,0.932658,-0.161359,-0.231075,0.0108532,95.2272
img_d63e075dca6c1af17d7d7f52,right,rig_3e151bea98cdd64a08e262ab,1772726429845752064,0.224,outdoor,0|1|2|3,Tile_3,664,0.0410457,0.0410457,1.0419,0,0.932658,-0.0410457,-0.110762,0.00376615,126.069
img_d691623e566cde7f444905b2,right,rig_0579fcb345a3734afc890594,1772726415344815872,0.1584,outdoor,0|1|2|3,Tile_3,665,-0.149214,-0.149214,0.861385,0,0.932658,0.149214,0.0794975,0.00301896,112.868
img_d73f523f6c5e437eb0a0a82f,left,rig_8376cf6ed2d267b6372abc97,1772726385843107840,0.0249,stationary_unresolved,2|3,Tile_3,666,0.0592628,0.0592628,1.06105,0,0.932658,-0.0592628,-0.128979,0.0013057,125.16
img_d76fad2c039eb7392b547d6f,left,rig_e0b76e648edd0850c5717ab3,1772726411344586752,0.1403,outdoor,3,Tile_3,667,-0.137316,-0.137316,0.871695,0,0.932658,0.137316,0.0675998,0.016876,114.889
img_d83918b5d04a40dd88d821b9,left,rig_0eb3371c1a9cf742253ad85d,1772726539852460800,0.7217,indoor,0|1|3,Tile_3,668,-0.0738123,-0.0738123,0.928846,0,0.932658,0.0738123,0.00409608,0.0248007,85.8615
img_d8f715c81a95d33e3447b123,left,rig_358f66a96b2fd87a9bb34919,1772726584355092992,0.9231,outdoor,0|3,Tile_3,669,-0.175191,-0.175191,0.839296,0,0.932658,0.175191,0.105475,0.0110418,109.988
img_d92232056a803e065181c4fc,right,rig_abf4a71f8bd95682baa5944c,1772726515350967040,0.6109,outdoor,0|1|2|3,Tile_3,670,-0.241901,-0.241901,0.785134,0,0.932658,0.241901,0.172185,0.0216384,99.167
img_d93088ca1a3836c5d531bcdd,left,rig_8895a9a6f5acbf57a1c1a144,1772726442846562816,0.2828,outdoor,0|3,Tile_3,671,-0.163217,-0.163217,0.849407,0,0.932658,0.163217,0.0935005,0.0143702,104.085
img_d9c3121dcde066b8a9b4e709,left,rig_6353b36c3c3a1db736617388,1772726438346287104,0.2624,outdoor,0|3,Tile_3,672,-0.212068,-0.212068,0.80891,0,0.932658,0.212068,0.142351,0.00983426,106.667
img_d9e667f8ffbba146e74d55f3,left,rig_38eb9f77a7130dc9f18b2333,1772726389843298048,0.043,outdoor,2|3,Tile_3,673,-0.0442576,-0.0442576,0.956707,0,0.932658,0.0442576,-0.0254586,0.000641529,120.665
img_da125fffd75e75e75f384c08,right,rig_000c0f69828def079c9a9ef2,1772726502850210816,0.5543,outdoor,0|1|3,Tile_3,674,-0.182577,-0.182577,0.833121,0,0.932658,0.182577,0.112861,0.00984181,99.7958
img_dad684e3df7bafd45b805a5d,left,rig_beb86146e928504f312b06b7,1772726424345376000,0.1991,outdoor,0|1|2|3,Tile_3,675,-0.279777,-0.279777,0.755952,0,0.932658,0.279777,0.210061,0.0144835,106.199
img_db74abe8fe99e50cd417fb92,left,rig_f21f6751ff670a2c323f314f,1772726555853407744,0.7941,indoor,1|2|3,Tile_3,676,0.12701,0.12701,1.13543,0,0.932658,-0.12701,-0.196727,0.0125891,103.225
img_db86d5ac2b734eb4da28813c,right,rig_23ed0e5ae3378bafc2ba969b,1772726500350064128,0.543,outdoor,0|1|3,Tile_3,677,-0.151828,-0.151828,0.859136,0,0.932658,0.151828,0.0821118,0.0102494,104.256
img_db885bf185aea1b124e987d6,right,rig_3f5315056beccf8512b5d98a,1772726554353341952,0.7873,indoor,0|1|3,Tile_3,678,-0.712845,-0.693147,0.5,1,0.932658,0.693147,0.623431,0.0153288,52.6407
img_dbcbd71faaeb6348cda02573,left,rig_0c0cecb0aef0c52ce2c6aa9d,1772726557353548032,0.8009,indoor,1|2|3,Tile_3,679,0.0942234,0.0942234,1.09881,0,0.932658,-0.0942234,-0.16394,0.00994747,97.9732
img_dbd584d2499ddb3864fbca49,left,rig_683015a639244cc715d9d250,1772726464847891968,0.3824,indoor,0|3,Tile_3,680,-0.0284521,-0.0284521,0.971949,0,0.932658,0.0284521,-0.0412641,0.0250725,99.2735
img_dbdbf05b0a89d3325091981a,right,rig_3a320fe4b204c9933496b019,1772726483849047808,0.4683,covered,0|1|2|3,Tile_3,681,-0.120935,-0.120935,0.886091,0,0.932658,0.120935,0.0512191,0.0411711,127.327
img_dc18fca2079f0373be58c3e3,right,rig_239e0e0e1c144aa3406d452a,1772726499350000896,0.5385,outdoor,0|1|3,Tile_3,682,-0.109875,-0.109875,0.895946,0,0.932658,0.109875,0.0401585,0.00864177,101.073
img_dc90c819e52ff1c3d1b227fd,left,rig_5374f8e6cc4cc91413bc936f,1772726531852015104,0.6855,indoor,1|2|3,Tile_3,683,0.159224,0.159224,1.1726,0,0.932658,-0.159224,-0.22894,0.0220535,82.9445
img_dd2f24e7f072d05744eec3d3,left,rig_62cc6c408b26478c0d47b991,1772726467848099840,0.3959,indoor,0|3,Tile_3,684,-0.217411,-0.217411,0.804599,0,0.932658,0.217411,0.147695,0.0228913,104.369
img_dd9664454cab0177d97f0316,left,rig_44024581676052797570e8d0,1772726384842999808,0.0204,stationary_unresolved,2|3,Tile_3,685,-0.0341617,-0.0341617,0.966415,0,0.932658,0.0341617,-0.0355545,0.00126796,125.167
img_de19e8fb18e453296b788e19,right,rig_c59a84b4ba6e661aaff146e3,1772726467348050944,0.3937,indoor,0|1|2|3,Tile_3,686,0.212611,0.212611,1.2369,0,0.932658,-0.212611,-0.282327,0.0103399,119.772
img_de3ad288ce825697ce6af212,left,rig_06c6acc11162079bbf66bfcb,1772726404844208896,0.1109,outdoor,2|3,Tile_3,687,0.0212959,0.0212959,1.02152,0,0.932658,-0.0212959,-0.0910121,0.0123777,111.011
img_dee26d9c80b097e644b27948,right,rig_8fe94e3e4b7b499cea385c9f,1772726446346759936,0.2986,outdoor,0|1|2|3,Tile_3,688,-0.00129561,-0.00129561,0.998705,0,0.932658,0.00129561,-0.0684206,0.00363785,122.283
img_df257f89026fc472276ed04c,left,rig_c046f0161fd75506c28c1295,1772726560353716736,0.8145,indoor,0|1|2|3,Tile_3,689,0.290482,0.290482,1.33707,0,0.932658,-0.290482,-0.360198,0.0197063,101.74
img_df3950cdb921076b35a98310,left,rig_fec2268a8a2fbc4f8156eda1,1772726442346531840,0.2805,outdoor,0|1|2|3,Tile_3,690,-0.319201,-0.319201,0.726729,0,0.932658,0.319201,0.249485,0.00980407,99.6278
img_df46b1666c566e3ae900c93b,right,rig_63977d60ee824dce1a601b9b,1772726402344006912,0.0995,outdoor,0|1|2|3,Tile_3,691,-0.266236,-0.266236,0.766258,0,0.932658,0.266236,0.19652,0.00343407,91.0772
img_dfbaef61d9e8160adafd7543,left,rig_ddb2dc46864d9ccf8bbf6717,1772726590355452160,0.9502,outdoor,0|1|2|3,Tile_3,692,0.0330945,0.0330945,1.03365,0,0.932658,-0.0330945,-0.102811,0.00312462,129.219
img_dfe7b5527c55d8ae2d07efc4,right,rig_902609d5327928fded01e1b9,1772726463847827968,0.3778,indoor,0|1|2|3,Tile_3,693,0.0872598,0.0872598,1.09118,0,0.932658,-0.0872598,-0.156976,0.00787948,100.945
img_dff0038d369b2a2f077bf957,left,rig_392adee9b1d023baeac738a4,1772726519851248896,0.6312,outdoor,2|3,Tile_3,694,0.00855327,0.00855327,1.00859,0,0.932658,-0.00855327,-0.0782695,0.008838,112.252
img_dff7712559aff38cdd461b46,left,rig_9fc13daa2646d960710abb93,1772726472348438016,0.4163,covered,0|3,Tile_3,695,-0.23406,-0.23406,0.791314,0,0.932658,0.23406,0.164344,0.00889838,106.565
img_e0818eba31b6c55f3d2e736b,left,rig_6c81c8380411c3f8b5338f5b,1772726494849752064,0.5181,outdoor,0|1|2|3,Tile_3,696,-0.0896972,-0.0896972,0.914208,0,0.932658,0.0896972,0.019981,0.00304915,122.512
img_e08b30473e1f1809ad33265e,right,rig_e9da6b15668a54354ee2535d,1772726482348953856,0.4615,covered,0|1|2|3,Tile_3,697,-0.193236,-0.193236,0.824287,0,0.932658,0.193236,0.12352,0.0180081,119.856
img_e0bbacc0010098c4844951ac,left,rig_77d59ad49037938e9356612d,1772726425345465856,0.2036,outdoor,0|1|2|3,Tile_3,698,-0.174302,-0.174302,0.840043,0,0.932658,0.174302,0.104585,0.0142872,105.238
img_e118f3ea231cf2ce3d66f996,right,rig_3d9e538c8670b6985619e201,1772726498850012928,0.5362,outdoor,0|1|3,Tile_3,699,-0.313756,-0.313756,0.730697,0,0.932658,0.313756,0.24404,0.00831723,101.118
img_e1287e860ec48f842b16e821,right,rig_eaeb2e1206c42c0409048a96,1772726414844784896,0.1561,outdoor,0|1|2|3,Tile_3,700,-0.0203313,-0.0203313,0.979874,0,0.932658,0.0203313,-0.0493849,0.00273971,108.221
img_e1b141cf1dba63ec9d10fcb9,left,rig_f0cfe3c8f1ed9a3fa4387de4,1772726500850108928,0.5452,outdoor,0|1|2|3,Tile_3,701,0.0447506,0.0447506,1.04577,0,0.932658,-0.0447506,-0.114467,0.00160005,123.259
img_e1b2fb3c5e8472dcbba00e23,right,rig_170506eedce2237ac07c901a,1772726572354413056,0.8688,indoor,1|2|3,Tile_3,702,0.298216,0.298216,1.34745,0,0.932658,-0.298216,-0.367932,0.0143174,85.43
img_e1c210b7ccfec82ca9152ea4,left,rig_f63969ba431f0e877a4c5b0c,1772726469848247040,0.405,indoor,0|3,Tile_3,703,-0.340621,-0.340621,0.711329,0,0.932658,0.340621,0.270904,0.0143778,100.016
img_e1eba2f46bf75c270241b3a7,left,rig_f78e34acd123753db7989244,1772726525851614976,0.6584,indoor,1|2|3,Tile_3,704,-0.256001,-0.256001,0.774141,0,0.932658,0.256001,0.186284,0.00502657,69.3844
img_e2235c52dc2cc4282e7d40fd,left,rig_ed63431d19d218ecf3fca2b4,1772726508850582784,0.5814,covered,0|1|2|3,Tile_3,705,-0.192327,-0.192327,0.825037,0,0.932658,0.192327,0.122611,0.0110117,111.186
img_e33c0f642afa1aec24e17c11,left,rig_59eed7d9c2a5ce60170ecb11,1772726455847363840,0.3416,outdoor,0|1|2|3,Tile_3,706,-0.163897,-0.163897,0.84883,0,0.932658,0.163897,0.0941807,0.00313972,116.613
img_e42f586216482cf4776c2f4f,right,rig_9046f76f1478053c9ede3a0a,1772726395343628800,0.0679,outdoor,0|1|2|3,Tile_3,707,-0.151493,-0.151493,0.859424,0,0.932658,0.151493,0.0817763,0.00533601,104.94
img_e48dfaec6a6a7416d851faf8,left,rig_8aaaec889bb180ad08da0231,1772726498349990912,0.5339,outdoor,0|1|2|3,Tile_3,708,0.00424654,0.00424654,1.00426,0,0.932658,-0.00424654,-0.0739627,0.00135853,120.902
img_e4bb23a13a72e999ad5754d1,right,rig_10999e61705fcb5317bcce18,1772726507350512896,0.5747,covered,0|3,Tile_3,709,-0.67996,-0.67996,0.506637,0,0.932658,0.67996,0.610244,0.00220384,85.455
img_e551d37320249fc3f94c8b16,right,rig_9c3f1ac5de3379b735c9526f,1772726547352928000,0.7557,indoor,0|1|3,Tile_3,710,-0.399709,-0.399709,0.670515,0,0.932658,0.399709,0.329993,0.0308387,72.21
img_e562ab7a1e826741726f0f32,left,rig_a79b081ba3a99dbcf8a0dd11,1772726408844430080,0.129,outdoor,2|3,Tile_3,711,-0.0697162,-0.0697162,0.932658,0,0.932658,0.0697162,5.55112e-17,0.0173968,112.929
img_e57c4c5b365a33a7eb8e26d4,right,rig_a252e4466eab7879f3d747fc,1772726489849451008,0.4955,covered,0|1|3,Tile_3,712,-0.322877,-0.322877,0.724063,0,0.932658,0.322877,0.253161,0.00646057,100.689
img_e59222a5e5b43cad84439894,right,rig_f635cb8661e815fa59f70fee,1772726414344753920,0.1538,outdoor,0|1|2|3,Tile_3,713,-0.0534602,-0.0534602,0.947944,0,0.932658,0.0534602,-0.016256,0.0194421,114.404
img_e5e870cda39b6866c67e7fa1,left,rig_73e81d3c113b311ca4494c65,1772726575854580992,0.8846,indoor,0|1|3,Tile_3,714,0.136074,0.136074,1.14577,0,0.932658,-0.136074,-0.205791,0.0642057,110.662
img_e6dc6c821682e92c7098c3fc,right,rig_4c34c3a1c33027aceddb5082,1772726413344698880,0.1493,outdoor,0|1|2|3,Tile_3,715,-0.106088,-0.106088,0.899345,0,0.932658,0.106088,0.036372,0.0270121,113.906
img_e76aadc0656e16023b5889f4,right,rig_e407ca7277d806fb33b09f51,1772726585855228928,0.9299,outdoor,0|1|2|3,Tile_3,716,-0.051175,-0.051175,0.950112,0,0.932658,0.051175,-0.0185412,0.0123475,126.607
img_e7b6529d70d4db5e5f62f1d7,right,rig_def98c2a5e6d5c0a7de63407,1772726502350180864,0.552,outdoor,0|1|3,Tile_3,717,-0.204953,-0.204953,0.814685,0,0.932658,0.204953,0.135237,0.00941915,101.58
img_e89062940cc4d3083aa9a723,right,rig_5654a1001ac64ec796b10960,1772726522851449856,0.6448,outdoor,0|1|2|3,Tile_3,718,-0.678222,-0.678222,0.507518,0,0.932658,0.678222,0.608506,0.0016076,72.9431
img_e8bf43a0b9ef8f9f6b1dca21,right,rig_0ddb1b1864e5a016c4535dcf,1772726456347375872,0.3439,covered,2|3,Tile_3,719,-0.292438,-0.292438,0.746442,0,0.932658,0.292438,0.222721,0.00843799,92.1076
img_e976c5741cfe298b0280b28c,right,rig_f6c0a409ad2a6f05349ec701,1772726595355772928,0.9729,outdoor,3,Tile_3,720,-0.375405,-0.375405,0.687011,0,0.932658,0.375405,0.305689,0.0133589,103.514
img_e984e928226015a4b56c841d,right,rig_677aee1563d91ee8f93d06ce,1772726451347099904,0.3213,outdoor,0|1|2|3,Tile_3,721,0.0106726,0.0106726,1.01073,0,0.932658,-0.0106726,-0.0803888,0.0178798,126.77
img_e98965ec0ffeff99f4f502d2,left,rig_78a65b692becc49e31d1aec2,1772726501850169856,0.5498,outdoor,1|2|3,Tile_3,722,-0.0112478,-0.0112478,0.988815,0,0.932658,0.0112478,-0.0584684,0.00205289,121.34
img_e9f6e97739a0b71ce57240a3,right,rig_ffd93b45a7c8eb804dca964f,1772726596355837952,0.9774,outdoor,3,Tile_3,723,-0.389613,-0.389613,0.677319,0,0.932658,0.389613,0.319897,0.0132834,101.392
img_ea1f81bdd6efac58674c0e1b,right,rig_e0b76e648edd0850c5717ab3,1772726411344570880,0.1403,outdoor,0|1|2|3,Tile_3,724,-0.0392537,-0.0392537,0.961507,0,0.932658,0.0392537,-0.0304625,0.022612,97.9747
img_ea26996fa398f540eb0ce21a,right,rig_1d61027fe342b36f3c325c8a,1772726392343447808,0.0543,outdoor,0|1|2|3,Tile_3,725,-0.147121,-0.147121,0.863189,0,0.932658,0.147121,0.0774053,0.0142193,110.234
img_eac8d6fea7b11f2aed473852,right,rig_4828a7d15a4b39f1ba02447d,1772726451847107840,0.3235,outdoor,0|1|2|3,Tile_3,726,-0.0575024,-0.0575024,0.94412,0,0.932658,0.0575024,-0.0122138,0.029216,127.746
img_ead8ead193eebdbcd9f3e091,left,rig_d5ea6b2b38d4468cdf4ea78f,1772726412344653824,0.1448,outdoor,3,Tile_3,727,-0.0405928,-0.0405928,0.96022,0,0.932658,0.0405928,-0.0291233,0.0195402,118.618
img_ebb44aa4fd7128a21d824082,left,rig_fdc0fa397462e41f7b7a979b,1772726421345259008,0.1855,outdoor,0|1|3,Tile_3,728,-0.222463,-0.222463,0.800545,0,0.932658,0.222463,0.152746,0.0122192,107.953
img_eca6b916bacacf912bf06b66,left,rig_60e8f730ae92a2e612df4c7c,1772726463347801088,0.3756,indoor,0|1|2|3,Tile_3,729,-0.117372,-0.117372,0.889255,0,0.932658,0.117372,0.0476554,0.020144,95.4711
img_ecdc8d808fcc0fa035b6e1e8,left,rig_91fc1ab762411955ff6045b9,1772726583355035136,0.9186,covered,0|3,Tile_3,730,-0.143426,-0.143426,0.866385,0,0.932658,0.143426,0.0737095,0.0202874,117.496
img_ee0485aae04823911b094b7b,right,rig_d1077f475644d1228245e736,1772726501350121984,0.5475,outdoor,0|1|3,Tile_3,731,-0.148856,-0.148856,0.861693,0,0.932658,0.148856,0.0791399,0.0105588,104.741
img_eeceff5515532096691986e5,right,rig_6353b36c3c3a1db736617388,1772726438346266112,0.2624,outdoor,0|1|2|3,Tile_3,732,-0.0620662,-0.0620662,0.939821,0,0.932658,0.0620662,-0.00764995,0.0065285,129.489
img_eee76b0c1f95c447b6eb24bc,right,rig_b6dda00ce31fe345c8a93d93,1772726529851939072,0.6765,indoor,0|1|3,Tile_3,733,0.0810552,0.0810552,1.08443,0,0.932658,-0.0810552,-0.150771,0.0261366,100.688
img_ef40b78b1d380170b13f632c,left,rig_5d9632624c35a86076db1c01,1772726420845212928,0.1833,outdoor,0|1|3,Tile_3,734,-0.297652,-0.297652,0.74256,0,0.932658,0.297652,0.227936,0.0102418,108.599
img_ef51ea18654a5079d4e233ba,right,rig_bd4b88b17b4b42a98be46845,1772726444346638080,0.2896,outdoor,0|1|2|3,Tile_3,735,-0.0076111,-0.0076111,0.992418,0,0.932658,0.0076111,-0.0621051,0.00416616,125.422
img_ef78b6a90549d802aaf81efd,right,rig_93ddb5288f9d2dadb2d5c06c,1772726423345286912,0.1946,outdoor,0|1|2|3,Tile_3,736,0.045507,0.045507,1.04656,0,0.932658,-0.045507,-0.115223,0.00137363,120.483
img_efe49939c1a8576d6a026c7c,right,rig_9307fd853a2319e8adb58722,1772726455347319808,0.3394,outdoor,3,Tile_3,737,-0.321822,-0.321822,0.724827,0,0.932658,0.321822,0.252106,0.0151552,100.259
img_f029e0f1f983d146f96286a0,left,rig_9fa7fdd6dfcf10b571e64ed2,1772726594355692032,0.9683,outdoor,0|1|2|3,Tile_3,738,0.0234537,0.0234537,1.02373,0,0.932658,-0.0234537,-0.0931699,0.00171326,128.261
img_f04af7535fdbb03e8401bbe0,right,rig_cf95d26e75342ba62534d752,1772726443846608896,0.2873,outdoor,0|1|2|3,Tile_3,739,-0.0233876,-0.0233876,0.976884,0,0.932658,0.0233876,-0.0463286,0.00471712,123.275
img_f06c118891312ac9fdda5367,left,rig_0ef9dbc241cdbcffd9ef8830,1772726387343162112,0.0317,stationary_unresolved,2|3,Tile_3,740,-0.00236072,-0.00236072,0.997642,0,0.932658,0.00236072,-0.0673555,0.00126796,125.051
img_f0ff00b70da5711d5c787073,left,rig_32b1a8068abd4ccfe24bead8,1772726461347674880,0.3665,indoor,0|1|2|3,Tile_3,741,-0.11042,-0.11042,0.895458,0,0.932658,0.11042,0.0407042,0.0169364,96.6655
img_f12f321bac487a7477d9f8b2,left,rig_a76a9055d2df009d0a0f06fe,1772726585355202048,0.9276,outdoor,0|3,Tile_3,742,-0.353519,-0.353519,0.702212,0,0.932658,0.353519,0.283803,0.00932104,105.744
img_f16ac9f7735df4383c77a668,left,rig_555a91a88fb42ed8d310cfa5,1772726518851192832,0.6267,outdoor,2|3,Tile_3,743,0.0325086,0.0325086,1.03304,0,0.932658,-0.0325086,-0.102225,0.0121362,111.411
img_f1799d46a7022022561e4cd1,right,rig_89edac79d760e3d41c63a4ac,1772726535352224000,0.7014,indoor,0|1|2|3,Tile_3,744,-0.0638449,-0.0638449,0.93815,0,0.932658,0.0638449,-0.00587125,0.0232007,90.9566
img_f183b48604735a8c86b10b9b,right,rig_4c261f202575cfa7ee3d3302,1772726457847497984,0.3507,indoor,0|1|2|3,Tile_3,745,-0.082837,-0.082837,0.920501,0,0.932658,0.082837,0.0131208,0.0139929,99.092
img_f218d51dae29bd11fe08c9e2,right,rig_f0af01a9cee1d04f58cbbb9f,1772726397843756800,0.0792,outdoor,0|1|2|3,Tile_3,746,-0.024089,-0.024089,0.976199,0,0.932658,0.024089,-0.0456272,0.0166873,107.921
img_f2585d3a202c23e6a618ac51,right,rig_5d4869e6d451014f72650917,1772726491849536000,0.5045,covered,0|1|3,Tile_3,747,-0.293341,-0.293341,0.745767,0,0.932658,0.293341,0.223625,0.00660397,97.7353
img_f266fb814ed9e48ef6890df7,right,rig_4bc8bf23531299bc76b8e440,1772726452347136000,0.3258,outdoor,0|1|2|3,Tile_3,748,-0.0230477,-0.0230477,0.977216,0,0.932658,0.0230477,-0.0466684,0.0568395,133.374
img_f2e26c722981ec0176325e6b,right,rig_8306253f54ee66d50c913fec,1772726520851335168,0.6357,outdoor,0|1|2|3,Tile_3,749,0.0671328,0.0671328,1.06944,0,0.932658,-0.0671328,-0.136849,0.0176005,93.533
img_f2e31727fc02a2394640f8b4,right,rig_98874fa67831ae4f824c36f3,1772726389343258880,0.0407,indoor,0|1|2|3,Tile_3,750,0.106366,0.106366,1.11223,0,0.932658,-0.106366,-0.176082,0.0131627,112.673
img_f3d8c24aaa1e434fce0c84c9,right,rig_78a65b692becc49e31d1aec2,1772726501850153984,0.5498,outdoor,0|1|3,Tile_3,751,-0.239783,-0.239783,0.786799,0,0.932658,0.239783,0.170067,0.0101588,103.376
img_f4ae6e2da52ae15360acd5f8,left,rig_ed250a4472d03f10bfc2170d,1772726429345723904,0.2217,outdoor,0|3,Tile_3,752,-0.297147,-0.297147,0.742935,0,0.932658,0.297147,0.227431,0.00871724,108.063
img_f4bf71d79eb426e24a089014,right,rig_5a5ac7fa4f5b9d2c2ddad340,1772726521351321856,0.638,outdoor,0|1|2|3,Tile_3,753,-0.069176,-0.069176,0.933162,0,0.932658,0.069176,-0.000540145,0.0155703,92.4713
img_f4e71c9e7ff3353987c9c41a,right,rig_5ee177202cb8d68c8541b2a5,1772726395843659776,0.0701,outdoor,0|1|2|3,Tile_3,754,0.00130768,0.00130768,1.00131,0,0.932658,-0.00130768,-0.0710239,0.00866441,107.272
img_f5f133cabb2d110c4de5284e,right,rig_3d14390fb7f803b2f50b1ae3,1772726416344879872,0.1629,outdoor,0|1|2|3,Tile_3,755,-0.0968004,-0.0968004,0.907737,0,0.932658,0.0968004,0.0270842,0.00629453,122.94
img_f7140eacb75d560d184fb31f,right,rig_7862adc4c91ebba1b81887fe,1772726478348717056,0.4434,outdoor,0|1|2|3,Tile_3,756,-0.0268554,-0.0268554,0.973502,0,0.932658,0.0268554,-0.0428608,0.00574357,118.383
img_f739255a36fa35e2286826a2,left,rig_d5186ce78eff9fccefa2c9c4,1772726527851739904,0.6674,indoor,2|3,Tile_3,757,-0.267947,-0.267947,0.764948,0,0.932658,0.267947,0.198231,0.00821157,70.9979
img_f7ab5b5375d058e24fa94d7a,left,rig_5654a1001ac64ec796b10960,1772726522851451904,0.6448,outdoor,1|2|3,Tile_3,758,-0.132371,-0.132371,0.876016,0,0.932658,0.132371,0.0626551,0.00529073,95.7281
img_f8342fb5c1c93714f24cf6d7,left,rig_95015a4111967a6aaf48d481,1772726411844619008,0.1425,outdoor,3,Tile_3,759,-0.0353503,-0.0353503,0.965267,0,0.932658,0.0353503,-0.0343659,0.0156458,115.818
img_f8b73b376042c741c55a06cd,right,rig_62cc6c408b26478c0d47b991,1772726467848083968,0.3959,indoor,0|1|2|3,Tile_3,760,0.159115,0.159115,1.17247,0,0.932658,-0.159115,-0.228831,0.0148608,123.171
img_f90a0e7c2348a7898510133c,left,rig_d3ec7439c84909d45dd66af3,1772726496849858048,0.5271,outdoor,0|1|2|3,Tile_3,761,-0.021882,-0.021882,0.978356,0,0.932658,0.021882,-0.0478342,0.00316236,122.994
img_f9abc9581a5c24b6086035c3,left,rig_000c0f69828def079c9a9ef2,1772726502850225920,0.5543,outdoor,1|2|3,Tile_3,762,0.0310108,0.0310108,1.0315,0,0.932658,-0.0310108,-0.100727,0.00180383,117.885
img_f9eb2cffff53e048735a99bc,left,rig_1e23692547857c6754b68bdd,1772726574354490880,0.8778,indoor,0|1|3,Tile_3,763,0.0448413,0.0448413,1.04586,0,0.932658,-0.0448413,-0.114557,0.0141589,69.1416
img_fa406b2765880acfff439bb7,right,rig_259f13e81b17068c6635d2e1,1772726551853153024,0.776,indoor,0|1|3,Tile_3,764,-0.628985,-0.628985,0.533132,0,0.932658,0.628985,0.559269,0.0302047,61.712
img_fa40fff161d318d8d11e919d,right,rig_5a979f6cd3d0d9c63b8d2d12,1772726453347233024,0.3303,outdoor,3,Tile_3,765,-0.228784,-0.228784,0.795501,0,0.932658,0.228784,0.159067,0.0293896,115.424
img_fa65b3aa880c9101e305af46,right,rig_d14b49b462a068a3c9a4ed3a,1772726586855226880,0.9344,outdoor,0|1|2|3,Tile_3,766,0.0373038,0.0373038,1.03801,0,0.932658,-0.0373038,-0.10702,0.0248007,130.021
img_faa25ac6c422ab56ed53979a,left,rig_30d4452a792173a2a3a04f83,1772726487349266176,0.4842,covered,0|1|2|3,Tile_3,767,-0.000700669,-0.000700669,0.9993,0,0.932658,0.000700669,-0.0690155,0.00255857,124.336
img_fad5eb411875cdcdf65f8a09,right,rig_8aaa89fb48befc2bfd49c616,1772726504350323968,0.5611,outdoor,0|3,Tile_3,768,-0.159986,-0.159986,0.852156,0,0.932658,0.159986,0.0902695,0.0100531,109.057
img_faf4b32025c3822308257dea,right,rig_dc7d050f3d4f4e2f909906ff,1772726453847238912,0.3326,outdoor,3,Tile_3,769,-0.33834,-0.33834,0.712953,0,0.932658,0.33834,0.268623,0.0178194,105.19
img_fb8d4e5c370423a144a63ab7,left,rig_d173e0b2e7cdcd32b8c5aeed,1772726563353852928,0.8281,indoor,0|1|2|3,Tile_3,770,0.101155,0.101155,1.10645,0,0.932658,-0.101155,-0.170871,0.0170798,92.8038
img_fc66080d5ff5d4c012c31698,right,rig_555a91a88fb42ed8d310cfa5,1772726518851176960,0.6267,outdoor,0|1|2|3,Tile_3,771,-0.101973,-0.101973,0.903054,0,0.932658,0.101973,0.0322567,0.0232535,99.8364
img_fce08d9c2de871a505cf83b2,left,rig_0ecd86b20f310e2fb0b20192,1772726533852102912,0.6946,indoor,1|2|3,Tile_3,772,-0.0365696,-0.0365696,0.964091,0,0.932658,0.0365696,-0.0331466,0.024914,88.8357
img_fd0037e7275d396e2f105035,left,rig_815f0bdecab8dc5043ac5c96,1772726416844929024,0.1652,outdoor,3,Tile_3,773,-0.211535,-0.211535,0.809341,0,0.932658,0.211535,0.141819,0.0108909,116.355
img_fd1d55f9f4b7e2b7ee949fce,left,rig_e576df630958d6c8fa132821,1772726472848412928,0.4186,outdoor,0|3,Tile_3,774,-0.186438,-0.186438,0.82991,0,0.932658,0.186438,0.116721,0.00747192,104.547
img_fd4fb1c12739601c54cfab71,right,rig_a9481abfdcb40f879a0fa555,1772726506350406912,0.5701,covered,0|3,Tile_3,775,-0.124121,-0.124121,0.883273,0,0.932658,0.124121,0.0544052,0.0100305,99.8829
img_fdf56b0a509ae739efc34a67,left,rig_b6dda00ce31fe345c8a93d93,1772726529851942144,0.6765,indoor,1|2|3,Tile_3,776,-0.153465,-0.153465,0.857731,0,0.932658,0.153465,0.0837485,0.0116834,69.7109
img_fe23bdc2249b367294f2ad0b,left,rig_1cc1bd00f27f66174cd517e6,1772726582354969088,0.914,indoor,0|3,Tile_3,777,-0.101656,-0.101656,0.903341,0,0.932658,0.101656,0.0319395,0.0509374,116.961
img_fe46c480df46c4db13c4fd6c,right,rig_b5687b0cb5abac30ed7f48ac,1772726426345481984,0.2081,outdoor,0|1|2|3,Tile_3,778,-0.00346482,-0.00346482,0.996541,0,0.932658,0.00346482,-0.0662514,0.000505676,119.364
img_ff02d8c153151283c2e34cd4,left,rig_626e93c9228dc8ed10db7617,1772726541852634880,0.7308,indoor,0|1|2|3,Tile_3,779,-0.0977984,-0.0977984,0.906832,0,0.932658,0.0977984,0.0280822,0.028348,83.4416
img_ff39ce60372fe31cfff4dc43,left,rig_63977d60ee824dce1a601b9b,1772726402344023040,0.0995,outdoor,2|3,Tile_3,780,0.0775249,0.0775249,1.08061,0,0.932658,-0.0775249,-0.147241,0.0242196,123.333
img_ff4fb6b1ca02a215264ee27d,right,rig_d173e0b2e7cdcd32b8c5aeed,1772726563353837056,0.8281,indoor,3,Tile_3,781,0.168971,0.168971,1.18409,0,0.932658,-0.168971,-0.238687,0.0210723,97.5257
img_ff7bb1d8e38e09e81058a33b,right,rig_675eeb0cbecc3b94dff85183,1772726567354107904,0.8462,indoor,1|2|3,Tile_3,782,0.233581,0.233581,1.26312,0,0.932658,-0.233581,-0.303298,0.00532846,95.999
img_ffa390bbaefb6eec5a6f87fb,right,rig_ce9e6546973b269e2e388a8f,1772726474348491008,0.4253,outdoor,0|1|2|3,Tile_3,783,-0.0891572,-0.0891572,0.914702,0,0.932658,0.0891572,0.019441,0.019027,123.746
