region,tile,sample_id,image_id,camera_id,face_id,crop_x,crop_y,crop_w,crop_h,radius_px,return_range_median_m,returns_in_strict_band_of_window_nearest_frac,windows_r1_loose_violation_frac,has_roi,pixels,rgb_valid_px,lidar_return_px,current_support_px,strict_support_px,rejected_px,current_support_frac_all,current_support_frac_rgb,strict_support_frac_all,strict_support_frac_rgb,rejected_frac_of_current,loose_violation_frac_of_current,rejected_discontinuity_px,rejected_discontinuity_frac_of_current,rejected_interior_band_px,rejected_interior_band_frac_of_current,rejected_edge_erosion_px,rejected_edge_erosion_frac_of_current,roi_pixels,roi_rgb_valid_px,roi_lidar_return_px,roi_current_support_px,roi_strict_support_px,roi_rejected_px,roi_current_support_frac_all,roi_current_support_frac_rgb,roi_strict_support_frac_all,roi_strict_support_frac_rgb,roi_rejected_frac_of_current,roi_loose_violation_frac_of_current,roi_rejected_discontinuity_px,roi_rejected_discontinuity_frac_of_current,roi_rejected_interior_band_px,roi_rejected_interior_band_frac_of_current,roi_rejected_edge_erosion_px,roi_rejected_edge_erosion_frac_of_current
indoor_door_leaf_Tile_1,Tile_1,img_02167f65b42e301e9acb4f89::pitch_up_56,img_02167f65b42e301e9acb4f89,right,pitch_up_56,0,0,2912,1456,6,3.319459915161133,0.3332616474165261,0.06539094623401782,False,4239872,4087900,269695,3973299,508032,3465267,0.9371271113844947,0.9719658015117787,0.11982248520710059,0.12427701264708041,0.8721384924718729,0.7921525664189883,3147459,0.7921525664189883,114364,0.028783134619367937,203444,0.05120279143351658,,,,,,,,,,,,,,,,,,
indoor_door_leaf_Tile_1,Tile_1,img_02167f65b42e301e9acb4f89::yaw_minus_35,img_02167f65b42e301e9acb4f89,right,yaw_minus_35,0,0,1456,1680,6,4.640505313873291,0.29666962488997967,0.47925479429108353,True,2446080,2364718,547626,2351738,266174,2085564,0.9614313513867085,0.9945109734014795,0.10881655546834118,0.11256056747569901,0.8868181744735171,0.8282534023773056,1947835,0.8282534023773056,67538,0.028718335120663952,70191,0.029846436975547445,108267,103284,27434,103284,2875,100409,0.9539748953974896,1.0,0.026554721198518476,0.02783587002827156,0.9721641299717284,0.850364044769761,87829,0.850364044769761,8648,0.08373029704504086,3932,0.038069788156926535
indoor_door_leaf_Tile_1,Tile_1,img_02167f65b42e301e9acb4f89::yaw_plus_35,img_02167f65b42e301e9acb4f89,right,yaw_plus_35,0,0,1243,1864,6,4.301693439483643,0.16360932155704902,0.48802355323457314,True,2316952,2261703,632684,2259167,64921,2194246,0.9750599062906784,0.9988787210345479,0.02802000214074353,0.02870447622875329,0.9712633019161487,0.9252879490537884,2090380,0.9252879490537884,52993,0.02345687591931008,50873,0.022518476943050248,124815,124815,33423,124762,3525,121237,0.9995753715498938,0.9995753715498938,0.028241797860834035,0.028241797860834035,0.9717462047738895,0.8195043362562319,102243,0.8195043362562319,13638,0.10931213029608375,5356,0.04292973822157388
indoor_door_leaf_Tile_1,Tile_1,img_05cc6ae9bfec314d854c8837::pitch_up_56,img_05cc6ae9bfec314d854c8837,right,pitch_up_56,0,0,1116,1116,6,14.953282356262207,0.4646851198216608,0.026276277991960344,False,1245456,1202231,53830,1026553,178031,848522,0.8242386724219884,0.8538733404811555,0.14294443159774411,0.1480838541012501,0.8265739810803728,0.5732884712235997,588511,0.5732884712235997,124837,0.12160794425616603,135174,0.1316775656006071,,,,,,,,,,,,,,,,,,
indoor_door_leaf_Tile_1,Tile_1,img_05cc6ae9bfec314d854c8837::yaw_minus_35,img_05cc6ae9bfec314d854c8837,right,yaw_minus_35,0,0,926,1389,6,7.104509353637695,0.5135319673642482,0.2399490615373872,True,1286214,1244273,347104,1228982,113868,1115114,0.9555035165221339,0.9877108962422234,0.08852959149877081,0.09151367907203645,0.9073477072894477,0.6796478711649153,835275,0.6796478711649153,223678,0.18200266562081463,56161,0.04569717050371771,83916,83916,36418,83916,1604,82312,1.0,1.0,0.019114352447685782,0.019114352447685782,0.9808856475523142,0.5331760331760331,44742,0.5331760331760331,33877,0.40370132036798706,3693,0.04400829400829401
indoor_door_leaf_Tile_1,Tile_1,img_0cfe3b000d78b3cbe984aa45::pitch_down_56,img_0cfe3b000d78b3cbe984aa45,right,pitch_down_56,0,0,2912,1456,6,1.7358462810516357,1.0,0.0,False,4239872,4087900,14759,1906237,1906237,0,0.4495977708761019,0.4663120428581912,0.4495977708761019,0.4663120428581912,0.0,0.0,0,0.0,0,0.0,0,0.0,,,,,,,,,,,,,,,,,,
indoor_door_leaf_Tile_1,Tile_1,img_0cfe3b000d78b3cbe984aa45::pitch_up_56,img_0cfe3b000d78b3cbe984aa45,right,pitch_up_56,0,0,2335,1456,6,4.989421367645264,0.2930685333776363,0.06707336175642153,True,3399760,3302678,222709,3118718,370067,2748651,0.9173347530413911,0.9442997470537545,0.10885091888839213,0.11205058440453475,0.8813400249717993,0.7859559601092501,2451175,0.7859559601092501,100331,0.03217059060806395,197145,0.06321347425448534,244800,230724,18246,230507,43388,187119,0.9416135620915033,0.9990594823252024,0.17723856209150327,0.1880515247655207,0.8117714429496719,0.6694243558763943,154307,0.6694243558763943,14527,0.06302194727275094,18285,0.07932513980052666
indoor_door_leaf_Tile_1,Tile_1,img_0cfe3b000d78b3cbe984aa45::yaw_minus_35,img_0cfe3b000d78b3cbe984aa45,right,yaw_minus_35,0,0,1456,2912,6,4.657363414764404,0.34504299245757797,0.37869101727205845,True,4239872,4087900,613596,3712337,1760663,1951674,0.8755776117769593,0.9081281342498594,0.4152632437960391,0.4307010934709753,0.5257265167467285,0.4482968545150939,1664229,0.4482968545150939,191599,0.05161142428610334,95846,0.025818237945531345,385968,385968,95944,380016,65914,314102,0.9845790324586494,0.9845790324586494,0.17077581561165692,0.17077581561165692,0.8265494084459601,0.6068744473916887,230622,0.6068744473916887,56669,0.14912266851922024,26811,0.07055229253505116
indoor_door_leaf_Tile_1,Tile_1,img_0cfe3b000d78b3cbe984aa45::yaw_plus_35,img_0cfe3b000d78b3cbe984aa45,right,yaw_plus_35,0,0,1456,2912,6,8.455997467041016,0.6177006717965781,0.18103396742430045,False,4239872,4087900,565052,3677397,1566106,2111291,0.8673367969599082,0.899580958438318,0.36937577360825985,0.38310770811419065,0.5741264813127329,0.3957269231469977,1455245,0.3957269231469977,424387,0.11540418399210094,231659,0.06299537417363422,,,,,,,,,,,,,,,,,,
indoor_door_leaf_Tile_1,Tile_1,img_0fd1829e4d452fc9e06670fe::pitch_up_56,img_0fd1829e4d452fc9e06670fe,right,pitch_up_56,0,0,1131,1080,6,14.245028495788574,0.42407906558849956,0.030811065965313272,False,1221480,1178939,54537,1012650,154004,858646,0.8290352686904411,0.8589502934418151,0.12607983757409044,0.13062932009204886,0.8479198143484916,0.6272157211277342,635150,0.6272157211277342,99888,0.0986402014516368,123608,0.12206389176912062,,,,,,,,,,,,,,,,,,
indoor_door_leaf_Tile_1,Tile_1,img_0fd1829e4d452fc9e06670fe::yaw_minus_35,img_0fd1829e4d452fc9e06670fe,right,yaw_minus_35,0,0,855,1335,6,7.131777763366699,0.5347327573297219,0.22166050312643867,True,1141425,1101836,307174,1090256,98483,991773,0.9551709485949581,0.9894902689692477,0.08628074555927898,0.08938081529374607,0.9096698390102875,0.657621696188785,716976,0.657621696188785,220468,0.20221672708061225,54329,0.049831415740890214,98723,98723,38000,98723,1422,97301,1.0,1.0,0.014403938291988695,0.014403938291988695,0.9855960617080113,0.584726963321617,57726,0.584726963321617,35601,0.36061505424267903,3974,0.040254044143715244
indoor_door_leaf_Tile_1,Tile_1,img_1a38b2127348ddbd3e540b2f::pitch_up_56,img_1a38b2127348ddbd3e540b2f,right,pitch_up_56,0,128,2560,1328,6,22.51767349243164,0.5430795008598263,0.024623826677982522,False,3399680,3334025,136074,2446241,589987,1856254,0.7195503694465362,0.733720053088984,0.17354192159262047,0.17695938092845734,0.7588189389352888,0.4893736962139053,1197126,0.4893736962139053,328447,0.134266002409411,330681,0.13517924031197254,,,,,,,,,,,,,,,,,,
indoor_door_leaf_Tile_1,Tile_1,img_1a38b2127348ddbd3e540b2f::yaw_minus_35,img_1a38b2127348ddbd3e540b2f,right,yaw_minus_35,475,500,981,985,6,6.462996482849121,0.49417152122995617,0.36662670438404155,True,966285,954465,333020,954465,64523,889942,0.9877675840978594,1.0,0.06677429536834371,0.0676012216267752,0.9323987783732248,0.7418009041714468,708023,0.7418009041714468,143859,0.15072213229400763,38060,0.03987574190777032,82626,82626,30355,82626,1757,80869,1.0,1.0,0.02126449301672597,0.02126449301672597,0.978735506983274,0.5426863214968654,44840,0.5426863214968654,28417,0.34392322029385425,7612,0.09212596519255441
indoor_door_leaf_Tile_1,Tile_1,img_1a38b2127348ddbd3e540b2f::yaw_plus_35,img_1a38b2127348ddbd3e540b2f,right,yaw_plus_35,0,7,751,1506,6,13.074874877929688,0.5256403516841677,0.15610415311610043,False,1131006,1097034,152182,951331,129543,821788,0.8411370054623937,0.8671846086812259,0.11453785391058934,0.11808476309758859,0.8638297290848296,0.5794828508689405,551280,0.5794828508689405,164964,0.17340336854365096,105544,0.11094350967223816,,,,,,,,,,,,,,,,,,
indoor_door_leaf_Tile_1,Tile_1,img_1fb3a72aca781ca07d397457::pitch_up_56,img_1fb3a72aca781ca07d397457,right,pitch_up_56,0,0,1085,1085,6,14.746854782104492,0.4484651859246319,0.026850950405020935,False,1177225,1135116,52091,986500,159564,826936,0.837987640425577,0.869074173917027,0.13554248338253094,0.1405706553339042,0.8382524075012671,0.5906082108464268,582635,0.5906082108464268,114882,0.11645413076533198,129419,0.13119006588950835,,,,,,,,,,,,,,,,,,
indoor_door_leaf_Tile_1,Tile_1,img_1fb3a72aca781ca07d397457::yaw_minus_35,img_1fb3a72aca781ca07d397457,right,yaw_minus_35,0,0,915,1382,6,7.095901012420654,0.5185616448400768,0.23874768673465369,True,1264530,1222937,340945,1208629,113590,1095039,0.9557930614536626,0.9883002967446401,0.0898278411741912,0.09288295308752617,0.9060174793092007,0.6763299573318198,817432,0.6763299573318198,221984,0.18366595539243225,55623,0.04602156658494873,86700,86700,36784,86700,1533,85167,1.0,1.0,0.017681660899653978,0.017681660899653978,0.982318339100346,0.5560438292964245,48209,0.5560438292964245,33509,0.3864936562860438,3449,0.03978085351787774
indoor_door_leaf_Tile_1,Tile_1,img_26e10d650ada982eed86237e::pitch_down_56,img_26e10d650ada982eed86237e,right,pitch_down_56,0,0,2912,1456,6,1.9650468826293945,1.0,0.0,False,4239872,4087900,16666,1917276,1917276,0,0.4522013872116894,0.46901245138090464,0.4522013872116894,0.46901245138090464,0.0,0.0,0,0.0,0,0.0,0,0.0,,,,,,,,,,,,,,,,,,
indoor_door_leaf_Tile_1,Tile_1,img_26e10d650ada982eed86237e::pitch_up_56,img_26e10d650ada982eed86237e,right,pitch_up_56,0,0,2898,1456,6,4.655230522155762,0.40712111354204944,0.07241075378950192,True,4219488,4087900,296639,3843269,502581,3340688,0.9108377604107418,0.9401572934758679,0.11910947489363638,0.12294356515570341,0.8692308552953228,0.733469085822512,2818919,0.733469085822512,235586,0.061298337430973474,286183,0.0744634320418373,852396,852396,87582,852370,134374,717996,0.9999694977451795,0.9999694977451795,0.15764269189437774,0.15764269189437774,0.8423524995013902,0.6351971561645764,541423,0.6351971561645764,115625,0.1356511843448268,60948,0.07150415899198705
indoor_door_leaf_Tile_1,Tile_1,img_26e10d650ada982eed86237e::yaw_minus_35,img_26e10d650ada982eed86237e,right,yaw_minus_35,157,0,1299,2912,6,4.912454128265381,0.4308920275621239,0.2995922635833803,True,3782688,3679294,481095,3231672,1707135,1524537,0.8543321574499404,0.8783402467973476,0.4513020899423902,0.46398439483226944,0.47174867994029096,0.37777720016140254,1220852,0.37777720016140254,213129,0.06595007166568885,90556,0.028021408113199607,252300,252300,65954,252300,22050,230250,1.0,1.0,0.08739595719381689,0.08739595719381689,0.9126040428061831,0.747970669837495,188713,0.747970669837495,28343,0.11233848592944908,13194,0.052294887039239
indoor_door_leaf_Tile_1,Tile_1,img_26e10d650ada982eed86237e::yaw_plus_35,img_26e10d650ada982eed86237e,right,yaw_plus_35,0,0,1456,2912,6,6.956271171569824,0.5342627812265233,0.24812942357171505,False,4239872,4087900,632275,3671434,1437779,2233655,0.865930386577708,0.898122263264757,0.3391090580092984,0.3517157953961692,0.608387621839314,0.44176989154646384,1621929,0.44176989154646384,413008,0.1124922850308626,198718,0.05412544526198755,,,,,,,,,,,,,,,,,,
indoor_door_leaf_Tile_1,Tile_1,img_28ae3ec748a5e0d8c78031df::pitch_up_56,img_28ae3ec748a5e0d8c78031df,right,pitch_up_56,0,133,1827,1323,6,20.539310455322266,0.4711752383117621,0.026061049834770426,False,2417121,2360387,123158,2023174,356810,1666364,0.8370180888751535,0.857136562775511,0.14761776510154023,0.15116588932238653,0.8236385006924762,0.5721168816918367,1157492,0.5721168816918367,254652,0.12586757243815905,254220,0.12565404656248053,,,,,,,,,,,,,,,,,,
indoor_door_leaf_Tile_1,Tile_1,img_28ae3ec748a5e0d8c78031df::yaw_minus_35,img_28ae3ec748a5e0d8c78031df,right,yaw_minus_35,226,0,1230,1471,6,6.794406890869141,0.4509775819286387,0.32516563300683843,True,1809330,1759109,467480,1721500,159517,1561983,0.9514571692283884,0.9786204265909617,0.08816357436178032,0.09068056612751114,0.9073383677025849,0.6972210281731048,1200266,0.6972210281731048,259663,0.150835318036596,102054,0.05928202149288411,63888,63888,29560,63888,4878,59010,1.0,1.0,0.07635236664162284,0.07635236664162284,0.9236476333583772,0.36775294264963687,23495,0.36775294264963687,29866,0.46747433007763584,5649,0.08842036063110444
indoor_door_leaf_Tile_1,Tile_1,img_2b4f13c695909781ea9270a7::pitch_up_56,img_2b4f13c695909781ea9270a7,left,pitch_up_56,2264,826,648,630,6,6.315662384033203,0.2437192118226601,0.026051345384216565,False,408240,382295,40600,382291,119,382172,0.9364368998628257,0.9999895368759727,0.0002914951989026063,0.000311277939810879,0.9996887188032153,0.9603051078890165,367116,0.9603051078890165,13709,0.03586011703126676,1347,0.003523493882932112,,,,,,,,,,,,,,,,,,
indoor_door_leaf_Tile_1,Tile_1,img_2b4f13c695909781ea9270a7::yaw_plus_35,img_2b4f13c695909781ea9270a7,left,yaw_plus_35,449,72,1007,1259,6,6.253204822540283,0.4412272607774507,0.38500827794770676,True,1267813,1251612,387986,1249656,90308,1159348,0.9856784872847967,0.9984372153670626,0.07123132512444659,0.07215335103850075,0.9277337123176298,0.7759423393317841,969661,0.7759423393317841,150890,0.12074522908704476,38797,0.03104614389880095,108671,108671,37971,108671,1624,107047,1.0,1.0,0.014944189342142799,0.014944189342142799,0.9850558106578572,0.5394539481554417,58623,0.5394539481554417,43236,0.397861434973452,5188,0.04774042752896357
indoor_door_leaf_Tile_1,Tile_1,img_552ccaef249d70922a2b9ae7::pitch_up_56,img_552ccaef249d70922a2b9ae7,right,pitch_up_56,0,0,2912,1456,6,17.755327224731445,0.6286715861252061,0.02060193832506406,True,4239872,4087900,187419,3211310,866399,2344911,0.7574072990882743,0.7855647153795348,0.2043455557148895,0.21194231757136917,0.7302038731857092,0.4263870507674438,1369261,0.4263870507674438,536139,0.16695336171219846,439511,0.136863460706067,94710,89122,8673,89122,8661,80461,0.9409988385598141,1.0,0.09144757681343048,0.09718139180000449,0.9028186081999955,0.13815892821076725,12313,0.13815892821076725,55650,0.6244249455802159,12498,0.14023473440901235
indoor_door_leaf_Tile_1,Tile_1,img_552ccaef249d70922a2b9ae7::yaw_minus_35,img_552ccaef249d70922a2b9ae7,right,yaw_minus_35,293,341,1163,1279,6,6.162937164306641,0.614665669489514,0.27917337134988307,True,1487477,1472129,446594,1440882,359086,1081796,0.9686751459014156,0.9787742786128117,0.24140608560670182,0.24392291708131555,0.7507873649611835,0.5422657788771045,781341,0.5422657788771045,228891,0.15885478477765702,71564,0.04966680130642204,72828,72828,33421,72828,487,72341,1.0,1.0,0.006686988520898556,0.006686988520898556,0.9933130114791014,0.7117866754544955,51838,0.7117866754544955,18900,0.25951557093425603,1603,0.022010765090349865
indoor_door_leaf_Tile_1,Tile_1,img_552ccaef249d70922a2b9ae7::yaw_plus_35,img_552ccaef249d70922a2b9ae7,right,yaw_plus_35,0,17,1402,1990,6,14.552313804626465,0.5942652059882795,0.12489086323659314,False,2789980,2707942,398445,2394152,632620,1761532,0.8581251478505222,0.8841223334916332,0.2267471451408254,0.23361652502158467,0.7357644794482556,0.45272647684858774,1083896,0.45272647684858774,434944,0.18166933427785706,242692,0.10136866832181081,,,,,,,,,,,,,,,,,,
indoor_door_leaf_Tile_1,Tile_1,img_5550c6ee126a8a927e97dac2::pitch_up_56,img_5550c6ee126a8a927e97dac2,right,pitch_up_56,0,283,1742,1173,6,20.537410736083984,0.4719958333735207,0.023688586743676396,False,2043366,1991261,103681,1741484,277180,1464304,0.8522623945000553,0.8745634047972617,0.13564872861738916,0.1391982266513531,0.8408368954294154,0.5850849045986067,1018916,0.5850849045986067,224276,0.12878441604975985,221112,0.1269675747810488,,,,,,,,,,,,,,,,,,
indoor_door_leaf_Tile_1,Tile_1,img_5550c6ee126a8a927e97dac2::yaw_minus_35,img_5550c6ee126a8a927e97dac2,right,yaw_minus_35,154,0,1302,1490,6,6.933998107910156,0.43400805173308643,0.32001418748738003,True,1939980,1887803,499023,1849751,176318,1673433,0.9534897266982134,0.9798432357613586,0.09088650398457716,0.09339851668844683,0.9046801434355218,0.6952654708660787,1286068,0.6952654708660787,284291,0.15369149685552272,103074,0.055723175713920416,61805,61805,30372,61805,6142,55663,1.0,1.0,0.09937707305234204,0.09937707305234204,0.900622926947658,0.40446565811827523,24998,0.40446565811827523,25450,0.4117789822829868,5215,0.08437828654639593
indoor_door_leaf_Tile_1,Tile_1,img_595254c320c27cdb74e35158::pitch_down_56,img_595254c320c27cdb74e35158,right,pitch_down_56,0,0,2912,1456,6,1.6768394708633423,0.9024172729406242,0.0017692478320112386,False,4239872,4087900,21305,2032004,1596637,435367,0.4792606946624804,0.4970777171652927,0.3765766985418428,0.39057633503754985,0.21425499162403225,0.06603382670506554,134181,0.06603382670506554,98904,0.04867313253320368,202282,0.09954803238576301,,,,,,,,,,,,,,,,,,
indoor_door_leaf_Tile_1,Tile_1,img_595254c320c27cdb74e35158::pitch_up_56,img_595254c320c27cdb74e35158,right,pitch_up_56,0,0,2912,1456,6,3.2051429748535156,0.40732493965870115,0.050850879417297136,True,4239872,4087900,283388,4050750,601001,3449749,0.9553944081330757,0.9909122043102816,0.14174979810711266,0.14701949656302746,0.8516321668826761,0.7169445164475714,2904163,0.7169445164475714,276481,0.06825427389989508,269105,0.06643337653520953,525797,504104,28157,501082,8226,492856,0.9529951673364435,0.9940052052751019,0.015644821100158426,0.016318061352419342,0.9835835252513561,0.9212963147748273,461645,0.9212963147748273,14869,0.029673785927253424,16342,0.03261342454927537
indoor_door_leaf_Tile_1,Tile_1,img_595254c320c27cdb74e35158::yaw_minus_35,img_595254c320c27cdb74e35158,right,yaw_minus_35,0,0,1456,2785,6,4.396757125854492,0.3042559587418918,0.34955269665872263,False,4054960,3946310,575499,3364440,1260745,2103695,0.8297097875194823,0.8525533979844462,0.31091428768717816,0.3194743950677975,0.6252734481815696,0.5040321717730142,1695786,0.5040321717730142,239274,0.07111852195313335,168635,0.050122754455422004,,,,,,,,,,,,,,,,,,
indoor_door_leaf_Tile_1,Tile_1,img_595254c320c27cdb74e35158::yaw_plus_35,img_595254c320c27cdb74e35158,right,yaw_plus_35,0,0,1456,2912,6,4.321096420288086,0.2606357083308042,0.47972188166056406,True,4239872,4087900,807257,3862642,829884,3032758,0.9110279744294167,0.944896401575381,0.19573326741939379,0.20300985836248442,0.7851511996193279,0.70266827730864,2714156,0.70266827730864,173740,0.044979576155387946,144862,0.03750334615529992,1485900,1485900,408564,1482736,33845,1448891,0.9978706507840366,0.9978706507840366,0.022777441281378288,0.022777441281378288,0.9771739540956718,0.9489700121936744,1407072,0.9489700121936744,11917,0.008037169125184793,29902,0.020166772776812596
indoor_door_leaf_Tile_1,Tile_1,img_5e8f6477648ca5ac8d8ba881::pitch_up_56,img_5e8f6477648ca5ac8d8ba881,right,pitch_up_56,0,236,1950,1220,6,21.762714385986328,0.5135215964909101,0.020805096459585688,False,2379000,2323271,110342,1886071,392851,1493220,0.7927999159310635,0.811817045880571,0.16513282891971418,0.16909391973644056,0.7917093258949425,0.510953723375207,963695,0.510953723375207,274487,0.14553375774294816,255038,0.1352218447767873,,,,,,,,,,,,,,,,,,
indoor_door_leaf_Tile_1,Tile_1,img_5e8f6477648ca5ac8d8ba881::yaw_minus_35,img_5e8f6477648ca5ac8d8ba881,right,yaw_minus_35,338,168,1118,1364,6,6.735621929168701,0.4676135171062758,0.3389475456438051,True,1524952,1508424,428790,1474933,137023,1337910,0.9671996233324065,0.9777973567113756,0.08985397573169517,0.0908385175520941,0.9070988309299474,0.6985964786197068,1030383,0.6985964786197068,221857,0.15041835798643058,85670,0.058083994323809965,60742,60742,27969,60742,3030,57712,1.0,1.0,0.04988311217938165,0.04988311217938165,0.9501168878206183,0.3565243159593033,21656,0.3565243159593033,30922,0.5090711534029173,5134,0.08452141845839782
indoor_door_leaf_Tile_1,Tile_1,img_5e8f6477648ca5ac8d8ba881::yaw_plus_35,img_5e8f6477648ca5ac8d8ba881,right,yaw_plus_35,0,0,460,1027,6,14.50830078125,0.5247599469150902,0.09779074887804147,False,472420,446007,38429,387076,50541,336535,0.8193471910588036,0.8678697867970682,0.10698319292155285,0.11331884925572917,0.8694287426758569,0.5697149913712036,220523,0.5697149913712036,72085,0.18622957765400078,43927,0.11348417365065258,,,,,,,,,,,,,,,,,,
indoor_door_leaf_Tile_1,Tile_1,img_6f0133802dcbba5715db2a6b::pitch_up_56,img_6f0133802dcbba5715db2a6b,right,pitch_up_56,0,181,2370,1275,6,23.63802719116211,0.5698292252325661,0.021750206692096534,False,3021750,2959661,117816,2201706,562580,1639126,0.7286195085629188,0.7439047917987904,0.18617688425581203,0.19008258040363407,0.7444799623564636,0.44681533320070893,983756,0.44681533320070893,340588,0.1546927700610345,314782,0.14297185909472018,,,,,,,,,,,,,,,,,,
indoor_door_leaf_Tile_1,Tile_1,img_6f0133802dcbba5715db2a6b::yaw_minus_35,img_6f0133802dcbba5715db2a6b,right,yaw_minus_35,486,494,970,1020,6,6.5507917404174805,0.49217865899660507,0.3772846306029359,True,989400,977160,339328,976922,72000,904922,0.9873883161512027,0.9997564370215727,0.07277137659187387,0.07368291784354661,0.9262991313533732,0.7363310479239898,719338,0.7363310479239898,149083,0.15260481389507044,36501,0.03736326953431287,75589,75589,28323,75589,3037,72552,1.0,1.0,0.04017780364867904,0.04017780364867904,0.9598221963513209,0.44837211763616397,33892,0.44837211763616397,31847,0.4213179166280808,6813,0.09013216208707617
indoor_door_leaf_Tile_1,Tile_1,img_6f0133802dcbba5715db2a6b::yaw_plus_35,img_6f0133802dcbba5715db2a6b,right,yaw_plus_35,0,0,752,1233,6,14.115751266479492,0.5403739449828071,0.11950022979169116,False,927216,891323,102368,775479,109860,665619,0.8363520474193715,0.870031402757474,0.11848371900398613,0.12325498163965251,0.8583327208086873,0.5585953971674281,433179,0.5585953971674281,138002,0.17795710780046914,94438,0.12178021584079002,,,,,,,,,,,,,,,,,,
indoor_door_leaf_Tile_1,Tile_1,img_72d329aaeffd9ca5bb751d0f::pitch_up_56,img_72d329aaeffd9ca5bb751d0f,right,pitch_up_56,0,22,2912,1434,6,18.471837997436523,0.6246574688214539,0.017829691196726255,True,4175808,4062048,167503,3066360,824024,2242336,0.734315370821647,0.754880296835488,0.1973328275629531,0.2028592473550288,0.7312696487040008,0.4267166934084713,1308467,0.4267166934084713,517761,0.16885199389504169,416108,0.13570096140048787,35462,30083,2728,30083,4614,25469,0.8483165078111782,1.0,0.1301111048446224,0.15337566067214042,0.8466243393278596,0.08190672472825183,2464,0.08190672472825183,16632,0.5528703919156999,6373,0.21184722268390785
indoor_door_leaf_Tile_1,Tile_1,img_72d329aaeffd9ca5bb751d0f::yaw_minus_35,img_72d329aaeffd9ca5bb751d0f,right,yaw_minus_35,201,312,1255,1344,6,6.1646728515625,0.46615045168810626,0.35077144651746067,True,1686720,1670592,480420,1607893,341283,1266610,0.9532661022576361,0.9624689930276213,0.2023353016505407,0.20428865934950005,0.787745204438355,0.615851925470165,990224,0.615851925470165,221886,0.13799798867213178,54500,0.033895290296058256,83980,83980,39899,83980,314,83666,1.0,1.0,0.003738985472731603,0.003738985472731603,0.9962610145272685,0.8468563943796142,71119,0.8468563943796142,11591,0.13802095737080258,956,0.011383662776851631
indoor_door_leaf_Tile_1,Tile_1,img_72d329aaeffd9ca5bb751d0f::yaw_plus_35,img_72d329aaeffd9ca5bb751d0f,right,yaw_plus_35,0,0,1456,1913,6,15.89003849029541,0.5972779673110798,0.12277502785768504,False,2785328,2649716,358776,2242296,528530,1713766,0.8050384012224054,0.8462401253568307,0.1897550306463009,0.19946665982316594,0.764290709165962,0.47903800390314216,1074145,0.47903800390314216,389658,0.17377634353359236,249963,0.11147636172922754,,,,,,,,,,,,,,,,,,
indoor_door_leaf_Tile_1,Tile_1,img_753e568dd0cb0b359ee23e57::pitch_up_56,img_753e568dd0cb0b359ee23e57,left,pitch_up_56,2163,0,749,1456,6,13.050549507141113,0.32241073752308247,0.03265663597574669,False,1090544,1031526,80689,1003901,54428,949473,0.9205506609545328,0.973219288704308,0.04990903622412301,0.05276454495572579,0.9457834985720703,0.8216328104066039,824838,0.8216328104066039,56631,0.056410940919473136,68004,0.06773974724599338,,,,,,,,,,,,,,,,,,
indoor_door_leaf_Tile_1,Tile_1,img_753e568dd0cb0b359ee23e57::yaw_plus_35,img_753e568dd0cb0b359ee23e57,left,yaw_plus_35,360,44,1096,1302,6,6.337705135345459,0.45850754866428245,0.35370989583459805,True,1426992,1409431,416630,1403858,121832,1282026,0.9837882763182975,0.9960459220777746,0.08537679258187852,0.08644055650826468,0.9132162939556565,0.7354312188269754,1032441,0.7354312188269754,193280,0.1376777423357633,56305,0.0401073327929178,101036,101036,39072,101036,1742,99294,1.0,1.0,0.017241379310344827,0.017241379310344827,0.9827586206896551,0.5357793261807673,54133,0.5357793261807673,40382,0.3996793222217823,4779,0.047299972287105585
indoor_door_leaf_Tile_1,Tile_1,img_7c4bd9a8b55c8f86fa134466::pitch_down_56,img_7c4bd9a8b55c8f86fa134466,right,pitch_down_56,327,0,2585,1456,6,1.9037022590637207,0.9148018225071569,0.0013829565343562676,False,3763760,3660678,24801,2187126,1742491,444635,0.5811013454630476,0.597464731943099,0.46296549195485365,0.47600225969069115,0.20329647217398542,0.06127493340575715,134016,0.06127493340575715,104478,0.04776953865483744,206141,0.09425200011339081,,,,,,,,,,,,,,,,,,
indoor_door_leaf_Tile_1,Tile_1,img_7c4bd9a8b55c8f86fa134466::pitch_up_56,img_7c4bd9a8b55c8f86fa134466,right,pitch_up_56,0,0,2912,1456,6,3.256680488586426,0.483769837698377,0.04259144141980487,True,4239872,4087900,266664,4053760,730851,3322909,0.9561043352252143,0.9916485236918712,0.17237572266332568,0.17878397221067052,0.8197103429902115,0.6592232889958952,2672333,0.6592232889958952,352764,0.0870214319545311,297812,0.07346562203978528,962364,962185,51201,954902,24381,930521,0.99224617712217,0.9924307695505542,0.025334488821277604,0.02533920192062857,0.9744675369828527,0.9050321394237314,864217,0.9050321394237314,23032,0.024119752602884903,43272,0.04531564495623635
indoor_door_leaf_Tile_1,Tile_1,img_7c4bd9a8b55c8f86fa134466::yaw_minus_35,img_7c4bd9a8b55c8f86fa134466,right,yaw_minus_35,0,0,1456,2912,6,4.350890636444092,0.35708540074819933,0.34249979587535295,False,4239872,4087900,597969,3420879,1194846,2226033,0.8068354422020287,0.8368304019178552,0.28181180941311434,0.29228846106803,0.6507195957530214,0.5218819490546144,1785295,0.5218819490546144,270636,0.07911299990441054,170102,0.04972464679399651,,,,,,,,,,,,,,,,,,
indoor_door_leaf_Tile_1,Tile_1,img_7c4bd9a8b55c8f86fa134466::yaw_plus_35,img_7c4bd9a8b55c8f86fa134466,right,yaw_plus_35,0,0,1456,2912,6,4.410209655761719,0.27390529301827987,0.4479974778255059,True,4239872,4087900,764611,3889520,874083,3015437,0.9173673167491849,0.9514714156412828,0.20615787457734572,0.21382201130164633,0.7752722701001666,0.6898576173923775,2683215,0.6898576173923775,187609,0.04823448651761657,144613,0.037180166190172566,1684533,1684533,423882,1675938,37002,1638936,0.99489769568183,0.99489769568183,0.021965731748799223,0.021965731748799223,0.977921617625473,0.9488572966303049,1590226,0.9488572966303049,14242,0.008497927727636703,34468,0.020566393267531378
indoor_door_leaf_Tile_1,Tile_1,img_864f94111ef95cfcf74e9828::pitch_up_56,img_864f94111ef95cfcf74e9828,right,pitch_up_56,82,0,1251,1252,6,15.323163986206055,0.4935603892386949,0.026213676716337862,False,1566252,1550336,69880,1290875,254502,1036373,0.8241809108623644,0.8326420853285997,0.16249109338727102,0.16415925321994715,0.8028453568316065,0.5436583712598044,701795,0.5436583712598044,170893,0.1323853975016946,163685,0.1268015880701075,,,,,,,,,,,,,,,,,,
indoor_door_leaf_Tile_1,Tile_1,img_864f94111ef95cfcf74e9828::yaw_minus_35,img_864f94111ef95cfcf74e9828,right,yaw_minus_35,0,0,1018,1371,6,7.062920570373535,0.49477319295317274,0.24867830663286117,True,1395678,1351745,373842,1333700,115339,1218361,0.9555929089661083,0.9866505886835165,0.08264012186191944,0.08532600453487899,0.9135195321286647,0.6924975631701282,923584,0.6924975631701282,237191,0.17784434280572842,57586,0.04317762615280798,79212,79212,35373,79212,2866,76346,1.0,1.0,0.036181386658587084,0.036181386658587084,0.9638186133414129,0.4749911629551078,37625,0.4749911629551078,34838,0.4398070999343534,3883,0.04902035045195172
indoor_door_leaf_Tile_1,Tile_1,img_88226fd046cc5356cc68c8ec::pitch_up_56,img_88226fd046cc5356cc68c8ec,right,pitch_up_56,0,0,2912,1456,6,18.78076934814453,0.6620965536105032,0.017693115428796945,True,4239872,4087900,175488,3170847,949329,2221518,0.7478638506068108,0.7756664791213093,0.22390510845610434,0.2322290173438685,0.7006071248470834,0.3672350006165545,1164446,0.3672350006165545,597081,0.18830331454024746,459991,0.1450688096902815,56964,52420,5118,52420,3619,48801,0.9202303209044309,1.0,0.06353135313531354,0.06903853491033957,0.9309614650896605,0.12252956886684471,6423,0.12252956886684471,34768,0.6632582983594048,7610,0.1451735978634109
indoor_door_leaf_Tile_1,Tile_1,img_88226fd046cc5356cc68c8ec::yaw_minus_35,img_88226fd046cc5356cc68c8ec,right,yaw_minus_35,357,239,1099,1396,6,6.085346221923828,0.6389826317500584,0.255142663462131,True,1534204,1517435,436774,1465974,358173,1107801,0.9555274266003738,0.9660868505076,0.23345852311687362,0.23603844645734415,0.755675748683128,0.538838342289836,789923,0.538838342289836,245556,0.1675036528615105,72322,0.0493337535317816,67044,67044,30549,67044,434,66610,1.0,1.0,0.00647336077799654,0.00647336077799654,0.9935266392220035,0.6174452598293658,41396,0.6174452598293658,23464,0.3499791181910387,1750,0.02610226120159895
indoor_door_leaf_Tile_1,Tile_1,img_88226fd046cc5356cc68c8ec::yaw_plus_35,img_88226fd046cc5356cc68c8ec,right,yaw_plus_35,0,0,1456,2128,6,13.801497459411621,0.6022846215080265,0.12375554279711225,False,3098368,2979076,430881,2604165,794155,1810010,0.8404957061265802,0.8741519182457916,0.2563139691605387,0.26657762339732183,0.6950442848283422,0.41492493755196,1080533,0.41492493755196,464406,0.1783320181324916,265071,0.10178732914389065,,,,,,,,,,,,,,,,,,
indoor_door_leaf_Tile_1,Tile_1,img_8a5782154627496067ab070d::pitch_up_56,img_8a5782154627496067ab070d,right,pitch_up_56,45,301,2732,1155,6,21.69101333618164,0.5373143066227589,0.02303268484521708,False,3155460,3120455,136650,2484430,515019,1969411,0.7873432082802507,0.7961755577311642,0.16321518891065012,0.1650461230814096,0.7927013439702467,0.5149197200162613,1279282,0.5149197200162613,334130,0.13448960123650092,355999,0.14329202271748448,,,,,,,,,,,,,,,,,,
indoor_door_leaf_Tile_1,Tile_1,img_8a5782154627496067ab070d::yaw_minus_35,img_8a5782154627496067ab070d,right,yaw_minus_35,481,537,975,994,6,6.176362037658691,0.5289913874186231,0.3582223196220885,True,969150,957222,325338,957209,95965,861244,0.987678893876077,0.9999864190334112,0.09901975958313987,0.10025365066828802,0.8997449877717405,0.7188074913629103,688049,0.7188074913629103,125913,0.13154180539464214,47282,0.04939569101418812,101043,101043,34844,101043,889,100154,1.0,1.0,0.008798234415051018,0.008798234415051018,0.991201765584949,0.7306493275140287,73827,0.7306493275140287,20573,0.20360638540027512,5754,0.05694605267064517
indoor_door_leaf_Tile_1,Tile_1,img_8a5782154627496067ab070d::yaw_plus_35,img_8a5782154627496067ab070d,right,yaw_plus_35,0,0,900,1570,6,12.297811508178711,0.5119905114356544,0.18883011839415603,True,1413000,1358658,196447,1180049,165093,1014956,0.835137296532201,0.8685401329841652,0.11683864118895966,0.12151181533542657,0.8600964875187387,0.5948236047825133,701921,0.5948236047825133,188012,0.1593255873273059,125023,0.10594729540891946,896,736,194,736,3,733,0.8214285714285714,1.0,0.0033482142857142855,0.004076086956521739,0.9959239130434783,0.0,0,0.0,688,0.9347826086956522,45,0.06114130434782609
indoor_door_leaf_Tile_1,Tile_1,img_8c80111aab308428694788f4::pitch_up_56,img_8c80111aab308428694788f4,right,pitch_up_56,0,0,2912,1456,6,18.700279235839844,0.6114900595358344,0.019909276929747165,True,4239872,4087900,168302,3153528,816148,2337380,0.7437790574809806,0.7714298294968076,0.192493546975003,0.19964969788889161,0.7411952581362842,0.45327328630029606,1429410,0.45327328630029606,480818,0.15246986866772708,427152,0.13545210316826106,5814,1816,162,1816,4,1812,0.31234950120399035,1.0,0.0006879944960440316,0.0022026431718061676,0.9977973568281938,0.17180616740088106,312,0.17180616740088106,1245,0.6855726872246696,255,0.14041850220264318
indoor_door_leaf_Tile_1,Tile_1,img_8c80111aab308428694788f4::yaw_minus_35,img_8c80111aab308428694788f4,right,yaw_minus_35,177,488,1279,1156,6,6.234104156494141,0.49350116381360465,0.34362141355148346,True,1478524,1464652,475162,1431224,283209,1148015,0.9680086356393268,0.9771768310834246,0.19154846319708033,0.19336265542941258,0.8021211215015959,0.6175168946300509,883805,0.6175168946300509,219584,0.15342392246077483,44626,0.031180304410770084,73606,73606,37096,73606,442,73164,1.0,1.0,0.006004945249028612,0.006004945249028612,0.9939950547509714,0.8403255169415537,61853,0.8403255169415537,10126,0.13757030676846996,1185,0.016099231040947747
indoor_door_leaf_Tile_1,Tile_1,img_8c80111aab308428694788f4::yaw_plus_35,img_8c80111aab308428694788f4,right,yaw_plus_35,0,0,1456,1909,6,15.399765014648438,0.5989263311288598,0.12305715952092035,False,2779504,2639247,358211,2232743,522933,1709810,0.8032882845284627,0.8459772806410313,0.1881389629228812,0.19813719595020854,0.7657889869098234,0.4879141934382954,1089387,0.4879141934382954,380936,0.17061345618371662,239487,0.10726133728781145,,,,,,,,,,,,,,,,,,
indoor_door_leaf_Tile_1,Tile_1,img_93526b49c3d4ea71e085b123::pitch_up_56,img_93526b49c3d4ea71e085b123,left,pitch_up_56,2481,412,431,1029,6,7.700224876403809,0.21336767895878525,0.02162177610395219,False,443499,416054,36880,414178,5107,409071,0.9338871113576356,0.9954909699221736,0.011515245806642179,0.012274848937878256,0.9876695527043928,0.9266788675400431,383810,0.9266788675400431,11604,0.028016939576703734,13657,0.03297374558764589,,,,,,,,,,,,,,,,,,
indoor_door_leaf_Tile_1,Tile_1,img_93526b49c3d4ea71e085b123::yaw_plus_35,img_93526b49c3d4ea71e085b123,left,yaw_plus_35,565,95,891,1285,6,6.078214168548584,0.38406565436397333,0.43102728019489583,True,1144935,1128807,355559,1125467,81137,1044330,0.9829964146436261,0.9970411239476722,0.07086603169612249,0.07187854079572505,0.9279081483508623,0.8038822995254414,904743,0.8038822995254414,105471,0.09371309865149312,34116,0.030312750173927802,75750,75750,27441,75750,338,75412,1.0,1.0,0.004462046204620462,0.004462046204620462,0.9955379537953796,0.5752343234323433,43574,0.5752343234323433,29099,0.38414521452145217,2739,0.036158415841584156
indoor_door_leaf_Tile_1,Tile_1,img_954f086e75547572ac933571::pitch_up_56,img_954f086e75547572ac933571,left,pitch_up_56,2137,615,775,841,6,6.415412425994873,0.2724100830003074,0.038696096799958196,False,651775,619242,65060,618248,2296,615952,0.9485604694871697,0.9983948117214272,0.0035226880441870277,0.003707758840647114,0.9962862799394417,0.9510212730166535,587967,0.9510212730166535,21262,0.03439072993361887,6723,0.010874276989169394,,,,,,,,,,,,,,,,,,
indoor_door_leaf_Tile_1,Tile_1,img_954f086e75547572ac933571::yaw_plus_35,img_954f086e75547572ac933571,left,yaw_plus_35,391,153,1065,1131,6,6.231434345245361,0.4601104857202418,0.3806833198802797,True,1204515,1190718,383760,1189214,95773,1093441,0.9872969618477146,0.9987368965615704,0.07951167067242833,0.08043298245260423,0.9194652938831868,0.7500222836259917,891937,0.7500222836259917,166756,0.14022371078712495,34748,0.029219299470070147,119985,119985,40030,119985,3004,116981,1.0,1.0,0.02503646289119473,0.02503646289119473,0.9749635371088052,0.5268991957328,63220,0.5268991957328,47867,0.39894153435846147,5894,0.04912280701754386
indoor_door_leaf_Tile_1,Tile_1,img_9cc72b24cfc01e68bb74537b::pitch_up_56,img_9cc72b24cfc01e68bb74537b,right,pitch_up_56,2316,137,596,1319,6,21.253101348876953,0.6730631874672635,0.008516819067111214,False,786124,744262,21001,521740,144174,377566,0.6636866448550102,0.7010165774955593,0.1833985478117956,0.1937140415606332,0.7236669605550657,0.42021696630505617,219244,0.42021696630505617,70335,0.13480852531912446,87987,0.1686414689308851,,,,,,,,,,,,,,,,,,
indoor_door_leaf_Tile_1,Tile_1,img_9cc72b24cfc01e68bb74537b::yaw_minus_35,img_9cc72b24cfc01e68bb74537b,right,yaw_minus_35,760,450,696,1165,6,5.6823410987854,0.5670482420278005,0.30679935091370936,True,810840,796860,222586,795899,149337,646562,0.9815734300231859,0.9987940165148207,0.18417566967589166,0.18740682177546872,0.8123668957995926,0.6468647403753491,514839,0.6468647403753491,92588,0.11633134354987254,39135,0.049170811874370994,29400,26320,7881,26320,753,25567,0.8952380952380953,1.0,0.025612244897959182,0.028609422492401216,0.9713905775075988,0.8391337386018237,22086,0.8391337386018237,1282,0.04870820668693009,2199,0.08354863221884498
indoor_door_leaf_Tile_1,Tile_1,img_9cc72b24cfc01e68bb74537b::yaw_plus_35,img_9cc72b24cfc01e68bb74537b,right,yaw_plus_35,0,0,1221,1701,6,7.34197998046875,0.4548491972719956,0.29522735424221896,True,2076921,2006344,377712,1788338,212437,1575901,0.8610524906821203,0.8913416642410275,0.10228458376606525,0.10588264026507917,0.8812098160414865,0.6709033750890492,1199802,0.6709033750890492,221341,0.12376910852422753,154758,0.08653733242820988,121858,119948,40362,119948,55,119893,0.9843260188087775,1.0,0.00045134500812421015,0.0004585320305465702,0.9995414679694534,0.9090605929236002,109040,0.9090605929236002,9937,0.08284423250075032,916,0.007636642545102878
indoor_door_leaf_Tile_1,Tile_1,img_9f8e6e6735bab2261cf49998::pitch_up_56,img_9f8e6e6735bab2261cf49998,right,pitch_up_56,0,0,2912,1456,6,18.068828582763672,0.6439535935884177,0.01927624473988009,True,4239872,4087900,185664,3216720,914503,2302217,0.7586832810047096,0.7868881332713619,0.21569118124320735,0.2237097287115634,0.7157032629510806,0.38829863960804795,1249048,0.38829863960804795,594522,0.18482242781466834,458647,0.1425821955283643,72162,67151,6630,67151,5941,61210,0.9305590199828164,1.0,0.08232864942767662,0.0884722491102143,0.9115277508897857,0.09675209602239729,6497,0.09675209602239729,45225,0.6734821521645248,9488,0.1412935027028637
indoor_door_leaf_Tile_1,Tile_1,img_9f8e6e6735bab2261cf49998::yaw_minus_35,img_9f8e6e6735bab2261cf49998,right,yaw_minus_35,319,197,1137,1416,6,6.082257270812988,0.6170375712540944,0.26967667124574585,True,1609992,1592924,447869,1519598,365478,1154120,0.943854379400643,0.9539676720295507,0.22700609692470522,0.2294384415075672,0.7594903388922597,0.549900039352513,835627,0.549900039352513,243964,0.16054509153078644,74529,0.04904520800896026,72688,72688,32787,72688,618,72070,1.0,1.0,0.008502091129209773,0.008502091129209773,0.9914979088707903,0.6582654633502091,47848,0.6582654633502091,22444,0.3087717367378384,1778,0.02446070878274268
indoor_door_leaf_Tile_1,Tile_1,img_9f8e6e6735bab2261cf49998::yaw_plus_35,img_9f8e6e6735bab2261cf49998,right,yaw_plus_35,0,0,1456,2012,6,13.999449729919434,0.6020045271209848,0.12327805233983724,False,2929472,2800459,419251,2456236,676347,1779889,0.838456895986717,0.8770833638342858,0.23087675867869706,0.24151290913382414,0.7246408732711351,0.4307761957727189,1058088,0.4307761957727189,467052,0.19014948075022106,254749,0.10371519674819521,,,,,,,,,,,,,,,,,,
indoor_door_leaf_Tile_1,Tile_1,img_a2ef0a0058461539f6d32279::pitch_up_56,img_a2ef0a0058461539f6d32279,right,pitch_up_56,0,334,2447,1122,6,22.84261131286621,0.5343763354066758,0.024317163819755228,False,2745534,2686193,126366,2148897,479981,1668916,0.7826881765077395,0.7999786314684015,0.17482245712491631,0.17868448022908257,0.7766384335777843,0.4944653001051237,1062555,0.4944653001051237,320398,0.14909881674179823,285963,0.1330743167308624,,,,,,,,,,,,,,,,,,
indoor_door_leaf_Tile_1,Tile_1,img_a2ef0a0058461539f6d32279::yaw_minus_35,img_a2ef0a0058461539f6d32279,right,yaw_minus_35,513,321,943,1167,6,6.678147792816162,0.48378571030469075,0.3465530082248559,True,1100481,1086477,340903,1083315,72410,1010905,0.9844013663116401,0.9970896760815001,0.06579850083736112,0.06664660181485664,0.9331588688423957,0.7343736586311461,795558,0.7343736586311461,169773,0.15671619058168676,45574,0.04206901962956296,72624,72624,27785,72624,1938,70686,1.0,1.0,0.026685393258426966,0.026685393258426966,0.973314606741573,0.3953513989865609,28712,0.3953513989865609,34635,0.4769084600132188,7339,0.10105474774179335
indoor_door_leaf_Tile_1,Tile_1,img_a2ef0a0058461539f6d32279::yaw_plus_35,img_a2ef0a0058461539f6d32279,right,yaw_plus_35,0,0,725,1156,6,14.242902755737305,0.548884938590821,0.10725029902499728,False,838100,803779,86632,700442,111362,589080,0.8357499105118721,0.8714360539402,0.13287435866841665,0.13854803372568827,0.8410118182519039,0.542201923928034,379781,0.542201923928034,123768,0.17669985523426637,85531,0.12211003908960343,,,,,,,,,,,,,,,,,,
indoor_door_leaf_Tile_1,Tile_1,img_a4bc513964ab0170b07c28bc::pitch_up_56,img_a4bc513964ab0170b07c28bc,right,pitch_up_56,2240,216,672,1240,6,21.31661605834961,0.6716272044778109,0.007341782535580985,False,833280,792407,22511,569402,151459,417943,0.6833261328725039,0.7185726526898425,0.18176243279569892,0.19113788747449229,0.7340033930333929,0.4221920541199364,240397,0.4221920541199364,80273,0.1409777275106164,97273,0.17083361140284017,,,,,,,,,,,,,,,,,,
indoor_door_leaf_Tile_1,Tile_1,img_a4bc513964ab0170b07c28bc::yaw_minus_35,img_a4bc513964ab0170b07c28bc,right,yaw_minus_35,689,589,767,1079,6,5.614474296569824,0.5482331626752076,0.3470052954292085,True,827593,814645,247278,814020,173948,640072,0.9835994262880425,0.9992327946528856,0.21018544139450188,0.2135261371517655,0.7863099186752168,0.6430923073143165,523490,0.6430923073143165,82982,0.1019409842510012,33600,0.04127662710989902,61748,57799,18108,57799,168,57631,0.936046511627907,1.0,0.0027207358942799766,0.0029066246820879252,0.9970933753179121,0.9165037457395456,52973,0.9165037457395456,2698,0.04667900828734061,1960,0.033910621291025796
indoor_door_leaf_Tile_1,Tile_1,img_a4bc513964ab0170b07c28bc::yaw_plus_35,img_a4bc513964ab0170b07c28bc,right,yaw_plus_35,0,0,1229,1725,6,7.5136919021606445,0.4291097577593526,0.3222463383987901,True,2120025,2046809,381604,1811828,214055,1597773,0.8546257709225127,0.8851964203792342,0.10096814896050754,0.10457986065138467,0.8818568870775814,0.6828600728104434,1237225,0.6828600728104434,201609,0.11127380744750605,158939,0.08772300681963188,119190,115902,38977,115902,0,115902,0.9724137931034482,1.0,0.0,0.0,1.0,0.9414936756915325,109121,0.9414936756915325,6628,0.05718624355058584,153,0.0013200807578816586
indoor_door_leaf_Tile_1,Tile_1,img_b4812019b4dfa216489f95df::pitch_up_56,img_b4812019b4dfa216489f95df,right,pitch_up_56,0,0,977,865,6,14.717706680297852,0.48063619318549167,0.021345445791880916,False,845105,809572,30934,656197,142790,513407,0.7764680128504742,0.8105480426694599,0.16896125333538436,0.17637714743098823,0.7823976641161114,0.5131111541198756,336702,0.5131111541198756,80743,0.12304688988215429,95962,0.1462396201140816,,,,,,,,,,,,,,,,,,
indoor_door_leaf_Tile_1,Tile_1,img_b4812019b4dfa216489f95df::yaw_minus_35,img_b4812019b4dfa216489f95df,right,yaw_minus_35,0,0,712,1394,6,7.146368980407715,0.5636800851595017,0.18848051558328321,True,992528,955663,261157,939455,109016,830439,0.9465274531297858,0.9830400465436038,0.10983669982106298,0.11407368497053878,0.8839582523910139,0.6134524804274819,576311,0.6134524804274819,198305,0.2110851504329638,55823,0.059420621530568256,91235,91235,36000,91235,2905,88330,1.0,1.0,0.03184085055077547,0.03184085055077547,0.9681591494492245,0.4579273305200855,41779,0.4579273305200855,41186,0.4514276319394969,5365,0.058804186989642133
indoor_door_leaf_Tile_1,Tile_1,img_b7f55877796392d83c722aba::pitch_up_56,img_b7f55877796392d83c722aba,right,pitch_up_56,0,0,1478,1456,6,19.71927833557129,0.5063384199650294,0.022897978506378782,True,2151968,2075454,100656,1788087,299843,1488244,0.8309078016029978,0.8615401738607553,0.13933432095644546,0.14447104103487718,0.8323107320840653,0.5505738814722102,984474,0.5505738814722102,269099,0.15049547365424612,234671,0.13124137695760887,23858,17218,1593,17218,15,17203,0.7216866459887669,1.0,0.0006287199262301953,0.0008711813218724591,0.9991288186781275,0.08136833546288767,1401,0.08136833546288767,15046,0.8738529445928679,756,0.043907538622371935
indoor_door_leaf_Tile_1,Tile_1,img_b7f55877796392d83c722aba::yaw_minus_35,img_b7f55877796392d83c722aba,right,yaw_minus_35,0,0,1273,1414,6,6.99012565612793,0.44943276775650687,0.29253806919923847,True,1800022,1749453,463126,1705514,146731,1558783,0.9474961972687,0.9748841495027303,0.0815162259127944,0.08387250186201058,0.9139666986022982,0.7027857877449262,1198611,0.7027857877449262,282392,0.16557589090444289,77780,0.04560501995292915,67392,67392,33015,67392,3779,63613,1.0,1.0,0.056074905033238365,0.056074905033238365,0.9439250949667616,0.44117996201329535,29732,0.44117996201329535,29695,0.44063093542260207,4186,0.062114197530864196
indoor_door_leaf_Tile_1,Tile_1,img_c1d98062a4244b5006970c32::pitch_down_56,img_c1d98062a4244b5006970c32,right,pitch_down_56,4,0,2908,1456,6,1.760765552520752,1.0,0.0,False,4234048,4087900,14702,1858258,1858258,0,0.43888449068125823,0.4545752097654052,0.43888449068125823,0.4545752097654052,0.0,0.0,0,0.0,0,0.0,0,0.0,,,,,,,,,,,,,,,,,,
indoor_door_leaf_Tile_1,Tile_1,img_c1d98062a4244b5006970c32::pitch_up_56,img_c1d98062a4244b5006970c32,right,pitch_up_56,0,0,2912,1456,6,4.6137518882751465,0.4222079603586527,0.06491542644819649,True,4239872,4087900,268003,3775134,587395,3187739,0.8903886721108561,0.9234898113946036,0.13854073896570462,0.1436911372587392,0.8444041986324194,0.6991624668157475,2639432,0.6991624668157475,242860,0.06433149127951485,305447,0.08091024053715709,754682,753790,73293,753789,136115,617674,0.9988167201549791,0.9999986733705674,0.18036073472005426,0.18057416521842953,0.8194255952262504,0.6045153219269583,455677,0.6045153219269583,106191,0.14087629296792603,55806,0.07403398033136593
indoor_door_leaf_Tile_1,Tile_1,img_c1d98062a4244b5006970c32::yaw_minus_35,img_c1d98062a4244b5006970c32,right,yaw_minus_35,203,0,1253,2912,6,4.706498622894287,0.44375987361769353,0.2988401400082939,True,3648736,3547550,493740,3168359,1632626,1535733,0.8683442704542066,0.8931118659356457,0.44744974698087225,0.4602122591647757,0.4847092769474671,0.3874456777151832,1227567,0.3874456777151832,215032,0.06786857171172837,93134,0.029395027520555592,319390,319390,86367,319095,36671,282424,0.999076364319484,0.999076364319484,0.11481574250915809,0.11481574250915809,0.8850781115341826,0.6971810902709225,222467,0.6971810902709225,41158,0.12898353155016531,18799,0.058913489713094847
indoor_door_leaf_Tile_1,Tile_1,img_c1d98062a4244b5006970c32::yaw_plus_35,img_c1d98062a4244b5006970c32,right,yaw_plus_35,0,0,1456,2912,6,6.847806930541992,0.5390276196446162,0.24878143130006272,False,4239872,4087900,625352,3665250,1488067,2177183,0.8644718519804372,0.8966095061033783,0.3509697934277261,0.3640174661806796,0.5940066844007912,0.4332503921969852,1587971,0.4332503921969852,401802,0.10962471864129322,187410,0.051131573562512786,,,,,,,,,,,,,,,,,,
indoor_door_leaf_Tile_1,Tile_1,img_d0d851b2ccfa742fa1bd8d68::pitch_down_56,img_d0d851b2ccfa742fa1bd8d68,right,pitch_down_56,0,0,2891,1456,6,1.868457555770874,0.9334879483144206,0.0012650515555018115,False,4209296,4087900,24146,2283438,1931186,352252,0.5424750362055792,0.558584603341569,0.4587907336523732,0.4724151764964896,0.1542638775390442,0.04662224242567567,106459,0.04662224242567567,77039,0.03373816149157542,168754,0.0739034736217931,,,,,,,,,,,,,,,,,,
indoor_door_leaf_Tile_1,Tile_1,img_d0d851b2ccfa742fa1bd8d68::pitch_up_56,img_d0d851b2ccfa742fa1bd8d68,right,pitch_up_56,0,0,2912,1456,6,3.613377332687378,0.49249791913085383,0.04880386923094472,True,4239872,4087900,273924,4067588,710288,3357300,0.9593657544378699,0.9950311896083563,0.16752581209998793,0.1737537610998312,0.8253785781647502,0.6598441140056466,2683974,0.6598441140056466,413911,0.10175833934016916,259415,0.06377612481893447,1474457,1474457,80087,1458540,64448,1394092,0.9892048394764988,0.9892048394764988,0.043709650400113396,0.043709650400113396,0.9558133475941695,0.8931390294403994,1302679,0.8931390294403994,24727,0.0169532546244875,66686,0.04572106352928271
indoor_door_leaf_Tile_1,Tile_1,img_d0d851b2ccfa742fa1bd8d68::yaw_minus_35,img_d0d851b2ccfa742fa1bd8d68,right,yaw_minus_35,0,0,1456,2912,6,4.322359085083008,0.39425843125021665,0.33832961561064384,True,4239872,4087900,577020,3385726,1245233,2140493,0.7985443900193213,0.8282311211135301,0.2936958945930443,0.30461434966608775,0.6322109349663854,0.5100563365139412,1726911,0.5100563365139412,240393,0.07100190623813031,173189,0.05115269221431386,69452,67512,16965,67512,0,67512,0.9720670391061452,1.0,0.0,0.0,1.0,0.9920754828771181,66977,0.9920754828771181,535,0.007924517122881858,0,0.0
indoor_door_leaf_Tile_1,Tile_1,img_d0d851b2ccfa742fa1bd8d68::yaw_plus_35,img_d0d851b2ccfa742fa1bd8d68,right,yaw_plus_35,0,0,1456,2912,6,4.330526828765869,0.2780997773789559,0.4311470893706339,True,4239872,4087900,713769,3864781,898616,2966165,0.9115324707915711,0.9454196531226302,0.21194413416254076,0.21982338119817021,0.7674859196420185,0.68997958745916,2666620,0.68997958745916,161148,0.04169654114942089,138397,0.0358097910334376,1797789,1796380,389783,1788126,42141,1745985,0.9946250644541712,0.9954052037987509,0.023440459364252424,0.02345884501052116,0.9764328688246802,0.9443411705886497,1688601,0.9443411705886497,15947,0.008918275334064826,41437,0.023173422901965522
indoor_door_leaf_Tile_1,Tile_1,img_d691623e566cde7f444905b2::pitch_up_56,img_d691623e566cde7f444905b2,right,pitch_up_56,134,10,2621,1446,6,20.421175003051758,0.5450373418482545,0.026320938930698954,False,3789966,3752194,149698,2739987,650689,2089298,0.7229582006804283,0.7302359632790841,0.17168729218151296,0.1734156069755455,0.7625211360491856,0.4950337355615191,1356386,0.4950337355615191,349788,0.127660459702911,383124,0.13982694078475555,,,,,,,,,,,,,,,,,,
indoor_door_leaf_Tile_1,Tile_1,img_d691623e566cde7f444905b2::yaw_minus_35,img_d691623e566cde7f444905b2,right,yaw_minus_35,545,394,911,1109,6,6.166938304901123,0.5419524249874546,0.34082563345015915,True,1010299,996991,316847,996786,100085,896701,0.9866247516824227,0.9997943812933116,0.0990647323218176,0.10038706467761495,0.899592289618835,0.7367288465126918,734361,0.7367288465126918,118242,0.11862325514202647,44098,0.04424018796411667,112189,112189,37742,112189,521,111668,1.0,1.0,0.004643949050263395,0.004643949050263395,0.9953560509497366,0.7934735134460598,89019,0.7934735134460598,17927,0.15979284956635678,4722,0.042089687937320056
indoor_door_leaf_Tile_1,Tile_1,img_d691623e566cde7f444905b2::yaw_plus_35,img_d691623e566cde7f444905b2,right,yaw_plus_35,0,0,965,1557,6,11.930498123168945,0.512777425037356,0.19669384427728717,True,1502505,1447138,209471,1256393,180199,1076194,0.8361988812017265,0.8681915615511444,0.11993237959274677,0.12452095100812777,0.8565743362148627,0.5976553514704396,750890,0.5976553514704396,195077,0.155267499898519,130227,0.10365148484590411,1672,1320,351,1320,0,1320,0.7894736842105263,1.0,0.0,0.0,1.0,0.2628787878787879,347,0.2628787878787879,973,0.7371212121212121,0,0.0
indoor_door_leaf_Tile_1,Tile_1,img_dad684e3df7bafd45b805a5d::pitch_up_56,img_dad684e3df7bafd45b805a5d,left,pitch_up_56,2030,0,882,1456,6,8.921829223632812,0.33147848979836053,0.04025327407102409,False,1284192,1221982,100278,1192947,58658,1134289,0.9289475405546834,0.9762394208752666,0.04567697042186838,0.04800234373337742,0.9508293327364921,0.81475203843926,971956,0.81475203843926,84748,0.07104087608250828,77585,0.06503641821472371,,,,,,,,,,,,,,,,,,
indoor_door_leaf_Tile_1,Tile_1,img_dad684e3df7bafd45b805a5d::yaw_plus_35,img_dad684e3df7bafd45b805a5d,left,yaw_plus_35,284,64,1172,1243,6,6.273732662200928,0.4660754746280737,0.34534938457383185,True,1456796,1440603,425017,1436790,126077,1310713,0.9862671231936386,0.9973531916843156,0.08654403224610721,0.0875168245519411,0.9122509204546245,0.7278168695494819,1045720,0.7278168695494819,213325,0.14847333291573578,51668,0.03596071798940694,104410,104410,38451,104410,1620,102790,1.0,1.0,0.015515755195862466,0.015515755195862466,0.9844842448041375,0.5275260990326597,55079,0.5275260990326597,43039,0.4122114739967436,4672,0.04474667177473422
indoor_door_leaf_Tile_1,Tile_1,img_df46b1666c566e3ae900c93b::pitch_up_56,img_df46b1666c566e3ae900c93b,right,pitch_up_56,1829,0,1083,1456,6,16.4783878326416,0.5505054795684309,0.022702570926488364,False,1576848,1509814,58855,1203429,259900,943529,0.7631864326808925,0.7970710299414365,0.16482248130447577,0.1721404093484363,0.7840337901114233,0.5669424619150777,682275,0.5669424619150777,103524,0.08602418588882269,157730,0.13106714230752292,,,,,,,,,,,,,,,,,,
indoor_door_leaf_Tile_1,Tile_1,img_df46b1666c566e3ae900c93b::yaw_minus_35,img_df46b1666c566e3ae900c93b,right,yaw_minus_35,259,528,1197,1118,6,6.115909576416016,0.4683598122915135,0.37822359228815433,True,1338246,1324830,442175,1311303,238584,1072719,0.9798669302953269,0.9897896333869252,0.17828112320156383,0.1800865016643645,0.8180557811581305,0.6474354134780443,848984,0.6474354134780443,182402,0.13909981140895736,41333,0.03152055627112879,75551,75551,36914,75551,1084,74467,1.0,1.0,0.014347923918942171,0.014347923918942171,0.9856520760810579,0.8327487392622203,62915,0.8327487392622203,10276,0.13601408320207542,1276,0.016889253616762186
indoor_door_leaf_Tile_1,Tile_1,img_df46b1666c566e3ae900c93b::yaw_plus_35,img_df46b1666c566e3ae900c93b,right,yaw_plus_35,0,0,1456,1932,6,15.326441764831543,0.59337979554862,0.12756386447113202,False,2812992,2676050,378085,2266795,524936,1741859,0.8058305889245331,0.8470675062125147,0.18661126658021068,0.1961607593281142,0.7684236995405407,0.48484622561810836,1099047,0.48484622561810836,398496,0.1757971056050503,244316,0.10778036831738202,,,,,,,,,,,,,,,,,,
indoor_door_leaf_Tile_1,Tile_1,img_e0bbacc0010098c4844951ac::pitch_up_56,img_e0bbacc0010098c4844951ac,left,pitch_up_56,2099,0,813,1456,6,12.77239990234375,0.3072974884230216,0.034611385189257,False,1183728,1123174,87674,1088015,64069,1023946,0.9191427422515983,0.9686967468976312,0.054124765148750385,0.05704280903938303,0.9411138633198991,0.8179087604490747,889897,0.8179087604490747,59421,0.05461413675362931,74628,0.06859096611719508,,,,,,,,,,,,,,,,,,
indoor_door_leaf_Tile_1,Tile_1,img_e0bbacc0010098c4844951ac::yaw_plus_35,img_e0bbacc0010098c4844951ac,left,yaw_plus_35,356,244,1100,1088,6,6.177283763885498,0.4563957539866558,0.3872626514032295,True,1196800,1183732,394629,1180752,108680,1072072,0.9865909090909091,0.9974825382772452,0.09080882352941176,0.09181132215738022,0.9079569630201769,0.7222685204005583,852820,0.7222685204005583,179540,0.15205563911812134,39712,0.03363280350149735,99822,99822,38097,99822,2938,96884,1.0,1.0,0.029432389653583378,0.029432389653583378,0.9705676103464166,0.46881448979182944,46798,0.46881448979182944,44478,0.4455731201538739,5608,0.05618000040071327
indoor_door_leaf_Tile_1,Tile_1,img_e1287e860ec48f842b16e821::pitch_up_56,img_e1287e860ec48f842b16e821,right,pitch_up_56,332,170,2580,1286,6,22.11704444885254,0.5577065061296682,0.022726091476091476,False,3317880,3253007,123253,2418248,593774,1824474,0.7288533641964146,0.7433885017769712,0.1789618672164153,0.18253080918670017,0.7544610809147779,0.46407812598211595,1122256,0.46407812598211595,339443,0.14036732378151456,362775,0.15001563115114744,,,,,,,,,,,,,,,,,,
indoor_door_leaf_Tile_1,Tile_1,img_e1287e860ec48f842b16e821::yaw_minus_35,img_e1287e860ec48f842b16e821,right,yaw_minus_35,671,524,785,1010,6,5.949146747589111,0.58273719765969,0.32171138649277603,True,792850,780730,248685,780703,105838,674865,0.9846793214353282,0.999965416981543,0.13349057198713501,0.13556287064670244,0.8644324410179031,0.6902829885372542,538906,0.6902829885372542,99038,0.12685746051955737,36921,0.047291991961091476,79921,76431,23781,76431,513,75918,0.9563318777292577,1.0,0.006418838603120582,0.00671193625623111,0.9932880637437689,0.8478758618885007,64804,0.8478758618885007,5474,0.07162015412594366,5640,0.07379204772932449
indoor_door_leaf_Tile_1,Tile_1,img_e1287e860ec48f842b16e821::yaw_plus_35,img_e1287e860ec48f842b16e821,right,yaw_plus_35,0,0,1201,1602,6,10.815938949584961,0.49324217812960486,0.2376543444253755,True,1924002,1855698,291810,1589664,238433,1351231,0.8262278313640007,0.8566393885211926,0.1239255468549409,0.12848696285710282,0.8500104424582805,0.6036866910240152,959659,0.6036866910240152,232666,0.1463617468848763,158906,0.09996200454938906,68060,64408,19711,64408,17,64391,0.9463414634146341,1.0,0.00024977960622979726,0.00026394236740777546,0.9997360576325922,0.7285896161967458,46927,0.7285896161967458,17011,0.26411315364550986,453,0.007033287790336604
indoor_door_leaf_Tile_1,Tile_1,img_e59222a5e5b43cad84439894::pitch_up_56,img_e59222a5e5b43cad84439894,right,pitch_up_56,985,331,1927,1125,6,23.639575958251953,0.6218249555963091,0.01747603009623302,False,2167875,2114702,69251,1553235,462952,1090283,0.7164781179726691,0.7344935598490946,0.21355105806377211,0.21892068007690918,0.7019433633674235,0.3839534906179683,596370,0.3839534906179683,238551,0.1535833276999295,255362,0.16440654504952568,,,,,,,,,,,,,,,,,,
indoor_door_leaf_Tile_1,Tile_1,img_e59222a5e5b43cad84439894::yaw_minus_35,img_e59222a5e5b43cad84439894,right,yaw_minus_35,774,418,682,1213,6,5.722639083862305,0.5627527811556997,0.30518996595204845,True,827266,812710,222030,810089,144685,665404,0.979236424559936,0.9967749873878752,0.174895378270109,0.17802783280629006,0.8213961675815867,0.6554131706516197,530943,0.6554131706516197,92972,0.11476763664239362,41489,0.05121536028757334,18952,16480,5079,16480,990,15490,0.8695652173913043,1.0,0.05223723089911355,0.060072815533980584,0.9399271844660194,0.8048543689320389,13264,0.8048543689320389,594,0.03604368932038835,1632,0.09902912621359224
indoor_door_leaf_Tile_1,Tile_1,img_e59222a5e5b43cad84439894::yaw_plus_35,img_e59222a5e5b43cad84439894,right,yaw_plus_35,0,0,1190,1731,6,7.61570405960083,0.46555606067534816,0.27930249081423436,True,2059890,1997914,371749,1768331,216997,1551334,0.858458946836967,0.8850886474593,0.10534397467825952,0.10861178208871854,0.877287114233704,0.6574996423180954,1162677,0.6574996423180954,227436,0.12861619233050825,161221,0.0911712795851003,112926,110094,38150,110094,314,109780,0.9749216300940439,1.0,0.0027805819740360943,0.0028521081984485986,0.9971478918015514,0.8865333260668157,97602,0.8865333260668157,9722,0.08830635638636075,2456,0.022308209348375026
indoor_door_leaf_Tile_1,Tile_1,img_e6dc6c821682e92c7098c3fc::pitch_up_56,img_e6dc6c821682e92c7098c3fc,right,pitch_up_56,2252,222,660,1234,6,21.55331039428711,0.6797743418303385,0.0073279195668986856,False,814440,773855,23930,592559,157785,434774,0.7275661804430038,0.7657235528619702,0.19373434507146015,0.2038947864910093,0.7337227179065713,0.41221549246572914,244262,0.41221549246572914,87969,0.1484561031053448,102543,0.17305112233549738,,,,,,,,,,,,,,,,,,
indoor_door_leaf_Tile_1,Tile_1,img_e6dc6c821682e92c7098c3fc::yaw_minus_35,img_e6dc6c821682e92c7098c3fc,right,yaw_minus_35,721,503,735,1118,6,5.630425453186035,0.5587269371903728,0.32306533146359667,True,821730,808314,233547,806896,162540,644356,0.9819478417485062,0.998245731238108,0.1978021978021978,0.2010852218321098,0.7985614007257441,0.6415585155955662,517671,0.6415585155955662,92143,0.11419439432095338,34542,0.042808490809224484,40115,36210,10744,36210,391,35819,0.9026548672566371,1.0,0.009746977439860402,0.0107981220657277,0.9892018779342723,0.8769400718033692,31754,0.8769400718033692,1786,0.04932339132836233,2279,0.06293841480254074
indoor_door_leaf_Tile_1,Tile_1,img_e6dc6c821682e92c7098c3fc::yaw_plus_35,img_e6dc6c821682e92c7098c3fc,right,yaw_plus_35,0,0,1265,1693,6,7.3381500244140625,0.440315662007676,0.3103536102926229,True,2141645,2078647,389784,1842658,224175,1618483,0.8603937627384557,0.8864699008537765,0.10467421071185934,0.10784659444340478,0.8783415045005638,0.6754112808779491,1244552,0.6754112808779491,214104,0.11619302116833401,159827,0.08673720245428072,124729,124338,42234,124338,2,124336,0.9968652037617555,1.0,1.6034763366979613e-05,1.6085187151152505e-05,0.9999839148128489,0.9369460663674822,116498,0.9369460663674822,7549,0.060713538902025126,289,0.002324309543341537
indoor_door_leaf_Tile_1,Tile_1,img_f1799d46a7022022561e4cd1::pitch_down_56,img_f1799d46a7022022561e4cd1,right,pitch_down_56,259,0,2653,1456,6,1.946802020072937,0.9242626578656187,0.0013315693618775987,False,3862768,3758054,26209,2305247,1931174,374073,0.5967862941807532,0.6134150813160215,0.49994563484009397,0.5138760645802322,0.1622702469626899,0.051213167179048495,118059,0.051213167179048495,84172,0.036513223962551515,171842,0.07454385582108988,,,,,,,,,,,,,,,,,,
indoor_door_leaf_Tile_1,Tile_1,img_f1799d46a7022022561e4cd1::pitch_up_56,img_f1799d46a7022022561e4cd1,right,pitch_up_56,0,0,2912,1456,6,3.6422243118286133,0.42123440973079773,0.054995235947969436,True,4239872,4087900,259136,4076534,401993,3674541,0.9614757237954353,0.9972195993052667,0.09481253207644004,0.09833728809413146,0.9013885325131594,0.7352228633442037,2997161,0.7352228633442037,440681,0.10810188262872332,236699,0.05806378654023246,1807936,1807394,95706,1798444,43107,1755337,0.9947498141527134,0.9950481190044893,0.023843211264115545,0.023850361348991975,0.9760309467517476,0.9118465740384466,1639905,0.9118465740384466,17501,0.009731189850782121,97931,0.054453182862518934
indoor_door_leaf_Tile_1,Tile_1,img_f1799d46a7022022561e4cd1::yaw_minus_35,img_f1799d46a7022022561e4cd1,right,yaw_minus_35,0,0,1456,2897,6,4.204226970672607,0.3872949616389312,0.35356327421724154,True,4218032,4087900,596047,3422369,1184633,2237736,0.8113662959408559,0.837194892242961,0.2808496948339889,0.2897901122825901,0.6538558524811322,0.534720247875083,1830010,0.534720247875083,229841,0.06715845076904331,177885,0.051977153837005886,246092,246092,58810,246092,307,245785,1.0,1.0,0.0012475009346098207,0.0012475009346098207,0.9987524990653902,0.9903085025112559,243707,0.9903085025112559,1209,0.004912796840206101,869,0.0035311997139281246
indoor_door_leaf_Tile_1,Tile_1,img_f1799d46a7022022561e4cd1::yaw_plus_35,img_f1799d46a7022022561e4cd1,right,yaw_plus_35,0,0,1456,2912,6,4.1785736083984375,0.27683827910856873,0.4049847889904272,True,4239872,4077333,671280,3891132,853196,3037936,0.9177475169061707,0.9543326483267371,0.20123154661272794,0.2092534507237942,0.7807332159381897,0.6974307219595737,2713795,0.6974307219595737,161929,0.041614882250203794,162212,0.0416876117284122,1765050,1765050,355927,1744446,43186,1701260,0.9883266762981219,0.9883266762981219,0.02446729554403558,0.02446729554403558,0.9752437163431829,0.9399551490845804,1639701,0.9399551490845804,16404,0.009403558493642107,45155,0.025885008764960336
indoor_door_leaf_Tile_1,Tile_1,img_f5f133cabb2d110c4de5284e::pitch_up_56,img_f5f133cabb2d110c4de5284e,right,pitch_up_56,38,151,2689,1305,6,20.375823974609375,0.5293402831323443,0.028923975565989038,False,3509145,3474545,162115,2719449,573902,2145547,0.7749605673176799,0.7826777319044652,0.16354468111178078,0.16517328168148634,0.788963867312827,0.5362417166124461,1458282,0.5362417166124461,334288,0.12292490133111524,352977,0.12979724936926562,,,,,,,,,,,,,,,,,,
indoor_door_leaf_Tile_1,Tile_1,img_f5f133cabb2d110c4de5284e::yaw_minus_35,img_f5f133cabb2d110c4de5284e,right,yaw_minus_35,552,427,904,1022,6,6.439750671386719,0.5271661896609845,0.3326191659076482,True,923888,911624,302582,911534,64532,847002,0.9866282493116049,0.9999012750870974,0.06984829329962074,0.07078795643818066,0.9292050543369749,0.7322623182459459,667482,0.7322623182459459,138405,0.15183745203141077,41115,0.04510528405961818,93318,93318,33230,93318,1665,91653,1.0,1.0,0.017842216935639428,0.017842216935639428,0.9821577830643605,0.6457167963308258,60257,0.6457167963308258,25017,0.2680833279753102,6379,0.06835765875822457
indoor_door_leaf_Tile_1,Tile_1,img_f5f133cabb2d110c4de5284e::yaw_plus_35,img_f5f133cabb2d110c4de5284e,right,yaw_plus_35,0,0,882,1487,6,13.08022403717041,0.5497694213380426,0.14746456607801542,False,1311534,1249781,160249,1066931,179997,886934,0.8134985444525266,0.8536943672531427,0.13724158123235844,0.14402283280030662,0.8312946198020303,0.5507760108198188,587640,0.5507760108198188,175269,0.16427397835473898,124025,0.11624463062747263,,,,,,,,,,,,,,,,,,
outdoor_gravel_Tile_0,Tile_0,img_03f32cc827b85f5858eb1527::pitch_down_56,img_03f32cc827b85f5858eb1527,left,pitch_down_56,121,0,2777,1456,6,1.724808931350708,1.0,0.0,False,4043312,3954806,18516,2185452,2185452,0,0.5405103538880996,0.552606625963448,0.5405103538880996,0.552606625963448,0.0,0.0,0,0.0,0,0.0,0,0.0,,,,,,,,,,,,,,,,,,
outdoor_gravel_Tile_0,Tile_0,img_03f32cc827b85f5858eb1527::pitch_up_56,img_03f32cc827b85f5858eb1527,left,pitch_up_56,0,0,2912,1456,6,17.743732452392578,0.8051672814340257,0.005760153089668184,False,4239872,4087900,61812,1765540,862451,903089,0.41641351437024515,0.43189412656865384,0.20341439552892163,0.21097654052202844,0.5115086602399266,0.18632203178630902,328959,0.18632203178630902,306890,0.1738221733860462,267240,0.1513644550675714,,,,,,,,,,,,,,,,,,
outdoor_gravel_Tile_0,Tile_0,img_03f32cc827b85f5858eb1527::yaw_minus_35,img_03f32cc827b85f5858eb1527,left,yaw_minus_35,0,0,1456,2912,6,6.883393287658691,0.7713899439902144,0.06953450822144336,True,4239872,4087900,295127,3048759,1823268,1225491,0.7190686416948436,0.745800777905526,0.43002901974399227,0.44601580273490055,0.4019638810414336,0.20529533492152052,625896,0.20529533492152052,410636,0.1346895572919998,188959,0.06197898882791326,87648,87648,3057,87390,87390,0,0.9970564074479737,0.9970564074479737,0.9970564074479737,0.9970564074479737,0.0,0.0,0,0.0,0,0.0,0,0.0
outdoor_gravel_Tile_0,Tile_0,img_03f32cc827b85f5858eb1527::yaw_plus_35,img_03f32cc827b85f5858eb1527,left,yaw_plus_35,0,0,1456,2912,6,5.298725605010986,0.8698661723884105,0.009541596187828644,True,4239872,4087900,225514,2834984,2150314,684670,0.6686484875015095,0.6935062012280144,0.507164838938534,0.5260192274762103,0.24150753584499948,0.052248619392560945,148124,0.052248619392560945,405601,0.14306994325188432,130945,0.04618897320055422,622755,622755,38360,617649,614056,3593,0.9918009490088397,0.9918009490088397,0.9860314248781623,0.9860314248781623,0.005817219812547255,0.0,0,0.0,1344,0.0021759931611643507,2249,0.003641226651382905
outdoor_gravel_Tile_0,Tile_0,img_0466fd896d0aec73619005f8::pitch_up_56,img_0466fd896d0aec73619005f8,left,pitch_up_56,0,0,2912,1456,6,10.491049766540527,0.40947869696375605,0.0467080959457382,False,4239872,4087900,158123,3667838,780206,2887632,0.8650822477659703,0.8972425939969177,0.1840164042688081,0.19085740844932605,0.787284498388424,0.6170907766373542,2263389,0.6170907766373542,139830,0.03812327589168333,484413,0.13207044585938638,,,,,,,,,,,,,,,,,,
outdoor_gravel_Tile_0,Tile_0,img_0466fd896d0aec73619005f8::yaw_minus_35,img_0466fd896d0aec73619005f8,left,yaw_minus_35,33,0,1423,2742,6,6.397066593170166,0.6651347634829479,0.12650116806864514,True,3901866,3739414,416693,3298314,1637721,1660593,0.8453170867477253,0.8820403410801799,0.4197276380070459,0.4379619373516813,0.5034672259827293,0.3448983329058422,1137583,0.3448983329058422,353870,0.10728814782340311,169140,0.051280745253484056,177444,177444,35671,177444,156567,20877,1.0,1.0,0.8823459795766552,0.8823459795766552,0.11765402042334483,0.0,0,0.0,13141,0.0740571673316652,7736,0.04359685309167963
outdoor_gravel_Tile_0,Tile_0,img_0466fd896d0aec73619005f8::yaw_plus_35,img_0466fd896d0aec73619005f8,left,yaw_plus_35,0,0,1456,2707,6,4.406513214111328,0.5555137609803982,0.3396927306674682,False,3941392,3835262,715138,3653083,1523965,2129118,0.9268509704185729,0.9524989427058699,0.3866565416482299,0.3973561649764736,0.5828277101834259,0.5134249618746686,1875584,0.5134249618746686,152595,0.04177156664658317,100939,0.027631181662174115,,,,,,,,,,,,,,,,,,
outdoor_gravel_Tile_0,Tile_0,img_06c8139bc95f57cd809da4fb::pitch_down_56,img_06c8139bc95f57cd809da4fb,right,pitch_down_56,0,0,2912,1456,6,1.706310510635376,0.9998104265402844,0.0,False,4239872,4087900,21100,2462247,2461711,536,0.5807361637332448,0.6023256439736784,0.5806097448224852,0.6021945253063921,0.00021768734005970968,0.0,0,0.0,244,9.909647569882307e-05,292,0.00011859086436088662,,,,,,,,,,,,,,,,,,
outdoor_gravel_Tile_0,Tile_0,img_06c8139bc95f57cd809da4fb::pitch_up_56,img_06c8139bc95f57cd809da4fb,right,pitch_up_56,0,0,2662,1456,6,16.990081787109375,0.48246853146853147,0.02687295866270853,False,3875872,3770930,143000,3009520,631038,2378482,0.7764755905251773,0.79808429220378,0.16281187820444018,0.16734280402977514,0.790319386480236,0.5609240011696217,1688112,0.5609240011696217,297505,0.09885463462611978,392865,0.13054075068449453,,,,,,,,,,,,,,,,,,
outdoor_gravel_Tile_0,Tile_0,img_06c8139bc95f57cd809da4fb::yaw_minus_35,img_06c8139bc95f57cd809da4fb,right,yaw_minus_35,0,0,1456,2892,6,5.621838092803955,0.45067832931035856,0.2906563383116512,False,4210752,4087900,627645,3772720,1677727,2094993,0.8959729758484946,0.9228992881430563,0.3984388061799888,0.4104129259522004,0.555300419856231,0.4616571068088806,1741703,0.4616571068088806,222036,0.05885302911427299,131254,0.03479028393307746,,,,,,,,,,,,,,,,,,
outdoor_gravel_Tile_0,Tile_0,img_06c8139bc95f57cd809da4fb::yaw_plus_35,img_06c8139bc95f57cd809da4fb,right,yaw_plus_35,0,0,1456,2912,6,7.111611843109131,0.7214099198978604,0.10976679872178044,True,4239872,4087900,588998,3666249,1714545,1951704,0.8647074723010506,0.8968538858582646,0.4043860286348267,0.4194195063480026,0.5323435478604972,0.31789357460445267,1165477,0.31789357460445267,523460,0.14277808190332952,262767,0.071671891352715,241402,241402,48194,241402,190477,50925,1.0,1.0,0.7890448297860001,0.7890448297860001,0.21095517021399987,0.0,0,0.0,42989,0.17808054614294827,7936,0.03287462407105161
outdoor_gravel_Tile_0,Tile_0,img_074273e7808b362c2a94f76a::pitch_down_56,img_074273e7808b362c2a94f76a,left,pitch_down_56,0,0,2912,1456,6,1.9835472106933594,1.0,0.0,True,4239872,4087900,28564,2781889,2781889,0,0.6561257037948316,0.6805178698109053,0.6561257037948316,0.6805178698109053,0.0,0.0,0,0.0,0,0.0,0,0.0,118988,112450,2176,110185,110185,0,0.9260177496890443,0.9798577145397954,0.9260177496890443,0.9798577145397954,0.0,0.0,0,0.0,0,0.0,0,0.0
outdoor_gravel_Tile_0,Tile_0,img_074273e7808b362c2a94f76a::pitch_up_56,img_074273e7808b362c2a94f76a,left,pitch_up_56,0,0,2912,1456,6,8.580850601196289,0.30642159247637707,0.0726698786986879,False,4239872,4087900,224041,3967278,412186,3555092,0.9357070213440406,0.9704929181242202,0.09721661408646298,0.10083074439198611,0.896103575297723,0.7975155761708658,3163966,0.7975155761708658,48587,0.01224693606044245,342539,0.0863410630664148,,,,,,,,,,,,,,,,,,
outdoor_gravel_Tile_0,Tile_0,img_074273e7808b362c2a94f76a::yaw_minus_35,img_074273e7808b362c2a94f76a,left,yaw_minus_35,0,0,1456,2912,6,5.549076080322266,0.669755614088158,0.11192760637380902,True,4239872,4087900,406611,3605728,1925693,1680035,0.8504332206255283,0.882048973800729,0.4541865886517329,0.4710714547811835,0.46593503447847423,0.31138677127060055,1122776,0.31138677127060055,382854,0.10617939012593296,174405,0.04836887308194073,321846,321846,51442,321846,261080,60766,1.0,1.0,0.8111954164414037,0.8111954164414037,0.18880458355859633,0.0,0,0.0,46618,0.14484567153234776,14148,0.043958912026248576
outdoor_gravel_Tile_0,Tile_0,img_074273e7808b362c2a94f76a::yaw_plus_35,img_074273e7808b362c2a94f76a,left,yaw_plus_35,0,0,1456,2912,6,4.547507286071777,0.4393125691288143,0.30673634726945387,False,4239872,4087900,537945,3752432,1673386,2079046,0.8850342651853641,0.9179363487365151,0.3946784242543171,0.40935101152180825,0.5540529448634912,0.4892978740187697,1836057,0.4892978740187697,122347,0.032604721418003045,120642,0.03215034942671846,,,,,,,,,,,,,,,,,,
outdoor_gravel_Tile_0,Tile_0,img_0bd606416eabd8fdcf14e062::pitch_down_56,img_0bd606416eabd8fdcf14e062,left,pitch_down_56,82,0,2830,1456,6,1.9104721546173096,1.0,0.0,False,4120480,4009710,23706,2479712,2479712,0,0.6018017318370675,0.6184267690182083,0.6018017318370675,0.6184267690182083,0.0,0.0,0,0.0,0,0.0,0,0.0,,,,,,,,,,,,,,,,,,
outdoor_gravel_Tile_0,Tile_0,img_0bd606416eabd8fdcf14e062::pitch_up_56,img_0bd606416eabd8fdcf14e062,left,pitch_up_56,0,0,2912,1456,6,13.151259422302246,0.5960608819418621,0.01607250662937405,False,4239872,4087900,77987,2245498,722402,1523096,0.5296145732701365,0.5493035543922308,0.17038297382562492,0.17671714083025514,0.678288735950778,0.39309587450089023,882696,0.39309587450089023,270418,0.12042673830036811,369982,0.1647661231495196,,,,,,,,,,,,,,,,,,
outdoor_gravel_Tile_0,Tile_0,img_0bd606416eabd8fdcf14e062::yaw_minus_35,img_0bd606416eabd8fdcf14e062,left,yaw_minus_35,0,0,1456,2912,6,7.732519149780273,0.6775093408172581,0.130368249680963,False,4239872,4073923,414043,3461647,1675238,1786409,0.8164508268174133,0.8497084996451822,0.39511522989373266,0.41121003023375746,0.5160575298405643,0.3514217365317723,1216498,0.3514217365317723,367370,0.10612578347821139,202541,0.05851000983058065,,,,,,,,,,,,,,,,,,
outdoor_gravel_Tile_0,Tile_0,img_0bd606416eabd8fdcf14e062::yaw_plus_35,img_0bd606416eabd8fdcf14e062,left,yaw_plus_35,0,0,1456,2907,6,5.4485764503479,0.8605040562466197,0.009467470094220458,True,4232592,4087900,231125,2749780,2081113,668667,0.6496680993585018,0.672663225617065,0.49168759946623725,0.5090909758066489,0.24317109005084042,0.05015928547011034,137927,0.05015928547011034,411689,0.14971706827455286,119051,0.04329473630617722,471640,471640,44744,471322,454042,17280,0.9993257569332542,0.9993257569332542,0.9626876431176321,0.9626876431176321,0.03666283347690114,0.0,0,0.0,8879,0.018838501067210953,8401,0.01782433240969019
outdoor_gravel_Tile_0,Tile_0,img_13691d7391a8be50b061c1b3::pitch_down_56,img_13691d7391a8be50b061c1b3,right,pitch_down_56,6,0,2906,1456,6,2.040329933166504,1.0,0.0,True,4231136,4087900,26507,2680593,2680593,0,0.633539786950833,0.6557383986888133,0.633539786950833,0.6557383986888133,0.0,0.0,0,0.0,0,0.0,0,0.0,19734,16854,87,10373,10373,0,0.5256410256410257,0.6154622048178474,0.5256410256410257,0.6154622048178474,0.0,0.0,0,0.0,0,0.0,0,0.0
outdoor_gravel_Tile_0,Tile_0,img_13691d7391a8be50b061c1b3::pitch_up_56,img_13691d7391a8be50b061c1b3,right,pitch_up_56,0,0,1541,1081,6,20.079837799072266,0.6622459025887532,0.01303763165618878,False,1665821,1618336,17267,615846,257665,358181,0.3696951833360247,0.38054273031064006,0.15467748335505435,0.1592160095307773,0.5816080643537508,0.30354828966982006,186939,0.30354828966982006,79296,0.12875946259292095,91946,0.14930031209100977,,,,,,,,,,,,,,,,,,
outdoor_gravel_Tile_0,Tile_0,img_13691d7391a8be50b061c1b3::yaw_minus_35,img_13691d7391a8be50b061c1b3,right,yaw_minus_35,0,0,1456,2912,6,7.402711868286133,0.6941910426673781,0.16110136893868512,True,4239872,4070852,670981,3598967,1797250,1801717,0.8488385970142495,0.8840820054376823,0.42389251373626374,0.4414923460739914,0.5006205947428803,0.34552914766931736,1243548,0.34552914766931736,375754,0.10440606985282165,182415,0.050685377220741394,353920,353920,38734,353904,348052,5852,0.9999547920433997,0.9999547920433997,0.9834199819168173,0.9834199819168173,0.016535557665355576,0.0,0,0.0,3804,0.010748677607486776,2048,0.0057868800578688
outdoor_gravel_Tile_0,Tile_0,img_13691d7391a8be50b061c1b3::yaw_plus_35,img_13691d7391a8be50b061c1b3,right,yaw_plus_35,0,1937,1456,975,6,3.3122971057891846,0.9998382949822933,0.0,True,1419600,1355158,61841,1313417,1279006,34411,0.9252021696252466,0.9691984255710404,0.9009622428853198,0.9438058145249484,0.02619959997472242,0.0,0,0.0,15625,0.01189645025151951,18786,0.014303149723202912,10682,10682,657,10682,10682,0,1.0,1.0,1.0,1.0,0.0,0.0,0,0.0,0,0.0,0,0.0
outdoor_gravel_Tile_0,Tile_0,img_18576273c5c20fc7e1f342c8::pitch_down_56,img_18576273c5c20fc7e1f342c8,left,pitch_down_56,1285,0,1627,529,6,1.7749412059783936,1.0,0.0,False,860683,825414,4137,502130,502130,0,0.5834087579282965,0.6083371496000795,0.5834087579282965,0.6083371496000795,0.0,0.0,0,0.0,0,0.0,0,0.0,,,,,,,,,,,,,,,,,,
outdoor_gravel_Tile_0,Tile_0,img_18576273c5c20fc7e1f342c8::pitch_up_56,img_18576273c5c20fc7e1f342c8,left,pitch_up_56,0,0,2912,1456,6,9.357845306396484,0.39939730071228097,0.05540133581162576,False,4239872,4087900,178862,3706984,764965,2942019,0.8743150736626011,0.9068186599476504,0.18042172027834802,0.1871290882849385,0.7936422169612817,0.6500691667404014,2409796,0.6500691667404014,113785,0.03069476426118915,418438,0.11287828595969122,,,,,,,,,,,,,,,,,,
outdoor_gravel_Tile_0,Tile_0,img_18576273c5c20fc7e1f342c8::yaw_minus_35,img_18576273c5c20fc7e1f342c8,left,yaw_minus_35,163,0,1293,2660,6,6.214072227478027,0.6756235957820161,0.11046892848496939,True,3439380,3373375,365862,2976864,1450895,1525969,0.865523437363711,0.8824586652832845,0.42184783303967577,0.4301019009152555,0.5126095784019693,0.34301365463790084,1021105,0.34301365463790084,348086,0.11693043417502445,156778,0.05266548958904404,186472,186472,35660,186472,164229,22243,1.0,1.0,0.8807166759620747,0.8807166759620747,0.11928332403792527,0.0,0,0.0,14575,0.07816186880604059,7668,0.04112145523188468
outdoor_gravel_Tile_0,Tile_0,img_18576273c5c20fc7e1f342c8::yaw_plus_35,img_18576273c5c20fc7e1f342c8,left,yaw_plus_35,0,0,1456,2632,6,4.455933094024658,0.595427344802098,0.3117984002975386,False,3832192,3727982,691327,3561964,1519783,2042181,0.9294847439794248,0.9554670596585498,0.39658320877450814,0.4076690820932075,0.5733300505002297,0.5022001906813207,1788819,0.5022001906813207,157809,0.044303928956047844,95553,0.02682593086286105,,,,,,,,,,,,,,,,,,
outdoor_gravel_Tile_0,Tile_0,img_2c48bbf509b38c8a6870501a::pitch_down_56,img_2c48bbf509b38c8a6870501a,left,pitch_down_56,0,0,2912,1456,6,1.9056187868118286,1.0,0.0,False,4239872,4087900,22852,2500795,2500795,0,0.5898279476361551,0.6117554245456102,0.5898279476361551,0.6117554245456102,0.0,0.0,0,0.0,0,0.0,0,0.0,,,,,,,,,,,,,,,,,,
outdoor_gravel_Tile_0,Tile_0,img_2c48bbf509b38c8a6870501a::pitch_up_56,img_2c48bbf509b38c8a6870501a,left,pitch_up_56,0,0,2912,1456,6,12.074443817138672,0.5665124441608168,0.020703702347665727,False,4239872,4087900,62680,1599709,534924,1064785,0.3773012487169424,0.3913278211306539,0.1261651295133438,0.13085545145429192,0.6656116831248683,0.41703834884969704,667140,0.41703834884969704,184184,0.115135940349151,213461,0.1334373939260203,,,,,,,,,,,,,,,,,,
outdoor_gravel_Tile_0,Tile_0,img_2c48bbf509b38c8a6870501a::yaw_minus_35,img_2c48bbf509b38c8a6870501a,left,yaw_minus_35,0,0,1456,2912,6,7.543795108795166,0.6922728154454881,0.12673815087692156,False,4239872,4087900,427879,3335387,1688329,1647058,0.7866716259358774,0.8159169744856772,0.3982028231040937,0.4130064336211747,0.4938131617110698,0.3317743937959823,1106596,0.3317743937959823,361324,0.10833045760506951,179138,0.053708310310018,,,,,,,,,,,,,,,,,,
outdoor_gravel_Tile_0,Tile_0,img_2c48bbf509b38c8a6870501a::yaw_plus_35,img_2c48bbf509b38c8a6870501a,left,yaw_plus_35,0,0,1456,2912,6,4.9671478271484375,0.8929808577475349,0.003914187324877548,True,4239872,4087900,210738,2761221,2224546,536675,0.6512510283329308,0.6754619731402431,0.5246729146540273,0.5441781843978571,0.19436147993949054,0.024021257262638523,66328,0.024021257262638523,375948,0.13615281065876292,94399,0.0341874120180891,426376,426376,36394,426306,425644,662,0.9998358256562283,0.9998358256562283,0.9982832054337017,0.9982832054337017,0.0015528751647877347,0.0,0,0.0,87,0.000204078760327089,575,0.0013487964044606457
outdoor_gravel_Tile_0,Tile_0,img_2fe71151d4c449e1d3233bb5::pitch_down_56,img_2fe71151d4c449e1d3233bb5,right,pitch_down_56,300,0,2612,1456,6,1.942154884338379,1.0,0.0,True,3803072,3699342,20761,2307273,2307273,0,0.6066866470053683,0.6236982144392165,0.6066866470053683,0.6236982144392165,0.0,0.0,0,0.0,0,0.0,0,0.0,530535,521145,4031,405842,405842,0,0.764967438529032,0.7787506356196452,0.764967438529032,0.7787506356196452,0.0,0.0,0,0.0,0,0.0,0,0.0
outdoor_gravel_Tile_0,Tile_0,img_2fe71151d4c449e1d3233bb5::pitch_up_56,img_2fe71151d4c449e1d3233bb5,right,pitch_up_56,0,0,1033,1456,6,18.10456657409668,0.5728578045391385,0.015684742110818946,False,1504048,1438214,43180,1049929,257909,792020,0.6980688116336713,0.7300227921574953,0.1714765752156846,0.17932588613377426,0.7543557707235442,0.48869399740363395,513094,0.48869399740363395,123939,0.11804512495606846,154987,0.14761664836384175,,,,,,,,,,,,,,,,,,
outdoor_gravel_Tile_0,Tile_0,img_2fe71151d4c449e1d3233bb5::yaw_minus_35,img_2fe71151d4c449e1d3233bb5,right,yaw_minus_35,0,0,1456,2912,6,6.933291912078857,0.65934710328922,0.17559259281676612,True,4239872,4087900,687245,3693794,1770256,1923538,0.8712041306907379,0.9035920643851366,0.4175258120999879,0.4330477751412706,0.5207485853298803,0.3785230037192112,1398186,0.3785230037192112,347419,0.09405478486347642,177933,0.048170796747192726,413555,411236,18389,400587,400587,0,0.9686426231093809,0.9741048935404488,0.9686426231093809,0.9741048935404488,0.0,0.0,0,0.0,0,0.0,0,0.0
outdoor_gravel_Tile_0,Tile_0,img_2fe71151d4c449e1d3233bb5::yaw_plus_35,img_2fe71151d4c449e1d3233bb5,right,yaw_plus_35,0,934,1456,1978,6,7.8796515464782715,0.831083786275842,0.057124042881343456,True,2879968,2773131,329696,2427834,1596101,831733,0.8430072834142601,0.875484785969361,0.5542078939765998,0.5755591784160214,0.34258231823098284,0.1366403139588621,331740,0.1366403139588621,356107,0.1466768321063137,143886,0.059265172165807053,287076,287076,21546,286872,286872,0,0.9992893867825942,0.9992893867825942,0.9992893867825942,0.9992893867825942,0.0,0.0,0,0.0,0,0.0,0,0.0
outdoor_gravel_Tile_0,Tile_0,img_38fa922ad61d7da7aa5839a9::pitch_down_56,img_38fa922ad61d7da7aa5839a9,left,pitch_down_56,0,0,2912,1292,6,1.9289745092391968,1.0,0.0,True,3762304,3659246,21965,2391879,2391879,0,0.6357484668968802,0.6536535122262892,0.6357484668968802,0.6536535122262892,0.0,0.0,0,0.0,0,0.0,0,0.0,14061,12838,219,12553,12553,0,0.8927530047649527,0.9778002804175105,0.8927530047649527,0.9778002804175105,0.0,0.0,0,0.0,0,0.0,0,0.0
outdoor_gravel_Tile_0,Tile_0,img_38fa922ad61d7da7aa5839a9::pitch_up_56,img_38fa922ad61d7da7aa5839a9,left,pitch_up_56,0,0,2912,1456,6,8.792380332946777,0.33755115853594053,0.059810922335813026,False,4239872,4087900,189118,3744755,724891,3019864,0.8832235973161454,0.9160583673768928,0.17097001984965585,0.17732601091024733,0.8064249864143315,0.7105984236618951,2661017,0.7105984236618951,46577,0.012437929851218572,312270,0.08338863290121784,,,,,,,,,,,,,,,,,,
outdoor_gravel_Tile_0,Tile_0,img_38fa922ad61d7da7aa5839a9::yaw_minus_35,img_38fa922ad61d7da7aa5839a9,left,yaw_minus_35,0,0,1456,2912,6,5.470701217651367,0.7515869693129357,0.06574003672987168,True,4239872,4087900,353504,3578562,2181298,1397264,0.8440259517268446,0.8754035079135987,0.5144726067202029,0.5335986692433768,0.3904540427132463,0.22439963314873404,803028,0.22439963314873404,410395,0.11468153967990495,183841,0.05137286988460728,224448,224448,37045,224448,208262,16186,1.0,1.0,0.9278853008269176,0.9278853008269176,0.0721146991730824,0.0,0,0.0,9784,0.04359138865126889,6402,0.028523310521813516
outdoor_gravel_Tile_0,Tile_0,img_38fa922ad61d7da7aa5839a9::yaw_plus_35,img_38fa922ad61d7da7aa5839a9,left,yaw_plus_35,0,0,1456,2879,6,4.717134952545166,0.5260792399321103,0.3200844348854935,False,4191824,4076634,644574,3794024,1683708,2110316,0.9051009775219571,0.9306756505489578,0.40166476455118344,0.41301426618136433,0.5562210465721883,0.48535170046367654,1841436,0.48535170046367654,168784,0.044486803457226415,100096,0.026382542651285285,,,,,,,,,,,,,,,,,,
outdoor_gravel_Tile_0,Tile_0,img_3ac01cda397a4cc40e9e6616::pitch_down_56,img_3ac01cda397a4cc40e9e6616,right,pitch_down_56,0,0,2702,1392,6,1.8525989055633545,1.0,0.0,False,3761184,3691870,9947,1365268,1365268,0,0.36298888860529027,0.36980392050641003,0.36298888860529027,0.36980392050641003,0.0,0.0,0,0.0,0,0.0,0,0.0,,,,,,,,,,,,,,,,,,
outdoor_gravel_Tile_0,Tile_0,img_3ac01cda397a4cc40e9e6616::yaw_minus_35,img_3ac01cda397a4cc40e9e6616,right,yaw_minus_35,0,0,1456,2912,6,9.134974479675293,0.7893610241472491,0.0759534410524014,True,4239872,4075325,555467,3575863,1911191,1664672,0.8433893759056877,0.8774424125683228,0.4507662023759208,0.4689665241422463,0.46553013915801583,0.2644432966251783,945613,0.2644432966251783,474893,0.13280514382122582,244166,0.06828169871161172,112326,112326,27724,112326,103789,8537,1.0,1.0,0.9239980058045333,0.9239980058045333,0.07600199419546677,0.0,0,0.0,2818,0.02508769118458772,5719,0.05091430301087905
outdoor_gravel_Tile_0,Tile_0,img_3ac01cda397a4cc40e9e6616::yaw_plus_35,img_3ac01cda397a4cc40e9e6616,right,yaw_plus_35,0,1790,1441,1122,6,3.578542947769165,0.9359044743343399,0.013631767946170206,False,1616802,1562956,21858,989499,892119,97380,0.6120100049356693,0.6330945976726152,0.5517799953241027,0.5707895807687484,0.09841343952848866,0.04100661041597819,40576,0.04100661041597819,16612,0.016788293873970565,40192,0.04061853523853991,,,,,,,,,,,,,,,,,,
outdoor_gravel_Tile_0,Tile_0,img_3dd943e1fbc94dc8c092af49::pitch_up_56,img_3dd943e1fbc94dc8c092af49,right,pitch_up_56,0,0,1910,1035,6,16.753746032714844,0.6773737373737374,0.011690037260216085,False,1976850,1926041,29700,798821,378170,420651,0.4040878164757063,0.4147476611349395,0.1912992892733389,0.19634576834034168,0.5265898117350445,0.22761670011178975,181825,0.22761670011178975,131676,0.16483792989918894,107150,0.13413518172406586,,,,,,,,,,,,,,,,,,
outdoor_gravel_Tile_0,Tile_0,img_3dd943e1fbc94dc8c092af49::yaw_minus_35,img_3dd943e1fbc94dc8c092af49,right,yaw_minus_35,0,0,1362,2123,6,6.929756164550781,0.7406154030402313,0.1282750747891773,True,2891526,2830208,584495,2643610,1072981,1570629,0.914261189420396,0.9340691567545566,0.3710777630911844,0.3791173652254534,0.5941228093402582,0.3862078748378165,1020983,0.3862078748378165,365632,0.13830784419789605,184014,0.06960709030454568,268416,268416,34344,268416,265372,3044,1.0,1.0,0.9886593943729137,0.9886593943729137,0.011340605627086314,0.0,0,0.0,361,0.0013449272770624703,2683,0.009995678350023844
outdoor_gravel_Tile_0,Tile_0,img_4af6cd6dac376ccdcc60db74::pitch_down_56,img_4af6cd6dac376ccdcc60db74,right,pitch_down_56,0,0,2912,1456,6,1.6179211139678955,1.0,0.0,True,4239872,4087900,18340,2325700,2325700,0,0.5485307103610675,0.5689229188580934,0.5485307103610675,0.5689229188580934,0.0,0.0,0,0.0,0,0.0,0,0.0,695015,693192,4675,516639,516639,0,0.7433494241131486,0.7453043312675276,0.7433494241131486,0.7453043312675276,0.0,0.0,0,0.0,0,0.0,0,0.0
outdoor_gravel_Tile_0,Tile_0,img_4af6cd6dac376ccdcc60db74::pitch_up_56,img_4af6cd6dac376ccdcc60db74,right,pitch_up_56,0,0,2182,1456,6,15.91877555847168,0.5494574528840662,0.02270949241513067,False,3176992,3083582,122570,2404017,540577,1863440,0.7566959564267081,0.7796183140257013,0.17015371773048216,0.1753081319063349,0.7751359495377944,0.5241755777933351,1260127,0.5241755777933351,278129,0.11569344143573028,325184,0.1352669303087291,,,,,,,,,,,,,,,,,,
outdoor_gravel_Tile_0,Tile_0,img_4af6cd6dac376ccdcc60db74::yaw_minus_35,img_4af6cd6dac376ccdcc60db74,right,yaw_minus_35,0,0,1456,2912,6,5.755485534667969,0.5407013979002995,0.23413459510617535,False,4239872,4077246,596466,3710662,1924265,1786397,0.8751825526808357,0.9100902913388106,0.4538497860312764,0.4719521461300103,0.4814227218755036,0.36598698561065385,1358054,0.36598698561065385,280380,0.07556064120095013,147963,0.03987509506389965,,,,,,,,,,,,,,,,,,
outdoor_gravel_Tile_0,Tile_0,img_4af6cd6dac376ccdcc60db74::yaw_plus_35,img_4af6cd6dac376ccdcc60db74,right,yaw_plus_35,0,0,1456,2912,6,6.745026111602783,0.7479145091178432,0.11844205266572957,True,4239872,4087900,596742,3677190,1754812,1922378,0.8672879747313127,0.89953032119181,0.4138832493056394,0.4292697962278921,0.5227845175256106,0.32449941395467735,1193246,0.32449941395467735,487179,0.13248676299021808,241953,0.06579834058071517,894744,894744,53198,867582,837208,30374,0.9696427134465277,0.9696427134465277,0.9356955732589434,0.9356955732589434,0.03500994718654836,0.0,0,0.0,17713,0.0204165139433506,12661,0.014593433243197762
outdoor_gravel_Tile_0,Tile_0,img_4ce1f1404af327ce8e242a2e::pitch_down_56,img_4ce1f1404af327ce8e242a2e,right,pitch_down_56,0,0,2912,1456,6,1.7004079818725586,0.9993627674101047,0.0,True,4239872,4087900,21970,2536881,2534543,2338,0.5983390536318077,0.62058293989579,0.5977876218904722,0.620011008097067,0.0009216041272728205,0.0,0,0.0,1245,0.0004907601105451931,1093,0.00043084401672762736,2257,173,6,169,169,0,0.07487815684536996,0.976878612716763,0.07487815684536996,0.976878612716763,0.0,0.0,0,0.0,0,0.0,0,0.0
outdoor_gravel_Tile_0,Tile_0,img_4ce1f1404af327ce8e242a2e::pitch_up_56,img_4ce1f1404af327ce8e242a2e,right,pitch_up_56,0,0,2630,1456,6,16.014692306518555,0.47844755627675273,0.02966542241256898,False,3829280,3725118,149751,2936319,612688,2323631,0.766807076003844,0.7882485870246257,0.1600008356662349,0.16447478979189384,0.7913414720948235,0.5651933594408509,1659588,0.5651933594408509,290470,0.09892317558139971,373573,0.12722493707257285,,,,,,,,,,,,,,,,,,
outdoor_gravel_Tile_0,Tile_0,img_4ce1f1404af327ce8e242a2e::yaw_minus_35,img_4ce1f1404af327ce8e242a2e,right,yaw_minus_35,0,77,1456,2835,6,5.576685428619385,0.46203132925457124,0.2899241747582365,False,4127760,4016690,605249,3673919,1739272,1934647,0.8900515049324573,0.9146633173085301,0.4213597689788166,0.4330112605154991,0.5265894539318913,0.44346405024171737,1629251,0.44346405024171737,188485,0.05130352628895738,116911,0.031821877401216524,,,,,,,,,,,,,,,,,,
outdoor_gravel_Tile_0,Tile_0,img_4ce1f1404af327ce8e242a2e::yaw_plus_35,img_4ce1f1404af327ce8e242a2e,right,yaw_plus_35,0,0,1456,2912,6,6.866230010986328,0.7132625741688484,0.11494293547945318,True,4239872,4087900,608072,3703842,1672906,2030936,0.8735740135551262,0.9060500501479978,0.3945652132894578,0.40923359181976077,0.5483322452739615,0.33176469190640423,1228804,0.33176469190640423,529746,0.14302607940619497,272386,0.07354147396136228,358732,358732,52295,358722,296710,62012,0.9999721240368855,0.9999721240368855,0.8271077015710893,0.8271077015710893,0.17286924136239204,0.0,0,0.0,47771,0.13316997563572905,14241,0.039699265726662984
outdoor_gravel_Tile_0,Tile_0,img_51866d14b07dd3ca601a1cde::pitch_down_56,img_51866d14b07dd3ca601a1cde,left,pitch_down_56,0,0,2696,1456,6,1.817456603050232,0.9216169454202275,0.0002752981420304117,False,3925376,3819550,19073,2161524,1884034,277490,0.550654001043467,0.5659106439240225,0.4799626838295236,0.4932607244308885,0.12837701547611777,0.05066425355443659,109512,0.05066425355443659,48705,0.022532713030250878,119273,0.05518004889143031,,,,,,,,,,,,,,,,,,
outdoor_gravel_Tile_0,Tile_0,img_51866d14b07dd3ca601a1cde::pitch_up_56,img_51866d14b07dd3ca601a1cde,left,pitch_up_56,0,0,2912,1456,6,2.882986068725586,0.554489425807244,0.02896539915463894,False,4239872,4087900,138403,3493045,1386816,2106229,0.8238562390562734,0.8544839648719391,0.32708911967153725,0.3392490031556545,0.6029779175475839,0.44684880956300305,1560863,0.44684880956300305,194133,0.05557701088878042,351233,0.10055209709580037,,,,,,,,,,,,,,,,,,
outdoor_gravel_Tile_0,Tile_0,img_51866d14b07dd3ca601a1cde::yaw_minus_35,img_51866d14b07dd3ca601a1cde,left,yaw_minus_35,0,0,1456,2912,6,4.326176643371582,0.5003755197440853,0.27148484570580345,False,4239872,4087900,605827,3785542,1228638,2556904,0.8928434631988891,0.9260358619340003,0.28978186133921024,0.30055480809217444,0.6754393426357441,0.5282160388129362,1999584,0.5282160388129362,342050,0.09035694228197706,215270,0.05686636154083088,,,,,,,,,,,,,,,,,,
outdoor_gravel_Tile_0,Tile_0,img_51866d14b07dd3ca601a1cde::yaw_plus_35,img_51866d14b07dd3ca601a1cde,left,yaw_plus_35,0,0,1456,2912,6,4.83439302444458,0.8780774868661795,0.025330549034742744,True,4239872,4087900,280383,3132510,2384705,747805,0.7388218323572032,0.7662883142934025,0.5624474040725758,0.5833569803566624,0.23872389872658029,0.08139415357014024,254968,0.08139415357014024,368881,0.11775892175922822,123956,0.039570823397211824,134246,134246,29146,134246,124012,10234,1.0,1.0,0.9237668161434978,0.9237668161434978,0.07623318385650224,0.0,0,0.0,4339,0.032321260968669455,5895,0.043911922887832786
outdoor_gravel_Tile_0,Tile_0,img_5ef19597a38170b745e3d0e8::pitch_down_56,img_5ef19597a38170b745e3d0e8,right,pitch_down_56,0,0,2912,1456,6,1.916653037071228,1.0,0.0,False,4239872,4087900,17666,2192340,2192340,0,0.5170769306243207,0.536299811639228,0.5170769306243207,0.536299811639228,0.0,0.0,0,0.0,0,0.0,0,0.0,,,,,,,,,,,,,,,,,,
outdoor_gravel_Tile_0,Tile_0,img_5ef19597a38170b745e3d0e8::yaw_minus_35,img_5ef19597a38170b745e3d0e8,right,yaw_minus_35,0,97,1456,2815,6,8.45055103302002,0.7813232452703556,0.09097831085125349,True,4098640,3974866,578109,3563223,1928293,1634930,0.8693671559346515,0.8964385214495281,0.47047142466769465,0.48512151101445933,0.4588346000236303,0.2653810889747849,945612,0.2653810889747849,464182,0.13027026374717496,225136,0.06318324730167042,158968,158968,31282,158968,155931,3037,1.0,1.0,0.9808955261436264,0.9808955261436264,0.01910447385637361,0.0,0,0.0,600,0.0037743445221679836,2437,0.015330129334205626
outdoor_gravel_Tile_0,Tile_0,img_5ef19597a38170b745e3d0e8::yaw_plus_35,img_5ef19597a38170b745e3d0e8,right,yaw_plus_35,0,1719,1456,1193,6,3.9571475982666016,0.97866011629469,0.004725260626376836,False,1737008,1667334,52109,1364461,1187476,176985,0.7855237281578439,0.8183489330871919,0.6836330057201809,0.7122004349458477,0.12971055970086356,0.021410652264887014,29214,0.021410652264887014,83118,0.060916361845446666,64653,0.04738354559052989,,,,,,,,,,,,,,,,,,
outdoor_gravel_Tile_0,Tile_0,img_6140eac6fa52c2bec7a4cf37::pitch_down_56,img_6140eac6fa52c2bec7a4cf37,right,pitch_down_56,0,0,2912,1434,6,1.5995861291885376,1.0,0.0,False,4175808,4062048,19113,2396625,2396625,0,0.5739308416478919,0.5900041063030275,0.5739308416478919,0.5900041063030275,0.0,0.0,0,0.0,0,0.0,0,0.0,,,,,,,,,,,,,,,,,,
outdoor_gravel_Tile_0,Tile_0,img_6140eac6fa52c2bec7a4cf37::pitch_up_56,img_6140eac6fa52c2bec7a4cf37,right,pitch_up_56,0,0,2537,1456,6,17.2388973236084,0.512509969157368,0.026182954187133286,False,3693872,3591942,141687,2808061,588559,2219502,0.7601944517839275,0.78176679912983,0.1593338913746876,0.16385537405670805,0.7904037697186778,0.5472544934030992,1536724,0.5472544934030992,312116,0.11115000706893476,370662,0.13199926924664385,,,,,,,,,,,,,,,,,,
outdoor_gravel_Tile_0,Tile_0,img_6140eac6fa52c2bec7a4cf37::yaw_minus_35,img_6140eac6fa52c2bec7a4cf37,right,yaw_minus_35,0,0,1456,2912,6,5.659913063049316,0.482607405030286,0.2749862916404178,False,4239872,4075114,623225,3781846,1740511,2041335,0.8919717387694723,0.9280344059086445,0.41051027012136215,0.4271073152800143,0.5397721112916813,0.44286837697780396,1674860,0.44286837697780396,224506,0.05936413063884674,141969,0.03753960367503066,,,,,,,,,,,,,,,,,,
outdoor_gravel_Tile_0,Tile_0,img_6140eac6fa52c2bec7a4cf37::yaw_plus_35,img_6140eac6fa52c2bec7a4cf37,right,yaw_plus_35,0,86,1456,2826,6,6.8552165031433105,0.7263567143357821,0.11548432250438084,True,4114656,4004114,582068,3591515,1753898,1837617,0.8728591162906449,0.8969562305169133,0.4262562897117037,0.4380239923238949,0.5116551093340832,0.313707725012982,1126686,0.313707725012982,487774,0.135812881193591,223157,0.06213450312751026,386640,386640,50927,386618,335460,51158,0.9999430995241051,0.9999430995241051,0.8676288019863438,0.8676288019863438,0.13232182671267245,0.0,0,0.0,36450,0.09427910754284591,14708,0.038042719169826544
outdoor_gravel_Tile_0,Tile_0,img_662459e85d0d8812f926ab99::pitch_down_56,img_662459e85d0d8812f926ab99,left,pitch_down_56,0,0,2877,576,6,2.1584067344665527,1.0,0.0,True,1657152,1603356,13568,1238097,1238097,0,0.7471233779399837,0.7721909544729929,0.7471233779399837,0.7721909544729929,0.0,0.0,0,0.0,0,0.0,0,0.0,109028,98231,1560,94935,94935,0,0.8707396265179587,0.9664464374790036,0.8707396265179587,0.9664464374790036,0.0,0.0,0,0.0,0,0.0,0,0.0
outdoor_gravel_Tile_0,Tile_0,img_662459e85d0d8812f926ab99::pitch_up_56,img_662459e85d0d8812f926ab99,left,pitch_up_56,0,0,2912,1456,6,11.050857543945312,0.42075488119759785,0.03729133542690049,False,4239872,4087900,137876,3603339,818008,2785331,0.8498697602191764,0.8814645661586634,0.19293223946383287,0.2001046992343257,0.7729861109376609,0.5919026769338106,2132826,0.5919026769338106,138685,0.038487913571273756,513820,0.14259552043257656,,,,,,,,,,,,,,,,,,
outdoor_gravel_Tile_0,Tile_0,img_662459e85d0d8812f926ab99::yaw_minus_35,img_662459e85d0d8812f926ab99,left,yaw_minus_35,0,0,1456,2873,6,7.027977466583252,0.6266394155505305,0.15987099266809718,True,4183088,3883817,459920,3458944,1580495,1878449,0.8268876963621133,0.8906042689447006,0.377829727703553,0.406943736020518,0.5430700815046442,0.39324140546941494,1360200,0.39324140546941494,343215,0.09922537051770713,175034,0.05060330551752211,225742,225742,38133,225742,207719,18023,1.0,1.0,0.9201610688307892,0.9201610688307892,0.07983893116921087,0.0,0,0.0,12495,0.0553507986994002,5528,0.02448813246981067
outdoor_gravel_Tile_0,Tile_0,img_662459e85d0d8812f926ab99::yaw_plus_35,img_662459e85d0d8812f926ab99,left,yaw_plus_35,0,0,1456,2716,6,4.381547451019287,0.525499460172827,0.36169211400512213,False,3954496,3848114,728937,3682784,1533642,2149142,0.9312903591254107,0.9570360961239713,0.3878223672498341,0.3985438061346415,0.5835644990311677,0.5072836202177483,1868216,0.5072836202177483,169129,0.04592422471695326,111797,0.03035665409646615,,,,,,,,,,,,,,,,,,
outdoor_gravel_Tile_0,Tile_0,img_69e4bef02a10ed141acc261e::pitch_down_56,img_69e4bef02a10ed141acc261e,left,pitch_down_56,0,0,2624,514,6,2.0550220012664795,1.0,0.0,True,1348736,1301863,10217,998286,998286,0,0.7401641240391004,0.7668134050971569,0.7401641240391004,0.7668134050971569,0.0,0.0,0,0.0,0,0.0,0,0.0,97600,86853,1139,81213,81213,0,0.8321004098360656,0.9350626921349867,0.8321004098360656,0.9350626921349867,0.0,0.0,0,0.0,0,0.0,0,0.0
outdoor_gravel_Tile_0,Tile_0,img_69e4bef02a10ed141acc261e::pitch_up_56,img_69e4bef02a10ed141acc261e,left,pitch_up_56,0,0,2912,1456,6,10.93271255493164,0.41433480942160883,0.03874183590898079,False,4239872,4087900,147236,3668240,799355,2868885,0.86517706194904,0.8973409329973825,0.18853281419816448,0.19554172068788375,0.782087595140994,0.6095896124572002,2236121,0.6095896124572002,143312,0.039068327045122454,489452,0.1334296556386714,,,,,,,,,,,,,,,,,,
outdoor_gravel_Tile_0,Tile_0,img_69e4bef02a10ed141acc261e::yaw_minus_35,img_69e4bef02a10ed141acc261e,left,yaw_minus_35,0,0,1456,2840,6,7.363747596740723,0.6172018569449154,0.16346566419222605,True,4135040,3797755,477774,3438118,1488754,1949364,0.8314594296548522,0.9053027380649884,0.36003376025383066,0.3920089631900952,0.5669857753573321,0.4095606957061974,1408118,0.4095606957061974,355883,0.10351099060590707,185363,0.05391408904522765,248864,248864,39383,248863,230306,18557,0.9999959817410312,0.9999959817410312,0.925429150057863,0.925429150057863,0.07456713131321249,0.0,0,0.0,13205,0.05306132289653343,5352,0.021505808416679057
outdoor_gravel_Tile_0,Tile_0,img_69e4bef02a10ed141acc261e::yaw_plus_35,img_69e4bef02a10ed141acc261e,left,yaw_plus_35,0,0,1456,2754,6,4.4113359451293945,0.5212677300300957,0.3627411104295373,False,4009824,3902286,722362,3706797,1612838,2093959,0.9244288527376763,0.9499039793597907,0.4022216436432123,0.41330594425933925,0.5648971335630195,0.49306881385735446,1827706,0.49306881385735446,163562,0.04412488733534639,102691,0.027703432370318633,,,,,,,,,,,,,,,,,,
outdoor_gravel_Tile_0,Tile_0,img_6a2408035c3724c55335982f::pitch_down_56,img_6a2408035c3724c55335982f,left,pitch_down_56,0,0,2912,1456,6,1.9344030618667603,1.0,0.0,True,4239872,4087900,26287,2742259,2742259,0,0.6467787235086342,0.6708234056606082,0.6467787235086342,0.6708234056606082,0.0,0.0,0,0.0,0,0.0,0,0.0,63118,54803,951,53260,53260,0,0.8438163439906208,0.9718446070470594,0.8438163439906208,0.9718446070470594,0.0,0.0,0,0.0,0,0.0,0,0.0
outdoor_gravel_Tile_0,Tile_0,img_6a2408035c3724c55335982f::pitch_up_56,img_6a2408035c3724c55335982f,left,pitch_up_56,0,0,2912,1456,6,8.610665321350098,0.3024594334308506,0.07380316977135859,False,4239872,4087900,220132,3903320,496623,3406697,0.9206221319888902,0.9548472320751487,0.11713160208610071,0.12148609310403875,0.8727690786304991,0.7870361640859576,3072054,0.7870361640859576,36456,0.009339741553344333,298187,0.07639317299119723,,,,,,,,,,,,,,,,,,
outdoor_gravel_Tile_0,Tile_0,img_6a2408035c3724c55335982f::yaw_minus_35,img_6a2408035c3724c55335982f,left,yaw_minus_35,0,0,1456,2912,6,5.356388092041016,0.7147687214863003,0.09473005209358788,True,4239872,4087900,381834,3600098,2086497,1513601,0.8491053503501993,0.8806717385454634,0.4921132053043111,0.510408033464615,0.42043327709412354,0.27221620078120096,980005,0.27221620078120096,369682,0.10268664908566377,163914,0.045530427227258814,278568,278568,46686,278567,238556,40011,0.9999964102122283,0.9999964102122283,0.8563654116768616,0.8563654116768616,0.1436315141420197,0.0,0,0.0,29968,0.1075791461300154,10043,0.036052368012004295
outdoor_gravel_Tile_0,Tile_0,img_6a2408035c3724c55335982f::yaw_plus_35,img_6a2408035c3724c55335982f,left,yaw_plus_35,0,0,1456,2912,6,4.707984924316406,0.4721633800993343,0.3035198956152594,False,4239872,4087900,556102,3755202,1724131,2031071,0.8856875867950731,0.9186139582670809,0.40664694594553796,0.421764475647643,0.5408686403554323,0.46840143353140523,1758942,0.46840143353140523,155086,0.041298976726152146,117043,0.031168230097874894,,,,,,,,,,,,,,,,,,
outdoor_gravel_Tile_0,Tile_0,img_6cda7e312f7350eff34e978b::pitch_down_56,img_6cda7e312f7350eff34e978b,left,pitch_down_56,0,0,2515,1456,6,1.9330501556396484,1.0,0.0,True,3661840,3560438,21860,2118102,2118102,0,0.5784256002446857,0.5948992792459804,0.5784256002446857,0.5948992792459804,0.0,0.0,0,0.0,0,0.0,0,0.0,196259,180814,3606,176460,176460,0,0.8991180022317448,0.9759200061942106,0.8991180022317448,0.9759200061942106,0.0,0.0,0,0.0,0,0.0,0,0.0
outdoor_gravel_Tile_0,Tile_0,img_6cda7e312f7350eff34e978b::pitch_up_56,img_6cda7e312f7350eff34e978b,left,pitch_up_56,0,0,2912,1456,6,8.29660701751709,0.3854065673207305,0.09115331454588028,False,4239872,4087900,289829,3899906,388533,3511373,0.9198169190013283,0.9540120844443357,0.09163790793684337,0.09504464394921598,0.9003737525981396,0.810045165191161,3159100,0.810045165191161,88944,0.022806703546188037,263329,0.06752188386079049,,,,,,,,,,,,,,,,,,
outdoor_gravel_Tile_0,Tile_0,img_6cda7e312f7350eff34e978b::yaw_minus_35,img_6cda7e312f7350eff34e978b,left,yaw_minus_35,0,0,1456,2912,6,5.915147304534912,0.6381914004445173,0.09082218552995366,True,4239872,4087900,372089,3427420,1776615,1650805,0.8083781774544138,0.8384304899826317,0.41902562152819706,0.43460334156902075,0.4816465446312387,0.298681223777652,1023706,0.298681223777652,421980,0.12311884741292284,205119,0.05984647344066382,345072,345072,58014,345018,241696,103322,0.9998435109194603,0.9998435109194603,0.70042194092827,0.70042194092827,0.29946843353100416,0.027618848871653074,9529,0.027618848871653074,78592,0.22779101380217845,15201,0.04405857085717267
outdoor_gravel_Tile_0,Tile_0,img_6cda7e312f7350eff34e978b::yaw_plus_35,img_6cda7e312f7350eff34e978b,left,yaw_plus_35,0,0,1456,2912,6,4.299944877624512,0.4462316839436968,0.23595737698813518,False,4239872,4087900,388184,3438702,1905425,1533277,0.8110391068409613,0.8411903422295066,0.44940625566054826,0.46611340786222755,0.4458883032027783,0.3867200472736515,1329815,0.3867200472736515,116239,0.03380316177441372,87223,0.02536509415471303,,,,,,,,,,,,,,,,,,
outdoor_gravel_Tile_0,Tile_0,img_7075633227ed0e239cb80bdf::pitch_down_56,img_7075633227ed0e239cb80bdf,right,pitch_down_56,37,0,2875,1456,6,1.7842057943344116,1.0,0.0,False,4186000,4071394,17783,2118462,2118462,0,0.5060826564739608,0.5203284182272706,0.5060826564739608,0.5203284182272706,0.0,0.0,0,0.0,0,0.0,0,0.0,,,,,,,,,,,,,,,,,,
outdoor_gravel_Tile_0,Tile_0,img_7075633227ed0e239cb80bdf::pitch_up_56,img_7075633227ed0e239cb80bdf,right,pitch_up_56,0,0,2568,1456,6,17.58211898803711,0.48431570792683726,0.03017507314591019,False,3739008,3636334,152318,3059294,620106,2439188,0.8182100706925474,0.8413127066985596,0.16584773287460203,0.17053053982389957,0.7973042146325263,0.5781814366321119,1768827,0.5781814366321119,268746,0.08784575787747108,401615,0.1312770201229434,,,,,,,,,,,,,,,,,,
outdoor_gravel_Tile_0,Tile_0,img_7075633227ed0e239cb80bdf::yaw_minus_35,img_7075633227ed0e239cb80bdf,right,yaw_minus_35,0,0,1456,2875,6,5.657968521118164,0.47336809984338923,0.29201885219963364,False,4186000,4061877,619370,3619899,1671057,1948842,0.8647632584806498,0.8911887287576655,0.3992013855709508,0.411400197494902,0.5383691644435383,0.43684920490875573,1581350,0.43684920490875573,235513,0.06506065500722534,131979,0.03645930452755726,,,,,,,,,,,,,,,,,,
outdoor_gravel_Tile_0,Tile_0,img_7075633227ed0e239cb80bdf::yaw_plus_35,img_7075633227ed0e239cb80bdf,right,yaw_plus_35,0,0,1456,2912,6,8.264045715332031,0.7259642289114043,0.08223949305345989,True,4239872,4087900,543232,3518428,1693223,1825205,0.8298429763917401,0.8606932654908388,0.39935710323330514,0.41420362533330074,0.5187558193602371,0.27918888776464945,982306,0.27918888776464945,575782,0.16364751531081495,267117,0.07591941628477263,119210,119210,39723,119210,69993,49217,1.0,1.0,0.587140340575455,0.587140340575455,0.41285965942454494,0.0,0,0.0,38997,0.3271285965942454,10220,0.08573106283029946
outdoor_gravel_Tile_0,Tile_0,img_730e104f8bd0470783b519ad::pitch_up_56,img_730e104f8bd0470783b519ad,left,pitch_up_56,754,0,2158,1456,6,21.529224395751953,0.7973047022158293,0.007174314243926685,False,3142048,3049214,58398,1729799,813164,916635,0.5505323279593437,0.5672934074158127,0.2588006293984051,0.26667987225560424,0.5299083882000163,0.20349185078728801,352000,0.20349185078728801,285356,0.16496483117402658,279279,0.16145170623870173,,,,,,,,,,,,,,,,,,
outdoor_gravel_Tile_0,Tile_0,img_730e104f8bd0470783b519ad::yaw_minus_35,img_730e104f8bd0470783b519ad,left,yaw_minus_35,862,0,594,1723,6,19.814023971557617,0.7250732732400598,0.019981669009948567,False,1023462,985481,36166,497512,160618,336894,0.4861069585387635,0.5048417980661221,0.15693596831147616,0.16298437006903227,0.6771575358986316,0.14247093537442312,70881,0.14247093537442312,192598,0.3871223206676422,73415,0.14756427985656628,,,,,,,,,,,,,,,,,,
outdoor_gravel_Tile_0,Tile_0,img_730e104f8bd0470783b519ad::yaw_plus_35,img_730e104f8bd0470783b519ad,left,yaw_plus_35,0,0,1456,1922,6,11.233785629272461,0.6699940715954438,0.09177755429837606,True,2798432,2711262,426759,2313328,854397,1458931,0.8266514962664807,0.8532292342090141,0.3053127608603675,0.31512889569506747,0.6306632695406791,0.3268537794899815,756120,0.3268537794899815,482873,0.20873520745869154,219938,0.09507428259200598,124424,124424,30084,124424,115873,8551,1.0,1.0,0.9312753166591654,0.9312753166591654,0.06872468334083456,0.0,0,0.0,4050,0.03254999035555841,4501,0.036174692985276154
outdoor_gravel_Tile_0,Tile_0,img_790005ba0043de4a43aaf92c::pitch_down_56,img_790005ba0043de4a43aaf92c,left,pitch_down_56,0,0,2899,1456,6,1.952450156211853,1.0,0.0,True,4220944,4087900,25429,2665411,2665411,0,0.6314727226895216,0.6520245113628024,0.6314727226895216,0.6520245113628024,0.0,0.0,0,0.0,0,0.0,0,0.0,57723,55833,1041,54886,54886,0,0.9508514803457894,0.9830387047086848,0.9508514803457894,0.9830387047086848,0.0,0.0,0,0.0,0,0.0,0,0.0
outdoor_gravel_Tile_0,Tile_0,img_790005ba0043de4a43aaf92c::pitch_up_56,img_790005ba0043de4a43aaf92c,left,pitch_up_56,0,0,2912,1456,6,8.727327346801758,0.32918513642768255,0.06356935573403037,False,4239872,4087900,194462,3794061,762933,3031128,0.8948527219689651,0.9281198170209644,0.17994246052711024,0.1866320115462707,0.7989138814584162,0.7098678698102113,2693282,0.7098678698102113,46510,0.01225863263663921,291336,0.07678737901156571,,,,,,,,,,,,,,,,,,
outdoor_gravel_Tile_0,Tile_0,img_790005ba0043de4a43aaf92c::yaw_minus_35,img_790005ba0043de4a43aaf92c,left,yaw_minus_35,0,0,1456,2912,6,5.414875507354736,0.7552218706579514,0.06362883698410983,True,4239872,4087900,350497,3596276,2172779,1423497,0.8482039080425069,0.8797367841679101,0.5124633479501268,0.5315147141564128,0.3958252926082425,0.22962002916350135,825777,0.22962002916350135,409514,0.11387168281856008,188206,0.052333580626181084,233583,233583,37007,233583,216119,17464,1.0,1.0,0.9252342850293044,0.9252342850293044,0.07476571497069565,0.0,0,0.0,11269,0.04824409310609077,6195,0.026521621864604873
outdoor_gravel_Tile_0,Tile_0,img_790005ba0043de4a43aaf92c::yaw_plus_35,img_790005ba0043de4a43aaf92c,left,yaw_plus_35,0,0,1456,2912,6,4.831199645996094,0.5153539909690977,0.31271790214201145,False,4239872,4087900,617657,3789824,1740814,2049010,0.8938533993479049,0.9270833435260158,0.4105817345429296,0.42584554416693166,0.5406609911172656,0.4688943338793569,1777027,0.4688943338793569,167348,0.04415719569035396,104635,0.027609461547554715,,,,,,,,,,,,,,,,,,
outdoor_gravel_Tile_0,Tile_0,img_86575fe5a65f1c1856691512::pitch_down_56,img_86575fe5a65f1c1856691512,right,pitch_down_56,0,0,2912,1456,6,1.8969892263412476,1.0,0.0,False,4239872,4087900,20147,2386411,2386411,0,0.5628497747101799,0.5837743095476895,0.5628497747101799,0.5837743095476895,0.0,0.0,0,0.0,0,0.0,0,0.0,,,,,,,,,,,,,,,,,,
outdoor_gravel_Tile_0,Tile_0,img_86575fe5a65f1c1856691512::yaw_minus_35,img_86575fe5a65f1c1856691512,right,yaw_minus_35,0,42,1456,2870,6,7.828276634216309,0.7663554842347807,0.1115212209797237,True,4178720,4043381,597613,3571570,1905812,1665758,0.8547043113680745,0.883312752372334,0.4560755446643948,0.4713411869917774,0.46639377080667604,0.2894729768701159,1033873,0.2894729768701159,419025,0.11732235403478022,212860,0.05959843990177989,190576,190576,32941,190576,187401,3175,1.0,1.0,0.9833399798505583,0.9833399798505583,0.016660020149441693,0.0,0,0.0,282,0.0014797246242968685,2893,0.015180295525144823
outdoor_gravel_Tile_0,Tile_0,img_86575fe5a65f1c1856691512::yaw_plus_35,img_86575fe5a65f1c1856691512,right,yaw_plus_35,0,1871,1443,1041,6,3.0344595909118652,0.9822864267595339,0.004836439114125569,False,1502163,1448885,46518,1304381,1234950,69431,0.8683351939836089,0.9002653764791546,0.8221145108753178,0.8523450791470683,0.053229079540410354,0.022432862790856354,29261,0.022432862790856354,12741,0.009767851570975044,27429,0.021028365178578957,,,,,,,,,,,,,,,,,,
outdoor_gravel_Tile_0,Tile_0,img_87edfad3f6901cbaccb73eb1::pitch_down_56,img_87edfad3f6901cbaccb73eb1,right,pitch_down_56,0,0,2912,1456,6,1.6701107025146484,1.0,0.0,True,4239872,4087900,17530,2217934,2217934,0,0.5231134336130903,0.5425607280021527,0.5231134336130903,0.5425607280021527,0.0,0.0,0,0.0,0,0.0,0,0.0,1646526,1643338,9664,1121675,1121675,0,0.6812373445666816,0.6825589136258031,0.6812373445666816,0.6825589136258031,0.0,0.0,0,0.0,0,0.0,0,0.0
outdoor_gravel_Tile_0,Tile_0,img_87edfad3f6901cbaccb73eb1::pitch_up_56,img_87edfad3f6901cbaccb73eb1,right,pitch_up_56,0,0,2265,1456,6,16.164424896240234,0.5592764708875358,0.021700413170118307,False,3297840,3202438,117922,2331461,556701,1774760,0.706966074764088,0.7280268970078422,0.1688077650825995,0.17383662072458544,0.7612222550580945,0.5091181023401207,1186989,0.5091181023401207,273687,0.1173886245577344,314084,0.13471552816023943,,,,,,,,,,,,,,,,,,
outdoor_gravel_Tile_0,Tile_0,img_87edfad3f6901cbaccb73eb1::yaw_minus_35,img_87edfad3f6901cbaccb73eb1,right,yaw_minus_35,0,0,1456,2912,6,5.642949104309082,0.5645508329191451,0.2451992652269591,True,4239872,4079899,623710,3686343,1878694,1807649,0.8694467663174738,0.9035378081663296,0.4431015841987683,0.4604756147149721,0.4903637561670197,0.3820447527536097,1408348,0.3820447527536097,260510,0.07066895294333707,138791,0.037650050470072915,11907,10206,242,10110,10110,0,0.8490803728898967,0.9905937683715461,0.8490803728898967,0.9905937683715461,0.0,0.0,0,0.0,0,0.0,0,0.0
outdoor_gravel_Tile_0,Tile_0,img_87edfad3f6901cbaccb73eb1::yaw_plus_35,img_87edfad3f6901cbaccb73eb1,right,yaw_plus_35,0,412,1456,2500,6,6.572599411010742,0.7580481266080038,0.11652305528801635,True,3640000,3538958,555036,3211847,1645355,1566492,0.8823755494505494,0.9075685554900623,0.4520206043956044,0.46492639923955015,0.48772310760755416,0.3019655045834998,969867,0.3019655045834998,437691,0.13627392587504947,158934,0.049483677149004916,1080160,1080160,47384,1025568,1009336,16232,0.9494593393571322,0.9494593393571322,0.93443193600948,0.93443193600948,0.015827326905675683,0.0,0,0.0,10769,0.01050052263721177,5463,0.005326804268463914
outdoor_gravel_Tile_0,Tile_0,img_9294bdfdfc421be19feca3a8::pitch_down_56,img_9294bdfdfc421be19feca3a8,right,pitch_down_56,320,0,2592,1456,6,1.738857626914978,1.0,0.0,False,3773952,3670702,18849,2185470,2185470,0,0.5790932158119658,0.5953820277429221,0.5790932158119658,0.5953820277429221,0.0,0.0,0,0.0,0,0.0,0,0.0,,,,,,,,,,,,,,,,,,
outdoor_gravel_Tile_0,Tile_0,img_9294bdfdfc421be19feca3a8::pitch_up_56,img_9294bdfdfc421be19feca3a8,right,pitch_up_56,0,0,2788,1456,6,16.461055755615234,0.465071696500641,0.031773155707771145,False,4059328,3950558,168488,3263598,615371,2648227,0.803974943635991,0.8261106405728001,0.15159430329355006,0.1557681218703788,0.8114439952469636,0.5931720144454066,1935875,0.5931720144454066,311601,0.09547775185546749,400751,0.12279422894608956,,,,,,,,,,,,,,,,,,
outdoor_gravel_Tile_0,Tile_0,img_9294bdfdfc421be19feca3a8::yaw_minus_35,img_9294bdfdfc421be19feca3a8,right,yaw_minus_35,0,0,1456,2821,6,5.491558074951172,0.4412498102734231,0.29031642457457246,False,4107376,3979399,599547,3655094,1637744,2017350,0.8898854158956959,0.9185040253565928,0.3987324267366805,0.41155561430256177,0.5519283498591281,0.4703296276374835,1719099,0.4703296276374835,179946,0.0492315655903788,118305,0.032367156631265846,,,,,,,,,,,,,,,,,,
outdoor_gravel_Tile_0,Tile_0,img_9294bdfdfc421be19feca3a8::yaw_plus_35,img_9294bdfdfc421be19feca3a8,right,yaw_plus_35,0,0,1456,2912,6,7.177767753601074,0.7149077886112029,0.10503064174359109,True,4239872,4087900,593636,3643800,1683168,1960632,0.8594127369882865,0.8913623131681303,0.39698556937567925,0.41174392719978475,0.5380734398155771,0.31327487787474617,1141511,0.31327487787474617,557713,0.1530580712443054,261408,0.0717404906965256,190608,190608,47299,190608,135446,55162,1.0,1.0,0.7105997649626459,0.7105997649626459,0.2894002350373541,0.00014689834634432972,28,0.00014689834634432972,46118,0.24195206916813566,9016,0.04730126752287417
outdoor_gravel_Tile_0,Tile_0,img_ba1f9bf2a46929e6fb4e8ac2::pitch_down_56,img_ba1f9bf2a46929e6fb4e8ac2,left,pitch_down_56,0,0,2912,1456,6,1.8860163688659668,0.8639975314356245,0.0010048118359904544,False,4239872,4087900,25926,2479803,1962412,517391,0.5848768547729742,0.606620269576066,0.4628469916072938,0.48005381736343844,0.20864197680218952,0.07718193743615924,191396,0.07718193743615924,128958,0.052003324457628286,197037,0.079456714908402,,,,,,,,,,,,,,,,,,
outdoor_gravel_Tile_0,Tile_0,img_ba1f9bf2a46929e6fb4e8ac2::pitch_up_56,img_ba1f9bf2a46929e6fb4e8ac2,left,pitch_up_56,0,0,2878,1456,6,2.4737038612365723,0.611706317945486,0.022793537313318468,False,4190368,4075332,126940,3373971,1493760,1880211,0.8051729585563846,0.8279008924917037,0.3564746580729902,0.3665370085185698,0.5572694608222774,0.3692906666951198,1245976,0.3692906666951198,264629,0.07843250579213633,369606,0.10954628833502125,,,,,,,,,,,,,,,,,,
outdoor_gravel_Tile_0,Tile_0,img_ba1f9bf2a46929e6fb4e8ac2::yaw_minus_35,img_ba1f9bf2a46929e6fb4e8ac2,left,yaw_minus_35,0,0,1456,2912,6,4.249732971191406,0.476744479216895,0.2768974829685476,False,4239872,4087900,634602,3846123,992674,2853449,0.9071318662450187,0.940855451454292,0.2341282944390774,0.24283226106313754,0.7419026900595743,0.5854895956265569,2251865,0.5854895956265569,370895,0.09643347339645664,230689,0.05997962103656072,,,,,,,,,,,,,,,,,,
outdoor_gravel_Tile_0,Tile_0,img_ba1f9bf2a46929e6fb4e8ac2::yaw_plus_35,img_ba1f9bf2a46929e6fb4e8ac2,left,yaw_plus_35,0,0,1456,2912,6,4.807157516479492,0.8861618974135328,0.02809026659288076,True,4239872,4087900,298090,3279883,2523748,756135,0.7735806646993116,0.8023393429389173,0.5952415544620215,0.6173702879228944,0.23053718684477464,0.07786741173389417,255396,0.07786741173389417,382533,0.11663007491425761,118206,0.036039700196622865,125202,125202,31455,125202,110604,14598,1.0,1.0,0.883404418459769,0.883404418459769,0.11659558154023099,0.0,0,0.0,7429,0.059336112841647894,7169,0.05725946869858309
outdoor_gravel_Tile_0,Tile_0,img_ba2f05a90b6e766693a2bd0d::pitch_down_56,img_ba2f05a90b6e766693a2bd0d,right,pitch_down_56,0,0,2912,1456,6,1.6096388101577759,1.0,0.0,True,4239872,4087900,19223,2396234,2396234,0,0.5651665899347905,0.5861772548252159,0.5651665899347905,0.5861772548252159,0.0,0.0,0,0.0,0,0.0,0,0.0,278247,276331,2318,231619,231619,0,0.8324222722976349,0.8381940498894441,0.8324222722976349,0.8381940498894441,0.0,0.0,0,0.0,0,0.0,0,0.0
outdoor_gravel_Tile_0,Tile_0,img_ba2f05a90b6e766693a2bd0d::pitch_up_56,img_ba2f05a90b6e766693a2bd0d,right,pitch_up_56,0,0,2357,1456,6,15.776100158691406,0.5380566897170235,0.02441901774283282,False,3431792,3334182,127113,2531205,589395,1941810,0.7375752959386817,0.7591682157722643,0.17174554868127206,0.17677349346856291,0.7671484530095349,0.5263070355818671,1332191,0.5263070355818671,275902,0.10900025877003246,333717,0.1318411586576354,,,,,,,,,,,,,,,,,,
outdoor_gravel_Tile_0,Tile_0,img_ba2f05a90b6e766693a2bd0d::yaw_minus_35,img_ba2f05a90b6e766693a2bd0d,right,yaw_minus_35,0,0,1456,2871,6,5.75514554977417,0.5275710611576873,0.23999275442571316,False,4180176,4054886,598780,3734231,1905444,1828787,0.8933190851294299,0.9209213279978772,0.4558286541045162,0.469913087568923,0.4897359054648735,0.3767594988097951,1406907,0.3767594988097951,270350,0.07239777078600654,151530,0.04057863586907184,,,,,,,,,,,,,,,,,,
outdoor_gravel_Tile_0,Tile_0,img_ba2f05a90b6e766693a2bd0d::yaw_plus_35,img_ba2f05a90b6e766693a2bd0d,right,yaw_plus_35,0,0,1456,2912,6,6.8397111892700195,0.7469662517353539,0.11487082525020038,True,4239872,4087900,600742,3681700,1734061,1947639,0.8683516860886367,0.900633577142298,0.40898899778106507,0.4241935957337508,0.5290053507890377,0.324896107776299,1196170,0.324896107776299,501043,0.13609012141130455,250426,0.06801912160143413,680400,680400,53465,674459,631742,42717,0.9912683715461493,0.9912683715461493,0.9284861845972957,0.9284861845972957,0.06333520643953154,0.0,0,0.0,24531,0.03637137320430152,18186,0.026963833235230016
outdoor_gravel_Tile_0,Tile_0,img_c54fcbe99fb2556e3eee453b::pitch_up_56,img_c54fcbe99fb2556e3eee453b,right,pitch_up_56,0,0,1490,1456,6,12.66491413116455,0.511016757757803,0.030376487134736157,False,2169440,2092638,110695,1820360,311998,1508362,0.8390921159377536,0.869887672879877,0.14381499373110113,0.14909315419102587,0.828606429497462,0.6100397723527214,1110492,0.6100397723527214,197597,0.10854830912566744,200273,0.11001834801907315,,,,,,,,,,,,,,,,,,
outdoor_gravel_Tile_0,Tile_0,img_c54fcbe99fb2556e3eee453b::yaw_minus_35,img_c54fcbe99fb2556e3eee453b,right,yaw_minus_35,0,0,1456,1668,6,7.199625015258789,0.6402960778039041,0.16164243072032888,True,2428608,2347534,574984,2216057,532612,1683445,0.9124803179434474,0.9439935694222107,0.2193075210161541,0.22688148499659644,0.7596578066358401,0.5186206852982572,1149293,0.5186206852982572,389345,0.17569268299506738,144807,0.06534443834251556,103037,103037,26721,103037,93203,9834,1.0,1.0,0.9045585566349952,0.9045585566349952,0.0954414433650048,0.0,0,0.0,4354,0.04225666508147559,5480,0.053184778283529216
outdoor_gravel_Tile_0,Tile_0,img_c54fcbe99fb2556e3eee453b::yaw_plus_35,img_c54fcbe99fb2556e3eee453b,right,yaw_plus_35,0,673,446,961,6,5.2526397705078125,0.6365528066587944,0.36739244130033855,False,428606,417074,138884,416798,18783,398015,0.9724502223487306,0.9993382469298014,0.043823464907164156,0.045035173614274684,0.9549350044865859,0.8088666452334224,337134,0.8088666452334224,52357,0.12561720545684,8524,0.0204511537963234,,,,,,,,,,,,,,,,,,
outdoor_gravel_Tile_0,Tile_0,img_c945937fd972cd35ccc3f927::pitch_down_56,img_c945937fd972cd35ccc3f927,right,pitch_down_56,0,0,2602,1456,6,1.8214513063430786,1.0,0.0,False,3788512,3685022,13376,1760244,1760244,0,0.46462674527624565,0.4776753028882867,0.46462674527624565,0.4776753028882867,0.0,0.0,0,0.0,0,0.0,0,0.0,,,,,,,,,,,,,,,,,,
outdoor_gravel_Tile_0,Tile_0,img_c945937fd972cd35ccc3f927::yaw_minus_35,img_c945937fd972cd35ccc3f927,right,yaw_minus_35,0,372,1456,2540,6,8.602987289428711,0.7881367757414969,0.0885629030639703,True,3698240,3596238,551823,3194116,1889618,1304498,0.8636854287444838,0.8881825952564875,0.5109506143462836,0.5254429767996445,0.40840658260376267,0.2281297861442728,728673,0.2281297861442728,400194,0.12529100383329847,175631,0.05498579262619141,125080,125080,29210,125080,119438,5642,1.0,1.0,0.9548928685641189,0.9548928685641189,0.045107131435881034,0.0,0,0.0,1656,0.013239526702910138,3986,0.0318676047329709
outdoor_gravel_Tile_0,Tile_0,img_c945937fd972cd35ccc3f927::yaw_plus_35,img_c945937fd972cd35ccc3f927,right,yaw_plus_35,0,1642,1456,1270,6,4.249469757080078,0.9675470095370478,0.005882929698990097,False,1849120,1777598,51798,1348525,1136996,211529,0.7292793328718525,0.7586220281525969,0.6148849182313749,0.6396249320712557,0.15685953171057265,0.02475222928755492,33379,0.02475222928755492,108825,0.08069928254945218,69325,0.05140801987356556,,,,,,,,,,,,,,,,,,
outdoor_gravel_Tile_0,Tile_0,img_d1b98043d8de5060ebfdfffe::pitch_down_56,img_d1b98043d8de5060ebfdfffe,right,pitch_down_56,21,0,2764,1456,6,1.6224868297576904,1.0,0.0,True,4024384,3946310,19149,2362438,2362438,0,0.5870309592722762,0.5986448099617111,0.5870309592722762,0.5986448099617111,0.0,0.0,0,0.0,0,0.0,0,0.0,49274,47990,490,43278,43278,0,0.8783131063035272,0.9018128776828506,0.8783131063035272,0.9018128776828506,0.0,0.0,0,0.0,0,0.0,0,0.0
outdoor_gravel_Tile_0,Tile_0,img_d1b98043d8de5060ebfdfffe::pitch_up_56,img_d1b98043d8de5060ebfdfffe,right,pitch_up_56,0,0,2351,1456,6,16.70745849609375,0.5198811977209359,0.02550819011380833,False,3423056,3325590,131984,2558243,543064,2015179,0.7473564557518194,0.7692598907261569,0.15864887983135537,0.16329854251426063,0.7877199312184182,0.5452699372186302,1394933,0.5452699372186302,285296,0.11152028951119967,334950,0.13092970448858846,,,,,,,,,,,,,,,,,,
outdoor_gravel_Tile_0,Tile_0,img_d1b98043d8de5060ebfdfffe::yaw_minus_35,img_d1b98043d8de5060ebfdfffe,right,yaw_minus_35,0,0,1456,2912,6,5.733887195587158,0.4923632599217585,0.26262998793583514,False,4239872,4067336,616297,3768737,1826949,1941788,0.888879900147929,0.9265860995993447,0.4308972063307572,0.4491758241758242,0.5152357407800013,0.4149411327986007,1563804,0.4149411327986007,241056,0.06396201167659085,136928,0.03633259630480981,,,,,,,,,,,,,,,,,,
outdoor_gravel_Tile_0,Tile_0,img_d1b98043d8de5060ebfdfffe::yaw_plus_35,img_d1b98043d8de5060ebfdfffe,right,yaw_plus_35,0,0,1456,2912,6,7.0045166015625,0.7503548706636848,0.10982776108215828,True,4239872,4087900,587538,3670857,1738514,1932343,0.8657942975637001,0.8979811149979207,0.410039265336312,0.4252829080946207,0.5264010556662927,0.3188045734279488,1170286,0.3188045734279488,515603,0.14045848149355858,246454,0.06713800074478521,501480,501480,51855,500760,456208,44552,0.9985642498205313,0.9985642498205313,0.909723219270958,0.909723219270958,0.08896876747344037,0.0,0,0.0,29933,0.059775141784487576,14619,0.02919362568895279
outdoor_gravel_Tile_0,Tile_0,img_dbd584d2499ddb3864fbca49::pitch_down_56,img_dbd584d2499ddb3864fbca49,left,pitch_down_56,0,0,2912,1456,6,1.8946502208709717,1.0,0.0,True,4239872,4087900,24578,2671849,2671849,0,0.6301720901008332,0.6535994031165145,0.6301720901008332,0.6535994031165145,0.0,0.0,0,0.0,0,0.0,0,0.0,16510,14759,271,14439,14439,0,0.8745608721986675,0.9783183142489329,0.8745608721986675,0.9783183142489329,0.0,0.0,0,0.0,0,0.0,0,0.0
outdoor_gravel_Tile_0,Tile_0,img_dbd584d2499ddb3864fbca49::pitch_up_56,img_dbd584d2499ddb3864fbca49,left,pitch_up_56,0,0,2912,1456,6,8.620162963867188,0.3129504492992159,0.06477422684868533,False,4239872,4087900,195638,3793810,753358,3040452,0.8947935220685908,0.9280584163017687,0.17768413763434368,0.18428973311480223,0.8014244255774537,0.7222201428115799,2739966,0.7222201428115799,31604,0.008330411907818263,268882,0.07087387085805562,,,,,,,,,,,,,,,,,,
outdoor_gravel_Tile_0,Tile_0,img_dbd584d2499ddb3864fbca49::yaw_minus_35,img_dbd584d2499ddb3864fbca49,left,yaw_minus_35,0,0,1456,2912,6,5.352173805236816,0.7598068643762542,0.061223439652775005,True,4239872,4087900,349806,3599116,2176791,1422325,0.8488737395845912,0.8804315174050246,0.5134096029314092,0.5324961471660266,0.3951873182192516,0.22658813997659424,815517,0.22658813997659424,415875,0.11554920708307262,190933,0.05304997115958474,235280,235280,38386,235280,214318,20962,1.0,1.0,0.9109061543692621,0.9109061543692621,0.08909384563073784,0.0,0,0.0,13668,0.05809248554913295,7294,0.031001360081604895
outdoor_gravel_Tile_0,Tile_0,img_dbd584d2499ddb3864fbca49::yaw_plus_35,img_dbd584d2499ddb3864fbca49,left,yaw_plus_35,0,0,1456,2912,6,4.896211624145508,0.4876287889480195,0.31931368696791096,False,4239872,4087900,602245,3769056,1714082,2054974,0.8889551382683251,0.922002984417427,0.4042768272249728,0.41930624526040267,0.5452224641926254,0.481372524048462,1814320,0.481372524048462,145799,0.03868316098248474,94855,0.02516677916167868,,,,,,,,,,,,,,,,,,
outdoor_gravel_Tile_0,Tile_0,img_e08b30473e1f1809ad33265e::pitch_down_56,img_e08b30473e1f1809ad33265e,right,pitch_down_56,0,0,2912,1456,6,1.765653371810913,1.0,0.0,False,4239872,4087900,19443,2260986,2260986,0,0.5332675137362637,0.553092296778297,0.5332675137362637,0.553092296778297,0.0,0.0,0,0.0,0,0.0,0,0.0,,,,,,,,,,,,,,,,,,
outdoor_gravel_Tile_0,Tile_0,img_e08b30473e1f1809ad33265e::pitch_up_56,img_e08b30473e1f1809ad33265e,right,pitch_up_56,0,0,2516,1456,6,16.78833770751953,0.4708942844216559,0.031083970279456728,False,3663296,3561870,145882,2990264,624296,2365968,0.8162769265710442,0.8395208135052655,0.17041920718391307,0.17527197792170968,0.7912237849233379,0.572139449894725,1710848,0.572139449894725,274417,0.09177015808637631,380703,0.12731417694223654,,,,,,,,,,,,,,,,,,
outdoor_gravel_Tile_0,Tile_0,img_e08b30473e1f1809ad33265e::yaw_minus_35,img_e08b30473e1f1809ad33265e,right,yaw_minus_35,0,0,1456,2912,6,5.567233562469482,0.44423839566999274,0.29856707265331983,False,4239872,4061767,603417,3648690,1662604,1986086,0.8605660736927907,0.8983011580920324,0.3921354229561647,0.40933022499813504,0.5443285124250073,0.4537000951026259,1655411,0.4537000951026259,203808,0.055857855833189446,126867,0.03477056148919201,,,,,,,,,,,,,,,,,,
outdoor_gravel_Tile_0,Tile_0,img_e08b30473e1f1809ad33265e::yaw_plus_35,img_e08b30473e1f1809ad33265e,right,yaw_plus_35,0,0,1456,2912,6,7.5710577964782715,0.7219256335687578,0.09464018367013516,True,4239872,4087900,577680,3603818,1709334,1894484,0.849982735327859,0.8815817412363316,0.4031569820975728,0.4181447687076494,0.5256880341904059,0.2936432971920336,1058237,0.2936432971920336,566919,0.15731066330208685,269328,0.07473407369628544,147376,147376,43489,147376,95814,51562,1.0,1.0,0.6501329931603518,0.6501329931603518,0.3498670068396482,0.0,0,0.0,41233,0.27978096840733907,10329,0.07008603843230919
outdoor_gravel_Tile_0,Tile_0,img_e1c210b7ccfec82ca9152ea4::pitch_down_56,img_e1c210b7ccfec82ca9152ea4,left,pitch_down_56,2,0,2910,1456,6,1.8582382202148438,1.0,0.0,False,4236960,4087900,23505,2534466,2534466,0,0.5981802990823609,0.6199921720198635,0.5981802990823609,0.6199921720198635,0.0,0.0,0,0.0,0,0.0,0,0.0,,,,,,,,,,,,,,,,,,
outdoor_gravel_Tile_0,Tile_0,img_e1c210b7ccfec82ca9152ea4::pitch_up_56,img_e1c210b7ccfec82ca9152ea4,left,pitch_up_56,0,0,2912,1456,6,12.618734359741211,0.5380722194678565,0.020098077237979507,False,4239872,4087900,96816,2945032,1054775,1890257,0.6946039880449221,0.7204266249174393,0.24877519887392827,0.2580236796399129,0.6418459969195581,0.42369488684673035,1247795,0.42369488684673035,220641,0.07491972922535307,421821,0.14323138084747467,,,,,,,,,,,,,,,,,,
outdoor_gravel_Tile_0,Tile_0,img_e1c210b7ccfec82ca9152ea4::yaw_minus_35,img_e1c210b7ccfec82ca9152ea4,left,yaw_minus_35,0,0,1456,2912,6,7.738316535949707,0.6708437279190159,0.13419202363964283,False,4239872,3980794,416082,3551045,1693611,1857434,0.8375358973101075,0.892044401192325,0.3994486154298998,0.42544552669643293,0.5230668718644793,0.37241431747556003,1322460,0.37241431747556003,323555,0.0911154322178401,211419,0.05953712217107922,,,,,,,,,,,,,,,,,,
outdoor_gravel_Tile_0,Tile_0,img_e1c210b7ccfec82ca9152ea4::yaw_plus_35,img_e1c210b7ccfec82ca9152ea4,left,yaw_plus_35,0,0,1456,2912,6,5.691762924194336,0.8527075930504838,0.010159924741298213,True,4239872,4087900,244276,2764983,2068035,696948,0.6521383192700158,0.6763822500550405,0.48775882856840963,0.5058917781746128,0.2520623092438543,0.051247693023790744,141699,0.051247693023790744,420489,0.15207652271279787,134760,0.048738093507265684,338670,338670,41404,338646,318730,19916,0.9999291345557623,0.9999291345557623,0.9411226267457997,0.9411226267457997,0.058810675454604514,0.0,0,0.0,10293,0.03039457132226573,9623,0.028416104132338783
outdoor_gravel_Tile_0,Tile_0,img_eca6b916bacacf912bf06b66::pitch_down_56,img_eca6b916bacacf912bf06b66,left,pitch_down_56,0,0,2902,1456,6,1.9561362266540527,1.0,0.0,True,4225312,4087900,24224,2601541,2601541,0,0.6157038817488507,0.6364003522591062,0.6157038817488507,0.6364003522591062,0.0,0.0,0,0.0,0,0.0,0,0.0,17940,17940,316,17592,17592,0,0.9806020066889632,0.9806020066889632,0.9806020066889632,0.9806020066889632,0.0,0.0,0,0.0,0,0.0,0,0.0
outdoor_gravel_Tile_0,Tile_0,img_eca6b916bacacf912bf06b66::pitch_up_56,img_eca6b916bacacf912bf06b66,left,pitch_up_56,0,0,2912,1456,6,8.964221000671387,0.3466031014471306,0.060419968823275126,False,4239872,4087900,189202,3745507,728800,3016707,0.8834009611610917,0.9162423249101005,0.1718919816447289,0.17828224760879668,0.8054202007899064,0.698738782226278,2617131,0.698738782226278,61476,0.0164132652802411,338100,0.09026815328338728,,,,,,,,,,,,,,,,,,
outdoor_gravel_Tile_0,Tile_0,img_eca6b916bacacf912bf06b66::yaw_minus_35,img_eca6b916bacacf912bf06b66,left,yaw_minus_35,0,0,1456,2912,6,5.586424350738525,0.7476136027487655,0.06777584759410525,True,4239872,4087900,351576,3577074,2188943,1388131,0.8436749977357807,0.8750395068372514,0.5162757271917643,0.5354688226228626,0.38806326064263696,0.22598078764934693,808350,0.22598078764934693,403031,0.11267057936179123,176750,0.04941189363149882,230520,230520,36710,230520,216011,14509,1.0,1.0,0.9370596911330904,0.9370596911330904,0.0629403088669096,0.0,0,0.0,8549,0.03708571924344959,5960,0.025854589623460003
outdoor_gravel_Tile_0,Tile_0,img_eca6b916bacacf912bf06b66::yaw_plus_35,img_eca6b916bacacf912bf06b66,left,yaw_plus_35,0,0,1456,2912,6,4.691423416137695,0.5469163471815782,0.31161843074198653,False,4239872,4087900,656786,3797037,1722100,2074937,0.8955546299510929,0.9288478191736589,0.40616792205047697,0.42126764353335455,0.5464621493022059,0.47639514705808766,1808890,0.47639514705808766,170242,0.04483548619621036,95805,0.02523151604790788,,,,,,,,,,,,,,,,,,
outdoor_gravel_Tile_0,Tile_0,img_f0ff00b70da5711d5c787073::pitch_down_56,img_f0ff00b70da5711d5c787073,left,pitch_down_56,728,0,2184,1078,6,1.7544395923614502,1.0,0.0,False,2354352,2299223,11306,1350626,1350626,0,0.5736720762230967,0.587427143865558,0.5736720762230967,0.587427143865558,0.0,0.0,0,0.0,0,0.0,0,0.0,,,,,,,,,,,,,,,,,,
outdoor_gravel_Tile_0,Tile_0,img_f0ff00b70da5711d5c787073::pitch_up_56,img_f0ff00b70da5711d5c787073,left,pitch_up_56,0,0,2912,1456,6,8.885851860046387,0.38917001655237643,0.05848226132630558,False,4239872,4087900,190305,3744797,706891,3037906,0.8832335032755706,0.9160686416008219,0.16672460866743147,0.17292277208346585,0.811233826559891,0.6782116627416653,2539765,0.6782116627416653,104223,0.027831415160821802,393918,0.10519074865740385,,,,,,,,,,,,,,,,,,
outdoor_gravel_Tile_0,Tile_0,img_f0ff00b70da5711d5c787073::yaw_minus_35,img_f0ff00b70da5711d5c787073,left,yaw_minus_35,152,0,1304,2820,6,6.059470176696777,0.6966383869937169,0.1002915733199859,True,3677280,3608346,366223,3171564,1722604,1448960,0.8624755253883305,0.8789522955947129,0.46844515511464996,0.4773943518720211,0.45685977013233847,0.29790475613924233,944824,0.29790475613924233,350554,0.11053032510143261,153582,0.04842468889166354,193050,193050,36393,193050,171546,21504,1.0,1.0,0.8886091686091686,0.8886091686091686,0.11139083139083139,0.0,0,0.0,13762,0.07128723128723129,7742,0.040103600103600104
outdoor_gravel_Tile_0,Tile_0,img_f0ff00b70da5711d5c787073::yaw_plus_35,img_f0ff00b70da5711d5c787073,left,yaw_plus_35,0,0,1456,2912,6,4.472995758056641,0.5875758723670417,0.3084764522086024,False,4239872,4087900,681078,3755892,1726333,2029559,0.8858503275570583,0.9187827490887742,0.4071663012468301,0.422303138530786,0.5403667091599013,0.4747165253952989,1782984,0.4747165253952989,154022,0.04100810140440673,92553,0.02464208236019566,,,,,,,,,,,,,,,,,,
outdoor_gravel_Tile_0,Tile_0,img_f7140eacb75d560d184fb31f::pitch_down_56,img_f7140eacb75d560d184fb31f,right,pitch_down_56,0,0,2912,1456,6,1.6688783168792725,1.0,0.0,True,4239872,4087900,17952,2250469,2250469,0,0.5307870143249608,0.5505195821815602,0.5307870143249608,0.5505195821815602,0.0,0.0,0,0.0,0,0.0,0,0.0,1325025,1303333,8368,932662,932662,0,0.7038825682534292,0.7155976254725385,0.7038825682534292,0.7155976254725385,0.0,0.0,0,0.0,0,0.0,0,0.0
outdoor_gravel_Tile_0,Tile_0,img_f7140eacb75d560d184fb31f::pitch_up_56,img_f7140eacb75d560d184fb31f,right,pitch_up_56,0,0,2224,1456,6,15.366512298583984,0.54563315568413,0.0254681640859469,False,3238144,3143726,129281,2398793,502539,1896254,0.7407925651237252,0.7630413719261793,0.15519353061506838,0.15985458020196416,0.7905033906635546,0.5452825650233263,1308020,0.5452825650233263,273099,0.11384850631129906,315135,0.13137231932892918,,,,,,,,,,,,,,,,,,
outdoor_gravel_Tile_0,Tile_0,img_f7140eacb75d560d184fb31f::yaw_minus_35,img_f7140eacb75d560d184fb31f,right,yaw_minus_35,0,0,1456,2800,6,5.735006332397461,0.5580426011135063,0.23393820035884885,False,4076800,3956653,600266,3612867,1870067,1742800,0.8862016777864992,0.9131119155508456,0.4587095270800628,0.4726386165276561,0.48238697964801913,0.37007894284511444,1337046,0.37007894284511444,267880,0.07414610058991931,137874,0.03816193621298542,,,,,,,,,,,,,,,,,,
outdoor_gravel_Tile_0,Tile_0,img_f7140eacb75d560d184fb31f::yaw_plus_35,img_f7140eacb75d560d184fb31f,right,yaw_plus_35,0,0,1456,2912,6,6.793234348297119,0.7489386732136464,0.11512780912930444,True,4239872,4087900,586530,3672454,1744276,1928178,0.866170959878034,0.8983717801316079,0.4113982686269774,0.4266924337679493,0.5250380263442374,0.3230444819730894,1186366,0.3230444819730894,502834,0.13692043521852146,238978,0.06507310915262655,1007160,1007160,50533,963771,943373,20398,0.9569194566900989,0.9569194566900989,0.9366664680884864,0.9366664680884864,0.02116477877006052,0.0,0,0.0,14194,0.01472756495059511,6204,0.006437213819465413
outdoor_gravel_Tile_0,Tile_0,img_fa65b3aa880c9101e305af46::pitch_down_56,img_fa65b3aa880c9101e305af46,right,pitch_down_56,167,0,2745,1456,6,1.8677723407745361,1.0,0.0,True,3996720,3537305,19052,2163079,2163079,0,0.5412135451069877,0.6115048037983719,0.5412135451069877,0.6115048037983719,0.0,0.0,0,0.0,0,0.0,0,0.0,1480577,1470550,10920,1107923,1107923,0,0.7483048838392059,0.7534072285879433,0.7483048838392059,0.7534072285879433,0.0,0.0,0,0.0,0,0.0,0,0.0
outdoor_gravel_Tile_0,Tile_0,img_fa65b3aa880c9101e305af46::pitch_up_56,img_fa65b3aa880c9101e305af46,right,pitch_up_56,0,0,2040,1318,6,15.15040397644043,0.5650758760620536,0.022079316586119682,False,2688720,2629555,70971,1629543,396121,1233422,0.6060664554137285,0.6197029535415688,0.14732698086821983,0.15064183863809655,0.7569128277069093,0.47336461817822545,771368,0.47336461817822545,224578,0.13781655347542224,237476,0.14573165605326155,,,,,,,,,,,,,,,,,,
outdoor_gravel_Tile_0,Tile_0,img_fa65b3aa880c9101e305af46::yaw_minus_35,img_fa65b3aa880c9101e305af46,right,yaw_minus_35,0,0,1456,2912,6,6.3330183029174805,0.6303350024772297,0.19328907338281845,True,4239872,3688508,641846,3407472,1581270,1826202,0.8036733184398019,0.923807675081632,0.3729522966731071,0.42870179487207294,0.535940427390159,0.3998371813473449,1362434,0.3998371813473449,285848,0.08388858367728333,177920,0.05221466236553081,361372,361372,8863,323548,323548,0,0.8953322338199972,0.8953322338199972,0.8953322338199972,0.8953322338199972,0.0,0.0,0,0.0,0,0.0,0,0.0
outdoor_gravel_Tile_0,Tile_0,img_fa65b3aa880c9101e305af46::yaw_plus_35,img_fa65b3aa880c9101e305af46,right,yaw_plus_35,0,3,1456,2909,6,8.76008415222168,0.7684235993771975,0.09049670005574838,True,4235504,4087900,512522,3602241,1719630,1882611,0.8504869786452804,0.8811959685902298,0.40600363026454467,0.4206634213165684,0.5226221677006063,0.2982684945288225,1074435,0.2982684945288225,526127,0.1460554693592128,282049,0.07829820381257112,751673,749592,33798,718725,717950,775,0.9561671099001826,0.9588215989498287,0.9551360764587793,0.9577877031771951,0.001078298375595673,0.0,0,0.0,58,8.069845907683745e-05,717,0.0009975999165188355
outdoor_gravel_Tile_0,Tile_0,img_fe23bdc2249b367294f2ad0b::pitch_down_56,img_fe23bdc2249b367294f2ad0b,left,pitch_down_56,43,0,2869,1456,6,1.8128635883331299,1.0,0.0,False,4177264,4063404,19933,2379467,2379467,0,0.5696233228256581,0.5855846477485379,0.5696233228256581,0.5855846477485379,0.0,0.0,0,0.0,0,0.0,0,0.0,,,,,,,,,,,,,,,,,,
outdoor_gravel_Tile_0,Tile_0,img_fe23bdc2249b367294f2ad0b::pitch_up_56,img_fe23bdc2249b367294f2ad0b,left,pitch_up_56,0,0,2174,1456,6,11.236908912658691,0.4798826100787046,0.029196401180831107,False,3165344,3072126,97453,2557434,784433,1773001,0.80794820404986,0.8324639028477347,0.24781919437508215,0.25533881097324784,0.6932734138984623,0.49672054097974766,1270330,0.49672054097974766,167558,0.06551801532317159,335113,0.13103485759554304,,,,,,,,,,,,,,,,,,
outdoor_gravel_Tile_0,Tile_0,img_fe23bdc2249b367294f2ad0b::yaw_minus_35,img_fe23bdc2249b367294f2ad0b,left,yaw_minus_35,0,0,1456,2912,6,4.665575981140137,0.6094412154449678,0.19892236131941496,False,4239872,4087900,533533,3718367,1524426,2193941,0.8769998245230045,0.9096032192568312,0.35954528815964254,0.37291176398639886,0.5900280956667269,0.4335120766723672,1611957,0.4335120766723672,374472,0.1007087250935693,207512,0.05580729390079032,,,,,,,,,,,,,,,,,,
outdoor_gravel_Tile_0,Tile_0,img_fe23bdc2249b367294f2ad0b::yaw_plus_35,img_fe23bdc2249b367294f2ad0b,left,yaw_plus_35,0,669,1456,2243,6,5.052297592163086,0.8831873905429072,0.012675934444488344,True,3265808,3170934,222690,2589178,2128994,460184,0.7928139070024938,0.8165348127712528,0.6519042148221819,0.671409117944429,0.1777336282016918,0.027028269203585076,69981,0.027028269203585076,319239,0.12329743262147291,70964,0.02740792637663382,247079,247079,31976,247079,245118,1961,1.0,1.0,0.9920632672141299,0.9920632672141299,0.007936732785870107,0.0,0,0.0,133,0.0005382893730345355,1828,0.007398443412835571
