source_image_id,camera_id,source_path,face_name,derived_group,derived_image_id,derived_path,center_error_m,width,height,focal_px,principal_x,principal_y,face_to_source_00,face_to_source_01,face_to_source_02,face_to_source_10,face_to_source_11,face_to_source_12,face_to_source_20,face_to_source_21,face_to_source_22
30,1,G:/S1/USA/2026-02-24_16-21-11snow/camera/left/1771971730392763136.jpg,yaw_neg_35,0,2,D:\mipmap-lite\1fad9647-f717-4cd4-9391-11f219d7e5d1\snow\snow-20260827\result/.temp/undistort/2.jpg,0.0,1456,2912,1039.691749,728.0,1456.0,0.8191520442889916,1.0126749294066266e-16,-0.5735764363510457,4.1574862618463356e-17,0.9999999999999999,-1.0445250370815161e-16,0.573576436351046,-4.838197459283758e-18,0.8191520442889918
117,1,G:/S1/USA/2026-02-24_16-21-11snow/camera/left/1771971773895457024.jpg,yaw_neg_35,0,3,D:\mipmap-lite\1fad9647-f717-4cd4-9391-11f219d7e5d1\snow\snow-20260827\result/.temp/undistort/3.jpg,0.0,1456,2912,1039.691749,728.0,1456.0,0.8191520442889917,8.366251606791395e-17,-0.5735764363510458,-2.2969815790456194e-17,0.9999999999999998,-6.196221755963818e-17,0.5735764363510458,-4.899184649868402e-17,0.8191520442889915
146,1,G:/S1/USA/2026-02-24_16-21-11snow/camera/left/1771971788396321024.jpg,yaw_neg_35,0,4,D:\mipmap-lite\1fad9647-f717-4cd4-9391-11f219d7e5d1\snow\snow-20260827\result/.temp/undistort/4.jpg,0.0,1456,2912,1039.691749,728.0,1456.0,0.8191520442889916,9.121451817861758e-17,-0.5735764363510459,1.4752102679748169e-16,0.9999999999999997,-5.113084639196966e-18,0.5735764363510459,7.64715310398682e-17,0.8191520442889916
88,1,G:/S1/USA/2026-02-24_16-21-11snow/camera/left/1771971759394525952.jpg,yaw_neg_35,0,5,D:\mipmap-lite\1fad9647-f717-4cd4-9391-11f219d7e5d1\snow\snow-20260827\result/.temp/undistort/5.jpg,0.0,1456,2912,1039.691749,728.0,1456.0,0.8191520442889919,-1.750624656178933e-16,-0.5735764363510462,-1.698288940571737e-16,1.0,7.797384537223295e-17,0.5735764363510462,2.921951222529276e-17,0.8191520442889918
59,1,G:/S1/USA/2026-02-24_16-21-11snow/camera/left/1771971744893625088.jpg,yaw_neg_35,0,8,D:\mipmap-lite\1fad9647-f717-4cd4-9391-11f219d7e5d1\snow\snow-20260827\result/.temp/undistort/8.jpg,0.0,1456,2912,1039.691749,728.0,1456.0,0.8191520442889918,2.898212137949515e-17,-0.5735764363510459,-6.506207889325237e-17,1.0000000000000002,-2.0353515100839797e-16,0.573576436351046,-1.9286603334204385e-16,0.8191520442889919
1,1,G:/S1/USA/2026-02-24_16-21-11snow/camera/left/1771971715891788032.jpg,yaw_neg_35,0,12,D:\mipmap-lite\1fad9647-f717-4cd4-9391-11f219d7e5d1\snow\snow-20260827\result/.temp/undistort/12.jpg,0.0,1456,2912,1039.691749,728.0,1456.0,0.8191520442889917,4.2503874747594646e-17,-0.5735764363510459,3.2802449446874505e-17,1.0,-2.3298733062580673e-17,0.5735764363510459,3.70441977378599e-18,0.8191520442889918
2,1,G:/S1/USA/2026-02-24_16-21-11snow/camera/left/1771971716391821056.jpg,yaw_neg_35,0,49,D:\mipmap-lite\1fad9647-f717-4cd4-9391-11f219d7e5d1\snow\snow-20260827\result/.temp/undistort/49.jpg,0.0,1456,2912,1039.691749,728.0,1456.0,0.8191520442889918,2.521819462876568e-17,-0.573576436351046,1.3877614946795348e-17,0.9999999999999999,-1.6949918590492965e-17,0.5735764363510459,-8.435639179051116e-18,0.8191520442889917
147,1,G:/S1/USA/2026-02-24_16-21-11snow/camera/left/1771971788896326912.jpg,yaw_neg_35,0,50,D:\mipmap-lite\1fad9647-f717-4cd4-9391-11f219d7e5d1\snow\snow-20260827\result/.temp/undistort/50.jpg,0.0,1456,2912,1039.691749,728.0,1456.0,0.8191520442889922,-1.4884135229235605e-16,-0.5735764363510465,-2.2480293612844293e-16,1.0000000000000002,6.193585319482267e-17,0.573576436351046,-5.805301036950447e-17,0.8191520442889919
89,1,G:/S1/USA/2026-02-24_16-21-11snow/camera/left/1771971759894524928.jpg,yaw_neg_35,0,52,D:\mipmap-lite\1fad9647-f717-4cd4-9391-11f219d7e5d1\snow\snow-20260827\result/.temp/undistort/52.jpg,0.0,1456,2912,1039.691749,728.0,1456.0,0.8191520442889917,-8.444351061719995e-17,-0.5735764363510459,-7.18896837589816e-19,1.0,1.4691935166901362e-16,0.5735764363510458,1.19781301658265e-16,0.8191520442889916
118,1,G:/S1/USA/2026-02-24_16-21-11snow/camera/left/1771971774395424000.jpg,yaw_neg_35,0,55,D:\mipmap-lite\1fad9647-f717-4cd4-9391-11f219d7e5d1\snow\snow-20260827\result/.temp/undistort/55.jpg,0.0,1456,2912,1039.691749,728.0,1456.0,0.8191520442889917,2.3399537395561255e-16,-0.5735764363510457,2.358804860441344e-16,1.0,-7.620570860848937e-17,0.573576436351046,-5.448762314396708e-18,0.8191520442889916
60,1,G:/S1/USA/2026-02-24_16-21-11snow/camera/left/1771971745393674240.jpg,yaw_neg_35,0,56,D:\mipmap-lite\1fad9647-f717-4cd4-9391-11f219d7e5d1\snow\snow-20260827\result/.temp/undistort/56.jpg,0.0,1456,2912,1039.691749,728.0,1456.0,0.8191520442889919,-1.4078887461380057e-16,-0.573576436351046,8.488424349640164e-17,0.9999999999999994,4.0871180839044495e-16,0.5735764363510457,4.0199978778502137e-16,0.8191520442889914
31,1,G:/S1/USA/2026-02-24_16-21-11snow/camera/left/1771971730892815104.jpg,yaw_neg_35,0,57,D:\mipmap-lite\1fad9647-f717-4cd4-9391-11f219d7e5d1\snow\snow-20260827\result/.temp/undistort/57.jpg,0.0,1456,2912,1039.691749,728.0,1456.0,0.819152044288992,2.2075493403980342e-18,-0.5735764363510462,-1.2599596053125385e-17,1.0000000000000002,4.238803832365583e-17,0.5735764363510463,4.026979618270839e-17,0.8191520442889919
3,1,G:/S1/USA/2026-02-24_16-21-11snow/camera/left/1771971716891852032.jpg,yaw_neg_35,0,89,D:\mipmap-lite\1fad9647-f717-4cd4-9391-11f219d7e5d1\snow\snow-20260827\result/.temp/undistort/89.jpg,0.0,1456,2912,1039.691749,728.0,1456.0,0.8191520442889917,-6.012006125773723e-19,-0.573576436351046,5.449257773535361e-18,1.0,-3.179434062654892e-19,0.573576436351046,6.584433601895621e-18,0.8191520442889919
148,1,G:/S1/USA/2026-02-24_16-21-11snow/camera/left/1771971789396357888.jpg,yaw_neg_35,0,90,D:\mipmap-lite\1fad9647-f717-4cd4-9391-11f219d7e5d1\snow\snow-20260827\result/.temp/undistort/90.jpg,0.0,1456,2912,1039.691749,728.0,1456.0,0.8191520442889917,-2.2011637148788365e-17,-0.5735764363510462,2.934375218171668e-19,1.0,2.6046177162664835e-17,0.5735764363510462,-2.1816712377254854e-17,0.8191520442889918
32,1,G:/S1/USA/2026-02-24_16-21-11snow/camera/left/1771971731392765952.jpg,yaw_neg_35,0,103,D:\mipmap-lite\1fad9647-f717-4cd4-9391-11f219d7e5d1\snow\snow-20260827\result/.temp/undistort/103.jpg,0.0,1456,2912,1039.691749,728.0,1456.0,0.8191520442889916,9.956074214592183e-17,-0.5735764363510459,1.3521915829588358e-16,1.0,-1.6974386990070272e-17,0.573576436351046,6.914318939899089e-17,0.8191520442889919
90,1,G:/S1/USA/2026-02-24_16-21-11snow/camera/left/1771971760394555136.jpg,yaw_neg_35,0,102,D:\mipmap-lite\1fad9647-f717-4cd4-9391-11f219d7e5d1\snow\snow-20260827\result/.temp/undistort/102.jpg,0.0,1456,2912,1039.691749,728.0,1456.0,0.819152044288992,1.1398108257001141e-16,-0.5735764363510466,-8.93472813155485e-17,1.0000000000000004,-3.771589960193348e-16,0.573576436351046,-3.805898859523091e-16,0.8191520442889925
119,1,G:/S1/USA/2026-02-24_16-21-11snow/camera/left/1771971774895488000.jpg,yaw_neg_35,0,105,D:\mipmap-lite\1fad9647-f717-4cd4-9391-11f219d7e5d1\snow\snow-20260827\result/.temp/undistort/105.jpg,0.0,1456,2912,1039.691749,728.0,1456.0,0.8191520442889916,-3.057741574444819e-17,-0.5735764363510458,-1.0601897298872228e-16,1.0,5.18709953605126e-17,0.5735764363510463,-5.826899775686617e-18,0.8191520442889918
61,1,G:/S1/USA/2026-02-24_16-21-11snow/camera/left/1771971745893655040.jpg,yaw_neg_35,0,109,D:\mipmap-lite\1fad9647-f717-4cd4-9391-11f219d7e5d1\snow\snow-20260827\result/.temp/undistort/109.jpg,0.0,1456,2912,1039.691749,728.0,1456.0,0.8191520442889917,-1.9689868616358536e-18,-0.5735764363510459,8.385728316641953e-18,0.9999999999999999,6.650905376858341e-17,0.573576436351046,6.615677709097655e-17,0.8191520442889918
149,1,G:/S1/USA/2026-02-24_16-21-11snow/camera/left/1771971789896388096.jpg,yaw_neg_35,0,133,D:\mipmap-lite\1fad9647-f717-4cd4-9391-11f219d7e5d1\snow\snow-20260827\result/.temp/undistort/133.jpg,0.0,1456,2912,1039.691749,728.0,1456.0,0.8191520442889922,-1.9921261241846298e-16,-0.5735764363510462,-1.8438833926479502e-16,1.0000000000000002,7.614586337419265e-17,0.5735764363510462,-2.577655826151339e-17,0.8191520442889919
4,1,G:/S1/USA/2026-02-24_16-21-11snow/camera/left/1771971717391916032.jpg,yaw_neg_35,0,142,D:\mipmap-lite\1fad9647-f717-4cd4-9391-11f219d7e5d1\snow\snow-20260827\result/.temp/undistort/142.jpg,0.0,1456,2912,1039.691749,728.0,1456.0,0.8191520442889919,7.770136806133177e-18,-0.573576436351046,1.9864694079851255e-18,1.0000000000000002,-5.466550828096532e-18,0.5735764363510463,-1.0942251331586984e-17,0.819152044288992
91,1,G:/S1/USA/2026-02-24_16-21-11snow/camera/left/1771971760894637056.jpg,yaw_neg_35,0,144,D:\mipmap-lite\1fad9647-f717-4cd4-9391-11f219d7e5d1\snow\snow-20260827\result/.temp/undistort/144.jpg,0.0,1456,2912,1039.691749,728.0,1456.0,0.8191520442889919,1.250156433471993e-16,-0.5735764363510462,4.618083205783767e-17,1.0,-2.8553402772788514e-16,0.573576436351046,-2.2274247611472075e-16,0.8191520442889919
33,1,G:/S1/USA/2026-02-24_16-21-11snow/camera/left/1771971731892795136.jpg,yaw_neg_35,0,138,D:\mipmap-lite\1fad9647-f717-4cd4-9391-11f219d7e5d1\snow\snow-20260827\result/.temp/undistort/138.jpg,0.0,1456,2912,1039.691749,728.0,1456.0,0.8191520442889914,1.567122337057124e-16,-0.573576436351046,2.5211295716086784e-16,0.9999999999999996,5.975234331170641e-17,0.5735764363510457,2.1254726280395212e-16,0.8191520442889919
120,1,G:/S1/USA/2026-02-24_16-21-11snow/camera/left/1771971775395489024.jpg,yaw_neg_35,0,154,D:\mipmap-lite\1fad9647-f717-4cd4-9391-11f219d7e5d1\snow\snow-20260827\result/.temp/undistort/154.jpg,0.0,1456,2912,1039.691749,728.0,1456.0,0.8191520442889914,4.464723743189379e-17,-0.5735764363510457,1.4270626632330134e-18,0.9999999999999997,-4.377743476097644e-17,0.5735764363510459,-7.264342161056538e-17,0.8191520442889915
62,1,G:/S1/USA/2026-02-24_16-21-11snow/camera/left/1771971746393715200.jpg,yaw_neg_35,0,165,D:\mipmap-lite\1fad9647-f717-4cd4-9391-11f219d7e5d1\snow\snow-20260827\result/.temp/undistort/165.jpg,0.0,1456,2912,1039.691749,728.0,1456.0,0.8191520442889919,-1.4511727770450112e-16,-0.5735764363510459,8.370382602105202e-17,0.9999999999999993,4.964847168299722e-16,0.5735764363510459,4.42925727187291e-16,0.8191520442889914
150,1,G:/S1/USA/2026-02-24_16-21-11snow/camera/left/1771971790396419072.jpg,yaw_neg_35,0,182,D:\mipmap-lite\1fad9647-f717-4cd4-9391-11f219d7e5d1\snow\snow-20260827\result/.temp/undistort/182.jpg,0.0,1456,2912,1039.691749,728.0,1456.0,0.8191520442889915,1.0047545322949504e-16,-0.5735764363510459,1.3757705543567826e-16,0.9999999999999997,-3.3120541707119575e-17,0.5735764363510458,-4.52731383029947e-17,0.8191520442889915
92,1,G:/S1/USA/2026-02-24_16-21-11snow/camera/left/1771971761394644992.jpg,yaw_neg_35,0,183,D:\mipmap-lite\1fad9647-f717-4cd4-9391-11f219d7e5d1\snow\snow-20260827\result/.temp/undistort/183.jpg,0.0,1456,2912,1039.691749,728.0,1456.0,0.8191520442889917,1.1007617190893157e-16,-0.573576436351046,5.557433849346119e-17,0.9999999999999999,-1.8456567770046383e-16,0.5735764363510459,-8.161750166486643e-17,0.8191520442889918
34,1,G:/S1/USA/2026-02-24_16-21-11snow/camera/left/1771971732392879872.jpg,yaw_neg_35,0,190,D:\mipmap-lite\1fad9647-f717-4cd4-9391-11f219d7e5d1\snow\snow-20260827\result/.temp/undistort/190.jpg,0.0,1456,2912,1039.691749,728.0,1456.0,0.8191520442889914,5.804190947359731e-17,-0.5735764363510458,1.2077367851123322e-16,0.9999999999999999,1.372424167357076e-17,0.5735764363510458,5.825894150175876e-17,0.8191520442889917
5,1,G:/S1/USA/2026-02-24_16-21-11snow/camera/left/1771971717891949056.jpg,yaw_neg_35,0,192,D:\mipmap-lite\1fad9647-f717-4cd4-9391-11f219d7e5d1\snow\snow-20260827\result/.temp/undistort/192.jpg,0.0,1456,2912,1039.691749,728.0,1456.0,0.8191520442889917,1.1331344920186311e-17,-0.5735764363510459,1.4529898046409817e-17,1.0,1.3036055561816246e-18,0.5735764363510462,1.0281353307417762e-17,0.8191520442889919
121,1,G:/S1/USA/2026-02-24_16-21-11snow/camera/left/1771971775895520000.jpg,yaw_neg_35,0,194,D:\mipmap-lite\1fad9647-f717-4cd4-9391-11f219d7e5d1\snow\snow-20260827\result/.temp/undistort/194.jpg,0.0,1456,2912,1039.691749,728.0,1456.0,0.8191520442889917,-8.756700463228355e-17,-0.5735764363510462,-2.7484087190516785e-18,0.9999999999999999,-9.798469075481444e-18,0.5735764363510459,8.94125155411154e-18,0.8191520442889918
151,1,G:/S1/USA/2026-02-24_16-21-11snow/camera/left/1771971790896451072.jpg,yaw_neg_35,0,223,D:\mipmap-lite\1fad9647-f717-4cd4-9391-11f219d7e5d1\snow\snow-20260827\result/.temp/undistort/223.jpg,0.0,1456,2912,1039.691749,728.0,1456.0,0.819152044288992,-5.62012297733247e-17,-0.5735764363510462,-1.1158391929542355e-16,1.0000000000000004,5.360704949570426e-17,0.5735764363510462,-5.73594010546074e-17,0.8191520442889919
63,1,G:/S1/USA/2026-02-24_16-21-11snow/camera/left/1771971746893758976.jpg,yaw_neg_35,0,217,D:\mipmap-lite\1fad9647-f717-4cd4-9391-11f219d7e5d1\snow\snow-20260827\result/.temp/undistort/217.jpg,0.0,1456,2912,1039.691749,728.0,1456.0,0.8191520442889919,1.1545381273584065e-16,-0.5735764363510462,-4.1276288364737083e-17,1.0000000000000002,-1.94172924837439e-16,0.573576436351046,-1.943097319691997e-16,0.8191520442889918
93,1,G:/S1/USA/2026-02-24_16-21-11snow/camera/left/1771971761894649088.jpg,yaw_neg_35,0,229,D:\mipmap-lite\1fad9647-f717-4cd4-9391-11f219d7e5d1\snow\snow-20260827\result/.temp/undistort/229.jpg,0.0,1456,2912,1039.691749,728.0,1456.0,0.8191520442889917,-2.2243442909725774e-16,-0.5735764363510457,-7.770694889950908e-17,0.9999999999999998,3.015999190132315e-16,0.5735764363510462,2.391031223523339e-16,0.8191520442889915
6,1,G:/S1/USA/2026-02-24_16-21-11snow/camera/left/1771971718391991040.jpg,yaw_neg_35,0,245,D:\mipmap-lite\1fad9647-f717-4cd4-9391-11f219d7e5d1\snow\snow-20260827\result/.temp/undistort/245.jpg,0.0,1456,2912,1039.691749,728.0,1456.0,0.819152044288992,-1.6673515557821453e-17,-0.573576436351046,-9.640243529168627e-18,0.9999999999999999,2.326313227870209e-18,0.5735764363510462,-8.609327254787784e-18,0.8191520442889919
35,1,G:/S1/USA/2026-02-24_16-21-11snow/camera/left/1771971732892856064.jpg,yaw_neg_35,0,247,D:\mipmap-lite\1fad9647-f717-4cd4-9391-11f219d7e5d1\snow\snow-20260827\result/.temp/undistort/247.jpg,0.0,1456,2912,1039.691749,728.0,1456.0,0.8191520442889919,-6.710284747483943e-17,-0.5735764363510459,-2.7000997478148073e-17,1.0,6.74369222495702e-17,0.573576436351046,4.38086787884711e-17,0.8191520442889918
122,1,G:/S1/USA/2026-02-24_16-21-11snow/camera/left/1771971776395580160.jpg,yaw_neg_35,0,248,D:\mipmap-lite\1fad9647-f717-4cd4-9391-11f219d7e5d1\snow\snow-20260827\result/.temp/undistort/248.jpg,0.0,1456,2912,1039.691749,728.0,1456.0,0.8191520442889918,-2.984321681332283e-17,-0.5735764363510462,6.17483031400406e-17,1.0,-2.3506100488038338e-18,0.573576436351046,4.209820295399549e-17,0.8191520442889918
64,1,G:/S1/USA/2026-02-24_16-21-11snow/camera/left/1771971747393777152.jpg,yaw_neg_35,0,262,D:\mipmap-lite\1fad9647-f717-4cd4-9391-11f219d7e5d1\snow\snow-20260827\result/.temp/undistort/262.jpg,0.0,1456,2912,1039.691749,728.0,1456.0,0.8191520442889917,-9.256090844385738e-17,-0.5735764363510459,-4.3060623861903114e-17,0.9999999999999997,1.1334482668762542e-16,0.5735764363510459,8.123437812465846e-17,0.8191520442889916
152,1,G:/S1/USA/2026-02-24_16-21-11snow/camera/left/1771971791396482048.jpg,yaw_neg_35,0,272,D:\mipmap-lite\1fad9647-f717-4cd4-9391-11f219d7e5d1\snow\snow-20260827\result/.temp/undistort/272.jpg,0.0,1456,2912,1039.691749,728.0,1456.0,0.8191520442889916,2.752924703535967e-16,-0.5735764363510459,2.522316272633815e-16,0.9999999999999996,-7.634063331441672e-17,0.5735764363510459,9.779342761539914e-17,0.8191520442889916
7,1,G:/S1/USA/2026-02-24_16-21-11snow/camera/left/1771971718892033024.jpg,yaw_neg_35,0,282,D:\mipmap-lite\1fad9647-f717-4cd4-9391-11f219d7e5d1\snow\snow-20260827\result/.temp/undistort/282.jpg,0.0,1456,2912,1039.691749,728.0,1456.0,0.819152044288992,2.998739930085665e-18,-0.573576436351046,4.4268539237492365e-18,1.0000000000000002,5.286344866776621e-18,0.5735764363510462,9.916065258864445e-19,0.819152044288992
94,1,G:/S1/USA/2026-02-24_16-21-11snow/camera/left/1771971762394705920.jpg,yaw_neg_35,0,283,D:\mipmap-lite\1fad9647-f717-4cd4-9391-11f219d7e5d1\snow\snow-20260827\result/.temp/undistort/283.jpg,0.0,1456,2912,1039.691749,728.0,1456.0,0.8191520442889919,1.7646020744415646e-16,-0.5735764363510465,6.320371702750912e-17,1.0,-1.7481449200965338e-16,0.5735764363510462,-1.7089604313293522e-16,0.8191520442889924
123,1,G:/S1/USA/2026-02-24_16-21-11snow/camera/left/1771971776895583232.jpg,yaw_neg_35,0,286,D:\mipmap-lite\1fad9647-f717-4cd4-9391-11f219d7e5d1\snow\snow-20260827\result/.temp/undistort/286.jpg,0.0,1456,2912,1039.691749,728.0,1456.0,0.8191520442889922,-7.338905777993035e-17,-0.5735764363510464,-6.019398363831399e-17,1.0000000000000004,4.031351585228073e-17,0.5735764363510464,-9.085451497500092e-18,0.8191520442889922
36,1,G:/S1/USA/2026-02-24_16-21-11snow/camera/left/1771971733392938240.jpg,yaw_neg_35,0,290,D:\mipmap-lite\1fad9647-f717-4cd4-9391-11f219d7e5d1\snow\snow-20260827\result/.temp/undistort/290.jpg,0.0,1456,2912,1039.691749,728.0,1456.0,0.8191520442889912,1.2452907901006658e-16,-0.5735764363510458,2.1916608961846967e-16,0.9999999999999994,4.2174968479306616e-17,0.5735764363510458,1.7857586433800113e-16,0.8191520442889917
65,1,G:/S1/USA/2026-02-24_16-21-11snow/camera/left/1771971747893807104.jpg,yaw_neg_35,0,305,D:\mipmap-lite\1fad9647-f717-4cd4-9391-11f219d7e5d1\snow\snow-20260827\result/.temp/undistort/305.jpg,0.0,1456,2912,1039.691749,728.0,1456.0,0.8191520442889918,-4.8316797678952085e-18,-0.5735764363510459,2.0475899471178354e-16,0.9999999999999999,3.3927907735546365e-16,0.5735764363510462,4.1189902371225934e-16,0.8191520442889918
153,1,G:/S1/USA/2026-02-24_16-21-11snow/camera/left/1771971791896552192.jpg,yaw_neg_35,0,318,D:\mipmap-lite\1fad9647-f717-4cd4-9391-11f219d7e5d1\snow\snow-20260827\result/.temp/undistort/318.jpg,0.0,1456,2912,1039.691749,728.0,1456.0,0.8191520442889917,1.6488356348001798e-16,-0.5735764363510458,1.2022086275448406e-16,0.9999999999999999,-1.8259053516821596e-16,0.573576436351046,-2.0676101402696767e-17,0.8191520442889916
95,1,G:/S1/USA/2026-02-24_16-21-11snow/camera/left/1771971762894792960.jpg,yaw_neg_35,0,329,D:\mipmap-lite\1fad9647-f717-4cd4-9391-11f219d7e5d1\snow\snow-20260827\result/.temp/undistort/329.jpg,0.0,1456,2912,1039.691749,728.0,1456.0,0.8191520442889918,-4.5621697972855335e-17,-0.573576436351046,-6.488314362063707e-17,1.0,3.677920907048162e-17,0.5735764363510463,3.114127148688278e-17,0.8191520442889919
8,1,G:/S1/USA/2026-02-24_16-21-11snow/camera/left/1771971719392058112.jpg,yaw_neg_35,0,332,D:\mipmap-lite\1fad9647-f717-4cd4-9391-11f219d7e5d1\snow\snow-20260827\result/.temp/undistort/332.jpg,0.0,1456,2912,1039.691749,728.0,1456.0,0.8191520442889917,6.576781679785858e-17,-0.5735764363510459,4.713925839915243e-17,0.9999999999999999,-4.071140934293456e-17,0.573576436351046,1.0716210202905104e-18,0.819152044288992
37,1,G:/S1/USA/2026-02-24_16-21-11snow/camera/left/1771971733892919040.jpg,yaw_neg_35,0,336,D:\mipmap-lite\1fad9647-f717-4cd4-9391-11f219d7e5d1\snow\snow-20260827\result/.temp/undistort/336.jpg,0.0,1456,2912,1039.691749,728.0,1456.0,0.8191520442889922,-2.214224246428103e-16,-0.5735764363510462,-3.0881237363580647e-16,1.0000000000000004,-7.402298291877944e-17,0.5735764363510464,-2.4279343172005216e-16,0.819152044288992
124,1,G:/S1/USA/2026-02-24_16-21-11snow/camera/left/1771971777395611904.jpg,yaw_neg_35,0,338,D:\mipmap-lite\1fad9647-f717-4cd4-9391-11f219d7e5d1\snow\snow-20260827\result/.temp/undistort/338.jpg,0.0,1456,2912,1039.691749,728.0,1456.0,0.819152044288992,-7.763573856432275e-17,-0.5735764363510463,-7.940896985411934e-17,1.0,2.196380609744778e-17,0.5735764363510462,-1.8411040271357623e-17,0.819152044288992
66,1,G:/S1/USA/2026-02-24_16-21-11snow/camera/left/1771971748393859072.jpg,yaw_neg_35,0,351,D:\mipmap-lite\1fad9647-f717-4cd4-9391-11f219d7e5d1\snow\snow-20260827\result/.temp/undistort/351.jpg,0.0,1456,2912,1039.691749,728.0,1456.0,0.8191520442889916,2.366465947629859e-19,-0.573576436351046,-4.4177803686287586e-17,1.0,-1.2552421529376721e-16,0.5735764363510459,-1.162228370400462e-16,0.8191520442889919
154,1,G:/S1/USA/2026-02-24_16-21-11snow/camera/left/1771971792396542976.jpg,yaw_neg_35,0,374,D:\mipmap-lite\1fad9647-f717-4cd4-9391-11f219d7e5d1\snow\snow-20260827\result/.temp/undistort/374.jpg,0.0,1456,2912,1039.691749,728.0,1456.0,0.8191520442889918,-1.0949007582161721e-16,-0.573576436351046,-2.009243428314926e-16,1.0,-2.310033250328686e-17,0.5735764363510459,-9.713678930096196e-17,0.8191520442889918
96,1,G:/S1/USA/2026-02-24_16-21-11snow/camera/left/1771971763394740224.jpg,yaw_neg_35,0,375,D:\mipmap-lite\1fad9647-f717-4cd4-9391-11f219d7e5d1\snow\snow-20260827\result/.temp/undistort/375.jpg,0.0,1456,2912,1039.691749,728.0,1456.0,0.8191520442889918,-3.616536818753409e-17,-0.5735764363510458,-1.8444708081979865e-19,0.9999999999999999,6.029655500826684e-17,0.5735764363510462,5.960739228577768e-17,0.8191520442889917
38,1,G:/S1/USA/2026-02-24_16-21-11snow/camera/left/1771971734392966144.jpg,yaw_neg_35,0,379,D:\mipmap-lite\1fad9647-f717-4cd4-9391-11f219d7e5d1\snow\snow-20260827\result/.temp/undistort/379.jpg,0.0,1456,2912,1039.691749,728.0,1456.0,0.8191520442889917,-7.488043645650324e-17,-0.5735764363510459,-9.309248113504837e-17,1.0,4.036944390864298e-17,0.573576436351046,-1.665106152434171e-17,0.8191520442889918
9,1,G:/S1/USA/2026-02-24_16-21-11snow/camera/left/1771971719892099072.jpg,yaw_neg_35,0,380,D:\mipmap-lite\1fad9647-f717-4cd4-9391-11f219d7e5d1\snow\snow-20260827\result/.temp/undistort/380.jpg,0.0,1456,2912,1039.691749,728.0,1456.0,0.8191520442889921,-6.432342149099082e-17,-0.5735764363510463,-6.652076388279315e-17,1.0,2.0365417895294056e-17,0.5735764363510463,-1.3578282199697381e-17,0.819152044288992
125,1,G:/S1/USA/2026-02-24_16-21-11snow/camera/left/1771971777895645184.jpg,yaw_neg_35,0,386,D:\mipmap-lite\1fad9647-f717-4cd4-9391-11f219d7e5d1\snow\snow-20260827\result/.temp/undistort/386.jpg,0.0,1456,2912,1039.691749,728.0,1456.0,0.8191520442889918,1.7772303302119062e-16,-0.5735764363510458,1.8904101355309707e-16,0.9999999999999998,-1.7064744886057716e-16,0.5735764363510462,-7.667297719505712e-17,0.8191520442889918
67,1,G:/S1/USA/2026-02-24_16-21-11snow/camera/left/1771971748893838080.jpg,yaw_neg_35,0,409,D:\mipmap-lite\1fad9647-f717-4cd4-9391-11f219d7e5d1\snow\snow-20260827\result/.temp/undistort/409.jpg,0.0,1456,2912,1039.691749,728.0,1456.0,0.8191520442889917,-1.011407559362953e-16,-0.5735764363510458,3.413870620260505e-17,1.0,1.6590453428593557e-16,0.5735764363510459,1.6163865398437244e-16,0.8191520442889915
155,1,G:/S1/USA/2026-02-24_16-21-11snow/camera/left/1771971792896603136.jpg,yaw_neg_35,0,412,D:\mipmap-lite\1fad9647-f717-4cd4-9391-11f219d7e5d1\snow\snow-20260827\result/.temp/undistort/412.jpg,0.0,1456,2912,1039.691749,728.0,1456.0,0.8191520442889919,-4.585309630891438e-17,-0.5735764363510462,-1.0514085029666102e-18,1.0,7.354448090710417e-17,0.573576436351046,5.217842984988185e-17,0.8191520442889917
97,1,G:/S1/USA/2026-02-24_16-21-11snow/camera/left/1771971763894771200.jpg,yaw_neg_35,0,423,D:\mipmap-lite\1fad9647-f717-4cd4-9391-11f219d7e5d1\snow\snow-20260827\result/.temp/undistort/423.jpg,0.0,1456,2912,1039.691749,728.0,1456.0,0.8191520442889918,-1.630493209078336e-16,-0.5735764363510457,-8.141789668326359e-17,1.0,2.6476563904457295e-16,0.5735764363510459,1.6106767855971028e-16,0.8191520442889912
39,1,G:/S1/USA/2026-02-24_16-21-11snow/camera/left/1771971734892979200.jpg,yaw_neg_35,0,431,D:\mipmap-lite\1fad9647-f717-4cd4-9391-11f219d7e5d1\snow\snow-20260827\result/.temp/undistort/431.jpg,0.0,1456,2912,1039.691749,728.0,1456.0,0.819152044288992,-8.240728446868957e-17,-0.5735764363510462,-1.3139116618058486e-16,1.0000000000000002,-1.970842321065089e-17,0.5735764363510464,-9.417013387214302e-17,0.8191520442889921
10,1,G:/S1/USA/2026-02-24_16-21-11snow/camera/left/1771971720392116992.jpg,yaw_neg_35,0,432,D:\mipmap-lite\1fad9647-f717-4cd4-9391-11f219d7e5d1\snow\snow-20260827\result/.temp/undistort/432.jpg,0.0,1456,2912,1039.691749,728.0,1456.0,0.8191520442889919,-4.185128327683219e-17,-0.5735764363510459,-4.111089790827044e-17,0.9999999999999999,2.3864685793079943e-18,0.5735764363510462,-3.511639278081563e-17,0.8191520442889917
126,1,G:/S1/USA/2026-02-24_16-21-11snow/camera/left/1771971778395714048.jpg,yaw_neg_35,0,446,D:\mipmap-lite\1fad9647-f717-4cd4-9391-11f219d7e5d1\snow\snow-20260827\result/.temp/undistort/446.jpg,0.0,1456,2912,1039.691749,728.0,1456.0,0.819152044288992,1.5997704034170977e-17,-0.5735764363510462,2.4891885334857503e-17,0.9999999999999999,-1.1176369120132493e-17,0.5735764363510459,-1.2885912024437469e-17,0.8191520442889918
68,1,G:/S1/USA/2026-02-24_16-21-11snow/camera/left/1771971749393872128.jpg,yaw_neg_35,0,458,D:\mipmap-lite\1fad9647-f717-4cd4-9391-11f219d7e5d1\snow\snow-20260827\result/.temp/undistort/458.jpg,0.0,1456,2912,1039.691749,728.0,1456.0,0.8191520442889918,-1.12980464764367e-16,-0.5735764363510458,1.0327678215909128e-16,0.9999999999999996,4.358199633373421e-16,0.5735764363510459,4.541704409122667e-16,0.8191520442889912
156,1,G:/S1/USA/2026-02-24_16-21-11snow/camera/left/1771971793396601088.jpg,yaw_neg_35,0,459,D:\mipmap-lite\1fad9647-f717-4cd4-9391-11f219d7e5d1\snow\snow-20260827\result/.temp/undistort/459.jpg,0.0,1456,2912,1039.691749,728.0,1456.0,0.8191520442889917,-2.7672893571838906e-17,-0.5735764363510458,2.2083947090389877e-17,0.9999999999999998,4.147977886569323e-17,0.573576436351046,5.900626347487348e-17,0.8191520442889917
98,1,G:/S1/USA/2026-02-24_16-21-11snow/camera/left/1771971764394861056.jpg,yaw_neg_35,0,473,D:\mipmap-lite\1fad9647-f717-4cd4-9391-11f219d7e5d1\snow\snow-20260827\result/.temp/undistort/473.jpg,0.0,1456,2912,1039.691749,728.0,1456.0,0.8191520442889919,1.0184872971627227e-16,-0.5735764363510463,1.1003694774328881e-16,1.0000000000000002,-1.1244523173561306e-16,0.5735764363510459,-6.045544173848519e-17,0.819152044288992
11,1,G:/S1/USA/2026-02-24_16-21-11snow/camera/left/1771971720892114176.jpg,yaw_neg_35,0,477,D:\mipmap-lite\1fad9647-f717-4cd4-9391-11f219d7e5d1\snow\snow-20260827\result/.temp/undistort/477.jpg,0.0,1456,2912,1039.691749,728.0,1456.0,0.8191520442889921,-1.0325265055596917e-16,-0.5735764363510463,-7.441353572505292e-17,1.0000000000000002,5.196217181307733e-17,0.5735764363510462,7.95736502942593e-18,0.819152044288992
40,1,G:/S1/USA/2026-02-24_16-21-11snow/camera/left/1771971735393051136.jpg,yaw_neg_35,0,480,D:\mipmap-lite\1fad9647-f717-4cd4-9391-11f219d7e5d1\snow\snow-20260827\result/.temp/undistort/480.jpg,0.0,1456,2912,1039.691749,728.0,1456.0,0.8191520442889916,1.137888341597782e-16,-0.5735764363510462,2.0409489923959058e-16,0.9999999999999996,5.554211522726397e-17,0.5735764363510458,1.4757650247985815e-16,0.8191520442889918
127,1,G:/S1/USA/2026-02-24_16-21-11snow/camera/left/1771971778895708160.jpg,yaw_neg_35,0,487,D:\mipmap-lite\1fad9647-f717-4cd4-9391-11f219d7e5d1\snow\snow-20260827\result/.temp/undistort/487.jpg,0.0,1456,2912,1039.691749,728.0,1456.0,0.8191520442889914,3.058409382086389e-17,-0.5735764363510457,4.9971701814600745e-17,0.9999999999999996,3.621824886602997e-18,0.5735764363510457,-7.926985207932778e-18,0.8191520442889917
69,1,G:/S1/USA/2026-02-24_16-21-11snow/camera/left/1771971749893975040.jpg,yaw_neg_35,0,512,D:\mipmap-lite\1fad9647-f717-4cd4-9391-11f219d7e5d1\snow\snow-20260827\result/.temp/undistort/512.jpg,0.0,1456,2912,1039.691749,728.0,1456.0,0.8191520442889917,-9.68202267990277e-17,-0.573576436351046,1.0251877837576931e-16,0.9999999999999999,2.9536372808961017e-16,0.5735764363510458,2.7154275294550754e-16,0.8191520442889916
157,1,G:/S1/USA/2026-02-24_16-21-11snow/camera/left/1771971793896628992.jpg,yaw_neg_35,0,513,D:\mipmap-lite\1fad9647-f717-4cd4-9391-11f219d7e5d1\snow\snow-20260827\result/.temp/undistort/513.jpg,0.0,1456,2912,1039.691749,728.0,1456.0,0.8191520442889922,-2.3446017744576254e-16,-0.5735764363510463,-2.230482406852755e-16,1.0000000000000004,6.59410446358922e-17,0.5735764363510463,-1.2065190295904193e-16,0.8191520442889921
99,1,G:/S1/USA/2026-02-24_16-21-11snow/camera/left/1771971764894883072.jpg,yaw_neg_35,0,511,D:\mipmap-lite\1fad9647-f717-4cd4-9391-11f219d7e5d1\snow\snow-20260827\result/.temp/undistort/511.jpg,0.0,1456,2912,1039.691749,728.0,1456.0,0.8191520442889918,3.351355977390194e-17,-0.573576436351046,-1.0892104395309605e-16,1.0,-1.6165080283002334e-16,0.573576436351046,-1.0486238609754533e-16,0.8191520442889921
12,1,G:/S1/USA/2026-02-24_16-21-11snow/camera/left/1771971721392146944.jpg,yaw_neg_35,0,526,D:\mipmap-lite\1fad9647-f717-4cd4-9391-11f219d7e5d1\snow\snow-20260827\result/.temp/undistort/526.jpg,0.0,1456,2912,1039.691749,728.0,1456.0,0.8191520442889915,-1.6224472353743688e-17,-0.573576436351046,-1.3887690932482428e-17,0.9999999999999999,2.098291354354914e-17,0.5735764363510459,8.330118906574032e-18,0.8191520442889919
128,1,G:/S1/USA/2026-02-24_16-21-11snow/camera/left/1771971779395737088.jpg,yaw_neg_35,0,527,D:\mipmap-lite\1fad9647-f717-4cd4-9391-11f219d7e5d1\snow\snow-20260827\result/.temp/undistort/527.jpg,0.0,1456,2912,1039.691749,728.0,1456.0,0.8191520442889916,3.0448691449852606e-17,-0.5735764363510458,1.3579700998299426e-16,0.9999999999999999,1.2207914711963795e-18,0.5735764363510459,-1.1089428545682147e-17,0.8191520442889916
41,1,G:/S1/USA/2026-02-24_16-21-11snow/camera/left/1771971735893041152.jpg,yaw_neg_35,0,533,D:\mipmap-lite\1fad9647-f717-4cd4-9391-11f219d7e5d1\snow\snow-20260827\result/.temp/undistort/533.jpg,0.0,1456,2912,1039.691749,728.0,1456.0,0.8191520442889921,-1.408389256318562e-16,-0.573576436351046,-1.5323293273207986e-16,1.0000000000000004,3.761070971099669e-18,0.5735764363510463,-5.525293679974859e-17,0.819152044288992
70,1,G:/S1/USA/2026-02-24_16-21-11snow/camera/left/1771971750393963008.jpg,yaw_neg_35,0,550,D:\mipmap-lite\1fad9647-f717-4cd4-9391-11f219d7e5d1\snow\snow-20260827\result/.temp/undistort/550.jpg,0.0,1456,2912,1039.691749,728.0,1456.0,0.8191520442889919,-1.3394057820307466e-16,-0.573576436351046,-2.705774062990944e-17,0.9999999999999997,2.751025862194174e-16,0.573576436351046,1.8518299277763825e-16,0.8191520442889915
100,1,G:/S1/USA/2026-02-24_16-21-11snow/camera/left/1771971765394919168.jpg,yaw_neg_35,0,553,D:\mipmap-lite\1fad9647-f717-4cd4-9391-11f219d7e5d1\snow\snow-20260827\result/.temp/undistort/553.jpg,0.0,1456,2912,1039.691749,728.0,1456.0,0.8191520442889916,-2.529198546327257e-16,-0.5735764363510454,-8.118706033080123e-17,0.9999999999999998,3.1617445649483373e-16,0.573576436351046,1.7649578452970492e-16,0.8191520442889912
158,1,G:/S1/USA/2026-02-24_16-21-11snow/camera/left/1771971794396658176.jpg,yaw_neg_35,0,564,D:\mipmap-lite\1fad9647-f717-4cd4-9391-11f219d7e5d1\snow\snow-20260827\result/.temp/undistort/564.jpg,0.0,1456,2912,1039.691749,728.0,1456.0,0.8191520442889918,-8.21111159252742e-17,-0.573576436351046,-5.516003858230004e-17,1.0000000000000002,1.7855955888832727e-17,0.5735764363510459,5.956971714085159e-19,0.8191520442889917
129,1,G:/S1/USA/2026-02-24_16-21-11snow/camera/left/1771971779895808000.jpg,yaw_neg_35,0,578,D:\mipmap-lite\1fad9647-f717-4cd4-9391-11f219d7e5d1\snow\snow-20260827\result/.temp/undistort/578.jpg,0.0,1456,2912,1039.691749,728.0,1456.0,0.819152044288992,8.333262082451223e-19,-0.5735764363510463,6.608986509417933e-17,1.0000000000000004,6.485511731624627e-17,0.5735764363510462,3.350862600869021e-17,0.8191520442889922
13,1,G:/S1/USA/2026-02-24_16-21-11snow/camera/left/1771971721892209152.jpg,yaw_neg_35,0,577,D:\mipmap-lite\1fad9647-f717-4cd4-9391-11f219d7e5d1\snow\snow-20260827\result/.temp/undistort/577.jpg,0.0,1456,2912,1039.691749,728.0,1456.0,0.8191520442889919,-6.124511888144592e-17,-0.5735764363510459,-5.668363235694627e-17,1.0,5.31141098088134e-18,0.573576436351046,-1.2649661135678135e-17,0.8191520442889916
42,1,G:/S1/USA/2026-02-24_16-21-11snow/camera/left/1771971736393105920.jpg,yaw_neg_35,0,588,D:\mipmap-lite\1fad9647-f717-4cd4-9391-11f219d7e5d1\snow\snow-20260827\result/.temp/undistort/588.jpg,0.0,1456,2912,1039.691749,728.0,1456.0,0.8191520442889919,-1.1260355544075956e-17,-0.5735764363510459,-1.5551134909136037e-17,1.0,-5.714476314910025e-17,0.5735764363510462,-7.107157189766534e-17,0.8191520442889918
71,1,G:/S1/USA/2026-02-24_16-21-11snow/camera/left/1771971750894003200.jpg,yaw_neg_35,0,591,D:\mipmap-lite\1fad9647-f717-4cd4-9391-11f219d7e5d1\snow\snow-20260827\result/.temp/undistort/591.jpg,0.0,1456,2912,1039.691749,728.0,1456.0,0.8191520442889919,2.6670169613772608e-17,-0.573576436351046,1.8420800992186146e-16,1.0,5.4063288354173125e-17,0.5735764363510462,7.809082573871468e-17,0.8191520442889919
101,1,G:/S1/USA/2026-02-24_16-21-11snow/camera/left/1771971765894939136.jpg,yaw_neg_35,0,594,D:\mipmap-lite\1fad9647-f717-4cd4-9391-11f219d7e5d1\snow\snow-20260827\result/.temp/undistort/594.jpg,0.0,1456,2912,1039.691749,728.0,1456.0,0.8191520442889917,-2.0673107927925162e-16,-0.5735764363510458,-8.364063641477845e-17,0.9999999999999999,2.055450688507302e-16,0.573576436351046,1.0614353288414976e-16,0.8191520442889915
159,1,G:/S1/USA/2026-02-24_16-21-11snow/camera/left/1771971794896687104.jpg,yaw_neg_35,0,610,D:\mipmap-lite\1fad9647-f717-4cd4-9391-11f219d7e5d1\snow\snow-20260827\result/.temp/undistort/610.jpg,0.0,1456,2912,1039.691749,728.0,1456.0,0.8191520442889919,-1.0069260718113304e-16,-0.5735764363510459,-2.3240154078485493e-16,1.0000000000000002,-1.209190819541412e-16,0.5735764363510463,-1.5016595881551507e-16,0.8191520442889918
130,1,G:/S1/USA/2026-02-24_16-21-11snow/camera/left/1771971780395800064.jpg,yaw_neg_35,0,622,D:\mipmap-lite\1fad9647-f717-4cd4-9391-11f219d7e5d1\snow\snow-20260827\result/.temp/undistort/622.jpg,0.0,1456,2912,1039.691749,728.0,1456.0,0.819152044288992,1.1629039637780837e-17,-0.5735764363510463,7.191603882480533e-17,1.0,4.5125426448009354e-17,0.5735764363510462,3.913363811909039e-17,0.8191520442889919
14,1,G:/S1/USA/2026-02-24_16-21-11snow/camera/left/1771971722392210944.jpg,yaw_neg_35,0,623,D:\mipmap-lite\1fad9647-f717-4cd4-9391-11f219d7e5d1\snow\snow-20260827\result/.temp/undistort/623.jpg,0.0,1456,2912,1039.691749,728.0,1456.0,0.8191520442889915,3.491727726140451e-17,-0.5735764363510459,2.789298032991168e-17,0.9999999999999999,2.2961702696548324e-17,0.5735764363510459,-1.900552987776063e-18,0.8191520442889916
102,1,G:/S1/USA/2026-02-24_16-21-11snow/camera/left/1771971766394965248.jpg,yaw_neg_35,0,637,D:\mipmap-lite\1fad9647-f717-4cd4-9391-11f219d7e5d1\snow\snow-20260827\result/.temp/undistort/637.jpg,0.0,1456,2912,1039.691749,728.0,1456.0,0.8191520442889918,-1.5687834366960378e-16,-0.5735764363510456,-5.1973501906926626e-17,0.9999999999999999,2.6481319238222536e-16,0.5735764363510462,1.9022208322071213e-16,0.8191520442889914
43,1,G:/S1/USA/2026-02-24_16-21-11snow/camera/left/1771971736893157888.jpg,yaw_neg_35,0,636,D:\mipmap-lite\1fad9647-f717-4cd4-9391-11f219d7e5d1\snow\snow-20260827\result/.temp/undistort/636.jpg,0.0,1456,2912,1039.691749,728.0,1456.0,0.8191520442889911,2.275022367146031e-16,-0.5735764363510458,3.9503587181705714e-16,0.9999999999999996,7.389259071021034e-17,0.5735764363510455,2.879576192110602e-16,0.8191520442889915
72,1,G:/S1/USA/2026-02-24_16-21-11snow/camera/left/1771971751394077184.jpg,yaw_neg_35,0,650,D:\mipmap-lite\1fad9647-f717-4cd4-9391-11f219d7e5d1\snow\snow-20260827\result/.temp/undistort/650.jpg,0.0,1456,2912,1039.691749,728.0,1456.0,0.8191520442889917,-1.8924151359756497e-16,-0.5735764363510458,-3.2152917928993907e-19,0.9999999999999997,3.0792418220934e-16,0.573576436351046,2.4678186435579464e-16,0.8191520442889916
15,1,G:/S1/USA/2026-02-24_16-21-11snow/camera/left/1771971722892271872.jpg,yaw_neg_35,0,655,D:\mipmap-lite\1fad9647-f717-4cd4-9391-11f219d7e5d1\snow\snow-20260827\result/.temp/undistort/655.jpg,0.0,1456,2912,1039.691749,728.0,1456.0,0.8191520442889919,-2.994079665488321e-17,-0.5735764363510462,-7.074359374553809e-17,1.0000000000000002,-2.622544699505397e-17,0.5735764363510463,-4.135527813489904e-17,0.8191520442889919
160,1,G:/S1/USA/2026-02-24_16-21-11snow/camera/left/1771971795396774912.jpg,yaw_neg_35,0,665,D:\mipmap-lite\1fad9647-f717-4cd4-9391-11f219d7e5d1\snow\snow-20260827\result/.temp/undistort/665.jpg,0.0,1456,2912,1039.691749,728.0,1456.0,0.8191520442889916,-2.811440615739379e-17,-0.5735764363510459,-1.350431956089857e-17,0.9999999999999999,2.806093394797587e-17,0.5735764363510459,9.57744353117927e-17,0.8191520442889915
131,1,G:/S1/USA/2026-02-24_16-21-11snow/camera/left/1771971780895830272.jpg,yaw_neg_35,0,666,D:\mipmap-lite\1fad9647-f717-4cd4-9391-11f219d7e5d1\snow\snow-20260827\result/.temp/undistort/666.jpg,0.0,1456,2912,1039.691749,728.0,1456.0,0.8191520442889917,2.0354603300542695e-16,-0.5735764363510459,1.8413034488825185e-16,0.9999999999999998,-8.053665593770923e-17,0.573576436351046,1.6000698011924957e-17,0.8191520442889918
103,1,G:/S1/USA/2026-02-24_16-21-11snow/camera/left/1771971766894998016.jpg,yaw_neg_35,0,691,D:\mipmap-lite\1fad9647-f717-4cd4-9391-11f219d7e5d1\snow\snow-20260827\result/.temp/undistort/691.jpg,0.0,1456,2912,1039.691749,728.0,1456.0,0.8191520442889918,-4.081068145239182e-17,-0.5735764363510459,-2.9991472082970114e-17,1.0,1.5849298517080884e-17,0.5735764363510459,1.3801924276807258e-17,0.8191520442889917
44,1,G:/S1/USA/2026-02-24_16-21-11snow/camera/left/1771971737393171200.jpg,yaw_neg_35,0,685,D:\mipmap-lite\1fad9647-f717-4cd4-9391-11f219d7e5d1\snow\snow-20260827\result/.temp/undistort/685.jpg,0.0,1456,2912,1039.691749,728.0,1456.0,0.819152044288992,-2.1427835347996532e-16,-0.573576436351046,-2.8403912525421303e-16,1.0000000000000002,3.7763484291390565e-17,0.5735764363510463,-9.544815423942423e-17,0.8191520442889919
161,1,G:/S1/USA/2026-02-24_16-21-11snow/camera/left/1771971795896750080.jpg,yaw_neg_35,0,705,D:\mipmap-lite\1fad9647-f717-4cd4-9391-11f219d7e5d1\snow\snow-20260827\result/.temp/undistort/705.jpg,0.0,1456,2912,1039.691749,728.0,1456.0,0.819152044288992,-9.041925049902777e-17,-0.5735764363510463,-6.748398346579766e-17,1.0000000000000002,-1.6989842628847595e-17,0.5735764363510462,-5.619202220970944e-17,0.8191520442889919
73,1,G:/S1/USA/2026-02-24_16-21-11snow/camera/left/1771971751894056192.jpg,yaw_neg_35,0,700,D:\mipmap-lite\1fad9647-f717-4cd4-9391-11f219d7e5d1\snow\snow-20260827\result/.temp/undistort/700.jpg,0.0,1456,2912,1039.691749,728.0,1456.0,0.8191520442889919,2.6317599383061823e-16,-0.5735764363510463,1.0337063103434241e-17,1.0000000000000004,-4.65613399455827e-16,0.573576436351046,-4.13576626972563e-16,0.8191520442889921
132,1,G:/S1/USA/2026-02-24_16-21-11snow/camera/left/1771971781395859968.jpg,yaw_neg_35,0,708,D:\mipmap-lite\1fad9647-f717-4cd4-9391-11f219d7e5d1\snow\snow-20260827\result/.temp/undistort/708.jpg,0.0,1456,2912,1039.691749,728.0,1456.0,0.8191520442889917,2.2140389227733898e-16,-0.573576436351046,1.1717581532378937e-16,1.0,-1.0870145484201463e-16,0.5735764363510462,1.3893194394116516e-17,0.8191520442889918
16,1,G:/S1/USA/2026-02-24_16-21-11snow/camera/left/1771971723392303104.jpg,yaw_neg_35,0,717,D:\mipmap-lite\1fad9647-f717-4cd4-9391-11f219d7e5d1\snow\snow-20260827\result/.temp/undistort/717.jpg,0.0,1456,2912,1039.691749,728.0,1456.0,0.8191520442889916,1.78119272802562e-17,-0.573576436351046,-2.8987588547634394e-17,0.9999999999999998,-2.2219705249983597e-17,0.5735764363510459,-3.540333654173359e-17,0.8191520442889919
162,1,G:/S1/USA/2026-02-24_16-21-11snow/camera/left/1771971796396781056.jpg,yaw_neg_35,0,739,D:\mipmap-lite\1fad9647-f717-4cd4-9391-11f219d7e5d1\snow\snow-20260827\result/.temp/undistort/739.jpg,0.0,1456,2912,1039.691749,728.0,1456.0,0.8191520442889918,-5.465131922335162e-18,-0.573576436351046,-4.483675092634008e-17,1.0,-2.557885577769194e-17,0.5735764363510459,8.183582434250286e-18,0.8191520442889916
104,1,G:/S1/USA/2026-02-24_16-21-11snow/camera/left/1771971767394990080.jpg,yaw_neg_35,0,736,D:\mipmap-lite\1fad9647-f717-4cd4-9391-11f219d7e5d1\snow\snow-20260827\result/.temp/undistort/736.jpg,0.0,1456,2912,1039.691749,728.0,1456.0,0.8191520442889918,1.402951265514284e-16,-0.5735764363510463,1.1761061685377273e-16,1.0000000000000002,-1.1084547985377502e-16,0.573576436351046,-2.824616209745842e-17,0.819152044288992
45,1,G:/S1/USA/2026-02-24_16-21-11snow/camera/left/1771971737893216256.jpg,yaw_neg_35,0,738,D:\mipmap-lite\1fad9647-f717-4cd4-9391-11f219d7e5d1\snow\snow-20260827\result/.temp/undistort/738.jpg,0.0,1456,2912,1039.691749,728.0,1456.0,0.8191520442889917,-1.543837991147325e-16,-0.5735764363510459,-1.501347794850108e-16,0.9999999999999998,6.34824703635182e-17,0.573576436351046,-1.635748540195158e-17,0.8191520442889918
17,1,G:/S1/USA/2026-02-24_16-21-11snow/camera/left/1771971723892356096.jpg,yaw_neg_35,0,758,D:\mipmap-lite\1fad9647-f717-4cd4-9391-11f219d7e5d1\snow\snow-20260827\result/.temp/undistort/758.jpg,0.0,1456,2912,1039.691749,728.0,1456.0,0.8191520442889918,-4.764961372924247e-18,-0.573576436351046,-1.9387555844738797e-17,1.0000000000000002,-1.0422561991891667e-18,0.5735764363510462,-8.314218629009375e-18,0.819152044288992
74,1,G:/S1/USA/2026-02-24_16-21-11snow/camera/left/1771971752394096128.jpg,yaw_neg_35,0,753,D:\mipmap-lite\1fad9647-f717-4cd4-9391-11f219d7e5d1\snow\snow-20260827\result/.temp/undistort/753.jpg,0.0,1456,2912,1039.691749,728.0,1456.0,0.8191520442889917,1.6906493028412505e-16,-0.5735764363510463,-1.6086581270139816e-16,1.0000000000000004,-5.015381095257396e-16,0.5735764363510462,-4.81704454918286e-16,0.8191520442889925
133,1,G:/S1/USA/2026-02-24_16-21-11snow/camera/left/1771971781895892224.jpg,yaw_neg_35,0,759,D:\mipmap-lite\1fad9647-f717-4cd4-9391-11f219d7e5d1\snow\snow-20260827\result/.temp/undistort/759.jpg,0.0,1456,2912,1039.691749,728.0,1456.0,0.8191520442889918,1.1190703962117412e-16,-0.5735764363510462,2.034832454251658e-16,1.0,-3.9040099324447115e-17,0.573576436351046,-1.0465840151872698e-17,0.8191520442889919
163,1,G:/S1/USA/2026-02-24_16-21-11snow/camera/left/1771971796896843008.jpg,yaw_neg_35,0,779,D:\mipmap-lite\1fad9647-f717-4cd4-9391-11f219d7e5d1\snow\snow-20260827\result/.temp/undistort/779.jpg,0.0,1456,2912,1039.691749,728.0,1456.0,0.8191520442889917,-6.057196981285079e-17,-0.573576436351046,-2.363722619102834e-17,1.0000000000000002,4.2245328907382976e-17,0.573576436351046,-3.48678543213549e-17,0.8191520442889918
46,1,G:/S1/USA/2026-02-24_16-21-11snow/camera/left/1771971738393236992.jpg,yaw_neg_35,0,786,D:\mipmap-lite\1fad9647-f717-4cd4-9391-11f219d7e5d1\snow\snow-20260827\result/.temp/undistort/786.jpg,0.0,1456,2912,1039.691749,728.0,1456.0,0.8191520442889919,-8.887401488521151e-17,-0.5735764363510459,-1.628334031994387e-16,1.0000000000000002,-4.5732737764478955e-17,0.5735764363510463,-1.1062594469262387e-16,0.8191520442889919
105,1,G:/S1/USA/2026-02-24_16-21-11snow/camera/left/1771971767895051008.jpg,yaw_neg_35,0,787,D:\mipmap-lite\1fad9647-f717-4cd4-9391-11f219d7e5d1\snow\snow-20260827\result/.temp/undistort/787.jpg,0.0,1456,2912,1039.691749,728.0,1456.0,0.8191520442889918,-3.1484374960835e-18,-0.5735764363510463,-1.0367204769706573e-17,1.0,1.7856647470385812e-17,0.5735764363510459,2.786045758028272e-17,0.8191520442889921
134,1,G:/S1/USA/2026-02-24_16-21-11snow/camera/left/1771971782395972864.jpg,yaw_neg_35,0,800,D:\mipmap-lite\1fad9647-f717-4cd4-9391-11f219d7e5d1\snow\snow-20260827\result/.temp/undistort/800.jpg,0.0,1456,2912,1039.691749,728.0,1456.0,0.8191520442889918,6.22072491578812e-17,-0.573576436351046,3.663380106768391e-17,0.9999999999999999,-1.2127531567448754e-16,0.573576436351046,-9.4184951243043e-17,0.8191520442889918
75,1,G:/S1/USA/2026-02-24_16-21-11snow/camera/left/1771971752894090240.jpg,yaw_neg_35,0,802,D:\mipmap-lite\1fad9647-f717-4cd4-9391-11f219d7e5d1\snow\snow-20260827\result/.temp/undistort/802.jpg,0.0,1456,2912,1039.691749,728.0,1456.0,0.8191520442889918,1.1446220697584656e-16,-0.5735764363510463,-7.300071846875178e-17,1.0000000000000002,-2.413268179246603e-16,0.573576436351046,-2.3860577612978407e-16,0.8191520442889919
18,1,G:/S1/USA/2026-02-24_16-21-11snow/camera/left/1771971724392369920.jpg,yaw_neg_35,0,809,D:\mipmap-lite\1fad9647-f717-4cd4-9391-11f219d7e5d1\snow\snow-20260827\result/.temp/undistort/809.jpg,0.0,1456,2912,1039.691749,728.0,1456.0,0.8191520442889922,-1.0586676675847859e-16,-0.5735764363510464,-9.669868959619977e-17,1.0000000000000004,6.556450595598939e-17,0.573576436351046,1.0908748762881573e-17,0.819152044288992
47,1,G:/S1/USA/2026-02-24_16-21-11snow/camera/left/1771971738893228032.jpg,yaw_neg_35,0,826,D:\mipmap-lite\1fad9647-f717-4cd4-9391-11f219d7e5d1\snow\snow-20260827\result/.temp/undistort/826.jpg,0.0,1456,2912,1039.691749,728.0,1456.0,0.8191520442889917,2.2408654810626997e-16,-0.5735764363510462,2.7303034361875584e-16,0.9999999999999997,5.247601059793498e-17,0.5735764363510458,1.7889899154139708e-16,0.8191520442889917
106,1,G:/S1/USA/2026-02-24_16-21-11snow/camera/left/1771971768395051008.jpg,yaw_neg_35,0,837,D:\mipmap-lite\1fad9647-f717-4cd4-9391-11f219d7e5d1\snow\snow-20260827\result/.temp/undistort/837.jpg,0.0,1456,2912,1039.691749,728.0,1456.0,0.8191520442889919,8.78887516571786e-17,-0.5735764363510463,-7.122865974003017e-18,1.0,-1.1926796780258376e-16,0.573576436351046,-8.602240523715396e-17,0.819152044288992
164,1,G:/S1/USA/2026-02-24_16-21-11snow/camera/left/1771971797396843008.jpg,yaw_neg_35,0,838,D:\mipmap-lite\1fad9647-f717-4cd4-9391-11f219d7e5d1\snow\snow-20260827\result/.temp/undistort/838.jpg,0.0,1456,2912,1039.691749,728.0,1456.0,0.8191520442889918,4.1191235221807136e-17,-0.573576436351046,6.945574061865216e-17,1.0000000000000002,-5.867624445512183e-17,0.573576436351046,1.780426670110738e-17,0.8191520442889919
76,1,G:/S1/USA/2026-02-24_16-21-11snow/camera/left/1771971753394169088.jpg,yaw_neg_35,0,852,D:\mipmap-lite\1fad9647-f717-4cd4-9391-11f219d7e5d1\snow\snow-20260827\result/.temp/undistort/852.jpg,0.0,1456,2912,1039.691749,728.0,1456.0,0.8191520442889919,-1.695062612982818e-17,-0.573576436351046,-3.274028828963997e-17,0.9999999999999998,9.614026946631343e-17,0.573576436351046,4.737656688048487e-17,0.8191520442889916
135,1,G:/S1/USA/2026-02-24_16-21-11snow/camera/left/1771971782895953152.jpg,yaw_neg_35,0,850,D:\mipmap-lite\1fad9647-f717-4cd4-9391-11f219d7e5d1\snow\snow-20260827\result/.temp/undistort/850.jpg,0.0,1456,2912,1039.691749,728.0,1456.0,0.8191520442889916,6.708315022887156e-17,-0.5735764363510459,9.085156311155572e-17,0.9999999999999998,-1.2896988295033232e-16,0.573576436351046,-3.38411051871593e-17,0.8191520442889917
19,1,G:/S1/USA/2026-02-24_16-21-11snow/camera/left/1771971724892369920.jpg,yaw_neg_35,0,855,D:\mipmap-lite\1fad9647-f717-4cd4-9391-11f219d7e5d1\snow\snow-20260827\result/.temp/undistort/855.jpg,0.0,1456,2912,1039.691749,728.0,1456.0,0.8191520442889917,-2.3645640516646887e-17,-0.5735764363510462,6.320997231884612e-17,1.0000000000000002,2.1353240130351198e-17,0.5735764363510459,9.310239390410281e-18,0.8191520442889919
165,1,G:/S1/USA/2026-02-24_16-21-11snow/camera/left/1771971797896913152.jpg,yaw_neg_35,0,879,D:\mipmap-lite\1fad9647-f717-4cd4-9391-11f219d7e5d1\snow\snow-20260827\result/.temp/undistort/879.jpg,0.0,1456,2912,1039.691749,728.0,1456.0,0.8191520442889919,6.457888498990705e-18,-0.5735764363510462,1.4703179669808695e-17,0.9999999999999999,-1.6958355676549887e-18,0.573576436351046,1.5285248357442827e-17,0.8191520442889918
48,1,G:/S1/USA/2026-02-24_16-21-11snow/camera/left/1771971739393291008.jpg,yaw_neg_35,0,877,D:\mipmap-lite\1fad9647-f717-4cd4-9391-11f219d7e5d1\snow\snow-20260827\result/.temp/undistort/877.jpg,0.0,1456,2912,1039.691749,728.0,1456.0,0.8191520442889916,4.726777164678876e-18,-0.5735764363510459,3.194410220225237e-17,0.9999999999999997,6.511698926336722e-17,0.5735764363510457,1.0484335722998475e-16,0.8191520442889915
107,1,G:/S1/USA/2026-02-24_16-21-11snow/camera/left/1771971768895080960.jpg,yaw_neg_35,0,893,D:\mipmap-lite\1fad9647-f717-4cd4-9391-11f219d7e5d1\snow\snow-20260827\result/.temp/undistort/893.jpg,0.0,1456,2912,1039.691749,728.0,1456.0,0.8191520442889915,-5.950752588282904e-17,-0.5735764363510455,-1.4247288094854228e-17,0.9999999999999998,8.268520382328041e-17,0.573576436351046,9.497997675384435e-17,0.8191520442889916
136,1,G:/S1/USA/2026-02-24_16-21-11snow/camera/left/1771971783395984128.jpg,yaw_neg_35,0,897,D:\mipmap-lite\1fad9647-f717-4cd4-9391-11f219d7e5d1\snow\snow-20260827\result/.temp/undistort/897.jpg,0.0,1456,2912,1039.691749,728.0,1456.0,0.8191520442889921,-8.897172402258732e-17,-0.5735764363510462,-3.3663426975431084e-17,1.0000000000000002,-6.0429473374800915e-19,0.5735764363510462,-3.55169764433691e-17,0.8191520442889918
20,1,G:/S1/USA/2026-02-24_16-21-11snow/camera/left/1771971725392425984.jpg,yaw_neg_35,0,903,D:\mipmap-lite\1fad9647-f717-4cd4-9391-11f219d7e5d1\snow\snow-20260827\result/.temp/undistort/903.jpg,0.0,1456,2912,1039.691749,728.0,1456.0,0.8191520442889924,-1.4548104671726328e-16,-0.5735764363510465,-1.6918954571657566e-16,1.0000000000000002,7.084842005181607e-17,0.5735764363510463,-1.7613817747238688e-17,0.8191520442889921
77,1,G:/S1/USA/2026-02-24_16-21-11snow/camera/left/1771971753894149120.jpg,yaw_neg_35,0,905,D:\mipmap-lite\1fad9647-f717-4cd4-9391-11f219d7e5d1\snow\snow-20260827\result/.temp/undistort/905.jpg,0.0,1456,2912,1039.691749,728.0,1456.0,0.8191520442889918,1.0825060807552062e-17,-0.5735764363510462,-4.676135512432991e-17,1.0,-8.562545460358056e-17,0.5735764363510462,-1.2701982594524065e-16,0.819152044288992
49,1,G:/S1/USA/2026-02-24_16-21-11snow/camera/left/1771971739893334272.jpg,yaw_neg_35,0,928,D:\mipmap-lite\1fad9647-f717-4cd4-9391-11f219d7e5d1\snow\snow-20260827\result/.temp/undistort/928.jpg,0.0,1456,2912,1039.691749,728.0,1456.0,0.8191520442889919,-5.4558993559679703e-17,-0.5735764363510462,-2.8166427192685513e-16,1.0000000000000007,-3.273072193717315e-16,0.5735764363510463,-4.520424708069182e-16,0.8191520442889921
166,1,G:/S1/USA/2026-02-24_16-21-11snow/camera/left/1771971798396932096.jpg,yaw_neg_35,0,929,D:\mipmap-lite\1fad9647-f717-4cd4-9391-11f219d7e5d1\snow\snow-20260827\result/.temp/undistort/929.jpg,0.0,1456,2912,1039.691749,728.0,1456.0,0.8191520442889919,-1.0125745595236281e-16,-0.5735764363510462,-8.118687284323537e-17,1.0,3.191496050903198e-17,0.5735764363510462,-2.78645563243116e-17,0.8191520442889918
108,1,G:/S1/USA/2026-02-24_16-21-11snow/camera/left/1771971769395164928.jpg,yaw_neg_35,0,934,D:\mipmap-lite\1fad9647-f717-4cd4-9391-11f219d7e5d1\snow\snow-20260827\result/.temp/undistort/934.jpg,0.0,1456,2912,1039.691749,728.0,1456.0,0.8191520442889919,9.385301744778092e-17,-0.5735764363510462,4.291764085410284e-17,0.9999999999999998,-6.912397335334168e-17,0.573576436351046,-4.2038125674581664e-17,0.8191520442889919
137,1,G:/S1/USA/2026-02-24_16-21-11snow/camera/left/1771971783896015104.jpg,yaw_neg_35,0,946,D:\mipmap-lite\1fad9647-f717-4cd4-9391-11f219d7e5d1\snow\snow-20260827\result/.temp/undistort/946.jpg,0.0,1456,2912,1039.691749,728.0,1456.0,0.8191520442889916,2.945693192195295e-17,-0.5735764363510458,-2.9170496854444847e-17,0.9999999999999997,-1.6705872354224897e-18,0.5735764363510459,6.10099194773993e-18,0.8191520442889916
21,1,G:/S1/USA/2026-02-24_16-21-11snow/camera/left/1771971725892430080.jpg,yaw_neg_35,0,957,D:\mipmap-lite\1fad9647-f717-4cd4-9391-11f219d7e5d1\snow\snow-20260827\result/.temp/undistort/957.jpg,0.0,1456,2912,1039.691749,728.0,1456.0,0.8191520442889919,9.403787035582127e-18,-0.5735764363510462,-2.60068129541974e-17,1.0000000000000002,9.741926263213048e-19,0.573576436351046,1.697579031211071e-18,0.8191520442889919
78,1,G:/S1/USA/2026-02-24_16-21-11snow/camera/left/1771971754394248960.jpg,yaw_neg_35,0,959,D:\mipmap-lite\1fad9647-f717-4cd4-9391-11f219d7e5d1\snow\snow-20260827\result/.temp/undistort/959.jpg,0.0,1456,2912,1039.691749,728.0,1456.0,0.819152044288992,-1.3324558865784552e-16,-0.5735764363510459,2.3465110561937185e-17,0.9999999999999998,3.5339447836775833e-16,0.573576436351046,3.124147684448635e-16,0.8191520442889916
50,1,G:/S1/USA/2026-02-24_16-21-11snow/camera/left/1771971740393352960.jpg,yaw_neg_35,0,972,D:\mipmap-lite\1fad9647-f717-4cd4-9391-11f219d7e5d1\snow\snow-20260827\result/.temp/undistort/972.jpg,0.0,1456,2912,1039.691749,728.0,1456.0,0.819152044288992,-9.870917729468626e-17,-0.5735764363510459,-1.4264953613977537e-16,1.0000000000000004,-2.821808663149123e-17,0.5735764363510463,-1.2142595642166187e-16,0.8191520442889921
109,1,G:/S1/USA/2026-02-24_16-21-11snow/camera/left/1771971769895145216.jpg,yaw_neg_35,0,979,D:\mipmap-lite\1fad9647-f717-4cd4-9391-11f219d7e5d1\snow\snow-20260827\result/.temp/undistort/979.jpg,0.0,1456,2912,1039.691749,728.0,1456.0,0.8191520442889916,9.671519488893139e-17,-0.5735764363510458,6.964179305900112e-17,1.0000000000000002,-4.4903158306646574e-17,0.5735764363510463,2.3321426725834357e-17,0.8191520442889916
167,1,G:/S1/USA/2026-02-24_16-21-11snow/camera/left/1771971798896975104.jpg,yaw_neg_35,0,984,D:\mipmap-lite\1fad9647-f717-4cd4-9391-11f219d7e5d1\snow\snow-20260827\result/.temp/undistort/984.jpg,0.0,1456,2912,1039.691749,728.0,1456.0,0.8191520442889919,-1.3510268688876207e-17,-0.573576436351046,-1.189758977234391e-17,1.0000000000000002,-6.163992277914957e-17,0.573576436351046,-4.488349227342698e-17,0.8191520442889918
138,1,G:/S1/USA/2026-02-24_16-21-11snow/camera/left/1771971784396047104.jpg,yaw_neg_35,0,985,D:\mipmap-lite\1fad9647-f717-4cd4-9391-11f219d7e5d1\snow\snow-20260827\result/.temp/undistort/985.jpg,0.0,1456,2912,1039.691749,728.0,1456.0,0.8191520442889916,8.982478666361513e-18,-0.5735764363510459,1.096761626916935e-16,0.9999999999999999,1.3577380761198728e-17,0.5735764363510458,3.827046140000817e-17,0.8191520442889916
79,1,G:/S1/USA/2026-02-24_16-21-11snow/camera/left/1771971754894260224.jpg,yaw_neg_35,0,1005,D:\mipmap-lite\1fad9647-f717-4cd4-9391-11f219d7e5d1\snow\snow-20260827\result/.temp/undistort/1005.jpg,0.0,1456,2912,1039.691749,728.0,1456.0,0.8191520442889917,-3.3110296730374004e-16,-0.5735764363510458,-3.7106894682399884e-17,0.9999999999999994,5.666236529305457e-16,0.5735764363510457,4.892158749670172e-16,0.819152044288991
22,1,G:/S1/USA/2026-02-24_16-21-11snow/camera/left/1771971726392516096.jpg,yaw_neg_35,0,1007,D:\mipmap-lite\1fad9647-f717-4cd4-9391-11f219d7e5d1\snow\snow-20260827\result/.temp/undistort/1007.jpg,0.0,1456,2912,1039.691749,728.0,1456.0,0.8191520442889917,7.703112523597215e-17,-0.573576436351046,2.7775985460650975e-17,1.0000000000000002,-3.252758865716485e-17,0.573576436351046,2.4717684973598214e-18,0.8191520442889918
51,1,G:/S1/USA/2026-02-24_16-21-11snow/camera/left/1771971740893403136.jpg,yaw_neg_35,0,1015,D:\mipmap-lite\1fad9647-f717-4cd4-9391-11f219d7e5d1\snow\snow-20260827\result/.temp/undistort/1015.jpg,0.0,1456,2912,1039.691749,728.0,1456.0,0.8191520442889918,-6.332912236048541e-17,-0.573576436351046,-2.2191190317190433e-16,1.0000000000000002,-1.9644703809250168e-16,0.573576436351046,-2.920214513629506e-16,0.8191520442889918
110,1,G:/S1/USA/2026-02-24_16-21-11snow/camera/left/1771971770395174144.jpg,yaw_neg_35,0,1029,D:\mipmap-lite\1fad9647-f717-4cd4-9391-11f219d7e5d1\snow\snow-20260827\result/.temp/undistort/1029.jpg,0.0,1456,2912,1039.691749,728.0,1456.0,0.819152044288992,-9.362281405062682e-17,-0.5735764363510465,-4.203585411320947e-17,1.0,-3.0435615008190054e-17,0.5735764363510459,-9.60566321782265e-17,0.8191520442889921
168,1,G:/S1/USA/2026-02-24_16-21-11snow/camera/left/1771971799396962048.jpg,yaw_neg_35,0,1042,D:\mipmap-lite\1fad9647-f717-4cd4-9391-11f219d7e5d1\snow\snow-20260827\result/.temp/undistort/1042.jpg,0.0,1456,2912,1039.691749,728.0,1456.0,0.8191520442889919,-3.18593307719321e-17,-0.5735764363510459,-6.267132466828414e-17,1.0,-6.866343719921327e-17,0.573576436351046,-3.353824267642292e-17,0.8191520442889917
139,1,G:/S1/USA/2026-02-24_16-21-11snow/camera/left/1771971784896080896.jpg,yaw_neg_35,0,1043,D:\mipmap-lite\1fad9647-f717-4cd4-9391-11f219d7e5d1\snow\snow-20260827\result/.temp/undistort/1043.jpg,0.0,1456,2912,1039.691749,728.0,1456.0,0.819152044288992,-9.28093167432458e-17,-0.5735764363510464,-4.927130490436522e-17,1.0000000000000004,6.77297555226927e-17,0.5735764363510462,6.675301302839316e-17,0.8191520442889922
52,1,G:/S1/USA/2026-02-24_16-21-11snow/camera/left/1771971741393437184.jpg,yaw_neg_35,0,1053,D:\mipmap-lite\1fad9647-f717-4cd4-9391-11f219d7e5d1\snow\snow-20260827\result/.temp/undistort/1053.jpg,0.0,1456,2912,1039.691749,728.0,1456.0,0.8191520442889917,-2.336354779097211e-17,-0.573576436351046,-6.43240082237182e-17,1.0000000000000002,-8.729144799626528e-17,0.573576436351046,-1.179882997184708e-16,0.8191520442889918
23,1,G:/S1/USA/2026-02-24_16-21-11snow/camera/left/1771971726892492032.jpg,yaw_neg_35,0,1054,D:\mipmap-lite\1fad9647-f717-4cd4-9391-11f219d7e5d1\snow\snow-20260827\result/.temp/undistort/1054.jpg,0.0,1456,2912,1039.691749,728.0,1456.0,0.8191520442889918,-5.198202432208134e-17,-0.5735764363510463,-9.738884475370173e-17,1.0000000000000002,3.258563810300794e-17,0.5735764363510462,6.850332406368711e-18,0.8191520442889919
80,1,G:/S1/USA/2026-02-24_16-21-11snow/camera/left/1771971755394284032.jpg,yaw_neg_35,0,1056,D:\mipmap-lite\1fad9647-f717-4cd4-9391-11f219d7e5d1\snow\snow-20260827\result/.temp/undistort/1056.jpg,0.0,1456,2912,1039.691749,728.0,1456.0,0.8191520442889917,-6.697219263233198e-17,-0.5735764363510459,-7.99963851940109e-18,1.0,6.436776878507052e-17,0.5735764363510458,4.973961922496666e-17,0.8191520442889915
169,1,G:/S1/USA/2026-02-24_16-21-11snow/camera/left/1771971799897065216.jpg,yaw_neg_35,0,1079,D:\mipmap-lite\1fad9647-f717-4cd4-9391-11f219d7e5d1\snow\snow-20260827\result/.temp/undistort/1079.jpg,0.0,1456,2912,1039.691749,728.0,1456.0,0.8191520442889915,2.0716697500843452e-16,-0.573576436351046,3.020171153131183e-16,0.9999999999999997,-7.623629442482355e-18,0.5735764363510456,1.5014342993560093e-16,0.8191520442889915
140,1,G:/S1/USA/2026-02-24_16-21-11snow/camera/left/1771971785396166144.jpg,yaw_neg_35,0,1087,D:\mipmap-lite\1fad9647-f717-4cd4-9391-11f219d7e5d1\snow\snow-20260827\result/.temp/undistort/1087.jpg,0.0,1456,2912,1039.691749,728.0,1456.0,0.8191520442889919,1.4156779239095882e-16,-0.573576436351046,4.8498866510685607e-17,1.0,-1.9815473177351912e-17,0.5735764363510462,-6.653029641318914e-18,0.8191520442889917
111,1,G:/S1/USA/2026-02-24_16-21-11snow/camera/left/1771971770895256064.jpg,yaw_neg_35,0,1082,D:\mipmap-lite\1fad9647-f717-4cd4-9391-11f219d7e5d1\snow\snow-20260827\result/.temp/undistort/1082.jpg,0.0,1456,2912,1039.691749,728.0,1456.0,0.8191520442889919,4.046163999376176e-17,-0.5735764363510462,3.6043476988948997e-17,1.0,3.876116143149331e-17,0.573576436351046,2.063088293088646e-17,0.8191520442889918
53,1,G:/S1/USA/2026-02-24_16-21-11snow/camera/left/1771971741893411072.jpg,yaw_neg_35,0,1095,D:\mipmap-lite\1fad9647-f717-4cd4-9391-11f219d7e5d1\snow\snow-20260827\result/.temp/undistort/1095.jpg,0.0,1456,2912,1039.691749,728.0,1456.0,0.8191520442889919,-2.1379370365251487e-17,-0.5735764363510462,-1.280996219331792e-16,1.0,-9.603061038212827e-17,0.5735764363510459,-1.2681311766921943e-16,0.8191520442889918
24,1,G:/S1/USA/2026-02-24_16-21-11snow/camera/left/1771971727392551168.jpg,yaw_neg_35,0,1112,D:\mipmap-lite\1fad9647-f717-4cd4-9391-11f219d7e5d1\snow\snow-20260827\result/.temp/undistort/1112.jpg,0.0,1456,2912,1039.691749,728.0,1456.0,0.8191520442889917,-2.029938240326808e-17,-0.5735764363510459,-7.030476892406784e-17,1.0,6.119728052719494e-17,0.573576436351046,4.3551555740230377e-17,0.8191520442889917
81,1,G:/S1/USA/2026-02-24_16-21-11snow/camera/left/1771971755894273024.jpg,yaw_neg_35,0,1111,D:\mipmap-lite\1fad9647-f717-4cd4-9391-11f219d7e5d1\snow\snow-20260827\result/.temp/undistort/1111.jpg,0.0,1456,2912,1039.691749,728.0,1456.0,0.819152044288992,-1.603634519629479e-16,-0.5735764363510459,3.843759260471313e-17,1.0,2.2156978218814214e-16,0.5735764363510462,2.502273808940825e-16,0.8191520442889918
170,1,G:/S1/USA/2026-02-24_16-21-11snow/camera/left/1771971800397076224.jpg,yaw_neg_35,0,1128,D:\mipmap-lite\1fad9647-f717-4cd4-9391-11f219d7e5d1\snow\snow-20260827\result/.temp/undistort/1128.jpg,0.0,1456,2912,1039.691749,728.0,1456.0,0.8191520442889917,-4.285994035952053e-17,-0.5735764363510462,6.697764114371687e-17,0.9999999999999999,8.792304744962695e-17,0.573576436351046,1.0500630082928583e-16,0.8191520442889917
112,1,G:/S1/USA/2026-02-24_16-21-11snow/camera/left/1771971771395236864.jpg,yaw_neg_35,0,1139,D:\mipmap-lite\1fad9647-f717-4cd4-9391-11f219d7e5d1\snow\snow-20260827\result/.temp/undistort/1139.jpg,0.0,1456,2912,1039.691749,728.0,1456.0,0.8191520442889922,6.237347060383621e-17,-0.5735764363510467,2.45437853296854e-17,1.0,-1.1929337947783437e-16,0.5735764363510462,-5.000422645265138e-17,0.8191520442889924
141,1,G:/S1/USA/2026-02-24_16-21-11snow/camera/left/1771971785896191232.jpg,yaw_neg_35,0,1138,D:\mipmap-lite\1fad9647-f717-4cd4-9391-11f219d7e5d1\snow\snow-20260827\result/.temp/undistort/1138.jpg,0.0,1456,2912,1039.691749,728.0,1456.0,0.8191520442889918,-9.03421369965582e-17,-0.5735764363510462,-6.898048202291411e-17,1.0,1.6087790564562735e-16,0.5735764363510462,5.3778480106900456e-17,0.8191520442889919
54,1,G:/S1/USA/2026-02-24_16-21-11snow/camera/left/1771971742393441024.jpg,yaw_neg_35,0,1150,D:\mipmap-lite\1fad9647-f717-4cd4-9391-11f219d7e5d1\snow\snow-20260827\result/.temp/undistort/1150.jpg,0.0,1456,2912,1039.691749,728.0,1456.0,0.8191520442889918,1.5970938226024653e-19,-0.5735764363510458,-3.28627870431883e-16,1.0000000000000007,-4.820157575127945e-16,0.5735764363510466,-5.648870223511808e-16,0.8191520442889922
25,1,G:/S1/USA/2026-02-24_16-21-11snow/camera/left/1771971727892552192.jpg,yaw_neg_35,0,1159,D:\mipmap-lite\1fad9647-f717-4cd4-9391-11f219d7e5d1\snow\snow-20260827\result/.temp/undistort/1159.jpg,0.0,1456,2912,1039.691749,728.0,1456.0,0.8191520442889918,9.87020941136137e-17,-0.5735764363510462,9.405722797275835e-17,1.0000000000000002,2.267318407879136e-18,0.573576436351046,5.601731320966902e-17,0.8191520442889921
82,1,G:/S1/USA/2026-02-24_16-21-11snow/camera/left/1771971756394333952.jpg,yaw_neg_35,0,1161,D:\mipmap-lite\1fad9647-f717-4cd4-9391-11f219d7e5d1\snow\snow-20260827\result/.temp/undistort/1161.jpg,0.0,1456,2912,1039.691749,728.0,1456.0,0.819152044288992,5.600622562988875e-17,-0.573576436351046,-5.3187728281193865e-17,1.0,-9.017814941875595e-17,0.5735764363510463,-7.376531599616415e-17,0.8191520442889919
171,1,G:/S1/USA/2026-02-24_16-21-11snow/camera/left/1771971800897055232.jpg,yaw_neg_35,0,1171,D:\mipmap-lite\1fad9647-f717-4cd4-9391-11f219d7e5d1\snow\snow-20260827\result/.temp/undistort/1171.jpg,0.0,1456,2912,1039.691749,728.0,1456.0,0.8191520442889916,-4.545745912663796e-19,-0.5735764363510459,4.3165537108440505e-17,0.9999999999999997,1.036176519186403e-16,0.5735764363510458,1.1799592781313083e-16,0.8191520442889917
113,1,G:/S1/USA/2026-02-24_16-21-11snow/camera/left/1771971771895267840.jpg,yaw_neg_35,0,1178,D:\mipmap-lite\1fad9647-f717-4cd4-9391-11f219d7e5d1\snow\snow-20260827\result/.temp/undistort/1178.jpg,0.0,1456,2912,1039.691749,728.0,1456.0,0.8191520442889922,4.4948881654867896e-18,-0.5735764363510464,-1.0330217706772274e-17,1.0000000000000002,-1.1869631852467607e-18,0.5735764363510462,-3.353290143987821e-17,0.819152044288992
142,1,G:/S1/USA/2026-02-24_16-21-11snow/camera/left/1771971786396219904.jpg,yaw_neg_35,0,1189,D:\mipmap-lite\1fad9647-f717-4cd4-9391-11f219d7e5d1\snow\snow-20260827\result/.temp/undistort/1189.jpg,0.0,1456,2912,1039.691749,728.0,1456.0,0.8191520442889917,1.13709605774575e-16,-0.5735764363510459,6.479956760561795e-17,0.9999999999999998,-6.478678742798149e-17,0.5735764363510459,-5.231037587979225e-17,0.8191520442889916
55,1,G:/S1/USA/2026-02-24_16-21-11snow/camera/left/1771971742893552896.jpg,yaw_neg_35,0,1195,D:\mipmap-lite\1fad9647-f717-4cd4-9391-11f219d7e5d1\snow\snow-20260827\result/.temp/undistort/1195.jpg,0.0,1456,2912,1039.691749,728.0,1456.0,0.8191520442889919,-1.631128601213423e-16,-0.573576436351046,1.1454117485312723e-16,0.9999999999999994,4.870037336844599e-16,0.5735764363510458,4.972522496578154e-16,0.8191520442889914
83,1,G:/S1/USA/2026-02-24_16-21-11snow/camera/left/1771971756894338048.jpg,yaw_neg_35,0,1206,D:\mipmap-lite\1fad9647-f717-4cd4-9391-11f219d7e5d1\snow\snow-20260827\result/.temp/undistort/1206.jpg,0.0,1456,2912,1039.691749,728.0,1456.0,0.8191520442889918,8.904224486052254e-17,-0.573576436351046,9.654580968858843e-17,1.0,-6.978307744039505e-17,0.5735764363510462,6.8579337103338716e-18,0.8191520442889918
26,1,G:/S1/USA/2026-02-24_16-21-11snow/camera/left/1771971728392615168.jpg,yaw_neg_35,0,1199,D:\mipmap-lite\1fad9647-f717-4cd4-9391-11f219d7e5d1\snow\snow-20260827\result/.temp/undistort/1199.jpg,0.0,1456,2912,1039.691749,728.0,1456.0,0.819152044288992,-1.1348192260914065e-17,-0.5735764363510463,-7.901707056520817e-19,1.0000000000000002,1.7875689796154564e-17,0.5735764363510463,-8.032144999762315e-17,0.8191520442889919
114,1,G:/S1/USA/2026-02-24_16-21-11snow/camera/left/1771971772395357184.jpg,yaw_neg_35,0,1222,D:\mipmap-lite\1fad9647-f717-4cd4-9391-11f219d7e5d1\snow\snow-20260827\result/.temp/undistort/1222.jpg,0.0,1456,2912,1039.691749,728.0,1456.0,0.8191520442889917,3.5943414105824315e-20,-0.5735764363510462,3.626791659784494e-17,0.9999999999999999,1.6413288982604122e-17,0.5735764363510458,-4.9800295342654244e-17,0.8191520442889916
56,1,G:/S1/USA/2026-02-24_16-21-11snow/camera/left/1771971743393538048.jpg,yaw_neg_35,0,1243,D:\mipmap-lite\1fad9647-f717-4cd4-9391-11f219d7e5d1\snow\snow-20260827\result/.temp/undistort/1243.jpg,0.0,1456,2912,1039.691749,728.0,1456.0,0.8191520442889918,2.29535189739454e-17,-0.5735764363510459,-2.4209645540059765e-16,1.0000000000000002,-3.3989239111005203e-16,0.573576436351046,-3.510197658571009e-16,0.819152044288992
143,1,G:/S1/USA/2026-02-24_16-21-11snow/camera/left/1771971786896203008.jpg,yaw_neg_35,0,1244,D:\mipmap-lite\1fad9647-f717-4cd4-9391-11f219d7e5d1\snow\snow-20260827\result/.temp/undistort/1244.jpg,0.0,1456,2912,1039.691749,728.0,1456.0,0.8191520442889918,-2.1919190500284973e-16,-0.5735764363510462,-1.8377619866491962e-16,1.0000000000000002,7.28308367063295e-17,0.5735764363510462,-3.478237152693533e-17,0.8191520442889919
27,1,G:/S1/USA/2026-02-24_16-21-11snow/camera/left/1771971728892647936.jpg,yaw_neg_35,0,1256,D:\mipmap-lite\1fad9647-f717-4cd4-9391-11f219d7e5d1\snow\snow-20260827\result/.temp/undistort/1256.jpg,0.0,1456,2912,1039.691749,728.0,1456.0,0.8191520442889917,-1.3832087013750904e-16,-0.5735764363510459,-1.556262800223598e-16,1.0000000000000002,1.6357845445224888e-17,0.573576436351046,-1.7746920838758698e-17,0.8191520442889917
84,1,G:/S1/USA/2026-02-24_16-21-11snow/camera/left/1771971757394393088.jpg,yaw_neg_35,0,1253,D:\mipmap-lite\1fad9647-f717-4cd4-9391-11f219d7e5d1\snow\snow-20260827\result/.temp/undistort/1253.jpg,0.0,1456,2912,1039.691749,728.0,1456.0,0.8191520442889917,8.21148586665524e-17,-0.5735764363510462,9.497539840218768e-18,1.0,6.306017210763052e-17,0.573576436351046,6.910265621578236e-17,0.819152044288992
115,1,G:/S1/USA/2026-02-24_16-21-11snow/camera/left/1771971772895385856.jpg,yaw_neg_35,0,1269,D:\mipmap-lite\1fad9647-f717-4cd4-9391-11f219d7e5d1\snow\snow-20260827\result/.temp/undistort/1269.jpg,0.0,1456,2912,1039.691749,728.0,1456.0,0.8191520442889919,2.2738497423443342e-17,-0.5735764363510459,4.8497162981630365e-18,1.0000000000000002,-8.884664337336454e-17,0.573576436351046,-4.364801650239064e-17,0.8191520442889919
144,1,G:/S1/USA/2026-02-24_16-21-11snow/camera/left/1771971787396233984.jpg,yaw_neg_35,0,1290,D:\mipmap-lite\1fad9647-f717-4cd4-9391-11f219d7e5d1\snow\snow-20260827\result/.temp/undistort/1290.jpg,0.0,1456,2912,1039.691749,728.0,1456.0,0.8191520442889919,6.105987908177643e-17,-0.573576436351046,2.7950820111283564e-17,1.0,9.806073706982599e-19,0.573576436351046,-4.131293446612232e-18,0.8191520442889917
57,1,G:/S1/USA/2026-02-24_16-21-11snow/camera/left/1771971743893538048.jpg,yaw_neg_35,0,1289,D:\mipmap-lite\1fad9647-f717-4cd4-9391-11f219d7e5d1\snow\snow-20260827\result/.temp/undistort/1289.jpg,0.0,1456,2912,1039.691749,728.0,1456.0,0.8191520442889916,4.5331798878255334e-17,-0.5735764363510459,-9.204128345069203e-17,1.0,-1.4080774129066492e-16,0.5735764363510462,-9.792893456539334e-17,0.8191520442889918
28,1,G:/S1/USA/2026-02-24_16-21-11snow/camera/left/1771971729392695040.jpg,yaw_neg_35,0,1301,D:\mipmap-lite\1fad9647-f717-4cd4-9391-11f219d7e5d1\snow\snow-20260827\result/.temp/undistort/1301.jpg,0.0,1456,2912,1039.691749,728.0,1456.0,0.8191520442889919,1.8799950398148787e-17,-0.5735764363510463,-1.7351035061295712e-17,1.0000000000000002,7.053697300511093e-17,0.5735764363510462,1.0074982403162982e-16,0.819152044288992
85,1,G:/S1/USA/2026-02-24_16-21-11snow/camera/left/1771971757894437120.jpg,yaw_neg_35,0,1304,D:\mipmap-lite\1fad9647-f717-4cd4-9391-11f219d7e5d1\snow\snow-20260827\result/.temp/undistort/1304.jpg,0.0,1456,2912,1039.691749,728.0,1456.0,0.8191520442889918,-1.8283444912101143e-17,-0.5735764363510459,1.0720010579389277e-16,0.9999999999999998,1.4743070680759088e-16,0.573576436351046,1.312220126552932e-16,0.8191520442889916
116,1,G:/S1/USA/2026-02-24_16-21-11snow/camera/left/1771971773395394048.jpg,yaw_neg_35,0,1318,D:\mipmap-lite\1fad9647-f717-4cd4-9391-11f219d7e5d1\snow\snow-20260827\result/.temp/undistort/1318.jpg,0.0,1456,2912,1039.691749,728.0,1456.0,0.8191520442889916,8.200842492225812e-18,-0.5735764363510458,-5.2875956537255055e-17,0.9999999999999999,-8.825702357107417e-17,0.573576436351046,1.2516272606834604e-17,0.8191520442889917
58,1,G:/S1/USA/2026-02-24_16-21-11snow/camera/left/1771971744393569024.jpg,yaw_neg_35,0,1327,D:\mipmap-lite\1fad9647-f717-4cd4-9391-11f219d7e5d1\snow\snow-20260827\result/.temp/undistort/1327.jpg,0.0,1456,2912,1039.691749,728.0,1456.0,0.8191520442889919,1.4842703562522095e-17,-0.5735764363510463,-4.116654867008138e-17,0.9999999999999999,4.4028262001010536e-17,0.5735764363510459,4.582336841678999e-18,0.8191520442889916
145,1,G:/S1/USA/2026-02-24_16-21-11snow/camera/left/1771971787896264960.jpg,yaw_neg_35,0,1330,D:\mipmap-lite\1fad9647-f717-4cd4-9391-11f219d7e5d1\snow\snow-20260827\result/.temp/undistort/1330.jpg,0.0,1456,2912,1039.691749,728.0,1456.0,0.8191520442889924,-2.100969012544761e-16,-0.5735764363510463,-2.1525219144532676e-16,1.0000000000000002,4.021333283151054e-17,0.5735764363510462,-3.581789895215366e-17,0.8191520442889918
29,1,G:/S1/USA/2026-02-24_16-21-11snow/camera/left/1771971729892678912.jpg,yaw_neg_35,0,1342,D:\mipmap-lite\1fad9647-f717-4cd4-9391-11f219d7e5d1\snow\snow-20260827\result/.temp/undistort/1342.jpg,0.0,1456,2912,1039.691749,728.0,1456.0,0.8191520442889917,-1.1455440124223056e-16,-0.5735764363510459,-1.1032061178902799e-16,1.0,8.970246377874997e-17,0.5735764363510462,-2.5103001127176945e-17,0.8191520442889918
86,1,G:/S1/USA/2026-02-24_16-21-11snow/camera/left/1771971758394462976.jpg,yaw_neg_35,0,1346,D:\mipmap-lite\1fad9647-f717-4cd4-9391-11f219d7e5d1\snow\snow-20260827\result/.temp/undistort/1346.jpg,0.0,1456,2912,1039.691749,728.0,1456.0,0.8191520442889917,5.596987377739476e-17,-0.573576436351046,2.479057335588069e-17,1.0,-1.215309430956534e-16,0.5735764363510459,-2.321582414085224e-17,0.8191520442889919
87,1,G:/S1/USA/2026-02-24_16-21-11snow/camera/left/1771971758894461184.jpg,yaw_neg_35,0,1364,D:\mipmap-lite\1fad9647-f717-4cd4-9391-11f219d7e5d1\snow\snow-20260827\result/.temp/undistort/1364.jpg,0.0,1456,2912,1039.691749,728.0,1456.0,0.8191520442889919,1.4307437468997826e-17,-0.5735764363510463,-3.4576874692778695e-18,1.0000000000000002,-1.8994643370757059e-16,0.573576436351046,-9.226707203448354e-17,0.819152044288992
1,1,G:/S1/USA/2026-02-24_16-21-11snow/camera/left/1771971715891788032.jpg,yaw_pos_35,1,20,D:\mipmap-lite\1fad9647-f717-4cd4-9391-11f219d7e5d1\snow\snow-20260827\result/.temp/undistort/20.jpg,0.0,1456,2912,1039.691749,728.0,1456.0,0.8191520442889916,4.2503874747594646e-17,0.5735764363510459,3.4323585270951014e-17,1.0,2.599544376795242e-17,-0.5735764363510459,3.70441977378599e-18,0.8191520442889918
59,1,G:/S1/USA/2026-02-24_16-21-11snow/camera/left/1771971744893625088.jpg,yaw_pos_35,1,14,D:\mipmap-lite\1fad9647-f717-4cd4-9391-11f219d7e5d1\snow\snow-20260827\result/.temp/undistort/14.jpg,0.0,1456,2912,1039.691749,728.0,1456.0,0.8191520442889919,2.898212137949515e-17,0.5735764363510459,6.890571735674515e-17,1.0000000000000002,-1.3470067702191975e-16,-0.5735764363510462,-1.9286603334204385e-16,0.8191520442889919
88,1,G:/S1/USA/2026-02-24_16-21-11snow/camera/left/1771971759394525952.jpg,yaw_pos_35,1,16,D:\mipmap-lite\1fad9647-f717-4cd4-9391-11f219d7e5d1\snow\snow-20260827\result/.temp/undistort/16.jpg,0.0,1456,2912,1039.691749,728.0,1456.0,0.8191520442889918,-1.750624656178933e-16,0.5735764363510462,-1.0158335832154886e-16,1.0,-1.310319698304438e-16,-0.5735764363510462,2.921951222529276e-17,0.8191520442889919
117,1,G:/S1/USA/2026-02-24_16-21-11snow/camera/left/1771971773895457024.jpg,yaw_pos_35,1,17,D:\mipmap-lite\1fad9647-f717-4cd4-9391-11f219d7e5d1\snow\snow-20260827\result/.temp/undistort/17.jpg,0.0,1456,2912,1039.691749,728.0,1456.0,0.8191520442889917,8.366251606791395e-17,0.5735764363510459,-1.5671195118682001e-18,0.9999999999999998,-4.020047912763943e-17,-0.5735764363510458,-4.899184649868402e-17,0.8191520442889916
30,1,G:/S1/USA/2026-02-24_16-21-11snow/camera/left/1771971730392763136.jpg,yaw_pos_35,1,18,D:\mipmap-lite\1fad9647-f717-4cd4-9391-11f219d7e5d1\snow\snow-20260827\result/.temp/undistort/18.jpg,0.0,1456,2912,1039.691749,728.0,1456.0,0.8191520442889915,1.0126749294066266e-16,0.5735764363510459,9.643589192177304e-17,0.9999999999999999,3.616527062032355e-17,-0.5735764363510459,-4.838197459283758e-18,0.8191520442889917
146,1,G:/S1/USA/2026-02-24_16-21-11snow/camera/left/1771971788396321024.jpg,yaw_pos_35,1,22,D:\mipmap-lite\1fad9647-f717-4cd4-9391-11f219d7e5d1\snow\snow-20260827\result/.temp/undistort/22.jpg,0.0,1456,2912,1039.691749,728.0,1456.0,0.8191520442889916,9.121451817861758e-17,0.5735764363510458,2.399516899182631e-17,0.9999999999999997,1.974486207661672e-16,-0.5735764363510459,7.64715310398682e-17,0.8191520442889915
2,1,G:/S1/USA/2026-02-24_16-21-11snow/camera/left/1771971716391821056.jpg,yaw_pos_35,1,51,D:\mipmap-lite\1fad9647-f717-4cd4-9391-11f219d7e5d1\snow\snow-20260827\result/.temp/undistort/51.jpg,0.0,1456,2912,1039.691749,728.0,1456.0,0.8191520442889918,2.521819462876568e-17,0.573576436351046,2.5780291649329494e-17,0.9999999999999999,1.3241378782874138e-17,-0.5735764363510459,-8.435639179051116e-18,0.8191520442889917
147,1,G:/S1/USA/2026-02-24_16-21-11snow/camera/left/1771971788896326912.jpg,yaw_pos_35,1,53,D:\mipmap-lite\1fad9647-f717-4cd4-9391-11f219d7e5d1\snow\snow-20260827\result/.temp/undistort/53.jpg,0.0,1456,2912,1039.691749,728.0,1456.0,0.8191520442889924,-1.4884135229235605e-16,0.5735764363510464,-1.0647296285012354e-16,1.0000000000000002,-9.521395469827299e-17,-0.573576436351046,-5.805301036950447e-17,0.8191520442889919
89,1,G:/S1/USA/2026-02-24_16-21-11snow/camera/left/1771971759894524928.jpg,yaw_pos_35,1,64,D:\mipmap-lite\1fad9647-f717-4cd4-9391-11f219d7e5d1\snow\snow-20260827\result/.temp/undistort/64.jpg,0.0,1456,2912,1039.691749,728.0,1456.0,0.8191520442889916,-8.444351061719995e-17,0.5735764363510459,-1.3194141823560833e-16,1.0,2.1945988269687665e-17,-0.5735764363510459,1.19781301658265e-16,0.8191520442889916
60,1,G:/S1/USA/2026-02-24_16-21-11snow/camera/left/1771971745393674240.jpg,yaw_pos_35,1,67,D:\mipmap-lite\1fad9647-f717-4cd4-9391-11f219d7e5d1\snow\snow-20260827\result/.temp/undistort/67.jpg,0.0,1456,2912,1039.691749,728.0,1456.0,0.8191520442889917,-1.4078887461380057e-16,0.573576436351046,-3.7793460848666257e-16,0.9999999999999994,2.3873602609249967e-16,-0.5735764363510457,4.0199978778502137e-16,0.8191520442889914
31,1,G:/S1/USA/2026-02-24_16-21-11snow/camera/left/1771971730892815104.jpg,yaw_pos_35,1,68,D:\mipmap-lite\1fad9647-f717-4cd4-9391-11f219d7e5d1\snow\snow-20260827\result/.temp/undistort/68.jpg,0.0,1456,2912,1039.691749,728.0,1456.0,0.819152044288992,2.2075493403980342e-18,0.5735764363510462,-1.2640055166927932e-17,1.0000000000000002,7.80553983246442e-17,-0.5735764363510462,4.026979618270839e-17,0.8191520442889919
118,1,G:/S1/USA/2026-02-24_16-21-11snow/camera/left/1771971774395424000.jpg,yaw_pos_35,1,69,D:\mipmap-lite\1fad9647-f717-4cd4-9391-11f219d7e5d1\snow\snow-20260827\result/.temp/undistort/69.jpg,0.0,1456,2912,1039.691749,728.0,1456.0,0.8191520442889914,2.3399537395561255e-16,0.5735764363510459,2.122472844754879e-16,1.0,1.5417598874373147e-16,-0.5735764363510457,-5.448762314396708e-18,0.8191520442889917
3,1,G:/S1/USA/2026-02-24_16-21-11snow/camera/left/1771971716891852032.jpg,yaw_pos_35,1,95,D:\mipmap-lite\1fad9647-f717-4cd4-9391-11f219d7e5d1\snow\snow-20260827\result/.temp/undistort/95.jpg,0.0,1456,2912,1039.691749,728.0,1456.0,0.8191520442889918,-6.012006125773723e-19,0.5735764363510459,-8.341966440967737e-18,1.0,6.768233401197876e-18,-0.5735764363510462,6.584433601895621e-18,0.8191520442889919
148,1,G:/S1/USA/2026-02-24_16-21-11snow/camera/left/1771971789396357888.jpg,yaw_pos_35,1,97,D:\mipmap-lite\1fad9647-f717-4cd4-9391-11f219d7e5d1\snow\snow-20260827\result/.temp/undistort/97.jpg,0.0,1456,2912,1039.691749,728.0,1456.0,0.8191520442889917,-2.2011637148788365e-17,0.5735764363510462,7.317336833226126e-17,1.0,-3.135845481237365e-17,-0.573576436351046,-2.1816712377254854e-17,0.8191520442889918
32,1,G:/S1/USA/2026-02-24_16-21-11snow/camera/left/1771971731392765952.jpg,yaw_pos_35,1,107,D:\mipmap-lite\1fad9647-f717-4cd4-9391-11f219d7e5d1\snow\snow-20260827\result/.temp/undistort/107.jpg,0.0,1456,2912,1039.691749,728.0,1456.0,0.8191520442889917,9.956074214592183e-17,0.5735764363510458,4.8422792115765984e-17,1.0,1.1840752224852577e-16,-0.5735764363510462,6.914318939899089e-17,0.8191520442889919
90,1,G:/S1/USA/2026-02-24_16-21-11snow/camera/left/1771971760394555136.jpg,yaw_pos_35,1,111,D:\mipmap-lite\1fad9647-f717-4cd4-9391-11f219d7e5d1\snow\snow-20260827\result/.temp/undistort/111.jpg,0.0,1456,2912,1039.691749,728.0,1456.0,0.8191520442889924,1.1398108257001141e-16,0.573576436351046,2.901516630714136e-16,1.0000000000000004,-2.0537889019099309e-16,-0.5735764363510466,-3.805898859523091e-16,0.819152044288992
119,1,G:/S1/USA/2026-02-24_16-21-11snow/camera/left/1771971774895488000.jpg,yaw_pos_35,1,119,D:\mipmap-lite\1fad9647-f717-4cd4-9391-11f219d7e5d1\snow\snow-20260827\result/.temp/undistort/119.jpg,0.0,1456,2912,1039.691749,728.0,1456.0,0.8191520442889915,-3.057741574444819e-17,0.573576436351046,-1.2678821042006125e-16,1.0,-4.186113947985276e-17,-0.573576436351046,-5.826899775686617e-18,0.8191520442889919
61,1,G:/S1/USA/2026-02-24_16-21-11snow/camera/left/1771971745893655040.jpg,yaw_pos_35,1,124,D:\mipmap-lite\1fad9647-f717-4cd4-9391-11f219d7e5d1\snow\snow-20260827\result/.temp/undistort/124.jpg,0.0,1456,2912,1039.691749,728.0,1456.0,0.8191520442889918,-1.9689868616358536e-18,0.573576436351046,-6.805444806639918e-17,0.9999999999999999,4.2228311710848775e-17,-0.573576436351046,6.615677709097655e-17,0.8191520442889918
149,1,G:/S1/USA/2026-02-24_16-21-11snow/camera/left/1771971789896388096.jpg,yaw_pos_35,1,145,D:\mipmap-lite\1fad9647-f717-4cd4-9391-11f219d7e5d1\snow\snow-20260827\result/.temp/undistort/145.jpg,0.0,1456,2912,1039.691749,728.0,1456.0,0.819152044288992,-1.9921261241846298e-16,0.5735764363510463,-9.379912574683377e-17,1.0000000000000002,-2.284026254697833e-16,-0.573576436351046,-2.577655826151339e-17,0.819152044288992
33,1,G:/S1/USA/2026-02-24_16-21-11snow/camera/left/1771971731892795136.jpg,yaw_pos_35,1,156,D:\mipmap-lite\1fad9647-f717-4cd4-9391-11f219d7e5d1\snow\snow-20260827\result/.temp/undistort/156.jpg,0.0,1456,2912,1039.691749,728.0,1456.0,0.8191520442889916,1.567122337057124e-16,0.5735764363510456,2.3176017150141665e-17,0.9999999999999996,2.3508826786225174e-16,-0.5735764363510459,2.1254726280395212e-16,0.8191520442889916
4,1,G:/S1/USA/2026-02-24_16-21-11snow/camera/left/1771971717391916032.jpg,yaw_pos_35,1,148,D:\mipmap-lite\1fad9647-f717-4cd4-9391-11f219d7e5d1\snow\snow-20260827\result/.temp/undistort/148.jpg,0.0,1456,2912,1039.691749,728.0,1456.0,0.8191520442889919,7.770136806133177e-18,0.5735764363510459,3.3727198547633815e-18,1.0000000000000002,-1.8915729766066208e-19,-0.5735764363510462,-1.0942251331586984e-17,0.819152044288992
91,1,G:/S1/USA/2026-02-24_16-21-11snow/camera/left/1771971760894637056.jpg,yaw_pos_35,1,151,D:\mipmap-lite\1fad9647-f717-4cd4-9391-11f219d7e5d1\snow\snow-20260827\result/.temp/undistort/151.jpg,0.0,1456,2912,1039.691749,728.0,1456.0,0.8191520442889919,1.250156433471993e-16,0.573576436351046,2.500164275779659e-16,1.0,-7.413601326765198e-17,-0.573576436351046,-2.2274247611472075e-16,0.8191520442889918
120,1,G:/S1/USA/2026-02-24_16-21-11snow/camera/left/1771971775395489024.jpg,yaw_pos_35,1,158,D:\mipmap-lite\1fad9647-f717-4cd4-9391-11f219d7e5d1\snow\snow-20260827\result/.temp/undistort/158.jpg,0.0,1456,2912,1039.691749,728.0,1456.0,0.8191520442889912,4.464723743189379e-17,0.5735764363510459,1.5559065668019604e-16,0.9999999999999997,1.042177206276071e-17,-0.5735764363510457,-7.264342161056538e-17,0.8191520442889916
62,1,G:/S1/USA/2026-02-24_16-21-11snow/camera/left/1771971746393715200.jpg,yaw_pos_35,1,180,D:\mipmap-lite\1fad9647-f717-4cd4-9391-11f219d7e5d1\snow\snow-20260827\result/.temp/undistort/180.jpg,0.0,1456,2912,1039.691749,728.0,1456.0,0.8191520442889917,-1.4511727770450112e-16,0.5735764363510462,-4.410204554074031e-16,0.9999999999999993,2.656264151477996e-16,-0.5735764363510456,4.42925727187291e-16,0.8191520442889915
150,1,G:/S1/USA/2026-02-24_16-21-11snow/camera/left/1771971790396419072.jpg,yaw_pos_35,1,186,D:\mipmap-lite\1fad9647-f717-4cd4-9391-11f219d7e5d1\snow\snow-20260827\result/.temp/undistort/186.jpg,0.0,1456,2912,1039.691749,728.0,1456.0,0.8191520442889916,1.0047545322949504e-16,0.5735764363510457,1.1002629553784281e-16,0.9999999999999997,2.963744862957178e-17,-0.5735764363510459,-4.52731383029947e-17,0.8191520442889915
92,1,G:/S1/USA/2026-02-24_16-21-11snow/camera/left/1771971761394644992.jpg,yaw_pos_35,1,196,D:\mipmap-lite\1fad9647-f717-4cd4-9391-11f219d7e5d1\snow\snow-20260827\result/.temp/undistort/196.jpg,0.0,1456,2912,1039.691749,728.0,1456.0,0.8191520442889918,1.1007617190893157e-16,0.5735764363510459,1.461883147972052e-16,0.9999999999999999,-9.464156137163679e-18,-0.5735764363510462,-8.161750166486643e-17,0.8191520442889919
34,1,G:/S1/USA/2026-02-24_16-21-11snow/camera/left/1771971732392879872.jpg,yaw_pos_35,1,203,D:\mipmap-lite\1fad9647-f717-4cd4-9391-11f219d7e5d1\snow\snow-20260827\result/.temp/undistort/203.jpg,0.0,1456,2912,1039.691749,728.0,1456.0,0.8191520442889915,5.804190947359731e-17,0.5735764363510458,4.908783388697494e-17,0.9999999999999999,6.566147437285745e-17,-0.5735764363510459,5.825894150175876e-17,0.8191520442889916
5,1,G:/S1/USA/2026-02-24_16-21-11snow/camera/left/1771971717891949056.jpg,yaw_pos_35,1,208,D:\mipmap-lite\1fad9647-f717-4cd4-9391-11f219d7e5d1\snow\snow-20260827\result/.temp/undistort/208.jpg,0.0,1456,2912,1039.691749,728.0,1456.0,0.8191520442889918,1.1331344920186311e-17,0.573576436351046,6.497449024175302e-18,1.0,8.038393927389138e-18,-0.573576436351046,1.0281353307417762e-17,0.8191520442889919
121,1,G:/S1/USA/2026-02-24_16-21-11snow/camera/left/1771971775895520000.jpg,yaw_pos_35,1,207,D:\mipmap-lite\1fad9647-f717-4cd4-9391-11f219d7e5d1\snow\snow-20260827\result/.temp/undistort/207.jpg,0.0,1456,2912,1039.691749,728.0,1456.0,0.8191520442889919,-8.756700463228355e-17,0.5735764363510458,-1.3677891999747493e-16,0.9999999999999999,-3.2262901911270137e-17,-0.5735764363510462,8.94125155411154e-18,0.8191520442889917
151,1,G:/S1/USA/2026-02-24_16-21-11snow/camera/left/1771971790896451072.jpg,yaw_pos_35,1,228,D:\mipmap-lite\1fad9647-f717-4cd4-9391-11f219d7e5d1\snow\snow-20260827\result/.temp/undistort/228.jpg,0.0,1456,2912,1039.691749,728.0,1456.0,0.819152044288992,-5.62012297733247e-17,0.5735764363510462,-1.0437085749792088e-16,1.0000000000000004,-7.336455069678451e-17,-0.5735764363510462,-5.73594010546074e-17,0.8191520442889919
63,1,G:/S1/USA/2026-02-24_16-21-11snow/camera/left/1771971746893758976.jpg,yaw_pos_35,1,233,D:\mipmap-lite\1fad9647-f717-4cd4-9391-11f219d7e5d1\snow\snow-20260827\result/.temp/undistort/233.jpg,0.0,1456,2912,1039.691749,728.0,1456.0,0.8191520442889919,1.1545381273584065e-16,0.573576436351046,1.7135233446932492e-16,1.0000000000000002,-9.348413047403261e-17,-0.5735764363510462,-1.943097319691997e-16,0.8191520442889918
93,1,G:/S1/USA/2026-02-24_16-21-11snow/camera/left/1771971761894649088.jpg,yaw_pos_35,1,242,D:\mipmap-lite\1fad9647-f717-4cd4-9391-11f219d7e5d1\snow\snow-20260827\result/.temp/undistort/242.jpg,0.0,1456,2912,1039.691749,728.0,1456.0,0.8191520442889916,-2.2243442909725774e-16,0.5735764363510462,-3.69746239210933e-16,0.9999999999999998,3.99523233313486e-17,-0.5735764363510456,2.391031223523339e-16,0.8191520442889918
122,1,G:/S1/USA/2026-02-24_16-21-11snow/camera/left/1771971776395580160.jpg,yaw_pos_35,1,258,D:\mipmap-lite\1fad9647-f717-4cd4-9391-11f219d7e5d1\snow\snow-20260827\result/.temp/undistort/258.jpg,0.0,1456,2912,1039.691749,728.0,1456.0,0.8191520442889919,-2.984321681332283e-17,0.5735764363510462,3.636415701643517e-17,1.0,7.511714498829123e-17,-0.573576436351046,4.209820295399549e-17,0.8191520442889917
6,1,G:/S1/USA/2026-02-24_16-21-11snow/camera/left/1771971718391991040.jpg,yaw_pos_35,1,261,D:\mipmap-lite\1fad9647-f717-4cd4-9391-11f219d7e5d1\snow\snow-20260827\result/.temp/undistort/261.jpg,0.0,1456,2912,1039.691749,728.0,1456.0,0.8191520442889919,-1.6673515557821453e-17,0.5735764363510462,-1.7678518575237025e-17,0.9999999999999999,-1.731961430570126e-17,-0.573576436351046,-8.609327254787784e-18,0.8191520442889919
35,1,G:/S1/USA/2026-02-24_16-21-11snow/camera/left/1771971732892856064.jpg,yaw_pos_35,1,260,D:\mipmap-lite\1fad9647-f717-4cd4-9391-11f219d7e5d1\snow\snow-20260827\result/.temp/undistort/260.jpg,0.0,1456,2912,1039.691749,728.0,1456.0,0.8191520442889918,-6.710284747483943e-17,0.5735764363510462,-8.383775575839138e-17,1.0,-9.343378082593737e-18,-0.5735764363510462,4.38086787884711e-17,0.8191520442889918
64,1,G:/S1/USA/2026-02-24_16-21-11snow/camera/left/1771971747393777152.jpg,yaw_pos_35,1,269,D:\mipmap-lite\1fad9647-f717-4cd4-9391-11f219d7e5d1\snow\snow-20260827\result/.temp/undistort/269.jpg,0.0,1456,2912,1039.691749,728.0,1456.0,0.8191520442889916,-9.256090844385738e-17,0.573576436351046,-1.1216234488442774e-16,0.9999999999999997,1.385638606405183e-17,-0.5735764363510458,8.123437812465846e-17,0.8191520442889915
152,1,G:/S1/USA/2026-02-24_16-21-11snow/camera/left/1771971791396482048.jpg,yaw_pos_35,1,279,D:\mipmap-lite\1fad9647-f717-4cd4-9391-11f219d7e5d1\snow\snow-20260827\result/.temp/undistort/279.jpg,0.0,1456,2912,1039.691749,728.0,1456.0,0.8191520442889915,2.752924703535967e-16,0.5735764363510458,2.1705174888849272e-16,0.9999999999999996,2.2899488428958205e-16,-0.5735764363510459,9.779342761539914e-17,0.8191520442889916
7,1,G:/S1/USA/2026-02-24_16-21-11snow/camera/left/1771971718892033024.jpg,yaw_pos_35,1,294,D:\mipmap-lite\1fad9647-f717-4cd4-9391-11f219d7e5d1\snow\snow-20260827\result/.temp/undistort/294.jpg,0.0,1456,2912,1039.691749,728.0,1456.0,0.8191520442889918,2.998739930085665e-18,0.5735764363510462,2.0689208880158916e-20,1.0000000000000002,5.994535105344229e-18,-0.5735764363510462,9.916065258864445e-19,0.819152044288992
94,1,G:/S1/USA/2026-02-24_16-21-11snow/camera/left/1771971762394705920.jpg,yaw_pos_35,1,297,D:\mipmap-lite\1fad9647-f717-4cd4-9391-11f219d7e5d1\snow\snow-20260827\result/.temp/undistort/297.jpg,0.0,1456,2912,1039.691749,728.0,1456.0,0.8191520442889921,1.7646020744415646e-16,0.573576436351046,2.2956924344692816e-16,1.0,-5.792799824945499e-17,-0.5735764363510466,-1.7089604313293522e-16,0.819152044288992
123,1,G:/S1/USA/2026-02-24_16-21-11snow/camera/left/1771971776895583232.jpg,yaw_pos_35,1,299,D:\mipmap-lite\1fad9647-f717-4cd4-9391-11f219d7e5d1\snow\snow-20260827\result/.temp/undistort/299.jpg,0.0,1456,2912,1039.691749,728.0,1456.0,0.8191520442889922,-7.338905777993035e-17,0.5735764363510463,-4.732070440666343e-17,1.0000000000000004,-5.042207365163773e-17,-0.5735764363510464,-9.085451497500092e-18,0.8191520442889921
36,1,G:/S1/USA/2026-02-24_16-21-11snow/camera/left/1771971733392938240.jpg,yaw_pos_35,1,301,D:\mipmap-lite\1fad9647-f717-4cd4-9391-11f219d7e5d1\snow\snow-20260827\result/.temp/undistort/301.jpg,0.0,1456,2912,1039.691749,728.0,1456.0,0.8191520442889915,1.2452907901006658e-16,0.5735764363510457,-2.0484032923220378e-17,0.9999999999999994,2.34123050844915e-16,-0.573576436351046,1.7857586433800113e-16,0.8191520442889916
65,1,G:/S1/USA/2026-02-24_16-21-11snow/camera/left/1771971747893807104.jpg,yaw_pos_35,1,311,D:\mipmap-lite\1fad9647-f717-4cd4-9391-11f219d7e5d1\snow\snow-20260827\result/.temp/undistort/311.jpg,0.0,1456,2912,1039.691749,728.0,1456.0,0.8191520442889918,-4.8316797678952085e-18,0.573576436351046,-2.2924401641732896e-16,0.9999999999999999,3.2953270654300444e-16,-0.5735764363510459,4.1189902371225934e-16,0.8191520442889919
153,1,G:/S1/USA/2026-02-24_16-21-11snow/camera/left/1771971791896552192.jpg,yaw_pos_35,1,330,D:\mipmap-lite\1fad9647-f717-4cd4-9391-11f219d7e5d1\snow\snow-20260827\result/.temp/undistort/330.jpg,0.0,1456,2912,1039.691749,728.0,1456.0,0.8191520442889916,1.6488356348001798e-16,0.5735764363510459,1.3734376680149388e-16,0.9999999999999999,2.2184863286522324e-17,-0.5735764363510458,-2.0676101402696767e-17,0.8191520442889917
8,1,G:/S1/USA/2026-02-24_16-21-11snow/camera/left/1771971719392058112.jpg,yaw_pos_35,1,342,D:\mipmap-lite\1fad9647-f717-4cd4-9391-11f219d7e5d1\snow\snow-20260827\result/.temp/undistort/342.jpg,0.0,1456,2912,1039.691749,728.0,1456.0,0.8191520442889917,6.576781679785858e-17,0.5735764363510458,5.116829225917754e-17,0.9999999999999999,3.5487279636524136e-17,-0.5735764363510462,1.0716210202905104e-18,0.8191520442889919
37,1,G:/S1/USA/2026-02-24_16-21-11snow/camera/left/1771971733892919040.jpg,yaw_pos_35,1,347,D:\mipmap-lite\1fad9647-f717-4cd4-9391-11f219d7e5d1\snow\snow-20260827\result/.temp/undistort/347.jpg,0.0,1456,2912,1039.691749,728.0,1456.0,0.819152044288992,-2.214224246428103e-16,0.5735764363510463,-4.416621517599835e-17,1.0000000000000004,-3.039965959010994e-16,-0.5735764363510462,-2.4279343172005216e-16,0.8191520442889924
95,1,G:/S1/USA/2026-02-24_16-21-11snow/camera/left/1771971762894792960.jpg,yaw_pos_35,1,349,D:\mipmap-lite\1fad9647-f717-4cd4-9391-11f219d7e5d1\snow\snow-20260827\result/.temp/undistort/349.jpg,0.0,1456,2912,1039.691749,728.0,1456.0,0.8191520442889918,-4.5621697972855335e-17,0.573576436351046,-1.334244516901691e-16,1.0,-2.9018896087835617e-17,-0.5735764363510462,3.114127148688278e-17,0.8191520442889919
124,1,G:/S1/USA/2026-02-24_16-21-11snow/camera/left/1771971777395611904.jpg,yaw_pos_35,1,350,D:\mipmap-lite\1fad9647-f717-4cd4-9391-11f219d7e5d1\snow\snow-20260827\result/.temp/undistort/350.jpg,0.0,1456,2912,1039.691749,728.0,1456.0,0.8191520442889921,-7.763573856432275e-17,0.5735764363510462,-1.1595910044953454e-16,1.0,-1.3034182936695325e-17,-0.5735764363510462,-1.8411040271357623e-17,0.8191520442889919
66,1,G:/S1/USA/2026-02-24_16-21-11snow/camera/left/1771971748393859072.jpg,yaw_pos_35,1,366,D:\mipmap-lite\1fad9647-f717-4cd4-9391-11f219d7e5d1\snow\snow-20260827\result/.temp/undistort/366.jpg,0.0,1456,2912,1039.691749,728.0,1456.0,0.8191520442889918,2.366465947629859e-19,0.573576436351046,4.4202329903019544e-17,1.0,-7.239897429655618e-17,-0.5735764363510462,-1.162228370400462e-16,0.8191520442889918
154,1,G:/S1/USA/2026-02-24_16-21-11snow/camera/left/1771971792396542976.jpg,yaw_pos_35,1,377,D:\mipmap-lite\1fad9647-f717-4cd4-9391-11f219d7e5d1\snow\snow-20260827\result/.temp/undistort/377.jpg,0.0,1456,2912,1039.691749,728.0,1456.0,0.8191520442889918,-1.0949007582161721e-16,0.573576436351046,3.4565816943245714e-18,1.0,-9.150847639969082e-17,-0.573576436351046,-9.713678930096196e-17,0.8191520442889917
96,1,G:/S1/USA/2026-02-24_16-21-11snow/camera/left/1771971763394740224.jpg,yaw_pos_35,1,384,D:\mipmap-lite\1fad9647-f717-4cd4-9391-11f219d7e5d1\snow\snow-20260827\result/.temp/undistort/384.jpg,0.0,1456,2912,1039.691749,728.0,1456.0,0.8191520442889916,-3.616536818753409e-17,0.573576436351046,-7.198060767872968e-17,0.9999999999999999,7.844400495082186e-17,-0.5735764363510459,5.960739228577768e-17,0.8191520442889919
38,1,G:/S1/USA/2026-02-24_16-21-11snow/camera/left/1771971734392966144.jpg,yaw_pos_35,1,391,D:\mipmap-lite\1fad9647-f717-4cd4-9391-11f219d7e5d1\snow\snow-20260827\result/.temp/undistort/391.jpg,0.0,1456,2912,1039.691749,728.0,1456.0,0.8191520442889917,-7.488043645650324e-17,0.573576436351046,-5.257976029194209e-17,1.0,-6.100276911583622e-17,-0.573576436351046,-1.665106152434171e-17,0.8191520442889918
9,1,G:/S1/USA/2026-02-24_16-21-11snow/camera/left/1771971719892099072.jpg,yaw_pos_35,1,393,D:\mipmap-lite\1fad9647-f717-4cd4-9391-11f219d7e5d1\snow\snow-20260827\result/.temp/undistort/393.jpg,0.0,1456,2912,1039.691749,728.0,1456.0,0.819152044288992,-6.432342149099082e-17,0.5735764363510463,-4.520174522732348e-17,1.0,-4.312339105208705e-17,-0.5735764363510462,-1.3578282199697381e-17,0.8191520442889921
125,1,G:/S1/USA/2026-02-24_16-21-11snow/camera/left/1771971777895645184.jpg,yaw_pos_35,1,398,D:\mipmap-lite\1fad9647-f717-4cd4-9391-11f219d7e5d1\snow\snow-20260827\result/.temp/undistort/398.jpg,0.0,1456,2912,1039.691749,728.0,1456.0,0.8191520442889916,1.7772303302119062e-16,0.573576436351046,1.331718995459416e-16,0.9999999999999998,9.663682033732554e-18,-0.5735764363510462,-7.667297719505712e-17,0.8191520442889918
67,1,G:/S1/USA/2026-02-24_16-21-11snow/camera/left/1771971748893838080.jpg,yaw_pos_35,1,414,D:\mipmap-lite\1fad9647-f717-4cd4-9391-11f219d7e5d1\snow\snow-20260827\result/.temp/undistort/414.jpg,0.0,1456,2912,1039.691749,728.0,1456.0,0.8191520442889917,-1.011407559362953e-16,0.573576436351046,-1.675705207104502e-16,1.0,6.452131214386794e-17,-0.5735764363510459,1.6163865398437244e-16,0.8191520442889916
155,1,G:/S1/USA/2026-02-24_16-21-11snow/camera/left/1771971792896603136.jpg,yaw_pos_35,1,420,D:\mipmap-lite\1fad9647-f717-4cd4-9391-11f219d7e5d1\snow\snow-20260827\result/.temp/undistort/420.jpg,0.0,1456,2912,1039.691749,728.0,1456.0,0.8191520442889919,-4.585309630891438e-17,0.573576436351046,-8.528819717610656e-17,1.0,7.278665689359425e-18,-0.573576436351046,5.217842984988185e-17,0.8191520442889919
97,1,G:/S1/USA/2026-02-24_16-21-11snow/camera/left/1771971763894771200.jpg,yaw_pos_35,1,436,D:\mipmap-lite\1fad9647-f717-4cd4-9391-11f219d7e5d1\snow\snow-20260827\result/.temp/undistort/436.jpg,0.0,1456,2912,1039.691749,728.0,1456.0,0.8191520442889914,-1.630493209078336e-16,0.573576436351046,-2.5387347940215307e-16,1.0,5.794924318073176e-17,-0.5735764363510456,1.6106767855971028e-16,0.8191520442889918
39,1,G:/S1/USA/2026-02-24_16-21-11snow/camera/left/1771971734892979200.jpg,yaw_pos_35,1,439,D:\mipmap-lite\1fad9647-f717-4cd4-9391-11f219d7e5d1\snow\snow-20260827\result/.temp/undistort/439.jpg,0.0,1456,2912,1039.691749,728.0,1456.0,0.8191520442889919,-8.240728446868957e-17,0.5735764363510462,3.066096979169434e-18,1.0000000000000002,-1.3935804648978869e-16,-0.5735764363510464,-9.417013387214302e-17,0.8191520442889921
10,1,G:/S1/USA/2026-02-24_16-21-11snow/camera/left/1771971720392116992.jpg,yaw_pos_35,1,440,D:\mipmap-lite\1fad9647-f717-4cd4-9391-11f219d7e5d1\snow\snow-20260827\result/.temp/undistort/440.jpg,0.0,1456,2912,1039.691749,728.0,1456.0,0.8191520442889917,-4.185128327683219e-17,0.5735764363510463,5.264721203302709e-18,0.9999999999999999,-5.721180457919712e-17,-0.5735764363510459,-3.511639278081563e-17,0.8191520442889918
126,1,G:/S1/USA/2026-02-24_16-21-11snow/camera/left/1771971778395714048.jpg,yaw_pos_35,1,451,D:\mipmap-lite\1fad9647-f717-4cd4-9391-11f219d7e5d1\snow\snow-20260827\result/.temp/undistort/451.jpg,0.0,1456,2912,1039.691749,728.0,1456.0,0.819152044288992,1.5997704034170977e-17,0.5735764363510462,9.976983467173493e-17,0.9999999999999999,-2.999986941692981e-17,-0.573576436351046,-1.2885912024437469e-17,0.8191520442889917
68,1,G:/S1/USA/2026-02-24_16-21-11snow/camera/left/1771971749393872128.jpg,yaw_pos_35,1,468,D:\mipmap-lite\1fad9647-f717-4cd4-9391-11f219d7e5d1\snow\snow-20260827\result/.temp/undistort/468.jpg,0.0,1456,2912,1039.691749,728.0,1456.0,0.8191520442889916,-1.12980464764367e-16,0.573576436351046,-3.925792920973697e-16,0.9999999999999996,3.338720011324569e-16,-0.5735764363510455,4.541704409122667e-16,0.8191520442889916
156,1,G:/S1/USA/2026-02-24_16-21-11snow/camera/left/1771971793396601088.jpg,yaw_pos_35,1,469,D:\mipmap-lite\1fad9647-f717-4cd4-9391-11f219d7e5d1\snow\snow-20260827\result/.temp/undistort/469.jpg,0.0,1456,2912,1039.691749,728.0,1456.0,0.8191520442889916,-2.7672893571838906e-17,0.5735764363510459,-3.4420651929035943e-18,0.9999999999999998,5.594589443347323e-18,-0.5735764363510459,5.900626347487348e-17,0.8191520442889919
98,1,G:/S1/USA/2026-02-24_16-21-11snow/camera/left/1771971764394861056.jpg,yaw_pos_35,1,478,D:\mipmap-lite\1fad9647-f717-4cd4-9391-11f219d7e5d1\snow\snow-20260827\result/.temp/undistort/478.jpg,0.0,1456,2912,1039.691749,728.0,1456.0,0.819152044288992,1.0184872971627227e-16,0.573576436351046,1.632174775287507e-16,1.0000000000000002,3.0511982251431324e-18,-0.5735764363510463,-6.045544173848519e-17,0.8191520442889919
11,1,G:/S1/USA/2026-02-24_16-21-11snow/camera/left/1771971720892114176.jpg,yaw_pos_35,1,489,D:\mipmap-lite\1fad9647-f717-4cd4-9391-11f219d7e5d1\snow\snow-20260827\result/.temp/undistort/489.jpg,0.0,1456,2912,1039.691749,728.0,1456.0,0.8191520442889922,-1.0325265055596917e-16,0.5735764363510462,-5.4904801865462315e-17,1.0000000000000002,-5.117463683392161e-17,-0.5735764363510462,7.95736502942593e-18,0.819152044288992
40,1,G:/S1/USA/2026-02-24_16-21-11snow/camera/left/1771971735393051136.jpg,yaw_pos_35,1,492,D:\mipmap-lite\1fad9647-f717-4cd4-9391-11f219d7e5d1\snow\snow-20260827\result/.temp/undistort/492.jpg,0.0,1456,2912,1039.691749,728.0,1456.0,0.8191520442889918,1.137888341597782e-16,0.5735764363510459,1.5517387085496895e-17,0.9999999999999996,1.8471692510552196e-16,-0.573576436351046,1.4757650247985815e-16,0.8191520442889916
127,1,G:/S1/USA/2026-02-24_16-21-11snow/camera/left/1771971778895708160.jpg,yaw_pos_35,1,502,D:\mipmap-lite\1fad9647-f717-4cd4-9391-11f219d7e5d1\snow\snow-20260827\result/.temp/undistort/502.jpg,0.0,1456,2912,1039.691749,728.0,1456.0,0.8191520442889912,3.058409382086389e-17,0.5735764363510457,-1.4575379894166582e-17,0.9999999999999996,8.088324305405192e-18,-0.5735764363510458,-7.926985207932778e-18,0.8191520442889916
69,1,G:/S1/USA/2026-02-24_16-21-11snow/camera/left/1771971749893975040.jpg,yaw_pos_35,1,514,D:\mipmap-lite\1fad9647-f717-4cd4-9391-11f219d7e5d1\snow\snow-20260827\result/.temp/undistort/514.jpg,0.0,1456,2912,1039.691749,728.0,1456.0,0.8191520442889917,-9.68202267990277e-17,0.5735764363510459,-2.3099599114459437e-16,0.9999999999999999,1.4748864875695406e-16,-0.5735764363510457,2.7154275294550754e-16,0.8191520442889915
157,1,G:/S1/USA/2026-02-24_16-21-11snow/camera/left/1771971793896628992.jpg,yaw_pos_35,1,520,D:\mipmap-lite\1fad9647-f717-4cd4-9391-11f219d7e5d1\snow\snow-20260827\result/.temp/undistort/520.jpg,0.0,1456,2912,1039.691749,728.0,1456.0,0.819152044288992,-2.3446017744576254e-16,0.5735764363510463,-7.004856124853783e-17,1.0000000000000004,-1.9416094265425035e-16,-0.5735764363510463,-1.2065190295904193e-16,0.819152044288992
99,1,G:/S1/USA/2026-02-24_16-21-11snow/camera/left/1771971764894883072.jpg,yaw_pos_35,1,525,D:\mipmap-lite\1fad9647-f717-4cd4-9391-11f219d7e5d1\snow\snow-20260827\result/.temp/undistort/525.jpg,0.0,1456,2912,1039.691749,728.0,1456.0,0.8191520442889918,3.351355977390194e-17,0.573576436351046,1.1485412631392853e-16,1.0,-2.9551937217651154e-17,-0.5735764363510462,-1.0486238609754533e-16,0.8191520442889919
128,1,G:/S1/USA/2026-02-24_16-21-11snow/camera/left/1771971779395737088.jpg,yaw_pos_35,1,534,D:\mipmap-lite\1fad9647-f717-4cd4-9391-11f219d7e5d1\snow\snow-20260827\result/.temp/undistort/534.jpg,0.0,1456,2912,1039.691749,728.0,1456.0,0.8191520442889916,3.0448691449852606e-17,0.573576436351046,1.0645218386135749e-16,0.9999999999999999,2.262080625578626e-17,-0.5735764363510459,-1.1089428545682147e-17,0.8191520442889917
12,1,G:/S1/USA/2026-02-24_16-21-11snow/camera/left/1771971721392146944.jpg,yaw_pos_35,1,538,D:\mipmap-lite\1fad9647-f717-4cd4-9391-11f219d7e5d1\snow\snow-20260827\result/.temp/undistort/538.jpg,0.0,1456,2912,1039.691749,728.0,1456.0,0.8191520442889917,-1.6224472353743688e-17,0.5735764363510457,-3.851490412206325e-17,0.9999999999999999,5.712259260130461e-18,-0.5735764363510463,8.330118906574032e-18,0.8191520442889916
41,1,G:/S1/USA/2026-02-24_16-21-11snow/camera/left/1771971735893041152.jpg,yaw_pos_35,1,543,D:\mipmap-lite\1fad9647-f717-4cd4-9391-11f219d7e5d1\snow\snow-20260827\result/.temp/undistort/543.jpg,0.0,1456,2912,1039.691749,728.0,1456.0,0.8191520442889919,-1.408389256318562e-16,0.5735764363510463,-5.3789774974291545e-17,1.0000000000000004,-1.3657012737364336e-16,-0.5735764363510463,-5.525293679974859e-17,0.8191520442889922
100,1,G:/S1/USA/2026-02-24_16-21-11snow/camera/left/1771971765394919168.jpg,yaw_pos_35,1,561,D:\mipmap-lite\1fad9647-f717-4cd4-9391-11f219d7e5d1\snow\snow-20260827\result/.temp/undistort/561.jpg,0.0,1456,2912,1039.691749,728.0,1456.0,0.819152044288991,-2.529198546327257e-16,0.573576436351046,-2.771517384095077e-16,0.9999999999999998,7.762502728421437e-18,-0.5735764363510455,1.7649578452970492e-16,0.8191520442889916
70,1,G:/S1/USA/2026-02-24_16-21-11snow/camera/left/1771971750393963008.jpg,yaw_pos_35,1,562,D:\mipmap-lite\1fad9647-f717-4cd4-9391-11f219d7e5d1\snow\snow-20260827\result/.temp/undistort/562.jpg,0.0,1456,2912,1039.691749,728.0,1456.0,0.8191520442889918,-1.3394057820307466e-16,0.5735764363510463,-1.822601440459987e-16,0.9999999999999997,-1.3237637900034318e-17,-0.5735764363510458,1.8518299277763825e-16,0.8191520442889917
158,1,G:/S1/USA/2026-02-24_16-21-11snow/camera/left/1771971794396658176.jpg,yaw_pos_35,1,574,D:\mipmap-lite\1fad9647-f717-4cd4-9391-11f219d7e5d1\snow\snow-20260827\result/.temp/undistort/574.jpg,0.0,1456,2912,1039.691749,728.0,1456.0,0.8191520442889918,-8.21111159252742e-17,0.5735764363510462,-1.269009815102307e-16,1.0000000000000002,-1.0277305443217231e-16,-0.573576436351046,5.956971714085159e-19,0.8191520442889918
13,1,G:/S1/USA/2026-02-24_16-21-11snow/camera/left/1771971721892209152.jpg,yaw_pos_35,1,589,D:\mipmap-lite\1fad9647-f717-4cd4-9391-11f219d7e5d1\snow\snow-20260827\result/.temp/undistort/589.jpg,0.0,1456,2912,1039.691749,728.0,1456.0,0.8191520442889918,-6.124511888144592e-17,0.5735764363510463,-7.15627503857554e-17,1.0,-5.365191036340743e-17,-0.5735764363510459,-1.2649661135678135e-17,0.8191520442889917
129,1,G:/S1/USA/2026-02-24_16-21-11snow/camera/left/1771971779895808000.jpg,yaw_pos_35,1,582,D:\mipmap-lite\1fad9647-f717-4cd4-9391-11f219d7e5d1\snow\snow-20260827\result/.temp/undistort/582.jpg,0.0,1456,2912,1039.691749,728.0,1456.0,0.8191520442889922,8.333262082451223e-19,0.5735764363510463,-2.079800924325874e-17,1.0000000000000004,5.139821057577281e-17,-0.5735764363510462,3.350862600869021e-17,0.8191520442889921
101,1,G:/S1/USA/2026-02-24_16-21-11snow/camera/left/1771971765894939136.jpg,yaw_pos_35,1,607,D:\mipmap-lite\1fad9647-f717-4cd4-9391-11f219d7e5d1\snow\snow-20260827\result/.temp/undistort/607.jpg,0.0,1456,2912,1039.691749,728.0,1456.0,0.8191520442889917,-2.0673107927925162e-16,0.5735764363510462,-2.8325686892214105e-16,0.9999999999999999,-2.2237603360487977e-17,-0.5735764363510457,1.0614353288414976e-16,0.8191520442889917
42,1,G:/S1/USA/2026-02-24_16-21-11snow/camera/left/1771971736393105920.jpg,yaw_pos_35,1,602,D:\mipmap-lite\1fad9647-f717-4cd4-9391-11f219d7e5d1\snow\snow-20260827\result/.temp/undistort/602.jpg,0.0,1456,2912,1039.691749,728.0,1456.0,0.8191520442889919,-1.1260355544075956e-17,0.5735764363510462,-4.17356711125432e-18,1.0,-6.689964474556406e-17,-0.5735764363510459,-7.107157189766534e-17,0.8191520442889919
71,1,G:/S1/USA/2026-02-24_16-21-11snow/camera/left/1771971750894003200.jpg,yaw_pos_35,1,604,D:\mipmap-lite\1fad9647-f717-4cd4-9391-11f219d7e5d1\snow\snow-20260827\result/.temp/undistort/604.jpg,0.0,1456,2912,1039.691749,728.0,1456.0,0.8191520442889919,2.6670169613772608e-17,0.5735764363510459,2.4027991384750573e-17,1.0,1.699701310566792e-16,-0.5735764363510462,7.809082573871468e-17,0.8191520442889918
159,1,G:/S1/USA/2026-02-24_16-21-11snow/camera/left/1771971794896687104.jpg,yaw_pos_35,1,617,D:\mipmap-lite\1fad9647-f717-4cd4-9391-11f219d7e5d1\snow\snow-20260827\result/.temp/undistort/617.jpg,0.0,1456,2912,1039.691749,728.0,1456.0,0.8191520442889917,-1.0069260718113304e-16,0.5735764363510463,1.3348862783792679e-17,1.0000000000000002,-1.6814711680931947e-16,-0.5735764363510459,-1.5016595881551507e-16,0.819152044288992
14,1,G:/S1/USA/2026-02-24_16-21-11snow/camera/left/1771971722392210944.jpg,yaw_pos_35,1,635,D:\mipmap-lite\1fad9647-f717-4cd4-9391-11f219d7e5d1\snow\snow-20260827\result/.temp/undistort/635.jpg,0.0,1456,2912,1039.691749,728.0,1456.0,0.8191520442889916,3.491727726140451e-17,0.5735764363510459,3.2560283846051806e-17,0.9999999999999999,2.037583213367502e-17,-0.5735764363510459,-1.900552987776063e-18,0.8191520442889916
130,1,G:/S1/USA/2026-02-24_16-21-11snow/camera/left/1771971780395800064.jpg,yaw_pos_35,1,631,D:\mipmap-lite\1fad9647-f717-4cd4-9391-11f219d7e5d1\snow\snow-20260827\result/.temp/undistort/631.jpg,0.0,1456,2912,1039.691749,728.0,1456.0,0.819152044288992,1.1629039637780837e-17,0.573576436351046,3.486654925468845e-17,1.0,8.83247063600859e-18,-0.5735764363510462,3.913363811909039e-17,0.8191520442889919
102,1,G:/S1/USA/2026-02-24_16-21-11snow/camera/left/1771971766394965248.jpg,yaw_pos_35,1,646,D:\mipmap-lite\1fad9647-f717-4cd4-9391-11f219d7e5d1\snow\snow-20260827\result/.temp/undistort/646.jpg,0.0,1456,2912,1039.691749,728.0,1456.0,0.8191520442889915,-1.5687834366960378e-16,0.5735764363510462,-2.0100389102843338e-16,0.9999999999999999,7.065958930357315e-17,-0.5735764363510456,1.9022208322071213e-16,0.8191520442889919
43,1,G:/S1/USA/2026-02-24_16-21-11snow/camera/left/1771971736893157888.jpg,yaw_pos_35,1,648,D:\mipmap-lite\1fad9647-f717-4cd4-9391-11f219d7e5d1\snow\snow-20260827\result/.temp/undistort/648.jpg,0.0,1456,2912,1039.691749,728.0,1456.0,0.8191520442889915,2.275022367146031e-16,0.5735764363510456,1.6914994363491408e-17,0.9999999999999996,3.769842375567548e-16,-0.5735764363510459,2.879576192110602e-16,0.8191520442889914
72,1,G:/S1/USA/2026-02-24_16-21-11snow/camera/left/1771971751394077184.jpg,yaw_pos_35,1,663,D:\mipmap-lite\1fad9647-f717-4cd4-9391-11f219d7e5d1\snow\snow-20260827\result/.temp/undistort/663.jpg,0.0,1456,2912,1039.691749,728.0,1456.0,0.8191520442889917,-1.8924151359756497e-16,0.573576436351046,-3.367543279453833e-16,0.9999999999999997,2.2232828386782298e-17,-0.5735764363510458,2.4678186435579464e-16,0.8191520442889917
15,1,G:/S1/USA/2026-02-24_16-21-11snow/camera/left/1771971722892271872.jpg,yaw_pos_35,1,669,D:\mipmap-lite\1fad9647-f717-4cd4-9391-11f219d7e5d1\snow\snow-20260827\result/.temp/undistort/669.jpg,0.0,1456,2912,1039.691749,728.0,1456.0,0.8191520442889918,-2.994079665488321e-17,0.5735764363510462,-7.594070866055035e-18,1.0000000000000002,6.610686994385911e-18,-0.5735764363510462,-4.135527813489904e-17,0.8191520442889919
160,1,G:/S1/USA/2026-02-24_16-21-11snow/camera/left/1771971795396774912.jpg,yaw_pos_35,1,670,D:\mipmap-lite\1fad9647-f717-4cd4-9391-11f219d7e5d1\snow\snow-20260827\result/.temp/undistort/670.jpg,0.0,1456,2912,1039.691749,728.0,1456.0,0.8191520442889916,-2.811440615739379e-17,0.5735764363510459,-4.4198233348947547e-17,0.9999999999999999,5.816782100523334e-17,-0.5735764363510459,9.57744353117927e-17,0.8191520442889916
131,1,G:/S1/USA/2026-02-24_16-21-11snow/camera/left/1771971780895830272.jpg,yaw_pos_35,1,677,D:\mipmap-lite\1fad9647-f717-4cd4-9391-11f219d7e5d1\snow\snow-20260827\result/.temp/undistort/677.jpg,0.0,1456,2912,1039.691749,728.0,1456.0,0.8191520442889917,2.0354603300542695e-16,0.5735764363510459,1.440489634811882e-16,0.9999999999999998,9.32455964117449e-17,-0.5735764363510459,1.6000698011924957e-17,0.8191520442889918
103,1,G:/S1/USA/2026-02-24_16-21-11snow/camera/left/1771971766894998016.jpg,yaw_pos_35,1,696,D:\mipmap-lite\1fad9647-f717-4cd4-9391-11f219d7e5d1\snow\snow-20260827\result/.temp/undistort/696.jpg,0.0,1456,2912,1039.691749,728.0,1456.0,0.8191520442889916,-4.081068145239182e-17,0.573576436351046,-1.7013857015655428e-17,1.0,-2.9753325966073684e-17,-0.5735764363510459,1.3801924276807258e-17,0.8191520442889918
44,1,G:/S1/USA/2026-02-24_16-21-11snow/camera/left/1771971737393171200.jpg,yaw_pos_35,1,698,D:\mipmap-lite\1fad9647-f717-4cd4-9391-11f219d7e5d1\snow\snow-20260827\result/.temp/undistort/698.jpg,0.0,1456,2912,1039.691749,728.0,1456.0,0.819152044288992,-2.1427835347996532e-16,0.5735764363510462,-1.4562818049707348e-16,1.0000000000000002,-2.2322014013225123e-16,-0.5735764363510462,-9.544815423942423e-17,0.8191520442889918
161,1,G:/S1/USA/2026-02-24_16-21-11snow/camera/left/1771971795896750080.jpg,yaw_pos_35,1,707,D:\mipmap-lite\1fad9647-f717-4cd4-9391-11f219d7e5d1\snow\snow-20260827\result/.temp/undistort/707.jpg,0.0,1456,2912,1039.691749,728.0,1456.0,0.819152044288992,-9.041925049902777e-17,0.5735764363510463,-2.0452769549362923e-17,1.0000000000000002,-8.904234389242892e-17,-0.5735764363510463,-5.619202220970944e-17,0.819152044288992
73,1,G:/S1/USA/2026-02-24_16-21-11snow/camera/left/1771971751894056192.jpg,yaw_pos_35,1,713,D:\mipmap-lite\1fad9647-f717-4cd4-9391-11f219d7e5d1\snow\snow-20260827\result/.temp/undistort/713.jpg,0.0,1456,2912,1039.691749,728.0,1456.0,0.819152044288992,2.6317599383061823e-16,0.5735764363510459,4.157950607764672e-16,1.0000000000000004,-2.0415078635048868e-16,-0.5735764363510463,-4.13576626972563e-16,0.8191520442889918
132,1,G:/S1/USA/2026-02-24_16-21-11snow/camera/left/1771971781395859968.jpg,yaw_pos_35,1,722,D:\mipmap-lite\1fad9647-f717-4cd4-9391-11f219d7e5d1\snow\snow-20260827\result/.temp/undistort/722.jpg,0.0,1456,2912,1039.691749,728.0,1456.0,0.8191520442889917,2.2140389227733898e-16,0.5735764363510459,1.6649270571227205e-16,1.0,1.551262553687936e-16,-0.573576436351046,1.3893194394116516e-17,0.8191520442889918
16,1,G:/S1/USA/2026-02-24_16-21-11snow/camera/left/1771971723392303104.jpg,yaw_pos_35,1,724,D:\mipmap-lite\1fad9647-f717-4cd4-9391-11f219d7e5d1\snow\snow-20260827\result/.temp/undistort/724.jpg,0.0,1456,2912,1039.691749,728.0,1456.0,0.8191520442889917,1.78119272802562e-17,0.5735764363510458,3.43165672545607e-17,0.9999999999999998,4.1490076156942266e-18,-0.5735764363510462,-3.540333654173359e-17,0.8191520442889917
162,1,G:/S1/USA/2026-02-24_16-21-11snow/camera/left/1771971796396781056.jpg,yaw_pos_35,1,746,D:\mipmap-lite\1fad9647-f717-4cd4-9391-11f219d7e5d1\snow\snow-20260827\result/.temp/undistort/746.jpg,0.0,1456,2912,1039.691749,728.0,1456.0,0.8191520442889918,-5.465131922335162e-18,0.573576436351046,1.3080319080735012e-17,1.0,2.025566067020141e-17,-0.5735764363510459,8.183582434250286e-18,0.8191520442889916
104,1,G:/S1/USA/2026-02-24_16-21-11snow/camera/left/1771971767394990080.jpg,yaw_pos_35,1,748,D:\mipmap-lite\1fad9647-f717-4cd4-9391-11f219d7e5d1\snow\snow-20260827\result/.temp/undistort/748.jpg,0.0,1456,2912,1039.691749,728.0,1456.0,0.8191520442889919,1.402951265514284e-16,0.573576436351046,1.5093196169086149e-16,1.0000000000000002,1.1170322819945445e-16,-0.5735764363510464,-2.824616209745842e-17,0.819152044288992
45,1,G:/S1/USA/2026-02-24_16-21-11snow/camera/left/1771971737893216256.jpg,yaw_pos_35,1,751,D:\mipmap-lite\1fad9647-f717-4cd4-9391-11f219d7e5d1\snow\snow-20260827\result/.temp/undistort/751.jpg,0.0,1456,2912,1039.691749,728.0,1456.0,0.8191520442889916,-1.543837991147325e-16,0.5735764363510459,-9.110259193944395e-17,0.9999999999999998,-1.1852227181925673e-16,-0.573576436351046,-1.635748540195158e-17,0.8191520442889918
17,1,G:/S1/USA/2026-02-24_16-21-11snow/camera/left/1771971723892356096.jpg,yaw_pos_35,1,767,D:\mipmap-lite\1fad9647-f717-4cd4-9391-11f219d7e5d1\snow\snow-20260827\result/.temp/undistort/767.jpg,0.0,1456,2912,1039.691749,728.0,1456.0,0.8191520442889918,-4.764961372924247e-18,0.5735764363510459,3.8177855487642975e-17,1.0000000000000002,1.3635001461276917e-17,-0.5735764363510462,-8.314218629009375e-18,0.8191520442889919
74,1,G:/S1/USA/2026-02-24_16-21-11snow/camera/left/1771971752394096128.jpg,yaw_pos_35,1,768,D:\mipmap-lite\1fad9647-f717-4cd4-9391-11f219d7e5d1\snow\snow-20260827\result/.temp/undistort/768.jpg,0.0,1456,2912,1039.691749,728.0,1456.0,0.8191520442889919,1.6906493028412505e-16,0.5735764363510458,4.404056089024306e-16,1.0000000000000004,-2.1087433946241328e-16,-0.5735764363510466,-4.81704454918286e-16,0.8191520442889921
133,1,G:/S1/USA/2026-02-24_16-21-11snow/camera/left/1771971781895892224.jpg,yaw_pos_35,1,772,D:\mipmap-lite\1fad9647-f717-4cd4-9391-11f219d7e5d1\snow\snow-20260827\result/.temp/undistort/772.jpg,0.0,1456,2912,1039.691749,728.0,1456.0,0.8191520442889919,1.1190703962117412e-16,0.573576436351046,1.6397663569388725e-16,1.0,5.977269734367743e-17,-0.5735764363510462,-1.0465840151872698e-17,0.8191520442889918
163,1,G:/S1/USA/2026-02-24_16-21-11snow/camera/left/1771971796896843008.jpg,yaw_pos_35,1,795,D:\mipmap-lite\1fad9647-f717-4cd4-9391-11f219d7e5d1\snow\snow-20260827\result/.temp/undistort/795.jpg,0.0,1456,2912,1039.691749,728.0,1456.0,0.8191520442889916,-6.057196981285079e-17,0.573576436351046,-3.460687251004196e-17,1.0000000000000002,-1.0210844680592969e-16,-0.5735764363510462,-3.48678543213549e-17,0.8191520442889919
46,1,G:/S1/USA/2026-02-24_16-21-11snow/camera/left/1771971738393236992.jpg,yaw_pos_35,1,797,D:\mipmap-lite\1fad9647-f717-4cd4-9391-11f219d7e5d1\snow\snow-20260827\result/.temp/undistort/797.jpg,0.0,1456,2912,1039.691749,728.0,1456.0,0.8191520442889917,-8.887401488521151e-17,0.5735764363510462,-1.9736410513345324e-17,1.0000000000000002,-1.9117117829393283e-16,-0.5735764363510463,-1.1062594469262387e-16,0.8191520442889921
105,1,G:/S1/USA/2026-02-24_16-21-11snow/camera/left/1771971767895051008.jpg,yaw_pos_35,1,801,D:\mipmap-lite\1fad9647-f717-4cd4-9391-11f219d7e5d1\snow\snow-20260827\result/.temp/undistort/801.jpg,0.0,1456,2912,1039.691749,728.0,1456.0,0.819152044288992,-3.1484374960835e-18,0.573576436351046,-4.239513239629866e-17,1.0,-1.7641710876517023e-18,-0.5735764363510463,2.786045758028272e-17,0.8191520442889918
134,1,G:/S1/USA/2026-02-24_16-21-11snow/camera/left/1771971782395972864.jpg,yaw_pos_35,1,805,D:\mipmap-lite\1fad9647-f717-4cd4-9391-11f219d7e5d1\snow\snow-20260827\result/.temp/undistort/805.jpg,0.0,1456,2912,1039.691749,728.0,1456.0,0.8191520442889917,6.22072491578812e-17,0.573576436351046,4.811141537941394e-17,0.9999999999999999,-3.4579774796579375e-17,-0.573576436351046,-9.4184951243043e-17,0.8191520442889919
75,1,G:/S1/USA/2026-02-24_16-21-11snow/camera/left/1771971752894090240.jpg,yaw_pos_35,1,814,D:\mipmap-lite\1fad9647-f717-4cd4-9391-11f219d7e5d1\snow\snow-20260827\result/.temp/undistort/814.jpg,0.0,1456,2912,1039.691749,728.0,1456.0,0.8191520442889919,1.1446220697584656e-16,0.573576436351046,2.092132767221022e-16,1.0000000000000002,-1.678910999523895e-16,-0.5735764363510463,-2.3860577612978407e-16,0.8191520442889918
18,1,G:/S1/USA/2026-02-24_16-21-11snow/camera/left/1771971724392369920.jpg,yaw_pos_35,1,821,D:\mipmap-lite\1fad9647-f717-4cd4-9391-11f219d7e5d1\snow\snow-20260827\result/.temp/undistort/821.jpg,0.0,1456,2912,1039.691749,728.0,1456.0,0.8191520442889922,-1.0586676675847859e-16,0.5735764363510462,-8.786888199399728e-17,1.0000000000000004,-1.0009876992721333e-16,-0.5735764363510462,1.0908748762881573e-17,0.8191520442889919
47,1,G:/S1/USA/2026-02-24_16-21-11snow/camera/left/1771971738893228032.jpg,yaw_pos_35,1,835,D:\mipmap-lite\1fad9647-f717-4cd4-9391-11f219d7e5d1\snow\snow-20260827\result/.temp/undistort/835.jpg,0.0,1456,2912,1039.691749,728.0,1456.0,0.8191520442889917,2.2408654810626997e-16,0.5735764363510458,9.925166377360763e-17,0.9999999999999997,2.5246055170265313e-16,-0.5735764363510462,1.7889899154139708e-16,0.8191520442889916
164,1,G:/S1/USA/2026-02-24_16-21-11snow/camera/left/1771971797396843008.jpg,yaw_pos_35,1,848,D:\mipmap-lite\1fad9647-f717-4cd4-9391-11f219d7e5d1\snow\snow-20260827\result/.temp/undistort/848.jpg,0.0,1456,2912,1039.691749,728.0,1456.0,0.8191520442889918,4.1191235221807136e-17,0.573576436351046,-4.366523488808701e-17,1.0000000000000002,-4.587732930242081e-18,-0.573576436351046,1.780426670110738e-17,0.8191520442889918
106,1,G:/S1/USA/2026-02-24_16-21-11snow/camera/left/1771971768395051008.jpg,yaw_pos_35,1,849,D:\mipmap-lite\1fad9647-f717-4cd4-9391-11f219d7e5d1\snow\snow-20260827\result/.temp/undistort/849.jpg,0.0,1456,2912,1039.691749,728.0,1456.0,0.819152044288992,8.78887516571786e-17,0.5735764363510462,1.5320780129793861e-16,1.0,-5.982363974521871e-17,-0.5735764363510462,-8.602240523715396e-17,0.8191520442889919
135,1,G:/S1/USA/2026-02-24_16-21-11snow/camera/left/1771971782895953152.jpg,yaw_pos_35,1,861,D:\mipmap-lite\1fad9647-f717-4cd4-9391-11f219d7e5d1\snow\snow-20260827\result/.temp/undistort/861.jpg,0.0,1456,2912,1039.691749,728.0,1456.0,0.8191520442889918,6.708315022887156e-17,0.5735764363510458,1.0241121138262832e-16,0.9999999999999998,3.0820775189490445e-17,-0.573576436351046,-3.38411051871593e-17,0.8191520442889918
76,1,G:/S1/USA/2026-02-24_16-21-11snow/camera/left/1771971753394169088.jpg,yaw_pos_35,1,864,D:\mipmap-lite\1fad9647-f717-4cd4-9391-11f219d7e5d1\snow\snow-20260827\result/.temp/undistort/864.jpg,0.0,1456,2912,1039.691749,728.0,1456.0,0.8191520442889919,-1.695062612982818e-17,0.5735764363510462,-9.15864076045025e-17,0.9999999999999998,-8.69498399145069e-18,-0.5735764363510459,4.737656688048487e-17,0.8191520442889917
19,1,G:/S1/USA/2026-02-24_16-21-11snow/camera/left/1771971724892369920.jpg,yaw_pos_35,1,870,D:\mipmap-lite\1fad9647-f717-4cd4-9391-11f219d7e5d1\snow\snow-20260827\result/.temp/undistort/870.jpg,0.0,1456,2912,1039.691749,728.0,1456.0,0.8191520442889918,-2.3645640516646887e-17,0.5735764363510459,-1.1552816157446077e-17,1.0000000000000002,2.6994451854325973e-18,-0.573576436351046,9.310239390410281e-18,0.8191520442889918
165,1,G:/S1/USA/2026-02-24_16-21-11snow/camera/left/1771971797896913152.jpg,yaw_pos_35,1,886,D:\mipmap-lite\1fad9647-f717-4cd4-9391-11f219d7e5d1\snow\snow-20260827\result/.temp/undistort/886.jpg,0.0,1456,2912,1039.691749,728.0,1456.0,0.8191520442889919,6.457888498990705e-18,0.5735764363510462,1.8505078219405754e-17,0.9999999999999999,2.5174395017921442e-17,-0.573576436351046,1.5285248357442827e-17,0.8191520442889919
48,1,G:/S1/USA/2026-02-24_16-21-11snow/camera/left/1771971739393291008.jpg,yaw_pos_35,1,890,D:\mipmap-lite\1fad9647-f717-4cd4-9391-11f219d7e5d1\snow\snow-20260827\result/.temp/undistort/890.jpg,0.0,1456,2912,1039.691749,728.0,1456.0,0.8191520442889917,4.726777164678876e-18,0.5735764363510458,-5.08586649255072e-17,0.9999999999999997,1.1266138357941185e-16,-0.5735764363510459,1.0484335722998475e-16,0.8191520442889914
107,1,G:/S1/USA/2026-02-24_16-21-11snow/camera/left/1771971768895080960.jpg,yaw_pos_35,1,900,D:\mipmap-lite\1fad9647-f717-4cd4-9391-11f219d7e5d1\snow\snow-20260827\result/.temp/undistort/900.jpg,0.0,1456,2912,1039.691749,728.0,1456.0,0.8191520442889911,-5.950752588282904e-17,0.5735764363510457,-1.0354596485463289e-16,0.9999999999999998,8.217700925265542e-17,-0.5735764363510457,9.497997675384435e-17,0.8191520442889917
20,1,G:/S1/USA/2026-02-24_16-21-11snow/camera/left/1771971725392425984.jpg,yaw_pos_35,1,915,D:\mipmap-lite\1fad9647-f717-4cd4-9391-11f219d7e5d1\snow\snow-20260827\result/.temp/undistort/915.jpg,0.0,1456,2912,1039.691749,728.0,1456.0,0.8191520442889925,-1.4548104671726328e-16,0.5735764363510464,-1.4062235900256661e-16,1.0000000000000002,-1.0528186554906772e-16,-0.5735764363510464,-1.7613817747238688e-17,0.819152044288992
77,1,G:/S1/USA/2026-02-24_16-21-11snow/camera/left/1771971753894149120.jpg,yaw_pos_35,1,916,D:\mipmap-lite\1fad9647-f717-4cd4-9391-11f219d7e5d1\snow\snow-20260827\result/.temp/undistort/916.jpg,0.0,1456,2912,1039.691749,728.0,1456.0,0.8191520442889917,1.0825060807552062e-17,0.5735764363510459,1.549554470871973e-16,1.0,-3.8074195158879235e-17,-0.573576436351046,-1.2701982594524065e-16,0.819152044288992
136,1,G:/S1/USA/2026-02-24_16-21-11snow/camera/left/1771971783395984128.jpg,yaw_pos_35,1,917,D:\mipmap-lite\1fad9647-f717-4cd4-9391-11f219d7e5d1\snow\snow-20260827\result/.temp/undistort/917.jpg,0.0,1456,2912,1039.691749,728.0,1456.0,0.819152044288992,-8.897172402258732e-17,0.5735764363510463,-7.487462528239559e-17,1.0000000000000002,-1.441349721286281e-17,-0.573576436351046,-3.55169764433691e-17,0.8191520442889918
49,1,G:/S1/USA/2026-02-24_16-21-11snow/camera/left/1771971739893334272.jpg,yaw_pos_35,1,938,D:\mipmap-lite\1fad9647-f717-4cd4-9391-11f219d7e5d1\snow\snow-20260827\result/.temp/undistort/938.jpg,0.0,1456,2912,1039.691749,728.0,1456.0,0.8191520442889918,-5.4558993559679703e-17,0.5735764363510463,1.765986543917984e-16,1.0000000000000007,-4.2948097269408794e-16,-0.5735764363510462,-4.520424708069182e-16,0.8191520442889922
166,1,G:/S1/USA/2026-02-24_16-21-11snow/camera/left/1771971798396932096.jpg,yaw_pos_35,1,940,D:\mipmap-lite\1fad9647-f717-4cd4-9391-11f219d7e5d1\snow\snow-20260827\result/.temp/undistort/940.jpg,0.0,1456,2912,1039.691749,728.0,1456.0,0.8191520442889919,-1.0125745595236281e-16,0.5735764363510462,-1.0181138100512409e-16,1.0,-4.1728542802176516e-17,-0.573576436351046,-2.78645563243116e-17,0.8191520442889918
108,1,G:/S1/USA/2026-02-24_16-21-11snow/camera/left/1771971769395164928.jpg,yaw_pos_35,1,942,D:\mipmap-lite\1fad9647-f717-4cd4-9391-11f219d7e5d1\snow\snow-20260827\result/.temp/undistort/942.jpg,0.0,1456,2912,1039.691749,728.0,1456.0,0.8191520442889919,9.385301744778092e-17,0.573576436351046,1.1376139540847735e-16,0.9999999999999998,-2.672260549498556e-17,-0.5735764363510462,-4.2038125674581664e-17,0.8191520442889918
137,1,G:/S1/USA/2026-02-24_16-21-11snow/camera/left/1771971783896015104.jpg,yaw_pos_35,1,955,D:\mipmap-lite\1fad9647-f717-4cd4-9391-11f219d7e5d1\snow\snow-20260827\result/.temp/undistort/955.jpg,0.0,1456,2912,1039.691749,728.0,1456.0,0.8191520442889916,2.945693192195295e-17,0.5735764363510458,9.711800359633439e-18,0.9999999999999997,8.18547827521171e-17,-0.5735764363510458,6.10099194773993e-18,0.8191520442889916
78,1,G:/S1/USA/2026-02-24_16-21-11snow/camera/left/1771971754394248960.jpg,yaw_pos_35,1,967,D:\mipmap-lite\1fad9647-f717-4cd4-9391-11f219d7e5d1\snow\snow-20260827\result/.temp/undistort/967.jpg,0.0,1456,2912,1039.691749,728.0,1456.0,0.8191520442889917,-1.3324558865784552e-16,0.5735764363510463,-2.825513199979114e-16,0.9999999999999998,2.541489637413878e-16,-0.5735764363510458,3.124147684448635e-16,0.8191520442889918
21,1,G:/S1/USA/2026-02-24_16-21-11snow/camera/left/1771971725892430080.jpg,yaw_pos_35,1,973,D:\mipmap-lite\1fad9647-f717-4cd4-9391-11f219d7e5d1\snow\snow-20260827\result/.temp/undistort/973.jpg,0.0,1456,2912,1039.691749,728.0,1456.0,0.8191520442889919,9.403787035582127e-18,0.5735764363510462,-1.3778240554423433e-17,1.0000000000000002,-1.5989937401108503e-17,-0.573576436351046,1.697579031211071e-18,0.8191520442889919
50,1,G:/S1/USA/2026-02-24_16-21-11snow/camera/left/1771971740393352960.jpg,yaw_pos_35,1,981,D:\mipmap-lite\1fad9647-f717-4cd4-9391-11f219d7e5d1\snow\snow-20260827\result/.temp/undistort/981.jpg,0.0,1456,2912,1039.691749,728.0,1456.0,0.8191520442889918,-9.870917729468626e-17,0.5735764363510464,-1.984392686634218e-17,1.0000000000000004,-1.7051245590701022e-16,-0.5735764363510462,-1.2142595642166187e-16,0.8191520442889922
109,1,G:/S1/USA/2026-02-24_16-21-11snow/camera/left/1771971769895145216.jpg,yaw_pos_35,1,992,D:\mipmap-lite\1fad9647-f717-4cd4-9391-11f219d7e5d1\snow\snow-20260827\result/.temp/undistort/992.jpg,0.0,1456,2912,1039.691749,728.0,1456.0,0.8191520442889915,9.671519488893139e-17,0.573576436351046,7.033702825093419e-17,1.0000000000000002,3.632785463273567e-17,-0.5735764363510458,2.3321426725834357e-17,0.8191520442889918
138,1,G:/S1/USA/2026-02-24_16-21-11snow/camera/left/1771971784396047104.jpg,yaw_pos_35,1,996,D:\mipmap-lite\1fad9647-f717-4cd4-9391-11f219d7e5d1\snow\snow-20260827\result/.temp/undistort/996.jpg,0.0,1456,2912,1039.691749,728.0,1456.0,0.8191520442889917,8.982478666361513e-18,0.5735764363510459,3.620934320696608e-17,0.9999999999999999,4.2671007441218463e-17,-0.573576436351046,3.827046140000817e-17,0.8191520442889917
167,1,G:/S1/USA/2026-02-24_16-21-11snow/camera/left/1771971798896975104.jpg,yaw_pos_35,1,997,D:\mipmap-lite\1fad9647-f717-4cd4-9391-11f219d7e5d1\snow\snow-20260827\result/.temp/undistort/997.jpg,0.0,1456,2912,1039.691749,728.0,1456.0,0.8191520442889919,-1.3510268688876207e-17,0.5735764363510462,2.778414201129825e-17,1.0000000000000002,-1.0869514547678971e-16,-0.573576436351046,-4.488349227342698e-17,0.8191520442889918
79,1,G:/S1/USA/2026-02-24_16-21-11snow/camera/left/1771971754894260224.jpg,yaw_pos_35,1,1012,D:\mipmap-lite\1fad9647-f717-4cd4-9391-11f219d7e5d1\snow\snow-20260827\result/.temp/undistort/1012.jpg,0.0,1456,2912,1039.691749,728.0,1456.0,0.8191520442889915,-3.3110296730374004e-16,0.5735764363510463,-5.199724443132781e-16,0.9999999999999994,2.651463639788386e-16,-0.5735764363510453,4.892158749670172e-16,0.8191520442889912
22,1,G:/S1/USA/2026-02-24_16-21-11snow/camera/left/1771971726392516096.jpg,yaw_pos_35,1,1019,D:\mipmap-lite\1fad9647-f717-4cd4-9391-11f219d7e5d1\snow\snow-20260827\result/.temp/undistort/1019.jpg,0.0,1456,2912,1039.691749,728.0,1456.0,0.8191520442889918,7.703112523597215e-17,0.573576436351046,5.367386417576138e-17,1.0000000000000002,2.711285532245724e-18,-0.573576436351046,2.4717684973598214e-18,0.8191520442889917
51,1,G:/S1/USA/2026-02-24_16-21-11snow/camera/left/1771971740893403136.jpg,yaw_pos_35,1,1020,D:\mipmap-lite\1fad9647-f717-4cd4-9391-11f219d7e5d1\snow\snow-20260827\result/.temp/undistort/1020.jpg,0.0,1456,2912,1039.691749,728.0,1456.0,0.8191520442889918,-6.332912236048541e-17,0.573576436351046,1.2193540176063746e-16,1.0000000000000002,-2.891770446100937e-16,-0.5735764363510459,-2.920214513629506e-16,0.8191520442889918
110,1,G:/S1/USA/2026-02-24_16-21-11snow/camera/left/1771971770395174144.jpg,yaw_pos_35,1,1038,D:\mipmap-lite\1fad9647-f717-4cd4-9391-11f219d7e5d1\snow\snow-20260827\result/.temp/undistort/1038.jpg,0.0,1456,2912,1039.691749,728.0,1456.0,0.8191520442889921,-9.362281405062682e-17,0.573576436351046,4.52985975786627e-17,1.0,-1.2339079838650968e-16,-0.5735764363510464,-9.60566321782265e-17,0.8191520442889919
168,1,G:/S1/USA/2026-02-24_16-21-11snow/camera/left/1771971799396962048.jpg,yaw_pos_35,1,1047,D:\mipmap-lite\1fad9647-f717-4cd4-9391-11f219d7e5d1\snow\snow-20260827\result/.temp/undistort/1047.jpg,0.0,1456,2912,1039.691749,728.0,1456.0,0.8191520442889918,-3.18593307719321e-17,0.5735764363510459,-4.420347360399989e-17,1.0,-2.2193855071085553e-17,-0.5735764363510459,-3.353824267642292e-17,0.8191520442889916
139,1,G:/S1/USA/2026-02-24_16-21-11snow/camera/left/1771971784896080896.jpg,yaw_pos_35,1,1058,D:\mipmap-lite\1fad9647-f717-4cd4-9391-11f219d7e5d1\snow\snow-20260827\result/.temp/undistort/1058.jpg,0.0,1456,2912,1039.691749,728.0,1456.0,0.8191520442889921,-9.28093167432458e-17,0.5735764363510462,-1.6188217993172654e-16,1.0000000000000004,-1.3251438794129383e-16,-0.5735764363510465,6.675301302839316e-17,0.8191520442889922
23,1,G:/S1/USA/2026-02-24_16-21-11snow/camera/left/1771971726892492032.jpg,yaw_pos_35,1,1063,D:\mipmap-lite\1fad9647-f717-4cd4-9391-11f219d7e5d1\snow\snow-20260827\result/.temp/undistort/1063.jpg,0.0,1456,2912,1039.691749,728.0,1456.0,0.8191520442889919,-5.198202432208134e-17,0.573576436351046,-6.604568573351408e-17,1.0000000000000002,2.199096824792502e-17,-0.5735764363510462,6.850332406368711e-18,0.8191520442889919
52,1,G:/S1/USA/2026-02-24_16-21-11snow/camera/left/1771971741393437184.jpg,yaw_pos_35,1,1066,D:\mipmap-lite\1fad9647-f717-4cd4-9391-11f219d7e5d1\snow\snow-20260827\result/.temp/undistort/1066.jpg,0.0,1456,2912,1039.691749,728.0,1456.0,0.8191520442889919,-2.336354779097211e-17,0.573576436351046,6.911405140618865e-17,1.0000000000000002,-1.1445899595707575e-16,-0.5735764363510462,-1.179882997184708e-16,0.8191520442889918
80,1,G:/S1/USA/2026-02-24_16-21-11snow/camera/left/1771971755394284032.jpg,yaw_pos_35,1,1071,D:\mipmap-lite\1fad9647-f717-4cd4-9391-11f219d7e5d1\snow\snow-20260827\result/.temp/undistort/1071.jpg,0.0,1456,2912,1039.691749,728.0,1456.0,0.8191520442889918,-6.697219263233198e-17,0.5735764363510459,-1.3073868979422134e-16,1.0,7.420937168014242e-17,-0.5735764363510459,4.973961922496666e-17,0.8191520442889915
169,1,G:/S1/USA/2026-02-24_16-21-11snow/camera/left/1771971799897065216.jpg,yaw_pos_35,1,1091,D:\mipmap-lite\1fad9647-f717-4cd4-9391-11f219d7e5d1\snow\snow-20260827\result/.temp/undistort/1091.jpg,0.0,1456,2912,1039.691749,728.0,1456.0,0.8191520442889917,2.0716697500843452e-16,0.5735764363510457,9.240059326693712e-17,0.9999999999999997,2.871543720458375e-16,-0.5735764363510458,1.5014342993560093e-16,0.8191520442889914
140,1,G:/S1/USA/2026-02-24_16-21-11snow/camera/left/1771971785396166144.jpg,yaw_pos_35,1,1096,D:\mipmap-lite\1fad9647-f717-4cd4-9391-11f219d7e5d1\snow\snow-20260827\result/.temp/undistort/1096.jpg,0.0,1456,2912,1039.691749,728.0,1456.0,0.8191520442889918,1.4156779239095882e-16,0.573576436351046,8.005024413753154e-17,1.0,4.9652953895907554e-17,-0.573576436351046,-6.653029641318914e-18,0.8191520442889917
111,1,G:/S1/USA/2026-02-24_16-21-11snow/camera/left/1771971770895256064.jpg,yaw_pos_35,1,1097,D:\mipmap-lite\1fad9647-f717-4cd4-9391-11f219d7e5d1\snow\snow-20260827\result/.temp/undistort/1097.jpg,0.0,1456,2912,1039.691749,728.0,1456.0,0.8191520442889918,4.046163999376176e-17,0.573576436351046,4.754812724562855e-17,1.0,9.111556104571771e-17,-0.573576436351046,2.063088293088646e-17,0.8191520442889917
53,1,G:/S1/USA/2026-02-24_16-21-11snow/camera/left/1771971741893411072.jpg,yaw_pos_35,1,1103,D:\mipmap-lite\1fad9647-f717-4cd4-9391-11f219d7e5d1\snow\snow-20260827\result/.temp/undistort/1103.jpg,0.0,1456,2912,1039.691749,728.0,1456.0,0.8191520442889918,-2.1379370365251487e-17,0.5735764363510462,6.598002041366843e-17,1.0,-1.3013688299141461e-16,-0.573576436351046,-1.2681311766921943e-16,0.8191520442889917
24,1,G:/S1/USA/2026-02-24_16-21-11snow/camera/left/1771971727392551168.jpg,yaw_pos_35,1,1117,D:\mipmap-lite\1fad9647-f717-4cd4-9391-11f219d7e5d1\snow\snow-20260827\result/.temp/undistort/1117.jpg,0.0,1456,2912,1039.691749,728.0,1456.0,0.8191520442889917,-2.029938240326808e-17,0.5735764363510459,-3.967049054411811e-17,1.0,3.3616797827292265e-17,-0.573576436351046,4.3551555740230377e-17,0.8191520442889917
81,1,G:/S1/USA/2026-02-24_16-21-11snow/camera/left/1771971755894273024.jpg,yaw_pos_35,1,1123,D:\mipmap-lite\1fad9647-f717-4cd4-9391-11f219d7e5d1\snow\snow-20260827\result/.temp/undistort/1123.jpg,0.0,1456,2912,1039.691749,728.0,1456.0,0.8191520442889918,-1.603634519629479e-16,0.5735764363510462,-2.7061207291289e-16,1.0,6.949344011345855e-17,-0.573576436351046,2.502273808940825e-16,0.8191520442889919
170,1,G:/S1/USA/2026-02-24_16-21-11snow/camera/left/1771971800397076224.jpg,yaw_pos_35,1,1140,D:\mipmap-lite\1fad9647-f717-4cd4-9391-11f219d7e5d1\snow\snow-20260827\result/.temp/undistort/1140.jpg,0.0,1456,2912,1039.691749,728.0,1456.0,0.8191520442889918,-4.285994035952053e-17,0.573576436351046,-8.24497012224838e-17,0.9999999999999999,2.184115577737307e-17,-0.5735764363510459,1.0500630082928583e-16,0.8191520442889918
112,1,G:/S1/USA/2026-02-24_16-21-11snow/camera/left/1771971771395236864.jpg,yaw_pos_35,1,1143,D:\mipmap-lite\1fad9647-f717-4cd4-9391-11f219d7e5d1\snow\snow-20260827\result/.temp/undistort/1143.jpg,0.0,1456,2912,1039.691749,728.0,1456.0,0.8191520442889926,6.237347060383621e-17,0.5735764363510463,9.202212902756594e-17,1.0,-5.278365963690108e-17,-0.5735764363510465,-5.000422645265138e-17,0.819152044288992
141,1,G:/S1/USA/2026-02-24_16-21-11snow/camera/left/1771971785896191232.jpg,yaw_pos_35,1,1154,D:\mipmap-lite\1fad9647-f717-4cd4-9391-11f219d7e5d1\snow\snow-20260827\result/.temp/undistort/1154.jpg,0.0,1456,2912,1039.691749,728.0,1456.0,0.8191520442889918,-9.03421369965582e-17,0.573576436351046,-1.8169348238434194e-16,1.0,-3.18018717021201e-17,-0.5735764363510462,5.3778480106900456e-17,0.8191520442889918
54,1,G:/S1/USA/2026-02-24_16-21-11snow/camera/left/1771971742393441024.jpg,yaw_pos_35,1,1157,D:\mipmap-lite\1fad9647-f717-4cd4-9391-11f219d7e5d1\snow\snow-20260827\result/.temp/undistort/1157.jpg,0.0,1456,2912,1039.691749,728.0,1456.0,0.8191520442889916,1.5970938226024653e-19,0.5735764363510459,3.374798459966658e-16,1.0000000000000007,-4.588920487369505e-16,-0.5735764363510464,-5.648870223511808e-16,0.8191520442889924
25,1,G:/S1/USA/2026-02-24_16-21-11snow/camera/left/1771971727892552192.jpg,yaw_pos_35,1,1166,D:\mipmap-lite\1fad9647-f717-4cd4-9391-11f219d7e5d1\snow\snow-20260827\result/.temp/undistort/1166.jpg,0.0,1456,2912,1039.691749,728.0,1456.0,0.8191520442889919,9.87020941136137e-17,0.5735764363510459,3.3349694737103834e-17,1.0000000000000002,5.414237806653311e-17,-0.5735764363510464,5.601731320966902e-17,0.819152044288992
82,1,G:/S1/USA/2026-02-24_16-21-11snow/camera/left/1771971756394333952.jpg,yaw_pos_35,1,1169,D:\mipmap-lite\1fad9647-f717-4cd4-9391-11f219d7e5d1\snow\snow-20260827\result/.temp/undistort/1169.jpg,0.0,1456,2912,1039.691749,728.0,1456.0,0.8191520442889918,5.600622562988875e-17,0.5735764363510463,6.931526947383192e-17,1.0,-1.9469458087070284e-17,-0.573576436351046,-7.376531599616415e-17,0.8191520442889919
171,1,G:/S1/USA/2026-02-24_16-21-11snow/camera/left/1771971800897055232.jpg,yaw_pos_35,1,1184,D:\mipmap-lite\1fad9647-f717-4cd4-9391-11f219d7e5d1\snow\snow-20260827\result/.temp/undistort/1184.jpg,0.0,1456,2912,1039.691749,728.0,1456.0,0.8191520442889916,-4.545745912663796e-19,0.5735764363510458,-3.0207205744011155e-17,0.9999999999999997,5.921765300338416e-17,-0.573576436351046,1.1799592781313083e-16,0.8191520442889915
113,1,G:/S1/USA/2026-02-24_16-21-11snow/camera/left/1771971771895267840.jpg,yaw_pos_35,1,1186,D:\mipmap-lite\1fad9647-f717-4cd4-9391-11f219d7e5d1\snow\snow-20260827\result/.temp/undistort/1186.jpg,0.0,1456,2912,1039.691749,728.0,1456.0,0.8191520442889924,4.4948881654867896e-18,0.5735764363510464,6.219101823225853e-17,1.0000000000000002,-4.320236125874662e-17,-0.5735764363510463,-3.353290143987821e-17,0.819152044288992
142,1,G:/S1/USA/2026-02-24_16-21-11snow/camera/left/1771971786396219904.jpg,yaw_pos_35,1,1201,D:\mipmap-lite\1fad9647-f717-4cd4-9391-11f219d7e5d1\snow\snow-20260827\result/.temp/undistort/1201.jpg,0.0,1456,2912,1039.691749,728.0,1456.0,0.8191520442889916,1.13709605774575e-16,0.573576436351046,1.3048423035945273e-16,0.9999999999999998,1.4220160576235856e-17,-0.5735764363510459,-5.231037587979225e-17,0.8191520442889916
55,1,G:/S1/USA/2026-02-24_16-21-11snow/camera/left/1771971742893552896.jpg,yaw_pos_35,1,1207,D:\mipmap-lite\1fad9647-f717-4cd4-9391-11f219d7e5d1\snow\snow-20260827\result/.temp/undistort/1207.jpg,0.0,1456,2912,1039.691749,728.0,1456.0,0.8191520442889917,-1.631128601213423e-16,0.5735764363510462,-4.2423320422867686e-16,0.9999999999999994,3.061350568035367e-16,-0.5735764363510458,4.972522496578154e-16,0.8191520442889914
26,1,G:/S1/USA/2026-02-24_16-21-11snow/camera/left/1771971728392615168.jpg,yaw_pos_35,1,1211,D:\mipmap-lite\1fad9647-f717-4cd4-9391-11f219d7e5d1\snow\snow-20260827\result/.temp/undistort/1211.jpg,0.0,1456,2912,1039.691749,728.0,1456.0,0.8191520442889921,-1.1348192260914065e-17,0.5735764363510462,3.7672468722247334e-17,1.0000000000000002,1.8983568082784294e-17,-0.5735764363510463,-8.032144999762315e-17,0.819152044288992
83,1,G:/S1/USA/2026-02-24_16-21-11snow/camera/left/1771971756894338048.jpg,yaw_pos_35,1,1212,D:\mipmap-lite\1fad9647-f717-4cd4-9391-11f219d7e5d1\snow\snow-20260827\result/.temp/undistort/1212.jpg,0.0,1456,2912,1039.691749,728.0,1456.0,0.8191520442889917,8.904224486052254e-17,0.573576436351046,7.725888173680008e-17,1.0,4.467366846964227e-17,-0.5735764363510459,6.8579337103338716e-18,0.8191520442889919
114,1,G:/S1/USA/2026-02-24_16-21-11snow/camera/left/1771971772395357184.jpg,yaw_pos_35,1,1235,D:\mipmap-lite\1fad9647-f717-4cd4-9391-11f219d7e5d1\snow\snow-20260827\result/.temp/undistort/1235.jpg,0.0,1456,2912,1039.691749,728.0,1456.0,0.8191520442889918,3.5943414105824315e-20,0.573576436351046,2.450113699822145e-17,0.9999999999999999,-1.8847791914994068e-17,-0.5735764363510458,-4.9800295342654244e-17,0.8191520442889915
143,1,G:/S1/USA/2026-02-24_16-21-11snow/camera/left/1771971786896203008.jpg,yaw_pos_35,1,1258,D:\mipmap-lite\1fad9647-f717-4cd4-9391-11f219d7e5d1\snow\snow-20260827\result/.temp/undistort/1258.jpg,0.0,1456,2912,1039.691749,728.0,1456.0,0.8191520442889919,-2.1919190500284973e-16,0.573576436351046,-1.7667076469342033e-16,1.0000000000000002,-1.0361743525749333e-16,-0.5735764363510463,-3.478237152693533e-17,0.819152044288992
56,1,G:/S1/USA/2026-02-24_16-21-11snow/camera/left/1771971743393538048.jpg,yaw_pos_35,1,1260,D:\mipmap-lite\1fad9647-f717-4cd4-9391-11f219d7e5d1\snow\snow-20260827\result/.temp/undistort/1260.jpg,0.0,1456,2912,1039.691749,728.0,1456.0,0.8191520442889917,2.29535189739454e-17,0.5735764363510459,2.006038607744108e-16,1.0000000000000002,-2.820757320810945e-16,-0.5735764363510462,-3.510197658571009e-16,0.819152044288992
84,1,G:/S1/USA/2026-02-24_16-21-11snow/camera/left/1771971757394393088.jpg,yaw_pos_35,1,1267,D:\mipmap-lite\1fad9647-f717-4cd4-9391-11f219d7e5d1\snow\snow-20260827\result/.temp/undistort/1267.jpg,0.0,1456,2912,1039.691749,728.0,1456.0,0.8191520442889918,8.21148586665524e-17,0.5735764363510458,1.1919258299639188e-17,1.0,6.489868561150617e-17,-0.5735764363510462,6.910265621578236e-17,0.8191520442889919
27,1,G:/S1/USA/2026-02-24_16-21-11snow/camera/left/1771971728892647936.jpg,yaw_pos_35,1,1262,D:\mipmap-lite\1fad9647-f717-4cd4-9391-11f219d7e5d1\snow\snow-20260827\result/.temp/undistort/1262.jpg,0.0,1456,2912,1039.691749,728.0,1456.0,0.8191520442889918,-1.3832087013750904e-16,0.573576436351046,-1.4208748749906273e-16,1.0000000000000002,-1.2552287775146503e-16,-0.5735764363510459,-1.7746920838758698e-17,0.8191520442889918
115,1,G:/S1/USA/2026-02-24_16-21-11snow/camera/left/1771971772895385856.jpg,yaw_pos_35,1,1283,D:\mipmap-lite\1fad9647-f717-4cd4-9391-11f219d7e5d1\snow\snow-20260827\result/.temp/undistort/1283.jpg,0.0,1456,2912,1039.691749,728.0,1456.0,0.8191520442889918,2.2738497423443342e-17,0.573576436351046,-5.1342480553765475e-17,1.0000000000000002,1.8233038762130262e-17,-0.5735764363510462,-4.364801650239064e-17,0.8191520442889919
144,1,G:/S1/USA/2026-02-24_16-21-11snow/camera/left/1771971787396233984.jpg,yaw_pos_35,1,1297,D:\mipmap-lite\1fad9647-f717-4cd4-9391-11f219d7e5d1\snow\snow-20260827\result/.temp/undistort/1297.jpg,0.0,1456,2912,1039.691749,728.0,1456.0,0.8191520442889918,6.105987908177643e-17,0.5735764363510462,1.0173071016079919e-16,1.0,-5.235825966977143e-18,-0.5735764363510459,-4.131293446612232e-18,0.8191520442889919
57,1,G:/S1/USA/2026-02-24_16-21-11snow/camera/left/1771971743893538048.jpg,yaw_pos_35,1,1302,D:\mipmap-lite\1fad9647-f717-4cd4-9391-11f219d7e5d1\snow\snow-20260827\result/.temp/undistort/1302.jpg,0.0,1456,2912,1039.691749,728.0,1456.0,0.8191520442889917,4.5331798878255334e-17,0.5735764363510459,1.0791172645831423e-16,1.0,-6.484972832177854e-17,-0.573576436351046,-9.792893456539334e-17,0.8191520442889919
28,1,G:/S1/USA/2026-02-24_16-21-11snow/camera/left/1771971729392695040.jpg,yaw_pos_35,1,1313,D:\mipmap-lite\1fad9647-f717-4cd4-9391-11f219d7e5d1\snow\snow-20260827\result/.temp/undistort/1313.jpg,0.0,1456,2912,1039.691749,728.0,1456.0,0.8191520442889919,1.8799950398148787e-17,0.573576436351046,-3.088539311066007e-17,1.0000000000000002,7.902569893676934e-17,-0.5735764363510463,1.0074982403162982e-16,0.8191520442889919
85,1,G:/S1/USA/2026-02-24_16-21-11snow/camera/left/1771971757894437120.jpg,yaw_pos_35,1,1315,D:\mipmap-lite\1fad9647-f717-4cd4-9391-11f219d7e5d1\snow\snow-20260827\result/.temp/undistort/1315.jpg,0.0,1456,2912,1039.691749,728.0,1456.0,0.8191520442889917,-1.8283444912101143e-17,0.5735764363510462,-1.1301663738750355e-16,0.9999999999999998,1.515280549517708e-16,-0.5735764363510458,1.312220126552932e-16,0.8191520442889917
116,1,G:/S1/USA/2026-02-24_16-21-11snow/camera/left/1771971773395394048.jpg,yaw_pos_35,1,1328,D:\mipmap-lite\1fad9647-f717-4cd4-9391-11f219d7e5d1\snow\snow-20260827\result/.temp/undistort/1328.jpg,0.0,1456,2912,1039.691749,728.0,1456.0,0.8191520442889916,8.200842492225812e-18,0.573576436351046,1.1555548442416363e-17,0.9999999999999999,-5.099536395962036e-18,-0.5735764363510459,1.2516272606834604e-17,0.8191520442889918
58,1,G:/S1/USA/2026-02-24_16-21-11snow/camera/left/1771971744393569024.jpg,yaw_pos_35,1,1332,D:\mipmap-lite\1fad9647-f717-4cd4-9391-11f219d7e5d1\snow\snow-20260827\result/.temp/undistort/1332.jpg,0.0,1456,2912,1039.691749,728.0,1456.0,0.8191520442889919,1.4842703562522095e-17,0.5735764363510462,2.1693063088050228e-17,0.9999999999999999,-4.1527236646025466e-17,-0.5735764363510459,4.582336841678999e-18,0.8191520442889917
145,1,G:/S1/USA/2026-02-24_16-21-11snow/camera/left/1771971787896264960.jpg,yaw_pos_35,1,1338,D:\mipmap-lite\1fad9647-f717-4cd4-9391-11f219d7e5d1\snow\snow-20260827\result/.temp/undistort/1338.jpg,0.0,1456,2912,1039.691749,728.0,1456.0,0.8191520442889922,-2.100969012544761e-16,0.5735764363510464,-1.2907082220616582e-16,1.0000000000000002,-1.6827565102831777e-16,-0.5735764363510462,-3.581789895215366e-17,0.8191520442889919
29,1,G:/S1/USA/2026-02-24_16-21-11snow/camera/left/1771971729892678912.jpg,yaw_pos_35,1,1351,D:\mipmap-lite\1fad9647-f717-4cd4-9391-11f219d7e5d1\snow\snow-20260827\result/.temp/undistort/1351.jpg,0.0,1456,2912,1039.691749,728.0,1456.0,0.8191520442889917,-1.1455440124223056e-16,0.573576436351046,-4.65115560709661e-17,1.0,-1.6831065432291684e-16,-0.5735764363510459,-2.5103001127176945e-17,0.8191520442889919
86,1,G:/S1/USA/2026-02-24_16-21-11snow/camera/left/1771971758394462976.jpg,yaw_pos_35,1,1355,D:\mipmap-lite\1fad9647-f717-4cd4-9391-11f219d7e5d1\snow\snow-20260827\result/.temp/undistort/1355.jpg,0.0,1456,2912,1039.691749,728.0,1456.0,0.8191520442889919,5.596987377739476e-17,0.573576436351046,5.961063602896081e-17,1.0,1.0162625748834975e-17,-0.5735764363510462,-2.321582414085224e-17,0.8191520442889919
87,1,G:/S1/USA/2026-02-24_16-21-11snow/camera/left/1771971758894461184.jpg,yaw_pos_35,1,1366,D:\mipmap-lite\1fad9647-f717-4cd4-9391-11f219d7e5d1\snow\snow-20260827\result/.temp/undistort/1366.jpg,0.0,1456,2912,1039.691749,728.0,1456.0,0.819152044288992,1.4307437468997826e-17,0.573576436351046,1.244497154672606e-16,1.0000000000000002,-1.0559433570059256e-16,-0.5735764363510463,-9.226707203448354e-17,0.819152044288992
1,1,G:/S1/USA/2026-02-24_16-21-11snow/camera/left/1771971715891788032.jpg,pitch_up_56,2,25,D:\mipmap-lite\1fad9647-f717-4cd4-9391-11f219d7e5d1\snow\snow-20260827\result/.temp/undistort/25.jpg,0.0,2912,1456,2308.921016,1456.0,728.0,0.9999999999999999,-3.656462879520364e-17,-2.344366113989624e-17,4.2503874747594646e-17,0.5591929034707468,-0.8290375725550416,-1.6045340031849477e-18,0.8290375725550417,0.5591929034707467
88,1,G:/S1/USA/2026-02-24_16-21-11snow/camera/left/1771971759394525952.jpg,pitch_up_56,2,26,D:\mipmap-lite\1fad9647-f717-4cd4-9391-11f219d7e5d1\snow\snow-20260827\result/.temp/undistort/26.jpg,0.0,2912,1456,2308.921016,1456.0,728.0,1.0000000000000002,-7.308027362557947e-17,2.529443562120839e-16,-1.750624656178933e-16,0.5591929034707468,-0.8290375725550416,3.127911676528658e-17,0.8290375725550418,0.5591929034707468
146,1,G:/S1/USA/2026-02-24_16-21-11snow/camera/left/1771971788396321024.jpg,pitch_up_56,2,36,D:\mipmap-lite\1fad9647-f717-4cd4-9391-11f219d7e5d1\snow\snow-20260827\result/.temp/undistort/36.jpg,0.0,2912,1456,2308.921016,1456.0,728.0,0.9999999999999998,8.554874116974732e-17,-8.358319061945819e-17,9.121451817861758e-17,0.5591929034707467,-0.8290375725550414,-5.171990832349223e-17,0.8290375725550416,0.5591929034707467
117,1,G:/S1/USA/2026-02-24_16-21-11snow/camera/left/1771971773895457024.jpg,pitch_up_56,2,27,D:\mipmap-lite\1fad9647-f717-4cd4-9391-11f219d7e5d1\snow\snow-20260827\result/.temp/undistort/27.jpg,0.0,2912,1456,2308.921016,1456.0,728.0,0.9999999999999998,8.396708599448952e-18,-2.1785399460488506e-18,8.366251606791395e-17,0.5591929034707466,-0.8290375725550415,1.1963861962436254e-18,0.8290375725550415,0.5591929034707467
59,1,G:/S1/USA/2026-02-24_16-21-11snow/camera/left/1771971744893625088.jpg,pitch_up_56,2,28,D:\mipmap-lite\1fad9647-f717-4cd4-9391-11f219d7e5d1\snow\snow-20260827\result/.temp/undistort/28.jpg,0.0,2912,1456,2308.921016,1456.0,728.0,1.0,-2.2898760458965725e-17,-7.640466791697722e-17,2.898212137949515e-17,0.5591929034707468,-0.829037572555042,-5.194403504759034e-17,0.8290375725550417,0.559192903470747
30,1,G:/S1/USA/2026-02-24_16-21-11snow/camera/left/1771971730392763136.jpg,pitch_up_56,2,32,D:\mipmap-lite\1fad9647-f717-4cd4-9391-11f219d7e5d1\snow\snow-20260827\result/.temp/undistort/32.jpg,0.0,2912,1456,2308.921016,1456.0,728.0,0.9999999999999997,9.080879023050527e-17,-6.355839336501096e-17,1.0126749294066266e-16,0.5591929034707467,-0.8290375725550416,8.501666167692709e-17,0.8290375725550416,0.5591929034707468
2,1,G:/S1/USA/2026-02-24_16-21-11snow/camera/left/1771971716391821056.jpg,pitch_up_56,2,63,D:\mipmap-lite\1fad9647-f717-4cd4-9391-11f219d7e5d1\snow\snow-20260827\result/.temp/undistort/63.jpg,0.0,2912,1456,2308.921016,1456.0,728.0,1.0,6.823136800878452e-18,-3.7260212705460326e-18,2.521819462876568e-17,0.5591929034707468,-0.8290375725550417,-4.226792092562759e-18,0.8290375725550415,0.5591929034707467
147,1,G:/S1/USA/2026-02-24_16-21-11snow/camera/left/1771971788896326912.jpg,pitch_up_56,2,65,D:\mipmap-lite\1fad9647-f717-4cd4-9391-11f219d7e5d1\snow\snow-20260827\result/.temp/undistort/65.jpg,0.0,2912,1456,2308.921016,1456.0,728.0,1.0000000000000007,-1.794543596040918e-16,4.190332924918856e-17,-1.4884135229235605e-16,0.559192903470747,-0.829037572555042,-1.4066277337375713e-17,0.8290375725550418,0.5591929034707469
89,1,G:/S1/USA/2026-02-24_16-21-11snow/camera/left/1771971759894524928.jpg,pitch_up_56,2,76,D:\mipmap-lite\1fad9647-f717-4cd4-9391-11f219d7e5d1\snow\snow-20260827\result/.temp/undistort/76.jpg,0.0,2912,1456,2308.921016,1456.0,728.0,0.9999999999999998,-5.23474201508891e-17,6.099347694152784e-17,-8.444351061719995e-17,0.5591929034707469,-0.8290375725550417,7.459983351387033e-18,0.8290375725550415,0.5591929034707466
31,1,G:/S1/USA/2026-02-24_16-21-11snow/camera/left/1771971730892815104.jpg,pitch_up_56,2,80,D:\mipmap-lite\1fad9647-f717-4cd4-9391-11f219d7e5d1\snow\snow-20260827\result/.temp/undistort/80.jpg,0.0,2912,1456,2308.921016,1456.0,728.0,1.0000000000000002,-2.5947006611695983e-17,4.0999689532254424e-17,2.2075493403980342e-18,0.559192903470747,-0.829037572555042,-1.0676723960508919e-17,0.829037572555042,0.5591929034707469
60,1,G:/S1/USA/2026-02-24_16-21-11snow/camera/left/1771971745393674240.jpg,pitch_up_56,2,82,D:\mipmap-lite\1fad9647-f717-4cd4-9391-11f219d7e5d1\snow\snow-20260827\result/.temp/undistort/82.jpg,0.0,2912,1456,2308.921016,1456.0,728.0,1.0,-5.3035012138096236e-17,1.3671899920478385e-16,-1.4078887461380057e-16,0.5591929034707468,-0.8290375725550411,5.575269907748826e-17,0.8290375725550415,0.5591929034707461
118,1,G:/S1/USA/2026-02-24_16-21-11snow/camera/left/1771971774395424000.jpg,pitch_up_56,2,86,D:\mipmap-lite\1fad9647-f717-4cd4-9391-11f219d7e5d1\snow\snow-20260827\result/.temp/undistort/86.jpg,0.0,2912,1456,2308.921016,1456.0,728.0,0.9999999999999997,2.0984433631692842e-16,-9.191255070995889e-17,2.3399537395561255e-16,0.5591929034707468,-0.8290375725550417,1.4918196229478903e-16,0.8290375725550415,0.5591929034707468
32,1,G:/S1/USA/2026-02-24_16-21-11snow/camera/left/1771971731392765952.jpg,pitch_up_56,2,116,D:\mipmap-lite\1fad9647-f717-4cd4-9391-11f219d7e5d1\snow\snow-20260827\result/.temp/undistort/116.jpg,0.0,2912,1456,2308.921016,1456.0,728.0,0.9999999999999998,-4.102372496976015e-17,-1.586992918058581e-16,9.956074214592183e-17,0.5591929034707469,-0.8290375725550416,-1.1751195258225268e-16,0.8290375725550418,0.5591929034707468
148,1,G:/S1/USA/2026-02-24_16-21-11snow/camera/left/1771971789396357888.jpg,pitch_up_56,2,108,D:\mipmap-lite\1fad9647-f717-4cd4-9391-11f219d7e5d1\snow\snow-20260827\result/.temp/undistort/108.jpg,0.0,2912,1456,2308.921016,1456.0,728.0,1.0,-2.0650009511697268e-17,1.3786281018116854e-17,-2.2011637148788365e-17,0.5591929034707467,-0.8290375725550417,6.163049532961223e-17,0.8290375725550418,0.5591929034707469
3,1,G:/S1/USA/2026-02-24_16-21-11snow/camera/left/1771971716891852032.jpg,pitch_up_56,2,110,D:\mipmap-lite\1fad9647-f717-4cd4-9391-11f219d7e5d1\snow\snow-20260827\result/.temp/undistort/110.jpg,0.0,2912,1456,2308.921016,1456.0,728.0,0.9999999999999999,-1.8105747797361492e-16,-6.220058212004129e-17,-6.012006125773723e-19,0.5591929034707468,-0.8290375725550416,-1.5039297121932115e-16,0.8290375725550418,0.5591929034707468
90,1,G:/S1/USA/2026-02-24_16-21-11snow/camera/left/1771971760394555136.jpg,pitch_up_56,2,118,D:\mipmap-lite\1fad9647-f717-4cd4-9391-11f219d7e5d1\snow\snow-20260827\result/.temp/undistort/118.jpg,0.0,2912,1456,2308.921016,1456.0,728.0,1.0000000000000004,-2.8071705873487496e-16,-3.2500417447648907e-16,1.1398108257001141e-16,0.5591929034707467,-0.8290375725550422,-3.5939231188369496e-16,0.8290375725550421,0.5591929034707475
119,1,G:/S1/USA/2026-02-24_16-21-11snow/camera/left/1771971774895488000.jpg,pitch_up_56,2,127,D:\mipmap-lite\1fad9647-f717-4cd4-9391-11f219d7e5d1\snow\snow-20260827\result/.temp/undistort/127.jpg,0.0,2912,1456,2308.921016,1456.0,728.0,0.9999999999999998,9.621941033696254e-17,1.4573793983218626e-16,-3.057741574444819e-17,0.5591929034707468,-0.8290375725550417,1.213665154069605e-16,0.8290375725550417,0.5591929034707468
61,1,G:/S1/USA/2026-02-24_16-21-11snow/camera/left/1771971745893655040.jpg,pitch_up_56,2,136,D:\mipmap-lite\1fad9647-f717-4cd4-9391-11f219d7e5d1\snow\snow-20260827\result/.temp/undistort/136.jpg,0.0,2912,1456,2308.921016,1456.0,728.0,1.0,1.4436707107415415e-17,1.0681567720850353e-16,-1.9689868616358536e-18,0.5591929034707468,-0.8290375725550415,3.4674653100932234e-17,0.8290375725550418,0.5591929034707468
149,1,G:/S1/USA/2026-02-24_16-21-11snow/camera/left/1771971789896388096.jpg,pitch_up_56,2,157,D:\mipmap-lite\1fad9647-f717-4cd4-9391-11f219d7e5d1\snow\snow-20260827\result/.temp/undistort/157.jpg,0.0,2912,1456,2308.921016,1456.0,728.0,1.0000000000000004,-1.876709397177624e-16,2.0520114649506073e-16,-1.9921261241846298e-16,0.5591929034707469,-0.8290375725550418,3.030064312903361e-17,0.8290375725550418,0.559192903470747
4,1,G:/S1/USA/2026-02-24_16-21-11snow/camera/left/1771971717391916032.jpg,pitch_up_56,2,160,D:\mipmap-lite\1fad9647-f717-4cd4-9391-11f219d7e5d1\snow\snow-20260827\result/.temp/undistort/160.jpg,0.0,2912,1456,2308.921016,1456.0,728.0,1.0,3.1821925778139474e-18,-1.6516598457793275e-17,7.770136806133177e-18,0.5591929034707469,-0.829037572555042,-1.1180628720684926e-17,0.829037572555042,0.5591929034707469
33,1,G:/S1/USA/2026-02-24_16-21-11snow/camera/left/1771971731892795136.jpg,pitch_up_56,2,161,D:\mipmap-lite\1fad9647-f717-4cd4-9391-11f219d7e5d1\snow\snow-20260827\result/.temp/undistort/161.jpg,0.0,2912,1456,2308.921016,1456.0,728.0,0.9999999999999997,-1.0702413692637719e-16,-2.3958730307493594e-16,1.567122337057124e-16,0.5591929034707466,-0.8290375725550412,-2.0431674021839235e-16,0.8290375725550416,0.5591929034707466
91,1,G:/S1/USA/2026-02-24_16-21-11snow/camera/left/1771971760894637056.jpg,pitch_up_56,2,164,D:\mipmap-lite\1fad9647-f717-4cd4-9391-11f219d7e5d1\snow\snow-20260827\result/.temp/undistort/164.jpg,0.0,2912,1456,2308.921016,1456.0,728.0,1.0000000000000002,7.845400455894966e-17,-1.5325173601260331e-16,1.250156433471993e-16,0.5591929034707466,-0.8290375725550418,1.4611544294295675e-17,0.8290375725550416,0.559192903470747
120,1,G:/S1/USA/2026-02-24_16-21-11snow/camera/left/1771971775395489024.jpg,pitch_up_56,2,170,D:\mipmap-lite\1fad9647-f717-4cd4-9391-11f219d7e5d1\snow\snow-20260827\result/.temp/undistort/170.jpg,0.0,2912,1456,2308.921016,1456.0,728.0,0.9999999999999994,1.2541793039746688e-16,3.4384154919021623e-17,4.464723743189379e-17,0.5591929034707466,-0.8290375725550415,1.298020525336636e-16,0.8290375725550415,0.5591929034707467
62,1,G:/S1/USA/2026-02-24_16-21-11snow/camera/left/1771971746393715200.jpg,pitch_up_56,2,193,D:\mipmap-lite\1fad9647-f717-4cd4-9391-11f219d7e5d1\snow\snow-20260827\result/.temp/undistort/193.jpg,0.0,2912,1456,2308.921016,1456.0,728.0,1.0,3.227971643918771e-17,2.724850382699251e-16,-1.4511727770450112e-16,0.5591929034707468,-0.829037572555041,1.4528113562970433e-16,0.8290375725550416,0.5591929034707462
150,1,G:/S1/USA/2026-02-24_16-21-11snow/camera/left/1771971790396419072.jpg,pitch_up_56,2,198,D:\mipmap-lite\1fad9647-f717-4cd4-9391-11f219d7e5d1\snow\snow-20260827\result/.temp/undistort/198.jpg,0.0,2912,1456,2308.921016,1456.0,728.0,0.9999999999999997,2.6171152576576408e-17,-1.5689205350977316e-16,1.0047545322949504e-16,0.5591929034707466,-0.8290375725550414,-8.459615344979986e-17,0.8290375725550414,0.5591929034707465
92,1,G:/S1/USA/2026-02-24_16-21-11snow/camera/left/1771971761394644992.jpg,pitch_up_56,2,204,D:\mipmap-lite\1fad9647-f717-4cd4-9391-11f219d7e5d1\snow\snow-20260827\result/.temp/undistort/204.jpg,0.0,2912,1456,2308.921016,1456.0,728.0,0.9999999999999999,7.084374797845109e-18,-1.1393371395179908e-16,1.1007617190893157e-16,0.5591929034707467,-0.8290375725550417,-8.548192497297352e-17,0.8290375725550416,0.5591929034707469
34,1,G:/S1/USA/2026-02-24_16-21-11snow/camera/left/1771971732392879872.jpg,pitch_up_56,2,214,D:\mipmap-lite\1fad9647-f717-4cd4-9391-11f219d7e5d1\snow\snow-20260827\result/.temp/undistort/214.jpg,0.0,2912,1456,2308.921016,1456.0,728.0,0.9999999999999996,-1.3215947808840164e-17,-5.573429694259809e-17,5.804190947359731e-17,0.5591929034707467,-0.8290375725550415,-5.820783154109825e-17,0.8290375725550415,0.5591929034707465
5,1,G:/S1/USA/2026-02-24_16-21-11snow/camera/left/1771971717891949056.jpg,pitch_up_56,2,215,D:\mipmap-lite\1fad9647-f717-4cd4-9391-11f219d7e5d1\snow\snow-20260827\result/.temp/undistort/215.jpg,0.0,2912,1456,2308.921016,1456.0,728.0,1.0,-4.694866736534491e-18,-1.0236477828018528e-18,1.1331344920186311e-17,0.5591929034707468,-0.8290375725550417,1.908820032405056e-17,0.8290375725550418,0.5591929034707469
121,1,G:/S1/USA/2026-02-24_16-21-11snow/camera/left/1771971775895520000.jpg,pitch_up_56,2,219,D:\mipmap-lite\1fad9647-f717-4cd4-9391-11f219d7e5d1\snow\snow-20260827\result/.temp/undistort/219.jpg,0.0,2912,1456,2308.921016,1456.0,728.0,0.9999999999999999,-1.9123548362590737e-16,2.886103412078373e-17,-8.756700463228355e-17,0.5591929034707468,-0.8290375725550416,-1.1324746885021374e-16,0.8290375725550417,0.5591929034707468
63,1,G:/S1/USA/2026-02-24_16-21-11snow/camera/left/1771971746893758976.jpg,pitch_up_56,2,238,D:\mipmap-lite\1fad9647-f717-4cd4-9391-11f219d7e5d1\snow\snow-20260827\result/.temp/undistort/238.jpg,0.0,2912,1456,2308.921016,1456.0,728.0,1.0000000000000002,-2.2773135030484865e-18,-1.1907674493323752e-16,1.1545381273584065e-16,0.5591929034707467,-0.829037572555042,-4.4237162050248326e-17,0.8290375725550416,0.559192903470747
151,1,G:/S1/USA/2026-02-24_16-21-11snow/camera/left/1771971790896451072.jpg,pitch_up_56,2,239,D:\mipmap-lite\1fad9647-f717-4cd4-9391-11f219d7e5d1\snow\snow-20260827\result/.temp/undistort/239.jpg,0.0,2912,1456,2308.921016,1456.0,728.0,1.0000000000000002,-2.0613085608223976e-17,7.4342339460749e-17,-5.62012297733247e-17,0.5591929034707469,-0.829037572555042,-4.385019777716247e-17,0.8290375725550418,0.5591929034707469
93,1,G:/S1/USA/2026-02-24_16-21-11snow/camera/left/1771971761894649088.jpg,pitch_up_56,2,256,D:\mipmap-lite\1fad9647-f717-4cd4-9391-11f219d7e5d1\snow\snow-20260827\result/.temp/undistort/256.jpg,0.0,2912,1456,2308.921016,1456.0,728.0,0.9999999999999998,8.074804618731438e-17,2.7983960425663517e-16,-2.2243442909725774e-16,0.5591929034707469,-0.8290375725550415,2.6410169754812336e-16,0.8290375725550416,0.5591929034707462
122,1,G:/S1/USA/2026-02-24_16-21-11snow/camera/left/1771971776395580160.jpg,pitch_up_56,2,263,D:\mipmap-lite\1fad9647-f717-4cd4-9391-11f219d7e5d1\snow\snow-20260827\result/.temp/undistort/263.jpg,0.0,2912,1456,2308.921016,1456.0,728.0,1.0,-4.521949002556254e-17,3.123710947552867e-17,-2.984321681332283e-17,0.5591929034707468,-0.8290375725550417,-1.4397140371744635e-17,0.8290375725550416,0.5591929034707467
6,1,G:/S1/USA/2026-02-24_16-21-11snow/camera/left/1771971718391991040.jpg,pitch_up_56,2,265,D:\mipmap-lite\1fad9647-f717-4cd4-9391-11f219d7e5d1\snow\snow-20260827\result/.temp/undistort/265.jpg,0.0,2912,1456,2308.921016,1456.0,728.0,1.0000000000000002,6.529986999889157e-17,3.2349400127948026e-17,-1.6673515557821453e-17,0.5591929034707468,-0.8290375725550417,1.9992390148680544e-17,0.8290375725550418,0.5591929034707469
35,1,G:/S1/USA/2026-02-24_16-21-11snow/camera/left/1771971732892856064.jpg,pitch_up_56,2,271,D:\mipmap-lite\1fad9647-f717-4cd4-9391-11f219d7e5d1\snow\snow-20260827\result/.temp/undistort/271.jpg,0.0,2912,1456,2308.921016,1456.0,728.0,1.0,-1.6418255736748412e-17,5.574332176713528e-17,-6.710284747483943e-17,0.5591929034707469,-0.8290375725550417,2.633315443635461e-17,0.8290375725550418,0.5591929034707467
64,1,G:/S1/USA/2026-02-24_16-21-11snow/camera/left/1771971747393777152.jpg,pitch_up_56,2,280,D:\mipmap-lite\1fad9647-f717-4cd4-9391-11f219d7e5d1\snow\snow-20260827\result/.temp/undistort/280.jpg,0.0,2912,1456,2308.921016,1456.0,728.0,0.9999999999999999,-7.596782629230915e-17,1.2103790515917721e-16,-9.256090844385738e-17,0.5591929034707467,-0.8290375725550414,6.282894025177903e-18,0.8290375725550416,0.5591929034707465
152,1,G:/S1/USA/2026-02-24_16-21-11snow/camera/left/1771971791396482048.jpg,pitch_up_56,2,289,D:\mipmap-lite\1fad9647-f717-4cd4-9391-11f219d7e5d1\snow\snow-20260827\result/.temp/undistort/289.jpg,0.0,2912,1456,2308.921016,1456.0,728.0,0.9999999999999998,8.823405174827405e-17,-2.1834037975729343e-16,2.752924703535967e-16,0.5591929034707467,-0.8290375725550414,-7.347457647775488e-17,0.8290375725550416,0.5591929034707466
94,1,G:/S1/USA/2026-02-24_16-21-11snow/camera/left/1771971762394705920.jpg,pitch_up_56,2,309,D:\mipmap-lite\1fad9647-f717-4cd4-9391-11f219d7e5d1\snow\snow-20260827\result/.temp/undistort/309.jpg,0.0,2912,1456,2308.921016,1456.0,728.0,1.0000000000000002,-1.2131069555772408e-16,-2.656932251531069e-16,1.7646020744415646e-16,0.5591929034707467,-0.829037572555042,-2.3626311359350217e-16,0.8290375725550421,0.5591929034707472
7,1,G:/S1/USA/2026-02-24_16-21-11snow/camera/left/1771971718892033024.jpg,pitch_up_56,2,308,D:\mipmap-lite\1fad9647-f717-4cd4-9391-11f219d7e5d1\snow\snow-20260827\result/.temp/undistort/308.jpg,0.0,2912,1456,2308.921016,1456.0,728.0,1.0000000000000002,3.2393192202765364e-17,2.1758370927016672e-17,2.998739930085665e-18,0.5591929034707468,-0.829037572555042,3.388810940102381e-17,0.8290375725550418,0.5591929034707469
36,1,G:/S1/USA/2026-02-24_16-21-11snow/camera/left/1771971733392938240.jpg,pitch_up_56,2,313,D:\mipmap-lite\1fad9647-f717-4cd4-9391-11f219d7e5d1\snow\snow-20260827\result/.temp/undistort/313.jpg,0.0,2912,1456,2308.921016,1456.0,728.0,0.9999999999999996,-3.3848735646396475e-17,-1.633094688140474e-16,1.2452907901006658e-16,0.5591929034707467,-0.8290375725550412,-1.4311873479802225e-16,0.8290375725550415,0.5591929034707466
123,1,G:/S1/USA/2026-02-24_16-21-11snow/camera/left/1771971776895583232.jpg,pitch_up_56,2,320,D:\mipmap-lite\1fad9647-f717-4cd4-9391-11f219d7e5d1\snow\snow-20260827\result/.temp/undistort/320.jpg,0.0,2912,1456,2308.921016,1456.0,728.0,1.0000000000000004,-1.0400499537224221e-16,9.35711948925955e-17,-7.338905777993035e-17,0.559192903470747,-0.8290375725550422,-1.6003079378621046e-17,0.8290375725550422,0.559192903470747
65,1,G:/S1/USA/2026-02-24_16-21-11snow/camera/left/1771971747893807104.jpg,pitch_up_56,2,326,D:\mipmap-lite\1fad9647-f717-4cd4-9391-11f219d7e5d1\snow\snow-20260827\result/.temp/undistort/326.jpg,0.0,2912,1456,2308.921016,1456.0,728.0,1.0,1.5225501917814838e-16,8.566393227599523e-17,-4.8316797678952085e-18,0.559192903470747,-0.8290375725550413,1.1544663772067274e-16,0.829037572555042,0.5591929034707463
153,1,G:/S1/USA/2026-02-24_16-21-11snow/camera/left/1771971791896552192.jpg,pitch_up_56,2,343,D:\mipmap-lite\1fad9647-f717-4cd4-9391-11f219d7e5d1\snow\snow-20260827\result/.temp/undistort/343.jpg,0.0,2912,1456,2308.921016,1456.0,728.0,0.9999999999999998,1.5518939901636115e-16,-1.8413544180813098e-16,1.6488356348001798e-16,0.5591929034707467,-0.8290375725550417,7.468468668461074e-17,0.8290375725550415,0.5591929034707467
95,1,G:/S1/USA/2026-02-24_16-21-11snow/camera/left/1771971762894792960.jpg,pitch_up_56,2,358,D:\mipmap-lite\1fad9647-f717-4cd4-9391-11f219d7e5d1\snow\snow-20260827\result/.temp/undistort/358.jpg,0.0,2912,1456,2308.921016,1456.0,728.0,1.0,-3.145525787622902e-17,-1.5252607355213443e-17,-4.5621697972855335e-17,0.5591929034707469,-0.8290375725550418,-2.4415731818852023e-17,0.8290375725550418,0.5591929034707469
8,1,G:/S1/USA/2026-02-24_16-21-11snow/camera/left/1771971719392058112.jpg,pitch_up_56,2,355,D:\mipmap-lite\1fad9647-f717-4cd4-9391-11f219d7e5d1\snow\snow-20260827\result/.temp/undistort/355.jpg,0.0,2912,1456,2308.921016,1456.0,728.0,0.9999999999999998,2.4227725069021577e-17,-9.460672182942684e-17,6.576781679785858e-17,0.5591929034707468,-0.8290375725550417,-5.335883857495002e-17,0.8290375725550418,0.5591929034707469
37,1,G:/S1/USA/2026-02-24_16-21-11snow/camera/left/1771971733892919040.jpg,pitch_up_56,2,356,D:\mipmap-lite\1fad9647-f717-4cd4-9391-11f219d7e5d1\snow\snow-20260827\result/.temp/undistort/356.jpg,0.0,2912,1456,2308.921016,1456.0,728.0,1.0000000000000004,-1.663721558825192e-17,2.836703253578838e-16,-2.214224246428103e-16,0.5591929034707468,-0.8290375725550422,1.3336386056885303e-16,0.8290375725550421,0.5591929034707472
124,1,G:/S1/USA/2026-02-24_16-21-11snow/camera/left/1771971777395611904.jpg,pitch_up_56,2,363,D:\mipmap-lite\1fad9647-f717-4cd4-9391-11f219d7e5d1\snow\snow-20260827\result/.temp/undistort/363.jpg,0.0,2912,1456,2308.921016,1456.0,728.0,1.0000000000000002,-8.102064662643116e-17,8.464219212070514e-17,-7.763573856432275e-17,0.5591929034707468,-0.8290375725550417,-2.730089232240866e-17,0.829037572555042,0.559192903470747
66,1,G:/S1/USA/2026-02-24_16-21-11snow/camera/left/1771971748393859072.jpg,pitch_up_56,2,378,D:\mipmap-lite\1fad9647-f717-4cd4-9391-11f219d7e5d1\snow\snow-20260827\result/.temp/undistort/378.jpg,0.0,2912,1456,2308.921016,1456.0,728.0,1.0,-1.43236949627806e-17,-2.3033711208510593e-17,2.366465947629859e-19,0.5591929034707467,-0.8290375725550418,-3.8204380043666764e-17,0.8290375725550417,0.5591929034707469
154,1,G:/S1/USA/2026-02-24_16-21-11snow/camera/left/1771971792396542976.jpg,pitch_up_56,2,389,D:\mipmap-lite\1fad9647-f717-4cd4-9391-11f219d7e5d1\snow\snow-20260827\result/.temp/undistort/389.jpg,0.0,2912,1456,2308.921016,1456.0,728.0,1.0,-1.4380680646037372e-16,6.58662877696374e-17,-1.0949007582161721e-16,0.5591929034707467,-0.8290375725550417,-3.0677429980164654e-17,0.8290375725550416,0.5591929034707468
96,1,G:/S1/USA/2026-02-24_16-21-11snow/camera/left/1771971763394740224.jpg,pitch_up_56,2,397,D:\mipmap-lite\1fad9647-f717-4cd4-9391-11f219d7e5d1\snow\snow-20260827\result/.temp/undistort/397.jpg,0.0,2912,1456,2308.921016,1456.0,728.0,0.9999999999999998,8.33115707430365e-17,1.2071969596406994e-16,-3.616536818753409e-17,0.5591929034707468,-0.8290375725550416,1.1673309628212758e-16,0.8290375725550416,0.5591929034707467
9,1,G:/S1/USA/2026-02-24_16-21-11snow/camera/left/1771971719892099072.jpg,pitch_up_56,2,403,D:\mipmap-lite\1fad9647-f717-4cd4-9391-11f219d7e5d1\snow\snow-20260827\result/.temp/undistort/403.jpg,0.0,2912,1456,2308.921016,1456.0,728.0,1.0000000000000004,8.131372223969149e-17,9.195957688691668e-17,-6.432342149099082e-17,0.5591929034707468,-0.8290375725550418,1.148741294248126e-16,0.829037572555042,0.559192903470747
38,1,G:/S1/USA/2026-02-24_16-21-11snow/camera/left/1771971734392966144.jpg,pitch_up_56,2,406,D:\mipmap-lite\1fad9647-f717-4cd4-9391-11f219d7e5d1\snow\snow-20260827\result/.temp/undistort/406.jpg,0.0,2912,1456,2308.921016,1456.0,728.0,0.9999999999999998,-1.936076806925807e-17,8.979182935584688e-17,-7.488043645650324e-17,0.5591929034707468,-0.8290375725550417,4.875819277823135e-17,0.8290375725550417,0.5591929034707468
125,1,G:/S1/USA/2026-02-24_16-21-11snow/camera/left/1771971777895645184.jpg,pitch_up_56,2,415,D:\mipmap-lite\1fad9647-f717-4cd4-9391-11f219d7e5d1\snow\snow-20260827\result/.temp/undistort/415.jpg,0.0,2912,1456,2308.921016,1456.0,728.0,0.9999999999999997,1.8314356864317712e-16,-1.6683102396541122e-16,1.7772303302119062e-16,0.5591929034707467,-0.8290375725550416,8.092490493107454e-17,0.8290375725550416,0.5591929034707469
155,1,G:/S1/USA/2026-02-24_16-21-11snow/camera/left/1771971792896603136.jpg,pitch_up_56,2,433,D:\mipmap-lite\1fad9647-f717-4cd4-9391-11f219d7e5d1\snow\snow-20260827\result/.temp/undistort/433.jpg,0.0,2912,1456,2308.921016,1456.0,728.0,1.0,9.639982873935228e-18,3.676491446342616e-17,-4.585309630891438e-17,0.5591929034707469,-0.8290375725550416,-2.7441618873435436e-17,0.8290375725550418,0.5591929034707468
67,1,G:/S1/USA/2026-02-24_16-21-11snow/camera/left/1771971748893838080.jpg,pitch_up_56,2,429,D:\mipmap-lite\1fad9647-f717-4cd4-9391-11f219d7e5d1\snow\snow-20260827\result/.temp/undistort/429.jpg,0.0,2912,1456,2308.921016,1456.0,728.0,0.9999999999999999,-3.7161200684986785e-17,4.434332616441053e-17,-1.011407559362953e-16,0.5591929034707469,-0.8290375725550416,2.0529459793879387e-17,0.8290375725550415,0.5591929034707466
97,1,G:/S1/USA/2026-02-24_16-21-11snow/camera/left/1771971763894771200.jpg,pitch_up_56,2,448,D:\mipmap-lite\1fad9647-f717-4cd4-9391-11f219d7e5d1\snow\snow-20260827\result/.temp/undistort/448.jpg,0.0,2912,1456,2308.921016,1456.0,728.0,0.9999999999999997,1.4692196304105716e-16,3.313914193961055e-16,-1.630493209078336e-16,0.5591929034707469,-0.8290375725550416,2.6973653781016793e-16,0.8290375725550415,0.5591929034707465
10,1,G:/S1/USA/2026-02-24_16-21-11snow/camera/left/1771971720392116992.jpg,pitch_up_56,2,452,D:\mipmap-lite\1fad9647-f717-4cd4-9391-11f219d7e5d1\snow\snow-20260827\result/.temp/undistort/452.jpg,0.0,2912,1456,2308.921016,1456.0,728.0,1.0,1.9052939822173917e-16,1.3842830332190345e-16,-4.185128327683219e-17,0.5591929034707467,-0.8290375725550417,1.619171673342879e-16,0.8290375725550417,0.5591929034707468
39,1,G:/S1/USA/2026-02-24_16-21-11snow/camera/left/1771971734892979200.jpg,pitch_up_56,2,454,D:\mipmap-lite\1fad9647-f717-4cd4-9391-11f219d7e5d1\snow\snow-20260827\result/.temp/undistort/454.jpg,0.0,2912,1456,2308.921016,1456.0,728.0,1.0000000000000002,-3.2969566930632363e-17,4.6629230640719307e-17,-8.240728446868957e-17,0.5591929034707469,-0.829037572555042,2.1053990956323276e-17,0.8290375725550421,0.5591929034707471
126,1,G:/S1/USA/2026-02-24_16-21-11snow/camera/left/1771971778395714048.jpg,pitch_up_56,2,461,D:\mipmap-lite\1fad9647-f717-4cd4-9391-11f219d7e5d1\snow\snow-20260827\result/.temp/undistort/461.jpg,0.0,2912,1456,2308.921016,1456.0,728.0,1.0000000000000002,7.941490949048864e-18,-4.825318382379815e-17,1.5997704034170977e-17,0.5591929034707467,-0.8290375725550416,1.0186735288237586e-17,0.8290375725550417,0.5591929034707468
68,1,G:/S1/USA/2026-02-24_16-21-11snow/camera/left/1771971749393872128.jpg,pitch_up_56,2,479,D:\mipmap-lite\1fad9647-f717-4cd4-9391-11f219d7e5d1\snow\snow-20260827\result/.temp/undistort/479.jpg,0.0,2912,1456,2308.921016,1456.0,728.0,0.9999999999999998,7.413013130220527e-17,3.097228273474612e-16,-1.12980464764367e-16,0.559192903470747,-0.8290375725550411,2.0888052128522265e-16,0.8290375725550416,0.5591929034707461
156,1,G:/S1/USA/2026-02-24_16-21-11snow/camera/left/1771971793396601088.jpg,pitch_up_56,2,483,D:\mipmap-lite\1fad9647-f717-4cd4-9391-11f219d7e5d1\snow\snow-20260827\result/.temp/undistort/483.jpg,0.0,2912,1456,2308.921016,1456.0,728.0,0.9999999999999998,3.8353648087684765e-17,6.427600243091009e-17,-2.7672893571838906e-17,0.5591929034707467,-0.8290375725550416,1.1809142468593727e-16,0.8290375725550417,0.5591929034707467
98,1,G:/S1/USA/2026-02-24_16-21-11snow/camera/left/1771971764394861056.jpg,pitch_up_56,2,490,D:\mipmap-lite\1fad9647-f717-4cd4-9391-11f219d7e5d1\snow\snow-20260827\result/.temp/undistort/490.jpg,0.0,2912,1456,2308.921016,1456.0,728.0,1.0000000000000002,-4.462936450525406e-17,-1.814472715069679e-16,1.0184872971627227e-16,0.5591929034707469,-0.8290375725550418,-1.5386034648691466e-16,0.8290375725550418,0.5591929034707469
11,1,G:/S1/USA/2026-02-24_16-21-11snow/camera/left/1771971720892114176.jpg,pitch_up_56,2,498,D:\mipmap-lite\1fad9647-f717-4cd4-9391-11f219d7e5d1\snow\snow-20260827\result/.temp/undistort/498.jpg,0.0,2912,1456,2308.921016,1456.0,728.0,1.0000000000000004,-6.707067192167242e-18,8.354668806013917e-17,-1.0325265055596917e-16,0.5591929034707469,-0.8290375725550418,-6.426388263282355e-17,0.829037572555042,0.5591929034707469
127,1,G:/S1/USA/2026-02-24_16-21-11snow/camera/left/1771971778895708160.jpg,pitch_up_56,2,510,D:\mipmap-lite\1fad9647-f717-4cd4-9391-11f219d7e5d1\snow\snow-20260827\result/.temp/undistort/510.jpg,0.0,2912,1456,2308.921016,1456.0,728.0,0.9999999999999994,4.0698587339931194e-17,-4.194943568176236e-17,3.058409382086389e-17,0.5591929034707466,-0.8290375725550414,-8.70899936614201e-18,0.8290375725550416,0.5591929034707467
40,1,G:/S1/USA/2026-02-24_16-21-11snow/camera/left/1771971735393051136.jpg,pitch_up_56,2,506,D:\mipmap-lite\1fad9647-f717-4cd4-9391-11f219d7e5d1\snow\snow-20260827\result/.temp/undistort/506.jpg,0.0,2912,1456,2308.921016,1456.0,728.0,0.9999999999999999,-4.6094080242769854e-17,-2.048538888305116e-16,1.137888341597782e-16,0.5591929034707468,-0.8290375725550413,-1.716870698810955e-16,0.8290375725550416,0.5591929034707466
69,1,G:/S1/USA/2026-02-24_16-21-11snow/camera/left/1771971749893975040.jpg,pitch_up_56,2,522,D:\mipmap-lite\1fad9647-f717-4cd4-9391-11f219d7e5d1\snow\snow-20260827\result/.temp/undistort/522.jpg,0.0,2912,1456,2308.921016,1456.0,728.0,0.9999999999999999,1.4384323202120346e-17,7.660235213427935e-17,-9.68202267990277e-17,0.5591929034707469,-0.8290375725550415,1.4272553819632627e-17,0.8290375725550415,0.5591929034707463
99,1,G:/S1/USA/2026-02-24_16-21-11snow/camera/left/1771971764894883072.jpg,pitch_up_56,2,537,D:\mipmap-lite\1fad9647-f717-4cd4-9391-11f219d7e5d1\snow\snow-20260827\result/.temp/undistort/537.jpg,0.0,2912,1456,2308.921016,1456.0,728.0,1.0,-5.659542768185017e-17,-4.605904322539377e-17,3.351355977390194e-17,0.5591929034707467,-0.8290375725550417,-5.645750768094514e-17,0.8290375725550418,0.5591929034707469
157,1,G:/S1/USA/2026-02-24_16-21-11snow/camera/left/1771971793896628992.jpg,pitch_up_56,2,539,D:\mipmap-lite\1fad9647-f717-4cd4-9391-11f219d7e5d1\snow\snow-20260827\result/.temp/undistort/539.jpg,0.0,2912,1456,2308.921016,1456.0,728.0,1.0000000000000004,-1.669672498901784e-16,1.7969574285779572e-16,-2.3446017744576254e-16,0.5591929034707469,-0.8290375725550422,9.242956683921823e-18,0.8290375725550421,0.5591929034707472
128,1,G:/S1/USA/2026-02-24_16-21-11snow/camera/left/1771971779395737088.jpg,pitch_up_56,2,547,D:\mipmap-lite\1fad9647-f717-4cd4-9391-11f219d7e5d1\snow\snow-20260827\result/.temp/undistort/547.jpg,0.0,2912,1456,2308.921016,1456.0,728.0,0.9999999999999998,9.514507927361528e-17,1.9958216731060996e-17,3.0448691449852606e-17,0.5591929034707467,-0.8290375725550416,6.07348805852669e-17,0.8290375725550415,0.5591929034707466
12,1,G:/S1/USA/2026-02-24_16-21-11snow/camera/left/1771971721392146944.jpg,pitch_up_56,2,549,D:\mipmap-lite\1fad9647-f717-4cd4-9391-11f219d7e5d1\snow\snow-20260827\result/.temp/undistort/549.jpg,0.0,2912,1456,2308.921016,1456.0,728.0,0.9999999999999998,-2.7021708052099768e-17,-6.660283760517865e-17,-1.6224472353743688e-17,0.5591929034707467,-0.8290375725550417,-1.0816294640901545e-16,0.8290375725550416,0.5591929034707467
41,1,G:/S1/USA/2026-02-24_16-21-11snow/camera/left/1771971735893041152.jpg,pitch_up_56,2,555,D:\mipmap-lite\1fad9647-f717-4cd4-9391-11f219d7e5d1\snow\snow-20260827\result/.temp/undistort/555.jpg,0.0,2912,1456,2308.921016,1456.0,728.0,1.0000000000000002,2.436790662864385e-17,1.6940113787588157e-16,-1.408389256318562e-16,0.5591929034707469,-0.8290375725550421,9.829836877800773e-17,0.829037572555042,0.559192903470747
70,1,G:/S1/USA/2026-02-24_16-21-11snow/camera/left/1771971750393963008.jpg,pitch_up_56,2,570,D:\mipmap-lite\1fad9647-f717-4cd4-9391-11f219d7e5d1\snow\snow-20260827\result/.temp/undistort/570.jpg,0.0,2912,1456,2308.921016,1456.0,728.0,1.0000000000000002,1.6537694702200265e-17,1.9308600076432233e-16,-1.3394057820307466e-16,0.5591929034707468,-0.8290375725550414,1.8731212844401778e-16,0.8290375725550415,0.5591929034707465
100,1,G:/S1/USA/2026-02-24_16-21-11snow/camera/left/1771971765394919168.jpg,pitch_up_56,2,572,D:\mipmap-lite\1fad9647-f717-4cd4-9391-11f219d7e5d1\snow\snow-20260827\result/.temp/undistort/572.jpg,0.0,2912,1456,2308.921016,1456.0,728.0,0.9999999999999996,2.111698098666425e-16,3.9062114977072144e-16,-2.529198546327257e-16,0.5591929034707468,-0.8290375725550415,4.114702948785519e-16,0.8290375725550414,0.5591929034707462
158,1,G:/S1/USA/2026-02-24_16-21-11snow/camera/left/1771971794396658176.jpg,pitch_up_56,2,585,D:\mipmap-lite\1fad9647-f717-4cd4-9391-11f219d7e5d1\snow\snow-20260827\result/.temp/undistort/585.jpg,0.0,2912,1456,2308.921016,1456.0,728.0,1.0,-6.329081179789416e-17,6.123037457449785e-17,-8.21111159252742e-17,0.5591929034707469,-0.829037572555042,-4.474361769823005e-17,0.8290375725550417,0.5591929034707469
129,1,G:/S1/USA/2026-02-24_16-21-11snow/camera/left/1771971779895808000.jpg,pitch_up_56,2,598,D:\mipmap-lite\1fad9647-f717-4cd4-9391-11f219d7e5d1\snow\snow-20260827\result/.temp/undistort/598.jpg,0.0,2912,1456,2308.921016,1456.0,728.0,1.0000000000000004,-3.5805744280749153e-17,-6.407171232967557e-17,8.333262082451223e-19,0.559192903470747,-0.8290375725550421,-4.462083395395922e-17,0.829037572555042,0.559192903470747
13,1,G:/S1/USA/2026-02-24_16-21-11snow/camera/left/1771971721892209152.jpg,pitch_up_56,2,596,D:\mipmap-lite\1fad9647-f717-4cd4-9391-11f219d7e5d1\snow\snow-20260827\result/.temp/undistort/596.jpg,0.0,2912,1456,2308.921016,1456.0,728.0,1.0000000000000002,-1.2704153071334982e-17,1.1415850479994573e-16,-6.124511888144592e-17,0.5591929034707468,-0.8290375725550418,1.0497018764502261e-16,0.8290375725550416,0.5591929034707467
101,1,G:/S1/USA/2026-02-24_16-21-11snow/camera/left/1771971765894939136.jpg,pitch_up_56,2,612,D:\mipmap-lite\1fad9647-f717-4cd4-9391-11f219d7e5d1\snow\snow-20260827\result/.temp/undistort/612.jpg,0.0,2912,1456,2308.921016,1456.0,728.0,0.9999999999999998,9.568884607319073e-18,2.4049892020840557e-16,-2.0673107927925162e-16,0.5591929034707469,-0.8290375725550416,1.6196225151358102e-16,0.8290375725550417,0.5591929034707466
42,1,G:/S1/USA/2026-02-24_16-21-11snow/camera/left/1771971736393105920.jpg,pitch_up_56,2,616,D:\mipmap-lite\1fad9647-f717-4cd4-9391-11f219d7e5d1\snow\snow-20260827\result/.temp/undistort/616.jpg,0.0,2912,1456,2308.921016,1456.0,728.0,1.0000000000000002,7.171530835594389e-17,5.858335784454001e-17,-1.1260355544075956e-17,0.5591929034707468,-0.8290375725550418,1.025149251850565e-16,0.8290375725550417,0.5591929034707469
71,1,G:/S1/USA/2026-02-24_16-21-11snow/camera/left/1771971750894003200.jpg,pitch_up_56,2,618,D:\mipmap-lite\1fad9647-f717-4cd4-9391-11f219d7e5d1\snow\snow-20260827\result/.temp/undistort/618.jpg,0.0,2912,1456,2308.921016,1456.0,728.0,1.0,9.080492080646666e-17,4.184407472000912e-17,2.6670169613772608e-17,0.5591929034707469,-0.8290375725550417,-6.189016157154392e-18,0.8290375725550417,0.5591929034707468
159,1,G:/S1/USA/2026-02-24_16-21-11snow/camera/left/1771971794896687104.jpg,pitch_up_56,2,633,D:\mipmap-lite\1fad9647-f717-4cd4-9391-11f219d7e5d1\snow\snow-20260827\result/.temp/undistort/633.jpg,0.0,2912,1456,2308.921016,1456.0,728.0,1.0,-7.008549758705517e-18,2.1278382611411083e-16,-1.0069260718113304e-16,0.5591929034707468,-0.829037572555042,1.5871811221306113e-16,0.8290375725550417,0.5591929034707469
14,1,G:/S1/USA/2026-02-24_16-21-11snow/camera/left/1771971722392210944.jpg,pitch_up_56,2,639,D:\mipmap-lite\1fad9647-f717-4cd4-9391-11f219d7e5d1\snow\snow-20260827\result/.temp/undistort/639.jpg,0.0,2912,1456,2308.921016,1456.0,728.0,0.9999999999999997,-1.1681670187677782e-17,-1.6924810986035372e-17,3.491727726140451e-17,0.5591929034707467,-0.8290375725550416,2.2919200813441463e-17,0.8290375725550415,0.5591929034707466
130,1,G:/S1/USA/2026-02-24_16-21-11snow/camera/left/1771971780395800064.jpg,pitch_up_56,2,647,D:\mipmap-lite\1fad9647-f717-4cd4-9391-11f219d7e5d1\snow\snow-20260827\result/.temp/undistort/647.jpg,0.0,2912,1456,2308.921016,1456.0,728.0,1.0000000000000002,-5.55896359600503e-17,-3.0263878566738973e-17,1.1629039637780837e-17,0.5591929034707468,-0.8290375725550415,-6.545529665705932e-17,0.8290375725550418,0.5591929034707468
43,1,G:/S1/USA/2026-02-24_16-21-11snow/camera/left/1771971736893157888.jpg,pitch_up_56,2,658,D:\mipmap-lite\1fad9647-f717-4cd4-9391-11f219d7e5d1\snow\snow-20260827\result/.temp/undistort/658.jpg,0.0,2912,1456,2308.921016,1456.0,728.0,0.9999999999999994,-2.0464207158509606e-17,-2.992638892056287e-16,2.275022367146031e-16,0.5591929034707468,-0.8290375725550412,-1.6498123760705892e-16,0.8290375725550415,0.5591929034707462
102,1,G:/S1/USA/2026-02-24_16-21-11snow/camera/left/1771971766394965248.jpg,pitch_up_56,2,661,D:\mipmap-lite\1fad9647-f717-4cd4-9391-11f219d7e5d1\snow\snow-20260827\result/.temp/undistort/661.jpg,0.0,2912,1456,2308.921016,1456.0,728.0,0.9999999999999997,1.9899528833929521e-16,2.329215911609175e-16,-1.5687834366960378e-16,0.5591929034707468,-0.8290375725550415,3.410819194969285e-16,0.8290375725550416,0.5591929034707465
72,1,G:/S1/USA/2026-02-24_16-21-11snow/camera/left/1771971751394077184.jpg,pitch_up_56,2,676,D:\mipmap-lite\1fad9647-f717-4cd4-9391-11f219d7e5d1\snow\snow-20260827\result/.temp/undistort/676.jpg,0.0,2912,1456,2308.921016,1456.0,728.0,0.9999999999999999,2.438594330121134e-17,1.9025219582995778e-16,-1.8924151359756497e-16,0.5591929034707468,-0.8290375725550413,1.231158610209828e-16,0.8290375725550416,0.5591929034707465
160,1,G:/S1/USA/2026-02-24_16-21-11snow/camera/left/1771971795396774912.jpg,pitch_up_56,2,681,D:\mipmap-lite\1fad9647-f717-4cd4-9391-11f219d7e5d1\snow\snow-20260827\result/.temp/undistort/681.jpg,0.0,2912,1456,2308.921016,1456.0,728.0,0.9999999999999999,-1.2970948191659837e-17,-1.904502309778661e-17,-2.811440615739379e-17,0.5591929034707468,-0.8290375725550416,-3.045295818674359e-17,0.8290375725550415,0.5591929034707466
131,1,G:/S1/USA/2026-02-24_16-21-11snow/camera/left/1771971780895830272.jpg,pitch_up_56,2,682,D:\mipmap-lite\1fad9647-f717-4cd4-9391-11f219d7e5d1\snow\snow-20260827\result/.temp/undistort/682.jpg,0.0,2912,1456,2308.921016,1456.0,728.0,0.9999999999999998,1.0956924722848146e-16,-6.202259879395863e-17,2.0354603300542695e-16,0.5591929034707467,-0.8290375725550415,4.29434524660948e-17,0.8290375725550416,0.5591929034707469
15,1,G:/S1/USA/2026-02-24_16-21-11snow/camera/left/1771971722892271872.jpg,pitch_up_56,2,683,D:\mipmap-lite\1fad9647-f717-4cd4-9391-11f219d7e5d1\snow\snow-20260827\result/.temp/undistort/683.jpg,0.0,2912,1456,2308.921016,1456.0,728.0,1.0,-1.0446986108110513e-18,3.0680047431652935e-17,-2.994079665488321e-17,0.5591929034707469,-0.8290375725550418,2.370161950843595e-17,0.829037572555042,0.559192903470747
103,1,G:/S1/USA/2026-02-24_16-21-11snow/camera/left/1771971766894998016.jpg,pitch_up_56,2,709,D:\mipmap-lite\1fad9647-f717-4cd4-9391-11f219d7e5d1\snow\snow-20260827\result/.temp/undistort/709.jpg,0.0,2912,1456,2308.921016,1456.0,728.0,0.9999999999999999,3.3637854489694e-17,7.941055350351833e-18,-4.081068145239182e-17,0.5591929034707468,-0.8290375725550416,5.811380218007558e-17,0.8290375725550416,0.5591929034707467
161,1,G:/S1/USA/2026-02-24_16-21-11snow/camera/left/1771971795896750080.jpg,pitch_up_56,2,718,D:\mipmap-lite\1fad9647-f717-4cd4-9391-11f219d7e5d1\snow\snow-20260827\result/.temp/undistort/718.jpg,0.0,2912,1456,2308.921016,1456.0,728.0,1.0000000000000002,-1.3987560952505024e-17,1.0713406978044003e-16,-9.041925049902777e-17,0.5591929034707468,-0.8290375725550418,4.963036659800908e-17,0.829037572555042,0.5591929034707469
44,1,G:/S1/USA/2026-02-24_16-21-11snow/camera/left/1771971737393171200.jpg,pitch_up_56,2,715,D:\mipmap-lite\1fad9647-f717-4cd4-9391-11f219d7e5d1\snow\snow-20260827\result/.temp/undistort/715.jpg,0.0,2912,1456,2308.921016,1456.0,728.0,1.0000000000000002,-7.129134013060768e-17,2.3648973325235885e-16,-2.1427835347996532e-16,0.5591929034707468,-0.829037572555042,5.487317277660301e-17,0.8290375725550418,0.5591929034707468
73,1,G:/S1/USA/2026-02-24_16-21-11snow/camera/left/1771971751894056192.jpg,pitch_up_56,2,732,D:\mipmap-lite\1fad9647-f717-4cd4-9391-11f219d7e5d1\snow\snow-20260827\result/.temp/undistort/732.jpg,0.0,2912,1456,2308.921016,1456.0,728.0,1.0,3.211410568224556e-17,-4.508275939288727e-16,2.6317599383061823e-16,0.5591929034707467,-0.8290375725550424,-1.8622163289738299e-16,0.8290375725550418,0.5591929034707472
16,1,G:/S1/USA/2026-02-24_16-21-11snow/camera/left/1771971723392303104.jpg,pitch_up_56,2,737,D:\mipmap-lite\1fad9647-f717-4cd4-9391-11f219d7e5d1\snow\snow-20260827\result/.temp/undistort/737.jpg,0.0,2912,1456,2308.921016,1456.0,728.0,0.9999999999999998,-1.0817761194306795e-16,3.4654331889567194e-18,1.78119272802562e-17,0.5591929034707466,-0.8290375725550416,-1.022137889792952e-16,0.8290375725550418,0.559192903470747
132,1,G:/S1/USA/2026-02-24_16-21-11snow/camera/left/1771971781395859968.jpg,pitch_up_56,2,734,D:\mipmap-lite\1fad9647-f717-4cd4-9391-11f219d7e5d1\snow\snow-20260827\result/.temp/undistort/734.jpg,0.0,2912,1456,2308.921016,1456.0,728.0,0.9999999999999999,1.0922384782472049e-16,-1.2170803722856585e-16,2.2140389227733898e-16,0.5591929034707468,-0.8290375725550416,1.7374072054660815e-17,0.8290375725550418,0.5591929034707468
162,1,G:/S1/USA/2026-02-24_16-21-11snow/camera/left/1771971796396781056.jpg,pitch_up_56,2,755,D:\mipmap-lite\1fad9647-f717-4cd4-9391-11f219d7e5d1\snow\snow-20260827\result/.temp/undistort/755.jpg,0.0,2912,1456,2308.921016,1456.0,728.0,1.0,-1.3932835556321e-17,4.924252019848167e-17,-5.465131922335162e-18,0.5591929034707468,-0.8290375725550416,3.4723897794009274e-17,0.8290375725550416,0.5591929034707467
104,1,G:/S1/USA/2026-02-24_16-21-11snow/camera/left/1771971767394990080.jpg,pitch_up_56,2,760,D:\mipmap-lite\1fad9647-f717-4cd4-9391-11f219d7e5d1\snow\snow-20260827\result/.temp/undistort/760.jpg,0.0,2912,1456,2308.921016,1456.0,728.0,1.0000000000000002,-9.096363030407052e-18,-2.0374930250719923e-16,1.402951265514284e-16,0.5591929034707469,-0.829037572555042,-1.415240398026261e-16,0.829037572555042,0.5591929034707469
45,1,G:/S1/USA/2026-02-24_16-21-11snow/camera/left/1771971737893216256.jpg,pitch_up_56,2,762,D:\mipmap-lite\1fad9647-f717-4cd4-9391-11f219d7e5d1\snow\snow-20260827\result/.temp/undistort/762.jpg,0.0,2912,1456,2308.921016,1456.0,728.0,0.9999999999999998,-1.2763930288033168e-16,8.536766955354754e-17,-1.543837991147325e-16,0.5591929034707467,-0.8290375725550416,-3.5875590437888543e-17,0.8290375725550417,0.5591929034707468
133,1,G:/S1/USA/2026-02-24_16-21-11snow/camera/left/1771971781895892224.jpg,pitch_up_56,2,784,D:\mipmap-lite\1fad9647-f717-4cd4-9391-11f219d7e5d1\snow\snow-20260827\result/.temp/undistort/784.jpg,0.0,2912,1456,2308.921016,1456.0,728.0,1.0,3.950461129805904e-17,-9.896451720862048e-17,1.1190703962117412e-16,0.5591929034707468,-0.8290375725550418,-7.840712300577657e-17,0.8290375725550418,0.5591929034707467
74,1,G:/S1/USA/2026-02-24_16-21-11snow/camera/left/1771971752394096128.jpg,pitch_up_56,2,781,D:\mipmap-lite\1fad9647-f717-4cd4-9391-11f219d7e5d1\snow\snow-20260827\result/.temp/undistort/781.jpg,0.0,2912,1456,2308.921016,1456.0,728.0,1.0,-1.1295445655166497e-16,-3.975284099292366e-16,1.6906493028412505e-16,0.5591929034707467,-0.8290375725550424,-2.60936915601567e-16,0.8290375725550421,0.5591929034707475
17,1,G:/S1/USA/2026-02-24_16-21-11snow/camera/left/1771971723892356096.jpg,pitch_up_56,2,782,D:\mipmap-lite\1fad9647-f717-4cd4-9391-11f219d7e5d1\snow\snow-20260827\result/.temp/undistort/782.jpg,0.0,2912,1456,2308.921016,1456.0,728.0,1.0,-1.6257373674337857e-17,-7.132823058452388e-17,-4.764961372924247e-18,0.5591929034707468,-0.8290375725550418,-3.0357095585569916e-18,0.829037572555042,0.5591929034707468
46,1,G:/S1/USA/2026-02-24_16-21-11snow/camera/left/1771971738393236992.jpg,pitch_up_56,2,812,D:\mipmap-lite\1fad9647-f717-4cd4-9391-11f219d7e5d1\snow\snow-20260827\result/.temp/undistort/812.jpg,0.0,2912,1456,2308.921016,1456.0,728.0,1.0,2.38160865042494e-17,7.279187220692706e-17,-8.887401488521151e-17,0.5591929034707469,-0.829037572555042,7.308807008577173e-17,0.829037572555042,0.559192903470747
105,1,G:/S1/USA/2026-02-24_16-21-11snow/camera/left/1771971767895051008.jpg,pitch_up_56,2,813,D:\mipmap-lite\1fad9647-f717-4cd4-9391-11f219d7e5d1\snow\snow-20260827\result/.temp/undistort/813.jpg,0.0,2912,1456,2308.921016,1456.0,728.0,1.0000000000000002,-8.20917510288724e-17,-7.1232362009402e-17,-3.1484374960835e-18,0.5591929034707469,-0.8290375725550417,-1.6026238930001061e-16,0.8290375725550418,0.5591929034707469
163,1,G:/S1/USA/2026-02-24_16-21-11snow/camera/left/1771971796896843008.jpg,pitch_up_56,2,808,D:\mipmap-lite\1fad9647-f717-4cd4-9391-11f219d7e5d1\snow\snow-20260827\result/.temp/undistort/808.jpg,0.0,2912,1456,2308.921016,1456.0,728.0,0.9999999999999998,-3.0872358147729514e-17,8.089189234859422e-17,-6.057196981285079e-17,0.5591929034707469,-0.829037572555042,-5.029826240079913e-18,0.8290375725550417,0.5591929034707469
134,1,G:/S1/USA/2026-02-24_16-21-11snow/camera/left/1771971782395972864.jpg,pitch_up_56,2,817,D:\mipmap-lite\1fad9647-f717-4cd4-9391-11f219d7e5d1\snow\snow-20260827\result/.temp/undistort/817.jpg,0.0,2912,1456,2308.921016,1456.0,728.0,1.0,8.020204838033123e-17,-3.138721191938123e-17,6.22072491578812e-17,0.5591929034707467,-0.8290375725550417,3.9530475287517896e-17,0.8290375725550417,0.5591929034707468
75,1,G:/S1/USA/2026-02-24_16-21-11snow/camera/left/1771971752894090240.jpg,pitch_up_56,2,827,D:\mipmap-lite\1fad9647-f717-4cd4-9391-11f219d7e5d1\snow\snow-20260827\result/.temp/undistort/827.jpg,0.0,2912,1456,2308.921016,1456.0,728.0,1.0,-3.48140705630859e-17,-2.3744853404262786e-16,1.1446220697584656e-16,0.5591929034707468,-0.8290375725550421,-1.1344517166659572e-16,0.8290375725550416,0.559192903470747
18,1,G:/S1/USA/2026-02-24_16-21-11snow/camera/left/1771971724392369920.jpg,pitch_up_56,2,836,D:\mipmap-lite\1fad9647-f717-4cd4-9391-11f219d7e5d1\snow\snow-20260827\result/.temp/undistort/836.jpg,0.0,2912,1456,2308.921016,1456.0,728.0,1.0000000000000004,-1.5047536859055105e-16,5.875719138003179e-17,-1.0586676675847859e-16,0.559192903470747,-0.8290375725550421,-6.052554971227842e-18,0.8290375725550418,0.5591929034707468
47,1,G:/S1/USA/2026-02-24_16-21-11snow/camera/left/1771971738893228032.jpg,pitch_up_56,2,846,D:\mipmap-lite\1fad9647-f717-4cd4-9391-11f219d7e5d1\snow\snow-20260827\result/.temp/undistort/846.jpg,0.0,2912,1456,2308.921016,1456.0,728.0,0.9999999999999999,9.446336654164329e-17,-2.4862613092516805e-16,2.2408654810626997e-16,0.5591929034707468,-0.8290375725550414,-1.0378082146616567e-16,0.8290375725550417,0.5591929034707466
164,1,G:/S1/USA/2026-02-24_16-21-11snow/camera/left/1771971797396843008.jpg,pitch_up_56,2,862,D:\mipmap-lite\1fad9647-f717-4cd4-9391-11f219d7e5d1\snow\snow-20260827\result/.temp/undistort/862.jpg,0.0,2912,1456,2308.921016,1456.0,728.0,1.0,5.0205137949084875e-17,-4.9575683642756625e-17,4.1191235221807136e-17,0.5591929034707469,-0.8290375725550418,5.635403000471579e-17,0.8290375725550417,0.5591929034707468
106,1,G:/S1/USA/2026-02-24_16-21-11snow/camera/left/1771971768395051008.jpg,pitch_up_56,2,867,D:\mipmap-lite\1fad9647-f717-4cd4-9391-11f219d7e5d1\snow\snow-20260827\result/.temp/undistort/867.jpg,0.0,2912,1456,2308.921016,1456.0,728.0,1.0000000000000002,6.250930974470689e-18,-1.7226303597850544e-16,8.78887516571786e-17,0.5591929034707468,-0.829037572555042,-1.2483480272025137e-16,0.8290375725550417,0.559192903470747
135,1,G:/S1/USA/2026-02-24_16-21-11snow/camera/left/1771971782895953152.jpg,pitch_up_56,2,872,D:\mipmap-lite\1fad9647-f717-4cd4-9391-11f219d7e5d1\snow\snow-20260827\result/.temp/undistort/872.jpg,0.0,2912,1456,2308.921016,1456.0,728.0,0.9999999999999999,3.350122300245868e-17,-1.1942756242753198e-16,6.708315022887156e-17,0.5591929034707467,-0.8290375725550416,-5.846865805013393e-17,0.8290375725550417,0.5591929034707468
76,1,G:/S1/USA/2026-02-24_16-21-11snow/camera/left/1771971753394169088.jpg,pitch_up_56,2,875,D:\mipmap-lite\1fad9647-f717-4cd4-9391-11f219d7e5d1\snow\snow-20260827\result/.temp/undistort/875.jpg,0.0,2912,1456,2308.921016,1456.0,728.0,1.0,-2.4091170757633648e-17,1.7133454096803265e-16,-1.695062612982818e-17,0.5591929034707468,-0.8290375725550416,2.928690456217995e-17,0.8290375725550417,0.5591929034707467
19,1,G:/S1/USA/2026-02-24_16-21-11snow/camera/left/1771971724892369920.jpg,pitch_up_56,2,882,D:\mipmap-lite\1fad9647-f717-4cd4-9391-11f219d7e5d1\snow\snow-20260827\result/.temp/undistort/882.jpg,0.0,2912,1456,2308.921016,1456.0,728.0,1.0,-1.1380355353464378e-16,-9.30852924534068e-17,-2.3645640516646887e-17,0.5591929034707469,-0.8290375725550418,-1.396492011849945e-16,0.8290375725550417,0.5591929034707467
48,1,G:/S1/USA/2026-02-24_16-21-11snow/camera/left/1771971739393291008.jpg,pitch_up_56,2,899,D:\mipmap-lite\1fad9647-f717-4cd4-9391-11f219d7e5d1\snow\snow-20260827\result/.temp/undistort/899.jpg,0.0,2912,1456,2308.921016,1456.0,728.0,0.9999999999999998,-5.077119601184218e-17,-1.275531711805657e-16,4.726777164678876e-18,0.5591929034707467,-0.8290375725550414,-3.7399131242938577e-17,0.8290375725550414,0.5591929034707465
165,1,G:/S1/USA/2026-02-24_16-21-11snow/camera/left/1771971797896913152.jpg,pitch_up_56,2,902,D:\mipmap-lite\1fad9647-f717-4cd4-9391-11f219d7e5d1\snow\snow-20260827\result/.temp/undistort/902.jpg,0.0,2912,1456,2308.921016,1456.0,728.0,1.0000000000000002,3.105598908823979e-17,-3.309309557951245e-17,6.457888498990705e-18,0.5591929034707467,-0.8290375725550416,1.0528330829495325e-17,0.829037572555042,0.5591929034707469
107,1,G:/S1/USA/2026-02-24_16-21-11snow/camera/left/1771971768895080960.jpg,pitch_up_56,2,919,D:\mipmap-lite\1fad9647-f717-4cd4-9391-11f219d7e5d1\snow\snow-20260827\result/.temp/undistort/919.jpg,0.0,2912,1456,2308.921016,1456.0,728.0,0.9999999999999993,1.0230366352341726e-16,1.565083561711074e-16,-5.950752588282904e-17,0.5591929034707467,-0.8290375725550415,1.5547622686525488e-16,0.8290375725550415,0.5591929034707466
136,1,G:/S1/USA/2026-02-24_16-21-11snow/camera/left/1771971783395984128.jpg,pitch_up_56,2,923,D:\mipmap-lite\1fad9647-f717-4cd4-9391-11f219d7e5d1\snow\snow-20260827\result/.temp/undistort/923.jpg,0.0,2912,1456,2308.921016,1456.0,728.0,1.0000000000000004,-1.3780819005396405e-17,1.7238503417264262e-16,-8.897172402258732e-17,0.5591929034707469,-0.8290375725550421,9.116741230171337e-17,0.8290375725550416,0.5591929034707468
77,1,G:/S1/USA/2026-02-24_16-21-11snow/camera/left/1771971753894149120.jpg,pitch_up_56,2,925,D:\mipmap-lite\1fad9647-f717-4cd4-9391-11f219d7e5d1\snow\snow-20260827\result/.temp/undistort/925.jpg,0.0,2912,1456,2308.921016,1456.0,728.0,1.0,-4.3217473764314474e-17,-8.41814233145639e-17,1.0825060807552062e-17,0.5591929034707467,-0.829037572555042,-7.437248134425994e-17,0.8290375725550418,0.559192903470747
20,1,G:/S1/USA/2026-02-24_16-21-11snow/camera/left/1771971725392425984.jpg,pitch_up_56,2,926,D:\mipmap-lite\1fad9647-f717-4cd4-9391-11f219d7e5d1\snow\snow-20260827\result/.temp/undistort/926.jpg,0.0,2912,1456,2308.921016,1456.0,728.0,1.0000000000000007,-7.052350105321103e-17,1.3580134469334478e-16,-1.4548104671726328e-16,0.5591929034707469,-0.8290375725550418,-6.153099671357932e-17,0.8290375725550422,0.5591929034707471
49,1,G:/S1/USA/2026-02-24_16-21-11snow/camera/left/1771971739893334272.jpg,pitch_up_56,2,948,D:\mipmap-lite\1fad9647-f717-4cd4-9391-11f219d7e5d1\snow\snow-20260827\result/.temp/undistort/948.jpg,0.0,2912,1456,2308.921016,1456.0,728.0,1.0,1.9898288347301386e-17,6.585666302112672e-17,-5.4558993559679703e-17,0.5591929034707467,-0.8290375725550424,5.92692536960908e-17,0.8290375725550418,0.5591929034707473
108,1,G:/S1/USA/2026-02-24_16-21-11snow/camera/left/1771971769395164928.jpg,pitch_up_56,2,952,D:\mipmap-lite\1fad9647-f717-4cd4-9391-11f219d7e5d1\snow\snow-20260827\result/.temp/undistort/952.jpg,0.0,2912,1456,2308.921016,1456.0,728.0,1.0000000000000002,3.498366387296433e-18,-8.552042288169352e-17,9.385301744778092e-17,0.5591929034707467,-0.8290375725550416,-7.388560105163806e-17,0.8290375725550418,0.5591929034707469
166,1,G:/S1/USA/2026-02-24_16-21-11snow/camera/left/1771971798396932096.jpg,pitch_up_56,2,953,D:\mipmap-lite\1fad9647-f717-4cd4-9391-11f219d7e5d1\snow\snow-20260827\result/.temp/undistort/953.jpg,0.0,2912,1456,2308.921016,1456.0,728.0,1.0,-5.5327908512281183e-17,6.061937638755835e-17,-1.0125745595236281e-16,0.5591929034707467,-0.8290375725550417,-6.310711144972374e-18,0.8290375725550418,0.5591929034707469
137,1,G:/S1/USA/2026-02-24_16-21-11snow/camera/left/1771971783896015104.jpg,pitch_up_56,2,969,D:\mipmap-lite\1fad9647-f717-4cd4-9391-11f219d7e5d1\snow\snow-20260827\result/.temp/undistort/969.jpg,0.0,2912,1456,2308.921016,1456.0,728.0,0.9999999999999997,1.2295294957175238e-17,-1.578567025463631e-17,2.945693192195295e-17,0.5591929034707467,-0.8290375725550415,6.465639227318117e-18,0.8290375725550415,0.5591929034707467
78,1,G:/S1/USA/2026-02-24_16-21-11snow/camera/left/1771971754394248960.jpg,pitch_up_56,2,977,D:\mipmap-lite\1fad9647-f717-4cd4-9391-11f219d7e5d1\snow\snow-20260827\result/.temp/undistort/977.jpg,0.0,2912,1456,2308.921016,1456.0,728.0,1.0,9.353915575914878e-17,2.6655290459313807e-16,-1.3324558865784552e-16,0.5591929034707469,-0.8290375725550413,1.8946682159051818e-16,0.8290375725550417,0.5591929034707465
21,1,G:/S1/USA/2026-02-24_16-21-11snow/camera/left/1771971725892430080.jpg,pitch_up_56,2,983,D:\mipmap-lite\1fad9647-f717-4cd4-9391-11f219d7e5d1\snow\snow-20260827\result/.temp/undistort/983.jpg,0.0,2912,1456,2308.921016,1456.0,728.0,1.0000000000000002,-7.248086952527809e-17,5.730510757369167e-17,9.403787035582127e-18,0.5591929034707469,-0.8290375725550418,-6.125952471914856e-17,0.8290375725550418,0.5591929034707468
50,1,G:/S1/USA/2026-02-24_16-21-11snow/camera/left/1771971740393352960.jpg,pitch_up_56,2,987,D:\mipmap-lite\1fad9647-f717-4cd4-9391-11f219d7e5d1\snow\snow-20260827\result/.temp/undistort/987.jpg,0.0,2912,1456,2308.921016,1456.0,728.0,1.0000000000000002,-2.226575496124652e-18,1.4338660716550007e-16,-9.870917729468626e-17,0.5591929034707468,-0.8290375725550421,1.5625065920624257e-16,0.829037572555042,0.559192903470747
109,1,G:/S1/USA/2026-02-24_16-21-11snow/camera/left/1771971769895145216.jpg,pitch_up_56,2,1006,D:\mipmap-lite\1fad9647-f717-4cd4-9391-11f219d7e5d1\snow\snow-20260827\result/.temp/undistort/1006.jpg,0.0,2912,1456,2308.921016,1456.0,728.0,0.9999999999999998,2.2340025901638235e-16,-5.824024760311077e-18,9.671519488893139e-17,0.5591929034707469,-0.8290375725550418,8.187112872031394e-17,0.8290375725550417,0.5591929034707468
138,1,G:/S1/USA/2026-02-24_16-21-11snow/camera/left/1771971784396047104.jpg,pitch_up_56,2,1008,D:\mipmap-lite\1fad9647-f717-4cd4-9391-11f219d7e5d1\snow\snow-20260827\result/.temp/undistort/1008.jpg,0.0,2912,1456,2308.921016,1456.0,728.0,0.9999999999999998,3.998474789023297e-17,-5.122603173221546e-17,8.982478666361513e-18,0.5591929034707468,-0.8290375725550416,-1.5939941936935295e-17,0.8290375725550416,0.5591929034707467
167,1,G:/S1/USA/2026-02-24_16-21-11snow/camera/left/1771971798896975104.jpg,pitch_up_56,2,1010,D:\mipmap-lite\1fad9647-f717-4cd4-9391-11f219d7e5d1\snow\snow-20260827\result/.temp/undistort/1010.jpg,0.0,2912,1456,2308.921016,1456.0,728.0,1.0000000000000002,6.182123712650792e-17,1.0778295958668967e-16,-1.3510268688876207e-17,0.5591929034707468,-0.8290375725550418,4.30360306101861e-17,0.8290375725550417,0.5591929034707469
79,1,G:/S1/USA/2026-02-24_16-21-11snow/camera/left/1771971754894260224.jpg,pitch_up_56,2,1025,D:\mipmap-lite\1fad9647-f717-4cd4-9391-11f219d7e5d1\snow\snow-20260827\result/.temp/undistort/1025.jpg,0.0,2912,1456,2308.921016,1456.0,728.0,0.9999999999999999,7.021023511654861e-17,3.116480572072353e-16,-3.3110296730374004e-16,0.559192903470747,-0.8290375725550411,2.779371846639734e-16,0.8290375725550414,0.5591929034707459
22,1,G:/S1/USA/2026-02-24_16-21-11snow/camera/left/1771971726392516096.jpg,pitch_up_56,2,1027,D:\mipmap-lite\1fad9647-f717-4cd4-9391-11f219d7e5d1\snow\snow-20260827\result/.temp/undistort/1027.jpg,0.0,2912,1456,2308.921016,1456.0,728.0,1.0,-2.978243483357975e-17,-2.6509025776020112e-17,7.703112523597215e-17,0.5591929034707469,-0.8290375725550417,-4.659765300342336e-17,0.8290375725550417,0.5591929034707468
51,1,G:/S1/USA/2026-02-24_16-21-11snow/camera/left/1771971740893403136.jpg,pitch_up_56,2,1032,D:\mipmap-lite\1fad9647-f717-4cd4-9391-11f219d7e5d1\snow\snow-20260827\result/.temp/undistort/1032.jpg,0.0,2912,1456,2308.921016,1456.0,728.0,1.0,-1.8918170193805804e-17,9.289197500426338e-17,-6.332912236048541e-17,0.5591929034707468,-0.8290375725550421,1.589839423556726e-17,0.8290375725550416,0.559192903470747
110,1,G:/S1/USA/2026-02-24_16-21-11snow/camera/left/1771971770395174144.jpg,pitch_up_56,2,1051,D:\mipmap-lite\1fad9647-f717-4cd4-9391-11f219d7e5d1\snow\snow-20260827\result/.temp/undistort/1051.jpg,0.0,2912,1456,2308.921016,1456.0,728.0,1.0000000000000004,-2.5475844292096153e-16,-5.145695078436362e-17,-9.362281405062682e-17,0.5591929034707467,-0.8290375725550418,-1.9382634446517213e-16,0.8290375725550421,0.559192903470747
168,1,G:/S1/USA/2026-02-24_16-21-11snow/camera/left/1771971799396962048.jpg,pitch_up_56,2,1057,D:\mipmap-lite\1fad9647-f717-4cd4-9391-11f219d7e5d1\snow\snow-20260827\result/.temp/undistort/1057.jpg,0.0,2912,1456,2308.921016,1456.0,728.0,0.9999999999999999,7.257896744771736e-17,2.2022350668194603e-17,-3.18593307719321e-17,0.5591929034707468,-0.8290375725550417,4.6544999034145566e-17,0.8290375725550415,0.5591929034707467
139,1,G:/S1/USA/2026-02-24_16-21-11snow/camera/left/1771971784896080896.jpg,pitch_up_56,2,1069,D:\mipmap-lite\1fad9647-f717-4cd4-9391-11f219d7e5d1\snow\snow-20260827\result/.temp/undistort/1069.jpg,0.0,2912,1456,2308.921016,1456.0,728.0,1.0000000000000004,-1.775251350187975e-16,5.60836660834486e-17,-9.28093167432458e-17,0.5591929034707471,-0.8290375725550422,-1.2575793741597596e-16,0.8290375725550422,0.559192903470747
52,1,G:/S1/USA/2026-02-24_16-21-11snow/camera/left/1771971741393437184.jpg,pitch_up_56,2,1076,D:\mipmap-lite\1fad9647-f717-4cd4-9391-11f219d7e5d1\snow\snow-20260827\result/.temp/undistort/1076.jpg,0.0,2912,1456,2308.921016,1456.0,728.0,1.0,-2.2969059173469517e-17,2.1125364545034858e-18,-2.336354779097211e-17,0.5591929034707469,-0.829037572555042,-2.0695863181832666e-17,0.8290375725550417,0.5591929034707469
23,1,G:/S1/USA/2026-02-24_16-21-11snow/camera/left/1771971726892492032.jpg,pitch_up_56,2,1078,D:\mipmap-lite\1fad9647-f717-4cd4-9391-11f219d7e5d1\snow\snow-20260827\result/.temp/undistort/1078.jpg,0.0,2912,1456,2308.921016,1456.0,728.0,1.0000000000000002,-2.3122418399654524e-17,5.2220284607902553e-17,-5.198202432208134e-17,0.5591929034707469,-0.8290375725550418,-7.978795827451821e-17,0.8290375725550417,0.5591929034707469
80,1,G:/S1/USA/2026-02-24_16-21-11snow/camera/left/1771971755394284032.jpg,pitch_up_56,2,1086,D:\mipmap-lite\1fad9647-f717-4cd4-9391-11f219d7e5d1\snow\snow-20260827\result/.temp/undistort/1086.jpg,0.0,2912,1456,2308.921016,1456.0,728.0,0.9999999999999999,-4.2175962685216136e-17,1.0055088210209336e-16,-6.697219263233198e-17,0.5591929034707468,-0.8290375725550417,9.899844763051922e-18,0.8290375725550414,0.5591929034707466
140,1,G:/S1/USA/2026-02-24_16-21-11snow/camera/left/1771971785396166144.jpg,pitch_up_56,2,1104,D:\mipmap-lite\1fad9647-f717-4cd4-9391-11f219d7e5d1\snow\snow-20260827\result/.temp/undistort/1104.jpg,0.0,2912,1456,2308.921016,1456.0,728.0,1.0,7.469951219828984e-17,-1.1218180374723184e-16,1.4156779239095882e-16,0.5591929034707468,-0.8290375725550417,3.699537802643811e-18,0.8290375725550416,0.5591929034707467
169,1,G:/S1/USA/2026-02-24_16-21-11snow/camera/left/1771971799897065216.jpg,pitch_up_56,2,1106,D:\mipmap-lite\1fad9647-f717-4cd4-9391-11f219d7e5d1\snow\snow-20260827\result/.temp/undistort/1106.jpg,0.0,2912,1456,2308.921016,1456.0,728.0,0.9999999999999998,8.04837737839982e-18,-2.58819471342912e-16,2.0716697500843452e-16,0.5591929034707467,-0.8290375725550413,-1.719924851054101e-16,0.8290375725550415,0.5591929034707463
111,1,G:/S1/USA/2026-02-24_16-21-11snow/camera/left/1771971770895256064.jpg,pitch_up_56,2,1113,D:\mipmap-lite\1fad9647-f717-4cd4-9391-11f219d7e5d1\snow\snow-20260827\result/.temp/undistort/1113.jpg,0.0,2912,1456,2308.921016,1456.0,728.0,1.0,-9.825322648392583e-18,-9.135366295397538e-17,4.046163999376176e-17,0.5591929034707469,-0.8290375725550417,6.4488533754031825e-18,0.8290375725550417,0.5591929034707467
53,1,G:/S1/USA/2026-02-24_16-21-11snow/camera/left/1771971741893411072.jpg,pitch_up_56,2,1120,D:\mipmap-lite\1fad9647-f717-4cd4-9391-11f219d7e5d1\snow\snow-20260827\result/.temp/undistort/1120.jpg,0.0,2912,1456,2308.921016,1456.0,728.0,1.0000000000000002,-1.2948771964462997e-16,-3.2086118202878275e-17,-2.1379370365251487e-17,0.5591929034707467,-0.8290375725550417,-1.2035243737998257e-17,0.8290375725550415,0.5591929034707469
24,1,G:/S1/USA/2026-02-24_16-21-11snow/camera/left/1771971727392551168.jpg,pitch_up_56,2,1129,D:\mipmap-lite\1fad9647-f717-4cd4-9391-11f219d7e5d1\snow\snow-20260827\result/.temp/undistort/1129.jpg,0.0,2912,1456,2308.921016,1456.0,728.0,0.9999999999999998,3.223198778797992e-17,-6.085462980192806e-17,-2.029938240326808e-17,0.5591929034707468,-0.8290375725550417,-2.0915749604336216e-19,0.8290375725550417,0.5591929034707467
81,1,G:/S1/USA/2026-02-24_16-21-11snow/camera/left/1771971755894273024.jpg,pitch_up_56,2,1136,D:\mipmap-lite\1fad9647-f717-4cd4-9391-11f219d7e5d1\snow\snow-20260827\result/.temp/undistort/1136.jpg,0.0,2912,1456,2308.921016,1456.0,728.0,1.0,5.197362644583854e-18,1.6943110215932768e-16,-1.603634519629479e-16,0.559192903470747,-0.8290375725550417,8.393096543978734e-17,0.8290375725550418,0.5591929034707467
170,1,G:/S1/USA/2026-02-24_16-21-11snow/camera/left/1771971800397076224.jpg,pitch_up_56,2,1146,D:\mipmap-lite\1fad9647-f717-4cd4-9391-11f219d7e5d1\snow\snow-20260827\result/.temp/undistort/1146.jpg,0.0,2912,1456,2308.921016,1456.0,728.0,1.0000000000000002,-1.044492496459854e-17,-6.872997335738752e-18,-4.285994035952053e-17,0.5591929034707469,-0.8290375725550416,-4.2092444419756443e-17,0.8290375725550416,0.5591929034707467
112,1,G:/S1/USA/2026-02-24_16-21-11snow/camera/left/1771971771395236864.jpg,pitch_up_56,2,1153,D:\mipmap-lite\1fad9647-f717-4cd4-9391-11f219d7e5d1\snow\snow-20260827\result/.temp/undistort/1153.jpg,0.0,2912,1456,2308.921016,1456.0,728.0,1.0000000000000007,-1.5890688893848872e-16,-2.2050586678769658e-16,6.237347060383621e-17,0.5591929034707468,-0.8290375725550418,-2.7926096396299353e-16,0.829037572555042,0.559192903470747
141,1,G:/S1/USA/2026-02-24_16-21-11snow/camera/left/1771971785896191232.jpg,pitch_up_56,2,1165,D:\mipmap-lite\1fad9647-f717-4cd4-9391-11f219d7e5d1\snow\snow-20260827\result/.temp/undistort/1165.jpg,0.0,2912,1456,2308.921016,1456.0,728.0,1.0,-1.8115755748607938e-16,1.2715846789103427e-16,-9.03421369965582e-17,0.5591929034707469,-0.8290375725550416,-9.801269750859931e-17,0.8290375725550418,0.5591929034707468
54,1,G:/S1/USA/2026-02-24_16-21-11snow/camera/left/1771971742393441024.jpg,pitch_up_56,2,1172,D:\mipmap-lite\1fad9647-f717-4cd4-9391-11f219d7e5d1\snow\snow-20260827\result/.temp/undistort/1172.jpg,0.0,2912,1456,2308.921016,1456.0,728.0,0.9999999999999999,9.35139416761391e-17,4.0176297529728206e-17,1.5970938226024653e-19,0.5591929034707467,-0.8290375725550426,8.762965377742209e-17,0.829037572555042,0.5591929034707477
25,1,G:/S1/USA/2026-02-24_16-21-11snow/camera/left/1771971727892552192.jpg,pitch_up_56,2,1175,D:\mipmap-lite\1fad9647-f717-4cd4-9391-11f219d7e5d1\snow\snow-20260827\result/.temp/undistort/1175.jpg,0.0,2912,1456,2308.921016,1456.0,728.0,1.0,-1.1245192799119956e-16,-1.7489884434900718e-16,9.87020941136137e-17,0.559192903470747,-0.8290375725550418,-1.7758827020224223e-16,0.8290375725550421,0.5591929034707469
82,1,G:/S1/USA/2026-02-24_16-21-11snow/camera/left/1771971756394333952.jpg,pitch_up_56,2,1180,D:\mipmap-lite\1fad9647-f717-4cd4-9391-11f219d7e5d1\snow\snow-20260827\result/.temp/undistort/1180.jpg,0.0,2912,1456,2308.921016,1456.0,728.0,1.0,8.771494965310932e-17,-6.246292804060588e-17,5.600622562988875e-17,0.5591929034707468,-0.829037572555042,5.1747203391580075e-17,0.8290375725550418,0.5591929034707469
113,1,G:/S1/USA/2026-02-24_16-21-11snow/camera/left/1771971771895267840.jpg,pitch_up_56,2,1196,D:\mipmap-lite\1fad9647-f717-4cd4-9391-11f219d7e5d1\snow\snow-20260827\result/.temp/undistort/1196.jpg,0.0,2912,1456,2308.921016,1456.0,728.0,1.0000000000000004,-2.0088512882898298e-17,-6.989188917071095e-17,4.4948881654867896e-18,0.5591929034707469,-0.829037572555042,-5.0245330754700325e-17,0.829037572555042,0.559192903470747
171,1,G:/S1/USA/2026-02-24_16-21-11snow/camera/left/1771971800897055232.jpg,pitch_up_56,2,1197,D:\mipmap-lite\1fad9647-f717-4cd4-9391-11f219d7e5d1\snow\snow-20260827\result/.temp/undistort/1197.jpg,0.0,2912,1456,2308.921016,1456.0,728.0,0.9999999999999998,-8.19213523845653e-17,2.47342097219564e-17,-4.545745912663796e-19,0.5591929034707467,-0.8290375725550414,-5.736472475164076e-17,0.8290375725550416,0.5591929034707466
55,1,G:/S1/USA/2026-02-24_16-21-11snow/camera/left/1771971742893552896.jpg,pitch_up_56,2,1220,D:\mipmap-lite\1fad9647-f717-4cd4-9391-11f219d7e5d1\snow\snow-20260827\result/.temp/undistort/1220.jpg,0.0,2912,1456,2308.921016,1456.0,728.0,1.0,1.4114685428249133e-17,1.5430808460271635e-16,-1.631128601213423e-16,0.5591929034707468,-0.829037572555041,7.733056123044423e-17,0.8290375725550417,0.5591929034707461
142,1,G:/S1/USA/2026-02-24_16-21-11snow/camera/left/1771971786396219904.jpg,pitch_up_56,2,1213,D:\mipmap-lite\1fad9647-f717-4cd4-9391-11f219d7e5d1\snow\snow-20260827\result/.temp/undistort/1213.jpg,0.0,2912,1456,2308.921016,1456.0,728.0,0.9999999999999997,2.3751738144260648e-17,-4.5867525239911813e-17,1.13709605774575e-16,0.5591929034707467,-0.8290375725550416,3.02374223277034e-17,0.8290375725550415,0.5591929034707468
83,1,G:/S1/USA/2026-02-24_16-21-11snow/camera/left/1771971756894338048.jpg,pitch_up_56,2,1226,D:\mipmap-lite\1fad9647-f717-4cd4-9391-11f219d7e5d1\snow\snow-20260827\result/.temp/undistort/1226.jpg,0.0,2912,1456,2308.921016,1456.0,728.0,1.0,1.514024593987746e-16,-2.3222452819070238e-17,8.904224486052254e-17,0.5591929034707468,-0.8290375725550417,4.7452458117767884e-17,0.8290375725550417,0.5591929034707468
26,1,G:/S1/USA/2026-02-24_16-21-11snow/camera/left/1771971728392615168.jpg,pitch_up_56,2,1227,D:\mipmap-lite\1fad9647-f717-4cd4-9391-11f219d7e5d1\snow\snow-20260827\result/.temp/undistort/1227.jpg,0.0,2912,1456,2308.921016,1456.0,728.0,1.0000000000000004,-1.6286412127410734e-17,-2.4792126650124516e-17,-1.1348192260914065e-17,0.5591929034707469,-0.829037572555042,-2.464818110148797e-17,0.829037572555042,0.5591929034707469
114,1,G:/S1/USA/2026-02-24_16-21-11snow/camera/left/1771971772395357184.jpg,pitch_up_56,2,1247,D:\mipmap-lite\1fad9647-f717-4cd4-9391-11f219d7e5d1\snow\snow-20260827\result/.temp/undistort/1247.jpg,0.0,2912,1456,2308.921016,1456.0,728.0,1.0,2.7470476597471252e-17,-4.681872750854531e-18,3.5943414105824315e-20,0.5591929034707467,-0.8290375725550415,-3.758606151261447e-17,0.8290375725550416,0.5591929034707467
56,1,G:/S1/USA/2026-02-24_16-21-11snow/camera/left/1771971743393538048.jpg,pitch_up_56,2,1266,D:\mipmap-lite\1fad9647-f717-4cd4-9391-11f219d7e5d1\snow\snow-20260827\result/.temp/undistort/1266.jpg,0.0,2912,1456,2308.921016,1456.0,728.0,0.9999999999999999,-3.576226145804598e-17,1.392163886370736e-17,2.29535189739454e-17,0.5591929034707466,-0.829037572555042,-4.811321181656759e-17,0.8290375725550417,0.5591929034707472
143,1,G:/S1/USA/2026-02-24_16-21-11snow/camera/left/1771971786896203008.jpg,pitch_up_56,2,1268,D:\mipmap-lite\1fad9647-f717-4cd4-9391-11f219d7e5d1\snow\snow-20260827\result/.temp/undistort/1268.jpg,0.0,2912,1456,2308.921016,1456.0,728.0,1.0,-1.733497653553995e-16,1.1858821605809188e-16,-2.1919190500284973e-16,0.5591929034707469,-0.8290375725550418,-1.1488651642525626e-16,0.829037572555042,0.5591929034707469
27,1,G:/S1/USA/2026-02-24_16-21-11snow/camera/left/1771971728892647936.jpg,pitch_up_56,2,1277,D:\mipmap-lite\1fad9647-f717-4cd4-9391-11f219d7e5d1\snow\snow-20260827\result/.temp/undistort/1277.jpg,0.0,2912,1456,2308.921016,1456.0,728.0,1.0,1.397594023018977e-17,1.8451939141822663e-16,-1.3832087013750904e-16,0.5591929034707469,-0.8290375725550418,2.1162662615612943e-17,0.8290375725550416,0.5591929034707468
84,1,G:/S1/USA/2026-02-24_16-21-11snow/camera/left/1771971757394393088.jpg,pitch_up_56,2,1275,D:\mipmap-lite\1fad9647-f717-4cd4-9391-11f219d7e5d1\snow\snow-20260827\result/.temp/undistort/1275.jpg,0.0,2912,1456,2308.921016,1456.0,728.0,0.9999999999999999,-5.3924953396128626e-17,-2.1135201375399923e-16,8.21148586665524e-17,0.5591929034707469,-0.8290375725550417,-1.1574284857878352e-16,0.8290375725550418,0.5591929034707467
115,1,G:/S1/USA/2026-02-24_16-21-11snow/camera/left/1771971772895385856.jpg,pitch_up_56,2,1295,D:\mipmap-lite\1fad9647-f717-4cd4-9391-11f219d7e5d1\snow\snow-20260827\result/.temp/undistort/1295.jpg,0.0,2912,1456,2308.921016,1456.0,728.0,1.0,2.478809265059567e-17,-7.692699416227532e-17,2.2738497423443342e-17,0.5591929034707468,-0.829037572555042,-2.1904898784246697e-17,0.8290375725550418,0.5591929034707469
144,1,G:/S1/USA/2026-02-24_16-21-11snow/camera/left/1771971787396233984.jpg,pitch_up_56,2,1307,D:\mipmap-lite\1fad9647-f717-4cd4-9391-11f219d7e5d1\snow\snow-20260827\result/.temp/undistort/1307.jpg,0.0,2912,1456,2308.921016,1456.0,728.0,1.0,5.575990401701143e-17,-3.2563365036055495e-17,6.105987908177643e-17,0.5591929034707469,-0.8290375725550418,2.306279065000022e-17,0.8290375725550416,0.5591929034707467
57,1,G:/S1/USA/2026-02-24_16-21-11snow/camera/left/1771971743893538048.jpg,pitch_up_56,2,1314,D:\mipmap-lite\1fad9647-f717-4cd4-9391-11f219d7e5d1\snow\snow-20260827\result/.temp/undistort/1314.jpg,0.0,2912,1456,2308.921016,1456.0,728.0,0.9999999999999998,5.4526445203476336e-18,-4.152208028477608e-17,4.5331798878255334e-17,0.5591929034707467,-0.8290375725550418,1.0814665046883207e-18,0.8290375725550416,0.5591929034707469
85,1,G:/S1/USA/2026-02-24_16-21-11snow/camera/left/1771971757894437120.jpg,pitch_up_56,2,1323,D:\mipmap-lite\1fad9647-f717-4cd4-9391-11f219d7e5d1\snow\snow-20260827\result/.temp/undistort/1323.jpg,0.0,2912,1456,2308.921016,1456.0,728.0,0.9999999999999999,1.381186218586846e-16,2.1091210655398452e-17,-1.8283444912101143e-17,0.5591929034707468,-0.8290375725550415,1.3408946224773557e-16,0.8290375725550416,0.5591929034707466
28,1,G:/S1/USA/2026-02-24_16-21-11snow/camera/left/1771971729392695040.jpg,pitch_up_56,2,1324,D:\mipmap-lite\1fad9647-f717-4cd4-9391-11f219d7e5d1\snow\snow-20260827\result/.temp/undistort/1324.jpg,0.0,2912,1456,2308.921016,1456.0,728.0,1.0000000000000002,-1.5187120854295103e-16,-7.809979049887642e-17,1.8799950398148787e-17,0.559192903470747,-0.829037572555042,-8.081405552062605e-17,0.8290375725550418,0.5591929034707469
116,1,G:/S1/USA/2026-02-24_16-21-11snow/camera/left/1771971773395394048.jpg,pitch_up_56,2,1339,D:\mipmap-lite\1fad9647-f717-4cd4-9391-11f219d7e5d1\snow\snow-20260827\result/.temp/undistort/1339.jpg,0.0,2912,1456,2308.921016,1456.0,728.0,0.9999999999999998,8.85203038868804e-17,9.548497360474412e-17,8.200842492225812e-18,0.5591929034707467,-0.8290375725550416,9.438603084586036e-17,0.8290375725550416,0.5591929034707467
58,1,G:/S1/USA/2026-02-24_16-21-11snow/camera/left/1771971744393569024.jpg,pitch_up_56,2,1343,D:\mipmap-lite\1fad9647-f717-4cd4-9391-11f219d7e5d1\snow\snow-20260827\result/.temp/undistort/1343.jpg,0.0,2912,1456,2308.921016,1456.0,728.0,1.0000000000000002,-8.484175759305607e-19,-1.722233197216179e-17,1.4842703562522095e-17,0.5591929034707467,-0.8290375725550416,-2.2517513762326702e-17,0.8290375725550416,0.5591929034707467
145,1,G:/S1/USA/2026-02-24_16-21-11snow/camera/left/1771971787896264960.jpg,pitch_up_56,2,1347,D:\mipmap-lite\1fad9647-f717-4cd4-9391-11f219d7e5d1\snow\snow-20260827\result/.temp/undistort/1347.jpg,0.0,2912,1456,2308.921016,1456.0,728.0,1.0000000000000004,-1.2096101712964959e-16,2.215295232163487e-16,-2.100969012544761e-16,0.5591929034707468,-0.8290375725550418,1.1465588479292981e-17,0.8290375725550417,0.5591929034707469
29,1,G:/S1/USA/2026-02-24_16-21-11snow/camera/left/1771971729892678912.jpg,pitch_up_56,2,1356,D:\mipmap-lite\1fad9647-f717-4cd4-9391-11f219d7e5d1\snow\snow-20260827\result/.temp/undistort/1356.jpg,0.0,2912,1456,2308.921016,1456.0,728.0,0.9999999999999999,-2.1744739669841293e-17,7.680416473363652e-17,-1.1455440124223056e-16,0.5591929034707469,-0.8290375725550417,1.0055722696307895e-16,0.8290375725550417,0.5591929034707468
86,1,G:/S1/USA/2026-02-24_16-21-11snow/camera/left/1771971758394462976.jpg,pitch_up_56,2,1359,D:\mipmap-lite\1fad9647-f717-4cd4-9391-11f219d7e5d1\snow\snow-20260827\result/.temp/undistort/1359.jpg,0.0,2912,1456,2308.921016,1456.0,728.0,1.0,-5.138050080113116e-18,-2.1774937644470162e-16,5.596987377739476e-17,0.5591929034707468,-0.829037572555042,-1.2312889586242183e-16,0.8290375725550417,0.5591929034707468
87,1,G:/S1/USA/2026-02-24_16-21-11snow/camera/left/1771971758894461184.jpg,pitch_up_56,2,1367,D:\mipmap-lite\1fad9647-f717-4cd4-9391-11f219d7e5d1\snow\snow-20260827\result/.temp/undistort/1367.jpg,0.0,2912,1456,2308.921016,1456.0,728.0,1.0000000000000002,-1.1430514716359413e-16,-1.9093529605621648e-16,1.4307437468997826e-17,0.5591929034707469,-0.8290375725550421,-1.5712677938711366e-16,0.829037572555042,0.559192903470747
1,1,G:/S1/USA/2026-02-24_16-21-11snow/camera/left/1771971715891788032.jpg,pitch_down_56,3,37,D:\mipmap-lite\1fad9647-f717-4cd4-9391-11f219d7e5d1\snow\snow-20260827\result/.temp/undistort/37.jpg,0.0,2912,1456,2308.921016,1456.0,728.0,0.9999999999999999,1.7167151845785952e-17,5.7529302598218705e-18,4.2503874747594646e-17,0.5591929034707468,0.8290375725550417,-1.6045340031849477e-18,-0.8290375725550417,0.5591929034707468
146,1,G:/S1/USA/2026-02-24_16-21-11snow/camera/left/1771971788396321024.jpg,pitch_down_56,3,38,D:\mipmap-lite\1fad9647-f717-4cd4-9391-11f219d7e5d1\snow\snow-20260827\result/.temp/undistort/38.jpg,0.0,2912,1456,2308.921016,1456.0,728.0,0.9999999999999998,4.9060670728954246e-17,6.660144223463205e-17,9.121451817861758e-17,0.5591929034707466,0.8290375725550414,-5.171990832349223e-17,-0.8290375725550416,0.5591929034707467
88,1,G:/S1/USA/2026-02-24_16-21-11snow/camera/left/1771971759394525952.jpg,pitch_down_56,3,39,D:\mipmap-lite\1fad9647-f717-4cd4-9391-11f219d7e5d1\snow\snow-20260827\result/.temp/undistort/39.jpg,0.0,2912,1456,2308.921016,1456.0,728.0,1.0000000000000002,-1.71441923933367e-16,-1.2251549257815153e-16,-1.750624656178933e-16,0.5591929034707468,0.8290375725550417,3.127911676528658e-17,-0.829037572555042,0.5591929034707469
59,1,G:/S1/USA/2026-02-24_16-21-11snow/camera/left/1771971744893625088.jpg,pitch_down_56,3,41,D:\mipmap-lite\1fad9647-f717-4cd4-9391-11f219d7e5d1\snow\snow-20260827\result/.temp/undistort/41.jpg,0.0,2912,1456,2308.921016,1456.0,728.0,1.0,5.991377253715469e-17,-3.9431966177579504e-17,2.898212137949515e-17,0.5591929034707471,0.8290375725550418,-5.194403504759034e-17,-0.8290375725550418,0.5591929034707468
117,1,G:/S1/USA/2026-02-24_16-21-11snow/camera/left/1771971773895457024.jpg,pitch_down_56,3,43,D:\mipmap-lite\1fad9647-f717-4cd4-9391-11f219d7e5d1\snow\snow-20260827\result/.temp/undistort/43.jpg,0.0,2912,1456,2308.921016,1456.0,728.0,0.9999999999999998,3.937354234654076e-17,1.259052465466026e-16,8.366251606791395e-17,0.5591929034707467,0.8290375725550414,1.1963861962436254e-18,-0.8290375725550415,0.5591929034707466
30,1,G:/S1/USA/2026-02-24_16-21-11snow/camera/left/1771971730392763136.jpg,pitch_down_56,3,44,D:\mipmap-lite\1fad9647-f717-4cd4-9391-11f219d7e5d1\snow\snow-20260827\result/.temp/undistort/44.jpg,0.0,2912,1456,2308.921016,1456.0,728.0,0.9999999999999997,-4.268504196056608e-18,1.5318060462769502e-16,1.0126749294066266e-16,0.5591929034707467,0.8290375725550416,8.501666167692709e-17,-0.8290375725550417,0.5591929034707468
2,1,G:/S1/USA/2026-02-24_16-21-11snow/camera/left/1771971716391821056.jpg,pitch_down_56,3,75,D:\mipmap-lite\1fad9647-f717-4cd4-9391-11f219d7e5d1\snow\snow-20260827\result/.temp/undistort/75.jpg,0.0,2912,1456,2308.921016,1456.0,728.0,1.0,-1.9455524330197056e-18,5.909548579066104e-17,2.521819462876568e-17,0.5591929034707468,0.8290375725550417,-4.226792092562759e-18,-0.8290375725550415,0.5591929034707466
147,1,G:/S1/USA/2026-02-24_16-21-11snow/camera/left/1771971788896326912.jpg,pitch_down_56,3,78,D:\mipmap-lite\1fad9647-f717-4cd4-9391-11f219d7e5d1\snow\snow-20260827\result/.temp/undistort/78.jpg,0.0,2912,1456,2308.921016,1456.0,728.0,1.0000000000000007,3.8199939129653235e-17,-1.8842862465254783e-16,-1.4884135229235605e-16,0.5591929034707469,0.829037572555042,-1.4066277337375713e-17,-0.8290375725550417,0.5591929034707468
89,1,G:/S1/USA/2026-02-24_16-21-11snow/camera/left/1771971759894524928.jpg,pitch_down_56,3,88,D:\mipmap-lite\1fad9647-f717-4cd4-9391-11f219d7e5d1\snow\snow-20260827\result/.temp/undistort/88.jpg,0.0,2912,1456,2308.921016,1456.0,728.0,0.9999999999999998,-5.2871799165290726e-17,1.3182334003761045e-17,-8.444351061719995e-17,0.5591929034707467,0.8290375725550418,7.459983351387033e-18,-0.8290375725550415,0.5591929034707467
31,1,G:/S1/USA/2026-02-24_16-21-11snow/camera/left/1771971730892815104.jpg,pitch_down_56,3,92,D:\mipmap-lite\1fad9647-f717-4cd4-9391-11f219d7e5d1\snow\snow-20260827\result/.temp/undistort/92.jpg,0.0,2912,1456,2308.921016,1456.0,728.0,1.0000000000000002,1.7548331401198518e-17,-5.135875302322485e-17,2.2075493403980342e-18,0.5591929034707469,0.8290375725550421,-1.0676723960508919e-17,-0.8290375725550417,0.5591929034707469
118,1,G:/S1/USA/2026-02-24_16-21-11snow/camera/left/1771971774395424000.jpg,pitch_down_56,3,100,D:\mipmap-lite\1fad9647-f717-4cd4-9391-11f219d7e5d1\snow\snow-20260827\result/.temp/undistort/100.jpg,0.0,2912,1456,2308.921016,1456.0,728.0,0.9999999999999997,-2.4612609154560086e-17,2.1960414039914178e-16,2.3399537395561255e-16,0.5591929034707468,0.8290375725550417,1.4918196229478903e-16,-0.8290375725550415,0.5591929034707467
60,1,G:/S1/USA/2026-02-24_16-21-11snow/camera/left/1771971745393674240.jpg,pitch_down_56,3,93,D:\mipmap-lite\1fad9647-f717-4cd4-9391-11f219d7e5d1\snow\snow-20260827\result/.temp/undistort/93.jpg,0.0,2912,1456,2308.921016,1456.0,728.0,1.0,-1.1098528142812279e-16,-9.252144957830041e-17,-1.4078887461380057e-16,0.5591929034707462,0.8290375725550415,5.575269907748826e-17,-0.829037572555041,0.5591929034707469
148,1,G:/S1/USA/2026-02-24_16-21-11snow/camera/left/1771971789396357888.jpg,pitch_down_56,3,121,D:\mipmap-lite\1fad9647-f717-4cd4-9391-11f219d7e5d1\snow\snow-20260827\result/.temp/undistort/121.jpg,0.0,2912,1456,2308.921016,1456.0,728.0,1.0,1.0221150323574115e-17,8.341471648938788e-17,-2.2011637148788365e-17,0.5591929034707468,0.8290375725550417,6.163049532961223e-17,-0.8290375725550418,0.5591929034707468
32,1,G:/S1/USA/2026-02-24_16-21-11snow/camera/left/1771971731392765952.jpg,pitch_down_56,3,122,D:\mipmap-lite\1fad9647-f717-4cd4-9391-11f219d7e5d1\snow\snow-20260827\result/.temp/undistort/122.jpg,0.0,2912,1456,2308.921016,1456.0,728.0,0.9999999999999998,1.6854761875695165e-16,9.933587233837009e-18,9.956074214592183e-17,0.5591929034707467,0.8290375725550417,-1.1751195258225268e-16,-0.8290375725550417,0.5591929034707469
3,1,G:/S1/USA/2026-02-24_16-21-11snow/camera/left/1771971716891852032.jpg,pitch_down_56,3,123,D:\mipmap-lite\1fad9647-f717-4cd4-9391-11f219d7e5d1\snow\snow-20260827\result/.temp/undistort/123.jpg,0.0,2912,1456,2308.921016,1456.0,728.0,0.9999999999999999,1.0678669938908152e-16,-6.674525645050972e-17,-6.012006125773723e-19,0.5591929034707469,0.8290375725550417,-1.5039297121932115e-16,-0.8290375725550418,0.5591929034707468
90,1,G:/S1/USA/2026-02-24_16-21-11snow/camera/left/1771971760394555136.jpg,pitch_down_56,3,131,D:\mipmap-lite\1fad9647-f717-4cd4-9391-11f219d7e5d1\snow\snow-20260827\result/.temp/undistort/131.jpg,0.0,2912,1456,2308.921016,1456.0,728.0,1.0000000000000004,4.2972840715347803e-16,-1.339282588843645e-16,1.1398108257001141e-16,0.5591929034707472,0.8290375725550418,-3.5939231188369496e-16,-0.8290375725550423,0.5591929034707468
119,1,G:/S1/USA/2026-02-24_16-21-11snow/camera/left/1771971774895488000.jpg,pitch_down_56,3,135,D:\mipmap-lite\1fad9647-f717-4cd4-9391-11f219d7e5d1\snow\snow-20260827\result/.temp/undistort/135.jpg,0.0,2912,1456,2308.921016,1456.0,728.0,0.9999999999999998,-1.608441668220766e-16,-3.018265367476368e-17,-3.057741574444819e-17,0.5591929034707468,0.8290375725550416,1.213665154069605e-16,-0.829037572555042,0.5591929034707468
61,1,G:/S1/USA/2026-02-24_16-21-11snow/camera/left/1771971745893655040.jpg,pitch_down_56,3,150,D:\mipmap-lite\1fad9647-f717-4cd4-9391-11f219d7e5d1\snow\snow-20260827\result/.temp/undistort/150.jpg,0.0,2912,1456,2308.921016,1456.0,728.0,1.0,-4.428394868575624e-17,-2.6510432971569013e-17,-1.9689868616358536e-18,0.5591929034707467,0.8290375725550416,3.4674653100932234e-17,-0.8290375725550418,0.559192903470747
149,1,G:/S1/USA/2026-02-24_16-21-11snow/camera/left/1771971789896388096.jpg,pitch_down_56,3,169,D:\mipmap-lite\1fad9647-f717-4cd4-9391-11f219d7e5d1\snow\snow-20260827\result/.temp/undistort/169.jpg,0.0,2912,1456,2308.921016,1456.0,728.0,1.0000000000000004,-1.0405472763362894e-16,-1.3299202639843527e-16,-1.9921261241846298e-16,0.5591929034707469,0.8290375725550418,3.030064312903361e-17,-0.8290375725550418,0.5591929034707469
91,1,G:/S1/USA/2026-02-24_16-21-11snow/camera/left/1771971760894637056.jpg,pitch_down_56,3,176,D:\mipmap-lite\1fad9647-f717-4cd4-9391-11f219d7e5d1\snow\snow-20260827\result/.temp/undistort/176.jpg,0.0,2912,1456,2308.921016,1456.0,728.0,1.0000000000000002,6.401732881035399e-17,1.3464485078498417e-16,1.250156433471993e-16,0.559192903470747,0.8290375725550417,1.4611544294295675e-17,-0.829037572555042,0.5591929034707467
33,1,G:/S1/USA/2026-02-24_16-21-11snow/camera/left/1771971731892795136.jpg,pitch_down_56,3,174,D:\mipmap-lite\1fad9647-f717-4cd4-9391-11f219d7e5d1\snow\snow-20260827\result/.temp/undistort/174.jpg,0.0,2912,1456,2308.921016,1456.0,728.0,0.9999999999999997,2.6388941632287314e-16,1.908085157274537e-17,1.567122337057124e-16,0.5591929034707463,0.8290375725550415,-2.0431674021839235e-16,-0.8290375725550415,0.5591929034707468
4,1,G:/S1/USA/2026-02-24_16-21-11snow/camera/left/1771971717391916032.jpg,pitch_down_56,3,175,D:\mipmap-lite\1fad9647-f717-4cd4-9391-11f219d7e5d1\snow\snow-20260827\result/.temp/undistort/175.jpg,0.0,2912,1456,2308.921016,1456.0,728.0,1.0,5.975364177464751e-17,-3.2425130334394045e-17,7.770136806133177e-18,0.5591929034707468,0.8290375725550418,-1.1180628720684926e-17,-0.829037572555042,0.5591929034707469
120,1,G:/S1/USA/2026-02-24_16-21-11snow/camera/left/1771971775395489024.jpg,pitch_down_56,3,181,D:\mipmap-lite\1fad9647-f717-4cd4-9391-11f219d7e5d1\snow\snow-20260827\result/.temp/undistort/181.jpg,0.0,2912,1456,2308.921016,1456.0,728.0,0.9999999999999994,-8.059741561920444e-17,8.397767488295184e-17,4.464723743189379e-17,0.5591929034707467,0.8290375725550413,1.298020525336636e-16,-0.8290375725550415,0.5591929034707466
62,1,G:/S1/USA/2026-02-24_16-21-11snow/camera/left/1771971746393715200.jpg,pitch_down_56,3,205,D:\mipmap-lite\1fad9647-f717-4cd4-9391-11f219d7e5d1\snow\snow-20260827\result/.temp/undistort/205.jpg,0.0,2912,1456,2308.921016,1456.0,728.0,1.0,-2.4196362918836057e-16,-9.940075285174828e-17,-1.4511727770450112e-16,0.559192903470746,0.8290375725550415,1.4528113562970433e-16,-0.8290375725550411,0.559192903470747
150,1,G:/S1/USA/2026-02-24_16-21-11snow/camera/left/1771971790396419072.jpg,pitch_down_56,3,210,D:\mipmap-lite\1fad9647-f717-4cd4-9391-11f219d7e5d1\snow\snow-20260827\result/.temp/undistort/210.jpg,0.0,2912,1456,2308.921016,1456.0,728.0,0.9999999999999997,1.6589763232251714e-16,3.5385801627660784e-17,1.0047545322949504e-16,0.5591929034707466,0.8290375725550414,-8.459615344979986e-17,-0.8290375725550414,0.5591929034707466
92,1,G:/S1/USA/2026-02-24_16-21-11snow/camera/left/1771971761394644992.jpg,pitch_down_56,3,213,D:\mipmap-lite\1fad9647-f717-4cd4-9391-11f219d7e5d1\snow\snow-20260827\result/.temp/undistort/213.jpg,0.0,2912,1456,2308.921016,1456.0,728.0,0.9999999999999999,9.855966429305461e-17,-3.419901032177708e-17,1.1007617190893157e-16,0.5591929034707468,0.8290375725550416,-8.548192497297352e-17,-0.8290375725550418,0.5591929034707467
5,1,G:/S1/USA/2026-02-24_16-21-11snow/camera/left/1771971717891949056.jpg,pitch_down_56,3,226,D:\mipmap-lite\1fad9647-f717-4cd4-9391-11f219d7e5d1\snow\snow-20260827\result/.temp/undistort/226.jpg,0.0,2912,1456,2308.921016,1456.0,728.0,1.0,7.916412587289388e-17,2.5058673838725012e-17,1.1331344920186311e-17,0.5591929034707468,0.8290375725550417,1.908820032405056e-17,-0.8290375725550418,0.5591929034707468
34,1,G:/S1/USA/2026-02-24_16-21-11snow/camera/left/1771971732392879872.jpg,pitch_down_56,3,227,D:\mipmap-lite\1fad9647-f717-4cd4-9391-11f219d7e5d1\snow\snow-20260827\result/.temp/undistort/227.jpg,0.0,2912,1456,2308.921016,1456.0,728.0,0.9999999999999996,9.216330210101245e-17,3.871484858440605e-17,5.804190947359731e-17,0.5591929034707467,0.8290375725550416,-5.820783154109825e-17,-0.8290375725550415,0.5591929034707467
121,1,G:/S1/USA/2026-02-24_16-21-11snow/camera/left/1771971775895520000.jpg,pitch_down_56,3,230,D:\mipmap-lite\1fad9647-f717-4cd4-9391-11f219d7e5d1\snow\snow-20260827\result/.temp/undistort/230.jpg,0.0,2912,1456,2308.921016,1456.0,728.0,0.9999999999999999,7.617379012812491e-17,-2.217872596328507e-16,-8.756700463228355e-17,0.5591929034707467,0.8290375725550416,-1.1324746885021374e-16,-0.8290375725550416,0.5591929034707467
63,1,G:/S1/USA/2026-02-24_16-21-11snow/camera/left/1771971746893758976.jpg,pitch_down_56,3,250,D:\mipmap-lite\1fad9647-f717-4cd4-9391-11f219d7e5d1\snow\snow-20260827\result/.temp/undistort/250.jpg,0.0,2912,1456,2308.921016,1456.0,728.0,1.0000000000000002,5.463551812181916e-17,5.442207205343707e-17,1.1545381273584065e-16,0.5591929034707469,0.8290375725550417,-4.4237162050248326e-17,-0.8290375725550418,0.5591929034707467
151,1,G:/S1/USA/2026-02-24_16-21-11snow/camera/left/1771971790896451072.jpg,pitch_down_56,3,252,D:\mipmap-lite\1fad9647-f717-4cd4-9391-11f219d7e5d1\snow\snow-20260827\result/.temp/undistort/252.jpg,0.0,2912,1456,2308.921016,1456.0,728.0,1.0000000000000002,1.1153132672613166e-17,3.4363731227286475e-18,-5.62012297733247e-17,0.559192903470747,0.829037572555042,-4.385019777716247e-17,-0.8290375725550418,0.5591929034707468
93,1,G:/S1/USA/2026-02-24_16-21-11snow/camera/left/1771971761894649088.jpg,pitch_down_56,3,267,D:\mipmap-lite\1fad9647-f717-4cd4-9391-11f219d7e5d1\snow\snow-20260827\result/.temp/undistort/267.jpg,0.0,2912,1456,2308.921016,1456.0,728.0,0.9999999999999998,-3.376538501813677e-16,-3.1176968333250243e-17,-2.2243442909725774e-16,0.5591929034707466,0.8290375725550417,2.6410169754812336e-16,-0.8290375725550413,0.5591929034707468
6,1,G:/S1/USA/2026-02-24_16-21-11snow/camera/left/1771971718391991040.jpg,pitch_down_56,3,276,D:\mipmap-lite\1fad9647-f717-4cd4-9391-11f219d7e5d1\snow\snow-20260827\result/.temp/undistort/276.jpg,0.0,2912,1456,2308.921016,1456.0,728.0,1.0000000000000002,-2.589012423115064e-17,1.418826622362248e-19,-1.6673515557821453e-17,0.5591929034707468,0.8290375725550416,1.9992390148680544e-17,-0.8290375725550418,0.5591929034707468
122,1,G:/S1/USA/2026-02-24_16-21-11snow/camera/left/1771971776395580160.jpg,pitch_down_56,3,273,D:\mipmap-lite\1fad9647-f717-4cd4-9391-11f219d7e5d1\snow\snow-20260827\result/.temp/undistort/273.jpg,0.0,2912,1456,2308.921016,1456.0,728.0,1.0,3.738472334739013e-17,-2.3220009331236385e-17,-2.984321681332283e-17,0.5591929034707468,0.8290375725550417,-1.4397140371744635e-17,-0.8290375725550417,0.5591929034707468
35,1,G:/S1/USA/2026-02-24_16-21-11snow/camera/left/1771971732892856064.jpg,pitch_down_56,3,277,D:\mipmap-lite\1fad9647-f717-4cd4-9391-11f219d7e5d1\snow\snow-20260827\result/.temp/undistort/277.jpg,0.0,2912,1456,2308.921016,1456.0,728.0,1.0,-5.5057761434755443e-17,-6.851142024232511e-17,-6.710284747483943e-17,0.5591929034707469,0.8290375725550417,2.633315443635461e-17,-0.8290375725550417,0.5591929034707468
64,1,G:/S1/USA/2026-02-24_16-21-11snow/camera/left/1771971747393777152.jpg,pitch_down_56,3,293,D:\mipmap-lite\1fad9647-f717-4cd4-9391-11f219d7e5d1\snow\snow-20260827\result/.temp/undistort/293.jpg,0.0,2912,1456,2308.921016,1456.0,728.0,0.9999999999999999,8.512605095959445e-18,-5.514140012729719e-17,-9.256090844385738e-17,0.5591929034707466,0.8290375725550416,6.282894025177903e-18,-0.8290375725550415,0.5591929034707466
152,1,G:/S1/USA/2026-02-24_16-21-11snow/camera/left/1771971791396482048.jpg,pitch_down_56,3,303,D:\mipmap-lite\1fad9647-f717-4cd4-9391-11f219d7e5d1\snow\snow-20260827\result/.temp/undistort/303.jpg,0.0,2912,1456,2308.921016,1456.0,728.0,0.9999999999999998,1.7593009929105747e-16,1.2759865082404276e-16,2.752924703535967e-16,0.5591929034707466,0.8290375725550414,-7.347457647775488e-17,-0.8290375725550416,0.5591929034707467
94,1,G:/S1/USA/2026-02-24_16-21-11snow/camera/left/1771971762394705920.jpg,pitch_down_56,3,319,D:\mipmap-lite\1fad9647-f717-4cd4-9391-11f219d7e5d1\snow\snow-20260827\result/.temp/undistort/319.jpg,0.0,2912,1456,2308.921016,1456.0,728.0,1.0000000000000002,2.2864825429041725e-16,6.287533639405453e-17,1.7646020744415646e-16,0.5591929034707469,0.8290375725550417,-2.3626311359350217e-16,-0.8290375725550422,0.5591929034707469
7,1,G:/S1/USA/2026-02-24_16-21-11snow/camera/left/1771971718892033024.jpg,pitch_down_56,3,321,D:\mipmap-lite\1fad9647-f717-4cd4-9391-11f219d7e5d1\snow\snow-20260827\result/.temp/undistort/321.jpg,0.0,2912,1456,2308.921016,1456.0,728.0,1.0000000000000002,-8.242320260872825e-17,9.86802125831378e-19,2.998739930085665e-18,0.5591929034707469,0.8290375725550418,3.388810940102381e-17,-0.8290375725550418,0.5591929034707469
36,1,G:/S1/USA/2026-02-24_16-21-11snow/camera/left/1771971733392938240.jpg,pitch_down_56,3,323,D:\mipmap-lite\1fad9647-f717-4cd4-9391-11f219d7e5d1\snow\snow-20260827\result/.temp/undistort/323.jpg,0.0,2912,1456,2308.921016,1456.0,728.0,0.9999999999999996,1.938974282324876e-16,1.5336456356608305e-17,1.2452907901006658e-16,0.5591929034707465,0.8290375725550414,-1.4311873479802225e-16,-0.8290375725550414,0.5591929034707469
123,1,G:/S1/USA/2026-02-24_16-21-11snow/camera/left/1771971776895583232.jpg,pitch_down_56,3,324,D:\mipmap-lite\1fad9647-f717-4cd4-9391-11f219d7e5d1\snow\snow-20260827\result/.temp/undistort/324.jpg,0.0,2912,1456,2308.921016,1456.0,728.0,1.0000000000000004,-5.423201224422313e-17,1.88659163180107e-17,-7.338905777993035e-17,0.5591929034707471,0.8290375725550422,-1.6003079378621046e-17,-0.8290375725550422,0.559192903470747
65,1,G:/S1/USA/2026-02-24_16-21-11snow/camera/left/1771971747893807104.jpg,pitch_down_56,3,337,D:\mipmap-lite\1fad9647-f717-4cd4-9391-11f219d7e5d1\snow\snow-20260827\result/.temp/undistort/337.jpg,0.0,2912,1456,2308.921016,1456.0,728.0,1.0,-3.7393521161359666e-17,6.889157969309054e-17,-4.8316797678952085e-18,0.5591929034707465,0.8290375725550418,1.1544663772067274e-16,-0.8290375725550415,0.5591929034707471
153,1,G:/S1/USA/2026-02-24_16-21-11snow/camera/left/1771971791896552192.jpg,pitch_down_56,3,360,D:\mipmap-lite\1fad9647-f717-4cd4-9391-11f219d7e5d1\snow\snow-20260827\result/.temp/undistort/360.jpg,0.0,2912,1456,2308.921016,1456.0,728.0,0.9999999999999998,7.020327373181254e-17,1.815644658855524e-16,1.6488356348001798e-16,0.5591929034707467,0.8290375725550415,7.468468668461074e-17,-0.8290375725550416,0.5591929034707467
95,1,G:/S1/USA/2026-02-24_16-21-11snow/camera/left/1771971762894792960.jpg,pitch_down_56,3,362,D:\mipmap-lite\1fad9647-f717-4cd4-9391-11f219d7e5d1\snow\snow-20260827\result/.temp/undistort/362.jpg,0.0,2912,1456,2308.921016,1456.0,728.0,1.0,-6.411153005356777e-18,-8.833527155849886e-17,-4.5621697972855335e-17,0.5591929034707468,0.8290375725550418,-2.4415731818852023e-17,-0.829037572555042,0.5591929034707468
37,1,G:/S1/USA/2026-02-24_16-21-11snow/camera/left/1771971733892919040.jpg,pitch_down_56,3,364,D:\mipmap-lite\1fad9647-f717-4cd4-9391-11f219d7e5d1\snow\snow-20260827\result/.temp/undistort/364.jpg,0.0,2912,1456,2308.921016,1456.0,728.0,1.0000000000000004,-2.566691420562134e-16,-1.2406685424967422e-16,-2.214224246428103e-16,0.5591929034707472,0.829037572555042,1.3336386056885303e-16,-0.8290375725550422,0.5591929034707468
8,1,G:/S1/USA/2026-02-24_16-21-11snow/camera/left/1771971719392058112.jpg,pitch_down_56,3,367,D:\mipmap-lite\1fad9647-f717-4cd4-9391-11f219d7e5d1\snow\snow-20260827\result/.temp/undistort/367.jpg,0.0,2912,1456,2308.921016,1456.0,728.0,0.9999999999999998,5.583181806893297e-17,5.4241177164876836e-17,6.576781679785858e-17,0.5591929034707467,0.8290375725550417,-5.335883857495002e-17,-0.8290375725550418,0.5591929034707469
124,1,G:/S1/USA/2026-02-24_16-21-11snow/camera/left/1771971777395611904.jpg,pitch_down_56,3,373,D:\mipmap-lite\1fad9647-f717-4cd4-9391-11f219d7e5d1\snow\snow-20260827\result/.temp/undistort/373.jpg,0.0,2912,1456,2308.921016,1456.0,728.0,1.0000000000000002,1.9012562041107107e-17,-1.1679719663663996e-16,-7.763573856432275e-17,0.5591929034707468,0.8290375725550417,-2.730089232240866e-17,-0.8290375725550418,0.5591929034707469
66,1,G:/S1/USA/2026-02-24_16-21-11snow/camera/left/1771971748393859072.jpg,pitch_down_56,3,390,D:\mipmap-lite\1fad9647-f717-4cd4-9391-11f219d7e5d1\snow\snow-20260827\result/.temp/undistort/390.jpg,0.0,2912,1456,2308.921016,1456.0,728.0,1.0,1.1798945416847976e-17,-4.690672909516707e-18,2.366465947629859e-19,0.5591929034707468,0.8290375725550416,-3.8204380043666764e-17,-0.8290375725550418,0.5591929034707468
154,1,G:/S1/USA/2026-02-24_16-21-11snow/camera/left/1771971792396542976.jpg,pitch_down_56,3,401,D:\mipmap-lite\1fad9647-f717-4cd4-9391-11f219d7e5d1\snow\snow-20260827\result/.temp/undistort/401.jpg,0.0,2912,1456,2308.921016,1456.0,728.0,1.0,2.903354960187347e-17,-1.677703063315303e-16,-1.0949007582161721e-16,0.5591929034707468,0.8290375725550416,-3.0677429980164654e-17,-0.8290375725550416,0.5591929034707467
96,1,G:/S1/USA/2026-02-24_16-21-11snow/camera/left/1771971763394740224.jpg,pitch_down_56,3,410,D:\mipmap-lite\1fad9647-f717-4cd4-9391-11f219d7e5d1\snow\snow-20260827\result/.temp/undistort/410.jpg,0.0,2912,1456,2308.921016,1456.0,728.0,0.9999999999999998,-9.401447080943396e-17,1.412200590008384e-17,-3.616536818753409e-17,0.5591929034707467,0.8290375725550416,1.1673309628212758e-16,-0.8290375725550417,0.5591929034707468
9,1,G:/S1/USA/2026-02-24_16-21-11snow/camera/left/1771971719892099072.jpg,pitch_down_56,3,416,D:\mipmap-lite\1fad9647-f717-4cd4-9391-11f219d7e5d1\snow\snow-20260827\result/.temp/undistort/416.jpg,0.0,2912,1456,2308.921016,1456.0,728.0,1.0000000000000004,-1.5639933085783711e-16,-3.444571144745332e-17,-6.432342149099082e-17,0.5591929034707469,0.8290375725550417,1.148741294248126e-16,-0.829037572555042,0.5591929034707469
38,1,G:/S1/USA/2026-02-24_16-21-11snow/camera/left/1771971734392966144.jpg,pitch_down_56,3,417,D:\mipmap-lite\1fad9647-f717-4cd4-9391-11f219d7e5d1\snow\snow-20260827\result/.temp/undistort/417.jpg,0.0,2912,1456,2308.921016,1456.0,728.0,0.9999999999999998,-8.744203859896504e-17,-5.694561965862612e-17,-7.488043645650324e-17,0.5591929034707468,0.8290375725550416,4.875819277823135e-17,-0.8290375725550417,0.5591929034707467
125,1,G:/S1/USA/2026-02-24_16-21-11snow/camera/left/1771971777895645184.jpg,pitch_down_56,3,428,D:\mipmap-lite\1fad9647-f717-4cd4-9391-11f219d7e5d1\snow\snow-20260827\result/.temp/undistort/428.jpg,0.0,2912,1456,2308.921016,1456.0,728.0,0.9999999999999997,4.8795289157469174e-17,2.0373165554346884e-16,1.7772303302119062e-16,0.5591929034707468,0.8290375725550415,8.092490493107454e-17,-0.8290375725550418,0.5591929034707468
155,1,G:/S1/USA/2026-02-24_16-21-11snow/camera/left/1771971792896603136.jpg,pitch_down_56,3,442,D:\mipmap-lite\1fad9647-f717-4cd4-9391-11f219d7e5d1\snow\snow-20260827\result/.temp/undistort/442.jpg,0.0,2912,1456,2308.921016,1456.0,728.0,1.0,3.767792440115575e-17,-5.85511345421954e-17,-4.585309630891438e-17,0.5591929034707467,0.8290375725550417,-2.7441618873435436e-17,-0.8290375725550417,0.5591929034707469
67,1,G:/S1/USA/2026-02-24_16-21-11snow/camera/left/1771971748893838080.jpg,pitch_down_56,3,443,D:\mipmap-lite\1fad9647-f717-4cd4-9391-11f219d7e5d1\snow\snow-20260827\result/.temp/undistort/443.jpg,0.0,2912,1456,2308.921016,1456.0,728.0,0.9999999999999999,-3.8200011339393916e-17,-4.098248126812699e-17,-1.011407559362953e-16,0.5591929034707467,0.8290375725550418,2.0529459793879387e-17,-0.8290375725550414,0.5591929034707468
97,1,G:/S1/USA/2026-02-24_16-21-11snow/camera/left/1771971763894771200.jpg,pitch_down_56,3,460,D:\mipmap-lite\1fad9647-f717-4cd4-9391-11f219d7e5d1\snow\snow-20260827\result/.temp/undistort/460.jpg,0.0,2912,1456,2308.921016,1456.0,728.0,0.9999999999999997,-3.2070778104968864e-16,3.3976106197257177e-17,-1.630493209078336e-16,0.5591929034707467,0.8290375725550417,2.6973653781016793e-16,-0.8290375725550414,0.5591929034707468
10,1,G:/S1/USA/2026-02-24_16-21-11snow/camera/left/1771971720392116992.jpg,pitch_down_56,3,465,D:\mipmap-lite\1fad9647-f717-4cd4-9391-11f219d7e5d1\snow\snow-20260827\result/.temp/undistort/465.jpg,0.0,2912,1456,2308.921016,1456.0,728.0,1.0,-1.181085460650761e-16,7.135023047872823e-17,-4.185128327683219e-17,0.5591929034707468,0.8290375725550416,1.619171673342879e-16,-0.8290375725550417,0.5591929034707468
39,1,G:/S1/USA/2026-02-24_16-21-11snow/camera/left/1771971734892979200.jpg,pitch_down_56,3,467,D:\mipmap-lite\1fad9647-f717-4cd4-9391-11f219d7e5d1\snow\snow-20260827\result/.temp/undistort/467.jpg,0.0,2912,1456,2308.921016,1456.0,728.0,1.0000000000000002,-6.41344752362673e-17,-5.994502011021314e-17,-8.240728446868957e-17,0.559192903470747,0.8290375725550418,2.1053990956323276e-17,-0.8290375725550423,0.5591929034707469
126,1,G:/S1/USA/2026-02-24_16-21-11snow/camera/left/1771971778395714048.jpg,pitch_down_56,3,472,D:\mipmap-lite\1fad9647-f717-4cd4-9391-11f219d7e5d1\snow\snow-20260827\result/.temp/undistort/472.jpg,0.0,2912,1456,2308.921016,1456.0,728.0,1.0000000000000002,4.0723155590662707e-17,1.6759731394895456e-17,1.5997704034170977e-17,0.5591929034707467,0.8290375725550416,1.0186735288237586e-17,-0.8290375725550416,0.5591929034707467
68,1,G:/S1/USA/2026-02-24_16-21-11snow/camera/left/1771971749393872128.jpg,pitch_down_56,3,491,D:\mipmap-lite\1fad9647-f717-4cd4-9391-11f219d7e5d1\snow\snow-20260827\result/.temp/undistort/491.jpg,0.0,2912,1456,2308.921016,1456.0,728.0,0.9999999999999998,-2.1498723880928723e-16,-1.5693981206179923e-17,-1.12980464764367e-16,0.5591929034707462,0.8290375725550416,2.0888052128522265e-16,-0.829037572555041,0.5591929034707469
156,1,G:/S1/USA/2026-02-24_16-21-11snow/camera/left/1771971793396601088.jpg,pitch_down_56,3,493,D:\mipmap-lite\1fad9647-f717-4cd4-9391-11f219d7e5d1\snow\snow-20260827\result/.temp/undistort/493.jpg,0.0,2912,1456,2308.921016,1456.0,728.0,0.9999999999999998,-1.0397691065411723e-16,3.222560896438418e-17,-2.7672893571838906e-17,0.5591929034707467,0.8290375725550416,1.1809142468593727e-16,-0.8290375725550416,0.5591929034707468
98,1,G:/S1/USA/2026-02-24_16-21-11snow/camera/left/1771971764394861056.jpg,pitch_down_56,3,501,D:\mipmap-lite\1fad9647-f717-4cd4-9391-11f219d7e5d1\snow\snow-20260827\result/.temp/undistort/501.jpg,0.0,2912,1456,2308.921016,1456.0,728.0,1.0000000000000002,2.216639907797393e-16,7.494270886913773e-17,1.0184872971627227e-16,0.559192903470747,0.8290375725550418,-1.5386034648691466e-16,-0.8290375725550418,0.5591929034707468
11,1,G:/S1/USA/2026-02-24_16-21-11snow/camera/left/1771971720892114176.jpg,pitch_down_56,3,509,D:\mipmap-lite\1fad9647-f717-4cd4-9391-11f219d7e5d1\snow\snow-20260827\result/.temp/undistort/509.jpg,0.0,2912,1456,2308.921016,1456.0,728.0,1.0000000000000004,2.2710207474114364e-17,-1.2484314067232155e-16,-1.0325265055596917e-16,0.5591929034707469,0.8290375725550418,-6.426388263282355e-17,-0.829037572555042,0.5591929034707469
127,1,G:/S1/USA/2026-02-24_16-21-11snow/camera/left/1771971778895708160.jpg,pitch_down_56,3,515,D:\mipmap-lite\1fad9647-f717-4cd4-9391-11f219d7e5d1\snow\snow-20260827\result/.temp/undistort/515.jpg,0.0,2912,1456,2308.921016,1456.0,728.0,0.9999999999999994,8.335919457393531e-17,1.2492407498840396e-16,3.058409382086389e-17,0.5591929034707466,0.8290375725550414,-8.70899936614201e-18,-0.8290375725550415,0.5591929034707467
40,1,G:/S1/USA/2026-02-24_16-21-11snow/camera/left/1771971735393051136.jpg,pitch_down_56,3,519,D:\mipmap-lite\1fad9647-f717-4cd4-9391-11f219d7e5d1\snow\snow-20260827\result/.temp/undistort/519.jpg,0.0,2912,1456,2308.921016,1456.0,728.0,0.9999999999999999,2.0897331969507372e-16,2.850233710466013e-17,1.137888341597782e-16,0.5591929034707465,0.8290375725550415,-1.716870698810955e-16,-0.8290375725550415,0.5591929034707469
69,1,G:/S1/USA/2026-02-24_16-21-11snow/camera/left/1771971749893975040.jpg,pitch_down_56,3,530,D:\mipmap-lite\1fad9647-f717-4cd4-9391-11f219d7e5d1\snow\snow-20260827\result/.temp/undistort/530.jpg,0.0,2912,1456,2308.921016,1456.0,728.0,0.9999999999999999,-6.168793982443052e-17,-7.448029276863684e-17,-9.68202267990277e-17,0.5591929034707465,0.8290375725550417,1.4272553819632627e-17,-0.8290375725550413,0.5591929034707469
99,1,G:/S1/USA/2026-02-24_16-21-11snow/camera/left/1771971764894883072.jpg,pitch_down_56,3,541,D:\mipmap-lite\1fad9647-f717-4cd4-9391-11f219d7e5d1\snow\snow-20260827\result/.temp/undistort/541.jpg,0.0,2912,1456,2308.921016,1456.0,728.0,1.0,5.064562880166521e-17,-1.2091670799747122e-17,3.351355977390194e-17,0.5591929034707468,0.8290375725550417,-5.645750768094514e-17,-0.8290375725550417,0.5591929034707467
157,1,G:/S1/USA/2026-02-24_16-21-11snow/camera/left/1771971793896628992.jpg,pitch_down_56,3,545,D:\mipmap-lite\1fad9647-f717-4cd4-9391-11f219d7e5d1\snow\snow-20260827\result/.temp/undistort/545.jpg,0.0,2912,1456,2308.921016,1456.0,728.0,1.0000000000000004,-1.4701439529234337e-16,-8.304618721946156e-17,-2.3446017744576254e-16,0.5591929034707471,0.829037572555042,9.242956683921823e-18,-0.8290375725550421,0.5591929034707469
128,1,G:/S1/USA/2026-02-24_16-21-11snow/camera/left/1771971779395737088.jpg,pitch_down_56,3,556,D:\mipmap-lite\1fad9647-f717-4cd4-9391-11f219d7e5d1\snow\snow-20260827\result/.temp/undistort/556.jpg,0.0,2912,1456,2308.921016,1456.0,728.0,0.9999999999999998,-1.814781471648711e-17,7.350100729797936e-17,3.0448691449852606e-17,0.5591929034707468,0.8290375725550416,6.07348805852669e-17,-0.8290375725550415,0.5591929034707467
12,1,G:/S1/USA/2026-02-24_16-21-11snow/camera/left/1771971721392146944.jpg,pitch_down_56,3,560,D:\mipmap-lite\1fad9647-f717-4cd4-9391-11f219d7e5d1\snow\snow-20260827\result/.temp/undistort/560.jpg,0.0,2912,1456,2308.921016,1456.0,728.0,0.9999999999999998,1.0978440390775125e-16,-1.217209866741038e-16,-1.6224472353743688e-17,0.5591929034707467,0.8290375725550416,-1.0816294640901545e-16,-0.8290375725550416,0.5591929034707468
41,1,G:/S1/USA/2026-02-24_16-21-11snow/camera/left/1771971735893041152.jpg,pitch_down_56,3,569,D:\mipmap-lite\1fad9647-f717-4cd4-9391-11f219d7e5d1\snow\snow-20260827\result/.temp/undistort/569.jpg,0.0,2912,1456,2308.921016,1456.0,728.0,1.0000000000000002,-1.59261254321377e-16,-2.9004654817732606e-17,-1.408389256318562e-16,0.559192903470747,0.829037572555042,9.829836877800773e-17,-0.829037572555042,0.559192903470747
70,1,G:/S1/USA/2026-02-24_16-21-11snow/camera/left/1771971750393963008.jpg,pitch_down_56,3,581,D:\mipmap-lite\1fad9647-f717-4cd4-9391-11f219d7e5d1\snow\snow-20260827\result/.temp/undistort/581.jpg,0.0,2912,1456,2308.921016,1456.0,728.0,1.0000000000000002,-1.8952423969383282e-16,3.101443965735543e-17,-1.3394057820307466e-16,0.5591929034707465,0.8290375725550416,1.8731212844401778e-16,-0.8290375725550414,0.5591929034707467
100,1,G:/S1/USA/2026-02-24_16-21-11snow/camera/left/1771971765394919168.jpg,pitch_down_56,3,583,D:\mipmap-lite\1fad9647-f717-4cd4-9391-11f219d7e5d1\snow\snow-20260827\result/.temp/undistort/583.jpg,0.0,2912,1456,2308.921016,1456.0,728.0,0.9999999999999996,-4.889258834517512e-16,1.8543885800509637e-17,-2.529198546327257e-16,0.5591929034707465,0.8290375725550416,4.114702948785519e-16,-0.8290375725550413,0.5591929034707466
158,1,G:/S1/USA/2026-02-24_16-21-11snow/camera/left/1771971794396658176.jpg,pitch_down_56,3,599,D:\mipmap-lite\1fad9647-f717-4cd4-9391-11f219d7e5d1\snow\snow-20260827\result/.temp/undistort/599.jpg,0.0,2912,1456,2308.921016,1456.0,728.0,1.0,1.628697154149416e-17,-1.4771350022808754e-16,-8.21111159252742e-17,0.5591929034707469,0.8290375725550418,-4.474361769823005e-17,-0.8290375725550417,0.5591929034707468
129,1,G:/S1/USA/2026-02-24_16-21-11snow/camera/left/1771971779895808000.jpg,pitch_down_56,3,605,D:\mipmap-lite\1fad9647-f717-4cd4-9391-11f219d7e5d1\snow\snow-20260827\result/.temp/undistort/605.jpg,0.0,2912,1456,2308.921016,1456.0,728.0,1.0000000000000004,2.0996806663735658e-17,3.30544175094374e-17,8.333262082451223e-19,0.5591929034707469,0.8290375725550421,-4.462083395395922e-17,-0.8290375725550421,0.559192903470747
13,1,G:/S1/USA/2026-02-24_16-21-11snow/camera/left/1771971721892209152.jpg,pitch_down_56,3,609,D:\mipmap-lite\1fad9647-f717-4cd4-9391-11f219d7e5d1\snow\snow-20260827\result/.temp/undistort/609.jpg,0.0,2912,1456,2308.921016,1456.0,728.0,1.0000000000000002,-1.0117511429879053e-16,-1.921212202901016e-17,-6.124511888144592e-17,0.5591929034707468,0.8290375725550418,1.0497018764502261e-16,-0.8290375725550415,0.5591929034707468
42,1,G:/S1/USA/2026-02-24_16-21-11snow/camera/left/1771971736393105920.jpg,pitch_down_56,3,624,D:\mipmap-lite\1fad9647-f717-4cd4-9391-11f219d7e5d1\snow\snow-20260827\result/.temp/undistort/624.jpg,0.0,2912,1456,2308.921016,1456.0,728.0,1.0000000000000002,-1.0951649596107997e-16,6.687099820000871e-17,-1.1260355544075956e-17,0.5591929034707469,0.8290375725550418,1.025149251850565e-16,-0.829037572555042,0.5591929034707467
101,1,G:/S1/USA/2026-02-24_16-21-11snow/camera/left/1771971765894939136.jpg,pitch_down_56,3,621,D:\mipmap-lite\1fad9647-f717-4cd4-9391-11f219d7e5d1\snow\snow-20260827\result/.temp/undistort/621.jpg,0.0,2912,1456,2308.921016,1456.0,728.0,0.9999999999999998,-2.4186277138024655e-16,-4.9513441431485006e-17,-2.0673107927925162e-16,0.5591929034707467,0.8290375725550416,1.6196225151358102e-16,-0.8290375725550415,0.5591929034707467
71,1,G:/S1/USA/2026-02-24_16-21-11snow/camera/left/1771971750894003200.jpg,pitch_down_56,3,630,D:\mipmap-lite\1fad9647-f717-4cd4-9391-11f219d7e5d1\snow\snow-20260827\result/.temp/undistort/630.jpg,0.0,2912,1456,2308.921016,1456.0,728.0,1.0,8.639114390726636e-17,8.615609537871651e-17,2.6670169613772608e-17,0.5591929034707468,0.8290375725550418,-6.189016157154392e-18,-0.8290375725550417,0.5591929034707469
14,1,G:/S1/USA/2026-02-24_16-21-11snow/camera/left/1771971722392210944.jpg,pitch_down_56,3,651,D:\mipmap-lite\1fad9647-f717-4cd4-9391-11f219d7e5d1\snow\snow-20260827\result/.temp/undistort/651.jpg,0.0,2912,1456,2308.921016,1456.0,728.0,0.9999999999999997,1.2182599538000768e-17,9.882185966309687e-17,3.491727726140451e-17,0.5591929034707467,0.8290375725550416,2.2919200813441463e-17,-0.8290375725550416,0.5591929034707467
159,1,G:/S1/USA/2026-02-24_16-21-11snow/camera/left/1771971794896687104.jpg,pitch_down_56,3,644,D:\mipmap-lite\1fad9647-f717-4cd4-9391-11f219d7e5d1\snow\snow-20260827\result/.temp/undistort/644.jpg,0.0,2912,1456,2308.921016,1456.0,728.0,1.0,-1.7092713686202055e-16,-5.567412450863225e-17,-1.0069260718113304e-16,0.559192903470747,0.8290375725550418,1.5871811221306113e-16,-0.8290375725550418,0.5591929034707469
130,1,G:/S1/USA/2026-02-24_16-21-11snow/camera/left/1771971780395800064.jpg,pitch_down_56,3,656,D:\mipmap-lite\1fad9647-f717-4cd4-9391-11f219d7e5d1\snow\snow-20260827\result/.temp/undistort/656.jpg,0.0,2912,1456,2308.921016,1456.0,728.0,1.0000000000000002,1.8538882875184668e-17,-5.5243917498269235e-17,1.1629039637780837e-17,0.5591929034707467,0.8290375725550416,-6.545529665705932e-17,-0.8290375725550417,0.559192903470747
43,1,G:/S1/USA/2026-02-24_16-21-11snow/camera/left/1771971736893157888.jpg,pitch_down_56,3,668,D:\mipmap-lite\1fad9647-f717-4cd4-9391-11f219d7e5d1\snow\snow-20260827\result/.temp/undistort/668.jpg,0.0,2912,1456,2308.921016,1456.0,728.0,0.9999999999999994,2.333676788213376e-16,1.1696451886622742e-16,2.275022367146031e-16,0.5591929034707462,0.8290375725550415,-1.6498123760705892e-16,-0.8290375725550412,0.5591929034707467
102,1,G:/S1/USA/2026-02-24_16-21-11snow/camera/left/1771971766394965248.jpg,pitch_down_56,3,673,D:\mipmap-lite\1fad9647-f717-4cd4-9391-11f219d7e5d1\snow\snow-20260827\result/.temp/undistort/673.jpg,0.0,2912,1456,2308.921016,1456.0,728.0,0.9999999999999997,-3.7404878187809165e-16,1.0781232840972996e-16,-1.5687834366960378e-16,0.5591929034707466,0.8290375725550417,3.410819194969285e-16,-0.8290375725550414,0.5591929034707468
72,1,G:/S1/USA/2026-02-24_16-21-11snow/camera/left/1771971751394077184.jpg,pitch_down_56,3,687,D:\mipmap-lite\1fad9647-f717-4cd4-9391-11f219d7e5d1\snow\snow-20260827\result/.temp/undistort/687.jpg,0.0,2912,1456,2308.921016,1456.0,728.0,0.9999999999999999,-1.7388851629161677e-16,-9.931398265251245e-17,-1.8924151359756497e-16,0.5591929034707465,0.8290375725550415,1.231158610209828e-16,-0.8290375725550413,0.5591929034707468
160,1,G:/S1/USA/2026-02-24_16-21-11snow/camera/left/1771971795396774912.jpg,pitch_down_56,3,694,D:\mipmap-lite\1fad9647-f717-4cd4-9391-11f219d7e5d1\snow\snow-20260827\result/.temp/undistort/694.jpg,0.0,2912,1456,2308.921016,1456.0,728.0,0.9999999999999999,-3.8538519232593795e-19,-4.7757354743568357e-17,-2.811440615739379e-17,0.5591929034707467,0.8290375725550417,-3.045295818674359e-17,-0.8290375725550416,0.5591929034707467
131,1,G:/S1/USA/2026-02-24_16-21-11snow/camera/left/1771971780895830272.jpg,pitch_down_56,3,695,D:\mipmap-lite\1fad9647-f717-4cd4-9391-11f219d7e5d1\snow\snow-20260827\result/.temp/undistort/695.jpg,0.0,2912,1456,2308.921016,1456.0,728.0,0.9999999999999998,7.248813225118041e-17,1.4958198581036446e-16,2.0354603300542695e-16,0.5591929034707467,0.8290375725550416,4.29434524660948e-17,-0.8290375725550417,0.5591929034707468
15,1,G:/S1/USA/2026-02-24_16-21-11snow/camera/left/1771971722892271872.jpg,pitch_down_56,3,697,D:\mipmap-lite\1fad9647-f717-4cd4-9391-11f219d7e5d1\snow\snow-20260827\result/.temp/undistort/697.jpg,0.0,2912,1456,2308.921016,1456.0,728.0,1.0,-1.3720398953456695e-16,-1.611875957043508e-17,-2.994079665488321e-17,0.5591929034707469,0.8290375725550418,2.370161950843595e-17,-0.829037572555042,0.5591929034707469
103,1,G:/S1/USA/2026-02-24_16-21-11snow/camera/left/1771971766894998016.jpg,pitch_down_56,3,720,D:\mipmap-lite\1fad9647-f717-4cd4-9391-11f219d7e5d1\snow\snow-20260827\result/.temp/undistort/720.jpg,0.0,2912,1456,2308.921016,1456.0,728.0,0.9999999999999999,-8.522570979750174e-17,1.7991175424793593e-17,-4.081068145239182e-17,0.5591929034707468,0.8290375725550417,5.811380218007558e-17,-0.8290375725550415,0.5591929034707467
161,1,G:/S1/USA/2026-02-24_16-21-11snow/camera/left/1771971795896750080.jpg,pitch_down_56,3,726,D:\mipmap-lite\1fad9647-f717-4cd4-9391-11f219d7e5d1\snow\snow-20260827\result/.temp/undistort/726.jpg,0.0,2912,1456,2308.921016,1456.0,728.0,1.0000000000000002,-8.36641183219e-17,-4.0337558454942283e-17,-9.041925049902777e-17,0.5591929034707469,0.8290375725550418,4.963036659800908e-17,-0.8290375725550421,0.5591929034707469
44,1,G:/S1/USA/2026-02-24_16-21-11snow/camera/left/1771971737393171200.jpg,pitch_down_56,3,727,D:\mipmap-lite\1fad9647-f717-4cd4-9391-11f219d7e5d1\snow\snow-20260827\result/.temp/undistort/727.jpg,0.0,2912,1456,2308.921016,1456.0,728.0,1.0000000000000002,-1.7711335176903229e-16,-1.4486316296809702e-16,-2.1427835347996532e-16,0.559192903470747,0.829037572555042,5.487317277660301e-17,-0.829037572555042,0.5591929034707468
73,1,G:/S1/USA/2026-02-24_16-21-11snow/camera/left/1771971751894056192.jpg,pitch_down_56,3,744,D:\mipmap-lite\1fad9647-f717-4cd4-9391-11f219d7e5d1\snow\snow-20260827\result/.temp/undistort/744.jpg,0.0,2912,1456,2308.921016,1456.0,728.0,1.0,3.828709125640316e-16,9.509245896791482e-17,2.6317599383061823e-16,0.5591929034707473,0.8290375725550418,-1.8622163289738299e-16,-0.8290375725550422,0.5591929034707467
16,1,G:/S1/USA/2026-02-24_16-21-11snow/camera/left/1771971723392303104.jpg,pitch_down_56,3,745,D:\mipmap-lite\1fad9647-f717-4cd4-9391-11f219d7e5d1\snow\snow-20260827\result/.temp/undistort/745.jpg,0.0,2912,1456,2308.921016,1456.0,728.0,0.9999999999999998,8.248320930310632e-17,-9.755352684135112e-17,1.78119272802562e-17,0.5591929034707467,0.8290375725550415,-1.022137889792952e-16,-0.8290375725550417,0.5591929034707468
132,1,G:/S1/USA/2026-02-24_16-21-11snow/camera/left/1771971781395859968.jpg,pitch_down_56,3,747,D:\mipmap-lite\1fad9647-f717-4cd4-9391-11f219d7e5d1\snow\snow-20260827\result/.temp/undistort/747.jpg,0.0,2912,1456,2308.921016,1456.0,728.0,0.9999999999999999,3.141398265638401e-17,1.6905856941302624e-16,2.2140389227733898e-16,0.5591929034707468,0.8290375725550417,1.7374072054660815e-17,-0.8290375725550418,0.5591929034707468
162,1,G:/S1/USA/2026-02-24_16-21-11snow/camera/left/1771971796396781056.jpg,pitch_down_56,3,764,D:\mipmap-lite\1fad9647-f717-4cd4-9391-11f219d7e5d1\snow\snow-20260827\result/.temp/undistort/764.jpg,0.0,2912,1456,2308.921016,1456.0,728.0,1.0,-9.346721340521091e-17,-3.0859860893875743e-18,-5.465131922335162e-18,0.5591929034707467,0.8290375725550416,3.4723897794009274e-17,-0.8290375725550415,0.5591929034707467
45,1,G:/S1/USA/2026-02-24_16-21-11snow/camera/left/1771971737893216256.jpg,pitch_down_56,3,776,D:\mipmap-lite\1fad9647-f717-4cd4-9391-11f219d7e5d1\snow\snow-20260827\result/.temp/undistort/776.jpg,0.0,2912,1456,2308.921016,1456.0,728.0,0.9999999999999998,-5.411815945921957e-17,-1.827686835586494e-16,-1.543837991147325e-16,0.5591929034707467,0.8290375725550415,-3.5875590437888543e-17,-0.8290375725550416,0.5591929034707467
104,1,G:/S1/USA/2026-02-24_16-21-11snow/camera/left/1771971767394990080.jpg,pitch_down_56,3,774,D:\mipmap-lite\1fad9647-f717-4cd4-9391-11f219d7e5d1\snow\snow-20260827\result/.temp/undistort/774.jpg,0.0,2912,1456,2308.921016,1456.0,728.0,1.0000000000000002,2.170038929670259e-16,5.3512867655007206e-17,1.402951265514284e-16,0.5591929034707469,0.8290375725550418,-1.415240398026261e-16,-0.829037572555042,0.5591929034707468
133,1,G:/S1/USA/2026-02-24_16-21-11snow/camera/left/1771971781895892224.jpg,pitch_down_56,3,788,D:\mipmap-lite\1fad9647-f717-4cd4-9391-11f219d7e5d1\snow\snow-20260827\result/.temp/undistort/788.jpg,0.0,2912,1456,2308.921016,1456.0,728.0,1.0,6.024152562466403e-17,2.0649609143798942e-17,1.1190703962117412e-16,0.5591929034707468,0.8290375725550417,-7.840712300577657e-17,-0.8290375725550418,0.5591929034707468
74,1,G:/S1/USA/2026-02-24_16-21-11snow/camera/left/1771971752394096128.jpg,pitch_down_56,3,794,D:\mipmap-lite\1fad9647-f717-4cd4-9391-11f219d7e5d1\snow\snow-20260827\result/.temp/undistort/794.jpg,0.0,2912,1456,2308.921016,1456.0,728.0,1.0,4.0682969168404887e-16,-1.431545686586246e-17,1.6906493028412505e-16,0.5591929034707473,0.8290375725550418,-2.60936915601567e-16,-0.8290375725550425,0.5591929034707468
17,1,G:/S1/USA/2026-02-24_16-21-11snow/camera/left/1771971723892356096.jpg,pitch_down_56,3,793,D:\mipmap-lite\1fad9647-f717-4cd4-9391-11f219d7e5d1\snow\snow-20260827\result/.temp/undistort/793.jpg,0.0,2912,1456,2308.921016,1456.0,728.0,1.0,-1.0924567303477151e-17,-8.278394351050382e-19,-4.764961372924247e-18,0.5591929034707469,0.8290375725550418,-3.0357095585569916e-18,-0.8290375725550418,0.5591929034707469
46,1,G:/S1/USA/2026-02-24_16-21-11snow/camera/left/1771971738393236992.jpg,pitch_down_56,3,815,D:\mipmap-lite\1fad9647-f717-4cd4-9391-11f219d7e5d1\snow\snow-20260827\result/.temp/undistort/815.jpg,0.0,2912,1456,2308.921016,1456.0,728.0,1.0,-6.618801939490806e-17,-1.1641854536334691e-17,-8.887401488521151e-17,0.559192903470747,0.8290375725550417,7.308807008577173e-17,-0.829037572555042,0.5591929034707468
105,1,G:/S1/USA/2026-02-24_16-21-11snow/camera/left/1771971767895051008.jpg,pitch_down_56,3,818,D:\mipmap-lite\1fad9647-f717-4cd4-9391-11f219d7e5d1\snow\snow-20260827\result/.temp/undistort/818.jpg,0.0,2912,1456,2308.921016,1456.0,728.0,1.0000000000000002,1.224830690390728e-16,-1.5200723418512876e-16,-3.1484374960835e-18,0.5591929034707468,0.8290375725550417,-1.6026238930001061e-16,-0.8290375725550418,0.5591929034707469
163,1,G:/S1/USA/2026-02-24_16-21-11snow/camera/left/1771971796896843008.jpg,pitch_down_56,3,819,D:\mipmap-lite\1fad9647-f717-4cd4-9391-11f219d7e5d1\snow\snow-20260827\result/.temp/undistort/819.jpg,0.0,2912,1456,2308.921016,1456.0,728.0,0.9999999999999998,-1.5072656585154957e-17,-7.954694892242488e-17,-6.057196981285079e-17,0.5591929034707469,0.829037572555042,-5.029826240079913e-18,-0.8290375725550418,0.5591929034707467
134,1,G:/S1/USA/2026-02-24_16-21-11snow/camera/left/1771971782395972864.jpg,pitch_down_56,3,831,D:\mipmap-lite\1fad9647-f717-4cd4-9391-11f219d7e5d1\snow\snow-20260827\result/.temp/undistort/831.jpg,0.0,2912,1456,2308.921016,1456.0,728.0,1.0,-3.5361610285731586e-18,1.0196102962881796e-16,6.22072491578812e-17,0.5591929034707468,0.8290375725550416,3.9530475287517896e-17,-0.8290375725550418,0.5591929034707468
75,1,G:/S1/USA/2026-02-24_16-21-11snow/camera/left/1771971752894090240.jpg,pitch_down_56,3,839,D:\mipmap-lite\1fad9647-f717-4cd4-9391-11f219d7e5d1\snow\snow-20260827\result/.temp/undistort/839.jpg,0.0,2912,1456,2308.921016,1456.0,728.0,1.0,2.155698980035176e-16,-2.8346458827555705e-17,1.1446220697584656e-16,0.559192903470747,0.8290375725550417,-1.1344517166659572e-16,-0.8290375725550418,0.5591929034707467
18,1,G:/S1/USA/2026-02-24_16-21-11snow/camera/left/1771971724392369920.jpg,pitch_down_56,3,842,D:\mipmap-lite\1fad9647-f717-4cd4-9391-11f219d7e5d1\snow\snow-20260827\result/.temp/undistort/842.jpg,0.0,2912,1456,2308.921016,1456.0,728.0,1.0000000000000004,-5.805012962866986e-17,-1.3081099470525087e-16,-1.0586676675847859e-16,0.559192903470747,0.8290375725550422,-6.052554971227842e-18,-0.829037572555042,0.5591929034707469
47,1,G:/S1/USA/2026-02-24_16-21-11snow/camera/left/1771971738893228032.jpg,pitch_down_56,3,863,D:\mipmap-lite\1fad9647-f717-4cd4-9391-11f219d7e5d1\snow\snow-20260827\result/.temp/undistort/863.jpg,0.0,2912,1456,2308.921016,1456.0,728.0,0.9999999999999999,2.1696779918068734e-16,1.0358213298964723e-16,2.2408654810626997e-16,0.5591929034707466,0.8290375725550416,-1.0378082146616567e-16,-0.8290375725550415,0.5591929034707469
164,1,G:/S1/USA/2026-02-24_16-21-11snow/camera/left/1771971797396843008.jpg,pitch_down_56,3,868,D:\mipmap-lite\1fad9647-f717-4cd4-9391-11f219d7e5d1\snow\snow-20260827\result/.temp/undistort/868.jpg,0.0,2912,1456,2308.921016,1456.0,728.0,1.0,-6.2302603279459036e-18,4.090663619401821e-18,4.1191235221807136e-17,0.5591929034707469,0.8290375725550418,5.635403000471579e-17,-0.8290375725550418,0.5591929034707469
106,1,G:/S1/USA/2026-02-24_16-21-11snow/camera/left/1771971768395051008.jpg,pitch_down_56,3,880,D:\mipmap-lite\1fad9647-f717-4cd4-9391-11f219d7e5d1\snow\snow-20260827\result/.temp/undistort/880.jpg,0.0,2912,1456,2308.921016,1456.0,728.0,1.0000000000000002,1.7845622869575283e-16,-8.918937651383935e-19,8.78887516571786e-17,0.5591929034707469,0.8290375725550418,-1.2483480272025137e-16,-0.8290375725550418,0.5591929034707469
135,1,G:/S1/USA/2026-02-24_16-21-11snow/camera/left/1771971782895953152.jpg,pitch_down_56,3,883,D:\mipmap-lite\1fad9647-f717-4cd4-9391-11f219d7e5d1\snow\snow-20260827\result/.temp/undistort/883.jpg,0.0,2912,1456,2308.921016,1456.0,728.0,0.9999999999999999,1.6718723871324198e-16,7.039754737051416e-17,6.708315022887156e-17,0.5591929034707467,0.8290375725550415,-5.846865805013393e-17,-0.8290375725550418,0.5591929034707468
19,1,G:/S1/USA/2026-02-24_16-21-11snow/camera/left/1771971724892369920.jpg,pitch_down_56,3,894,D:\mipmap-lite\1fad9647-f717-4cd4-9391-11f219d7e5d1\snow\snow-20260827\result/.temp/undistort/894.jpg,0.0,2912,1456,2308.921016,1456.0,728.0,1.0,1.0644384743418792e-16,-1.1250168446822778e-16,-2.3645640516646887e-17,0.5591929034707469,0.8290375725550418,-1.396492011849945e-16,-0.8290375725550417,0.5591929034707468
76,1,G:/S1/USA/2026-02-24_16-21-11snow/camera/left/1771971753394169088.jpg,pitch_down_56,3,885,D:\mipmap-lite\1fad9647-f717-4cd4-9391-11f219d7e5d1\snow\snow-20260827\result/.temp/undistort/885.jpg,0.0,2912,1456,2308.921016,1456.0,728.0,1.0,-1.1396437209346066e-16,-7.836458270958685e-17,-1.695062612982818e-17,0.5591929034707467,0.8290375725550416,2.928690456217995e-17,-0.8290375725550415,0.5591929034707468
165,1,G:/S1/USA/2026-02-24_16-21-11snow/camera/left/1771971797896913152.jpg,pitch_down_56,3,909,D:\mipmap-lite\1fad9647-f717-4cd4-9391-11f219d7e5d1\snow\snow-20260827\result/.temp/undistort/909.jpg,0.0,2912,1456,2308.921016,1456.0,728.0,1.0000000000000002,-1.8431966261528045e-17,-1.4572148569321656e-17,6.457888498990705e-18,0.5591929034707467,0.8290375725550416,1.0528330829495325e-17,-0.8290375725550418,0.5591929034707469
48,1,G:/S1/USA/2026-02-24_16-21-11snow/camera/left/1771971739393291008.jpg,pitch_down_56,3,912,D:\mipmap-lite\1fad9647-f717-4cd4-9391-11f219d7e5d1\snow\snow-20260827\result/.temp/undistort/912.jpg,0.0,2912,1456,2308.921016,1456.0,728.0,0.9999999999999998,1.5569960778645379e-18,1.8598148958055004e-17,4.726777164678876e-18,0.5591929034707465,0.8290375725550415,-3.7399131242938577e-17,-0.8290375725550413,0.5591929034707466
107,1,G:/S1/USA/2026-02-24_16-21-11snow/camera/left/1771971768895080960.jpg,pitch_down_56,3,921,D:\mipmap-lite\1fad9647-f717-4cd4-9391-11f219d7e5d1\snow\snow-20260827\result/.temp/undistort/921.jpg,0.0,2912,1456,2308.921016,1456.0,728.0,0.9999999999999993,-1.645205093987122e-16,5.1644973255463867e-17,-5.950752588282904e-17,0.5591929034707466,0.8290375725550415,1.5547622686525488e-16,-0.8290375725550415,0.5591929034707468
136,1,G:/S1/USA/2026-02-24_16-21-11snow/camera/left/1771971783395984128.jpg,pitch_down_56,3,933,D:\mipmap-lite\1fad9647-f717-4cd4-9391-11f219d7e5d1\snow\snow-20260827\result/.temp/undistort/933.jpg,0.0,2912,1456,2308.921016,1456.0,728.0,1.0000000000000004,-1.4471427610474397e-16,5.752836819365236e-17,-8.897172402258732e-17,0.559192903470747,0.829037572555042,9.116741230171337e-17,-0.8290375725550417,0.5591929034707468
77,1,G:/S1/USA/2026-02-24_16-21-11snow/camera/left/1771971753894149120.jpg,pitch_down_56,3,939,D:\mipmap-lite\1fad9647-f717-4cd4-9391-11f219d7e5d1\snow\snow-20260827\result/.temp/undistort/939.jpg,0.0,2912,1456,2308.921016,1456.0,728.0,1.0,3.3289199252273584e-17,-7.540891022179788e-20,1.0825060807552062e-17,0.5591929034707469,0.8290375725550417,-7.437248134425994e-17,-0.829037572555042,0.5591929034707469
20,1,G:/S1/USA/2026-02-24_16-21-11snow/camera/left/1771971725392425984.jpg,pitch_down_56,3,941,D:\mipmap-lite\1fad9647-f717-4cd4-9391-11f219d7e5d1\snow\snow-20260827\result/.temp/undistort/941.jpg,0.0,2912,1456,2308.921016,1456.0,728.0,1.0000000000000007,-4.717802534969688e-17,-1.7978218631412678e-16,-1.4548104671726328e-16,0.5591929034707469,0.829037572555042,-6.153099671357932e-17,-0.8290375725550421,0.559192903470747
49,1,G:/S1/USA/2026-02-24_16-21-11snow/camera/left/1771971739893334272.jpg,pitch_down_56,3,951,D:\mipmap-lite\1fad9647-f717-4cd4-9391-11f219d7e5d1\snow\snow-20260827\result/.temp/undistort/951.jpg,0.0,2912,1456,2308.921016,1456.0,728.0,1.0,-8.549044531027217e-17,-1.3785227239352069e-17,-5.4558993559679703e-17,0.5591929034707475,0.829037572555042,5.92692536960908e-17,-0.8290375725550423,0.5591929034707467
108,1,G:/S1/USA/2026-02-24_16-21-11snow/camera/left/1771971769395164928.jpg,pitch_down_56,3,963,D:\mipmap-lite\1fad9647-f717-4cd4-9391-11f219d7e5d1\snow\snow-20260827\result/.temp/undistort/963.jpg,0.0,2912,1456,2308.921016,1456.0,728.0,1.0000000000000002,8.617840221505887e-17,7.726194405815766e-19,9.385301744778092e-17,0.5591929034707468,0.8290375725550415,-7.388560105163806e-17,-0.829037572555042,0.559192903470747
166,1,G:/S1/USA/2026-02-24_16-21-11snow/camera/left/1771971798396932096.jpg,pitch_down_56,3,965,D:\mipmap-lite\1fad9647-f717-4cd4-9391-11f219d7e5d1\snow\snow-20260827\result/.temp/undistort/965.jpg,0.0,2912,1456,2308.921016,1456.0,728.0,1.0,-2.4392831145202006e-18,-1.4753598498443034e-16,-1.0125745595236281e-16,0.5591929034707468,0.8290375725550416,-6.310711144972374e-18,-0.8290375725550418,0.5591929034707468
137,1,G:/S1/USA/2026-02-24_16-21-11snow/camera/left/1771971783896015104.jpg,pitch_down_56,3,975,D:\mipmap-lite\1fad9647-f717-4cd4-9391-11f219d7e5d1\snow\snow-20260827\result/.temp/undistort/975.jpg,0.0,2912,1456,2308.921016,1456.0,728.0,0.9999999999999997,5.782025124725094e-18,1.996950270146738e-18,2.945693192195295e-17,0.5591929034707466,0.8290375725550415,6.465639227318117e-18,-0.8290375725550415,0.5591929034707466
78,1,G:/S1/USA/2026-02-24_16-21-11snow/camera/left/1771971754394248960.jpg,pitch_down_56,3,991,D:\mipmap-lite\1fad9647-f717-4cd4-9391-11f219d7e5d1\snow\snow-20260827\result/.temp/undistort/991.jpg,0.0,2912,1456,2308.921016,1456.0,728.0,1.0,-2.467518744061625e-16,-3.048316178258798e-17,-1.3324558865784552e-16,0.5591929034707463,0.8290375725550416,1.8946682159051818e-16,-0.8290375725550414,0.559192903470747
21,1,G:/S1/USA/2026-02-24_16-21-11snow/camera/left/1771971725892430080.jpg,pitch_down_56,3,995,D:\mipmap-lite\1fad9647-f717-4cd4-9391-11f219d7e5d1\snow\snow-20260827\result/.temp/undistort/995.jpg,0.0,2912,1456,2308.921016,1456.0,728.0,1.0000000000000002,9.195522538213131e-17,-6.95633852736151e-17,9.403787035582127e-18,0.559192903470747,0.8290375725550418,-6.125952471914856e-17,-0.8290375725550418,0.5591929034707469
50,1,G:/S1/USA/2026-02-24_16-21-11snow/camera/left/1771971740393352960.jpg,pitch_down_56,3,999,D:\mipmap-lite\1fad9647-f717-4cd4-9391-11f219d7e5d1\snow\snow-20260827\result/.temp/undistort/999.jpg,0.0,2912,1456,2308.921016,1456.0,728.0,1.0000000000000002,-1.8198664552412354e-16,-6.63807216297911e-17,-9.870917729468626e-17,0.559192903470747,0.8290375725550418,1.5625065920624257e-16,-0.8290375725550421,0.559192903470747
109,1,G:/S1/USA/2026-02-24_16-21-11snow/camera/left/1771971769895145216.jpg,pitch_down_56,3,1018,D:\mipmap-lite\1fad9647-f717-4cd4-9391-11f219d7e5d1\snow\snow-20260827\result/.temp/undistort/1018.jpg,0.0,2912,1456,2308.921016,1456.0,728.0,0.9999999999999998,-4.485968016168795e-17,1.1101589254000235e-16,9.671519488893139e-17,0.5591929034707469,0.8290375725550418,8.187112872031394e-17,-0.8290375725550417,0.5591929034707468
167,1,G:/S1/USA/2026-02-24_16-21-11snow/camera/left/1771971798896975104.jpg,pitch_down_56,3,1021,D:\mipmap-lite\1fad9647-f717-4cd4-9391-11f219d7e5d1\snow\snow-20260827\result/.temp/undistort/1021.jpg,0.0,2912,1456,2308.921016,1456.0,728.0,1.0000000000000002,-3.480151752650304e-17,3.1629442669843636e-17,-1.3510268688876207e-17,0.5591929034707469,0.8290375725550418,4.30360306101861e-17,-0.8290375725550417,0.5591929034707468
138,1,G:/S1/USA/2026-02-24_16-21-11snow/camera/left/1771971784396047104.jpg,pitch_down_56,3,1023,D:\mipmap-lite\1fad9647-f717-4cd4-9391-11f219d7e5d1\snow\snow-20260827\result/.temp/undistort/1023.jpg,0.0,2912,1456,2308.921016,1456.0,728.0,0.9999999999999998,4.660993095432699e-17,-4.390380888239037e-17,8.982478666361513e-18,0.5591929034707467,0.8290375725550416,-1.5939941936935295e-17,-0.8290375725550416,0.5591929034707467
22,1,G:/S1/USA/2026-02-24_16-21-11snow/camera/left/1771971726392516096.jpg,pitch_down_56,3,1034,D:\mipmap-lite\1fad9647-f717-4cd4-9391-11f219d7e5d1\snow\snow-20260827\result/.temp/undistort/1034.jpg,0.0,2912,1456,2308.921016,1456.0,728.0,1.0,3.021123004596725e-17,2.1587912259171813e-17,7.703112523597215e-17,0.5591929034707469,0.8290375725550418,-4.659765300342336e-17,-0.8290375725550416,0.5591929034707467
79,1,G:/S1/USA/2026-02-24_16-21-11snow/camera/left/1771971754894260224.jpg,pitch_down_56,3,1035,D:\mipmap-lite\1fad9647-f717-4cd4-9391-11f219d7e5d1\snow\snow-20260827\result/.temp/undistort/1035.jpg,0.0,2912,1456,2308.921016,1456.0,728.0,0.9999999999999999,-4.610262657777466e-16,-1.0256737973753107e-16,-3.3110296730374004e-16,0.5591929034707461,0.8290375725550415,2.779371846639734e-16,-0.8290375725550408,0.5591929034707468
51,1,G:/S1/USA/2026-02-24_16-21-11snow/camera/left/1771971740893403136.jpg,pitch_down_56,3,1037,D:\mipmap-lite\1fad9647-f717-4cd4-9391-11f219d7e5d1\snow\snow-20260827\result/.temp/undistort/1037.jpg,0.0,2912,1456,2308.921016,1456.0,728.0,1.0,-1.7927498503208086e-17,-3.6638393516506196e-17,-6.332912236048541e-17,0.5591929034707472,0.8290375725550418,1.589839423556726e-17,-0.8290375725550418,0.5591929034707466
110,1,G:/S1/USA/2026-02-24_16-21-11snow/camera/left/1771971770395174144.jpg,pitch_down_56,3,1064,D:\mipmap-lite\1fad9647-f717-4cd4-9391-11f219d7e5d1\snow\snow-20260827\result/.temp/undistort/1064.jpg,0.0,2912,1456,2308.921016,1456.0,728.0,1.0000000000000004,1.2905364559754018e-16,-1.5489827623655656e-16,-9.362281405062682e-17,0.5591929034707469,0.8290375725550417,-1.9382634446517213e-16,-0.829037572555042,0.5591929034707469
168,1,G:/S1/USA/2026-02-24_16-21-11snow/camera/left/1771971799396962048.jpg,pitch_down_56,3,1068,D:\mipmap-lite\1fad9647-f717-4cd4-9391-11f219d7e5d1\snow\snow-20260827\result/.temp/undistort/1068.jpg,0.0,2912,1456,2308.921016,1456.0,728.0,0.9999999999999999,-3.384357891662041e-17,4.200626429680569e-17,-3.18593307719321e-17,0.5591929034707468,0.8290375725550417,4.6544999034145566e-17,-0.8290375725550416,0.5591929034707467
139,1,G:/S1/USA/2026-02-24_16-21-11snow/camera/left/1771971784896080896.jpg,pitch_down_56,3,1074,D:\mipmap-lite\1fad9647-f717-4cd4-9391-11f219d7e5d1\snow\snow-20260827\result/.temp/undistort/1074.jpg,0.0,2912,1456,2308.921016,1456.0,728.0,1.0000000000000004,2.5805559071485636e-17,-1.283860420855222e-16,-9.28093167432458e-17,0.559192903470747,0.8290375725550423,-1.2575793741597596e-16,-0.8290375725550422,0.5591929034707471
52,1,G:/S1/USA/2026-02-24_16-21-11snow/camera/left/1771971741393437184.jpg,pitch_down_56,3,1085,D:\mipmap-lite\1fad9647-f717-4cd4-9391-11f219d7e5d1\snow\snow-20260827\result/.temp/undistort/1085.jpg,0.0,2912,1456,2308.921016,1456.0,728.0,1.0,6.358764379464394e-17,1.3632012694128895e-17,-2.336354779097211e-17,0.5591929034707471,0.8290375725550418,-2.0695863181832666e-17,-0.8290375725550418,0.5591929034707468
80,1,G:/S1/USA/2026-02-24_16-21-11snow/camera/left/1771971755394284032.jpg,pitch_down_56,3,1090,D:\mipmap-lite\1fad9647-f717-4cd4-9391-11f219d7e5d1\snow\snow-20260827\result/.temp/undistort/1090.jpg,0.0,2912,1456,2308.921016,1456.0,728.0,0.9999999999999999,-1.965175397689241e-18,-1.1089753800849254e-16,-6.697219263233198e-17,0.5591929034707467,0.8290375725550417,9.899844763051922e-18,-0.8290375725550415,0.5591929034707467
23,1,G:/S1/USA/2026-02-24_16-21-11snow/camera/left/1771971726892492032.jpg,pitch_down_56,3,1092,D:\mipmap-lite\1fad9647-f717-4cd4-9391-11f219d7e5d1\snow\snow-20260827\result/.temp/undistort/1092.jpg,0.0,2912,1456,2308.921016,1456.0,728.0,1.0000000000000002,1.2464540864096621e-17,-7.740919625521035e-17,-5.198202432208134e-17,0.5591929034707469,0.8290375725550418,-7.978795827451821e-17,-0.8290375725550418,0.5591929034707469
169,1,G:/S1/USA/2026-02-24_16-21-11snow/camera/left/1771971799897065216.jpg,pitch_down_56,3,1116,D:\mipmap-lite\1fad9647-f717-4cd4-9391-11f219d7e5d1\snow\snow-20260827\result/.temp/undistort/1116.jpg,0.0,2912,1456,2308.921016,1456.0,728.0,0.9999999999999998,2.727995111046608e-16,7.009545548067737e-17,2.0716697500843452e-16,0.5591929034707465,0.8290375725550416,-1.719924851054101e-16,-0.8290375725550411,0.5591929034707466
140,1,G:/S1/USA/2026-02-24_16-21-11snow/camera/left/1771971785396166144.jpg,pitch_down_56,3,1119,D:\mipmap-lite\1fad9647-f717-4cd4-9391-11f219d7e5d1\snow\snow-20260827\result/.temp/undistort/1119.jpg,0.0,2912,1456,2308.921016,1456.0,728.0,1.0,-8.746440994552405e-18,1.236854399134097e-16,1.4156779239095882e-16,0.5591929034707469,0.8290375725550417,3.699537802643811e-18,-0.8290375725550417,0.5591929034707467
111,1,G:/S1/USA/2026-02-24_16-21-11snow/camera/left/1771971770895256064.jpg,pitch_down_56,3,1122,D:\mipmap-lite\1fad9647-f717-4cd4-9391-11f219d7e5d1\snow\snow-20260827\result/.temp/undistort/1122.jpg,0.0,2912,1456,2308.921016,1456.0,728.0,1.0,7.314172576101424e-17,1.0465028220738445e-16,4.046163999376176e-17,0.5591929034707468,0.8290375725550418,6.4488533754031825e-18,-0.8290375725550417,0.5591929034707468
53,1,G:/S1/USA/2026-02-24_16-21-11snow/camera/left/1771971741893411072.jpg,pitch_down_56,3,1131,D:\mipmap-lite\1fad9647-f717-4cd4-9391-11f219d7e5d1\snow\snow-20260827\result/.temp/undistort/1131.jpg,0.0,2912,1456,2308.921016,1456.0,728.0,1.0000000000000002,4.8674408066135137e-17,-5.984367930248206e-17,-2.1379370365251487e-17,0.5591929034707469,0.8290375725550416,-1.2035243737998257e-17,-0.8290375725550417,0.5591929034707467
24,1,G:/S1/USA/2026-02-24_16-21-11snow/camera/left/1771971727392551168.jpg,pitch_down_56,3,1151,D:\mipmap-lite\1fad9647-f717-4cd4-9391-11f219d7e5d1\snow\snow-20260827\result/.temp/undistort/1151.jpg,0.0,2912,1456,2308.921016,1456.0,728.0,0.9999999999999998,-1.1367435494896404e-16,2.5883082627218773e-17,-2.029938240326808e-17,0.5591929034707467,0.8290375725550417,-2.0915749604336216e-19,-0.8290375725550417,0.5591929034707468
81,1,G:/S1/USA/2026-02-24_16-21-11snow/camera/left/1771971755894273024.jpg,pitch_down_56,3,1147,D:\mipmap-lite\1fad9647-f717-4cd4-9391-11f219d7e5d1\snow\snow-20260827\result/.temp/undistort/1147.jpg,0.0,2912,1456,2308.921016,1456.0,728.0,1.0,-6.162189268726119e-17,1.575977265662101e-17,-1.603634519629479e-16,0.5591929034707467,0.829037572555042,8.393096543978734e-17,-0.8290375725550416,0.559192903470747
170,1,G:/S1/USA/2026-02-24_16-21-11snow/camera/left/1771971800397076224.jpg,pitch_down_56,3,1156,D:\mipmap-lite\1fad9647-f717-4cd4-9391-11f219d7e5d1\snow\snow-20260827\result/.temp/undistort/1156.jpg,0.0,2912,1456,2308.921016,1456.0,728.0,1.0000000000000002,3.0133557326459213e-17,-8.56145218400153e-17,-4.285994035952053e-17,0.5591929034707467,0.8290375725550417,-4.2092444419756443e-17,-0.8290375725550415,0.5591929034707469
112,1,G:/S1/USA/2026-02-24_16-21-11snow/camera/left/1771971771395236864.jpg,pitch_down_56,3,1164,D:\mipmap-lite\1fad9647-f717-4cd4-9391-11f219d7e5d1\snow\snow-20260827\result/.temp/undistort/1164.jpg,0.0,2912,1456,2308.921016,1456.0,728.0,1.0000000000000007,2.750552840143579e-16,-9.041090452686776e-17,6.237347060383621e-17,0.5591929034707469,0.8290375725550418,-2.7926096396299353e-16,-0.8290375725550421,0.5591929034707469
141,1,G:/S1/USA/2026-02-24_16-21-11snow/camera/left/1771971785896191232.jpg,pitch_down_56,3,1174,D:\mipmap-lite\1fad9647-f717-4cd4-9391-11f219d7e5d1\snow\snow-20260827\result/.temp/undistort/1174.jpg,0.0,2912,1456,2308.921016,1456.0,728.0,1.0,8.960739658897462e-17,-1.7001399203470489e-16,-9.03421369965582e-17,0.5591929034707467,0.8290375725550417,-9.801269750859931e-17,-0.8290375725550417,0.559192903470747
54,1,G:/S1/USA/2026-02-24_16-21-11snow/camera/left/1771971742393441024.jpg,pitch_down_56,3,1182,D:\mipmap-lite\1fad9647-f717-4cd4-9391-11f219d7e5d1\snow\snow-20260827\result/.temp/undistort/1182.jpg,0.0,2912,1456,2308.921016,1456.0,728.0,0.9999999999999999,-5.084896632764655e-17,3.631449710276762e-17,1.5970938226024653e-19,0.5591929034707477,0.829037572555042,8.762965377742209e-17,-0.8290375725550426,0.5591929034707468
25,1,G:/S1/USA/2026-02-24_16-21-11snow/camera/left/1771971727892552192.jpg,pitch_down_56,3,1185,D:\mipmap-lite\1fad9647-f717-4cd4-9391-11f219d7e5d1\snow\snow-20260827\result/.temp/undistort/1185.jpg,0.0,2912,1456,2308.921016,1456.0,728.0,1.0,1.5708701623166066e-16,3.8100222298522055e-17,9.87020941136137e-17,0.5591929034707468,0.829037572555042,-1.7758827020224223e-16,-0.829037572555042,0.559192903470747
82,1,G:/S1/USA/2026-02-24_16-21-11snow/camera/left/1771971756394333952.jpg,pitch_down_56,3,1194,D:\mipmap-lite\1fad9647-f717-4cd4-9391-11f219d7e5d1\snow\snow-20260827\result/.temp/undistort/1194.jpg,0.0,2912,1456,2308.921016,1456.0,728.0,1.0,-3.4111519317473784e-17,7.057907185935844e-17,5.600622562988875e-17,0.5591929034707469,0.8290375725550418,5.1747203391580075e-17,-0.8290375725550418,0.5591929034707469
171,1,G:/S1/USA/2026-02-24_16-21-11snow/camera/left/1771971800897055232.jpg,pitch_down_56,3,1209,D:\mipmap-lite\1fad9647-f717-4cd4-9391-11f219d7e5d1\snow\snow-20260827\result/.temp/undistort/1209.jpg,0.0,2912,1456,2308.921016,1456.0,728.0,0.9999999999999998,2.529975155624889e-17,-9.624476620790706e-17,-4.545745912663796e-19,0.5591929034707466,0.8290375725550416,-5.736472475164076e-17,-0.8290375725550415,0.5591929034707468
113,1,G:/S1/USA/2026-02-24_16-21-11snow/camera/left/1771971771895267840.jpg,pitch_down_56,3,1208,D:\mipmap-lite\1fad9647-f717-4cd4-9391-11f219d7e5d1\snow\snow-20260827\result/.temp/undistort/1208.jpg,0.0,2912,1456,2308.921016,1456.0,728.0,1.0000000000000004,-3.866695264226451e-18,1.314791748738474e-17,4.4948881654867896e-18,0.559192903470747,0.829037572555042,-5.0245330754700325e-17,-0.8290375725550421,0.5591929034707469
142,1,G:/S1/USA/2026-02-24_16-21-11snow/camera/left/1771971786396219904.jpg,pitch_down_56,3,1225,D:\mipmap-lite\1fad9647-f717-4cd4-9391-11f219d7e5d1\snow\snow-20260827\result/.temp/undistort/1225.jpg,0.0,2912,1456,2308.921016,1456.0,728.0,0.9999999999999997,8.123510649658659e-17,5.933035301586368e-17,1.13709605774575e-16,0.5591929034707467,0.8290375725550415,3.02374223277034e-17,-0.8290375725550416,0.5591929034707467
55,1,G:/S1/USA/2026-02-24_16-21-11snow/camera/left/1771971742893552896.jpg,pitch_down_56,3,1228,D:\mipmap-lite\1fad9647-f717-4cd4-9391-11f219d7e5d1\snow\snow-20260827\result/.temp/undistort/1228.jpg,0.0,2912,1456,2308.921016,1456.0,728.0,1.0,-1.5885769046461184e-16,-7.198195262106363e-17,-1.631128601213423e-16,0.559192903470746,0.8290375725550415,7.733056123044423e-17,-0.8290375725550411,0.5591929034707469
83,1,G:/S1/USA/2026-02-24_16-21-11snow/camera/left/1771971756894338048.jpg,pitch_down_56,3,1236,D:\mipmap-lite\1fad9647-f717-4cd4-9391-11f219d7e5d1\snow\snow-20260827\result/.temp/undistort/1236.jpg,0.0,2912,1456,2308.921016,1456.0,728.0,1.0,4.9366937844286914e-18,1.5182777182798542e-16,8.904224486052254e-17,0.5591929034707468,0.8290375725550418,4.7452458117767884e-17,-0.8290375725550417,0.5591929034707468
26,1,G:/S1/USA/2026-02-24_16-21-11snow/camera/left/1771971728392615168.jpg,pitch_down_56,3,1238,D:\mipmap-lite\1fad9647-f717-4cd4-9391-11f219d7e5d1\snow\snow-20260827\result/.temp/undistort/1238.jpg,0.0,2912,1456,2308.921016,1456.0,728.0,1.0000000000000004,1.907612076666007e-17,2.367697014790469e-17,-1.1348192260914065e-17,0.559192903470747,0.8290375725550418,-2.464818110148797e-17,-0.8290375725550421,0.5591929034707469
114,1,G:/S1/USA/2026-02-24_16-21-11snow/camera/left/1771971772395357184.jpg,pitch_down_56,3,1255,D:\mipmap-lite\1fad9647-f717-4cd4-9391-11f219d7e5d1\snow\snow-20260827\result/.temp/undistort/1255.jpg,0.0,2912,1456,2308.921016,1456.0,728.0,1.0,4.5856177944542286e-17,-1.931394749855576e-17,3.5943414105824315e-20,0.5591929034707468,0.8290375725550416,-3.758606151261447e-17,-0.8290375725550416,0.5591929034707467
56,1,G:/S1/USA/2026-02-24_16-21-11snow/camera/left/1771971743393538048.jpg,pitch_down_56,3,1274,D:\mipmap-lite\1fad9647-f717-4cd4-9391-11f219d7e5d1\snow\snow-20260827\result/.temp/undistort/1274.jpg,0.0,2912,1456,2308.921016,1456.0,728.0,0.9999999999999999,6.260139315674523e-17,-3.9133630509756747e-17,2.29535189739454e-17,0.5591929034707471,0.8290375725550416,-4.811321181656759e-17,-0.8290375725550421,0.5591929034707466
143,1,G:/S1/USA/2026-02-24_16-21-11snow/camera/left/1771971786896203008.jpg,pitch_down_56,3,1281,D:\mipmap-lite\1fad9647-f717-4cd4-9391-11f219d7e5d1\snow\snow-20260827\result/.temp/undistort/1281.jpg,0.0,2912,1456,2308.921016,1456.0,728.0,1.0,-8.221705152733058e-17,-1.6951434228469942e-16,-2.1919190500284973e-16,0.559192903470747,0.8290375725550418,-1.1488651642525626e-16,-0.829037572555042,0.5591929034707468
27,1,G:/S1/USA/2026-02-24_16-21-11snow/camera/left/1771971728892647936.jpg,pitch_down_56,3,1285,D:\mipmap-lite\1fad9647-f717-4cd4-9391-11f219d7e5d1\snow\snow-20260827\result/.temp/undistort/1285.jpg,0.0,2912,1456,2308.921016,1456.0,728.0,1.0,-1.3756084333343772e-16,-7.636124282139295e-17,-1.3832087013750904e-16,0.5591929034707469,0.829037572555042,2.1162662615612943e-17,-0.8290375725550416,0.5591929034707468
84,1,G:/S1/USA/2026-02-24_16-21-11snow/camera/left/1771971757394393088.jpg,pitch_down_56,3,1293,D:\mipmap-lite\1fad9647-f717-4cd4-9391-11f219d7e5d1\snow\snow-20260827\result/.temp/undistort/1293.jpg,0.0,2912,1456,2308.921016,1456.0,728.0,0.9999999999999999,1.3043303103749604e-16,-4.3384369890947305e-17,8.21148586665524e-17,0.5591929034707467,0.8290375725550418,-1.1574284857878352e-16,-0.8290375725550417,0.5591929034707469
115,1,G:/S1/USA/2026-02-24_16-21-11snow/camera/left/1771971772895385856.jpg,pitch_down_56,3,1305,D:\mipmap-lite\1fad9647-f717-4cd4-9391-11f219d7e5d1\snow\snow-20260827\result/.temp/undistort/1305.jpg,0.0,2912,1456,2308.921016,1456.0,728.0,1.0,2.935672592522522e-17,-2.821064892971006e-17,2.2738497423443342e-17,0.5591929034707469,0.8290375725550418,-2.1904898784246697e-17,-0.8290375725550418,0.5591929034707469
57,1,G:/S1/USA/2026-02-24_16-21-11snow/camera/left/1771971743893538048.jpg,pitch_down_56,3,1319,D:\mipmap-lite\1fad9647-f717-4cd4-9391-11f219d7e5d1\snow\snow-20260827\result/.temp/undistort/1319.jpg,0.0,2912,1456,2308.921016,1456.0,728.0,0.9999999999999998,3.123144487132885e-17,2.7428078937603237e-18,4.5331798878255334e-17,0.5591929034707469,0.8290375725550418,1.0814665046883207e-18,-0.8290375725550418,0.5591929034707467
144,1,G:/S1/USA/2026-02-24_16-21-11snow/camera/left/1771971787396233984.jpg,pitch_down_56,3,1317,D:\mipmap-lite\1fad9647-f717-4cd4-9391-11f219d7e5d1\snow\snow-20260827\result/.temp/undistort/1317.jpg,0.0,2912,1456,2308.921016,1456.0,728.0,1.0,2.2210761439966167e-17,9.760288722650259e-17,6.105987908177643e-17,0.5591929034707468,0.8290375725550418,2.306279065000022e-17,-0.8290375725550417,0.5591929034707468
28,1,G:/S1/USA/2026-02-24_16-21-11snow/camera/left/1771971729392695040.jpg,pitch_down_56,3,1331,D:\mipmap-lite\1fad9647-f717-4cd4-9391-11f219d7e5d1\snow\snow-20260827\result/.temp/undistort/1331.jpg,0.0,2912,1456,2308.921016,1456.0,728.0,1.0000000000000002,1.5628229311167444e-16,-5.421155980722827e-17,1.8799950398148787e-17,0.5591929034707469,0.829037572555042,-8.081405552062605e-17,-0.8290375725550418,0.5591929034707469
85,1,G:/S1/USA/2026-02-24_16-21-11snow/camera/left/1771971757894437120.jpg,pitch_down_56,3,1335,D:\mipmap-lite\1fad9647-f717-4cd4-9391-11f219d7e5d1\snow\snow-20260827\result/.temp/undistort/1335.jpg,0.0,2912,1456,2308.921016,1456.0,728.0,0.9999999999999999,-6.505545415714464e-17,6.04496887564859e-17,-1.8283444912101143e-17,0.5591929034707466,0.8290375725550416,1.3408946224773557e-16,-0.8290375725550414,0.5591929034707468
116,1,G:/S1/USA/2026-02-24_16-21-11snow/camera/left/1771971773395394048.jpg,pitch_down_56,3,1348,D:\mipmap-lite\1fad9647-f717-4cd4-9391-11f219d7e5d1\snow\snow-20260827\result/.temp/undistort/1348.jpg,0.0,2912,1456,2308.921016,1456.0,728.0,0.9999999999999998,-8.533205202504138e-17,5.744957435599691e-17,8.200842492225812e-18,0.5591929034707468,0.8290375725550416,9.438603084586036e-17,-0.8290375725550417,0.5591929034707468
145,1,G:/S1/USA/2026-02-24_16-21-11snow/camera/left/1771971787896264960.jpg,pitch_down_56,3,1354,D:\mipmap-lite\1fad9647-f717-4cd4-9391-11f219d7e5d1\snow\snow-20260827\result/.temp/undistort/1354.jpg,0.0,2912,1456,2308.921016,1456.0,728.0,1.0000000000000004,-1.037009337853245e-16,-1.7225611368096816e-16,-2.100969012544761e-16,0.5591929034707469,0.829037572555042,1.1465588479292981e-17,-0.829037572555042,0.5591929034707468
58,1,G:/S1/USA/2026-02-24_16-21-11snow/camera/left/1771971744393569024.jpg,pitch_down_56,3,1352,D:\mipmap-lite\1fad9647-f717-4cd4-9391-11f219d7e5d1\snow\snow-20260827\result/.temp/undistort/1352.jpg,0.0,2912,1456,2308.921016,1456.0,728.0,1.0000000000000002,5.170244321078176e-18,-9.583270456171379e-17,1.4842703562522095e-17,0.5591929034707468,0.8290375725550416,-2.2517513762326702e-17,-0.8290375725550416,0.5591929034707467
29,1,G:/S1/USA/2026-02-24_16-21-11snow/camera/left/1771971729892678912.jpg,pitch_down_56,3,1360,D:\mipmap-lite\1fad9647-f717-4cd4-9391-11f219d7e5d1\snow\snow-20260827\result/.temp/undistort/1360.jpg,0.0,2912,1456,2308.921016,1456.0,728.0,0.9999999999999999,-1.1108533170552807e-16,-2.6375433657936832e-17,-1.1455440124223056e-16,0.5591929034707469,0.8290375725550418,1.0055722696307895e-16,-0.8290375725550417,0.5591929034707468
86,1,G:/S1/USA/2026-02-24_16-21-11snow/camera/left/1771971758394462976.jpg,pitch_down_56,3,1361,D:\mipmap-lite\1fad9647-f717-4cd4-9391-11f219d7e5d1\snow\snow-20260827\result/.temp/undistort/1361.jpg,0.0,2912,1456,2308.921016,1456.0,728.0,1.0,1.1453587164069543e-16,4.2470125386539655e-18,5.596987377739476e-17,0.5591929034707469,0.8290375725550417,-1.2312889586242183e-16,-0.8290375725550418,0.5591929034707467
87,1,G:/S1/USA/2026-02-24_16-21-11snow/camera/left/1771971758894461184.jpg,pitch_down_56,3,1368,D:\mipmap-lite\1fad9647-f717-4cd4-9391-11f219d7e5d1\snow\snow-20260827\result/.temp/undistort/1368.jpg,0.0,2912,1456,2308.921016,1456.0,728.0,1.0000000000000002,1.038875988258568e-16,-6.131987030381981e-17,1.4307437468997826e-17,0.559192903470747,0.8290375725550418,-1.5712677938711366e-16,-0.8290375725550421,0.5591929034707468
315,2,G:/S1/USA/2026-02-24_16-21-11snow/camera/right/1771971787396216064.jpg,yaw_neg_35,4,1,D:\mipmap-lite\1fad9647-f717-4cd4-9391-11f219d7e5d1\snow\snow-20260827\result/.temp/undistort/1.jpg,0.0,1456,2912,1039.691749,728.0,1456.0,0.8191520442889919,-7.550070932384591e-17,-0.5735764363510462,-2.0388223576596445e-16,1.0000000000000004,-1.2574904009608742e-16,0.5735764363510463,-2.1517431881420294e-16,0.819152044288992
231,2,G:/S1/USA/2026-02-24_16-21-11snow/camera/right/1771971745393670144.jpg,yaw_neg_35,4,6,D:\mipmap-lite\1fad9647-f717-4cd4-9391-11f219d7e5d1\snow\snow-20260827\result/.temp/undistort/6.jpg,0.0,1456,2912,1039.691749,728.0,1456.0,0.8191520442889917,-5.537862215814513e-17,-0.5735764363510459,-1.4418781193611402e-17,1.0,9.157686571207868e-17,0.573576436351046,6.040894939432159e-17,0.8191520442889917
259,2,G:/S1/USA/2026-02-24_16-21-11snow/camera/right/1771971759394524160.jpg,yaw_neg_35,4,7,D:\mipmap-lite\1fad9647-f717-4cd4-9391-11f219d7e5d1\snow\snow-20260827\result/.temp/undistort/7.jpg,0.0,1456,2912,1039.691749,728.0,1456.0,0.8191520442889926,2.7092300430349408e-17,-0.5735764363510464,8.79113920626163e-17,1.0000000000000002,-4.9363616181737676e-17,0.5735764363510463,-3.639060618204819e-18,0.8191520442889919
287,2,G:/S1/USA/2026-02-24_16-21-11snow/camera/right/1771971773395390976.jpg,yaw_neg_35,4,9,D:\mipmap-lite\1fad9647-f717-4cd4-9391-11f219d7e5d1\snow\snow-20260827\result/.temp/undistort/9.jpg,0.0,1456,2912,1039.691749,728.0,1456.0,0.8191520442889916,-5.5078795584161997e-17,-0.573576436351046,-6.654872959778981e-17,1.0,5.529467432730476e-17,0.5735764363510462,-1.7966063829941653e-18,0.8191520442889919
203,2,G:/S1/USA/2026-02-24_16-21-11snow/camera/right/1771971731392750080.jpg,yaw_neg_35,4,10,D:\mipmap-lite\1fad9647-f717-4cd4-9391-11f219d7e5d1\snow\snow-20260827\result/.temp/undistort/10.jpg,0.0,1456,2912,1039.691749,728.0,1456.0,0.8191520442889916,7.653513359085951e-18,-0.5735764363510459,8.452703266609477e-17,0.9999999999999998,9.197084237227408e-17,0.5735764363510459,1.1049599097739866e-16,0.8191520442889916
175,2,G:/S1/USA/2026-02-24_16-21-11snow/camera/right/1771971717391913216.jpg,yaw_neg_35,4,11,D:\mipmap-lite\1fad9647-f717-4cd4-9391-11f219d7e5d1\snow\snow-20260827\result/.temp/undistort/11.jpg,0.0,1456,2912,1039.691749,728.0,1456.0,0.8191520442889919,7.053273110731021e-17,-0.573576436351046,1.1880512946561773e-16,1.0,3.583767956565625e-17,0.5735764363510462,1.0470789492032871e-16,0.8191520442889918
204,2,G:/S1/USA/2026-02-24_16-21-11snow/camera/right/1771971731892779008.jpg,yaw_neg_35,4,54,D:\mipmap-lite\1fad9647-f717-4cd4-9391-11f219d7e5d1\snow\snow-20260827\result/.temp/undistort/54.jpg,0.0,1456,2912,1039.691749,728.0,1456.0,0.8191520442889918,3.403833691958441e-17,-0.5735764363510462,-1.1398184921364604e-16,1.0000000000000004,-2.316224329606211e-16,0.5735764363510462,-2.6573542574426496e-16,0.8191520442889921
232,2,G:/S1/USA/2026-02-24_16-21-11snow/camera/right/1771971745893639936.jpg,yaw_neg_35,4,58,D:\mipmap-lite\1fad9647-f717-4cd4-9391-11f219d7e5d1\snow\snow-20260827\result/.temp/undistort/58.jpg,0.0,1456,2912,1039.691749,728.0,1456.0,0.8191520442889919,8.43396073344349e-17,-0.5735764363510463,7.164253696813521e-17,1.0,-7.289016403779246e-17,0.573576436351046,-3.5549236709300896e-17,0.819152044288992
176,2,G:/S1/USA/2026-02-24_16-21-11snow/camera/right/1771971717891945216.jpg,yaw_neg_35,4,59,D:\mipmap-lite\1fad9647-f717-4cd4-9391-11f219d7e5d1\snow\snow-20260827\result/.temp/undistort/59.jpg,0.0,1456,2912,1039.691749,728.0,1456.0,0.8191520442889918,-6.478447442049108e-17,-0.5735764363510459,-1.4917623636089023e-16,1.0000000000000002,-9.36221492513317e-17,0.5735764363510462,-1.6051054320522966e-16,0.8191520442889918
260,2,G:/S1/USA/2026-02-24_16-21-11snow/camera/right/1771971759894510080.jpg,yaw_neg_35,4,60,D:\mipmap-lite\1fad9647-f717-4cd4-9391-11f219d7e5d1\snow\snow-20260827\result/.temp/undistort/60.jpg,0.0,1456,2912,1039.691749,728.0,1456.0,0.8191520442889917,4.254291984262675e-17,-0.5735764363510459,3.748477589182485e-17,0.9999999999999999,1.1332343731919309e-17,0.573576436351046,8.289933059904426e-18,0.8191520442889918
288,2,G:/S1/USA/2026-02-24_16-21-11snow/camera/right/1771971773895454208.jpg,yaw_neg_35,4,61,D:\mipmap-lite\1fad9647-f717-4cd4-9391-11f219d7e5d1\snow\snow-20260827\result/.temp/undistort/61.jpg,0.0,1456,2912,1039.691749,728.0,1456.0,0.8191520442889919,-2.720519946836374e-18,-0.5735764363510463,-2.0557565024074037e-17,1.0,-6.532616287456666e-17,0.5735764363510459,-4.814735138963675e-18,0.8191520442889918
316,2,G:/S1/USA/2026-02-24_16-21-11snow/camera/right/1771971787896249088.jpg,yaw_neg_35,4,62,D:\mipmap-lite\1fad9647-f717-4cd4-9391-11f219d7e5d1\snow\snow-20260827\result/.temp/undistort/62.jpg,0.0,1456,2912,1039.691749,728.0,1456.0,0.8191520442889917,9.190918472581533e-17,-0.573576436351046,1.9238561962676122e-16,0.9999999999999994,3.819929795111404e-17,0.5735764363510459,2.401419613295479e-16,0.8191520442889917
205,2,G:/S1/USA/2026-02-24_16-21-11snow/camera/right/1771971732392876032.jpg,yaw_neg_35,4,94,D:\mipmap-lite\1fad9647-f717-4cd4-9391-11f219d7e5d1\snow\snow-20260827\result/.temp/undistort/94.jpg,0.0,1456,2912,1039.691749,728.0,1456.0,0.8191520442889918,6.015154036476485e-17,-0.573576436351046,2.4578621344912957e-17,1.0,-2.9845515519794164e-17,0.573576436351046,-2.4839194805585446e-18,0.8191520442889918
317,2,G:/S1/USA/2026-02-24_16-21-11snow/camera/right/1771971788396319232.jpg,yaw_neg_35,4,104,D:\mipmap-lite\1fad9647-f717-4cd4-9391-11f219d7e5d1\snow\snow-20260827\result/.temp/undistort/104.jpg,0.0,1456,2912,1039.691749,728.0,1456.0,0.8191520442889919,-1.1153083572049847e-16,-0.573576436351046,-2.8119804480130543e-16,1.0000000000000004,-2.6130458642303456e-16,0.5735764363510463,-3.4619553515212364e-16,0.8191520442889919
261,2,G:/S1/USA/2026-02-24_16-21-11snow/camera/right/1771971760394540032.jpg,yaw_neg_35,4,112,D:\mipmap-lite\1fad9647-f717-4cd4-9391-11f219d7e5d1\snow\snow-20260827\result/.temp/undistort/112.jpg,0.0,1456,2912,1039.691749,728.0,1456.0,0.819152044288992,2.1613046020077604e-17,-0.5735764363510462,2.1201466555462817e-18,1.0,-3.1513564120173983e-17,0.5735764363510462,2.9451714436278206e-17,0.8191520442889917
233,2,G:/S1/USA/2026-02-24_16-21-11snow/camera/right/1771971746393712128.jpg,yaw_neg_35,4,113,D:\mipmap-lite\1fad9647-f717-4cd4-9391-11f219d7e5d1\snow\snow-20260827\result/.temp/undistort/113.jpg,0.0,1456,2912,1039.691749,728.0,1456.0,0.819152044288992,1.6867602389802323e-17,-0.573576436351046,1.5681821854029496e-18,1.0,2.6442678446124422e-17,0.573576436351046,-3.657528725651582e-18,0.8191520442889918
177,2,G:/S1/USA/2026-02-24_16-21-11snow/camera/right/1771971718391987968.jpg,yaw_neg_35,4,114,D:\mipmap-lite\1fad9647-f717-4cd4-9391-11f219d7e5d1\snow\snow-20260827\result/.temp/undistort/114.jpg,0.0,1456,2912,1039.691749,728.0,1456.0,0.8191520442889919,-1.0886927681967027e-16,-0.5735764363510459,-2.837874507013878e-16,1.0000000000000004,-2.0195471911754003e-16,0.5735764363510464,-3.319624983651835e-16,0.8191520442889921
289,2,G:/S1/USA/2026-02-24_16-21-11snow/camera/right/1771971774395409152.jpg,yaw_neg_35,4,115,D:\mipmap-lite\1fad9647-f717-4cd4-9391-11f219d7e5d1\snow\snow-20260827\result/.temp/undistort/115.jpg,0.0,1456,2912,1039.691749,728.0,1456.0,0.8191520442889911,3.5274080210185455e-16,-0.5735764363510463,3.74503621583717e-16,0.9999999999999998,-3.373429772772353e-17,0.5735764363510456,1.8975241016189347e-16,0.8191520442889919
206,2,G:/S1/USA/2026-02-24_16-21-11snow/camera/right/1771971732892840192.jpg,yaw_neg_35,4,143,D:\mipmap-lite\1fad9647-f717-4cd4-9391-11f219d7e5d1\snow\snow-20260827\result/.temp/undistort/143.jpg,0.0,1456,2912,1039.691749,728.0,1456.0,0.8191520442889917,-1.148427859111756e-16,-0.5735764363510458,1.585016194178169e-16,0.9999999999999994,4.1747073958234684e-16,0.5735764363510457,4.451947076151449e-16,0.8191520442889914
318,2,G:/S1/USA/2026-02-24_16-21-11snow/camera/right/1771971788896310016.jpg,yaw_neg_35,4,152,D:\mipmap-lite\1fad9647-f717-4cd4-9391-11f219d7e5d1\snow\snow-20260827\result/.temp/undistort/152.jpg,0.0,1456,2912,1039.691749,728.0,1456.0,0.8191520442889918,7.068008286959778e-17,-0.573576436351046,1.3023602654052317e-16,0.9999999999999999,7.533724727168892e-17,0.573576436351046,8.243871474738593e-17,0.819152044288992
290,2,G:/S1/USA/2026-02-24_16-21-11snow/camera/right/1771971774895485184.jpg,yaw_neg_35,4,167,D:\mipmap-lite\1fad9647-f717-4cd4-9391-11f219d7e5d1\snow\snow-20260827\result/.temp/undistort/167.jpg,0.0,1456,2912,1039.691749,728.0,1456.0,0.8191520442889911,4.538632031984644e-16,-0.5735764363510459,4.626275343747972e-16,0.9999999999999996,-1.349110008109042e-16,0.5735764363510457,1.988055384557171e-16,0.8191520442889917
178,2,G:/S1/USA/2026-02-24_16-21-11snow/camera/right/1771971718892028160.jpg,yaw_neg_35,4,168,D:\mipmap-lite\1fad9647-f717-4cd4-9391-11f219d7e5d1\snow\snow-20260827\result/.temp/undistort/168.jpg,0.0,1456,2912,1039.691749,728.0,1456.0,0.8191520442889918,4.446064703622605e-17,-0.5735764363510459,3.2909526917132124e-17,0.9999999999999999,-4.18830457353705e-17,0.5735764363510462,-1.4052818116543645e-17,0.8191520442889917
262,2,G:/S1/USA/2026-02-24_16-21-11snow/camera/right/1771971760894633984.jpg,yaw_neg_35,4,162,D:\mipmap-lite\1fad9647-f717-4cd4-9391-11f219d7e5d1\snow\snow-20260827\result/.temp/undistort/162.jpg,0.0,1456,2912,1039.691749,728.0,1456.0,0.8191520442889915,2.602895713920411e-17,-0.5735764363510458,-1.4143651381086936e-17,0.9999999999999998,8.089182822021387e-17,0.5735764363510458,-4.608537796703425e-17,0.8191520442889918
234,2,G:/S1/USA/2026-02-24_16-21-11snow/camera/right/1771971746893757184.jpg,yaw_neg_35,4,163,D:\mipmap-lite\1fad9647-f717-4cd4-9391-11f219d7e5d1\snow\snow-20260827\result/.temp/undistort/163.jpg,0.0,1456,2912,1039.691749,728.0,1456.0,0.8191520442889916,-1.445442692308653e-17,-0.5735764363510458,-5.782072905809893e-17,0.9999999999999999,-3.636898246128113e-18,0.5735764363510462,3.41678839772309e-17,0.8191520442889917
207,2,G:/S1/USA/2026-02-24_16-21-11snow/camera/right/1771971733392872192.jpg,yaw_neg_35,4,189,D:\mipmap-lite\1fad9647-f717-4cd4-9391-11f219d7e5d1\snow\snow-20260827\result/.temp/undistort/189.jpg,0.0,1456,2912,1039.691749,728.0,1456.0,0.8191520442889918,7.233171413138677e-18,-0.573576436351046,3.4986274965072316e-17,0.9999999999999999,6.248756110825947e-18,0.5735764363510463,4.297527473358089e-19,0.819152044288992
319,2,G:/S1/USA/2026-02-24_16-21-11snow/camera/right/1771971789396342016.jpg,yaw_neg_35,4,197,D:\mipmap-lite\1fad9647-f717-4cd4-9391-11f219d7e5d1\snow\snow-20260827\result/.temp/undistort/197.jpg,0.0,1456,2912,1039.691749,728.0,1456.0,0.8191520442889917,-2.471567220322439e-17,-0.573576436351046,1.2448996225633623e-16,0.9999999999999998,1.573257101905947e-16,0.5735764363510458,2.1113189594780533e-16,0.8191520442889916
235,2,G:/S1/USA/2026-02-24_16-21-11snow/camera/right/1771971747393774080.jpg,yaw_neg_35,4,200,D:\mipmap-lite\1fad9647-f717-4cd4-9391-11f219d7e5d1\snow\snow-20260827\result/.temp/undistort/200.jpg,0.0,1456,2912,1039.691749,728.0,1456.0,0.8191520442889916,-1.1815191221762518e-16,-0.5735764363510457,-6.958728079450704e-17,0.9999999999999998,1.3241132724817127e-16,0.573576436351046,3.0105079555516294e-17,0.8191520442889918
263,2,G:/S1/USA/2026-02-24_16-21-11snow/camera/right/1771971761394642176.jpg,yaw_neg_35,4,218,D:\mipmap-lite\1fad9647-f717-4cd4-9391-11f219d7e5d1\snow\snow-20260827\result/.temp/undistort/218.jpg,0.0,1456,2912,1039.691749,728.0,1456.0,0.8191520442889912,4.41167396369463e-17,-0.5735764363510457,-1.5739432479584676e-17,0.9999999999999999,2.1876306188469857e-17,0.5735764363510458,-1.8355830360131252e-17,0.8191520442889917
179,2,G:/S1/USA/2026-02-24_16-21-11snow/camera/right/1771971719392054016.jpg,yaw_neg_35,4,220,D:\mipmap-lite\1fad9647-f717-4cd4-9391-11f219d7e5d1\snow\snow-20260827\result/.temp/undistort/220.jpg,0.0,1456,2912,1039.691749,728.0,1456.0,0.8191520442889916,1.0667831984148936e-17,-0.5735764363510458,1.4362994293573023e-17,0.9999999999999999,6.177277143305165e-18,0.5735764363510459,1.5220216776006364e-17,0.8191520442889917
291,2,G:/S1/USA/2026-02-24_16-21-11snow/camera/right/1771971775395473920.jpg,yaw_neg_35,4,221,D:\mipmap-lite\1fad9647-f717-4cd4-9391-11f219d7e5d1\snow\snow-20260827\result/.temp/undistort/221.jpg,0.0,1456,2912,1039.691749,728.0,1456.0,0.8191520442889916,3.112598802534645e-16,-0.573576436351046,2.8583496406362067e-16,0.9999999999999999,-1.4368781575677756e-16,0.5735764363510457,9.006464570339335e-17,0.8191520442889918
208,2,G:/S1/USA/2026-02-24_16-21-11snow/camera/right/1771971733892903168.jpg,yaw_neg_35,4,235,D:\mipmap-lite\1fad9647-f717-4cd4-9391-11f219d7e5d1\snow\snow-20260827\result/.temp/undistort/235.jpg,0.0,1456,2912,1039.691749,728.0,1456.0,0.8191520442889918,-9.59931210106481e-17,-0.5735764363510463,-3.9197289940196623e-17,1.0000000000000002,9.733437142068748e-17,0.5735764363510459,5.640528324818242e-17,0.8191520442889918
320,2,G:/S1/USA/2026-02-24_16-21-11snow/camera/right/1771971789896371968.jpg,yaw_neg_35,4,236,D:\mipmap-lite\1fad9647-f717-4cd4-9391-11f219d7e5d1\snow\snow-20260827\result/.temp/undistort/236.jpg,0.0,1456,2912,1039.691749,728.0,1456.0,0.8191520442889919,-1.2244684138106613e-16,-0.5735764363510459,-4.607451786796957e-16,1.0000000000000004,-3.5619884219662575e-16,0.5735764363510465,-5.258625432188191e-16,0.8191520442889921
236,2,G:/S1/USA/2026-02-24_16-21-11snow/camera/right/1771971747893806080.jpg,yaw_neg_35,4,243,D:\mipmap-lite\1fad9647-f717-4cd4-9391-11f219d7e5d1\snow\snow-20260827\result/.temp/undistort/243.jpg,0.0,1456,2912,1039.691749,728.0,1456.0,0.8191520442889915,-2.161530183900481e-16,-0.5735764363510457,-1.4639829599780288e-16,0.9999999999999999,1.9036317653677068e-16,0.5735764363510462,6.556976162510991e-17,0.8191520442889917
180,2,G:/S1/USA/2026-02-24_16-21-11snow/camera/right/1771971719892094976.jpg,yaw_neg_35,4,264,D:\mipmap-lite\1fad9647-f717-4cd4-9391-11f219d7e5d1\snow\snow-20260827\result/.temp/undistort/264.jpg,0.0,1456,2912,1039.691749,728.0,1456.0,0.8191520442889919,-4.728296275466758e-17,-0.573576436351046,-1.521421813751854e-16,1.0000000000000002,-1.4794603834889615e-16,0.5735764363510462,-2.0533508189377856e-16,0.8191520442889919
292,2,G:/S1/USA/2026-02-24_16-21-11snow/camera/right/1771971775895503872.jpg,yaw_neg_35,4,274,D:\mipmap-lite\1fad9647-f717-4cd4-9391-11f219d7e5d1\snow\snow-20260827\result/.temp/undistort/274.jpg,0.0,1456,2912,1039.691749,728.0,1456.0,0.8191520442889919,-1.0543630389076931e-16,-0.5735764363510459,-9.449359739655867e-17,1.0000000000000004,-5.1597437674397383e-17,0.5735764363510463,-4.4767086457204516e-17,0.8191520442889919
264,2,G:/S1/USA/2026-02-24_16-21-11snow/camera/right/1771971761894633984.jpg,yaw_neg_35,4,275,D:\mipmap-lite\1fad9647-f717-4cd4-9391-11f219d7e5d1\snow\snow-20260827\result/.temp/undistort/275.jpg,0.0,1456,2912,1039.691749,728.0,1456.0,0.8191520442889919,-5.95504880358636e-17,-0.573576436351046,2.5738812425204672e-17,1.0,9.104090056965222e-17,0.5735764363510462,4.704251713374487e-17,0.8191520442889919
321,2,G:/S1/USA/2026-02-24_16-21-11snow/camera/right/1771971790396403968.jpg,yaw_neg_35,4,284,D:\mipmap-lite\1fad9647-f717-4cd4-9391-11f219d7e5d1\snow\snow-20260827\result/.temp/undistort/284.jpg,0.0,1456,2912,1039.691749,728.0,1456.0,0.8191520442889917,1.1703381348458265e-16,-0.573576436351046,2.241788918028383e-16,0.9999999999999994,7.659283081270966e-17,0.5735764363510459,1.9612493334890502e-16,0.8191520442889915
237,2,G:/S1/USA/2026-02-24_16-21-11snow/camera/right/1771971748393854976.jpg,yaw_neg_35,4,292,D:\mipmap-lite\1fad9647-f717-4cd4-9391-11f219d7e5d1\snow\snow-20260827\result/.temp/undistort/292.jpg,0.0,1456,2912,1039.691749,728.0,1456.0,0.8191520442889918,-2.861956411843315e-17,-0.5735764363510459,-2.877930040180782e-17,1.0000000000000002,3.9819653005788104e-17,0.5735764363510462,-3.2633287802491814e-17,0.8191520442889919
209,2,G:/S1/USA/2026-02-24_16-21-11snow/camera/right/1771971734392965120.jpg,yaw_neg_35,4,285,D:\mipmap-lite\1fad9647-f717-4cd4-9391-11f219d7e5d1\snow\snow-20260827\result/.temp/undistort/285.jpg,0.0,1456,2912,1039.691749,728.0,1456.0,0.8191520442889918,-3.535991425428561e-17,-0.573576436351046,-1.647597284124933e-17,0.9999999999999996,4.210598316962334e-17,0.5735764363510458,2.869646521429692e-17,0.8191520442889916
181,2,G:/S1/USA/2026-02-24_16-21-11snow/camera/right/1771971720392114176.jpg,yaw_neg_35,4,306,D:\mipmap-lite\1fad9647-f717-4cd4-9391-11f219d7e5d1\snow\snow-20260827\result/.temp/undistort/306.jpg,0.0,1456,2912,1039.691749,728.0,1456.0,0.8191520442889918,-2.4278290173818792e-17,-0.5735764363510462,-7.505522377300186e-17,1.0000000000000002,-6.432879924071674e-17,0.5735764363510462,-9.417272696021645e-17,0.8191520442889919
265,2,G:/S1/USA/2026-02-24_16-21-11snow/camera/right/1771971762394703104.jpg,yaw_neg_35,4,327,D:\mipmap-lite\1fad9647-f717-4cd4-9391-11f219d7e5d1\snow\snow-20260827\result/.temp/undistort/327.jpg,0.0,1456,2912,1039.691749,728.0,1456.0,0.8191520442889922,-8.900737950994925e-17,-0.5735764363510463,-8.18540051750777e-17,1.0000000000000002,-6.420763212762964e-17,0.5735764363510463,-3.3394393141583554e-17,0.819152044288992
293,2,G:/S1/USA/2026-02-24_16-21-11snow/camera/right/1771971776395576832.jpg,yaw_neg_35,4,328,D:\mipmap-lite\1fad9647-f717-4cd4-9391-11f219d7e5d1\snow\snow-20260827\result/.temp/undistort/328.jpg,0.0,1456,2912,1039.691749,728.0,1456.0,0.819152044288992,-1.7162585960096304e-16,-0.5735764363510462,-2.7028232742105795e-16,1.0000000000000002,-8.439908681003789e-17,0.5735764363510462,-2.7606828740881826e-16,0.8191520442889918
238,2,G:/S1/USA/2026-02-24_16-21-11snow/camera/right/1771971748893825024.jpg,yaw_neg_35,4,331,D:\mipmap-lite\1fad9647-f717-4cd4-9391-11f219d7e5d1\snow\snow-20260827\result/.temp/undistort/331.jpg,0.0,1456,2912,1039.691749,728.0,1456.0,0.8191520442889919,1.0574903042672312e-16,-0.5735764363510462,9.338832019514749e-17,1.0,-7.467901910985958e-18,0.5735764363510459,3.626339406789721e-17,0.8191520442889917
182,2,G:/S1/USA/2026-02-24_16-21-11snow/camera/right/1771971720892096000.jpg,yaw_neg_35,4,346,D:\mipmap-lite\1fad9647-f717-4cd4-9391-11f219d7e5d1\snow\snow-20260827\result/.temp/undistort/346.jpg,0.0,1456,2912,1039.691749,728.0,1456.0,0.8191520442889918,-5.102679941036706e-17,-0.573576436351046,-3.0818345416980833e-16,1.0000000000000002,-2.9930092267793954e-16,0.5735764363510463,-4.44156495422679e-16,0.8191520442889918
210,2,G:/S1/USA/2026-02-24_16-21-11snow/camera/right/1771971734892963072.jpg,yaw_neg_35,4,344,D:\mipmap-lite\1fad9647-f717-4cd4-9391-11f219d7e5d1\snow\snow-20260827\result/.temp/undistort/344.jpg,0.0,1456,2912,1039.691749,728.0,1456.0,0.8191520442889919,7.936255935383694e-17,-0.5735764363510462,-9.391058052411175e-17,1.0000000000000002,-2.812599331150037e-16,0.573576436351046,-2.6357517978685325e-16,0.8191520442889918
322,2,G:/S1/USA/2026-02-24_16-21-11snow/camera/right/1771971790896434944.jpg,yaw_neg_35,4,345,D:\mipmap-lite\1fad9647-f717-4cd4-9391-11f219d7e5d1\snow\snow-20260827\result/.temp/undistort/345.jpg,0.0,1456,2912,1039.691749,728.0,1456.0,0.8191520442889916,4.561257148231135e-18,-0.573576436351046,1.2576441153564603e-16,0.9999999999999993,1.6395419759601252e-16,0.5735764363510459,2.573482874528885e-16,0.8191520442889916
266,2,G:/S1/USA/2026-02-24_16-21-11snow/camera/right/1771971762894790144.jpg,yaw_neg_35,4,370,D:\mipmap-lite\1fad9647-f717-4cd4-9391-11f219d7e5d1\snow\snow-20260827\result/.temp/undistort/370.jpg,0.0,1456,2912,1039.691749,728.0,1456.0,0.8191520442889919,1.2834843679980096e-17,-0.5735764363510462,8.70253440243568e-18,0.9999999999999999,-6.527459090291253e-17,0.573576436351046,2.619953129857777e-18,0.8191520442889919
294,2,G:/S1/USA/2026-02-24_16-21-11snow/camera/right/1771971776895569152.jpg,yaw_neg_35,4,371,D:\mipmap-lite\1fad9647-f717-4cd4-9391-11f219d7e5d1\snow\snow-20260827\result/.temp/undistort/371.jpg,0.0,1456,2912,1039.691749,728.0,1456.0,0.8191520442889919,-1.6472876780566624e-16,-0.573576436351046,-1.9679262391755244e-16,1.0,-2.5220366208869756e-17,0.5735764363510462,-1.6132365038032627e-16,0.819152044288992
239,2,G:/S1/USA/2026-02-24_16-21-11snow/camera/right/1771971749393857024.jpg,yaw_neg_35,4,385,D:\mipmap-lite\1fad9647-f717-4cd4-9391-11f219d7e5d1\snow\snow-20260827\result/.temp/undistort/385.jpg,0.0,1456,2912,1039.691749,728.0,1456.0,0.8191520442889916,-1.009678036774842e-16,-0.5735764363510458,-5.662500166213808e-17,0.9999999999999999,7.560870091834978e-17,0.573576436351046,2.3591257309089868e-17,0.8191520442889917
211,2,G:/S1/USA/2026-02-24_16-21-11snow/camera/right/1771971735393048064.jpg,yaw_neg_35,4,388,D:\mipmap-lite\1fad9647-f717-4cd4-9391-11f219d7e5d1\snow\snow-20260827\result/.temp/undistort/388.jpg,0.0,1456,2912,1039.691749,728.0,1456.0,0.8191520442889917,-4.878537830538781e-18,-0.573576436351046,8.09523294008133e-17,0.9999999999999999,5.99398255704957e-17,0.573576436351046,1.597684427601934e-16,0.8191520442889917
323,2,G:/S1/USA/2026-02-24_16-21-11snow/camera/right/1771971791396465920.jpg,yaw_neg_35,4,400,D:\mipmap-lite\1fad9647-f717-4cd4-9391-11f219d7e5d1\snow\snow-20260827\result/.temp/undistort/400.jpg,0.0,1456,2912,1039.691749,728.0,1456.0,0.8191520442889917,1.866024051048551e-18,-0.573576436351046,2.6318063218865868e-17,0.9999999999999999,3.437643550676509e-17,0.573576436351046,6.351272066722295e-17,0.8191520442889917
183,2,G:/S1/USA/2026-02-24_16-21-11snow/camera/right/1771971721392131072.jpg,yaw_neg_35,4,395,D:\mipmap-lite\1fad9647-f717-4cd4-9391-11f219d7e5d1\snow\snow-20260827\result/.temp/undistort/395.jpg,0.0,1456,2912,1039.691749,728.0,1456.0,0.8191520442889916,2.9287176577767355e-18,-0.573576436351046,2.657805330813168e-17,0.9999999999999999,3.165144192898675e-17,0.5735764363510459,3.350826746846634e-17,0.8191520442889918
267,2,G:/S1/USA/2026-02-24_16-21-11snow/camera/right/1771971763394736896.jpg,yaw_neg_35,4,422,D:\mipmap-lite\1fad9647-f717-4cd4-9391-11f219d7e5d1\snow\snow-20260827\result/.temp/undistort/422.jpg,0.0,1456,2912,1039.691749,728.0,1456.0,0.8191520442889919,-5.948860300195196e-17,-0.573576436351046,-1.863696015076424e-17,1.0000000000000002,4.187097872428126e-17,0.573576436351046,2.4069908321354216e-17,0.8191520442889918
295,2,G:/S1/USA/2026-02-24_16-21-11snow/camera/right/1771971777395597056.jpg,yaw_neg_35,4,424,D:\mipmap-lite\1fad9647-f717-4cd4-9391-11f219d7e5d1\snow\snow-20260827\result/.temp/undistort/424.jpg,0.0,1456,2912,1039.691749,728.0,1456.0,0.8191520442889921,-2.1273261561002844e-16,-0.5735764363510462,-4.007438840369626e-16,1.0000000000000004,-1.6789944413907416e-16,0.5735764363510463,-3.5985945115856115e-16,0.8191520442889919
212,2,G:/S1/USA/2026-02-24_16-21-11snow/camera/right/1771971735893026048.jpg,yaw_neg_35,4,426,D:\mipmap-lite\1fad9647-f717-4cd4-9391-11f219d7e5d1\snow\snow-20260827\result/.temp/undistort/426.jpg,0.0,1456,2912,1039.691749,728.0,1456.0,0.8191520442889919,5.933304340950521e-17,-0.5735764363510463,-3.461314477589302e-17,1.0,-1.3018996031258506e-16,0.573576436351046,-1.2677717201346802e-16,0.819152044288992
324,2,G:/S1/USA/2026-02-24_16-21-11snow/camera/right/1771971791896548864.jpg,yaw_neg_35,4,434,D:\mipmap-lite\1fad9647-f717-4cd4-9391-11f219d7e5d1\snow\snow-20260827\result/.temp/undistort/434.jpg,0.0,1456,2912,1039.691749,728.0,1456.0,0.8191520442889919,-1.573249585906677e-17,-0.573576436351046,-1.5373597035198998e-17,1.0,-5.807336391044549e-17,0.5735764363510459,-7.816669012840373e-17,0.8191520442889917
240,2,G:/S1/USA/2026-02-24_16-21-11snow/camera/right/1771971749893970944.jpg,yaw_neg_35,4,435,D:\mipmap-lite\1fad9647-f717-4cd4-9391-11f219d7e5d1\snow\snow-20260827\result/.temp/undistort/435.jpg,0.0,1456,2912,1039.691749,728.0,1456.0,0.819152044288992,1.064010185591264e-16,-0.5735764363510462,8.104326357796611e-17,1.0,-1.3947745985616787e-16,0.5735764363510462,-4.980906089252147e-17,0.8191520442889919
184,2,G:/S1/USA/2026-02-24_16-21-11snow/camera/right/1771971721892205056.jpg,yaw_neg_35,4,444,D:\mipmap-lite\1fad9647-f717-4cd4-9391-11f219d7e5d1\snow\snow-20260827\result/.temp/undistort/444.jpg,0.0,1456,2912,1039.691749,728.0,1456.0,0.8191520442889919,4.01105889189675e-17,-0.5735764363510462,2.145355036093576e-16,0.9999999999999998,2.3944806515157433e-16,0.5735764363510459,3.118631547500099e-16,0.8191520442889917
325,2,G:/S1/USA/2026-02-24_16-21-11snow/camera/right/1771971792396527104.jpg,yaw_neg_35,4,474,D:\mipmap-lite\1fad9647-f717-4cd4-9391-11f219d7e5d1\snow\snow-20260827\result/.temp/undistort/474.jpg,0.0,1456,2912,1039.691749,728.0,1456.0,0.8191520442889918,1.2042102938989222e-16,-0.573576436351046,3.1312677332301085e-16,0.9999999999999996,1.9859805570567495e-16,0.5735764363510459,4.035593750153549e-16,0.8191520442889916
268,2,G:/S1/USA/2026-02-24_16-21-11snow/camera/right/1771971763894755072.jpg,yaw_neg_35,4,470,D:\mipmap-lite\1fad9647-f717-4cd4-9391-11f219d7e5d1\snow\snow-20260827\result/.temp/undistort/470.jpg,0.0,1456,2912,1039.691749,728.0,1456.0,0.819152044288991,5.0124411263215203e-17,-0.5735764363510456,1.515566963089002e-17,0.9999999999999998,8.017156553726288e-18,0.5735764363510457,-1.2933626063972111e-17,0.8191520442889916
296,2,G:/S1/USA/2026-02-24_16-21-11snow/camera/right/1771971777895629056.jpg,yaw_neg_35,4,476,D:\mipmap-lite\1fad9647-f717-4cd4-9391-11f219d7e5d1\snow\snow-20260827\result/.temp/undistort/476.jpg,0.0,1456,2912,1039.691749,728.0,1456.0,0.8191520442889922,-3.7197605943782424e-16,-0.573576436351046,-4.906463463641465e-16,1.0000000000000004,-5.87008399026872e-17,0.5735764363510464,-2.9242180871570747e-16,0.8191520442889917
241,2,G:/S1/USA/2026-02-24_16-21-11snow/camera/right/1771971750393960960.jpg,yaw_neg_35,4,475,D:\mipmap-lite\1fad9647-f717-4cd4-9391-11f219d7e5d1\snow\snow-20260827\result/.temp/undistort/475.jpg,0.0,1456,2912,1039.691749,728.0,1456.0,0.8191520442889916,-9.896034879955864e-17,-0.5735764363510459,-4.7059752730008016e-18,0.9999999999999999,3.6100170074653473e-17,0.5735764363510459,3.299175938976531e-17,0.8191520442889917
213,2,G:/S1/USA/2026-02-24_16-21-11snow/camera/right/1771971736393105152.jpg,yaw_neg_35,4,482,D:\mipmap-lite\1fad9647-f717-4cd4-9391-11f219d7e5d1\snow\snow-20260827\result/.temp/undistort/482.jpg,0.0,1456,2912,1039.691749,728.0,1456.0,0.8191520442889916,-3.614658976530681e-17,-0.5735764363510462,-1.5458526517018856e-17,0.9999999999999999,7.528069601081212e-17,0.573576436351046,5.586222444233143e-17,0.8191520442889919
185,2,G:/S1/USA/2026-02-24_16-21-11snow/camera/right/1771971722392207104.jpg,yaw_neg_35,4,500,D:\mipmap-lite\1fad9647-f717-4cd4-9391-11f219d7e5d1\snow\snow-20260827\result/.temp/undistort/500.jpg,0.0,1456,2912,1039.691749,728.0,1456.0,0.8191520442889917,1.6328958706091935e-18,-0.5735764363510459,-1.0249357850408566e-16,1.0,-6.480108571725574e-17,0.573576436351046,-1.4824762020281843e-16,0.8191520442889918
269,2,G:/S1/USA/2026-02-24_16-21-11snow/camera/right/1771971764394857216.jpg,yaw_neg_35,4,516,D:\mipmap-lite\1fad9647-f717-4cd4-9391-11f219d7e5d1\snow\snow-20260827\result/.temp/undistort/516.jpg,0.0,1456,2912,1039.691749,728.0,1456.0,0.819152044288992,-3.787171439418317e-17,-0.573576436351046,-1.952776605015907e-17,1.0,2.1214777241178318e-17,0.5735764363510463,2.2076894000540835e-17,0.8191520442889918
326,2,G:/S1/USA/2026-02-24_16-21-11snow/camera/right/1771971792896600064.jpg,yaw_neg_35,4,523,D:\mipmap-lite\1fad9647-f717-4cd4-9391-11f219d7e5d1\snow\snow-20260827\result/.temp/undistort/523.jpg,0.0,1456,2912,1039.691749,728.0,1456.0,0.8191520442889918,2.8055692278594495e-17,-0.5735764363510459,6.063847955712607e-17,0.9999999999999999,9.750927653316488e-17,0.573576436351046,1.6382871645458943e-16,0.8191520442889917
242,2,G:/S1/USA/2026-02-24_16-21-11snow/camera/right/1771971750893999104.jpg,yaw_neg_35,4,524,D:\mipmap-lite\1fad9647-f717-4cd4-9391-11f219d7e5d1\snow\snow-20260827\result/.temp/undistort/524.jpg,0.0,1456,2912,1039.691749,728.0,1456.0,0.8191520442889917,4.779877107629476e-17,-0.573576436351046,8.959007262922075e-17,0.9999999999999999,1.435909654092536e-17,0.5735764363510459,1.0849085087806885e-17,0.8191520442889917
297,2,G:/S1/USA/2026-02-24_16-21-11snow/camera/right/1771971778395711232.jpg,yaw_neg_35,4,529,D:\mipmap-lite\1fad9647-f717-4cd4-9391-11f219d7e5d1\snow\snow-20260827\result/.temp/undistort/529.jpg,0.0,1456,2912,1039.691749,728.0,1456.0,0.8191520442889919,1.5428670467508628e-16,-0.573576436351046,1.4486641105777048e-16,1.0,-1.3337055591004753e-17,0.573576436351046,1.0804263773590939e-16,0.819152044288992
214,2,G:/S1/USA/2026-02-24_16-21-11snow/camera/right/1771971736893154048.jpg,yaw_neg_35,4,536,D:\mipmap-lite\1fad9647-f717-4cd4-9391-11f219d7e5d1\snow\snow-20260827\result/.temp/undistort/536.jpg,0.0,1456,2912,1039.691749,728.0,1456.0,0.8191520442889918,2.3875942146638493e-17,-0.5735764363510459,1.339919067024244e-16,0.9999999999999998,7.267284391562258e-17,0.5735764363510459,1.2252624661570914e-16,0.8191520442889916
186,2,G:/S1/USA/2026-02-24_16-21-11snow/camera/right/1771971722892271104.jpg,yaw_neg_35,4,551,D:\mipmap-lite\1fad9647-f717-4cd4-9391-11f219d7e5d1\snow\snow-20260827\result/.temp/undistort/551.jpg,0.0,1456,2912,1039.691749,728.0,1456.0,0.8191520442889917,-1.3143102701371597e-17,-0.5735764363510462,-1.601891195892525e-16,1.0000000000000002,-7.887390148470564e-17,0.5735764363510462,-1.6304892301975992e-16,0.8191520442889919
270,2,G:/S1/USA/2026-02-24_16-21-11snow/camera/right/1771971764894881024.jpg,yaw_neg_35,4,565,D:\mipmap-lite\1fad9647-f717-4cd4-9391-11f219d7e5d1\snow\snow-20260827\result/.temp/undistort/565.jpg,0.0,1456,2912,1039.691749,728.0,1456.0,0.8191520442889914,-1.2773197735194281e-17,-0.573576436351046,-1.5263638447624172e-17,1.0,9.564916734105844e-17,0.573576436351046,3.260205921865733e-17,0.819152044288992
327,2,G:/S1/USA/2026-02-24_16-21-11snow/camera/right/1771971793396584960.jpg,yaw_neg_35,4,566,D:\mipmap-lite\1fad9647-f717-4cd4-9391-11f219d7e5d1\snow\snow-20260827\result/.temp/undistort/566.jpg,0.0,1456,2912,1039.691749,728.0,1456.0,0.8191520442889918,-2.485909212269593e-17,-0.573576436351046,7.33450894169437e-17,0.9999999999999997,1.4133083982554698e-17,0.573576436351046,1.3342479649779056e-16,0.8191520442889918
243,2,G:/S1/USA/2026-02-24_16-21-11snow/camera/right/1771971751394073856.jpg,yaw_neg_35,4,576,D:\mipmap-lite\1fad9647-f717-4cd4-9391-11f219d7e5d1\snow\snow-20260827\result/.temp/undistort/576.jpg,0.0,1456,2912,1039.691749,728.0,1456.0,0.8191520442889918,-7.347001726413542e-17,-0.5735764363510462,-1.144392948115079e-16,1.0,-6.887089661409319e-18,0.5735764363510462,-1.2619011021143885e-17,0.8191520442889919
215,2,G:/S1/USA/2026-02-24_16-21-11snow/camera/right/1771971737393169152.jpg,yaw_neg_35,4,580,D:\mipmap-lite\1fad9647-f717-4cd4-9391-11f219d7e5d1\snow\snow-20260827\result/.temp/undistort/580.jpg,0.0,1456,2912,1039.691749,728.0,1456.0,0.8191520442889916,8.581934694137247e-17,-0.5735764363510459,-2.1292866220581135e-17,1.0000000000000002,-1.810773756983085e-16,0.5735764363510459,-1.5702246525230793e-16,0.8191520442889918
298,2,G:/S1/USA/2026-02-24_16-21-11snow/camera/right/1771971778895693056.jpg,yaw_neg_35,4,586,D:\mipmap-lite\1fad9647-f717-4cd4-9391-11f219d7e5d1\snow\snow-20260827\result/.temp/undistort/586.jpg,0.0,1456,2912,1039.691749,728.0,1456.0,0.8191520442889922,-2.414684986820158e-16,-0.5735764363510459,-4.2309272160167354e-16,1.0000000000000004,-8.884218247499728e-17,0.5735764363510466,-3.289344183897124e-16,0.8191520442889918
187,2,G:/S1/USA/2026-02-24_16-21-11snow/camera/right/1771971723392300032.jpg,yaw_neg_35,4,592,D:\mipmap-lite\1fad9647-f717-4cd4-9391-11f219d7e5d1\snow\snow-20260827\result/.temp/undistort/592.jpg,0.0,1456,2912,1039.691749,728.0,1456.0,0.8191520442889918,-4.0146882824595004e-17,-0.573576436351046,-3.315218530181103e-16,1.0000000000000002,-2.821116227572474e-16,0.5735764363510463,-4.142671431656959e-16,0.8191520442889918
271,2,G:/S1/USA/2026-02-24_16-21-11snow/camera/right/1771971765394916096.jpg,yaw_neg_35,4,608,D:\mipmap-lite\1fad9647-f717-4cd4-9391-11f219d7e5d1\snow\snow-20260827\result/.temp/undistort/608.jpg,0.0,1456,2912,1039.691749,728.0,1456.0,0.8191520442889931,-2.068302009557963e-16,-0.5735764363510464,-1.708209979997444e-16,1.0000000000000002,9.736137829793594e-17,0.5735764363510466,-5.653726271463716e-17,0.8191520442889917
328,2,G:/S1/USA/2026-02-24_16-21-11snow/camera/right/1771971793896613120.jpg,yaw_neg_35,4,613,D:\mipmap-lite\1fad9647-f717-4cd4-9391-11f219d7e5d1\snow\snow-20260827\result/.temp/undistort/613.jpg,0.0,1456,2912,1039.691749,728.0,1456.0,0.8191520442889919,3.455354390720823e-17,-0.573576436351046,7.279610407809572e-17,0.9999999999999999,-1.3940641729003738e-16,0.573576436351046,-1.660777282146981e-17,0.8191520442889918
244,2,G:/S1/USA/2026-02-24_16-21-11snow/camera/right/1771971751894054144.jpg,yaw_neg_35,4,625,D:\mipmap-lite\1fad9647-f717-4cd4-9391-11f219d7e5d1\snow\snow-20260827\result/.temp/undistort/625.jpg,0.0,1456,2912,1039.691749,728.0,1456.0,0.8191520442889916,-6.309357654720055e-17,-0.5735764363510459,-4.562073708843399e-17,1.0000000000000002,1.242423891038976e-16,0.5735764363510462,8.06362557808862e-17,0.8191520442889919
216,2,G:/S1/USA/2026-02-24_16-21-11snow/camera/right/1771971737893212928.jpg,yaw_neg_35,4,629,D:\mipmap-lite\1fad9647-f717-4cd4-9391-11f219d7e5d1\snow\snow-20260827\result/.temp/undistort/629.jpg,0.0,1456,2912,1039.691749,728.0,1456.0,0.8191520442889917,1.5868534918720234e-16,-0.5735764363510462,3.54108362741705e-17,1.0000000000000002,-1.8196557232125687e-16,0.573576436351046,-1.6995022405144243e-16,0.8191520442889919
299,2,G:/S1/USA/2026-02-24_16-21-11snow/camera/right/1771971779395720960.jpg,yaw_neg_35,4,640,D:\mipmap-lite\1fad9647-f717-4cd4-9391-11f219d7e5d1\snow\snow-20260827\result/.temp/undistort/640.jpg,0.0,1456,2912,1039.691749,728.0,1456.0,0.8191520442889919,-5.957488675884975e-17,-0.5735764363510459,-2.132455221533148e-16,1.0000000000000002,-2.217990169771015e-16,0.573576436351046,-3.0424315898679436e-16,0.8191520442889917
329,2,G:/S1/USA/2026-02-24_16-21-11snow/camera/right/1771971794396642048.jpg,yaw_neg_35,4,652,D:\mipmap-lite\1fad9647-f717-4cd4-9391-11f219d7e5d1\snow\snow-20260827\result/.temp/undistort/652.jpg,0.0,1456,2912,1039.691749,728.0,1456.0,0.8191520442889918,4.4172604039195537e-17,-0.573576436351046,-2.1439741017111637e-16,1.0000000000000004,-3.330638924998275e-16,0.5735764363510462,-3.4963578953444493e-16,0.8191520442889919
188,2,G:/S1/USA/2026-02-24_16-21-11snow/camera/right/1771971723892352000.jpg,yaw_neg_35,4,649,D:\mipmap-lite\1fad9647-f717-4cd4-9391-11f219d7e5d1\snow\snow-20260827\result/.temp/undistort/649.jpg,0.0,1456,2912,1039.691749,728.0,1456.0,0.8191520442889918,6.572857556855832e-17,-0.5735764363510462,2.4360556626408525e-16,0.9999999999999999,2.3237292040027826e-16,0.5735764363510459,3.8220666116371303e-16,0.8191520442889919
272,2,G:/S1/USA/2026-02-24_16-21-11snow/camera/right/1771971765894937088.jpg,yaw_neg_35,4,657,D:\mipmap-lite\1fad9647-f717-4cd4-9391-11f219d7e5d1\snow\snow-20260827\result/.temp/undistort/657.jpg,0.0,1456,2912,1039.691749,728.0,1456.0,0.819152044288992,-9.653124542230299e-17,-0.573576436351046,-7.352521108499832e-17,1.0000000000000002,8.42582391810617e-17,0.5735764363510463,1.850061815651914e-17,0.8191520442889917
245,2,G:/S1/USA/2026-02-24_16-21-11snow/camera/right/1771971752394093056.jpg,yaw_neg_35,4,667,D:\mipmap-lite\1fad9647-f717-4cd4-9391-11f219d7e5d1\snow\snow-20260827\result/.temp/undistort/667.jpg,0.0,1456,2912,1039.691749,728.0,1456.0,0.819152044288992,1.2792839080302444e-16,-0.5735764363510463,8.131720622595684e-17,1.0000000000000002,-1.3537932376212964e-16,0.573576436351046,-2.8784182292520246e-17,0.8191520442889918
300,2,G:/S1/USA/2026-02-24_16-21-11snow/camera/right/1771971779895805952.jpg,yaw_neg_35,4,689,D:\mipmap-lite\1fad9647-f717-4cd4-9391-11f219d7e5d1\snow\snow-20260827\result/.temp/undistort/689.jpg,0.0,1456,2912,1039.691749,728.0,1456.0,0.8191520442889918,-5.4515322305013134e-17,-0.573576436351046,4.749668250764976e-17,0.9999999999999999,1.6311703920277186e-16,0.5735764363510462,1.4564531345709717e-16,0.8191520442889919
217,2,G:/S1/USA/2026-02-24_16-21-11snow/camera/right/1771971738393233152.jpg,yaw_neg_35,4,690,D:\mipmap-lite\1fad9647-f717-4cd4-9391-11f219d7e5d1\snow\snow-20260827\result/.temp/undistort/690.jpg,0.0,1456,2912,1039.691749,728.0,1456.0,0.8191520442889917,-1.6291473690303804e-16,-0.5735764363510457,1.8768049551233975e-16,0.999999999999999,5.87500219250699e-16,0.5735764363510458,5.862362017030435e-16,0.8191520442889911
189,2,G:/S1/USA/2026-02-24_16-21-11snow/camera/right/1771971724392368128.jpg,yaw_neg_35,4,699,D:\mipmap-lite\1fad9647-f717-4cd4-9391-11f219d7e5d1\snow\snow-20260827\result/.temp/undistort/699.jpg,0.0,1456,2912,1039.691749,728.0,1456.0,0.8191520442889918,7.068133324981629e-17,-0.573576436351046,1.2424100343088524e-16,0.9999999999999997,1.0768596471665277e-16,0.573576436351046,1.4710435055358082e-16,0.8191520442889917
273,2,G:/S1/USA/2026-02-24_16-21-11snow/camera/right/1771971766394962176.jpg,yaw_neg_35,4,706,D:\mipmap-lite\1fad9647-f717-4cd4-9391-11f219d7e5d1\snow\snow-20260827\result/.temp/undistort/706.jpg,0.0,1456,2912,1039.691749,728.0,1456.0,0.8191520442889925,-1.6904836244302598e-16,-0.5735764363510463,-1.9104881606849243e-16,1.0000000000000002,7.055119340273408e-17,0.5735764363510464,-2.1081761035764193e-17,0.8191520442889919
330,2,G:/S1/USA/2026-02-24_16-21-11snow/camera/right/1771971794896672000.jpg,yaw_neg_35,4,703,D:\mipmap-lite\1fad9647-f717-4cd4-9391-11f219d7e5d1\snow\snow-20260827\result/.temp/undistort/703.jpg,0.0,1456,2912,1039.691749,728.0,1456.0,0.8191520442889917,2.2466558022309023e-17,-0.573576436351046,9.819404396281852e-17,0.9999999999999997,1.5381222357129423e-16,0.5735764363510459,1.3527798446573534e-16,0.8191520442889916
246,2,G:/S1/USA/2026-02-24_16-21-11snow/camera/right/1771971752894077184.jpg,yaw_neg_35,4,704,D:\mipmap-lite\1fad9647-f717-4cd4-9391-11f219d7e5d1\snow\snow-20260827\result/.temp/undistort/704.jpg,0.0,1456,2912,1039.691749,728.0,1456.0,0.8191520442889918,1.4171312922022733e-16,-0.5735764363510459,1.1494341478811933e-16,1.0,-3.711710642382262e-17,0.5735764363510462,2.0310916456297184e-17,0.8191520442889918
274,2,G:/S1/USA/2026-02-24_16-21-11snow/camera/right/1771971766894993920.jpg,yaw_neg_35,4,742,D:\mipmap-lite\1fad9647-f717-4cd4-9391-11f219d7e5d1\snow\snow-20260827\result/.temp/undistort/742.jpg,0.0,1456,2912,1039.691749,728.0,1456.0,0.8191520442889918,1.7937756329802216e-17,-0.573576436351046,2.6078074203932226e-17,1.0000000000000002,-5.645717900374663e-17,0.5735764363510462,-6.0265915711117664e-18,0.8191520442889921
301,2,G:/S1/USA/2026-02-24_16-21-11snow/camera/right/1771971780395783168.jpg,yaw_neg_35,4,740,D:\mipmap-lite\1fad9647-f717-4cd4-9391-11f219d7e5d1\snow\snow-20260827\result/.temp/undistort/740.jpg,0.0,1456,2912,1039.691749,728.0,1456.0,0.8191520442889921,1.6378492822277852e-16,-0.5735764363510462,2.7830548076331636e-16,1.0,-5.553493127148661e-17,0.573576436351046,1.273071773958595e-16,0.8191520442889917
218,2,G:/S1/USA/2026-02-24_16-21-11snow/camera/right/1771971738893212928.jpg,yaw_neg_35,4,741,D:\mipmap-lite\1fad9647-f717-4cd4-9391-11f219d7e5d1\snow\snow-20260827\result/.temp/undistort/741.jpg,0.0,1456,2912,1039.691749,728.0,1456.0,0.8191520442889919,-1.5185196105412553e-16,-0.573576436351046,1.2011341162591323e-17,1.0,2.775073009559005e-16,0.573576436351046,2.1649920608684472e-16,0.8191520442889917
331,2,G:/S1/USA/2026-02-24_16-21-11snow/camera/right/1771971795396772096.jpg,yaw_neg_35,4,750,D:\mipmap-lite\1fad9647-f717-4cd4-9391-11f219d7e5d1\snow\snow-20260827\result/.temp/undistort/750.jpg,0.0,1456,2912,1039.691749,728.0,1456.0,0.8191520442889918,-6.696446520624699e-17,-0.5735764363510459,4.880438266584245e-17,0.9999999999999999,2.243627541598784e-16,0.5735764363510462,1.6192671905542293e-16,0.8191520442889917
190,2,G:/S1/USA/2026-02-24_16-21-11snow/camera/right/1771971724892354048.jpg,yaw_neg_35,4,752,D:\mipmap-lite\1fad9647-f717-4cd4-9391-11f219d7e5d1\snow\snow-20260827\result/.temp/undistort/752.jpg,0.0,1456,2912,1039.691749,728.0,1456.0,0.8191520442889919,-4.676294352399107e-17,-0.573576436351046,-2.634346089772684e-16,1.0000000000000004,-2.263149258930114e-16,0.5735764363510462,-3.4681240972264565e-16,0.8191520442889918
247,2,G:/S1/USA/2026-02-24_16-21-11snow/camera/right/1771971753394166016.jpg,yaw_neg_35,4,757,D:\mipmap-lite\1fad9647-f717-4cd4-9391-11f219d7e5d1\snow\snow-20260827\result/.temp/undistort/757.jpg,0.0,1456,2912,1039.691749,728.0,1456.0,0.8191520442889919,1.695134152339767e-16,-0.573576436351046,3.669352539928199e-17,1.0,-1.6888052499721226e-16,0.5735764363510462,-3.268399124035052e-17,0.8191520442889919
275,2,G:/S1/USA/2026-02-24_16-21-11snow/camera/right/1771971767394973952.jpg,yaw_neg_35,4,785,D:\mipmap-lite\1fad9647-f717-4cd4-9391-11f219d7e5d1\snow\snow-20260827\result/.temp/undistort/785.jpg,0.0,1456,2912,1039.691749,728.0,1456.0,0.8191520442889915,1.3106521573432385e-16,-0.573576436351046,6.901837760031745e-17,0.9999999999999997,-3.263893845274308e-17,0.5735764363510457,4.816661915895986e-18,0.8191520442889918
302,2,G:/S1/USA/2026-02-24_16-21-11snow/camera/right/1771971780895814144.jpg,yaw_neg_35,4,789,D:\mipmap-lite\1fad9647-f717-4cd4-9391-11f219d7e5d1\snow\snow-20260827\result/.temp/undistort/789.jpg,0.0,1456,2912,1039.691749,728.0,1456.0,0.8191520442889915,-2.0058290003980647e-17,-0.5735764363510459,-1.1848055184413299e-17,0.9999999999999999,-1.2344595844388632e-17,0.5735764363510459,5.116250392739227e-17,0.8191520442889918
191,2,G:/S1/USA/2026-02-24_16-21-11snow/camera/right/1771971725392424960.jpg,yaw_neg_35,4,798,D:\mipmap-lite\1fad9647-f717-4cd4-9391-11f219d7e5d1\snow\snow-20260827\result/.temp/undistort/798.jpg,0.0,1456,2912,1039.691749,728.0,1456.0,0.8191520442889917,5.226764960970476e-17,-0.573576436351046,1.3199334194539565e-16,1.0,9.68445866868691e-17,0.573576436351046,1.4671487067425592e-16,0.8191520442889919
219,2,G:/S1/USA/2026-02-24_16-21-11snow/camera/right/1771971739393289216.jpg,yaw_neg_35,4,792,D:\mipmap-lite\1fad9647-f717-4cd4-9391-11f219d7e5d1\snow\snow-20260827\result/.temp/undistort/792.jpg,0.0,1456,2912,1039.691749,728.0,1456.0,0.8191520442889919,2.0864227488350045e-17,-0.573576436351046,6.6045804904415055e-18,1.0,-4.429024191187949e-17,0.573576436351046,-7.596297556574412e-17,0.8191520442889919
332,2,G:/S1/USA/2026-02-24_16-21-11snow/camera/right/1771971795896733952.jpg,yaw_neg_35,4,804,D:\mipmap-lite\1fad9647-f717-4cd4-9391-11f219d7e5d1\snow\snow-20260827\result/.temp/undistort/804.jpg,0.0,1456,2912,1039.691749,728.0,1456.0,0.8191520442889919,1.692840472597977e-16,-0.5735764363510463,-8.857048700278322e-17,1.0000000000000009,-4.204669219479813e-16,0.5735764363510463,-3.859478840733134e-16,0.8191520442889922
248,2,G:/S1/USA/2026-02-24_16-21-11snow/camera/right/1771971753894134016.jpg,yaw_neg_35,4,810,D:\mipmap-lite\1fad9647-f717-4cd4-9391-11f219d7e5d1\snow\snow-20260827\result/.temp/undistort/810.jpg,0.0,1456,2912,1039.691749,728.0,1456.0,0.8191520442889914,-3.059926532702421e-16,-0.5735764363510457,-2.157881806675252e-16,0.9999999999999999,1.8493032762207146e-16,0.5735764363510459,-7.396177773783796e-19,0.8191520442889917
276,2,G:/S1/USA/2026-02-24_16-21-11snow/camera/right/1771971767895048192.jpg,yaw_neg_35,4,834,D:\mipmap-lite\1fad9647-f717-4cd4-9391-11f219d7e5d1\snow\snow-20260827\result/.temp/undistort/834.jpg,0.0,1456,2912,1039.691749,728.0,1456.0,0.8191520442889915,1.1773497767891019e-16,-0.573576436351046,1.9422807311752261e-16,0.9999999999999999,-7.758966455765917e-17,0.5735764363510457,2.540591046245431e-17,0.8191520442889917
303,2,G:/S1/USA/2026-02-24_16-21-11snow/camera/right/1771971781395843072.jpg,yaw_neg_35,4,833,D:\mipmap-lite\1fad9647-f717-4cd4-9391-11f219d7e5d1\snow\snow-20260827\result/.temp/undistort/833.jpg,0.0,1456,2912,1039.691749,728.0,1456.0,0.8191520442889919,-2.98584778819015e-16,-0.5735764363510459,-4.94074929090011e-16,1.0000000000000002,-1.603525506727904e-16,0.5735764363510463,-3.602181864726698e-16,0.8191520442889918
192,2,G:/S1/USA/2026-02-24_16-21-11snow/camera/right/1771971725892414208.jpg,yaw_neg_35,4,844,D:\mipmap-lite\1fad9647-f717-4cd4-9391-11f219d7e5d1\snow\snow-20260827\result/.temp/undistort/844.jpg,0.0,1456,2912,1039.691749,728.0,1456.0,0.819152044288992,-2.12245294609283e-18,-0.5735764363510462,-2.620745798810734e-17,1.0000000000000004,-7.209874390675037e-17,0.5735764363510462,-8.49109317128362e-17,0.8191520442889918
220,2,G:/S1/USA/2026-02-24_16-21-11snow/camera/right/1771971739893331968.jpg,yaw_neg_35,4,847,D:\mipmap-lite\1fad9647-f717-4cd4-9391-11f219d7e5d1\snow\snow-20260827\result/.temp/undistort/847.jpg,0.0,1456,2912,1039.691749,728.0,1456.0,0.8191520442889918,-7.139506486571207e-17,-0.5735764363510459,3.263730660618628e-17,1.0,1.6321872188971566e-16,0.5735764363510462,1.7630821266708466e-16,0.8191520442889918
333,2,G:/S1/USA/2026-02-24_16-21-11snow/camera/right/1771971796396764160.jpg,yaw_neg_35,4,858,D:\mipmap-lite\1fad9647-f717-4cd4-9391-11f219d7e5d1\snow\snow-20260827\result/.temp/undistort/858.jpg,0.0,1456,2912,1039.691749,728.0,1456.0,0.8191520442889919,1.3933988151835824e-17,-0.5735764363510462,1.1254216647659103e-18,1.0,2.895727948417346e-17,0.573576436351046,-4.7763246117507464e-17,0.8191520442889918
249,2,G:/S1/USA/2026-02-24_16-21-11snow/camera/right/1771971754394245120.jpg,yaw_neg_35,4,856,D:\mipmap-lite\1fad9647-f717-4cd4-9391-11f219d7e5d1\snow\snow-20260827\result/.temp/undistort/856.jpg,0.0,1456,2912,1039.691749,728.0,1456.0,0.8191520442889915,-9.293468134476079e-17,-0.5735764363510458,-5.024415675501095e-17,0.9999999999999998,1.497733137991035e-16,0.5735764363510458,5.794291743289385e-17,0.8191520442889916
277,2,G:/S1/USA/2026-02-24_16-21-11snow/camera/right/1771971768395035136.jpg,yaw_neg_35,4,873,D:\mipmap-lite\1fad9647-f717-4cd4-9391-11f219d7e5d1\snow\snow-20260827\result/.temp/undistort/873.jpg,0.0,1456,2912,1039.691749,728.0,1456.0,0.8191520442889919,1.3691756576055636e-16,-0.5735764363510459,1.4336287670366575e-16,0.9999999999999999,-2.6717371098324036e-17,0.5735764363510462,1.0497630511964809e-16,0.8191520442889919
304,2,G:/S1/USA/2026-02-24_16-21-11snow/camera/right/1771971781895876096.jpg,yaw_neg_35,4,876,D:\mipmap-lite\1fad9647-f717-4cd4-9391-11f219d7e5d1\snow\snow-20260827\result/.temp/undistort/876.jpg,0.0,1456,2912,1039.691749,728.0,1456.0,0.8191520442889918,3.65520000596014e-16,-0.5735764363510462,5.336260782843032e-16,0.9999999999999997,1.2936114176338455e-16,0.5735764363510458,3.9711693507841365e-16,0.8191520442889918
193,2,G:/S1/USA/2026-02-24_16-21-11snow/camera/right/1771971726392512000.jpg,yaw_neg_35,4,891,D:\mipmap-lite\1fad9647-f717-4cd4-9391-11f219d7e5d1\snow\snow-20260827\result/.temp/undistort/891.jpg,0.0,1456,2912,1039.691749,728.0,1456.0,0.819152044288992,-3.6964404393267464e-17,-0.573576436351046,-6.049396391516312e-17,1.0000000000000004,-8.689411250670351e-17,0.5735764363510463,-1.2137803855412206e-16,0.819152044288992
221,2,G:/S1/USA/2026-02-24_16-21-11snow/camera/right/1771971740393350144.jpg,yaw_neg_35,4,892,D:\mipmap-lite\1fad9647-f717-4cd4-9391-11f219d7e5d1\snow\snow-20260827\result/.temp/undistort/892.jpg,0.0,1456,2912,1039.691749,728.0,1456.0,0.819152044288992,1.1759216122344108e-16,-0.5735764363510463,-2.7224978253585263e-18,1.0000000000000002,-1.803829380932492e-16,0.5735764363510463,-1.4721376475541751e-16,0.819152044288992
250,2,G:/S1/USA/2026-02-24_16-21-11snow/camera/right/1771971754894257920.jpg,yaw_neg_35,4,906,D:\mipmap-lite\1fad9647-f717-4cd4-9391-11f219d7e5d1\snow\snow-20260827\result/.temp/undistort/906.jpg,0.0,1456,2912,1039.691749,728.0,1456.0,0.8191520442889922,1.4773741451356951e-16,-0.5735764363510464,1.4187521443710334e-16,1.0000000000000002,-1.0840050419198916e-16,0.573576436351046,6.371970313800061e-17,0.8191520442889919
334,2,G:/S1/USA/2026-02-24_16-21-11snow/camera/right/1771971796896840960.jpg,yaw_neg_35,4,904,D:\mipmap-lite\1fad9647-f717-4cd4-9391-11f219d7e5d1\snow\snow-20260827\result/.temp/undistort/904.jpg,0.0,1456,2912,1039.691749,728.0,1456.0,0.8191520442889917,7.120992546050047e-18,-0.573576436351046,-4.4970739914344555e-17,1.0,-1.2001513706840736e-16,0.5735764363510462,-8.97056254684599e-17,0.819152044288992
194,2,G:/S1/USA/2026-02-24_16-21-11snow/camera/right/1771971726892483072.jpg,yaw_neg_35,4,930,D:\mipmap-lite\1fad9647-f717-4cd4-9391-11f219d7e5d1\snow\snow-20260827\result/.temp/undistort/930.jpg,0.0,1456,2912,1039.691749,728.0,1456.0,0.8191520442889919,4.38216754168094e-17,-0.573576436351046,2.016218896214249e-16,0.9999999999999996,1.3897604793468052e-16,0.5735764363510458,2.1186442972869106e-16,0.8191520442889918
305,2,G:/S1/USA/2026-02-24_16-21-11snow/camera/right/1771971782395970048.jpg,yaw_neg_35,4,931,D:\mipmap-lite\1fad9647-f717-4cd4-9391-11f219d7e5d1\snow\snow-20260827\result/.temp/undistort/931.jpg,0.0,1456,2912,1039.691749,728.0,1456.0,0.8191520442889919,-2.3711267689839853e-16,-0.573576436351046,-2.508696800498356e-16,1.0000000000000004,7.154065809313057e-17,0.5735764363510462,-2.1018254380670907e-16,0.819152044288992
278,2,G:/S1/USA/2026-02-24_16-21-11snow/camera/right/1771971768895065088.jpg,yaw_neg_35,4,932,D:\mipmap-lite\1fad9647-f717-4cd4-9391-11f219d7e5d1\snow\snow-20260827\result/.temp/undistort/932.jpg,0.0,1456,2912,1039.691749,728.0,1456.0,0.819152044288992,5.386414613641851e-17,-0.573576436351046,1.5417574211700793e-17,1.0,-1.2769231087369357e-16,0.573576436351046,-8.045091692873909e-17,0.8191520442889917
222,2,G:/S1/USA/2026-02-24_16-21-11snow/camera/right/1771971740893400064.jpg,yaw_neg_35,4,943,D:\mipmap-lite\1fad9647-f717-4cd4-9391-11f219d7e5d1\snow\snow-20260827\result/.temp/undistort/943.jpg,0.0,1456,2912,1039.691749,728.0,1456.0,0.8191520442889917,-2.4016739642618443e-16,-0.5735764363510458,-1.159066538762995e-16,0.9999999999999996,2.4465898122912556e-16,0.573576436351046,1.1431411507969852e-16,0.8191520442889914
335,2,G:/S1/USA/2026-02-24_16-21-11snow/camera/right/1771971797396828160.jpg,yaw_neg_35,4,949,D:\mipmap-lite\1fad9647-f717-4cd4-9391-11f219d7e5d1\snow\snow-20260827\result/.temp/undistort/949.jpg,0.0,1456,2912,1039.691749,728.0,1456.0,0.8191520442889917,-1.1074885097379316e-16,-0.5735764363510459,1.1220548474229475e-16,0.9999999999999992,2.5928144231708345e-16,0.5735764363510458,2.781743368347348e-16,0.8191520442889915
251,2,G:/S1/USA/2026-02-24_16-21-11snow/camera/right/1771971755394281216.jpg,yaw_neg_35,4,947,D:\mipmap-lite\1fad9647-f717-4cd4-9391-11f219d7e5d1\snow\snow-20260827\result/.temp/undistort/947.jpg,0.0,1456,2912,1039.691749,728.0,1456.0,0.8191520442889918,-1.60662391228064e-16,-0.5735764363510462,-9.66248357122339e-17,1.0000000000000002,1.791249258302177e-16,0.573576436351046,6.819488481736883e-17,0.8191520442889918
195,2,G:/S1/USA/2026-02-24_16-21-11snow/camera/right/1771971727392548096.jpg,yaw_neg_35,4,974,D:\mipmap-lite\1fad9647-f717-4cd4-9391-11f219d7e5d1\snow\snow-20260827\result/.temp/undistort/974.jpg,0.0,1456,2912,1039.691749,728.0,1456.0,0.8191520442889918,-1.655007849296045e-18,-0.5735764363510459,-1.5776758986502337e-16,1.0000000000000002,-2.1703711118861395e-16,0.5735764363510463,-3.56427232098544e-16,0.819152044288992
279,2,G:/S1/USA/2026-02-24_16-21-11snow/camera/right/1771971769395096064.jpg,yaw_neg_35,4,982,D:\mipmap-lite\1fad9647-f717-4cd4-9391-11f219d7e5d1\snow\snow-20260827\result/.temp/undistort/982.jpg,0.0,1456,2912,1039.691749,728.0,1456.0,0.8191520442889921,-1.496146036298363e-16,-0.5735764363510462,-9.799238982110707e-17,1.0000000000000002,1.0416805545563736e-16,0.5735764363510463,1.8383159455499114e-17,0.819152044288992
306,2,G:/S1/USA/2026-02-24_16-21-11snow/camera/right/1771971782895938048.jpg,yaw_neg_35,4,986,D:\mipmap-lite\1fad9647-f717-4cd4-9391-11f219d7e5d1\snow\snow-20260827\result/.temp/undistort/986.jpg,0.0,1456,2912,1039.691749,728.0,1456.0,0.819152044288992,-1.2156259797124036e-16,-0.5735764363510462,-1.258961074448893e-16,1.0000000000000002,-1.0714271232466014e-18,0.5735764363510463,-5.70179251267213e-17,0.819152044288992
252,2,G:/S1/USA/2026-02-24_16-21-11snow/camera/right/1771971755894257920.jpg,yaw_neg_35,4,994,D:\mipmap-lite\1fad9647-f717-4cd4-9391-11f219d7e5d1\snow\snow-20260827\result/.temp/undistort/994.jpg,0.0,1456,2912,1039.691749,728.0,1456.0,0.8191520442889916,7.573962136369753e-18,-0.5735764363510458,-4.993997737027284e-17,0.9999999999999998,-4.400283176120544e-17,0.5735764363510462,-7.38808268326697e-17,0.8191520442889918
223,2,G:/S1/USA/2026-02-24_16-21-11snow/camera/right/1771971741393434112.jpg,yaw_neg_35,4,990,D:\mipmap-lite\1fad9647-f717-4cd4-9391-11f219d7e5d1\snow\snow-20260827\result/.temp/undistort/990.jpg,0.0,1456,2912,1039.691749,728.0,1456.0,0.8191520442889917,-9.444872261809629e-17,-0.5735764363510459,-5.398383727653919e-17,1.0000000000000002,8.078522249702787e-17,0.5735764363510463,4.5015328688859304e-17,0.8191520442889918
336,2,G:/S1/USA/2026-02-24_16-21-11snow/camera/right/1771971797896910080.jpg,yaw_neg_35,4,1000,D:\mipmap-lite\1fad9647-f717-4cd4-9391-11f219d7e5d1\snow\snow-20260827\result/.temp/undistort/1000.jpg,0.0,1456,2912,1039.691749,728.0,1456.0,0.8191520442889917,4.8922847782174973e-17,-0.5735764363510462,4.211144998231119e-17,1.0,-6.328714921466773e-17,0.573576436351046,-4.397646131906265e-18,0.819152044288992
196,2,G:/S1/USA/2026-02-24_16-21-11snow/camera/right/1771971727892537088.jpg,yaw_neg_35,4,1017,D:\mipmap-lite\1fad9647-f717-4cd4-9391-11f219d7e5d1\snow\snow-20260827\result/.temp/undistort/1017.jpg,0.0,1456,2912,1039.691749,728.0,1456.0,0.8191520442889919,-1.8051945405589935e-16,-0.5735764363510459,-4.68890013783236e-16,1.0000000000000004,-3.6916189740925217e-16,0.5735764363510462,-5.587538228987478e-16,0.8191520442889919
280,2,G:/S1/USA/2026-02-24_16-21-11snow/camera/right/1771971769895129088.jpg,yaw_neg_35,4,1030,D:\mipmap-lite\1fad9647-f717-4cd4-9391-11f219d7e5d1\snow\snow-20260827\result/.temp/undistort/1030.jpg,0.0,1456,2912,1039.691749,728.0,1456.0,0.8191520442889921,-9.133487492610913e-17,-0.5735764363510462,-6.587394803210431e-17,1.0,-2.939338968139254e-17,0.573576436351046,-6.283182738863576e-17,0.8191520442889919
224,2,G:/S1/USA/2026-02-24_16-21-11snow/camera/right/1771971741893396224.jpg,yaw_neg_35,4,1033,D:\mipmap-lite\1fad9647-f717-4cd4-9391-11f219d7e5d1\snow\snow-20260827\result/.temp/undistort/1033.jpg,0.0,1456,2912,1039.691749,728.0,1456.0,0.8191520442889919,-8.944437262313921e-17,-0.5735764363510462,-5.451056319219918e-18,1.0,1.3192001031861427e-16,0.573576436351046,1.0176555571703021e-16,0.8191520442889918
307,2,G:/S1/USA/2026-02-24_16-21-11snow/camera/right/1771971783395969280.jpg,yaw_neg_35,4,1039,D:\mipmap-lite\1fad9647-f717-4cd4-9391-11f219d7e5d1\snow\snow-20260827\result/.temp/undistort/1039.jpg,0.0,1456,2912,1039.691749,728.0,1456.0,0.8191520442889918,-2.097528364019629e-17,-0.5735764363510462,8.58757894319059e-17,1.0000000000000002,2.1595956495671337e-17,0.573576436351046,5.902597200501185e-17,0.819152044288992
253,2,G:/S1/USA/2026-02-24_16-21-11snow/camera/right/1771971756394333184.jpg,yaw_neg_35,4,1041,D:\mipmap-lite\1fad9647-f717-4cd4-9391-11f219d7e5d1\snow\snow-20260827\result/.temp/undistort/1041.jpg,0.0,1456,2912,1039.691749,728.0,1456.0,0.8191520442889914,-1.6925611696544283e-16,-0.573576436351046,-9.53745775650683e-17,1.0,8.508309632288013e-17,0.5735764363510458,-1.7926440742455524e-18,0.8191520442889918
337,2,G:/S1/USA/2026-02-24_16-21-11snow/camera/right/1771971798396929024.jpg,yaw_neg_35,4,1055,D:\mipmap-lite\1fad9647-f717-4cd4-9391-11f219d7e5d1\snow\snow-20260827\result/.temp/undistort/1055.jpg,0.0,1456,2912,1039.691749,728.0,1456.0,0.8191520442889917,-6.368933696822283e-17,-0.5735764363510459,7.173581614771247e-17,0.9999999999999998,1.5925031302431282e-16,0.573576436351046,1.5541431186851345e-16,0.8191520442889917
197,2,G:/S1/USA/2026-02-24_16-21-11snow/camera/right/1771971728392613120.jpg,yaw_neg_35,4,1060,D:\mipmap-lite\1fad9647-f717-4cd4-9391-11f219d7e5d1\snow\snow-20260827\result/.temp/undistort/1060.jpg,0.0,1456,2912,1039.691749,728.0,1456.0,0.8191520442889918,8.204113921767559e-17,-0.5735764363510462,1.5527941338539755e-16,0.9999999999999998,2.4418070401929e-16,0.5735764363510458,3.393672673299723e-16,0.8191520442889916
308,2,G:/S1/USA/2026-02-24_16-21-11snow/camera/right/1771971783895998976.jpg,yaw_neg_35,4,1080,D:\mipmap-lite\1fad9647-f717-4cd4-9391-11f219d7e5d1\snow\snow-20260827\result/.temp/undistort/1080.jpg,0.0,1456,2912,1039.691749,728.0,1456.0,0.8191520442889918,-1.1599379414402852e-16,-0.573576436351046,-2.14948573479731e-16,1.0000000000000002,-8.063724697876644e-17,0.573576436351046,-2.5153227854916504e-16,0.819152044288992
281,2,G:/S1/USA/2026-02-24_16-21-11snow/camera/right/1771971770395156992.jpg,yaw_neg_35,4,1084,D:\mipmap-lite\1fad9647-f717-4cd4-9391-11f219d7e5d1\snow\snow-20260827\result/.temp/undistort/1084.jpg,0.0,1456,2912,1039.691749,728.0,1456.0,0.8191520442889915,1.0817975259959868e-16,-0.573576436351046,2.948646613588288e-17,1.0,-1.1396452927109805e-16,0.5735764363510458,-1.485618148837177e-17,0.8191520442889918
225,2,G:/S1/USA/2026-02-24_16-21-11snow/camera/right/1771971742393426176.jpg,yaw_neg_35,4,1081,D:\mipmap-lite\1fad9647-f717-4cd4-9391-11f219d7e5d1\snow\snow-20260827\result/.temp/undistort/1081.jpg,0.0,1456,2912,1039.691749,728.0,1456.0,0.8191520442889918,1.2706532812529727e-16,-0.5735764363510465,5.593369839703491e-17,1.0000000000000002,-1.5243487419472665e-16,0.5735764363510458,-8.403511017175462e-17,0.819152044288992
254,2,G:/S1/USA/2026-02-24_16-21-11snow/camera/right/1771971756894323200.jpg,yaw_neg_35,4,1083,D:\mipmap-lite\1fad9647-f717-4cd4-9391-11f219d7e5d1\snow\snow-20260827\result/.temp/undistort/1083.jpg,0.0,1456,2912,1039.691749,728.0,1456.0,0.8191520442889919,-6.87027079342854e-17,-0.573576436351046,-2.4251909526934882e-17,1.0000000000000002,1.1811111376139417e-16,0.5735764363510462,8.456693075040805e-17,0.8191520442889918
198,2,G:/S1/USA/2026-02-24_16-21-11snow/camera/right/1771971728892646144.jpg,yaw_neg_35,4,1109,D:\mipmap-lite\1fad9647-f717-4cd4-9391-11f219d7e5d1\snow\snow-20260827\result/.temp/undistort/1109.jpg,0.0,1456,2912,1039.691749,728.0,1456.0,0.8191520442889918,-5.0518799257743296e-17,-0.5735764363510459,-1.6517661666207096e-16,1.0000000000000002,-1.0335927593862903e-16,0.5735764363510462,-2.0552144836461654e-16,0.8191520442889919
338,2,G:/S1/USA/2026-02-24_16-21-11snow/camera/right/1771971798896972288.jpg,yaw_neg_35,4,1110,D:\mipmap-lite\1fad9647-f717-4cd4-9391-11f219d7e5d1\snow\snow-20260827\result/.temp/undistort/1110.jpg,0.0,1456,2912,1039.691749,728.0,1456.0,0.8191520442889918,6.845058806023219e-17,-0.5735764363510459,-5.572649750717464e-17,1.0000000000000002,-1.6611233557630086e-16,0.573576436351046,-1.8483917859286338e-16,0.8191520442889918
309,2,G:/S1/USA/2026-02-24_16-21-11snow/camera/right/1771971784396033024.jpg,yaw_neg_35,4,1115,D:\mipmap-lite\1fad9647-f717-4cd4-9391-11f219d7e5d1\snow\snow-20260827\result/.temp/undistort/1115.jpg,0.0,1456,2912,1039.691749,728.0,1456.0,0.819152044288992,-1.2861424175988307e-16,-0.573576436351046,-1.9126288157338453e-16,1.0000000000000004,-2.3561664952775708e-17,0.5735764363510463,-1.8749918625523526e-16,0.8191520442889921
282,2,G:/S1/USA/2026-02-24_16-21-11snow/camera/right/1771971770895253248.jpg,yaw_neg_35,4,1126,D:\mipmap-lite\1fad9647-f717-4cd4-9391-11f219d7e5d1\snow\snow-20260827\result/.temp/undistort/1126.jpg,0.0,1456,2912,1039.691749,728.0,1456.0,0.8191520442889914,3.5029690502945307e-16,-0.5735764363510459,3.957236471444242e-16,0.9999999999999998,-7.615633039663646e-17,0.5735764363510457,2.0555552225811907e-16,0.8191520442889919
255,2,G:/S1/USA/2026-02-24_16-21-11snow/camera/right/1771971757394390016.jpg,yaw_neg_35,4,1127,D:\mipmap-lite\1fad9647-f717-4cd4-9391-11f219d7e5d1\snow\snow-20260827\result/.temp/undistort/1127.jpg,0.0,1456,2912,1039.691749,728.0,1456.0,0.8191520442889924,9.550380338782092e-18,-0.5735764363510463,7.936410789955893e-17,1.0000000000000002,-1.2978091804185253e-18,0.5735764363510462,2.362533262358177e-18,0.8191520442889919
226,2,G:/S1/USA/2026-02-24_16-21-11snow/camera/right/1771971742893549056.jpg,yaw_neg_35,4,1137,D:\mipmap-lite\1fad9647-f717-4cd4-9391-11f219d7e5d1\snow\snow-20260827\result/.temp/undistort/1137.jpg,0.0,1456,2912,1039.691749,728.0,1456.0,0.8191520442889916,-5.742359639731896e-17,-0.5735764363510457,-3.072337015545127e-17,0.9999999999999998,-1.6301941828424798e-17,0.5735764363510462,2.7151365373609617e-17,0.8191520442889918
199,2,G:/S1/USA/2026-02-24_16-21-11snow/camera/right/1771971729392691200.jpg,yaw_neg_35,4,1152,D:\mipmap-lite\1fad9647-f717-4cd4-9391-11f219d7e5d1\snow\snow-20260827\result/.temp/undistort/1152.jpg,0.0,1456,2912,1039.691749,728.0,1456.0,0.8191520442889918,-1.4680945734397104e-16,-0.573576436351046,-1.5203284818856928e-16,1.0000000000000002,4.6228227839391023e-17,0.5735764363510462,-7.040316897248278e-17,0.8191520442889919
310,2,G:/S1/USA/2026-02-24_16-21-11snow/camera/right/1771971784896078080.jpg,yaw_neg_35,4,1160,D:\mipmap-lite\1fad9647-f717-4cd4-9391-11f219d7e5d1\snow\snow-20260827\result/.temp/undistort/1160.jpg,0.0,1456,2912,1039.691749,728.0,1456.0,0.8191520442889918,8.884331325428826e-17,-0.5735764363510459,1.8959346484423185e-16,0.9999999999999996,6.596559029765331e-17,0.5735764363510459,1.5873865799785913e-16,0.8191520442889916
339,2,G:/S1/USA/2026-02-24_16-21-11snow/camera/right/1771971799396945920.jpg,yaw_neg_35,4,1162,D:\mipmap-lite\1fad9647-f717-4cd4-9391-11f219d7e5d1\snow\snow-20260827\result/.temp/undistort/1162.jpg,0.0,1456,2912,1039.691749,728.0,1456.0,0.8191520442889919,-6.367401762856142e-17,-0.5735764363510458,1.3420093357607246e-16,0.9999999999999993,2.6740854173027134e-16,0.5735764363510459,2.9225903781364825e-16,0.8191520442889915
283,2,G:/S1/USA/2026-02-24_16-21-11snow/camera/right/1771971771395224064.jpg,yaw_neg_35,4,1170,D:\mipmap-lite\1fad9647-f717-4cd4-9391-11f219d7e5d1\snow\snow-20260827\result/.temp/undistort/1170.jpg,0.0,1456,2912,1039.691749,728.0,1456.0,0.8191520442889919,-1.6431103833954065e-16,-0.573576436351046,-1.657103809444413e-16,1.0000000000000002,2.9023145267959227e-17,0.5735764363510463,-1.0776508998658571e-16,0.819152044288992
256,2,G:/S1/USA/2026-02-24_16-21-11snow/camera/right/1771971757894434048.jpg,yaw_neg_35,4,1173,D:\mipmap-lite\1fad9647-f717-4cd4-9391-11f219d7e5d1\snow\snow-20260827\result/.temp/undistort/1173.jpg,0.0,1456,2912,1039.691749,728.0,1456.0,0.8191520442889917,-3.430766288543072e-17,-0.573576436351046,-1.8627687455029496e-17,1.0,6.797729840207198e-18,0.573576436351046,5.1488263326762804e-18,0.8191520442889919
227,2,G:/S1/USA/2026-02-24_16-21-11snow/camera/right/1771971743393536000.jpg,yaw_neg_35,4,1193,D:\mipmap-lite\1fad9647-f717-4cd4-9391-11f219d7e5d1\snow\snow-20260827\result/.temp/undistort/1193.jpg,0.0,1456,2912,1039.691749,728.0,1456.0,0.8191520442889918,2.081463583923363e-16,-0.5735764363510463,1.3984463824680707e-16,1.0000000000000002,-1.8762527417767504e-16,0.5735764363510459,-3.405502876543733e-17,0.8191520442889919
200,2,G:/S1/USA/2026-02-24_16-21-11snow/camera/right/1771971729892662016.jpg,yaw_neg_35,4,1203,D:\mipmap-lite\1fad9647-f717-4cd4-9391-11f219d7e5d1\snow\snow-20260827\result/.temp/undistort/1203.jpg,0.0,1456,2912,1039.691749,728.0,1456.0,0.819152044288992,1.556744853975532e-17,-0.573576436351046,-1.481869942242084e-16,1.0000000000000002,-2.4625898466421457e-16,0.5735764363510462,-2.7072117702449947e-16,0.8191520442889918
257,2,G:/S1/USA/2026-02-24_16-21-11snow/camera/right/1771971758394459904.jpg,yaw_neg_35,4,1217,D:\mipmap-lite\1fad9647-f717-4cd4-9391-11f219d7e5d1\snow\snow-20260827\result/.temp/undistort/1217.jpg,0.0,1456,2912,1039.691749,728.0,1456.0,0.8191520442889919,-3.954691015646745e-17,-0.5735764363510462,4.2026538705881336e-17,1.0000000000000002,9.602185324779655e-18,0.573576436351046,3.0754515509928855e-17,0.8191520442889918
311,2,G:/S1/USA/2026-02-24_16-21-11snow/camera/right/1771971785396163072.jpg,yaw_neg_35,4,1215,D:\mipmap-lite\1fad9647-f717-4cd4-9391-11f219d7e5d1\snow\snow-20260827\result/.temp/undistort/1215.jpg,0.0,1456,2912,1039.691749,728.0,1456.0,0.8191520442889919,-6.821696800498567e-17,-0.5735764363510459,-1.038267845971846e-16,1.0000000000000002,-1.6322103539705453e-16,0.5735764363510462,-2.5298526368109474e-16,0.8191520442889918
340,2,G:/S1/USA/2026-02-24_16-21-11snow/camera/right/1771971799897061120.jpg,yaw_neg_35,4,1216,D:\mipmap-lite\1fad9647-f717-4cd4-9391-11f219d7e5d1\snow\snow-20260827\result/.temp/undistort/1216.jpg,0.0,1456,2912,1039.691749,728.0,1456.0,0.8191520442889919,-1.8019070718928346e-16,-0.5735764363510459,1.4252472797281434e-16,0.9999999999999993,5.128752872595353e-16,0.573576436351046,4.6026479215222025e-16,0.8191520442889916
284,2,G:/S1/USA/2026-02-24_16-21-11snow/camera/right/1771971771895253248.jpg,yaw_neg_35,4,1218,D:\mipmap-lite\1fad9647-f717-4cd4-9391-11f219d7e5d1\snow\snow-20260827\result/.temp/undistort/1218.jpg,0.0,1456,2912,1039.691749,728.0,1456.0,0.8191520442889916,1.37938560476629e-16,-0.5735764363510459,1.2277430640299243e-16,0.9999999999999999,3.452726244420009e-17,0.5735764363510459,9.526510687100316e-17,0.8191520442889916
172,2,G:/S1/USA/2026-02-24_16-21-11snow/camera/right/1771971715891771136.jpg,yaw_neg_35,4,1219,D:\mipmap-lite\1fad9647-f717-4cd4-9391-11f219d7e5d1\snow\snow-20260827\result/.temp/undistort/1219.jpg,0.0,1456,2912,1039.691749,728.0,1456.0,0.8191520442889917,-3.342500567731864e-17,-0.573576436351046,-1.4285316876503573e-16,1.0,-1.3353474773017589e-16,0.5735764363510458,-1.897188815552996e-16,0.8191520442889918
228,2,G:/S1/USA/2026-02-24_16-21-11snow/camera/right/1771971743893518080.jpg,yaw_neg_35,4,1240,D:\mipmap-lite\1fad9647-f717-4cd4-9391-11f219d7e5d1\snow\snow-20260827\result/.temp/undistort/1240.jpg,0.0,1456,2912,1039.691749,728.0,1456.0,0.8191520442889922,2.1021630513208178e-16,-0.5735764363510465,4.444919087395558e-17,1.0000000000000002,-3.0688093001948057e-16,0.573576436351046,-1.568679109178476e-16,0.8191520442889921
201,2,G:/S1/USA/2026-02-24_16-21-11snow/camera/right/1771971730392760064.jpg,yaw_neg_35,4,1246,D:\mipmap-lite\1fad9647-f717-4cd4-9391-11f219d7e5d1\snow\snow-20260827\result/.temp/undistort/1246.jpg,0.0,1456,2912,1039.691749,728.0,1456.0,0.8191520442889918,5.4311051728044874e-18,-0.5735764363510459,-6.221331831304654e-17,1.0000000000000002,-1.6966809210014386e-16,0.5735764363510462,-2.243145140489666e-16,0.8191520442889919
258,2,G:/S1/USA/2026-02-24_16-21-11snow/camera/right/1771971758894445056.jpg,yaw_neg_35,4,1254,D:\mipmap-lite\1fad9647-f717-4cd4-9391-11f219d7e5d1\snow\snow-20260827\result/.temp/undistort/1254.jpg,0.0,1456,2912,1039.691749,728.0,1456.0,0.8191520442889918,-1.182376847709943e-17,-0.573576436351046,-3.0947154402732106e-17,1.0,-2.6125006929894443e-18,0.5735764363510459,2.777954649596157e-17,0.8191520442889916
341,2,G:/S1/USA/2026-02-24_16-21-11snow/camera/right/1771971800397073152.jpg,yaw_neg_35,4,1261,D:\mipmap-lite\1fad9647-f717-4cd4-9391-11f219d7e5d1\snow\snow-20260827\result/.temp/undistort/1261.jpg,0.0,1456,2912,1039.691749,728.0,1456.0,0.8191520442889917,5.443616925678976e-17,-0.573576436351046,2.927809338865243e-17,1.0,-4.365653739032714e-17,0.573576436351046,-3.294057168696189e-17,0.8191520442889917
285,2,G:/S1/USA/2026-02-24_16-21-11snow/camera/right/1771971772395354112.jpg,yaw_neg_35,4,1270,D:\mipmap-lite\1fad9647-f717-4cd4-9391-11f219d7e5d1\snow\snow-20260827\result/.temp/undistort/1270.jpg,0.0,1456,2912,1039.691749,728.0,1456.0,0.8191520442889916,3.2509473415532857e-16,-0.5735764363510462,3.355579358097498e-16,1.0,-9.277308959619583e-17,0.5735764363510458,9.255429007194235e-17,0.8191520442889917
312,2,G:/S1/USA/2026-02-24_16-21-11snow/camera/right/1771971785896187904.jpg,yaw_neg_35,4,1271,D:\mipmap-lite\1fad9647-f717-4cd4-9391-11f219d7e5d1\snow\snow-20260827\result/.temp/undistort/1271.jpg,0.0,1456,2912,1039.691749,728.0,1456.0,0.8191520442889918,-9.07789260243839e-17,-0.5735764363510462,-8.346538809259562e-17,1.0000000000000002,6.292574029848785e-17,0.5735764363510462,-9.454004240837471e-17,0.819152044288992
173,2,G:/S1/USA/2026-02-24_16-21-11snow/camera/right/1771971716391805184.jpg,yaw_neg_35,4,1272,D:\mipmap-lite\1fad9647-f717-4cd4-9391-11f219d7e5d1\snow\snow-20260827\result/.temp/undistort/1272.jpg,0.0,1456,2912,1039.691749,728.0,1456.0,0.8191520442889918,5.723087522185767e-17,-0.573576436351046,1.2268219353421344e-16,0.9999999999999999,8.080312566299083e-17,0.573576436351046,1.4417884469336392e-16,0.8191520442889918
202,2,G:/S1/USA/2026-02-24_16-21-11snow/camera/right/1771971730892811008.jpg,yaw_neg_35,4,1280,D:\mipmap-lite\1fad9647-f717-4cd4-9391-11f219d7e5d1\snow\snow-20260827\result/.temp/undistort/1280.jpg,0.0,1456,2912,1039.691749,728.0,1456.0,0.819152044288992,5.017946256801844e-17,-0.5735764363510459,6.9866492127387e-17,0.9999999999999998,-5.629671640413797e-18,0.573576436351046,6.311110587316652e-18,0.8191520442889918
229,2,G:/S1/USA/2026-02-24_16-21-11snow/camera/right/1771971744393548032.jpg,yaw_neg_35,4,1288,D:\mipmap-lite\1fad9647-f717-4cd4-9391-11f219d7e5d1\snow\snow-20260827\result/.temp/undistort/1288.jpg,0.0,1456,2912,1039.691749,728.0,1456.0,0.8191520442889919,-2.8866291641361627e-17,-0.5735764363510462,-2.4585117001318525e-17,0.9999999999999999,-5.82284721879385e-17,0.5735764363510462,-4.314263033102878e-17,0.8191520442889919
286,2,G:/S1/USA/2026-02-24_16-21-11snow/camera/right/1771971772895382272.jpg,yaw_neg_35,4,1312,D:\mipmap-lite\1fad9647-f717-4cd4-9391-11f219d7e5d1\snow\snow-20260827\result/.temp/undistort/1312.jpg,0.0,1456,2912,1039.691749,728.0,1456.0,0.8191520442889916,1.7321655013988827e-16,-0.5735764363510459,2.0692348905058453e-16,0.9999999999999997,1.3813251212947534e-16,0.5735764363510459,1.241112246350633e-16,0.8191520442889918
342,2,G:/S1/USA/2026-02-24_16-21-11snow/camera/right/1771971800897038080.jpg,yaw_neg_35,4,1311,D:\mipmap-lite\1fad9647-f717-4cd4-9391-11f219d7e5d1\snow\snow-20260827\result/.temp/undistort/1311.jpg,0.0,1456,2912,1039.691749,728.0,1456.0,0.8191520442889917,-1.7457622724723337e-17,-0.5735764363510459,4.353576550483607e-17,0.9999999999999999,7.425025235232201e-17,0.5735764363510459,5.918173013881747e-17,0.8191520442889918
313,2,G:/S1/USA/2026-02-24_16-21-11snow/camera/right/1771971786396216064.jpg,yaw_neg_35,4,1320,D:\mipmap-lite\1fad9647-f717-4cd4-9391-11f219d7e5d1\snow\snow-20260827\result/.temp/undistort/1320.jpg,0.0,1456,2912,1039.691749,728.0,1456.0,0.8191520442889918,1.9435989334832136e-17,-0.5735764363510459,1.6047245027420152e-16,0.9999999999999998,1.9760356991706818e-16,0.5735764363510459,2.0130799968706088e-16,0.8191520442889916
174,2,G:/S1/USA/2026-02-24_16-21-11snow/camera/right/1771971716891836160.jpg,yaw_neg_35,4,1325,D:\mipmap-lite\1fad9647-f717-4cd4-9391-11f219d7e5d1\snow\snow-20260827\result/.temp/undistort/1325.jpg,0.0,1456,2912,1039.691749,728.0,1456.0,0.8191520442889918,1.5696589663688143e-17,-0.5735764363510462,1.3479515750293456e-16,0.9999999999999998,1.6009268284708202e-16,0.5735764363510458,2.1062269282727568e-16,0.8191520442889916
230,2,G:/S1/USA/2026-02-24_16-21-11snow/camera/right/1771971744893620992.jpg,yaw_neg_35,4,1333,D:\mipmap-lite\1fad9647-f717-4cd4-9391-11f219d7e5d1\snow\snow-20260827\result/.temp/undistort/1333.jpg,0.0,1456,2912,1039.691749,728.0,1456.0,0.8191520442889919,8.377607831097496e-17,-0.5735764363510463,1.2214005684782585e-17,1.0000000000000002,-6.160511072759621e-17,0.5735764363510462,-9.687690275749497e-17,0.819152044288992
314,2,G:/S1/USA/2026-02-24_16-21-11snow/camera/right/1771971786896185088.jpg,yaw_neg_35,4,1357,D:\mipmap-lite\1fad9647-f717-4cd4-9391-11f219d7e5d1\snow\snow-20260827\result/.temp/undistort/1357.jpg,0.0,1456,2912,1039.691749,728.0,1456.0,0.8191520442889917,-6.304786978940214e-19,-0.5735764363510462,1.559546760337026e-16,0.9999999999999998,1.816662507211605e-16,0.573576436351046,3.0847843659263663e-16,0.8191520442889917
287,2,G:/S1/USA/2026-02-24_16-21-11snow/camera/right/1771971773395390976.jpg,yaw_pos_35,5,23,D:\mipmap-lite\1fad9647-f717-4cd4-9391-11f219d7e5d1\snow\snow-20260827\result/.temp/undistort/23.jpg,0.0,1456,2912,1039.691749,728.0,1456.0,0.8191520442889918,-5.5078795584161997e-17,0.5735764363510458,1.3823466431736309e-18,1.0,-1.5370859287230743e-16,-0.5735764363510463,-1.7966063829941653e-18,0.819152044288992
259,2,G:/S1/USA/2026-02-24_16-21-11snow/camera/right/1771971759394524160.jpg,yaw_pos_35,5,13,D:\mipmap-lite\1fad9647-f717-4cd4-9391-11f219d7e5d1\snow\snow-20260827\result/.temp/undistort/13.jpg,0.0,1456,2912,1039.691749,728.0,1456.0,0.8191520442889924,2.7092300430349408e-17,0.5735764363510467,-3.455006498539895e-18,1.0000000000000002,7.053895015070126e-17,-0.5735764363510462,-3.639060618204819e-18,0.8191520442889921
203,2,G:/S1/USA/2026-02-24_16-21-11snow/camera/right/1771971731392750080.jpg,yaw_pos_35,5,15,D:\mipmap-lite\1fad9647-f717-4cd4-9391-11f219d7e5d1\snow\snow-20260827\result/.temp/undistort/15.jpg,0.0,1456,2912,1039.691749,728.0,1456.0,0.8191520442889916,7.653513359085951e-18,0.5735764363510459,-7.538199146822559e-17,0.9999999999999998,8.328154840205117e-17,-0.5735764363510458,1.1049599097739866e-16,0.8191520442889915
315,2,G:/S1/USA/2026-02-24_16-21-11snow/camera/right/1771971787396216064.jpg,yaw_pos_35,5,24,D:\mipmap-lite\1fad9647-f717-4cd4-9391-11f219d7e5d1\snow\snow-20260827\result/.temp/undistort/24.jpg,0.0,1456,2912,1039.691749,728.0,1456.0,0.8191520442889919,-7.550070932384591e-17,0.5735764363510462,5.152129300162118e-17,1.0000000000000004,-2.36344645230958e-16,-0.5735764363510462,-2.1517431881420294e-16,0.819152044288992
231,2,G:/S1/USA/2026-02-24_16-21-11snow/camera/right/1771971745393670144.jpg,yaw_pos_35,5,19,D:\mipmap-lite\1fad9647-f717-4cd4-9391-11f219d7e5d1\snow\snow-20260827\result/.temp/undistort/19.jpg,0.0,1456,2912,1039.691749,728.0,1456.0,0.8191520442889916,-5.537862215814513e-17,0.5735764363510459,-9.45918470284504e-17,1.0,4.9698508182057394e-17,-0.5735764363510458,6.040894939432159e-17,0.8191520442889917
175,2,G:/S1/USA/2026-02-24_16-21-11snow/camera/right/1771971717391913216.jpg,yaw_pos_35,5,21,D:\mipmap-lite\1fad9647-f717-4cd4-9391-11f219d7e5d1\snow\snow-20260827\result/.temp/undistort/21.jpg,0.0,1456,2912,1039.691749,728.0,1456.0,0.8191520442889919,7.053273110731021e-17,0.573576436351046,3.4529869517195754e-18,1.0,1.274593105525661e-16,-0.573576436351046,1.0470789492032871e-16,0.8191520442889918
204,2,G:/S1/USA/2026-02-24_16-21-11snow/camera/right/1771971731892779008.jpg,yaw_pos_35,5,66,D:\mipmap-lite\1fad9647-f717-4cd4-9391-11f219d7e5d1\snow\snow-20260827\result/.temp/undistort/66.jpg,0.0,1456,2912,1039.691749,728.0,1456.0,0.8191520442889919,3.403833691958441e-17,0.573576436351046,1.8310539268231593e-16,1.0000000000000004,-2.056545049355706e-16,-0.5735764363510463,-2.6573542574426496e-16,0.819152044288992
316,2,G:/S1/USA/2026-02-24_16-21-11snow/camera/right/1771971787896249088.jpg,yaw_pos_35,5,70,D:\mipmap-lite\1fad9647-f717-4cd4-9391-11f219d7e5d1\snow\snow-20260827\result/.temp/undistort/70.jpg,0.0,1456,2912,1039.691749,728.0,1456.0,0.8191520442889919,9.190918472581533e-17,0.573576436351046,-5.4483732195839436e-17,0.9999999999999994,2.7011109844729974e-16,-0.573576436351046,2.401419613295479e-16,0.8191520442889916
288,2,G:/S1/USA/2026-02-24_16-21-11snow/camera/right/1771971773895454208.jpg,yaw_pos_35,5,71,D:\mipmap-lite\1fad9647-f717-4cd4-9391-11f219d7e5d1\snow\snow-20260827\result/.temp/undistort/71.jpg,0.0,1456,2912,1039.691749,728.0,1456.0,0.8191520442889919,-2.720519946836374e-18,0.5735764363510462,-5.335248633281079e-17,1.0,-4.8175814216013555e-17,-0.573576436351046,-4.814735138963675e-18,0.8191520442889917
260,2,G:/S1/USA/2026-02-24_16-21-11snow/camera/right/1771971759894510080.jpg,yaw_pos_35,5,72,D:\mipmap-lite\1fad9647-f717-4cd4-9391-11f219d7e5d1\snow\snow-20260827\result/.temp/undistort/72.jpg,0.0,1456,2912,1039.691749,728.0,1456.0,0.8191520442889917,4.254291984262675e-17,0.573576436351046,3.093251394131118e-17,0.9999999999999999,-1.0500124949549153e-17,-0.573576436351046,8.289933059904426e-18,0.8191520442889918
176,2,G:/S1/USA/2026-02-24_16-21-11snow/camera/right/1771971717891945216.jpg,yaw_pos_35,5,73,D:\mipmap-lite\1fad9647-f717-4cd4-9391-11f219d7e5d1\snow\snow-20260827\result/.temp/undistort/73.jpg,0.0,1456,2912,1039.691749,728.0,1456.0,0.8191520442889917,-6.478447442049108e-17,0.573576436351046,4.3784522741640926e-17,1.0000000000000002,-1.7198823418822548e-16,-0.573576436351046,-1.6051054320522966e-16,0.8191520442889918
232,2,G:/S1/USA/2026-02-24_16-21-11snow/camera/right/1771971745893639936.jpg,yaw_pos_35,5,74,D:\mipmap-lite\1fad9647-f717-4cd4-9391-11f219d7e5d1\snow\snow-20260827\result/.temp/undistort/74.jpg,0.0,1456,2912,1039.691749,728.0,1456.0,0.8191520442889919,8.43396073344349e-17,0.5735764363510462,9.93402730296105e-17,1.0,5.1793111380588903e-17,-0.573576436351046,-3.5549236709300896e-17,0.8191520442889919
205,2,G:/S1/USA/2026-02-24_16-21-11snow/camera/right/1771971732392876032.jpg,yaw_pos_35,5,106,D:\mipmap-lite\1fad9647-f717-4cd4-9391-11f219d7e5d1\snow\snow-20260827\result/.temp/undistort/106.jpg,0.0,1456,2912,1039.691749,728.0,1456.0,0.8191520442889918,6.015154036476485e-17,0.573576436351046,3.5032588986458297e-17,1.0,4.85498430356558e-17,-0.573576436351046,-2.4839194805585446e-18,0.819152044288992
317,2,G:/S1/USA/2026-02-24_16-21-11snow/camera/right/1771971788396319232.jpg,yaw_pos_35,5,117,D:\mipmap-lite\1fad9647-f717-4cd4-9391-11f219d7e5d1\snow\snow-20260827\result/.temp/undistort/117.jpg,0.0,1456,2912,1039.691749,728.0,1456.0,0.8191520442889918,-1.1153083572049847e-16,0.5735764363510462,1.1691429811536202e-16,1.0000000000000004,-3.7540542896566314e-16,-0.573576436351046,-3.4619553515212364e-16,0.819152044288992
261,2,G:/S1/USA/2026-02-24_16-21-11snow/camera/right/1771971760394540032.jpg,yaw_pos_35,5,125,D:\mipmap-lite\1fad9647-f717-4cd4-9391-11f219d7e5d1\snow\snow-20260827\result/.temp/undistort/125.jpg,0.0,1456,2912,1039.691749,728.0,1456.0,0.8191520442889921,2.1613046020077604e-17,0.5735764363510464,2.4300814465067254e-17,1.0,-5.361588175922497e-18,-0.573576436351046,2.9451714436278206e-17,0.8191520442889919
233,2,G:/S1/USA/2026-02-24_16-21-11snow/camera/right/1771971746393712128.jpg,yaw_pos_35,5,126,D:\mipmap-lite\1fad9647-f717-4cd4-9391-11f219d7e5d1\snow\snow-20260827\result/.temp/undistort/126.jpg,0.0,1456,2912,1039.691749,728.0,1456.0,0.819152044288992,1.6867602389802323e-17,0.5735764363510464,-3.885790699460895e-18,1.0,5.158146795461221e-18,-0.573576436351046,-3.657528725651582e-18,0.8191520442889919
177,2,G:/S1/USA/2026-02-24_16-21-11snow/camera/right/1771971718391987968.jpg,yaw_pos_35,5,132,D:\mipmap-lite\1fad9647-f717-4cd4-9391-11f219d7e5d1\snow\snow-20260827\result/.temp/undistort/132.jpg,0.0,1456,2912,1039.691749,728.0,1456.0,0.8191520442889918,-1.0886927681967027e-16,0.5735764363510462,9.87999212501693e-17,1.0000000000000004,-3.4001202476027854e-16,-0.5735764363510462,-3.319624983651835e-16,0.8191520442889924
289,2,G:/S1/USA/2026-02-24_16-21-11snow/camera/right/1771971774395409152.jpg,yaw_pos_35,5,129,D:\mipmap-lite\1fad9647-f717-4cd4-9391-11f219d7e5d1\snow\snow-20260827\result/.temp/undistort/129.jpg,0.0,1456,2912,1039.691749,728.0,1456.0,0.8191520442889918,3.5274080210185455e-16,0.5735764363510455,1.697214508541378e-16,0.9999999999999998,3.9024763342171397e-16,-0.5735764363510462,1.8975241016189347e-16,0.8191520442889914
206,2,G:/S1/USA/2026-02-24_16-21-11snow/camera/right/1771971732892840192.jpg,yaw_pos_35,5,149,D:\mipmap-lite\1fad9647-f717-4cd4-9391-11f219d7e5d1\snow\snow-20260827\result/.temp/undistort/149.jpg,0.0,1456,2912,1039.691749,728.0,1456.0,0.8191520442889917,-1.148427859111756e-16,0.5735764363510459,-3.467450321056277e-16,0.9999999999999994,3.003628453729499e-16,-0.5735764363510457,4.451947076151449e-16,0.8191520442889914
318,2,G:/S1/USA/2026-02-24_16-21-11snow/camera/right/1771971788896310016.jpg,yaw_pos_35,5,166,D:\mipmap-lite\1fad9647-f717-4cd4-9391-11f219d7e5d1\snow\snow-20260827\result/.temp/undistort/166.jpg,0.0,1456,2912,1039.691749,728.0,1456.0,0.8191520442889918,7.068008286959778e-17,0.5735764363510459,-1.6789241281948187e-17,0.9999999999999999,1.2048022700077812e-16,-0.573576436351046,8.243871474738593e-17,0.8191520442889919
290,2,G:/S1/USA/2026-02-24_16-21-11snow/camera/right/1771971774895485184.jpg,yaw_pos_35,5,171,D:\mipmap-lite\1fad9647-f717-4cd4-9391-11f219d7e5d1\snow\snow-20260827\result/.temp/undistort/171.jpg,0.0,1456,2912,1039.691749,728.0,1456.0,0.8191520442889915,4.538632031984644e-16,0.5735764363510455,3.0184769137101223e-16,0.9999999999999996,5.046059854774478e-16,-0.5735764363510459,1.988055384557171e-16,0.8191520442889914
178,2,G:/S1/USA/2026-02-24_16-21-11snow/camera/right/1771971718892028160.jpg,yaw_pos_35,5,173,D:\mipmap-lite\1fad9647-f717-4cd4-9391-11f219d7e5d1\snow\snow-20260827\result/.temp/undistort/173.jpg,0.0,1456,2912,1039.691749,728.0,1456.0,0.8191520442889917,4.446064703622605e-17,0.573576436351046,4.3660564628902993e-17,0.9999999999999999,1.5874736609584753e-17,-0.573576436351046,-1.4052818116543645e-17,0.8191520442889918
234,2,G:/S1/USA/2026-02-24_16-21-11snow/camera/right/1771971746893757184.jpg,yaw_pos_35,5,177,D:\mipmap-lite\1fad9647-f717-4cd4-9391-11f219d7e5d1\snow\snow-20260827\result/.temp/undistort/177.jpg,0.0,1456,2912,1039.691749,728.0,1456.0,0.8191520442889915,-1.445442692308653e-17,0.5735764363510458,-6.56379750170102e-17,0.9999999999999999,-3.7370031424282767e-17,-0.5735764363510459,3.41678839772309e-17,0.8191520442889917
262,2,G:/S1/USA/2026-02-24_16-21-11snow/camera/right/1771971760894633984.jpg,yaw_pos_35,5,179,D:\mipmap-lite\1fad9647-f717-4cd4-9391-11f219d7e5d1\snow\snow-20260827\result/.temp/undistort/179.jpg,0.0,1456,2912,1039.691749,728.0,1456.0,0.8191520442889916,2.602895713920411e-17,0.5735764363510457,1.099395914766439e-16,0.9999999999999998,-3.4904252246238475e-17,-0.573576436351046,-4.608537796703425e-17,0.8191520442889917
207,2,G:/S1/USA/2026-02-24_16-21-11snow/camera/right/1771971733392872192.jpg,yaw_pos_35,5,201,D:\mipmap-lite\1fad9647-f717-4cd4-9391-11f219d7e5d1\snow\snow-20260827\result/.temp/undistort/201.jpg,0.0,1456,2912,1039.691749,728.0,1456.0,0.8191520442889919,7.233171413138677e-18,0.573576436351046,1.4395866222360658e-17,0.9999999999999999,-7.02618434427967e-19,-0.5735764363510462,4.297527473358089e-19,0.819152044288992
319,2,G:/S1/USA/2026-02-24_16-21-11snow/camera/right/1771971789396342016.jpg,yaw_pos_35,5,209,D:\mipmap-lite\1fad9647-f717-4cd4-9391-11f219d7e5d1\snow\snow-20260827\result/.temp/undistort/209.jpg,0.0,1456,2912,1039.691749,728.0,1456.0,0.8191520442889918,-2.471567220322439e-17,0.5735764363510458,-1.1678622043492748e-16,0.9999999999999998,1.4276286217901507e-16,-0.5735764363510459,2.1113189594780533e-16,0.8191520442889915
235,2,G:/S1/USA/2026-02-24_16-21-11snow/camera/right/1771971747393774080.jpg,yaw_pos_35,5,212,D:\mipmap-lite\1fad9647-f717-4cd4-9391-11f219d7e5d1\snow\snow-20260827\result/.temp/undistort/212.jpg,0.0,1456,2912,1039.691749,728.0,1456.0,0.8191520442889916,-1.1815191221762518e-16,0.5735764363510459,-9.120479267385733e-17,0.9999999999999998,-3.3579829722115625e-17,-0.573576436351046,3.0105079555516294e-17,0.8191520442889919
179,2,G:/S1/USA/2026-02-24_16-21-11snow/camera/right/1771971719392054016.jpg,yaw_pos_35,5,231,D:\mipmap-lite\1fad9647-f717-4cd4-9391-11f219d7e5d1\snow\snow-20260827\result/.temp/undistort/231.jpg,0.0,1456,2912,1039.691749,728.0,1456.0,0.8191520442889918,1.0667831984148936e-17,0.5735764363510459,-1.8080624313076712e-18,0.9999999999999999,8.853827347497825e-18,-0.5735764363510459,1.5220216776006364e-17,0.8191520442889917
291,2,G:/S1/USA/2026-02-24_16-21-11snow/camera/right/1771971775395473920.jpg,yaw_pos_35,5,234,D:\mipmap-lite\1fad9647-f717-4cd4-9391-11f219d7e5d1\snow\snow-20260827\result/.temp/undistort/234.jpg,0.0,1456,2912,1039.691749,728.0,1456.0,0.8191520442889918,3.112598802534645e-16,0.5735764363510457,2.5221528233151883e-16,0.9999999999999999,2.443760553786406e-16,-0.5735764363510462,9.006464570339335e-17,0.8191520442889916
263,2,G:/S1/USA/2026-02-24_16-21-11snow/camera/right/1771971761394642176.jpg,yaw_pos_35,5,237,D:\mipmap-lite\1fad9647-f717-4cd4-9391-11f219d7e5d1\snow\snow-20260827\result/.temp/undistort/237.jpg,0.0,1456,2912,1039.691749,728.0,1456.0,0.8191520442889914,4.41167396369463e-17,0.5735764363510457,3.5720087385402534e-17,0.9999999999999999,-2.387618179046597e-17,-0.573576436351046,-1.8355830360131252e-17,0.8191520442889916
208,2,G:/S1/USA/2026-02-24_16-21-11snow/camera/right/1771971733892903168.jpg,yaw_pos_35,5,240,D:\mipmap-lite\1fad9647-f717-4cd4-9391-11f219d7e5d1\snow\snow-20260827\result/.temp/undistort/240.jpg,0.0,1456,2912,1039.691749,728.0,1456.0,0.819152044288992,-9.59931210106481e-17,0.5735764363510458,-1.2187357734342392e-16,1.0000000000000002,3.505865124775854e-18,-0.5735764363510462,5.640528324818242e-17,0.8191520442889916
320,2,G:/S1/USA/2026-02-24_16-21-11snow/camera/right/1771971789896371968.jpg,yaw_pos_35,5,244,D:\mipmap-lite\1fad9647-f717-4cd4-9391-11f219d7e5d1\snow\snow-20260827\result/.temp/undistort/244.jpg,0.0,1456,2912,1039.691749,728.0,1456.0,0.8191520442889918,-1.2244684138106613e-16,0.5735764363510462,2.0846343419992757e-16,1.0000000000000004,-5.116231927905454e-16,-0.5735764363510462,-5.258625432188191e-16,0.8191520442889921
236,2,G:/S1/USA/2026-02-24_16-21-11snow/camera/right/1771971747893806080.jpg,yaw_pos_35,5,255,D:\mipmap-lite\1fad9647-f717-4cd4-9391-11f219d7e5d1\snow\snow-20260827\result/.temp/undistort/255.jpg,0.0,1456,2912,1039.691749,728.0,1456.0,0.8191520442889912,-2.161530183900481e-16,0.5735764363510458,-3.010310782987467e-16,0.9999999999999999,-5.669258426896636e-17,-0.573576436351046,6.556976162510991e-17,0.8191520442889918
180,2,G:/S1/USA/2026-02-24_16-21-11snow/camera/right/1771971719892094976.jpg,yaw_pos_35,5,278,D:\mipmap-lite\1fad9647-f717-4cd4-9391-11f219d7e5d1\snow\snow-20260827\result/.temp/undistort/278.jpg,0.0,1456,2912,1039.691749,728.0,1456.0,0.8191520442889918,-4.728296275466758e-17,0.5735764363510462,7.12280284778694e-17,1.0000000000000002,-1.8170317163105248e-16,-0.5735764363510463,-2.0533508189377856e-16,0.819152044288992
264,2,G:/S1/USA/2026-02-24_16-21-11snow/camera/right/1771971761894633984.jpg,yaw_pos_35,5,287,D:\mipmap-lite\1fad9647-f717-4cd4-9391-11f219d7e5d1\snow\snow-20260827\result/.temp/undistort/287.jpg,0.0,1456,2912,1039.691749,728.0,1456.0,0.8191520442889919,-5.95504880358636e-17,0.573576436351046,-2.5641351241193748e-17,1.0,3.7641400544168764e-17,-0.573576436351046,4.704251713374487e-17,0.8191520442889919
292,2,G:/S1/USA/2026-02-24_16-21-11snow/camera/right/1771971775895503872.jpg,yaw_pos_35,5,288,D:\mipmap-lite\1fad9647-f717-4cd4-9391-11f219d7e5d1\snow\snow-20260827\result/.temp/undistort/288.jpg,0.0,1456,2912,1039.691749,728.0,1456.0,0.8191520442889918,-1.0543630389076931e-16,0.5735764363510462,-4.4918478613261687e-17,1.0000000000000004,-5.2372192784364414e-17,-0.5735764363510462,-4.4767086457204516e-17,0.819152044288992
237,2,G:/S1/USA/2026-02-24_16-21-11snow/camera/right/1771971748393854976.jpg,yaw_pos_35,5,295,D:\mipmap-lite\1fad9647-f717-4cd4-9391-11f219d7e5d1\snow\snow-20260827\result/.temp/undistort/295.jpg,0.0,1456,2912,1039.691749,728.0,1456.0,0.8191520442889917,-2.861956411843315e-17,0.5735764363510462,-4.289446758164876e-17,1.0000000000000002,1.274521613865488e-17,-0.5735764363510459,-3.2633287802491814e-17,0.819152044288992
209,2,G:/S1/USA/2026-02-24_16-21-11snow/camera/right/1771971734392965120.jpg,yaw_pos_35,5,296,D:\mipmap-lite\1fad9647-f717-4cd4-9391-11f219d7e5d1\snow\snow-20260827\result/.temp/undistort/296.jpg,0.0,1456,2912,1039.691749,728.0,1456.0,0.8191520442889919,-3.535991425428561e-17,0.5735764363510459,-3.2362838411614445e-17,0.9999999999999996,1.049775011178762e-17,-0.5735764363510458,2.869646521429692e-17,0.8191520442889915
321,2,G:/S1/USA/2026-02-24_16-21-11snow/camera/right/1771971790396403968.jpg,yaw_pos_35,5,298,D:\mipmap-lite\1fad9647-f717-4cd4-9391-11f219d7e5d1\snow\snow-20260827\result/.temp/undistort/298.jpg,0.0,1456,2912,1039.691749,728.0,1456.0,0.8191520442889917,1.1703381348458265e-16,0.5735764363510458,1.0546200361725976e-16,0.9999999999999994,2.314462108513993e-16,-0.5735764363510459,1.9612493334890502e-16,0.8191520442889915
181,2,G:/S1/USA/2026-02-24_16-21-11snow/camera/right/1771971720392114176.jpg,yaw_pos_35,5,316,D:\mipmap-lite\1fad9647-f717-4cd4-9391-11f219d7e5d1\snow\snow-20260827\result/.temp/undistort/316.jpg,0.0,1456,2912,1039.691749,728.0,1456.0,0.8191520442889919,-2.4278290173818792e-17,0.5735764363510462,3.6781237882614847e-17,1.0000000000000002,-1.0465478135262983e-16,-0.5735764363510462,-9.417272696021645e-17,0.8191520442889919
265,2,G:/S1/USA/2026-02-24_16-21-11snow/camera/right/1771971762394703104.jpg,yaw_pos_35,5,335,D:\mipmap-lite\1fad9647-f717-4cd4-9391-11f219d7e5d1\snow\snow-20260827\result/.temp/undistort/335.jpg,0.0,1456,2912,1039.691749,728.0,1456.0,0.8191520442889922,-8.900737950994925e-17,0.5735764363510465,-2.5918036071207443e-17,1.0000000000000002,-1.1990548027951404e-16,-0.5735764363510462,-3.3394393141583554e-17,0.8191520442889922
293,2,G:/S1/USA/2026-02-24_16-21-11snow/camera/right/1771971776395576832.jpg,yaw_pos_35,5,341,D:\mipmap-lite\1fad9647-f717-4cd4-9391-11f219d7e5d1\snow\snow-20260827\result/.temp/undistort/341.jpg,0.0,1456,2912,1039.691749,728.0,1456.0,0.8191520442889919,-1.7162585960096304e-16,0.5735764363510463,4.051722102342103e-17,1.0000000000000002,-3.525458497995404e-16,-0.573576436351046,-2.7606828740881826e-16,0.819152044288992
238,2,G:/S1/USA/2026-02-24_16-21-11snow/camera/right/1771971748893825024.jpg,yaw_pos_35,5,340,D:\mipmap-lite\1fad9647-f717-4cd4-9391-11f219d7e5d1\snow\snow-20260827\result/.temp/undistort/340.jpg,0.0,1456,2912,1039.691749,728.0,1456.0,0.8191520442889921,1.0574903042672312e-16,0.5735764363510462,6.289114584453712e-17,1.0,5.079780019092115e-17,-0.573576436351046,3.626339406789721e-17,0.8191520442889918
182,2,G:/S1/USA/2026-02-24_16-21-11snow/camera/right/1771971720892096000.jpg,yaw_pos_35,5,353,D:\mipmap-lite\1fad9647-f717-4cd4-9391-11f219d7e5d1\snow\snow-20260827\result/.temp/undistort/353.jpg,0.0,1456,2912,1039.691749,728.0,1456.0,0.8191520442889918,-5.102679941036706e-17,0.573576436351046,2.2396430876077373e-16,1.0000000000000002,-3.819803299416119e-16,-0.5735764363510462,-4.44156495422679e-16,0.8191520442889919
210,2,G:/S1/USA/2026-02-24_16-21-11snow/camera/right/1771971734892963072.jpg,yaw_pos_35,5,361,D:\mipmap-lite\1fad9647-f717-4cd4-9391-11f219d7e5d1\snow\snow-20260827\result/.temp/undistort/361.jpg,0.0,1456,2912,1039.691749,728.0,1456.0,0.8191520442889919,7.936255935383694e-17,0.573576436351046,2.660898270129991e-16,1.0000000000000002,-1.8916013540468042e-16,-0.5735764363510459,-2.6357517978685325e-16,0.8191520442889918
322,2,G:/S1/USA/2026-02-24_16-21-11snow/camera/right/1771971790896434944.jpg,yaw_pos_35,5,359,D:\mipmap-lite\1fad9647-f717-4cd4-9391-11f219d7e5d1\snow\snow-20260827\result/.temp/undistort/359.jpg,0.0,1456,2912,1039.691749,728.0,1456.0,0.8191520442889917,4.561257148231135e-18,0.5735764363510458,-6.29577744755662e-17,0.9999999999999993,2.1140128846867187e-16,-0.5735764363510459,2.573482874528885e-16,0.8191520442889915
266,2,G:/S1/USA/2026-02-24_16-21-11snow/camera/right/1771971762894790144.jpg,yaw_pos_35,5,382,D:\mipmap-lite\1fad9647-f717-4cd4-9391-11f219d7e5d1\snow\snow-20260827\result/.temp/undistort/382.jpg,0.0,1456,2912,1039.691749,728.0,1456.0,0.8191520442889919,1.2834843679980096e-17,0.573576436351046,-4.848554471835871e-17,0.9999999999999999,-2.7246003139982334e-17,-0.573576436351046,2.619953129857777e-18,0.8191520442889918
294,2,G:/S1/USA/2026-02-24_16-21-11snow/camera/right/1771971776895569152.jpg,yaw_pos_35,5,387,D:\mipmap-lite\1fad9647-f717-4cd4-9391-11f219d7e5d1\snow\snow-20260827\result/.temp/undistort/387.jpg,0.0,1456,2912,1039.691749,728.0,1456.0,0.8191520442889919,-1.6472876780566624e-16,0.5735764363510462,3.3694078539488835e-17,1.0,-2.2014821816628828e-16,-0.5735764363510462,-1.6132365038032627e-16,0.8191520442889919
211,2,G:/S1/USA/2026-02-24_16-21-11snow/camera/right/1771971735393048064.jpg,yaw_pos_35,5,396,D:\mipmap-lite\1fad9647-f717-4cd4-9391-11f219d7e5d1\snow\snow-20260827\result/.temp/undistort/396.jpg,0.0,1456,2912,1039.691749,728.0,1456.0,0.8191520442889916,-4.878537830538781e-18,0.5735764363510458,-8.136938057649274e-17,0.9999999999999999,1.066128314606828e-16,-0.5735764363510459,1.597684427601934e-16,0.8191520442889917
239,2,G:/S1/USA/2026-02-24_16-21-11snow/camera/right/1771971749393857024.jpg,yaw_pos_35,5,394,D:\mipmap-lite\1fad9647-f717-4cd4-9391-11f219d7e5d1\snow\snow-20260827\result/.temp/undistort/394.jpg,0.0,1456,2912,1039.691749,728.0,1456.0,0.8191520442889916,-1.009678036774842e-16,0.5735764363510458,-5.460951749861099e-17,0.9999999999999999,-7.110359691333019e-17,-0.5735764363510459,2.3591257309089868e-17,0.8191520442889917
323,2,G:/S1/USA/2026-02-24_16-21-11snow/camera/right/1771971791396465920.jpg,yaw_pos_35,5,407,D:\mipmap-lite\1fad9647-f717-4cd4-9391-11f219d7e5d1\snow\snow-20260827\result/.temp/undistort/407.jpg,0.0,1456,2912,1039.691749,728.0,1456.0,0.8191520442889918,1.866024051048551e-18,0.573576436351046,3.100195116956718e-17,0.9999999999999999,1.1018950281554201e-16,-0.573576436351046,6.351272066722295e-17,0.8191520442889917
183,2,G:/S1/USA/2026-02-24_16-21-11snow/camera/right/1771971721392131072.jpg,yaw_pos_35,5,408,D:\mipmap-lite\1fad9647-f717-4cd4-9391-11f219d7e5d1\snow\snow-20260827\result/.temp/undistort/408.jpg,0.0,1456,2912,1039.691749,728.0,1456.0,0.8191520442889916,2.9287176577767355e-18,0.573576436351046,-3.6318992120387604e-17,0.9999999999999999,4.026336698278463e-18,-0.573576436351046,3.350826746846634e-17,0.8191520442889919
267,2,G:/S1/USA/2026-02-24_16-21-11snow/camera/right/1771971763394736896.jpg,yaw_pos_35,5,430,D:\mipmap-lite\1fad9647-f717-4cd4-9391-11f219d7e5d1\snow\snow-20260827\result/.temp/undistort/430.jpg,0.0,1456,2912,1039.691749,728.0,1456.0,0.8191520442889918,-5.948860300195196e-17,0.5735764363510462,-6.433858786928513e-17,1.0000000000000002,-1.588609915604223e-17,-0.5735764363510459,2.4069908321354216e-17,0.8191520442889918
295,2,G:/S1/USA/2026-02-24_16-21-11snow/camera/right/1771971777395597056.jpg,yaw_pos_35,5,437,D:\mipmap-lite\1fad9647-f717-4cd4-9391-11f219d7e5d1\snow\snow-20260827\result/.temp/undistort/437.jpg,0.0,1456,2912,1039.691749,728.0,1456.0,0.819152044288992,-2.1273261561002844e-16,0.5735764363510463,-1.405227806858758e-17,1.0000000000000004,-4.14466166819891e-16,-0.5735764363510463,-3.5985945115856115e-16,0.8191520442889921
240,2,G:/S1/USA/2026-02-24_16-21-11snow/camera/right/1771971749893970944.jpg,yaw_pos_35,5,445,D:\mipmap-lite\1fad9647-f717-4cd4-9391-11f219d7e5d1\snow\snow-20260827\result/.temp/undistort/445.jpg,0.0,1456,2912,1039.691749,728.0,1456.0,0.819152044288992,1.064010185591264e-16,0.5735764363510463,1.0075094643003693e-16,1.0,4.2663003121944355e-17,-0.5735764363510462,-4.980906089252147e-17,0.8191520442889919
212,2,G:/S1/USA/2026-02-24_16-21-11snow/camera/right/1771971735893026048.jpg,yaw_pos_35,5,441,D:\mipmap-lite\1fad9647-f717-4cd4-9391-11f219d7e5d1\snow\snow-20260827\result/.temp/undistort/441.jpg,0.0,1456,2912,1039.691749,728.0,1456.0,0.819152044288992,5.933304340950521e-17,0.573576436351046,1.3198109459652514e-16,1.0,-7.894206658268888e-17,-0.5735764363510463,-1.2677717201346802e-16,0.8191520442889919
324,2,G:/S1/USA/2026-02-24_16-21-11snow/camera/right/1771971791896548864.jpg,yaw_pos_35,5,447,D:\mipmap-lite\1fad9647-f717-4cd4-9391-11f219d7e5d1\snow\snow-20260827\result/.temp/undistort/447.jpg,0.0,1456,2912,1039.691749,728.0,1456.0,0.8191520442889918,-1.573249585906677e-17,0.573576436351046,-3.9174332604930346e-17,1.0,-3.1434514423375564e-17,-0.5735764363510459,-7.816669012840373e-17,0.8191520442889916
184,2,G:/S1/USA/2026-02-24_16-21-11snow/camera/right/1771971721892205056.jpg,yaw_pos_35,5,457,D:\mipmap-lite\1fad9647-f717-4cd4-9391-11f219d7e5d1\snow\snow-20260827\result/.temp/undistort/457.jpg,0.0,1456,2912,1039.691749,728.0,1456.0,0.819152044288992,4.01105889189675e-17,0.573576436351046,-1.1286758214105965e-16,0.9999999999999998,2.8744425618976403e-16,-0.573576436351046,3.118631547500099e-16,0.8191520442889918
325,2,G:/S1/USA/2026-02-24_16-21-11snow/camera/right/1771971792396527104.jpg,yaw_pos_35,5,481,D:\mipmap-lite\1fad9647-f717-4cd4-9391-11f219d7e5d1\snow\snow-20260827\result/.temp/undistort/481.jpg,0.0,1456,2912,1039.691749,728.0,1456.0,0.8191520442889917,1.2042102938989222e-16,0.5735764363510459,-1.0522291714398089e-16,0.9999999999999996,3.35392895229786e-16,-0.5735764363510459,4.035593750153549e-16,0.8191520442889916
241,2,G:/S1/USA/2026-02-24_16-21-11snow/camera/right/1771971750393960960.jpg,yaw_pos_35,5,488,D:\mipmap-lite\1fad9647-f717-4cd4-9391-11f219d7e5d1\snow\snow-20260827\result/.temp/undistort/488.jpg,0.0,1456,2912,1039.691749,728.0,1456.0,0.8191520442889917,-9.896034879955864e-17,0.5735764363510458,-2.338358584313072e-17,0.9999999999999999,-1.6607980888939294e-17,-0.573576436351046,3.299175938976531e-17,0.8191520442889918
268,2,G:/S1/USA/2026-02-24_16-21-11snow/camera/right/1771971763894755072.jpg,yaw_pos_35,5,485,D:\mipmap-lite\1fad9647-f717-4cd4-9391-11f219d7e5d1\snow\snow-20260827\result/.temp/undistort/485.jpg,0.0,1456,2912,1039.691749,728.0,1456.0,0.8191520442889912,5.0124411263215203e-17,0.5735764363510454,-2.064896923284607e-18,0.9999999999999998,5.27373044981206e-17,-0.5735764363510459,-1.2933626063972111e-17,0.8191520442889914
296,2,G:/S1/USA/2026-02-24_16-21-11snow/camera/right/1771971777895629056.jpg,yaw_pos_35,5,486,D:\mipmap-lite\1fad9647-f717-4cd4-9391-11f219d7e5d1\snow\snow-20260827\result/.temp/undistort/486.jpg,0.0,1456,2912,1039.691749,728.0,1456.0,0.819152044288992,-3.7197605943782424e-16,0.5735764363510464,-1.2906640858897683e-16,1.0000000000000004,-4.687619719053777e-16,-0.5735764363510459,-2.9242180871570747e-16,0.8191520442889921
213,2,G:/S1/USA/2026-02-24_16-21-11snow/camera/right/1771971736393105152.jpg,yaw_pos_35,5,495,D:\mipmap-lite\1fad9647-f717-4cd4-9391-11f219d7e5d1\snow\snow-20260827\result/.temp/undistort/495.jpg,0.0,1456,2912,1039.691749,728.0,1456.0,0.8191520442889918,-3.614658976530681e-17,0.5735764363510459,-1.0901367894576638e-16,0.9999999999999999,3.2555751655657946e-17,-0.5735764363510462,5.586222444233143e-17,0.8191520442889917
185,2,G:/S1/USA/2026-02-24_16-21-11snow/camera/right/1771971722392207104.jpg,yaw_pos_35,5,504,D:\mipmap-lite\1fad9647-f717-4cd4-9391-11f219d7e5d1\snow\snow-20260827\result/.temp/undistort/504.jpg,0.0,1456,2912,1039.691749,728.0,1456.0,0.8191520442889917,1.6328958706091935e-18,0.5735764363510459,6.953179514203777e-17,1.0,-1.6301357873903324e-16,-0.573576436351046,-1.4824762020281843e-16,0.8191520442889919
269,2,G:/S1/USA/2026-02-24_16-21-11snow/camera/right/1771971764394857216.jpg,yaw_pos_35,5,528,D:\mipmap-lite\1fad9647-f717-4cd4-9391-11f219d7e5d1\snow\snow-20260827\result/.temp/undistort/528.jpg,0.0,1456,2912,1039.691749,728.0,1456.0,0.8191520442889919,-3.787171439418317e-17,0.5735764363510462,-2.3372727463763046e-17,1.0,-2.614069165408697e-18,-0.5735764363510462,2.2076894000540835e-17,0.8191520442889919
326,2,G:/S1/USA/2026-02-24_16-21-11snow/camera/right/1771971792896600064.jpg,yaw_pos_35,5,531,D:\mipmap-lite\1fad9647-f717-4cd4-9391-11f219d7e5d1\snow\snow-20260827\result/.temp/undistort/531.jpg,0.0,1456,2912,1039.691749,728.0,1456.0,0.8191520442889918,2.8055692278594495e-17,0.5735764363510459,-1.054365710610405e-16,0.9999999999999999,1.0730513672117337e-16,-0.5735764363510459,1.6382871645458943e-16,0.8191520442889917
242,2,G:/S1/USA/2026-02-24_16-21-11snow/camera/right/1771971750893999104.jpg,yaw_pos_35,5,535,D:\mipmap-lite\1fad9647-f717-4cd4-9391-11f219d7e5d1\snow\snow-20260827\result/.temp/undistort/535.jpg,0.0,1456,2912,1039.691749,728.0,1456.0,0.8191520442889918,4.779877107629476e-17,0.5735764363510459,7.700539592547217e-17,0.9999999999999999,2.5443148741172832e-17,-0.573576436351046,1.0849085087806885e-17,0.8191520442889917
297,2,G:/S1/USA/2026-02-24_16-21-11snow/camera/right/1771971778395711232.jpg,yaw_pos_35,5,542,D:\mipmap-lite\1fad9647-f717-4cd4-9391-11f219d7e5d1\snow\snow-20260827\result/.temp/undistort/542.jpg,0.0,1456,2912,1039.691749,728.0,1456.0,0.8191520442889918,1.5428670467508628e-16,0.5735764363510462,9.139602026994709e-17,1.0,1.1062218372707114e-16,-0.573576436351046,1.0804263773590939e-16,0.8191520442889919
214,2,G:/S1/USA/2026-02-24_16-21-11snow/camera/right/1771971736893154048.jpg,yaw_pos_35,5,548,D:\mipmap-lite\1fad9647-f717-4cd4-9391-11f219d7e5d1\snow\snow-20260827\result/.temp/undistort/548.jpg,0.0,1456,2912,1039.691749,728.0,1456.0,0.8191520442889918,2.3875942146638493e-17,0.5735764363510459,-1.5502193841962975e-17,0.9999999999999998,1.3915566099038508e-16,-0.573576436351046,1.2252624661570914e-16,0.8191520442889916
186,2,G:/S1/USA/2026-02-24_16-21-11snow/camera/right/1771971722892271104.jpg,yaw_pos_35,5,563,D:\mipmap-lite\1fad9647-f717-4cd4-9391-11f219d7e5d1\snow\snow-20260827\result/.temp/undistort/563.jpg,0.0,1456,2912,1039.691749,728.0,1456.0,0.8191520442889919,-1.3143102701371597e-17,0.5735764363510459,8.379187536362228e-17,1.0000000000000002,-1.928685320075149e-16,-0.5735764363510462,-1.6304892301975992e-16,0.8191520442889918
270,2,G:/S1/USA/2026-02-24_16-21-11snow/camera/right/1771971764894881024.jpg,yaw_pos_35,5,568,D:\mipmap-lite\1fad9647-f717-4cd4-9391-11f219d7e5d1\snow\snow-20260827\result/.temp/undistort/568.jpg,0.0,1456,2912,1039.691749,728.0,1456.0,0.8191520442889917,-1.2773197735194281e-17,0.5735764363510456,5.515088018985905e-17,1.0,3.0473617004369824e-17,-0.5735764363510464,3.260205921865733e-17,0.8191520442889917
327,2,G:/S1/USA/2026-02-24_16-21-11snow/camera/right/1771971793396584960.jpg,yaw_pos_35,5,575,D:\mipmap-lite\1fad9647-f717-4cd4-9391-11f219d7e5d1\snow\snow-20260827\result/.temp/undistort/575.jpg,0.0,1456,2912,1039.691749,728.0,1456.0,0.8191520442889918,-2.485909212269593e-17,0.573576436351046,-3.792214054531269e-17,0.9999999999999997,1.0870554903469333e-16,-0.5735764363510462,1.3342479649779056e-16,0.8191520442889918
243,2,G:/S1/USA/2026-02-24_16-21-11snow/camera/right/1771971751394073856.jpg,yaw_pos_35,5,590,D:\mipmap-lite\1fad9647-f717-4cd4-9391-11f219d7e5d1\snow\snow-20260827\result/.temp/undistort/590.jpg,0.0,1456,2912,1039.691749,728.0,1456.0,0.8191520442889917,-7.347001726413542e-17,0.5735764363510459,-1.7302603617366294e-16,1.0,-4.4163251412178955e-17,-0.5735764363510462,-1.2619011021143885e-17,0.8191520442889919
215,2,G:/S1/USA/2026-02-24_16-21-11snow/camera/right/1771971737393169152.jpg,yaw_pos_35,5,595,D:\mipmap-lite\1fad9647-f717-4cd4-9391-11f219d7e5d1\snow\snow-20260827\result/.temp/undistort/595.jpg,0.0,1456,2912,1039.691749,728.0,1456.0,0.8191520442889916,8.581934694137247e-17,0.5735764363510459,1.4951862286593932e-16,1.0000000000000002,-8.112435394807635e-17,-0.5735764363510458,-1.5702246525230793e-16,0.8191520442889917
298,2,G:/S1/USA/2026-02-24_16-21-11snow/camera/right/1771971778895693056.jpg,yaw_pos_35,5,601,D:\mipmap-lite\1fad9647-f717-4cd4-9391-11f219d7e5d1\snow\snow-20260827\result/.temp/undistort/601.jpg,0.0,1456,2912,1039.691749,728.0,1456.0,0.8191520442889917,-2.414684986820158e-16,0.5735764363510464,-1.2068423635348566e-16,1.0000000000000004,-3.954006582897934e-16,-0.5735764363510459,-3.289344183897124e-16,0.8191520442889924
187,2,G:/S1/USA/2026-02-24_16-21-11snow/camera/right/1771971723392300032.jpg,yaw_pos_35,5,606,D:\mipmap-lite\1fad9647-f717-4cd4-9391-11f219d7e5d1\snow\snow-20260827\result/.temp/undistort/606.jpg,0.0,1456,2912,1039.691749,728.0,1456.0,0.8191520442889918,-4.0146882824595004e-17,0.5735764363510462,1.5122937819262812e-16,1.0000000000000002,-4.0517244180213705e-16,-0.573576436351046,-4.142671431656959e-16,0.8191520442889919
271,2,G:/S1/USA/2026-02-24_16-21-11snow/camera/right/1771971765394916096.jpg,yaw_pos_35,5,620,D:\mipmap-lite\1fad9647-f717-4cd4-9391-11f219d7e5d1\snow\snow-20260827\result/.temp/undistort/620.jpg,0.0,1456,2912,1039.691749,728.0,1456.0,0.8191520442889927,-2.068302009557963e-16,0.5735764363510473,-2.1110581020047567e-16,1.0000000000000002,-1.2984378200372387e-16,-0.5735764363510458,-5.653726271463716e-17,0.8191520442889924
328,2,G:/S1/USA/2026-02-24_16-21-11snow/camera/right/1771971793896613120.jpg,yaw_pos_35,5,626,D:\mipmap-lite\1fad9647-f717-4cd4-9391-11f219d7e5d1\snow\snow-20260827\result/.temp/undistort/626.jpg,0.0,1456,2912,1039.691749,728.0,1456.0,0.8191520442889918,3.455354390720823e-17,0.573576436351046,8.390763340920866e-17,0.9999999999999999,-5.834055502508309e-17,-0.5735764363510459,-1.660777282146981e-17,0.8191520442889919
244,2,G:/S1/USA/2026-02-24_16-21-11snow/camera/right/1771971751894054144.jpg,yaw_pos_35,5,638,D:\mipmap-lite\1fad9647-f717-4cd4-9391-11f219d7e5d1\snow\snow-20260827\result/.temp/undistort/638.jpg,0.0,1456,2912,1039.691749,728.0,1456.0,0.8191520442889918,-6.309357654720055e-17,0.5735764363510459,-6.04808655355477e-17,1.0000000000000002,2.074108451942325e-17,-0.5735764363510462,8.06362557808862e-17,0.8191520442889919
216,2,G:/S1/USA/2026-02-24_16-21-11snow/camera/right/1771971737893212928.jpg,yaw_pos_35,5,645,D:\mipmap-lite\1fad9647-f717-4cd4-9391-11f219d7e5d1\snow\snow-20260827\result/.temp/undistort/645.jpg,0.0,1456,2912,1039.691749,728.0,1456.0,0.8191520442889917,1.5868534918720234e-16,0.573576436351046,2.483585485861547e-16,1.0000000000000002,-6.103773169193242e-17,-0.5735764363510462,-1.6995022405144243e-16,0.8191520442889917
299,2,G:/S1/USA/2026-02-24_16-21-11snow/camera/right/1771971779395720960.jpg,yaw_pos_35,5,653,D:\mipmap-lite\1fad9647-f717-4cd4-9391-11f219d7e5d1\snow\snow-20260827\result/.temp/undistort/653.jpg,0.0,1456,2912,1039.691749,728.0,1456.0,0.8191520442889917,-5.957488675884975e-17,0.5735764363510462,6.702551696928395e-17,1.0000000000000002,-2.725915437047158e-16,-0.5735764363510458,-3.0424315898679436e-16,0.8191520442889917
329,2,G:/S1/USA/2026-02-24_16-21-11snow/camera/right/1771971794396642048.jpg,yaw_pos_35,5,659,D:\mipmap-lite\1fad9647-f717-4cd4-9391-11f219d7e5d1\snow\snow-20260827\result/.temp/undistort/659.jpg,0.0,1456,2912,1039.691749,728.0,1456.0,0.8191520442889917,4.4172604039195537e-17,0.5735764363510459,1.3839736325727033e-16,1.0000000000000004,-3.0173722628762946e-16,-0.5735764363510462,-3.4963578953444493e-16,0.8191520442889919
188,2,G:/S1/USA/2026-02-24_16-21-11snow/camera/right/1771971723892352000.jpg,yaw_pos_35,5,662,D:\mipmap-lite\1fad9647-f717-4cd4-9391-11f219d7e5d1\snow\snow-20260827\result/.temp/undistort/662.jpg,0.0,1456,2912,1039.691749,728.0,1456.0,0.8191520442889919,6.572857556855832e-17,0.573576436351046,-1.4654374851598333e-16,0.9999999999999999,3.5838971669436298e-16,-0.5735764363510462,3.8220666116371303e-16,0.8191520442889918
272,2,G:/S1/USA/2026-02-24_16-21-11snow/camera/right/1771971765894937088.jpg,yaw_pos_35,5,671,D:\mipmap-lite\1fad9647-f717-4cd4-9391-11f219d7e5d1\snow\snow-20260827\result/.temp/undistort/671.jpg,0.0,1456,2912,1039.691749,728.0,1456.0,0.8191520442889919,-9.653124542230299e-17,0.5735764363510462,-7.749152445518819e-17,1.0000000000000002,-3.646943185041204e-17,-0.573576436351046,1.850061815651914e-17,0.8191520442889919
245,2,G:/S1/USA/2026-02-24_16-21-11snow/camera/right/1771971752394093056.jpg,yaw_pos_35,5,679,D:\mipmap-lite\1fad9647-f717-4cd4-9391-11f219d7e5d1\snow\snow-20260827\result/.temp/undistort/679.jpg,0.0,1456,2912,1039.691749,728.0,1456.0,0.8191520442889921,1.2792839080302444e-16,0.5735764363510462,8.609709160465894e-17,1.0000000000000002,7.093111878758334e-17,-0.573576436351046,-2.8784182292520246e-17,0.8191520442889918
217,2,G:/S1/USA/2026-02-24_16-21-11snow/camera/right/1771971738393233152.jpg,yaw_pos_35,5,701,D:\mipmap-lite\1fad9647-f717-4cd4-9391-11f219d7e5d1\snow\snow-20260827\result/.temp/undistort/701.jpg,0.0,1456,2912,1039.691749,728.0,1456.0,0.8191520442889916,-1.6291473690303804e-16,0.573576436351046,-4.490069621623785e-16,0.999999999999999,3.673131322121735e-16,-0.5735764363510455,5.862362017030435e-16,0.8191520442889912
300,2,G:/S1/USA/2026-02-24_16-21-11snow/camera/right/1771971779895805952.jpg,yaw_pos_35,5,702,D:\mipmap-lite\1fad9647-f717-4cd4-9391-11f219d7e5d1\snow\snow-20260827\result/.temp/undistort/702.jpg,0.0,1456,2912,1039.691749,728.0,1456.0,0.8191520442889918,-5.4515322305013134e-17,0.573576436351046,-1.822486086164744e-16,0.9999999999999999,1.180340639286276e-16,-0.573576436351046,1.4564531345709717e-16,0.8191520442889918
189,2,G:/S1/USA/2026-02-24_16-21-11snow/camera/right/1771971724392368128.jpg,yaw_pos_35,5,710,D:\mipmap-lite\1fad9647-f717-4cd4-9391-11f219d7e5d1\snow\snow-20260827\result/.temp/undistort/710.jpg,0.0,1456,2912,1039.691749,728.0,1456.0,0.8191520442889919,7.068133324981629e-17,0.573576436351046,-3.272377958657814e-17,0.9999999999999997,1.5935877211246366e-16,-0.573576436351046,1.4710435055358082e-16,0.8191520442889917
246,2,G:/S1/USA/2026-02-24_16-21-11snow/camera/right/1771971752894077184.jpg,yaw_pos_35,5,711,D:\mipmap-lite\1fad9647-f717-4cd4-9391-11f219d7e5d1\snow\snow-20260827\result/.temp/undistort/711.jpg,0.0,1456,2912,1039.691749,728.0,1456.0,0.8191520442889918,1.4171312922022733e-16,0.573576436351046,5.2459158161310303e-17,1.0,6.208762812789994e-17,-0.573576436351046,2.0310916456297184e-17,0.8191520442889919
330,2,G:/S1/USA/2026-02-24_16-21-11snow/camera/right/1771971794896672000.jpg,yaw_pos_35,5,712,D:\mipmap-lite\1fad9647-f717-4cd4-9391-11f219d7e5d1\snow\snow-20260827\result/.temp/undistort/712.jpg,0.0,1456,2912,1039.691749,728.0,1456.0,0.8191520442889917,2.2466558022309023e-17,0.5735764363510459,-1.0409815339081713e-16,0.9999999999999997,1.2451926164621307e-16,-0.5735764363510459,1.3527798446573534e-16,0.8191520442889915
273,2,G:/S1/USA/2026-02-24_16-21-11snow/camera/right/1771971766394962176.jpg,yaw_pos_35,5,716,D:\mipmap-lite\1fad9647-f717-4cd4-9391-11f219d7e5d1\snow\snow-20260827\result/.temp/undistort/716.jpg,0.0,1456,2912,1039.691749,728.0,1456.0,0.8191520442889921,-1.6904836244302598e-16,0.5735764363510467,-1.61596516831902e-16,1.0000000000000002,-9.89351049425465e-17,-0.5735764363510459,-2.1081761035764193e-17,0.819152044288992
274,2,G:/S1/USA/2026-02-24_16-21-11snow/camera/right/1771971766894993920.jpg,yaw_pos_35,5,749,D:\mipmap-lite\1fad9647-f717-4cd4-9391-11f219d7e5d1\snow\snow-20260827\result/.temp/undistort/749.jpg,0.0,1456,2912,1039.691749,728.0,1456.0,0.8191520442889919,1.7937756329802216e-17,0.5735764363510459,1.0275777841239235e-16,1.0000000000000002,4.311296011302964e-17,-0.5735764363510464,-6.0265915711117664e-18,0.819152044288992
218,2,G:/S1/USA/2026-02-24_16-21-11snow/camera/right/1771971738893212928.jpg,yaw_pos_35,5,754,D:\mipmap-lite\1fad9647-f717-4cd4-9391-11f219d7e5d1\snow\snow-20260827\result/.temp/undistort/754.jpg,0.0,1456,2912,1039.691749,728.0,1456.0,0.8191520442889919,-1.5185196105412553e-16,0.5735764363510462,-1.9855212708001e-16,1.0,8.365711937584748e-17,-0.573576436351046,2.1649920608684472e-16,0.8191520442889917
301,2,G:/S1/USA/2026-02-24_16-21-11snow/camera/right/1771971780395783168.jpg,yaw_pos_35,5,756,D:\mipmap-lite\1fad9647-f717-4cd4-9391-11f219d7e5d1\snow\snow-20260827\result/.temp/undistort/756.jpg,0.0,1456,2912,1039.691749,728.0,1456.0,0.819152044288992,1.6378492822277852e-16,0.573576436351046,7.10125516857468e-17,1.0,2.104188216651259e-16,-0.573576436351046,1.273071773958595e-16,0.8191520442889918
190,2,G:/S1/USA/2026-02-24_16-21-11snow/camera/right/1771971724892354048.jpg,yaw_pos_35,5,766,D:\mipmap-lite\1fad9647-f717-4cd4-9391-11f219d7e5d1\snow\snow-20260827\result/.temp/undistort/766.jpg,0.0,1456,2912,1039.691749,728.0,1456.0,0.819152044288992,-4.676294352399107e-17,0.573576436351046,1.607047917166732e-16,1.0000000000000004,-3.2901456833661663e-16,-0.5735764363510462,-3.4681240972264565e-16,0.8191520442889919
331,2,G:/S1/USA/2026-02-24_16-21-11snow/camera/right/1771971795396772096.jpg,yaw_pos_35,5,763,D:\mipmap-lite\1fad9647-f717-4cd4-9391-11f219d7e5d1\snow\snow-20260827\result/.temp/undistort/763.jpg,0.0,1456,2912,1039.691749,728.0,1456.0,0.8191520442889918,-6.696446520624699e-17,0.5735764363510462,-1.6546105110512465e-16,0.9999999999999999,1.336855323463322e-16,-0.5735764363510459,1.6192671905542293e-16,0.8191520442889919
247,2,G:/S1/USA/2026-02-24_16-21-11snow/camera/right/1771971753394166016.jpg,yaw_pos_35,5,770,D:\mipmap-lite\1fad9647-f717-4cd4-9391-11f219d7e5d1\snow\snow-20260827\result/.temp/undistort/770.jpg,0.0,1456,2912,1039.691749,728.0,1456.0,0.8191520442889919,1.695134152339767e-16,0.5735764363510462,1.0450248231364686e-16,1.0,6.413919893453583e-17,-0.5735764363510462,-3.268399124035052e-17,0.8191520442889919
275,2,G:/S1/USA/2026-02-24_16-21-11snow/camera/right/1771971767394973952.jpg,yaw_pos_35,5,791,D:\mipmap-lite\1fad9647-f717-4cd4-9391-11f219d7e5d1\snow\snow-20260827\result/.temp/undistort/791.jpg,0.0,1456,2912,1039.691749,728.0,1456.0,0.8191520442889918,1.3106521573432385e-16,0.5735764363510456,1.0777408731840681e-16,0.9999999999999997,7.145912070974993e-17,-0.5735764363510462,4.816661915895986e-18,0.8191520442889915
302,2,G:/S1/USA/2026-02-24_16-21-11snow/camera/right/1771971780895814144.jpg,yaw_pos_35,5,799,D:\mipmap-lite\1fad9647-f717-4cd4-9391-11f219d7e5d1\snow\snow-20260827\result/.temp/undistort/799.jpg,0.0,1456,2912,1039.691749,728.0,1456.0,0.8191520442889917,-2.0058290003980647e-17,0.5735764363510459,-5.411863696972271e-17,0.9999999999999999,2.831289239514122e-17,-0.573576436351046,5.116250392739227e-17,0.8191520442889917
219,2,G:/S1/USA/2026-02-24_16-21-11snow/camera/right/1771971739393289216.jpg,yaw_pos_35,5,807,D:\mipmap-lite\1fad9647-f717-4cd4-9391-11f219d7e5d1\snow\snow-20260827\result/.temp/undistort/807.jpg,0.0,1456,2912,1039.691749,728.0,1456.0,0.8191520442889919,2.0864227488350045e-17,0.573576436351046,4.994963685280965e-17,1.0,-4.7503621412227646e-17,-0.573576436351046,-7.596297556574412e-17,0.8191520442889919
191,2,G:/S1/USA/2026-02-24_16-21-11snow/camera/right/1771971725392424960.jpg,yaw_pos_35,5,803,D:\mipmap-lite\1fad9647-f717-4cd4-9391-11f219d7e5d1\snow\snow-20260827\result/.temp/undistort/803.jpg,0.0,1456,2912,1039.691749,728.0,1456.0,0.8191520442889918,5.226764960970476e-17,0.5735764363510459,-9.291448762148054e-17,1.0,1.4160824418484026e-16,-0.573576436351046,1.4671487067425592e-16,0.8191520442889919
248,2,G:/S1/USA/2026-02-24_16-21-11snow/camera/right/1771971753894134016.jpg,yaw_pos_35,5,824,D:\mipmap-lite\1fad9647-f717-4cd4-9391-11f219d7e5d1\snow\snow-20260827\result/.temp/undistort/824.jpg,0.0,1456,2912,1039.691749,728.0,1456.0,0.8191520442889912,-3.059926532702421e-16,0.5735764363510457,-1.2134189138361496e-16,0.9999999999999999,-1.7699470012962899e-16,-0.5735764363510459,-7.396177773783796e-19,0.8191520442889917
332,2,G:/S1/USA/2026-02-24_16-21-11snow/camera/right/1771971795896733952.jpg,yaw_pos_35,5,822,D:\mipmap-lite\1fad9647-f717-4cd4-9391-11f219d7e5d1\snow\snow-20260827\result/.temp/undistort/822.jpg,0.0,1456,2912,1039.691749,728.0,1456.0,0.819152044288992,1.692840472597977e-16,0.573576436351046,3.387407427341646e-16,1.0000000000000009,-2.5216827916840337e-16,-0.5735764363510464,-3.859478840733134e-16,0.8191520442889921
303,2,G:/S1/USA/2026-02-24_16-21-11snow/camera/right/1771971781395843072.jpg,yaw_pos_35,5,843,D:\mipmap-lite\1fad9647-f717-4cd4-9391-11f219d7e5d1\snow\snow-20260827\result/.temp/undistort/843.jpg,0.0,1456,2912,1039.691749,728.0,1456.0,0.8191520442889918,-2.98584778819015e-16,0.5735764363510462,9.726084371574152e-18,1.0000000000000002,-5.006890133465778e-16,-0.573576436351046,-3.602181864726698e-16,0.819152044288992
276,2,G:/S1/USA/2026-02-24_16-21-11snow/camera/right/1771971767895048192.jpg,yaw_pos_35,5,840,D:\mipmap-lite\1fad9647-f717-4cd4-9391-11f219d7e5d1\snow\snow-20260827\result/.temp/undistort/840.jpg,0.0,1456,2912,1039.691749,728.0,1456.0,0.8191520442889917,1.1773497767891019e-16,0.5735764363510457,1.167661444888963e-16,0.9999999999999999,9.285975998232796e-17,-0.573576436351046,2.540591046245431e-17,0.8191520442889916
192,2,G:/S1/USA/2026-02-24_16-21-11snow/camera/right/1771971725892414208.jpg,yaw_pos_35,5,854,D:\mipmap-lite\1fad9647-f717-4cd4-9391-11f219d7e5d1\snow\snow-20260827\result/.temp/undistort/854.jpg,0.0,1456,2912,1039.691749,728.0,1456.0,0.819152044288992,-2.12245294609283e-18,0.5735764363510462,8.224040601200772e-17,1.0000000000000004,-9.15575439790012e-17,-0.5735764363510462,-8.49109317128362e-17,0.8191520442889919
220,2,G:/S1/USA/2026-02-24_16-21-11snow/camera/right/1771971739893331968.jpg,yaw_pos_35,5,857,D:\mipmap-lite\1fad9647-f717-4cd4-9391-11f219d7e5d1\snow\snow-20260827\result/.temp/undistort/857.jpg,0.0,1456,2912,1039.691749,728.0,1456.0,0.8191520442889918,-7.139506486571207e-17,0.5735764363510462,-1.5237404954641884e-16,1.0,9.133046533555816e-17,-0.5735764363510462,1.7630821266708466e-16,0.8191520442889919
333,2,G:/S1/USA/2026-02-24_16-21-11snow/camera/right/1771971796396764160.jpg,yaw_pos_35,5,865,D:\mipmap-lite\1fad9647-f717-4cd4-9391-11f219d7e5d1\snow\snow-20260827\result/.temp/undistort/865.jpg,0.0,1456,2912,1039.691749,728.0,1456.0,0.8191520442889919,1.3933988151835824e-17,0.5735764363510462,4.8981395367425326e-17,1.0,-3.831894778508079e-17,-0.573576436351046,-4.7763246117507464e-17,0.8191520442889919
249,2,G:/S1/USA/2026-02-24_16-21-11snow/camera/right/1771971754394245120.jpg,yaw_pos_35,5,871,D:\mipmap-lite\1fad9647-f717-4cd4-9391-11f219d7e5d1\snow\snow-20260827\result/.temp/undistort/871.jpg,0.0,1456,2912,1039.691749,728.0,1456.0,0.8191520442889916,-9.293468134476079e-17,0.5735764363510458,-2.2358349525084134e-16,0.9999999999999998,-1.7112396691813095e-17,-0.5735764363510459,5.794291743289385e-17,0.8191520442889915
277,2,G:/S1/USA/2026-02-24_16-21-11snow/camera/right/1771971768395035136.jpg,yaw_pos_35,5,887,D:\mipmap-lite\1fad9647-f717-4cd4-9391-11f219d7e5d1\snow\snow-20260827\result/.temp/undistort/887.jpg,0.0,1456,2912,1039.691749,728.0,1456.0,0.8191520442889917,1.3691756576055636e-16,0.573576436351046,-3.473383704908987e-18,0.9999999999999999,1.5244479368886453e-16,-0.573576436351046,1.0497630511964809e-16,0.8191520442889918
304,2,G:/S1/USA/2026-02-24_16-21-11snow/camera/right/1771971781895876096.jpg,yaw_pos_35,5,888,D:\mipmap-lite\1fad9647-f717-4cd4-9391-11f219d7e5d1\snow\snow-20260827\result/.temp/undistort/888.jpg,0.0,1456,2912,1039.691749,728.0,1456.0,0.8191520442889918,3.65520000596014e-16,0.5735764363510459,7.81116313949385e-18,0.9999999999999997,5.251679885689804e-16,-0.573576436351046,3.9711693507841365e-16,0.8191520442889916
193,2,G:/S1/USA/2026-02-24_16-21-11snow/camera/right/1771971726392512000.jpg,yaw_pos_35,5,896,D:\mipmap-lite\1fad9647-f717-4cd4-9391-11f219d7e5d1\snow\snow-20260827\result/.temp/undistort/896.jpg,0.0,1456,2912,1039.691749,728.0,1456.0,0.8191520442889918,-3.6964404393267464e-17,0.5735764363510462,3.070168854351741e-17,1.0000000000000004,-9.48853942812133e-17,-0.573576436351046,-1.2137803855412206e-16,0.819152044288992
221,2,G:/S1/USA/2026-02-24_16-21-11snow/camera/right/1771971740393350144.jpg,yaw_pos_35,5,898,D:\mipmap-lite\1fad9647-f717-4cd4-9391-11f219d7e5d1\snow\snow-20260827\result/.temp/undistort/898.jpg,0.0,1456,2912,1039.691749,728.0,1456.0,0.8191520442889921,1.1759216122344108e-16,0.5735764363510462,1.464243131828e-16,1.0000000000000002,-6.035184611604663e-17,-0.5735764363510462,-1.4721376475541751e-16,0.819152044288992
250,2,G:/S1/USA/2026-02-24_16-21-11snow/camera/right/1771971754894257920.jpg,yaw_pos_35,5,913,D:\mipmap-lite\1fad9647-f717-4cd4-9391-11f219d7e5d1\snow\snow-20260827\result/.temp/undistort/913.jpg,0.0,1456,2912,1039.691749,728.0,1456.0,0.8191520442889922,1.4773741451356951e-16,0.5735764363510464,2.0747464286146627e-16,1.0000000000000002,1.1717710044712234e-16,-0.573576436351046,6.371970313800061e-17,0.8191520442889919
334,2,G:/S1/USA/2026-02-24_16-21-11snow/camera/right/1771971796896840960.jpg,yaw_pos_35,5,918,D:\mipmap-lite\1fad9647-f717-4cd4-9391-11f219d7e5d1\snow\snow-20260827\result/.temp/undistort/918.jpg,0.0,1456,2912,1039.691749,728.0,1456.0,0.8191520442889918,7.120992546050047e-18,0.573576436351046,8.195083314376104e-17,1.0,-8.232399219567967e-17,-0.5735764363510462,-8.97056254684599e-17,0.819152044288992
194,2,G:/S1/USA/2026-02-24_16-21-11snow/camera/right/1771971726892483072.jpg,yaw_pos_35,5,937,D:\mipmap-lite\1fad9647-f717-4cd4-9391-11f219d7e5d1\snow\snow-20260827\result/.temp/undistort/937.jpg,0.0,1456,2912,1039.691749,728.0,1456.0,0.8191520442889919,4.38216754168094e-17,0.5735764363510459,-4.509069095988521e-17,0.9999999999999996,1.706095205857419e-16,-0.573576436351046,2.1186442972869106e-16,0.8191520442889916
278,2,G:/S1/USA/2026-02-24_16-21-11snow/camera/right/1771971768895065088.jpg,yaw_pos_35,5,944,D:\mipmap-lite\1fad9647-f717-4cd4-9391-11f219d7e5d1\snow\snow-20260827\result/.temp/undistort/944.jpg,0.0,1456,2912,1039.691749,728.0,1456.0,0.8191520442889918,5.386414613641851e-17,0.5735764363510463,8.225290331348695e-17,1.0,-3.206699376930612e-17,-0.5735764363510459,-8.045091692873909e-17,0.8191520442889918
305,2,G:/S1/USA/2026-02-24_16-21-11snow/camera/right/1771971782395970048.jpg,yaw_pos_35,5,945,D:\mipmap-lite\1fad9647-f717-4cd4-9391-11f219d7e5d1\snow\snow-20260827\result/.temp/undistort/945.jpg,0.0,1456,2912,1039.691749,728.0,1456.0,0.8191520442889918,-2.3711267689839853e-16,0.5735764363510462,-6.085480659368097e-17,1.0000000000000004,-2.758005206206091e-16,-0.5735764363510462,-2.1018254380670907e-16,0.819152044288992
251,2,G:/S1/USA/2026-02-24_16-21-11snow/camera/right/1771971755394281216.jpg,yaw_pos_35,5,961,D:\mipmap-lite\1fad9647-f717-4cd4-9391-11f219d7e5d1\snow\snow-20260827\result/.temp/undistort/961.jpg,0.0,1456,2912,1039.691749,728.0,1456.0,0.819152044288992,-1.60662391228064e-16,0.5735764363510459,-1.5626203543437702e-16,1.0000000000000002,-9.735430004502131e-17,-0.5735764363510463,6.819488481736883e-17,0.8191520442889918
222,2,G:/S1/USA/2026-02-24_16-21-11snow/camera/right/1771971740893400064.jpg,yaw_pos_35,5,962,D:\mipmap-lite\1fad9647-f717-4cd4-9391-11f219d7e5d1\snow\snow-20260827\result/.temp/undistort/962.jpg,0.0,1456,2912,1039.691749,728.0,1456.0,0.8191520442889916,-2.4016739642618443e-16,0.5735764363510459,-2.2060172105435777e-16,0.9999999999999996,-4.411161683046861e-17,-0.5735764363510458,1.1431411507969852e-16,0.8191520442889917
335,2,G:/S1/USA/2026-02-24_16-21-11snow/camera/right/1771971797396828160.jpg,yaw_pos_35,5,956,D:\mipmap-lite\1fad9647-f717-4cd4-9391-11f219d7e5d1\snow\snow-20260827\result/.temp/undistort/956.jpg,0.0,1456,2912,1039.691749,728.0,1456.0,0.8191520442889918,-1.1074885097379316e-16,0.5735764363510462,-2.738030444977549e-16,0.9999999999999992,1.5708626793597378e-16,-0.5735764363510459,2.781743368347348e-16,0.8191520442889916
195,2,G:/S1/USA/2026-02-24_16-21-11snow/camera/right/1771971727392548096.jpg,yaw_pos_35,5,980,D:\mipmap-lite\1fad9647-f717-4cd4-9391-11f219d7e5d1\snow\snow-20260827\result/.temp/undistort/980.jpg,0.0,1456,2912,1039.691749,728.0,1456.0,0.8191520442889919,-1.655007849296045e-18,0.573576436351046,2.1136558034526655e-16,1.0000000000000002,-3.1171752972440436e-16,-0.5735764363510462,-3.56427232098544e-16,0.8191520442889921
279,2,G:/S1/USA/2026-02-24_16-21-11snow/camera/right/1771971769395096064.jpg,yaw_pos_35,5,989,D:\mipmap-lite\1fad9647-f717-4cd4-9391-11f219d7e5d1\snow\snow-20260827\result/.temp/undistort/989.jpg,0.0,1456,2912,1039.691749,728.0,1456.0,0.8191520442889921,-1.496146036298363e-16,0.5735764363510463,-1.312941730426134e-16,1.0000000000000002,-1.1429116035165814e-16,-0.5735764363510462,1.8383159455499114e-17,0.8191520442889921
252,2,G:/S1/USA/2026-02-24_16-21-11snow/camera/right/1771971755894257920.jpg,yaw_pos_35,5,1004,D:\mipmap-lite\1fad9647-f717-4cd4-9391-11f219d7e5d1\snow\snow-20260827\result/.temp/undistort/1004.jpg,0.0,1456,2912,1039.691749,728.0,1456.0,0.8191520442889916,7.573962136369753e-18,0.5735764363510459,2.731717563218498e-17,0.9999999999999998,-7.825377971841721e-18,-0.573576436351046,-7.38808268326697e-17,0.8191520442889918
306,2,G:/S1/USA/2026-02-24_16-21-11snow/camera/right/1771971782895938048.jpg,yaw_pos_35,5,998,D:\mipmap-lite\1fad9647-f717-4cd4-9391-11f219d7e5d1\snow\snow-20260827\result/.temp/undistort/998.jpg,0.0,1456,2912,1039.691749,728.0,1456.0,0.819152044288992,-1.2156259797124036e-16,0.573576436351046,5.131530343362347e-17,1.0000000000000002,-1.095674676795271e-16,-0.5735764363510462,-5.70179251267213e-17,0.8191520442889919
223,2,G:/S1/USA/2026-02-24_16-21-11snow/camera/right/1771971741393434112.jpg,yaw_pos_35,5,1003,D:\mipmap-lite\1fad9647-f717-4cd4-9391-11f219d7e5d1\snow\snow-20260827\result/.temp/undistort/1003.jpg,0.0,1456,2912,1039.691749,728.0,1456.0,0.8191520442889917,-9.444872261809629e-17,0.573576436351046,-8.759527050288852e-17,1.0000000000000002,-2.366033687368349e-17,-0.573576436351046,4.5015328688859304e-17,0.8191520442889919
336,2,G:/S1/USA/2026-02-24_16-21-11snow/camera/right/1771971797896910080.jpg,yaw_pos_35,5,1011,D:\mipmap-lite\1fad9647-f717-4cd4-9391-11f219d7e5d1\snow\snow-20260827\result/.temp/undistort/1011.jpg,0.0,1456,2912,1039.691749,728.0,1456.0,0.8191520442889918,4.8922847782174973e-17,0.573576436351046,7.523616936504348e-17,1.0,2.908957253008604e-17,-0.5735764363510462,-4.397646131906265e-18,0.8191520442889919
196,2,G:/S1/USA/2026-02-24_16-21-11snow/camera/right/1771971727892537088.jpg,yaw_pos_35,5,1031,D:\mipmap-lite\1fad9647-f717-4cd4-9391-11f219d7e5d1\snow\snow-20260827\result/.temp/undistort/1031.jpg,0.0,1456,2912,1039.691749,728.0,1456.0,0.8191520442889917,-1.8051945405589935e-16,0.5735764363510462,1.7705582664527887e-16,1.0000000000000004,-5.509025529760161e-16,-0.573576436351046,-5.587538228987478e-16,0.819152044288992
224,2,G:/S1/USA/2026-02-24_16-21-11snow/camera/right/1771971741893396224.jpg,yaw_pos_35,5,1044,D:\mipmap-lite\1fad9647-f717-4cd4-9391-11f219d7e5d1\snow\snow-20260827\result/.temp/undistort/1044.jpg,0.0,1456,2912,1039.691749,728.0,1456.0,0.8191520442889919,-8.944437262313921e-17,0.5735764363510462,-1.3662347445061957e-16,1.0,6.011103387622931e-17,-0.573576436351046,1.0176555571703021e-16,0.8191520442889918
280,2,G:/S1/USA/2026-02-24_16-21-11snow/camera/right/1771971769895129088.jpg,yaw_pos_35,5,1040,D:\mipmap-lite\1fad9647-f717-4cd4-9391-11f219d7e5d1\snow\snow-20260827\result/.temp/undistort/1040.jpg,0.0,1456,2912,1039.691749,728.0,1456.0,0.819152044288992,-9.133487492610913e-17,0.5735764363510462,2.277104562190459e-17,1.0,-1.5900933558662262e-16,-0.5735764363510462,-6.283182738863576e-17,0.8191520442889919
253,2,G:/S1/USA/2026-02-24_16-21-11snow/camera/right/1771971756394333184.jpg,yaw_pos_35,5,1049,D:\mipmap-lite\1fad9647-f717-4cd4-9391-11f219d7e5d1\snow\snow-20260827\result/.temp/undistort/1049.jpg,0.0,1456,2912,1039.691749,728.0,1456.0,0.8191520442889915,-1.6925611696544283e-16,0.5735764363510456,-1.2483234615187366e-16,1.0,-9.852781548157793e-17,-0.573576436351046,-1.7926440742455524e-18,0.8191520442889916
307,2,G:/S1/USA/2026-02-24_16-21-11snow/camera/right/1771971783395969280.jpg,yaw_pos_35,5,1048,D:\mipmap-lite\1fad9647-f717-4cd4-9391-11f219d7e5d1\snow\snow-20260827\result/.temp/undistort/1048.jpg,0.0,1456,2912,1039.691749,728.0,1456.0,0.8191520442889919,-2.097528364019629e-17,0.573576436351046,-1.7417020520398118e-17,1.0000000000000002,1.221017611175804e-16,-0.5735764363510463,5.902597200501185e-17,0.8191520442889918
197,2,G:/S1/USA/2026-02-24_16-21-11snow/camera/right/1771971728392613120.jpg,yaw_pos_35,5,1070,D:\mipmap-lite\1fad9647-f717-4cd4-9391-11f219d7e5d1\snow\snow-20260827\result/.temp/undistort/1070.jpg,0.0,1456,2912,1039.691749,728.0,1456.0,0.8191520442889919,8.204113921767559e-17,0.573576436351046,-1.6516293445400476e-16,0.9999999999999998,2.851811700310176e-16,-0.573576436351046,3.393672673299723e-16,0.8191520442889916
337,2,G:/S1/USA/2026-02-24_16-21-11snow/camera/right/1771971798396929024.jpg,yaw_pos_35,5,1072,D:\mipmap-lite\1fad9647-f717-4cd4-9391-11f219d7e5d1\snow\snow-20260827\result/.temp/undistort/1072.jpg,0.0,1456,2912,1039.691749,728.0,1456.0,0.8191520442889917,-6.368933696822283e-17,0.573576436351046,-1.0751760471856567e-16,0.9999999999999998,1.0476712993031201e-16,-0.5735764363510459,1.5541431186851345e-16,0.8191520442889919
308,2,G:/S1/USA/2026-02-24_16-21-11snow/camera/right/1771971783895998976.jpg,yaw_pos_35,5,1088,D:\mipmap-lite\1fad9647-f717-4cd4-9391-11f219d7e5d1\snow\snow-20260827\result/.temp/undistort/1088.jpg,0.0,1456,2912,1039.691749,728.0,1456.0,0.8191520442889917,-1.1599379414402852e-16,0.5735764363510459,3.121109776952204e-17,1.0000000000000002,-2.79151020360576e-16,-0.5735764363510462,-2.5153227854916504e-16,0.8191520442889919
281,2,G:/S1/USA/2026-02-24_16-21-11snow/camera/right/1771971770395156992.jpg,yaw_pos_35,5,1089,D:\mipmap-lite\1fad9647-f717-4cd4-9391-11f219d7e5d1\snow\snow-20260827\result/.temp/undistort/1089.jpg,0.0,1456,2912,1039.691749,728.0,1456.0,0.8191520442889917,1.0817975259959868e-16,0.5735764363510457,5.178193748714213e-17,1.0,6.690918698243129e-17,-0.573576436351046,-1.485618148837177e-17,0.8191520442889916
225,2,G:/S1/USA/2026-02-24_16-21-11snow/camera/right/1771971742393426176.jpg,yaw_pos_35,5,1093,D:\mipmap-lite\1fad9647-f717-4cd4-9391-11f219d7e5d1\snow\snow-20260827\result/.temp/undistort/1093.jpg,0.0,1456,2912,1039.691749,728.0,1456.0,0.8191520442889921,1.2706532812529727e-16,0.573576436351046,1.2899470070820253e-16,1.0000000000000002,1.3699997265986773e-17,-0.5735764363510463,-8.403511017175462e-17,0.8191520442889918
254,2,G:/S1/USA/2026-02-24_16-21-11snow/camera/right/1771971756894323200.jpg,yaw_pos_35,5,1098,D:\mipmap-lite\1fad9647-f717-4cd4-9391-11f219d7e5d1\snow\snow-20260827\result/.temp/undistort/1098.jpg,0.0,1456,2912,1039.691749,728.0,1456.0,0.8191520442889919,-6.87027079342854e-17,0.573576436351046,-3.51778974084234e-17,1.0000000000000002,-3.1187144624859856e-17,-0.573576436351046,8.456693075040805e-17,0.8191520442889919
198,2,G:/S1/USA/2026-02-24_16-21-11snow/camera/right/1771971728892646144.jpg,yaw_pos_35,5,1121,D:\mipmap-lite\1fad9647-f717-4cd4-9391-11f219d7e5d1\snow\snow-20260827\result/.temp/undistort/1121.jpg,0.0,1456,2912,1039.691749,728.0,1456.0,0.8191520442889917,-5.0518799257743296e-17,0.573576436351046,2.4479146390398073e-18,1.0000000000000002,-2.346705817146332e-16,-0.5735764363510462,-2.0552144836461654e-16,0.819152044288992
309,2,G:/S1/USA/2026-02-24_16-21-11snow/camera/right/1771971784396033024.jpg,yaw_pos_35,5,1124,D:\mipmap-lite\1fad9647-f717-4cd4-9391-11f219d7e5d1\snow\snow-20260827\result/.temp/undistort/1124.jpg,0.0,1456,2912,1039.691749,728.0,1456.0,0.8191520442889919,-1.2861424175988307e-16,0.5735764363510463,-4.7754778060300034e-17,1.0000000000000004,-2.1079149686401903e-16,-0.5735764363510462,-1.8749918625523526e-16,0.8191520442889922
338,2,G:/S1/USA/2026-02-24_16-21-11snow/camera/right/1771971798896972288.jpg,yaw_pos_35,5,1125,D:\mipmap-lite\1fad9647-f717-4cd4-9391-11f219d7e5d1\snow\snow-20260827\result/.temp/undistort/1125.jpg,0.0,1456,2912,1039.691749,728.0,1456.0,0.8191520442889918,6.845058806023219e-17,0.5735764363510462,1.444255868417979e-16,1.0000000000000002,-1.0571962076296264e-16,-0.573576436351046,-1.8483917859286338e-16,0.8191520442889918
282,2,G:/S1/USA/2026-02-24_16-21-11snow/camera/right/1771971770895253248.jpg,yaw_pos_35,5,1132,D:\mipmap-lite\1fad9647-f717-4cd4-9391-11f219d7e5d1\snow\snow-20260827\result/.temp/undistort/1132.jpg,0.0,1456,2912,1039.691749,728.0,1456.0,0.8191520442889915,3.5029690502945307e-16,0.5735764363510456,1.8159636551515972e-16,0.9999999999999998,3.792937525070052e-16,-0.5735764363510462,2.0555552225811907e-16,0.8191520442889916
255,2,G:/S1/USA/2026-02-24_16-21-11snow/camera/right/1771971757394390016.jpg,yaw_pos_35,5,1133,D:\mipmap-lite\1fad9647-f717-4cd4-9391-11f219d7e5d1\snow\snow-20260827\result/.temp/undistort/1133.jpg,0.0,1456,2912,1039.691749,728.0,1456.0,0.8191520442889924,9.550380338782092e-18,0.5735764363510465,1.0393657249204049e-18,1.0000000000000002,6.731932312941526e-17,-0.573576436351046,2.362533262358177e-18,0.8191520442889919
226,2,G:/S1/USA/2026-02-24_16-21-11snow/camera/right/1771971742893549056.jpg,yaw_pos_35,5,1149,D:\mipmap-lite\1fad9647-f717-4cd4-9391-11f219d7e5d1\snow\snow-20260827\result/.temp/undistort/1149.jpg,0.0,1456,2912,1039.691749,728.0,1456.0,0.8191520442889915,-5.742359639731896e-17,0.5735764363510459,-4.94038737034817e-17,0.9999999999999998,1.622348215543181e-17,-0.5735764363510458,2.7151365373609617e-17,0.8191520442889919
199,2,G:/S1/USA/2026-02-24_16-21-11snow/camera/right/1771971729392691200.jpg,yaw_pos_35,5,1163,D:\mipmap-lite\1fad9647-f717-4cd4-9391-11f219d7e5d1\snow\snow-20260827\result/.temp/undistort/1163.jpg,0.0,1456,2912,1039.691749,728.0,1456.0,0.8191520442889918,-1.4680945734397104e-16,0.5735764363510462,-8.648361197307357e-17,1.0000000000000002,-1.1689304466288178e-16,-0.573576436351046,-7.040316897248278e-17,0.819152044288992
310,2,G:/S1/USA/2026-02-24_16-21-11snow/camera/right/1771971784896078080.jpg,yaw_pos_35,5,1167,D:\mipmap-lite\1fad9647-f717-4cd4-9391-11f219d7e5d1\snow\snow-20260827\result/.temp/undistort/1167.jpg,0.0,1456,2912,1039.691749,728.0,1456.0,0.8191520442889916,8.884331325428826e-17,0.5735764363510459,-1.863506048243227e-17,0.9999999999999996,1.246505465552166e-16,-0.5735764363510459,1.5873865799785913e-16,0.8191520442889916
339,2,G:/S1/USA/2026-02-24_16-21-11snow/camera/right/1771971799396945920.jpg,yaw_pos_35,5,1177,D:\mipmap-lite\1fad9647-f717-4cd4-9391-11f219d7e5d1\snow\snow-20260827\result/.temp/undistort/1177.jpg,0.0,1456,2912,1039.691749,728.0,1456.0,0.8191520442889916,-6.367401762856142e-17,0.573576436351046,-2.0701639569173617e-16,0.9999999999999993,1.923480676259322e-16,-0.5735764363510457,2.9225903781364825e-16,0.8191520442889915
283,2,G:/S1/USA/2026-02-24_16-21-11snow/camera/right/1771971771395224064.jpg,yaw_pos_35,5,1181,D:\mipmap-lite\1fad9647-f717-4cd4-9391-11f219d7e5d1\snow\snow-20260827\result/.temp/undistort/1181.jpg,0.0,1456,2912,1039.691749,728.0,1456.0,0.8191520442889919,-1.6431103833954065e-16,0.5735764363510463,2.4843879527867825e-17,1.0000000000000002,-1.5572165593500216e-16,-0.573576436351046,-1.0776508998658571e-16,0.819152044288992
256,2,G:/S1/USA/2026-02-24_16-21-11snow/camera/right/1771971757894434048.jpg,yaw_pos_35,5,1183,D:\mipmap-lite\1fad9647-f717-4cd4-9391-11f219d7e5d1\snow\snow-20260827\result/.temp/undistort/1183.jpg,0.0,1456,2912,1039.691749,728.0,1456.0,0.8191520442889917,-3.430766288543072e-17,0.573576436351046,-6.34204774748354e-17,1.0,-1.5613762663930014e-17,-0.573576436351046,5.1488263326762804e-18,0.8191520442889918
227,2,G:/S1/USA/2026-02-24_16-21-11snow/camera/right/1771971743393536000.jpg,yaw_pos_35,5,1200,D:\mipmap-lite\1fad9647-f717-4cd4-9391-11f219d7e5d1\snow\snow-20260827\result/.temp/undistort/1200.jpg,0.0,1456,2912,1039.691749,728.0,1456.0,0.8191520442889921,2.081463583923363e-16,0.5735764363510462,1.6782478344302371e-16,1.0000000000000002,6.864472714573223e-17,-0.5735764363510462,-3.405502876543733e-17,0.8191520442889918
200,2,G:/S1/USA/2026-02-24_16-21-11snow/camera/right/1771971729892662016.jpg,yaw_pos_35,5,1214,D:\mipmap-lite\1fad9647-f717-4cd4-9391-11f219d7e5d1\snow\snow-20260827\result/.temp/undistort/1214.jpg,0.0,1456,2912,1039.691749,728.0,1456.0,0.8191520442889919,1.556744853975532e-17,0.573576436351046,1.5270812853721233e-16,1.0000000000000002,-2.320409726225368e-16,-0.5735764363510459,-2.7072117702449947e-16,0.8191520442889918
257,2,G:/S1/USA/2026-02-24_16-21-11snow/camera/right/1771971758394459904.jpg,yaw_pos_35,5,1223,D:\mipmap-lite\1fad9647-f717-4cd4-9391-11f219d7e5d1\snow\snow-20260827\result/.temp/undistort/1223.jpg,0.0,1456,2912,1039.691749,728.0,1456.0,0.819152044288992,-3.954691015646745e-17,0.573576436351046,5.4996842314054054e-17,1.0000000000000002,-1.91359459285718e-18,-0.5735764363510462,3.0754515509928855e-17,0.8191520442889917
172,2,G:/S1/USA/2026-02-24_16-21-11snow/camera/right/1771971715891771136.jpg,yaw_pos_35,5,1233,D:\mipmap-lite\1fad9647-f717-4cd4-9391-11f219d7e5d1\snow\snow-20260827\result/.temp/undistort/1233.jpg,0.0,1456,2912,1039.691749,728.0,1456.0,0.8191520442889919,-3.342500567731864e-17,0.5735764363510458,7.76952723529514e-17,1.0,-1.8098964466886328e-16,-0.573576436351046,-1.897188815552996e-16,0.8191520442889918
311,2,G:/S1/USA/2026-02-24_16-21-11snow/camera/right/1771971785396163072.jpg,yaw_pos_35,5,1230,D:\mipmap-lite\1fad9647-f717-4cd4-9391-11f219d7e5d1\snow\snow-20260827\result/.temp/undistort/1230.jpg,0.0,1456,2912,1039.691749,728.0,1456.0,0.8191520442889917,-6.821696800498567e-17,0.573576436351046,8.211859163299045e-17,1.0000000000000002,-2.458877450033855e-16,-0.5735764363510459,-2.5298526368109474e-16,0.819152044288992
340,2,G:/S1/USA/2026-02-24_16-21-11snow/camera/right/1771971799897061120.jpg,yaw_pos_35,5,1231,D:\mipmap-lite\1fad9647-f717-4cd4-9391-11f219d7e5d1\snow\snow-20260827\result/.temp/undistort/1231.jpg,0.0,1456,2912,1039.691749,728.0,1456.0,0.8191520442889917,-1.8019070718928346e-16,0.573576436351046,-4.1800503537754545e-16,0.9999999999999993,2.74675881095382e-16,-0.5735764363510457,4.6026479215222025e-16,0.8191520442889918
284,2,G:/S1/USA/2026-02-24_16-21-11snow/camera/right/1771971771895253248.jpg,yaw_pos_35,5,1232,D:\mipmap-lite\1fad9647-f717-4cd4-9391-11f219d7e5d1\snow\snow-20260827\result/.temp/undistort/1232.jpg,0.0,1456,2912,1039.691749,728.0,1456.0,0.8191520442889917,1.37938560476629e-16,0.5735764363510458,2.0180250807232755e-17,0.9999999999999999,8.028453471630394e-17,-0.5735764363510459,9.526510687100316e-17,0.8191520442889916
201,2,G:/S1/USA/2026-02-24_16-21-11snow/camera/right/1771971730392760064.jpg,yaw_pos_35,5,1249,D:\mipmap-lite\1fad9647-f717-4cd4-9391-11f219d7e5d1\snow\snow-20260827\result/.temp/undistort/1249.jpg,0.0,1456,2912,1039.691749,728.0,1456.0,0.8191520442889917,5.4311051728044874e-18,0.5735764363510459,1.4779403933677172e-16,1.0000000000000002,-1.9796939138520627e-16,-0.573576436351046,-2.243145140489666e-16,0.8191520442889919
228,2,G:/S1/USA/2026-02-24_16-21-11snow/camera/right/1771971743893518080.jpg,yaw_pos_35,5,1250,D:\mipmap-lite\1fad9647-f717-4cd4-9391-11f219d7e5d1\snow\snow-20260827\result/.temp/undistort/1250.jpg,0.0,1456,2912,1039.691749,728.0,1456.0,0.8191520442889924,2.1021630513208178e-16,0.5735764363510463,2.627970964618747e-16,1.0000000000000002,-8.483154654449012e-17,-0.5735764363510464,-1.568679109178476e-16,0.819152044288992
258,2,G:/S1/USA/2026-02-24_16-21-11snow/camera/right/1771971758894445056.jpg,yaw_pos_35,5,1265,D:\mipmap-lite\1fad9647-f717-4cd4-9391-11f219d7e5d1\snow\snow-20260827\result/.temp/undistort/1265.jpg,0.0,1456,2912,1039.691749,728.0,1456.0,0.8191520442889919,-1.182376847709943e-17,0.5735764363510463,-1.1992749707507826e-17,1.0,2.5458865985925946e-17,-0.573576436351046,2.777954649596157e-17,0.8191520442889917
285,2,G:/S1/USA/2026-02-24_16-21-11snow/camera/right/1771971772395354112.jpg,yaw_pos_35,5,1276,D:\mipmap-lite\1fad9647-f717-4cd4-9391-11f219d7e5d1\snow\snow-20260827\result/.temp/undistort/1276.jpg,0.0,1456,2912,1039.691749,728.0,1456.0,0.8191520442889917,3.2509473415532857e-16,0.5735764363510458,2.4982367668590976e-16,1.0,2.853793615912211e-16,-0.5735764363510462,9.255429007194235e-17,0.8191520442889916
341,2,G:/S1/USA/2026-02-24_16-21-11snow/camera/right/1771971800397073152.jpg,yaw_pos_35,5,1273,D:\mipmap-lite\1fad9647-f717-4cd4-9391-11f219d7e5d1\snow\snow-20260827\result/.temp/undistort/1273.jpg,0.0,1456,2912,1039.691749,728.0,1456.0,0.8191520442889918,5.443616925678976e-17,0.573576436351046,4.286864032876709e-18,1.0,3.180901902178638e-18,-0.5735764363510459,-3.294057168696189e-17,0.8191520442889917
312,2,G:/S1/USA/2026-02-24_16-21-11snow/camera/right/1771971785896187904.jpg,yaw_pos_35,5,1282,D:\mipmap-lite\1fad9647-f717-4cd4-9391-11f219d7e5d1\snow\snow-20260827\result/.temp/undistort/1282.jpg,0.0,1456,2912,1039.691749,728.0,1456.0,0.8191520442889918,-9.07789260243839e-17,0.5735764363510462,-3.380495990464101e-17,1.0000000000000002,-1.207900185597255e-16,-0.5735764363510463,-9.454004240837471e-17,0.8191520442889921
173,2,G:/S1/USA/2026-02-24_16-21-11snow/camera/right/1771971716391805184.jpg,yaw_pos_35,5,1286,D:\mipmap-lite\1fad9647-f717-4cd4-9391-11f219d7e5d1\snow\snow-20260827\result/.temp/undistort/1286.jpg,0.0,1456,2912,1039.691749,728.0,1456.0,0.8191520442889917,5.723087522185767e-17,0.5735764363510462,-3.478171341909187e-17,0.9999999999999999,1.379177399260412e-16,-0.5735764363510459,1.4417884469336392e-16,0.8191520442889918
202,2,G:/S1/USA/2026-02-24_16-21-11snow/camera/right/1771971730892811008.jpg,yaw_pos_35,5,1292,D:\mipmap-lite\1fad9647-f717-4cd4-9391-11f219d7e5d1\snow\snow-20260827\result/.temp/undistort/1292.jpg,0.0,1456,2912,1039.691749,728.0,1456.0,0.8191520442889918,5.017946256801844e-17,0.573576436351046,3.4565969962187825e-17,0.9999999999999998,1.96755805920301e-17,-0.5735764363510459,6.311110587316652e-18,0.8191520442889917
229,2,G:/S1/USA/2026-02-24_16-21-11snow/camera/right/1771971744393548032.jpg,yaw_pos_35,5,1299,D:\mipmap-lite\1fad9647-f717-4cd4-9391-11f219d7e5d1\snow\snow-20260827\result/.temp/undistort/1299.jpg,0.0,1456,2912,1039.691749,728.0,1456.0,0.8191520442889918,-2.8866291641361627e-17,0.5735764363510462,3.692308299661531e-17,0.9999999999999999,-6.016726189322858e-17,-0.5735764363510459,-4.314263033102878e-17,0.8191520442889919
286,2,G:/S1/USA/2026-02-24_16-21-11snow/camera/right/1771971772895382272.jpg,yaw_pos_35,5,1316,D:\mipmap-lite\1fad9647-f717-4cd4-9391-11f219d7e5d1\snow\snow-20260827\result/.temp/undistort/1316.jpg,0.0,1456,2912,1039.691749,728.0,1456.0,0.8191520442889915,1.7321655013988827e-16,0.5735764363510457,1.1967991105778519e-17,0.9999999999999997,2.2224749576315757e-16,-0.5735764363510459,1.241112246350633e-16,0.8191520442889917
342,2,G:/S1/USA/2026-02-24_16-21-11snow/camera/right/1771971800897038080.jpg,yaw_pos_35,5,1322,D:\mipmap-lite\1fad9647-f717-4cd4-9391-11f219d7e5d1\snow\snow-20260827\result/.temp/undistort/1322.jpg,0.0,1456,2912,1039.691749,728.0,1456.0,0.8191520442889916,-1.7457622724723337e-17,0.5735764363510459,-3.4339624588331396e-17,0.9999999999999999,3.7768182321478086e-17,-0.573576436351046,5.918173013881747e-17,0.8191520442889917
174,2,G:/S1/USA/2026-02-24_16-21-11snow/camera/right/1771971716891836160.jpg,yaw_pos_35,5,1334,D:\mipmap-lite\1fad9647-f717-4cd4-9391-11f219d7e5d1\snow\snow-20260827\result/.temp/undistort/1334.jpg,0.0,1456,2912,1039.691749,728.0,1456.0,0.8191520442889919,1.5696589663688143e-17,0.573576436351046,-1.0542854566011252e-16,0.9999999999999998,1.8422102681705075e-16,-0.573576436351046,2.1062269282727568e-16,0.8191520442889916
313,2,G:/S1/USA/2026-02-24_16-21-11snow/camera/right/1771971786396216064.jpg,yaw_pos_35,5,1329,D:\mipmap-lite\1fad9647-f717-4cd4-9391-11f219d7e5d1\snow\snow-20260827\result/.temp/undistort/1329.jpg,0.0,1456,2912,1039.691749,728.0,1456.0,0.8191520442889918,1.9435989334832136e-17,0.573576436351046,-2.5510197419597974e-17,0.9999999999999998,1.5987673275833863e-16,-0.5735764363510459,2.0130799968706088e-16,0.8191520442889918
230,2,G:/S1/USA/2026-02-24_16-21-11snow/camera/right/1771971744893620992.jpg,yaw_pos_35,5,1344,D:\mipmap-lite\1fad9647-f717-4cd4-9391-11f219d7e5d1\snow\snow-20260827\result/.temp/undistort/1344.jpg,0.0,1456,2912,1039.691749,728.0,1456.0,0.8191520442889919,8.377607831097496e-17,0.5735764363510462,1.6832344209544626e-16,1.0000000000000002,-2.0469438354599e-17,-0.5735764363510463,-9.687690275749497e-17,0.819152044288992
314,2,G:/S1/USA/2026-02-24_16-21-11snow/camera/right/1771971786896185088.jpg,yaw_pos_35,5,1362,D:\mipmap-lite\1fad9647-f717-4cd4-9391-11f219d7e5d1\snow\snow-20260827\result/.temp/undistort/1362.jpg,0.0,1456,2912,1039.691749,728.0,1456.0,0.8191520442889919,-6.304786978940214e-19,0.5735764363510459,-1.3295802145021936e-16,0.9999999999999998,2.72552333912816e-16,-0.573576436351046,3.0847843659263663e-16,0.8191520442889918
203,2,G:/S1/USA/2026-02-24_16-21-11snow/camera/right/1771971731392750080.jpg,pitch_up_56,6,29,D:\mipmap-lite\1fad9647-f717-4cd4-9391-11f219d7e5d1\snow\snow-20260827\result/.temp/undistort/29.jpg,0.0,2912,1456,2308.921016,1456.0,728.0,0.9999999999999999,1.6333485596205412e-17,-1.3325375473264213e-17,7.653513359085951e-18,0.5591929034707467,-0.8290375725550415,-2.5962814791612315e-17,0.8290375725550416,0.5591929034707466
315,2,G:/S1/USA/2026-02-24_16-21-11snow/camera/right/1771971787396216064.jpg,pitch_up_56,6,30,D:\mipmap-lite\1fad9647-f717-4cd4-9391-11f219d7e5d1\snow\snow-20260827\result/.temp/undistort/30.jpg,0.0,2912,1456,2308.921016,1456.0,728.0,1.0000000000000002,-5.3484370316794125e-17,9.561204489159752e-17,-7.550070932384591e-17,0.5591929034707469,-0.8290375725550422,1.6710261952596605e-17,0.8290375725550418,0.5591929034707471
259,2,G:/S1/USA/2026-02-24_16-21-11snow/camera/right/1771971759394524160.jpg,pitch_up_56,6,31,D:\mipmap-lite\1fad9647-f717-4cd4-9391-11f219d7e5d1\snow\snow-20260827\result/.temp/undistort/31.jpg,0.0,2912,1456,2308.921016,1456.0,728.0,1.0000000000000009,1.6702719622055474e-16,3.248560245077625e-17,2.7092300430349408e-17,0.5591929034707469,-0.8290375725550418,1.4692065635724486e-16,0.829037572555042,0.5591929034707469
287,2,G:/S1/USA/2026-02-24_16-21-11snow/camera/right/1771971773395390976.jpg,pitch_up_56,6,33,D:\mipmap-lite\1fad9647-f717-4cd4-9391-11f219d7e5d1\snow\snow-20260827\result/.temp/undistort/33.jpg,0.0,2912,1456,2308.921016,1456.0,728.0,0.9999999999999999,-1.0724814937222553e-16,-1.7790348285341668e-17,-5.5078795584161997e-17,0.5591929034707467,-0.8290375725550417,-1.3203025120411433e-16,0.8290375725550418,0.559192903470747
231,2,G:/S1/USA/2026-02-24_16-21-11snow/camera/right/1771971745393670144.jpg,pitch_up_56,6,34,D:\mipmap-lite\1fad9647-f717-4cd4-9391-11f219d7e5d1\snow\snow-20260827\result/.temp/undistort/34.jpg,0.0,2912,1456,2308.921016,1456.0,728.0,0.9999999999999998,4.637157011116787e-17,3.256642495899186e-17,-5.537862215814513e-17,0.5591929034707469,-0.8290375725550417,5.1094024924708124e-17,0.8290375725550417,0.5591929034707467
175,2,G:/S1/USA/2026-02-24_16-21-11snow/camera/right/1771971717391913216.jpg,pitch_up_56,6,35,D:\mipmap-lite\1fad9647-f717-4cd4-9391-11f219d7e5d1\snow\snow-20260827\result/.temp/undistort/35.jpg,0.0,2912,1456,2308.921016,1456.0,728.0,1.0000000000000002,7.029185395941207e-17,-5.128145424620489e-17,7.053273110731021e-17,0.5591929034707468,-0.8290375725550417,3.36361474587601e-17,0.8290375725550418,0.5591929034707468
204,2,G:/S1/USA/2026-02-24_16-21-11snow/camera/right/1771971731892779008.jpg,pitch_up_56,6,77,D:\mipmap-lite\1fad9647-f717-4cd4-9391-11f219d7e5d1\snow\snow-20260827\result/.temp/undistort/77.jpg,0.0,2912,1456,2308.921016,1456.0,728.0,1.0000000000000002,-1.2148857490670296e-16,-3.7470647549170793e-17,3.403833691958441e-17,0.5591929034707468,-0.8290375725550423,-8.329804201677692e-17,0.829037572555042,0.5591929034707471
316,2,G:/S1/USA/2026-02-24_16-21-11snow/camera/right/1771971787896249088.jpg,pitch_up_56,6,81,D:\mipmap-lite\1fad9647-f717-4cd4-9391-11f219d7e5d1\snow\snow-20260827\result/.temp/undistort/81.jpg,0.0,2912,1456,2308.921016,1456.0,728.0,1.0,-2.5380117797074832e-18,-1.3187060521994275e-16,9.190918472581533e-17,0.5591929034707467,-0.8290375725550412,-9.796484723805865e-17,0.8290375725550417,0.5591929034707466
176,2,G:/S1/USA/2026-02-24_16-21-11snow/camera/right/1771971717891945216.jpg,pitch_up_56,6,83,D:\mipmap-lite\1fad9647-f717-4cd4-9391-11f219d7e5d1\snow\snow-20260827\result/.temp/undistort/83.jpg,0.0,2912,1456,2308.921016,1456.0,728.0,0.9999999999999998,4.0649431043614163e-17,7.734048021940865e-17,-6.478447442049108e-17,0.5591929034707467,-0.829037572555042,4.7590667750787174e-17,0.8290375725550418,0.5591929034707471
260,2,G:/S1/USA/2026-02-24_16-21-11snow/camera/right/1771971759894510080.jpg,pitch_up_56,6,84,D:\mipmap-lite\1fad9647-f717-4cd4-9391-11f219d7e5d1\snow\snow-20260827\result/.temp/undistort/84.jpg,0.0,2912,1456,2308.921016,1456.0,728.0,0.9999999999999999,8.477925775997336e-17,-7.609719608382024e-18,4.254291984262675e-17,0.5591929034707468,-0.8290375725550417,1.2443280955505022e-17,0.8290375725550417,0.5591929034707468
232,2,G:/S1/USA/2026-02-24_16-21-11snow/camera/right/1771971745893639936.jpg,pitch_up_56,6,85,D:\mipmap-lite\1fad9647-f717-4cd4-9391-11f219d7e5d1\snow\snow-20260827\result/.temp/undistort/85.jpg,0.0,2912,1456,2308.921016,1456.0,728.0,1.0000000000000002,1.2514717157303668e-16,-7.755315790908248e-17,8.43396073344349e-17,0.5591929034707467,-0.8290375725550417,-2.1478313429605427e-17,0.8290375725550418,0.5591929034707469
288,2,G:/S1/USA/2026-02-24_16-21-11snow/camera/right/1771971773895454208.jpg,pitch_up_56,6,87,D:\mipmap-lite\1fad9647-f717-4cd4-9391-11f219d7e5d1\snow\snow-20260827\result/.temp/undistort/87.jpg,0.0,2912,1456,2308.921016,1456.0,728.0,1.0000000000000002,5.62153605518934e-17,3.147725378339206e-17,-2.720519946836374e-18,0.5591929034707468,-0.8290375725550417,1.1035636329062277e-17,0.8290375725550415,0.5591929034707468
205,2,G:/S1/USA/2026-02-24_16-21-11snow/camera/right/1771971732392876032.jpg,pitch_up_56,6,120,D:\mipmap-lite\1fad9647-f717-4cd4-9391-11f219d7e5d1\snow\snow-20260827\result/.temp/undistort/120.jpg,0.0,2912,1456,2308.921016,1456.0,728.0,1.0,4.070261633306302e-17,-6.505916296227845e-17,6.015154036476485e-17,0.5591929034707468,-0.8290375725550418,2.4718282989207016e-18,0.8290375725550418,0.5591929034707469
317,2,G:/S1/USA/2026-02-24_16-21-11snow/camera/right/1771971788396319232.jpg,pitch_up_56,6,130,D:\mipmap-lite\1fad9647-f717-4cd4-9391-11f219d7e5d1\snow\snow-20260827\result/.temp/undistort/130.jpg,0.0,2912,1456,2308.921016,1456.0,728.0,0.9999999999999999,4.480530329583137e-17,1.796891761329444e-16,-1.1153083572049847e-16,0.5591929034707468,-0.8290375725550423,1.1336430353850407e-16,0.8290375725550417,0.5591929034707471
233,2,G:/S1/USA/2026-02-24_16-21-11snow/camera/right/1771971746393712128.jpg,pitch_up_56,6,140,D:\mipmap-lite\1fad9647-f717-4cd4-9391-11f219d7e5d1\snow\snow-20260827\result/.temp/undistort/140.jpg,0.0,2912,1456,2308.921016,1456.0,728.0,1.0000000000000002,9.969113671227808e-17,5.905256789723308e-17,1.6867602389802323e-17,0.5591929034707469,-0.8290375725550418,7.011479902410446e-17,0.8290375725550418,0.5591929034707469
289,2,G:/S1/USA/2026-02-24_16-21-11snow/camera/right/1771971774395409152.jpg,pitch_up_56,6,141,D:\mipmap-lite\1fad9647-f717-4cd4-9391-11f219d7e5d1\snow\snow-20260827\result/.temp/undistort/141.jpg,0.0,2912,1456,2308.921016,1456.0,728.0,0.9999999999999996,-1.6239754785242754e-16,-4.492837083129852e-16,3.5274080210185455e-16,0.5591929034707468,-0.8290375725550414,-3.8083737798452983e-16,0.8290375725550417,0.5591929034707466
177,2,G:/S1/USA/2026-02-24_16-21-11snow/camera/right/1771971718391987968.jpg,pitch_up_56,6,137,D:\mipmap-lite\1fad9647-f717-4cd4-9391-11f219d7e5d1\snow\snow-20260827\result/.temp/undistort/137.jpg,0.0,2912,1456,2308.921016,1456.0,728.0,1.0,3.3997489964836476e-18,1.5059872124908133e-16,-1.0886927681967027e-16,0.5591929034707467,-0.8290375725550423,9.922800312472443e-17,0.8290375725550421,0.5591929034707473
261,2,G:/S1/USA/2026-02-24_16-21-11snow/camera/right/1771971760394540032.jpg,pitch_up_56,6,139,D:\mipmap-lite\1fad9647-f717-4cd4-9391-11f219d7e5d1\snow\snow-20260827\result/.temp/undistort/139.jpg,0.0,2912,1456,2308.921016,1456.0,728.0,1.0000000000000004,6.965565760064477e-17,7.031172926160706e-17,2.1613046020077604e-17,0.5591929034707469,-0.8290375725550417,1.12208921432936e-16,0.8290375725550417,0.5591929034707468
206,2,G:/S1/USA/2026-02-24_16-21-11snow/camera/right/1771971732892840192.jpg,pitch_up_56,6,159,D:\mipmap-lite\1fad9647-f717-4cd4-9391-11f219d7e5d1\snow\snow-20260827\result/.temp/undistort/159.jpg,0.0,2912,1456,2308.921016,1456.0,728.0,0.9999999999999998,-2.8772715284092344e-17,7.800492072589331e-17,-1.148427859111756e-16,0.5591929034707468,-0.8290375725550411,5.287881778477031e-17,0.8290375725550415,0.5591929034707461
318,2,G:/S1/USA/2026-02-24_16-21-11snow/camera/right/1771971788896310016.jpg,pitch_up_56,6,178,D:\mipmap-lite\1fad9647-f717-4cd4-9391-11f219d7e5d1\snow\snow-20260827\result/.temp/undistort/178.jpg,0.0,2912,1456,2308.921016,1456.0,728.0,1.0,-9.283761984813223e-18,-6.646979689117585e-17,7.068008286959778e-17,0.5591929034707469,-0.8290375725550415,-2.0104231486450184e-17,0.8290375725550418,0.5591929034707467
234,2,G:/S1/USA/2026-02-24_16-21-11snow/camera/right/1771971746893757184.jpg,pitch_up_56,6,185,D:\mipmap-lite\1fad9647-f717-4cd4-9391-11f219d7e5d1\snow\snow-20260827\result/.temp/undistort/185.jpg,0.0,2912,1456,2308.921016,1456.0,728.0,0.9999999999999998,-3.666584976184927e-17,8.221120128066321e-17,-1.445442692308653e-17,0.5591929034707468,-0.8290375725550416,3.646075141884007e-17,0.8290375725550416,0.5591929034707467
178,2,G:/S1/USA/2026-02-24_16-21-11snow/camera/right/1771971718892028160.jpg,pitch_up_56,6,187,D:\mipmap-lite\1fad9647-f717-4cd4-9391-11f219d7e5d1\snow\snow-20260827\result/.temp/undistort/187.jpg,0.0,2912,1456,2308.921016,1456.0,728.0,1.0,6.922983831858007e-17,-2.352460691035002e-17,4.446064703622605e-17,0.5591929034707467,-0.8290375725550416,4.5528801751563585e-17,0.8290375725550418,0.5591929034707468
290,2,G:/S1/USA/2026-02-24_16-21-11snow/camera/right/1771971774895485184.jpg,pitch_up_56,6,188,D:\mipmap-lite\1fad9647-f717-4cd4-9391-11f219d7e5d1\snow\snow-20260827\result/.temp/undistort/188.jpg,0.0,2912,1456,2308.921016,1456.0,728.0,0.9999999999999994,9.805619002742135e-17,-5.049665060817182e-16,4.538632031984644e-16,0.5591929034707468,-0.8290375725550413,-2.3529117754229133e-16,0.8290375725550415,0.5591929034707463
262,2,G:/S1/USA/2026-02-24_16-21-11snow/camera/right/1771971760894633984.jpg,pitch_up_56,6,191,D:\mipmap-lite\1fad9647-f717-4cd4-9391-11f219d7e5d1\snow\snow-20260827\result/.temp/undistort/191.jpg,0.0,2912,1456,2308.921016,1456.0,728.0,0.9999999999999996,-8.871287071142007e-17,-7.629744551865531e-17,2.602895713920411e-17,0.5591929034707467,-0.8290375725550416,-7.833349743390419e-17,0.8290375725550416,0.5591929034707468
207,2,G:/S1/USA/2026-02-24_16-21-11snow/camera/right/1771971733392872192.jpg,pitch_up_56,6,211,D:\mipmap-lite\1fad9647-f717-4cd4-9391-11f219d7e5d1\snow\snow-20260827\result/.temp/undistort/211.jpg,0.0,2912,1456,2308.921016,1456.0,728.0,1.0,5.2341797402248646e-17,2.5162630598252515e-17,7.233171413138677e-18,0.5591929034707468,-0.8290375725550417,5.294931531677446e-17,0.829037572555042,0.559192903470747
319,2,G:/S1/USA/2026-02-24_16-21-11snow/camera/right/1771971789396342016.jpg,pitch_up_56,6,216,D:\mipmap-lite\1fad9647-f717-4cd4-9391-11f219d7e5d1\snow\snow-20260827\result/.temp/undistort/216.jpg,0.0,2912,1456,2308.921016,1456.0,728.0,1.0,-7.355048190125124e-17,-1.4404082584418877e-16,-2.471567220322439e-17,0.5591929034707469,-0.8290375725550414,-7.604852839642198e-17,0.8290375725550415,0.5591929034707463
235,2,G:/S1/USA/2026-02-24_16-21-11snow/camera/right/1771971747393774080.jpg,pitch_up_56,6,222,D:\mipmap-lite\1fad9647-f717-4cd4-9391-11f219d7e5d1\snow\snow-20260827\result/.temp/undistort/222.jpg,0.0,2912,1456,2308.921016,1456.0,728.0,0.9999999999999997,-7.503811979418223e-17,6.072730038040549e-17,-1.1815191221762518e-16,0.5591929034707467,-0.8290375725550414,6.782152719427386e-18,0.8290375725550418,0.5591929034707468
179,2,G:/S1/USA/2026-02-24_16-21-11snow/camera/right/1771971719392054016.jpg,pitch_up_56,6,241,D:\mipmap-lite\1fad9647-f717-4cd4-9391-11f219d7e5d1\snow\snow-20260827\result/.temp/undistort/241.jpg,0.0,2912,1456,2308.921016,1456.0,728.0,0.9999999999999998,-2.966228253068505e-17,-1.1283947850831543e-17,1.0667831984148936e-17,0.5591929034707468,-0.8290375725550416,-1.708543860627333e-17,0.8290375725550416,0.5591929034707466
263,2,G:/S1/USA/2026-02-24_16-21-11snow/camera/right/1771971761394642176.jpg,pitch_up_56,6,249,D:\mipmap-lite\1fad9647-f717-4cd4-9391-11f219d7e5d1\snow\snow-20260827\result/.temp/undistort/249.jpg,0.0,2912,1456,2308.921016,1456.0,728.0,0.9999999999999994,-8.254596313258506e-17,-7.575730824842642e-17,4.41167396369463e-17,0.5591929034707467,-0.8290375725550416,-6.486367216372769e-17,0.8290375725550416,0.5591929034707467
291,2,G:/S1/USA/2026-02-24_16-21-11snow/camera/right/1771971775395473920.jpg,pitch_up_56,6,246,D:\mipmap-lite\1fad9647-f717-4cd4-9391-11f219d7e5d1\snow\snow-20260827\result/.temp/undistort/246.jpg,0.0,2912,1456,2308.921016,1456.0,728.0,0.9999999999999998,-1.0066680829662024e-16,-3.136395572909833e-16,3.112598802534645e-16,0.5591929034707468,-0.8290375725550416,-1.7310215119924814e-16,0.8290375725550417,0.5591929034707467
208,2,G:/S1/USA/2026-02-24_16-21-11snow/camera/right/1771971733892903168.jpg,pitch_up_56,6,254,D:\mipmap-lite\1fad9647-f717-4cd4-9391-11f219d7e5d1\snow\snow-20260827\result/.temp/undistort/254.jpg,0.0,2912,1456,2308.921016,1456.0,728.0,1.0,-2.447915270860304e-16,-2.8335598456998305e-17,-9.59931210106481e-17,0.5591929034707469,-0.8290375725550418,-2.024002122049963e-16,0.8290375725550416,0.5591929034707467
320,2,G:/S1/USA/2026-02-24_16-21-11snow/camera/right/1771971789896371968.jpg,pitch_up_56,6,259,D:\mipmap-lite\1fad9647-f717-4cd4-9391-11f219d7e5d1\snow\snow-20260827\result/.temp/undistort/259.jpg,0.0,2912,1456,2308.921016,1456.0,728.0,1.0,5.25784533208923e-17,1.6862804325832858e-16,-1.2244684138106613e-16,0.5591929034707467,-0.8290375725550425,1.581646688320631e-16,0.8290375725550417,0.5591929034707473
236,2,G:/S1/USA/2026-02-24_16-21-11snow/camera/right/1771971747893806080.jpg,pitch_up_56,6,268,D:\mipmap-lite\1fad9647-f717-4cd4-9391-11f219d7e5d1\snow\snow-20260827\result/.temp/undistort/268.jpg,0.0,2912,1456,2308.921016,1456.0,728.0,0.9999999999999994,-8.005319100301974e-17,2.663551159196109e-16,-2.161530183900481e-16,0.5591929034707468,-0.8290375725550415,7.360549497539539e-17,0.8290375725550418,0.5591929034707468
180,2,G:/S1/USA/2026-02-24_16-21-11snow/camera/right/1771971719892094976.jpg,pitch_up_56,6,291,D:\mipmap-lite\1fad9647-f717-4cd4-9391-11f219d7e5d1\snow\snow-20260827\result/.temp/undistort/291.jpg,0.0,2912,1456,2308.921016,1456.0,728.0,1.0,1.8115624146180945e-17,1.0165167057153498e-16,-4.728296275466758e-17,0.5591929034707468,-0.8290375725550421,3.8233915802275095e-17,0.8290375725550418,0.5591929034707471
292,2,G:/S1/USA/2026-02-24_16-21-11snow/camera/right/1771971775895503872.jpg,pitch_up_56,6,302,D:\mipmap-lite\1fad9647-f717-4cd4-9391-11f219d7e5d1\snow\snow-20260827\result/.temp/undistort/302.jpg,0.0,2912,1456,2308.921016,1456.0,728.0,1.0,1.726867673927203e-17,1.2503846201114653e-16,-1.0543630389076931e-16,0.559192903470747,-0.829037572555042,6.439297597121672e-17,0.8290375725550418,0.5591929034707469
264,2,G:/S1/USA/2026-02-24_16-21-11snow/camera/right/1771971761894633984.jpg,pitch_up_56,6,304,D:\mipmap-lite\1fad9647-f717-4cd4-9391-11f219d7e5d1\snow\snow-20260827\result/.temp/undistort/304.jpg,0.0,2912,1456,2308.921016,1456.0,728.0,1.0,-8.403871419987643e-17,3.8014343412042665e-17,-5.95504880358636e-17,0.5591929034707468,-0.8290375725550418,-4.714195414665823e-18,0.829037572555042,0.5591929034707469
237,2,G:/S1/USA/2026-02-24_16-21-11snow/camera/right/1771971748393854976.jpg,pitch_up_56,6,307,D:\mipmap-lite\1fad9647-f717-4cd4-9391-11f219d7e5d1\snow\snow-20260827\result/.temp/undistort/307.jpg,0.0,2912,1456,2308.921016,1456.0,728.0,1.0,1.4291952893424901e-16,1.6639095638450542e-16,-2.861956411843315e-17,0.559192903470747,-0.829037572555042,1.1970701173585938e-16,0.829037572555042,0.5591929034707469
321,2,G:/S1/USA/2026-02-24_16-21-11snow/camera/right/1771971790396403968.jpg,pitch_up_56,6,310,D:\mipmap-lite\1fad9647-f717-4cd4-9391-11f219d7e5d1\snow\snow-20260827\result/.temp/undistort/310.jpg,0.0,2912,1456,2308.921016,1456.0,728.0,0.9999999999999999,9.514215908171e-18,-1.755423021327713e-16,1.1703381348458265e-16,0.5591929034707467,-0.8290375725550412,-3.9955678995627153e-17,0.8290375725550415,0.5591929034707465
209,2,G:/S1/USA/2026-02-24_16-21-11snow/camera/right/1771971734392965120.jpg,pitch_up_56,6,312,D:\mipmap-lite\1fad9647-f717-4cd4-9391-11f219d7e5d1\snow\snow-20260827\result/.temp/undistort/312.jpg,0.0,2912,1456,2308.921016,1456.0,728.0,1.0,-2.886434363790971e-17,8.056857261365721e-17,-3.535991425428561e-17,0.5591929034707466,-0.8290375725550414,-4.671326618327245e-17,0.8290375725550415,0.5591929034707466
181,2,G:/S1/USA/2026-02-24_16-21-11snow/camera/right/1771971720392114176.jpg,pitch_up_56,6,322,D:\mipmap-lite\1fad9647-f717-4cd4-9391-11f219d7e5d1\snow\snow-20260827\result/.temp/undistort/322.jpg,0.0,2912,1456,2308.921016,1456.0,728.0,1.0,-3.9134959549735256e-17,2.583340802463333e-17,-2.4278290173818792e-17,0.5591929034707469,-0.829037572555042,2.7155634796736217e-17,0.8290375725550418,0.5591929034707469
265,2,G:/S1/USA/2026-02-24_16-21-11snow/camera/right/1771971762394703104.jpg,pitch_up_56,6,339,D:\mipmap-lite\1fad9647-f717-4cd4-9391-11f219d7e5d1\snow\snow-20260827\result/.temp/undistort/339.jpg,0.0,2912,1456,2308.921016,1456.0,728.0,1.0000000000000007,3.614585069392994e-17,1.3760422091493534e-16,-8.900737950994925e-17,0.5591929034707468,-0.8290375725550418,8.395327585530305e-17,0.8290375725550421,0.559192903470747
293,2,G:/S1/USA/2026-02-24_16-21-11snow/camera/right/1771971776395576832.jpg,pitch_up_56,6,348,D:\mipmap-lite\1fad9647-f717-4cd4-9391-11f219d7e5d1\snow\snow-20260827\result/.temp/undistort/348.jpg,0.0,2912,1456,2308.921016,1456.0,728.0,1.0000000000000002,7.268943658256028e-17,2.3277572865211453e-16,-1.7162585960096304e-16,0.5591929034707467,-0.8290375725550421,1.43156456350595e-16,0.8290375725550416,0.559192903470747
238,2,G:/S1/USA/2026-02-24_16-21-11snow/camera/right/1771971748893825024.jpg,pitch_up_56,6,354,D:\mipmap-lite\1fad9647-f717-4cd4-9391-11f219d7e5d1\snow\snow-20260827\result/.temp/undistort/354.jpg,0.0,2912,1456,2308.921016,1456.0,728.0,1.0000000000000002,5.54322251939723e-17,-5.3187709841112074e-17,1.0574903042672312e-16,0.5591929034707468,-0.8290375725550417,-3.77996863008621e-17,0.8290375725550417,0.5591929034707468
210,2,G:/S1/USA/2026-02-24_16-21-11snow/camera/right/1771971734892963072.jpg,pitch_up_56,6,365,D:\mipmap-lite\1fad9647-f717-4cd4-9391-11f219d7e5d1\snow\snow-20260827\result/.temp/undistort/365.jpg,0.0,2912,1456,2308.921016,1456.0,728.0,1.0,9.658069858627604e-17,-4.2178323483516446e-17,7.936255935383694e-17,0.5591929034707466,-0.8290375725550421,1.0981783183669604e-16,0.8290375725550416,0.559192903470747
182,2,G:/S1/USA/2026-02-24_16-21-11snow/camera/right/1771971720892096000.jpg,pitch_up_56,6,369,D:\mipmap-lite\1fad9647-f717-4cd4-9391-11f219d7e5d1\snow\snow-20260827\result/.temp/undistort/369.jpg,0.0,2912,1456,2308.921016,1456.0,728.0,1.0,4.345914949352537e-19,6.579338031533438e-17,-5.102679941036706e-17,0.5591929034707465,-0.8290375725550422,4.5945298094360127e-17,0.8290375725550415,0.5591929034707472
322,2,G:/S1/USA/2026-02-24_16-21-11snow/camera/right/1771971790896434944.jpg,pitch_up_56,6,372,D:\mipmap-lite\1fad9647-f717-4cd4-9391-11f219d7e5d1\snow\snow-20260827\result/.temp/undistort/372.jpg,0.0,2912,1456,2308.921016,1456.0,728.0,0.9999999999999998,-8.786103890251379e-17,-4.088974301751586e-18,4.561257148231135e-18,0.5591929034707466,-0.8290375725550411,-6.052727579842736e-17,0.8290375725550416,0.5591929034707465
266,2,G:/S1/USA/2026-02-24_16-21-11snow/camera/right/1771971762894790144.jpg,pitch_up_56,6,392,D:\mipmap-lite\1fad9647-f717-4cd4-9391-11f219d7e5d1\snow\snow-20260827\result/.temp/undistort/392.jpg,0.0,2912,1456,2308.921016,1456.0,728.0,1.0,-4.125904053383744e-17,-1.0594782699762936e-16,1.2834843679980096e-17,0.5591929034707468,-0.8290375725550416,-4.50964728454659e-17,0.8290375725550417,0.5591929034707468
294,2,G:/S1/USA/2026-02-24_16-21-11snow/camera/right/1771971776895569152.jpg,pitch_up_56,6,399,D:\mipmap-lite\1fad9647-f717-4cd4-9391-11f219d7e5d1\snow\snow-20260827\result/.temp/undistort/399.jpg,0.0,2912,1456,2308.921016,1456.0,728.0,1.0000000000000002,-3.5473775348412225e-17,2.5135841073224894e-16,-1.6472876780566624e-16,0.5591929034707467,-0.8290375725550418,1.248732806441117e-16,0.8290375725550418,0.559192903470747
211,2,G:/S1/USA/2026-02-24_16-21-11snow/camera/right/1771971735393048064.jpg,pitch_up_56,6,402,D:\mipmap-lite\1fad9647-f717-4cd4-9391-11f219d7e5d1\snow\snow-20260827\result/.temp/undistort/402.jpg,0.0,2912,1456,2308.921016,1456.0,728.0,0.9999999999999999,-3.86174691697145e-17,-2.4903777031003955e-17,-4.878537830538781e-18,0.5591929034707469,-0.8290375725550415,2.3924460997094617e-17,0.8290375725550417,0.5591929034707466
239,2,G:/S1/USA/2026-02-24_16-21-11snow/camera/right/1771971749393857024.jpg,pitch_up_56,6,404,D:\mipmap-lite\1fad9647-f717-4cd4-9391-11f219d7e5d1\snow\snow-20260827\result/.temp/undistort/404.jpg,0.0,2912,1456,2308.921016,1456.0,728.0,0.9999999999999998,-3.0925053677574577e-17,1.860602139249282e-16,-1.009678036774842e-16,0.5591929034707468,-0.8290375725550416,4.645014306920354e-17,0.8290375725550416,0.5591929034707467
323,2,G:/S1/USA/2026-02-24_16-21-11snow/camera/right/1771971791396465920.jpg,pitch_up_56,6,418,D:\mipmap-lite\1fad9647-f717-4cd4-9391-11f219d7e5d1\snow\snow-20260827\result/.temp/undistort/418.jpg,0.0,2912,1456,2308.921016,1456.0,728.0,1.0,-4.0907978787472966e-17,-2.4445443838010126e-17,1.866024051048551e-18,0.5591929034707468,-0.8290375725550416,-4.67101679899356e-17,0.8290375725550416,0.5591929034707467
183,2,G:/S1/USA/2026-02-24_16-21-11snow/camera/right/1771971721392131072.jpg,pitch_up_56,6,421,D:\mipmap-lite\1fad9647-f717-4cd4-9391-11f219d7e5d1\snow\snow-20260827\result/.temp/undistort/421.jpg,0.0,2912,1456,2308.921016,1456.0,728.0,0.9999999999999999,1.332223945379565e-17,2.196087966869633e-18,2.9287176577767355e-18,0.5591929034707468,-0.8290375725550415,7.813116910278529e-18,0.8290375725550417,0.5591929034707468
267,2,G:/S1/USA/2026-02-24_16-21-11snow/camera/right/1771971763394736896.jpg,pitch_up_56,6,438,D:\mipmap-lite\1fad9647-f717-4cd4-9391-11f219d7e5d1\snow\snow-20260827\result/.temp/undistort/438.jpg,0.0,2912,1456,2308.921016,1456.0,728.0,1.0,1.2748998541915989e-17,3.683100887869907e-17,-5.948860300195196e-17,0.5591929034707468,-0.8290375725550418,5.1924066667492526e-17,0.8290375725550418,0.5591929034707468
324,2,G:/S1/USA/2026-02-24_16-21-11snow/camera/right/1771971791896548864.jpg,pitch_up_56,6,453,D:\mipmap-lite\1fad9647-f717-4cd4-9391-11f219d7e5d1\snow\snow-20260827\result/.temp/undistort/453.jpg,0.0,2912,1456,2308.921016,1456.0,728.0,1.0,-5.743377670796682e-17,-3.8740985305897995e-18,-1.573249585906677e-17,0.5591929034707468,-0.829037572555042,-4.2235448139467614e-17,0.8290375725550416,0.5591929034707467
240,2,G:/S1/USA/2026-02-24_16-21-11snow/camera/right/1771971749893970944.jpg,pitch_up_56,6,449,D:\mipmap-lite\1fad9647-f717-4cd4-9391-11f219d7e5d1\snow\snow-20260827\result/.temp/undistort/449.jpg,0.0,2912,1456,2308.921016,1456.0,728.0,1.0000000000000002,1.3790180815681106e-16,-5.89642004331618e-17,1.064010185591264e-16,0.5591929034707467,-0.8290375725550418,2.8581602010295126e-17,0.8290375725550417,0.5591929034707469
295,2,G:/S1/USA/2026-02-24_16-21-11snow/camera/right/1771971777395597056.jpg,pitch_up_56,6,450,D:\mipmap-lite\1fad9647-f717-4cd4-9391-11f219d7e5d1\snow\snow-20260827\result/.temp/undistort/450.jpg,0.0,2912,1456,2308.921016,1456.0,728.0,1.0000000000000004,-4.327774123118187e-17,2.153666282425212e-16,-2.1273261561002844e-16,0.5591929034707467,-0.8290375725550422,4.081701780435783e-17,0.8290375725550417,0.5591929034707472
212,2,G:/S1/USA/2026-02-24_16-21-11snow/camera/right/1771971735893026048.jpg,pitch_up_56,6,455,D:\mipmap-lite\1fad9647-f717-4cd4-9391-11f219d7e5d1\snow\snow-20260827\result/.temp/undistort/455.jpg,0.0,2912,1456,2308.921016,1456.0,728.0,1.0000000000000002,-8.675171067473952e-17,-1.390295155398786e-16,5.933304340950521e-17,0.5591929034707467,-0.829037572555042,-1.47918769255203e-16,0.8290375725550418,0.559192903470747
184,2,G:/S1/USA/2026-02-24_16-21-11snow/camera/right/1771971721892205056.jpg,pitch_up_56,6,471,D:\mipmap-lite\1fad9647-f717-4cd4-9391-11f219d7e5d1\snow\snow-20260827\result/.temp/undistort/471.jpg,0.0,2912,1456,2308.921016,1456.0,728.0,1.0000000000000002,2.158540313728008e-17,-5.605790174663455e-17,4.01105889189675e-17,0.559192903470747,-0.8290375725550414,-5.17857743542831e-19,0.8290375725550418,0.5591929034707465
241,2,G:/S1/USA/2026-02-24_16-21-11snow/camera/right/1771971750393960960.jpg,pitch_up_56,6,494,D:\mipmap-lite\1fad9647-f717-4cd4-9391-11f219d7e5d1\snow\snow-20260827\result/.temp/undistort/494.jpg,0.0,2912,1456,2308.921016,1456.0,728.0,0.9999999999999997,-9.881420017175386e-17,2.2665974848873076e-17,-9.896034879955864e-17,0.5591929034707467,-0.8290375725550416,-1.775630056693922e-17,0.8290375725550416,0.5591929034707468
325,2,G:/S1/USA/2026-02-24_16-21-11snow/camera/right/1771971792396527104.jpg,pitch_up_56,6,496,D:\mipmap-lite\1fad9647-f717-4cd4-9391-11f219d7e5d1\snow\snow-20260827\result/.temp/undistort/496.jpg,0.0,2912,1456,2308.921016,1456.0,728.0,0.9999999999999999,9.075995191143313e-18,-1.2653884112474232e-16,1.2042102938989222e-16,0.5591929034707469,-0.8290375725550412,-4.9076227139414776e-17,0.8290375725550418,0.5591929034707463
268,2,G:/S1/USA/2026-02-24_16-21-11snow/camera/right/1771971763894755072.jpg,pitch_up_56,6,497,D:\mipmap-lite\1fad9647-f717-4cd4-9391-11f219d7e5d1\snow\snow-20260827\result/.temp/undistort/497.jpg,0.0,2912,1456,2308.921016,1456.0,728.0,0.9999999999999992,-1.0243931822720035e-16,-1.3286663110841672e-16,5.0124411263215203e-17,0.5591929034707466,-0.8290375725550416,-1.9253944054222978e-16,0.8290375725550414,0.5591929034707466
296,2,G:/S1/USA/2026-02-24_16-21-11snow/camera/right/1771971777895629056.jpg,pitch_up_56,6,499,D:\mipmap-lite\1fad9647-f717-4cd4-9391-11f219d7e5d1\snow\snow-20260827\result/.temp/undistort/499.jpg,0.0,2912,1456,2308.921016,1456.0,728.0,1.0000000000000004,-2.773311221618783e-17,5.205253324694319e-16,-3.7197605943782424e-16,0.5591929034707469,-0.8290375725550423,2.7949125551044665e-16,0.8290375725550417,0.5591929034707471
213,2,G:/S1/USA/2026-02-24_16-21-11snow/camera/right/1771971736393105152.jpg,pitch_up_56,6,507,D:\mipmap-lite\1fad9647-f717-4cd4-9391-11f219d7e5d1\snow\snow-20260827\result/.temp/undistort/507.jpg,0.0,2912,1456,2308.921016,1456.0,728.0,0.9999999999999999,-9.052508924734368e-17,3.843499702207513e-17,-3.614658976530681e-17,0.5591929034707468,-0.8290375725550416,-7.324422041881534e-17,0.8290375725550418,0.5591929034707468
185,2,G:/S1/USA/2026-02-24_16-21-11snow/camera/right/1771971722392207104.jpg,pitch_up_56,6,521,D:\mipmap-lite\1fad9647-f717-4cd4-9391-11f219d7e5d1\snow\snow-20260827\result/.temp/undistort/521.jpg,0.0,2912,1456,2308.921016,1456.0,728.0,0.9999999999999999,2.4759498379542252e-17,9.358059221713161e-17,1.6328958706091935e-18,0.5591929034707467,-0.8290375725550418,2.7090224345467266e-17,0.8290375725550416,0.5591929034707471
269,2,G:/S1/USA/2026-02-24_16-21-11snow/camera/right/1771971764394857216.jpg,pitch_up_56,6,540,D:\mipmap-lite\1fad9647-f717-4cd4-9391-11f219d7e5d1\snow\snow-20260827\result/.temp/undistort/540.jpg,0.0,2912,1456,2308.921016,1456.0,728.0,1.0000000000000002,6.436858430001758e-18,1.2577583632568831e-17,-3.787171439418317e-17,0.5591929034707468,-0.8290375725550417,3.6876924126213183e-17,0.8290375725550418,0.5591929034707469
326,2,G:/S1/USA/2026-02-24_16-21-11snow/camera/right/1771971792896600064.jpg,pitch_up_56,6,544,D:\mipmap-lite\1fad9647-f717-4cd4-9391-11f219d7e5d1\snow\snow-20260827\result/.temp/undistort/544.jpg,0.0,2912,1456,2308.921016,1456.0,728.0,1.0,-3.8527535166378463e-17,-3.501577827943828e-17,2.8055692278594495e-17,0.5591929034707468,-0.8290375725550415,1.1129190757672297e-17,0.8290375725550417,0.5591929034707466
242,2,G:/S1/USA/2026-02-24_16-21-11snow/camera/right/1771971750893999104.jpg,pitch_up_56,6,546,D:\mipmap-lite\1fad9647-f717-4cd4-9391-11f219d7e5d1\snow\snow-20260827\result/.temp/undistort/546.jpg,0.0,2912,1456,2308.921016,1456.0,728.0,0.9999999999999999,-1.2701527171930004e-17,2.130944088448738e-18,4.779877107629476e-17,0.5591929034707467,-0.8290375725550416,-3.416930777968114e-17,0.8290375725550416,0.5591929034707467
214,2,G:/S1/USA/2026-02-24_16-21-11snow/camera/right/1771971736893154048.jpg,pitch_up_56,6,558,D:\mipmap-lite\1fad9647-f717-4cd4-9391-11f219d7e5d1\snow\snow-20260827\result/.temp/undistort/558.jpg,0.0,2912,1456,2308.921016,1456.0,728.0,0.9999999999999998,2.4445350518914682e-17,-3.8875756391386865e-17,2.3875942146638493e-17,0.5591929034707468,-0.8290375725550415,-3.692100331002589e-17,0.8290375725550417,0.5591929034707467
297,2,G:/S1/USA/2026-02-24_16-21-11snow/camera/right/1771971778395711232.jpg,pitch_up_56,6,559,D:\mipmap-lite\1fad9647-f717-4cd4-9391-11f219d7e5d1\snow\snow-20260827\result/.temp/undistort/559.jpg,0.0,2912,1456,2308.921016,1456.0,728.0,1.0,-7.918620377094288e-18,-7.019843213476232e-17,1.5428670467508628e-16,0.5591929034707469,-0.8290375725550417,-1.4595342106917593e-17,0.829037572555042,0.5591929034707469
186,2,G:/S1/USA/2026-02-24_16-21-11snow/camera/right/1771971722892271104.jpg,pitch_up_56,6,573,D:\mipmap-lite\1fad9647-f717-4cd4-9391-11f219d7e5d1\snow\snow-20260827\result/.temp/undistort/573.jpg,0.0,2912,1456,2308.921016,1456.0,728.0,1.0,-2.7522597812074288e-17,8.588860008227087e-17,-1.3143102701371597e-17,0.5591929034707468,-0.8290375725550421,-1.3144741473176145e-17,0.8290375725550417,0.5591929034707469
270,2,G:/S1/USA/2026-02-24_16-21-11snow/camera/right/1771971764894881024.jpg,pitch_up_56,6,584,D:\mipmap-lite\1fad9647-f717-4cd4-9391-11f219d7e5d1\snow\snow-20260827\result/.temp/undistort/584.jpg,0.0,2912,1456,2308.921016,1456.0,728.0,0.9999999999999998,-2.0526620627209232e-16,-1.3516632112848466e-16,-1.2773197735194281e-17,0.5591929034707468,-0.8290375725550417,-2.2969702141430613e-16,0.829037572555042,0.5591929034707468
327,2,G:/S1/USA/2026-02-24_16-21-11snow/camera/right/1771971793396584960.jpg,pitch_up_56,6,587,D:\mipmap-lite\1fad9647-f717-4cd4-9391-11f219d7e5d1\snow\snow-20260827\result/.temp/undistort/587.jpg,0.0,2912,1456,2308.921016,1456.0,728.0,1.0,-3.3044257889802465e-17,7.349466184369912e-19,-2.485909212269593e-17,0.5591929034707467,-0.8290375725550414,-3.9841111354871016e-17,0.8290375725550417,0.5591929034707467
243,2,G:/S1/USA/2026-02-24_16-21-11snow/camera/right/1771971751394073856.jpg,pitch_up_56,6,597,D:\mipmap-lite\1fad9647-f717-4cd4-9391-11f219d7e5d1\snow\snow-20260827\result/.temp/undistort/597.jpg,0.0,2912,1456,2308.921016,1456.0,728.0,1.0,-1.2513767268311988e-16,3.0173821172955248e-18,-7.347001726413542e-17,0.5591929034707468,-0.8290375725550418,-7.366540438508517e-17,0.8290375725550418,0.5591929034707469
215,2,G:/S1/USA/2026-02-24_16-21-11snow/camera/right/1771971737393169152.jpg,pitch_up_56,6,603,D:\mipmap-lite\1fad9647-f717-4cd4-9391-11f219d7e5d1\snow\snow-20260827\result/.temp/undistort/603.jpg,0.0,2912,1456,2308.921016,1456.0,728.0,0.9999999999999998,3.800110256379459e-17,-1.0163990823941708e-16,8.581934694137247e-17,0.5591929034707468,-0.8290375725550421,2.5377003877480985e-17,0.8290375725550415,0.5591929034707469
298,2,G:/S1/USA/2026-02-24_16-21-11snow/camera/right/1771971778895693056.jpg,pitch_up_56,6,614,D:\mipmap-lite\1fad9647-f717-4cd4-9391-11f219d7e5d1\snow\snow-20260827\result/.temp/undistort/614.jpg,0.0,2912,1456,2308.921016,1456.0,728.0,1.0000000000000002,2.437953244556683e-16,4.2984789238995924e-16,-2.414684986820158e-16,0.5591929034707468,-0.8290375725550425,4.2772881908234904e-16,0.8290375725550418,0.5591929034707473
187,2,G:/S1/USA/2026-02-24_16-21-11snow/camera/right/1771971723392300032.jpg,pitch_up_56,6,619,D:\mipmap-lite\1fad9647-f717-4cd4-9391-11f219d7e5d1\snow\snow-20260827\result/.temp/undistort/619.jpg,0.0,2912,1456,2308.921016,1456.0,728.0,1.0,2.535277464995737e-17,9.582637473911136e-17,-4.0146882824595004e-17,0.5591929034707467,-0.8290375725550423,9.853599656310299e-17,0.8290375725550415,0.5591929034707472
271,2,G:/S1/USA/2026-02-24_16-21-11snow/camera/right/1771971765394916096.jpg,pitch_up_56,6,632,D:\mipmap-lite\1fad9647-f717-4cd4-9391-11f219d7e5d1\snow\snow-20260827\result/.temp/undistort/632.jpg,0.0,2912,1456,2308.921016,1456.0,728.0,1.0000000000000013,2.975049609915242e-16,3.9407534589859425e-16,-2.068302009557963e-16,0.5591929034707469,-0.8290375725550421,4.867404386820041e-16,0.829037572555042,0.559192903470747
328,2,G:/S1/USA/2026-02-24_16-21-11snow/camera/right/1771971793896613120.jpg,pitch_up_56,6,634,D:\mipmap-lite\1fad9647-f717-4cd4-9391-11f219d7e5d1\snow\snow-20260827\result/.temp/undistort/634.jpg,0.0,2912,1456,2308.921016,1456.0,728.0,1.0,5.1411593459326625e-17,-1.2138045147199136e-17,3.455354390720823e-17,0.5591929034707467,-0.8290375725550417,2.532862965259544e-17,0.8290375725550417,0.5591929034707468
244,2,G:/S1/USA/2026-02-24_16-21-11snow/camera/right/1771971751894054144.jpg,pitch_up_56,6,642,D:\mipmap-lite\1fad9647-f717-4cd4-9391-11f219d7e5d1\snow\snow-20260827\result/.temp/undistort/642.jpg,0.0,2912,1456,2308.921016,1456.0,728.0,0.9999999999999999,-1.0848796309703633e-16,5.891716948925633e-17,-6.309357654720055e-17,0.559192903470747,-0.8290375725550418,-5.626818525393484e-17,0.8290375725550418,0.5591929034707469
216,2,G:/S1/USA/2026-02-24_16-21-11snow/camera/right/1771971737893212928.jpg,pitch_up_56,6,660,D:\mipmap-lite\1fad9647-f717-4cd4-9391-11f219d7e5d1\snow\snow-20260827\result/.temp/undistort/660.jpg,0.0,2912,1456,2308.921016,1456.0,728.0,0.9999999999999999,-1.9714586477890444e-17,-1.1470779001487624e-16,1.5868534918720234e-16,0.5591929034707468,-0.829037572555042,-6.708370303452021e-17,0.8290375725550417,0.559192903470747
299,2,G:/S1/USA/2026-02-24_16-21-11snow/camera/right/1771971779395720960.jpg,pitch_up_56,6,664,D:\mipmap-lite\1fad9647-f717-4cd4-9391-11f219d7e5d1\snow\snow-20260827\result/.temp/undistort/664.jpg,0.0,2912,1456,2308.921016,1456.0,728.0,0.9999999999999999,1.005867460013977e-16,1.0478422111173297e-16,-5.957488675884975e-17,0.5591929034707467,-0.8290375725550421,1.1751975158441444e-16,0.8290375725550415,0.5591929034707469
329,2,G:/S1/USA/2026-02-24_16-21-11snow/camera/right/1771971794396642048.jpg,pitch_up_56,6,674,D:\mipmap-lite\1fad9647-f717-4cd4-9391-11f219d7e5d1\snow\snow-20260827\result/.temp/undistort/674.jpg,0.0,2912,1456,2308.921016,1456.0,728.0,0.9999999999999999,5.848105650699609e-17,-1.6558493174449307e-17,4.4172604039195537e-17,0.5591929034707467,-0.8290375725550423,1.170290759875951e-17,0.8290375725550415,0.5591929034707472
188,2,G:/S1/USA/2026-02-24_16-21-11snow/camera/right/1771971723892352000.jpg,pitch_up_56,6,675,D:\mipmap-lite\1fad9647-f717-4cd4-9391-11f219d7e5d1\snow\snow-20260827\result/.temp/undistort/675.jpg,0.0,2912,1456,2308.921016,1456.0,728.0,1.0,-6.741570030976586e-17,-4.229911159574122e-17,6.572857556855832e-17,0.559192903470747,-0.8290375725550414,-1.1143775814813162e-16,0.829037572555042,0.5591929034707465
272,2,G:/S1/USA/2026-02-24_16-21-11snow/camera/right/1771971765894937088.jpg,pitch_up_56,6,680,D:\mipmap-lite\1fad9647-f717-4cd4-9391-11f219d7e5d1\snow\snow-20260827\result/.temp/undistort/680.jpg,0.0,2912,1456,2308.921016,1456.0,728.0,1.0000000000000002,-1.2466768148856089e-17,9.440889814851342e-17,-9.653124542230299e-17,0.5591929034707469,-0.8290375725550418,8.25529718230973e-17,0.8290375725550418,0.5591929034707468
245,2,G:/S1/USA/2026-02-24_16-21-11snow/camera/right/1771971752394093056.jpg,pitch_up_56,6,688,D:\mipmap-lite\1fad9647-f717-4cd4-9391-11f219d7e5d1\snow\snow-20260827\result/.temp/undistort/688.jpg,0.0,2912,1456,2308.921016,1456.0,728.0,1.0000000000000002,6.489688982089105e-18,-3.531235275442994e-17,1.2792839080302444e-16,0.5591929034707469,-0.8290375725550418,1.507535097238003e-17,0.8290375725550416,0.5591929034707469
300,2,G:/S1/USA/2026-02-24_16-21-11snow/camera/right/1771971779895805952.jpg,pitch_up_56,6,714,D:\mipmap-lite\1fad9647-f717-4cd4-9391-11f219d7e5d1\snow\snow-20260827\result/.temp/undistort/714.jpg,0.0,2912,1456,2308.921016,1456.0,728.0,1.0,5.1255240348196326e-17,4.381707587387526e-17,-5.4515322305013134e-17,0.5591929034707469,-0.8290375725550416,4.4972701826125717e-17,0.829037572555042,0.5591929034707466
217,2,G:/S1/USA/2026-02-24_16-21-11snow/camera/right/1771971738393233152.jpg,pitch_up_56,6,719,D:\mipmap-lite\1fad9647-f717-4cd4-9391-11f219d7e5d1\snow\snow-20260827\result/.temp/undistort/719.jpg,0.0,2912,1456,2308.921016,1456.0,728.0,0.9999999999999998,1.17901131443876e-16,2.206936170458004e-16,-1.6291473690303804e-16,0.5591929034707467,-0.8290375725550406,2.0622824877092697e-16,0.8290375725550415,0.5591929034707459
273,2,G:/S1/USA/2026-02-24_16-21-11snow/camera/right/1771971766394962176.jpg,pitch_up_56,6,729,D:\mipmap-lite\1fad9647-f717-4cd4-9391-11f219d7e5d1\snow\snow-20260827\result/.temp/undistort/729.jpg,0.0,2912,1456,2308.921016,1456.0,728.0,1.0000000000000007,3.948211090628951e-17,2.1538926896037446e-16,-1.6904836244302598e-16,0.5591929034707469,-0.829037572555042,2.273622428978369e-16,0.8290375725550418,0.559192903470747
189,2,G:/S1/USA/2026-02-24_16-21-11snow/camera/right/1771971724392368128.jpg,pitch_up_56,6,721,D:\mipmap-lite\1fad9647-f717-4cd4-9391-11f219d7e5d1\snow\snow-20260827\result/.temp/undistort/721.jpg,0.0,2912,1456,2308.921016,1456.0,728.0,1.0000000000000002,4.6144499629337704e-18,-8.569897728881082e-17,7.068133324981629e-17,0.5591929034707467,-0.8290375725550413,-4.199135982365682e-18,0.8290375725550417,0.5591929034707467
246,2,G:/S1/USA/2026-02-24_16-21-11snow/camera/right/1771971752894077184.jpg,pitch_up_56,6,723,D:\mipmap-lite\1fad9647-f717-4cd4-9391-11f219d7e5d1\snow\snow-20260827\result/.temp/undistort/723.jpg,0.0,2912,1456,2308.921016,1456.0,728.0,1.0,9.296142063418483e-17,-5.4807279836779225e-17,1.4171312922022733e-16,0.5591929034707468,-0.8290375725550418,3.175851465459736e-17,0.829037572555042,0.5591929034707468
330,2,G:/S1/USA/2026-02-24_16-21-11snow/camera/right/1771971794896672000.jpg,pitch_up_56,6,728,D:\mipmap-lite\1fad9647-f717-4cd4-9391-11f219d7e5d1\snow\snow-20260827\result/.temp/undistort/728.jpg,0.0,2912,1456,2308.921016,1456.0,728.0,0.9999999999999999,3.6703416053948305e-17,-1.6637810221999385e-17,2.2466558022309023e-17,0.5591929034707468,-0.8290375725550413,2.958316637812431e-17,0.8290375725550415,0.5591929034707466
274,2,G:/S1/USA/2026-02-24_16-21-11snow/camera/right/1771971766894993920.jpg,pitch_up_56,6,761,D:\mipmap-lite\1fad9647-f717-4cd4-9391-11f219d7e5d1\snow\snow-20260827\result/.temp/undistort/761.jpg,0.0,2912,1456,2308.921016,1456.0,728.0,1.0,-3.678439935055308e-17,-6.708924473146446e-17,1.7937756329802216e-17,0.5591929034707469,-0.8290375725550418,-1.1755868134231223e-16,0.829037572555042,0.5591929034707469
301,2,G:/S1/USA/2026-02-24_16-21-11snow/camera/right/1771971780395783168.jpg,pitch_up_56,6,769,D:\mipmap-lite\1fad9647-f717-4cd4-9391-11f219d7e5d1\snow\snow-20260827\result/.temp/undistort/769.jpg,0.0,2912,1456,2308.921016,1456.0,728.0,1.0000000000000002,1.4506927666540184e-16,-1.429873191465089e-16,1.6378492822277852e-16,0.5591929034707469,-0.8290375725550417,1.0198822532001055e-17,0.8290375725550418,0.5591929034707467
218,2,G:/S1/USA/2026-02-24_16-21-11snow/camera/right/1771971738893212928.jpg,pitch_up_56,6,765,D:\mipmap-lite\1fad9647-f717-4cd4-9391-11f219d7e5d1\snow\snow-20260827\result/.temp/undistort/765.jpg,0.0,2912,1456,2308.921016,1456.0,728.0,1.0,-3.617359965064142e-17,2.596680697866013e-16,-1.5185196105412553e-16,0.559192903470747,-0.8290375725550416,3.368012986312076e-17,0.8290375725550418,0.5591929034707466
190,2,G:/S1/USA/2026-02-24_16-21-11snow/camera/right/1771971724892354048.jpg,pitch_up_56,6,773,D:\mipmap-lite\1fad9647-f717-4cd4-9391-11f219d7e5d1\snow\snow-20260827\result/.temp/undistort/773.jpg,0.0,2912,1456,2308.921016,1456.0,728.0,1.0000000000000002,-2.599504456125556e-17,-1.491568689028489e-17,-4.676294352399107e-17,0.5591929034707468,-0.8290375725550422,6.5178869174361074e-18,0.8290375725550416,0.559192903470747
331,2,G:/S1/USA/2026-02-24_16-21-11snow/camera/right/1771971795396772096.jpg,pitch_up_56,6,778,D:\mipmap-lite\1fad9647-f717-4cd4-9391-11f219d7e5d1\snow\snow-20260827\result/.temp/undistort/778.jpg,0.0,2912,1456,2308.921016,1456.0,728.0,1.0,8.95836781709323e-17,1.280484170134375e-16,-6.696446520624699e-17,0.5591929034707469,-0.8290375725550416,1.5568443940537414e-16,0.8290375725550418,0.5591929034707467
247,2,G:/S1/USA/2026-02-24_16-21-11snow/camera/right/1771971753394166016.jpg,pitch_up_56,6,783,D:\mipmap-lite\1fad9647-f717-4cd4-9391-11f219d7e5d1\snow\snow-20260827\result/.temp/undistort/783.jpg,0.0,2912,1456,2308.921016,1456.0,728.0,1.0000000000000002,1.2828799578324143e-16,-1.144801769282472e-16,1.695134152339767e-16,0.5591929034707467,-0.8290375725550418,-2.725589083302961e-17,0.8290375725550418,0.5591929034707468
275,2,G:/S1/USA/2026-02-24_16-21-11snow/camera/right/1771971767394973952.jpg,pitch_up_56,6,806,D:\mipmap-lite\1fad9647-f717-4cd4-9391-11f219d7e5d1\snow\snow-20260827\result/.temp/undistort/806.jpg,0.0,2912,1456,2308.921016,1456.0,728.0,0.9999999999999998,-1.324222841380854e-16,-3.119578228675225e-16,1.3106521573432385e-16,0.5591929034707467,-0.8290375725550415,-3.0486594342041377e-16,0.8290375725550416,0.5591929034707467
302,2,G:/S1/USA/2026-02-24_16-21-11snow/camera/right/1771971780895814144.jpg,pitch_up_56,6,811,D:\mipmap-lite\1fad9647-f717-4cd4-9391-11f219d7e5d1\snow\snow-20260827\result/.temp/undistort/811.jpg,0.0,2912,1456,2308.921016,1456.0,728.0,0.9999999999999998,-4.142243863137476e-17,4.5006585964397545e-18,-2.0058290003980647e-17,0.5591929034707468,-0.8290375725550415,-2.6471799787124336e-17,0.8290375725550416,0.5591929034707467
191,2,G:/S1/USA/2026-02-24_16-21-11snow/camera/right/1771971725392424960.jpg,pitch_up_56,6,816,D:\mipmap-lite\1fad9647-f717-4cd4-9391-11f219d7e5d1\snow\snow-20260827\result/.temp/undistort/816.jpg,0.0,2912,1456,2308.921016,1456.0,728.0,1.0,3.698787096949329e-17,-7.985372457096573e-18,5.226764960970476e-17,0.5591929034707469,-0.8290375725550416,-2.8960489597368165e-18,0.829037572555042,0.5591929034707467
219,2,G:/S1/USA/2026-02-24_16-21-11snow/camera/right/1771971739393289216.jpg,pitch_up_56,6,820,D:\mipmap-lite\1fad9647-f717-4cd4-9391-11f219d7e5d1\snow\snow-20260827\result/.temp/undistort/820.jpg,0.0,2912,1456,2308.921016,1456.0,728.0,1.0,-5.114668962223682e-17,-7.467600812742565e-17,2.0864227488350045e-17,0.5591929034707467,-0.8290375725550417,-4.4641816769834817e-17,0.8290375725550417,0.5591929034707469
248,2,G:/S1/USA/2026-02-24_16-21-11snow/camera/right/1771971753894134016.jpg,pitch_up_56,6,829,D:\mipmap-lite\1fad9647-f717-4cd4-9391-11f219d7e5d1\snow\snow-20260827\result/.temp/undistort/829.jpg,0.0,2912,1456,2308.921016,1456.0,728.0,0.9999999999999993,-1.4629135890758567e-16,2.21377218715403e-16,-3.059926532702421e-16,0.5591929034707467,-0.8290375725550416,1.7888344735877254e-17,0.8290375725550416,0.5591929034707468
332,2,G:/S1/USA/2026-02-24_16-21-11snow/camera/right/1771971795896733952.jpg,pitch_up_56,6,832,D:\mipmap-lite\1fad9647-f717-4cd4-9391-11f219d7e5d1\snow\snow-20260827\result/.temp/undistort/832.jpg,0.0,2912,1456,2308.921016,1456.0,728.0,1.0000000000000002,5.5164095085105305e-17,-1.5416743098661326e-16,1.692840472597977e-16,0.559192903470747,-0.8290375725550427,-1.2082203295992872e-16,0.829037572555042,0.5591929034707475
303,2,G:/S1/USA/2026-02-24_16-21-11snow/camera/right/1771971781395843072.jpg,pitch_up_56,6,851,D:\mipmap-lite\1fad9647-f717-4cd4-9391-11f219d7e5d1\snow\snow-20260827\result/.temp/undistort/851.jpg,0.0,2912,1456,2308.921016,1456.0,728.0,1.0,5.4428147569445045e-17,3.109972224596977e-16,-2.98584778819015e-16,0.5591929034707466,-0.8290375725550422,1.7277878023935355e-16,0.8290375725550416,0.5591929034707473
276,2,G:/S1/USA/2026-02-24_16-21-11snow/camera/right/1771971767895048192.jpg,pitch_up_56,6,853,D:\mipmap-lite\1fad9647-f717-4cd4-9391-11f219d7e5d1\snow\snow-20260827\result/.temp/undistort/853.jpg,0.0,2912,1456,2308.921016,1456.0,728.0,0.9999999999999997,-1.5744366311065913e-16,-2.290969896297895e-16,1.1773497767891019e-16,0.5591929034707467,-0.8290375725550415,-2.2250793521113534e-16,0.8290375725550415,0.5591929034707467
192,2,G:/S1/USA/2026-02-24_16-21-11snow/camera/right/1771971725892414208.jpg,pitch_up_56,6,866,D:\mipmap-lite\1fad9647-f717-4cd4-9391-11f219d7e5d1\snow\snow-20260827\result/.temp/undistort/866.jpg,0.0,2912,1456,2308.921016,1456.0,728.0,1.0000000000000002,3.0456656127594195e-17,2.8827494091485264e-18,-2.12245294609283e-18,0.5591929034707469,-0.8290375725550421,3.954037549327574e-17,0.8290375725550417,0.5591929034707469
220,2,G:/S1/USA/2026-02-24_16-21-11snow/camera/right/1771971739893331968.jpg,pitch_up_56,6,869,D:\mipmap-lite\1fad9647-f717-4cd4-9391-11f219d7e5d1\snow\snow-20260827\result/.temp/undistort/869.jpg,0.0,2912,1456,2308.921016,1456.0,728.0,1.0,3.8315180612858634e-17,5.841341798334018e-17,-7.139506486571207e-17,0.5591929034707469,-0.8290375725550416,4.875824004333678e-17,0.829037572555042,0.5591929034707467
333,2,G:/S1/USA/2026-02-24_16-21-11snow/camera/right/1771971796396764160.jpg,pitch_up_56,6,878,D:\mipmap-lite\1fad9647-f717-4cd4-9391-11f219d7e5d1\snow\snow-20260827\result/.temp/undistort/878.jpg,0.0,2912,1456,2308.921016,1456.0,728.0,1.0000000000000002,-2.219656885010021e-17,2.21497379108339e-17,1.3933988151835824e-17,0.5591929034707468,-0.8290375725550417,-9.563701994466625e-18,0.8290375725550418,0.5591929034707469
249,2,G:/S1/USA/2026-02-24_16-21-11snow/camera/right/1771971754394245120.jpg,pitch_up_56,6,884,D:\mipmap-lite\1fad9647-f717-4cd4-9391-11f219d7e5d1\snow\snow-20260827\result/.temp/undistort/884.jpg,0.0,2912,1456,2308.921016,1456.0,728.0,0.9999999999999997,-8.08980188079127e-17,-1.558170483055232e-18,-9.293468134476079e-17,0.5591929034707467,-0.8290375725550416,-5.4480193609923666e-17,0.8290375725550415,0.5591929034707466
277,2,G:/S1/USA/2026-02-24_16-21-11snow/camera/right/1771971768395035136.jpg,pitch_up_56,6,901,D:\mipmap-lite\1fad9647-f717-4cd4-9391-11f219d7e5d1\snow\snow-20260827\result/.temp/undistort/901.jpg,0.0,2912,1456,2308.921016,1456.0,728.0,1.0,1.332915242007779e-16,-1.5117359608607844e-16,1.3691756576055636e-16,0.5591929034707468,-0.8290375725550416,4.551605220169059e-17,0.829037572555042,0.5591929034707467
304,2,G:/S1/USA/2026-02-24_16-21-11snow/camera/right/1771971781895876096.jpg,pitch_up_56,6,907,D:\mipmap-lite\1fad9647-f717-4cd4-9391-11f219d7e5d1\snow\snow-20260827\result/.temp/undistort/907.jpg,0.0,2912,1456,2308.921016,1456.0,728.0,0.9999999999999999,7.199198578235025e-17,-4.498665823828062e-16,3.65520000596014e-16,0.5591929034707469,-0.8290375725550412,-1.2414654302367711e-16,0.8290375725550417,0.5591929034707463
193,2,G:/S1/USA/2026-02-24_16-21-11snow/camera/right/1771971726392512000.jpg,pitch_up_56,6,908,D:\mipmap-lite\1fad9647-f717-4cd4-9391-11f219d7e5d1\snow\snow-20260827\result/.temp/undistort/908.jpg,0.0,2912,1456,2308.921016,1456.0,728.0,1.0000000000000002,1.1498028457426527e-17,6.736292786778579e-17,-3.6964404393267464e-17,0.5591929034707469,-0.8290375725550422,2.1427258892334862e-17,0.8290375725550418,0.559192903470747
221,2,G:/S1/USA/2026-02-24_16-21-11snow/camera/right/1771971740393350144.jpg,pitch_up_56,6,910,D:\mipmap-lite\1fad9647-f717-4cd4-9391-11f219d7e5d1\snow\snow-20260827\result/.temp/undistort/910.jpg,0.0,2912,1456,2308.921016,1456.0,728.0,1.0000000000000004,2.090979016556038e-17,-7.24584307951487e-17,1.1759216122344108e-16,0.5591929034707469,-0.8290375725550421,-3.2510600360253196e-17,0.8290375725550418,0.5591929034707471
334,2,G:/S1/USA/2026-02-24_16-21-11snow/camera/right/1771971796896840960.jpg,pitch_up_56,6,922,D:\mipmap-lite\1fad9647-f717-4cd4-9391-11f219d7e5d1\snow\snow-20260827\result/.temp/undistort/922.jpg,0.0,2912,1456,2308.921016,1456.0,728.0,1.0,-7.991978133153003e-18,-3.7438412228144536e-17,7.120992546050047e-18,0.5591929034707468,-0.8290375725550418,-1.751899747083397e-17,0.8290375725550418,0.5591929034707469
250,2,G:/S1/USA/2026-02-24_16-21-11snow/camera/right/1771971754894257920.jpg,pitch_up_56,6,927,D:\mipmap-lite\1fad9647-f717-4cd4-9391-11f219d7e5d1\snow\snow-20260827\result/.temp/undistort/927.jpg,0.0,2912,1456,2308.921016,1456.0,728.0,1.0000000000000007,9.292201736884624e-17,-1.0753610901521595e-16,1.4773741451356951e-16,0.559192903470747,-0.829037572555042,3.582873083691335e-17,0.8290375725550417,0.5591929034707467
194,2,G:/S1/USA/2026-02-24_16-21-11snow/camera/right/1771971726892483072.jpg,pitch_up_56,6,950,D:\mipmap-lite\1fad9647-f717-4cd4-9391-11f219d7e5d1\snow\snow-20260827\result/.temp/undistort/950.jpg,0.0,2912,1456,2308.921016,1456.0,728.0,1.0,-1.1287134882981537e-17,-8.777005729223194e-17,4.38216754168094e-17,0.5591929034707467,-0.8290375725550413,-5.587353502365722e-17,0.8290375725550417,0.5591929034707463
278,2,G:/S1/USA/2026-02-24_16-21-11snow/camera/right/1771971768895065088.jpg,pitch_up_56,6,954,D:\mipmap-lite\1fad9647-f717-4cd4-9391-11f219d7e5d1\snow\snow-20260827\result/.temp/undistort/954.jpg,0.0,2912,1456,2308.921016,1456.0,728.0,1.0000000000000002,1.1920940299896887e-16,-1.3901023464985808e-17,5.386414613641851e-17,0.5591929034707467,-0.8290375725550418,1.0145266950725545e-16,0.8290375725550416,0.5591929034707467
305,2,G:/S1/USA/2026-02-24_16-21-11snow/camera/right/1771971782395970048.jpg,pitch_up_56,6,958,D:\mipmap-lite\1fad9647-f717-4cd4-9391-11f219d7e5d1\snow\snow-20260827\result/.temp/undistort/958.jpg,0.0,2912,1456,2308.921016,1456.0,728.0,1.0,-2.9307644616616195e-17,2.0371163653111062e-16,-2.3711267689839853e-16,0.5591929034707468,-0.8290375725550422,2.1156670351327712e-17,0.8290375725550417,0.5591929034707471
251,2,G:/S1/USA/2026-02-24_16-21-11snow/camera/right/1771971755394281216.jpg,pitch_up_56,6,964,D:\mipmap-lite\1fad9647-f717-4cd4-9391-11f219d7e5d1\snow\snow-20260827\result/.temp/undistort/964.jpg,0.0,2912,1456,2308.921016,1456.0,728.0,0.9999999999999999,-1.1200740112618665e-16,1.3318175249696446e-17,-1.60662391228064e-16,0.5591929034707469,-0.8290375725550418,-9.447090231219552e-17,0.829037572555042,0.5591929034707468
222,2,G:/S1/USA/2026-02-24_16-21-11snow/camera/right/1771971740893400064.jpg,pitch_up_56,6,966,D:\mipmap-lite\1fad9647-f717-4cd4-9391-11f219d7e5d1\snow\snow-20260827\result/.temp/undistort/966.jpg,0.0,2912,1456,2308.921016,1456.0,728.0,0.9999999999999998,-3.7516481030510216e-17,2.444197607217025e-16,-2.4016739642618443e-16,0.5591929034707467,-0.8290375725550413,1.2284701702342623e-16,0.8290375725550415,0.5591929034707465
335,2,G:/S1/USA/2026-02-24_16-21-11snow/camera/right/1771971797396828160.jpg,pitch_up_56,6,970,D:\mipmap-lite\1fad9647-f717-4cd4-9391-11f219d7e5d1\snow\snow-20260827\result/.temp/undistort/970.jpg,0.0,2912,1456,2308.921016,1456.0,728.0,1.0,-4.7804609697392936e-17,6.971462507099092e-17,-1.1074885097379316e-16,0.5591929034707467,-0.829037572555041,1.8741938825991522e-17,0.8290375725550417,0.5591929034707463
195,2,G:/S1/USA/2026-02-24_16-21-11snow/camera/right/1771971727392548096.jpg,pitch_up_56,6,993,D:\mipmap-lite\1fad9647-f717-4cd4-9391-11f219d7e5d1\snow\snow-20260827\result/.temp/undistort/993.jpg,0.0,2912,1456,2308.921016,1456.0,728.0,1.0000000000000002,3.854682347818492e-17,4.45495189739774e-17,-1.655007849296045e-18,0.5591929034707467,-0.8290375725550421,6.991091632242196e-17,0.8290375725550418,0.5591929034707473
279,2,G:/S1/USA/2026-02-24_16-21-11snow/camera/right/1771971769395096064.jpg,pitch_up_56,6,1002,D:\mipmap-lite\1fad9647-f717-4cd4-9391-11f219d7e5d1\snow\snow-20260827\result/.temp/undistort/1002.jpg,0.0,2912,1456,2308.921016,1456.0,728.0,1.0000000000000002,-5.164177772137445e-18,1.7109644687230787e-16,-1.496146036298363e-16,0.5591929034707469,-0.8290375725550418,8.710854031776506e-17,0.829037572555042,0.5591929034707469
252,2,G:/S1/USA/2026-02-24_16-21-11snow/camera/right/1771971755894257920.jpg,pitch_up_56,6,1009,D:\mipmap-lite\1fad9647-f717-4cd4-9391-11f219d7e5d1\snow\snow-20260827\result/.temp/undistort/1009.jpg,0.0,2912,1456,2308.921016,1456.0,728.0,0.9999999999999997,5.0142234092214817e-17,1.3522664531977191e-17,7.573962136369753e-18,0.5591929034707467,-0.8290375725550416,4.86787181364917e-17,0.8290375725550417,0.5591929034707469
306,2,G:/S1/USA/2026-02-24_16-21-11snow/camera/right/1771971782895938048.jpg,pitch_up_56,6,1013,D:\mipmap-lite\1fad9647-f717-4cd4-9391-11f219d7e5d1\snow\snow-20260827\result/.temp/undistort/1013.jpg,0.0,2912,1456,2308.921016,1456.0,728.0,1.0,-7.028294595718404e-17,1.351277251946687e-16,-1.2156259797124036e-16,0.5591929034707469,-0.8290375725550421,3.6606916226908444e-17,0.8290375725550418,0.559192903470747
223,2,G:/S1/USA/2026-02-24_16-21-11snow/camera/right/1771971741393434112.jpg,pitch_up_56,6,1016,D:\mipmap-lite\1fad9647-f717-4cd4-9391-11f219d7e5d1\snow\snow-20260827\result/.temp/undistort/1016.jpg,0.0,2912,1456,2308.921016,1456.0,728.0,0.9999999999999999,-4.0160874135810494e-17,6.424629513061159e-17,-9.444872261809629e-17,0.559192903470747,-0.8290375725550418,4.6861791299869645e-17,0.829037572555042,0.5591929034707468
336,2,G:/S1/USA/2026-02-24_16-21-11snow/camera/right/1771971797896910080.jpg,pitch_up_56,6,1026,D:\mipmap-lite\1fad9647-f717-4cd4-9391-11f219d7e5d1\snow\snow-20260827\result/.temp/undistort/1026.jpg,0.0,2912,1456,2308.921016,1456.0,728.0,1.0,1.3482525689470601e-17,-9.507521090614143e-17,4.8922847782174973e-17,0.5591929034707468,-0.8290375725550418,-6.121721612719971e-17,0.8290375725550417,0.5591929034707468
196,2,G:/S1/USA/2026-02-24_16-21-11snow/camera/right/1771971727892537088.jpg,pitch_up_56,6,1036,D:\mipmap-lite\1fad9647-f717-4cd4-9391-11f219d7e5d1\snow\snow-20260827\result/.temp/undistort/1036.jpg,0.0,2912,1456,2308.921016,1456.0,728.0,1.0,-4.419958216125366e-17,2.1638735927879914e-16,-1.8051945405589935e-16,0.5591929034707466,-0.8290375725550425,1.0256654270365959e-16,0.8290375725550416,0.5591929034707475
280,2,G:/S1/USA/2026-02-24_16-21-11snow/camera/right/1771971769895129088.jpg,pitch_up_56,6,1050,D:\mipmap-lite\1fad9647-f717-4cd4-9391-11f219d7e5d1\snow\snow-20260827\result/.temp/undistort/1050.jpg,0.0,2912,1456,2308.921016,1456.0,728.0,1.0000000000000004,-2.112213178660044e-17,7.185474144073679e-17,-9.133487492610913e-17,0.5591929034707467,-0.8290375725550417,-2.2171053740444793e-17,0.8290375725550418,0.5591929034707469
253,2,G:/S1/USA/2026-02-24_16-21-11snow/camera/right/1771971756394333184.jpg,pitch_up_56,6,1059,D:\mipmap-lite\1fad9647-f717-4cd4-9391-11f219d7e5d1\snow\snow-20260827\result/.temp/undistort/1059.jpg,0.0,2912,1456,2308.921016,1456.0,728.0,0.9999999999999996,-1.7217615002730417e-16,6.571734603444114e-17,-1.6925611696544283e-16,0.5591929034707468,-0.8290375725550417,-1.113551525162052e-16,0.8290375725550416,0.5591929034707468
224,2,G:/S1/USA/2026-02-24_16-21-11snow/camera/right/1771971741893396224.jpg,pitch_up_56,6,1052,D:\mipmap-lite\1fad9647-f717-4cd4-9391-11f219d7e5d1\snow\snow-20260827\result/.temp/undistort/1052.jpg,0.0,2912,1456,2308.921016,1456.0,728.0,1.0,-6.548876499943114e-17,9.101646792281928e-17,-8.944437262313921e-17,0.5591929034707469,-0.8290375725550418,-1.898935888490683e-17,0.8290375725550417,0.5591929034707468
307,2,G:/S1/USA/2026-02-24_16-21-11snow/camera/right/1771971783395969280.jpg,pitch_up_56,6,1061,D:\mipmap-lite\1fad9647-f717-4cd4-9391-11f219d7e5d1\snow\snow-20260827\result/.temp/undistort/1061.jpg,0.0,2912,1456,2308.921016,1456.0,728.0,1.0,2.1264023377538475e-18,-1.1260258484091404e-16,-2.097528364019629e-17,0.559192903470747,-0.8290375725550418,-5.104490502813936e-17,0.8290375725550421,0.5591929034707469
337,2,G:/S1/USA/2026-02-24_16-21-11snow/camera/right/1771971798396929024.jpg,pitch_up_56,6,1075,D:\mipmap-lite\1fad9647-f717-4cd4-9391-11f219d7e5d1\snow\snow-20260827\result/.temp/undistort/1075.jpg,0.0,2912,1456,2308.921016,1456.0,728.0,0.9999999999999999,2.3406542293274206e-18,7.300531093110823e-17,-6.368933696822283e-17,0.5591929034707468,-0.8290375725550415,5.658563118236412e-17,0.8290375725550417,0.5591929034707466
197,2,G:/S1/USA/2026-02-24_16-21-11snow/camera/right/1771971728392613120.jpg,pitch_up_56,6,1077,D:\mipmap-lite\1fad9647-f717-4cd4-9391-11f219d7e5d1\snow\snow-20260827\result/.temp/undistort/1077.jpg,0.0,2912,1456,2308.921016,1456.0,728.0,1.0000000000000002,-4.728861008234155e-17,-9.059729734132865e-17,8.204113921767559e-17,0.5591929034707469,-0.8290375725550414,-7.223882405690018e-17,0.8290375725550417,0.5591929034707465
308,2,G:/S1/USA/2026-02-24_16-21-11snow/camera/right/1771971783895998976.jpg,pitch_up_56,6,1099,D:\mipmap-lite\1fad9647-f717-4cd4-9391-11f219d7e5d1\snow\snow-20260827\result/.temp/undistort/1099.jpg,0.0,2912,1456,2308.921016,1456.0,728.0,0.9999999999999999,-1.3022672777167945e-16,1.4560576222611677e-16,-1.1599379414402852e-16,0.5591929034707468,-0.8290375725550421,-2.219597207107576e-17,0.8290375725550417,0.5591929034707471
281,2,G:/S1/USA/2026-02-24_16-21-11snow/camera/right/1771971770395156992.jpg,pitch_up_56,6,1101,D:\mipmap-lite\1fad9647-f717-4cd4-9391-11f219d7e5d1\snow\snow-20260827\result/.temp/undistort/1101.jpg,0.0,2912,1456,2308.921016,1456.0,728.0,0.9999999999999998,-6.995125716592044e-17,-1.9675042784569523e-16,1.0817975259959868e-16,0.5591929034707468,-0.8290375725550417,-1.145230463769887e-16,0.8290375725550415,0.5591929034707468
254,2,G:/S1/USA/2026-02-24_16-21-11snow/camera/right/1771971756894323200.jpg,pitch_up_56,6,1108,D:\mipmap-lite\1fad9647-f717-4cd4-9391-11f219d7e5d1\snow\snow-20260827\result/.temp/undistort/1108.jpg,0.0,2912,1456,2308.921016,1456.0,728.0,1.0000000000000002,5.029693419427774e-18,1.0385187564217934e-16,-6.87027079342854e-17,0.559192903470747,-0.829037572555042,4.789028099279189e-17,0.8290375725550417,0.5591929034707468
225,2,G:/S1/USA/2026-02-24_16-21-11snow/camera/right/1771971742393426176.jpg,pitch_up_56,6,1105,D:\mipmap-lite\1fad9647-f717-4cd4-9391-11f219d7e5d1\snow\snow-20260827\result/.temp/undistort/1105.jpg,0.0,2912,1456,2308.921016,1456.0,728.0,1.0000000000000002,-1.1550258337035687e-16,-2.2178021177544234e-16,1.2706532812529727e-16,0.5591929034707468,-0.829037572555042,-2.3912459207967473e-16,0.8290375725550418,0.5591929034707469
198,2,G:/S1/USA/2026-02-24_16-21-11snow/camera/right/1771971728892646144.jpg,pitch_up_56,6,1130,D:\mipmap-lite\1fad9647-f717-4cd4-9391-11f219d7e5d1\snow\snow-20260827\result/.temp/undistort/1130.jpg,0.0,2912,1456,2308.921016,1456.0,728.0,1.0,-1.0529497786028872e-17,5.4611227867686505e-17,-5.0518799257743296e-17,0.5591929034707467,-0.829037572555042,4.971431090159535e-18,0.8290375725550417,0.559192903470747
338,2,G:/S1/USA/2026-02-24_16-21-11snow/camera/right/1771971798896972288.jpg,pitch_up_56,6,1134,D:\mipmap-lite\1fad9647-f717-4cd4-9391-11f219d7e5d1\snow\snow-20260827\result/.temp/undistort/1134.jpg,0.0,2912,1456,2308.921016,1456.0,728.0,0.9999999999999999,1.1123231040487277e-16,-6.291914896896189e-17,6.845058806023219e-17,0.5591929034707467,-0.829037572555042,1.6469392448623342e-17,0.8290375725550416,0.559192903470747
309,2,G:/S1/USA/2026-02-24_16-21-11snow/camera/right/1771971784396033024.jpg,pitch_up_56,6,1135,D:\mipmap-lite\1fad9647-f717-4cd4-9391-11f219d7e5d1\snow\snow-20260827\result/.temp/undistort/1135.jpg,0.0,2912,1456,2308.921016,1456.0,728.0,1.0000000000000002,1.8064082931492207e-17,2.2806372033536737e-16,-1.2861424175988307e-16,0.5591929034707469,-0.8290375725550423,1.0862303535779229e-16,0.829037572555042,0.5591929034707471
255,2,G:/S1/USA/2026-02-24_16-21-11snow/camera/right/1771971757394390016.jpg,pitch_up_56,6,1142,D:\mipmap-lite\1fad9647-f717-4cd4-9391-11f219d7e5d1\snow\snow-20260827\result/.temp/undistort/1142.jpg,0.0,2912,1456,2308.921016,1456.0,728.0,1.0000000000000007,1.7256289047519587e-16,7.221320934425756e-17,9.550380338782092e-18,0.5591929034707469,-0.829037572555042,1.1175352087687732e-16,0.8290375725550418,0.5591929034707469
282,2,G:/S1/USA/2026-02-24_16-21-11snow/camera/right/1771971770895253248.jpg,pitch_up_56,6,1144,D:\mipmap-lite\1fad9647-f717-4cd4-9391-11f219d7e5d1\snow\snow-20260827\result/.temp/undistort/1144.jpg,0.0,2912,1456,2308.921016,1456.0,728.0,0.9999999999999996,2.052687005034304e-18,-4.3196122155894593e-16,3.5029690502945307e-16,0.5591929034707468,-0.8290375725550415,-2.243097766849171e-16,0.8290375725550417,0.5591929034707466
226,2,G:/S1/USA/2026-02-24_16-21-11snow/camera/right/1771971742893549056.jpg,pitch_up_56,6,1168,D:\mipmap-lite\1fad9647-f717-4cd4-9391-11f219d7e5d1\snow\snow-20260827\result/.temp/undistort/1168.jpg,0.0,2912,1456,2308.921016,1456.0,728.0,0.9999999999999997,5.613614724963774e-17,8.650254215354063e-17,-5.742359639731896e-17,0.5591929034707467,-0.8290375725550415,1.0790949133301764e-16,0.8290375725550418,0.5591929034707467
199,2,G:/S1/USA/2026-02-24_16-21-11snow/camera/right/1771971729392691200.jpg,pitch_up_56,6,1176,D:\mipmap-lite\1fad9647-f717-4cd4-9391-11f219d7e5d1\snow\snow-20260827\result/.temp/undistort/1176.jpg,0.0,2912,1456,2308.921016,1456.0,728.0,0.9999999999999999,-4.237192895171005e-17,1.0509954612882446e-16,-1.4680945734397104e-16,0.5591929034707469,-0.8290375725550421,-2.2259603206982383e-18,0.8290375725550418,0.559192903470747
310,2,G:/S1/USA/2026-02-24_16-21-11snow/camera/right/1771971784896078080.jpg,pitch_up_56,6,1188,D:\mipmap-lite\1fad9647-f717-4cd4-9391-11f219d7e5d1\snow\snow-20260827\result/.temp/undistort/1188.jpg,0.0,2912,1456,2308.921016,1456.0,728.0,0.9999999999999999,6.486354462774012e-17,-1.0474729878511885e-16,8.884331325428826e-17,0.5591929034707467,-0.8290375725550413,3.092683894394596e-17,0.8290375725550416,0.5591929034707466
339,2,G:/S1/USA/2026-02-24_16-21-11snow/camera/right/1771971799396945920.jpg,pitch_up_56,6,1190,D:\mipmap-lite\1fad9647-f717-4cd4-9391-11f219d7e5d1\snow\snow-20260827\result/.temp/undistort/1190.jpg,0.0,2912,1456,2308.921016,1456.0,728.0,0.9999999999999998,4.2338199918606766e-17,1.1636711852620069e-16,-6.367401762856142e-17,0.5591929034707466,-0.829037572555041,1.1181241616400582e-16,0.8290375725550415,0.5591929034707463
283,2,G:/S1/USA/2026-02-24_16-21-11snow/camera/right/1771971771395224064.jpg,pitch_up_56,6,1191,D:\mipmap-lite\1fad9647-f717-4cd4-9391-11f219d7e5d1\snow\snow-20260827\result/.temp/undistort/1191.jpg,0.0,2912,1456,2308.921016,1456.0,728.0,1.0000000000000002,6.318003502516898e-18,2.8331082456071325e-16,-1.6431103833954065e-16,0.5591929034707468,-0.829037572555042,1.3062526687875902e-16,0.8290375725550418,0.5591929034707469
256,2,G:/S1/USA/2026-02-24_16-21-11snow/camera/right/1771971757894434048.jpg,pitch_up_56,6,1192,D:\mipmap-lite\1fad9647-f717-4cd4-9391-11f219d7e5d1\snow\snow-20260827\result/.temp/undistort/1192.jpg,0.0,2912,1456,2308.921016,1456.0,728.0,0.9999999999999999,-1.9041467892790304e-17,6.142448605803207e-17,-3.430766288543072e-17,0.5591929034707467,-0.8290375725550417,-3.5838834796626476e-17,0.8290375725550417,0.5591929034707468
227,2,G:/S1/USA/2026-02-24_16-21-11snow/camera/right/1771971743393536000.jpg,pitch_up_56,6,1210,D:\mipmap-lite\1fad9647-f717-4cd4-9391-11f219d7e5d1\snow\snow-20260827\result/.temp/undistort/1210.jpg,0.0,2912,1456,2308.921016,1456.0,728.0,1.0000000000000002,6.831368912394422e-17,-2.2774053085504124e-16,2.081463583923363e-16,0.5591929034707469,-0.829037572555042,-8.527960303694449e-17,0.8290375725550417,0.5591929034707469
200,2,G:/S1/USA/2026-02-24_16-21-11snow/camera/right/1771971729892662016.jpg,pitch_up_56,6,1221,D:\mipmap-lite\1fad9647-f717-4cd4-9391-11f219d7e5d1\snow\snow-20260827\result/.temp/undistort/1221.jpg,0.0,2912,1456,2308.921016,1456.0,728.0,1.0,6.341501050660187e-17,-1.1341876925330174e-17,1.556744853975532e-17,0.5591929034707467,-0.829037572555042,7.198134682250952e-17,0.8290375725550416,0.559192903470747
257,2,G:/S1/USA/2026-02-24_16-21-11snow/camera/right/1771971758394459904.jpg,pitch_up_56,6,1234,D:\mipmap-lite\1fad9647-f717-4cd4-9391-11f219d7e5d1\snow\snow-20260827\result/.temp/undistort/1234.jpg,0.0,2912,1456,2308.921016,1456.0,728.0,1.0,-6.34913086032418e-17,3.4247227941458527e-18,-3.954691015646745e-17,0.5591929034707469,-0.8290375725550418,-4.766211023581744e-17,0.8290375725550417,0.5591929034707469
340,2,G:/S1/USA/2026-02-24_16-21-11snow/camera/right/1771971799897061120.jpg,pitch_up_56,6,1237,D:\mipmap-lite\1fad9647-f717-4cd4-9391-11f219d7e5d1\snow\snow-20260827\result/.temp/undistort/1237.jpg,0.0,2912,1456,2308.921016,1456.0,728.0,1.0,6.145906478322198e-17,2.336038456511158e-16,-1.8019070718928346e-16,0.5591929034707468,-0.8290375725550408,1.2533053659957736e-16,0.8290375725550417,0.5591929034707463
311,2,G:/S1/USA/2026-02-24_16-21-11snow/camera/right/1771971785396163072.jpg,pitch_up_56,6,1239,D:\mipmap-lite\1fad9647-f717-4cd4-9391-11f219d7e5d1\snow\snow-20260827\result/.temp/undistort/1239.jpg,0.0,2912,1456,2308.921016,1456.0,728.0,1.0,9.535446086346609e-17,1.82368200961934e-16,-6.821696800498567e-17,0.5591929034707466,-0.8290375725550421,1.1828227283787544e-16,0.8290375725550417,0.5591929034707471
172,2,G:/S1/USA/2026-02-24_16-21-11snow/camera/right/1771971715891771136.jpg,pitch_up_56,6,1241,D:\mipmap-lite\1fad9647-f717-4cd4-9391-11f219d7e5d1\snow\snow-20260827\result/.temp/undistort/1241.jpg,0.0,2912,1456,2308.921016,1456.0,728.0,0.9999999999999999,-2.386051789512123e-18,3.6454437953624346e-17,-3.342500567731864e-17,0.5591929034707467,-0.8290375725550418,-1.9351024792080248e-17,0.8290375725550416,0.5591929034707469
284,2,G:/S1/USA/2026-02-24_16-21-11snow/camera/right/1771971771895253248.jpg,pitch_up_56,6,1245,D:\mipmap-lite\1fad9647-f717-4cd4-9391-11f219d7e5d1\snow\snow-20260827\result/.temp/undistort/1245.jpg,0.0,2912,1456,2308.921016,1456.0,728.0,0.9999999999999999,5.773950719609079e-17,-1.147952615900559e-16,1.37938560476629e-16,0.5591929034707468,-0.8290375725550416,-4.162232277879149e-17,0.8290375725550415,0.5591929034707468
201,2,G:/S1/USA/2026-02-24_16-21-11snow/camera/right/1771971730392760064.jpg,pitch_up_56,6,1257,D:\mipmap-lite\1fad9647-f717-4cd4-9391-11f219d7e5d1\snow\snow-20260827\result/.temp/undistort/1257.jpg,0.0,2912,1456,2308.921016,1456.0,728.0,0.9999999999999998,6.780673579814965e-17,1.2940634659590844e-17,5.4311051728044874e-18,0.5591929034707468,-0.8290375725550422,5.078357367914753e-17,0.8290375725550417,0.559192903470747
228,2,G:/S1/USA/2026-02-24_16-21-11snow/camera/right/1771971743893518080.jpg,pitch_up_56,6,1264,D:\mipmap-lite\1fad9647-f717-4cd4-9391-11f219d7e5d1\snow\snow-20260827\result/.temp/undistort/1264.jpg,0.0,2912,1456,2308.921016,1456.0,728.0,1.0000000000000007,-1.2021944442946282e-17,-1.5938575573600684e-16,2.1021630513208178e-16,0.5591929034707469,-0.829037572555042,-1.14134810843845e-16,0.8290375725550421,0.5591929034707472
258,2,G:/S1/USA/2026-02-24_16-21-11snow/camera/right/1771971758894445056.jpg,pitch_up_56,6,1279,D:\mipmap-lite\1fad9647-f717-4cd4-9391-11f219d7e5d1\snow\snow-20260827\result/.temp/undistort/1279.jpg,0.0,2912,1456,2308.921016,1456.0,728.0,1.0,-7.178263158935633e-17,-5.245127103856241e-18,-1.182376847709943e-17,0.5591929034707468,-0.8290375725550417,-1.548279370821909e-17,0.8290375725550416,0.5591929034707467
285,2,G:/S1/USA/2026-02-24_16-21-11snow/camera/right/1771971772395354112.jpg,pitch_up_56,6,1284,D:\mipmap-lite\1fad9647-f717-4cd4-9391-11f219d7e5d1\snow\snow-20260827\result/.temp/undistort/1284.jpg,0.0,2912,1456,2308.921016,1456.0,728.0,0.9999999999999999,-1.135887638376079e-17,-3.757719084058048e-16,3.2509473415532857e-16,0.5591929034707469,-0.8290375725550417,-1.915082232983329e-16,0.8290375725550417,0.5591929034707467
341,2,G:/S1/USA/2026-02-24_16-21-11snow/camera/right/1771971800397073152.jpg,pitch_up_56,6,1291,D:\mipmap-lite\1fad9647-f717-4cd4-9391-11f219d7e5d1\snow\snow-20260827\result/.temp/undistort/1291.jpg,0.0,2912,1456,2308.921016,1456.0,728.0,0.9999999999999999,-5.60189929563265e-17,-2.359761661605058e-17,5.443616925678976e-17,0.5591929034707469,-0.8290375725550417,-1.1355063744681465e-17,0.8290375725550417,0.5591929034707468
312,2,G:/S1/USA/2026-02-24_16-21-11snow/camera/right/1771971785896187904.jpg,pitch_up_56,6,1294,D:\mipmap-lite\1fad9647-f717-4cd4-9391-11f219d7e5d1\snow\snow-20260827\result/.temp/undistort/1294.jpg,0.0,2912,1456,2308.921016,1456.0,728.0,1.0,2.0594946866557415e-17,1.1632492048436435e-16,-9.07789260243839e-17,0.5591929034707468,-0.829037572555042,3.2768833781511185e-17,0.829037572555042,0.559192903470747
173,2,G:/S1/USA/2026-02-24_16-21-11snow/camera/right/1771971716391805184.jpg,pitch_up_56,6,1300,D:\mipmap-lite\1fad9647-f717-4cd4-9391-11f219d7e5d1\snow\snow-20260827\result/.temp/undistort/1300.jpg,0.0,2912,1456,2308.921016,1456.0,728.0,1.0,2.269903952959968e-17,-4.9459242789827325e-17,5.723087522185767e-17,0.5591929034707469,-0.8290375725550416,5.29801180253051e-18,0.8290375725550418,0.5591929034707467
202,2,G:/S1/USA/2026-02-24_16-21-11snow/camera/right/1771971730892811008.jpg,pitch_up_56,6,1303,D:\mipmap-lite\1fad9647-f717-4cd4-9391-11f219d7e5d1\snow\snow-20260827\result/.temp/undistort/1303.jpg,0.0,2912,1456,2308.921016,1456.0,728.0,1.0,2.5811594391768024e-17,-2.2256775204171727e-17,5.017946256801844e-17,0.5591929034707467,-0.8290375725550416,4.7537578299251913e-17,0.8290375725550416,0.5591929034707468
229,2,G:/S1/USA/2026-02-24_16-21-11snow/camera/right/1771971744393548032.jpg,pitch_up_56,6,1309,D:\mipmap-lite\1fad9647-f717-4cd4-9391-11f219d7e5d1\snow\snow-20260827\result/.temp/undistort/1309.jpg,0.0,2912,1456,2308.921016,1456.0,728.0,1.0,5.621630680636194e-17,3.0022963044219647e-17,-2.8866291641361627e-17,0.5591929034707467,-0.8290375725550416,7.466706886434215e-17,0.8290375725550417,0.5591929034707469
286,2,G:/S1/USA/2026-02-24_16-21-11snow/camera/right/1771971772895382272.jpg,pitch_up_56,6,1326,D:\mipmap-lite\1fad9647-f717-4cd4-9391-11f219d7e5d1\snow\snow-20260827\result/.temp/undistort/1326.jpg,0.0,2912,1456,2308.921016,1456.0,728.0,0.9999999999999997,8.478690940829991e-18,-1.4825876720987616e-16,1.7321655013988827e-16,0.5591929034707468,-0.8290375725550414,-8.688919825390349e-17,0.8290375725550417,0.5591929034707466
342,2,G:/S1/USA/2026-02-24_16-21-11snow/camera/right/1771971800897038080.jpg,pitch_up_56,6,1336,D:\mipmap-lite\1fad9647-f717-4cd4-9391-11f219d7e5d1\snow\snow-20260827\result/.temp/undistort/1336.jpg,0.0,2912,1456,2308.921016,1456.0,728.0,0.9999999999999998,-5.0719569590789084e-17,1.8915222639439508e-17,-1.7457622724723337e-17,0.5591929034707468,-0.8290375725550416,-3.9951765385816403e-17,0.8290375725550417,0.5591929034707468
174,2,G:/S1/USA/2026-02-24_16-21-11snow/camera/right/1771971716891836160.jpg,pitch_up_56,6,1340,D:\mipmap-lite\1fad9647-f717-4cd4-9391-11f219d7e5d1\snow\snow-20260827\result/.temp/undistort/1340.jpg,0.0,2912,1456,2308.921016,1456.0,728.0,1.0000000000000002,-8.980125707169001e-17,-4.430529740386888e-17,1.5696589663688143e-17,0.5591929034707469,-0.8290375725550414,-1.182386306080782e-16,0.8290375725550416,0.5591929034707465
313,2,G:/S1/USA/2026-02-24_16-21-11snow/camera/right/1771971786396216064.jpg,pitch_up_56,6,1341,D:\mipmap-lite\1fad9647-f717-4cd4-9391-11f219d7e5d1\snow\snow-20260827\result/.temp/undistort/1341.jpg,0.0,2912,1456,2308.921016,1456.0,728.0,0.9999999999999999,1.747331588648556e-17,3.191930085243693e-18,1.9435989334832136e-17,0.5591929034707468,-0.8290375725550414,3.3463670523564e-17,0.8290375725550417,0.5591929034707466
230,2,G:/S1/USA/2026-02-24_16-21-11snow/camera/right/1771971744893620992.jpg,pitch_up_56,6,1353,D:\mipmap-lite\1fad9647-f717-4cd4-9391-11f219d7e5d1\snow\snow-20260827\result/.temp/undistort/1353.jpg,0.0,2912,1456,2308.921016,1456.0,728.0,1.0000000000000002,1.329645228371743e-16,-1.0320462213064927e-16,8.377607831097496e-17,0.5591929034707468,-0.829037572555042,1.8430182697411732e-17,0.8290375725550418,0.559192903470747
314,2,G:/S1/USA/2026-02-24_16-21-11snow/camera/right/1771971786896185088.jpg,pitch_up_56,6,1363,D:\mipmap-lite\1fad9647-f717-4cd4-9391-11f219d7e5d1\snow\snow-20260827\result/.temp/undistort/1363.jpg,0.0,2912,1456,2308.921016,1456.0,728.0,1.0,-2.17862945396257e-17,-3.7481247143960595e-17,-6.304786978940214e-19,0.5591929034707469,-0.8290375725550414,-6.838074990292686e-17,0.8290375725550418,0.5591929034707465
315,2,G:/S1/USA/2026-02-24_16-21-11snow/camera/right/1771971787396216064.jpg,pitch_down_56,7,40,D:\mipmap-lite\1fad9647-f717-4cd4-9391-11f219d7e5d1\snow\snow-20260827\result/.temp/undistort/40.jpg,0.0,2912,1456,2308.921016,1456.0,728.0,1.0000000000000002,-8.554753719075115e-17,-1.1651879341400313e-16,-7.550070932384591e-17,0.5591929034707472,0.829037572555042,1.6710261952596605e-17,-0.8290375725550421,0.5591929034707468
203,2,G:/S1/USA/2026-02-24_16-21-11snow/camera/right/1771971731392750080.jpg,pitch_down_56,7,42,D:\mipmap-lite\1fad9647-f717-4cd4-9391-11f219d7e5d1\snow\snow-20260827\result/.temp/undistort/42.jpg,0.0,2912,1456,2308.921016,1456.0,728.0,0.9999999999999999,-2.1670720495107484e-17,-2.0257425081080705e-17,7.653513359085951e-18,0.5591929034707466,0.8290375725550415,-2.5962814791612315e-17,-0.8290375725550414,0.5591929034707467
175,2,G:/S1/USA/2026-02-24_16-21-11snow/camera/right/1771971717391913216.jpg,pitch_down_56,7,45,D:\mipmap-lite\1fad9647-f717-4cd4-9391-11f219d7e5d1\snow\snow-20260827\result/.temp/undistort/45.jpg,0.0,2912,1456,2308.921016,1456.0,728.0,1.0000000000000002,-5.959679022038139e-18,6.891718688116386e-17,7.053273110731021e-17,0.5591929034707467,0.8290375725550417,3.36361474587601e-17,-0.8290375725550418,0.5591929034707469
259,2,G:/S1/USA/2026-02-24_16-21-11snow/camera/right/1771971759394524160.jpg,pitch_down_56,7,46,D:\mipmap-lite\1fad9647-f717-4cd4-9391-11f219d7e5d1\snow\snow-20260827\result/.temp/undistort/46.jpg,0.0,2912,1456,2308.921016,1456.0,728.0,1.0000000000000009,-8.094228044931306e-17,1.5750481122155234e-16,2.7092300430349408e-17,0.5591929034707469,0.8290375725550421,1.4692065635724486e-16,-0.829037572555042,0.559192903470747
287,2,G:/S1/USA/2026-02-24_16-21-11snow/camera/right/1771971773395390976.jpg,pitch_down_56,7,47,D:\mipmap-lite\1fad9647-f717-4cd4-9391-11f219d7e5d1\snow\snow-20260827\result/.temp/undistort/47.jpg,0.0,2912,1456,2308.921016,1456.0,728.0,0.9999999999999999,9.124038770961808e-17,-1.072109767084786e-16,-5.5078795584161997e-17,0.5591929034707468,0.8290375725550417,-1.3203025120411433e-16,-0.829037572555042,0.5591929034707469
231,2,G:/S1/USA/2026-02-24_16-21-11snow/camera/right/1771971745393670144.jpg,pitch_down_56,7,48,D:\mipmap-lite\1fad9647-f717-4cd4-9391-11f219d7e5d1\snow\snow-20260827\result/.temp/undistort/48.jpg,0.0,2912,1456,2308.921016,1456.0,728.0,0.9999999999999998,-1.4233237221584427e-16,8.939800801403389e-18,-5.537862215814513e-17,0.5591929034707468,0.8290375725550418,5.1094024924708124e-17,-0.8290375725550417,0.5591929034707468
204,2,G:/S1/USA/2026-02-24_16-21-11snow/camera/right/1771971731892779008.jpg,pitch_down_56,7,79,D:\mipmap-lite\1fad9647-f717-4cd4-9391-11f219d7e5d1\snow\snow-20260827\result/.temp/undistort/79.jpg,0.0,2912,1456,2308.921016,1456.0,728.0,1.0000000000000002,7.340774741793688e-17,-2.6424941915163026e-17,3.403833691958441e-17,0.5591929034707473,0.8290375725550421,-8.329804201677692e-17,-0.8290375725550421,0.5591929034707467
316,2,G:/S1/USA/2026-02-24_16-21-11snow/camera/right/1771971787896249088.jpg,pitch_down_56,7,91,D:\mipmap-lite\1fad9647-f717-4cd4-9391-11f219d7e5d1\snow\snow-20260827\result/.temp/undistort/91.jpg,0.0,2912,1456,2308.921016,1456.0,728.0,1.0,1.3633605735946175e-16,6.513638068795224e-17,9.190918472581533e-17,0.5591929034707463,0.8290375725550414,-9.796484723805865e-17,-0.8290375725550414,0.5591929034707469
176,2,G:/S1/USA/2026-02-24_16-21-11snow/camera/right/1771971717891945216.jpg,pitch_down_56,7,96,D:\mipmap-lite\1fad9647-f717-4cd4-9391-11f219d7e5d1\snow\snow-20260827\result/.temp/undistort/96.jpg,0.0,2912,1456,2308.921016,1456.0,728.0,0.9999999999999998,-1.2306123954612321e-17,-2.953246143837289e-17,-6.478447442049108e-17,0.559192903470747,0.8290375725550418,4.7590667750787174e-17,-0.8290375725550418,0.5591929034707468
260,2,G:/S1/USA/2026-02-24_16-21-11snow/camera/right/1771971759894510080.jpg,pitch_down_56,7,98,D:\mipmap-lite\1fad9647-f717-4cd4-9391-11f219d7e5d1\snow\snow-20260827\result/.temp/undistort/98.jpg,0.0,2912,1456,2308.921016,1456.0,728.0,0.9999999999999999,-2.805401960206698e-17,2.2896586901551934e-17,4.254291984262675e-17,0.5591929034707468,0.8290375725550417,1.2443280955505022e-17,-0.8290375725550417,0.5591929034707468
232,2,G:/S1/USA/2026-02-24_16-21-11snow/camera/right/1771971745893639936.jpg,pitch_down_56,7,99,D:\mipmap-lite\1fad9647-f717-4cd4-9391-11f219d7e5d1\snow\snow-20260827\result/.temp/undistort/99.jpg,0.0,2912,1456,2308.921016,1456.0,728.0,1.0000000000000002,1.512405262321727e-16,1.0120909209075389e-16,8.43396073344349e-17,0.5591929034707468,0.8290375725550416,-2.1478313429605427e-17,-0.829037572555042,0.5591929034707468
288,2,G:/S1/USA/2026-02-24_16-21-11snow/camera/right/1771971773895454208.jpg,pitch_down_56,7,101,D:\mipmap-lite\1fad9647-f717-4cd4-9391-11f219d7e5d1\snow\snow-20260827\result/.temp/undistort/101.jpg,0.0,2912,1456,2308.921016,1456.0,728.0,1.0000000000000002,-3.228242614475767e-17,-1.9833119690474054e-17,-2.720519946836374e-18,0.5591929034707468,0.8290375725550417,1.1035636329062277e-17,-0.8290375725550417,0.5591929034707467
205,2,G:/S1/USA/2026-02-24_16-21-11snow/camera/right/1771971732392876032.jpg,pitch_down_56,7,128,D:\mipmap-lite\1fad9647-f717-4cd4-9391-11f219d7e5d1\snow\snow-20260827\result/.temp/undistort/128.jpg,0.0,2912,1456,2308.921016,1456.0,728.0,1.0,-9.287089136136757e-18,5.901960236845771e-17,6.015154036476485e-17,0.5591929034707468,0.8290375725550418,2.4718282989207016e-18,-0.8290375725550417,0.5591929034707468
317,2,G:/S1/USA/2026-02-24_16-21-11snow/camera/right/1771971788396319232.jpg,pitch_down_56,7,134,D:\mipmap-lite\1fad9647-f717-4cd4-9391-11f219d7e5d1\snow\snow-20260827\result/.temp/undistort/134.jpg,0.0,2912,1456,2308.921016,1456.0,728.0,0.9999999999999999,-1.768850436980874e-16,-1.055510734245441e-16,-1.1153083572049847e-16,0.5591929034707473,0.8290375725550418,1.1336430353850407e-16,-0.8290375725550421,0.5591929034707466
261,2,G:/S1/USA/2026-02-24_16-21-11snow/camera/right/1771971760394540032.jpg,pitch_down_56,7,155,D:\mipmap-lite\1fad9647-f717-4cd4-9391-11f219d7e5d1\snow\snow-20260827\result/.temp/undistort/155.jpg,0.0,2912,1456,2308.921016,1456.0,728.0,1.0000000000000004,-1.1373728429343747e-16,6.813100393697798e-17,2.1613046020077604e-17,0.5591929034707468,0.8290375725550417,1.12208921432936e-16,-0.8290375725550417,0.5591929034707468
233,2,G:/S1/USA/2026-02-24_16-21-11snow/camera/right/1771971746393712128.jpg,pitch_down_56,7,146,D:\mipmap-lite\1fad9647-f717-4cd4-9391-11f219d7e5d1\snow\snow-20260827\result/.temp/undistort/146.jpg,0.0,2912,1456,2308.921016,1456.0,728.0,1.0000000000000002,-6.798620452666683e-17,5.4318497997270224e-17,1.6867602389802323e-17,0.5591929034707468,0.8290375725550417,7.011479902410446e-17,-0.8290375725550416,0.5591929034707468
289,2,G:/S1/USA/2026-02-24_16-21-11snow/camera/right/1771971774395409152.jpg,pitch_down_56,7,147,D:\mipmap-lite\1fad9647-f717-4cd4-9391-11f219d7e5d1\snow\snow-20260827\result/.temp/undistort/147.jpg,0.0,2912,1456,2308.921016,1456.0,728.0,0.9999999999999996,5.188831048055557e-16,-8.690079733284091e-18,3.5274080210185455e-16,0.5591929034707466,0.8290375725550416,-3.8083737798452983e-16,-0.8290375725550415,0.5591929034707469
177,2,G:/S1/USA/2026-02-24_16-21-11snow/camera/right/1771971718391987968.jpg,pitch_down_56,7,153,D:\mipmap-lite\1fad9647-f717-4cd4-9391-11f219d7e5d1\snow\snow-20260827\result/.temp/undistort/153.jpg,0.0,2912,1456,2308.921016,1456.0,728.0,1.0,-1.0457120709675805e-16,-1.713438591442378e-20,-1.0886927681967027e-16,0.5591929034707472,0.829037572555042,9.922800312472443e-17,-0.8290375725550423,0.5591929034707469
206,2,G:/S1/USA/2026-02-24_16-21-11snow/camera/right/1771971732892840192.jpg,pitch_down_56,7,172,D:\mipmap-lite\1fad9647-f717-4cd4-9391-11f219d7e5d1\snow\snow-20260827\result/.temp/undistort/172.jpg,0.0,2912,1456,2308.921016,1456.0,728.0,0.9999999999999998,-3.381267616798148e-17,-1.0180412892931619e-16,-1.148427859111756e-16,0.5591929034707461,0.8290375725550416,5.287881778477031e-17,-0.8290375725550411,0.5591929034707469
318,2,G:/S1/USA/2026-02-24_16-21-11snow/camera/right/1771971788896310016.jpg,pitch_down_56,7,184,D:\mipmap-lite\1fad9647-f717-4cd4-9391-11f219d7e5d1\snow\snow-20260827\result/.temp/undistort/184.jpg,0.0,2912,1456,2308.921016,1456.0,728.0,1.0,6.087908565091862e-17,-1.516442497429938e-17,7.068008286959778e-17,0.5591929034707467,0.8290375725550417,-2.0104231486450184e-17,-0.8290375725550417,0.5591929034707469
234,2,G:/S1/USA/2026-02-24_16-21-11snow/camera/right/1771971746893757184.jpg,pitch_down_56,7,195,D:\mipmap-lite\1fad9647-f717-4cd4-9391-11f219d7e5d1\snow\snow-20260827\result/.temp/undistort/195.jpg,0.0,2912,1456,2308.921016,1456.0,728.0,0.9999999999999998,-9.706318766126103e-17,4.3161401320560984e-17,-1.445442692308653e-17,0.5591929034707468,0.8290375725550416,3.646075141884007e-17,-0.8290375725550416,0.5591929034707468
178,2,G:/S1/USA/2026-02-24_16-21-11snow/camera/right/1771971718892028160.jpg,pitch_down_56,7,199,D:\mipmap-lite\1fad9647-f717-4cd4-9391-11f219d7e5d1\snow\snow-20260827\result/.temp/undistort/199.jpg,0.0,2912,1456,2308.921016,1456.0,728.0,1.0,-1.4165547802036335e-17,1.2112902072302316e-17,4.446064703622605e-17,0.5591929034707468,0.8290375725550415,4.5528801751563585e-17,-0.8290375725550418,0.5591929034707468
290,2,G:/S1/USA/2026-02-24_16-21-11snow/camera/right/1771971774895485184.jpg,pitch_down_56,7,202,D:\mipmap-lite\1fad9647-f717-4cd4-9391-11f219d7e5d1\snow\snow-20260827\result/.temp/undistort/202.jpg,0.0,2912,1456,2308.921016,1456.0,728.0,0.9999999999999994,4.133664845254516e-16,2.5128283433677495e-16,4.538632031984644e-16,0.5591929034707463,0.8290375725550415,-2.3529117754229133e-16,-0.8290375725550414,0.5591929034707468
262,2,G:/S1/USA/2026-02-24_16-21-11snow/camera/right/1771971760894633984.jpg,pitch_down_56,7,206,D:\mipmap-lite\1fad9647-f717-4cd4-9391-11f219d7e5d1\snow\snow-20260827\result/.temp/undistort/206.jpg,0.0,2912,1456,2308.921016,1456.0,728.0,0.9999999999999996,9.787528851492919e-17,-9.2553893902159e-17,2.602895713920411e-17,0.5591929034707467,0.8290375725550415,-7.833349743390419e-17,-0.8290375725550416,0.5591929034707467
207,2,G:/S1/USA/2026-02-24_16-21-11snow/camera/right/1771971733392872192.jpg,pitch_down_56,7,224,D:\mipmap-lite\1fad9647-f717-4cd4-9391-11f219d7e5d1\snow\snow-20260827\result/.temp/undistort/224.jpg,0.0,2912,1456,2308.921016,1456.0,728.0,1.0,-9.504426144617476e-17,9.307879496671078e-17,7.233171413138677e-18,0.5591929034707468,0.8290375725550417,5.294931531677446e-17,-0.829037572555042,0.5591929034707469
319,2,G:/S1/USA/2026-02-24_16-21-11snow/camera/right/1771971789396342016.jpg,pitch_down_56,7,225,D:\mipmap-lite\1fad9647-f717-4cd4-9391-11f219d7e5d1\snow\snow-20260827\result/.temp/undistort/225.jpg,0.0,2912,1456,2308.921016,1456.0,728.0,1.0,5.953369165521703e-17,-3.3882454636010614e-17,-2.471567220322439e-17,0.5591929034707465,0.8290375725550416,-7.604852839642198e-17,-0.8290375725550414,0.5591929034707468
235,2,G:/S1/USA/2026-02-24_16-21-11snow/camera/right/1771971747393774080.jpg,pitch_down_56,7,232,D:\mipmap-lite\1fad9647-f717-4cd4-9391-11f219d7e5d1\snow\snow-20260827\result/.temp/undistort/232.jpg,0.0,2912,1456,2308.921016,1456.0,728.0,0.9999999999999997,-2.3920001149356058e-17,-9.448808978631382e-17,-1.1815191221762518e-16,0.5591929034707467,0.8290375725550415,6.782152719427386e-18,-0.8290375725550416,0.5591929034707468
179,2,G:/S1/USA/2026-02-24_16-21-11snow/camera/right/1771971719392054016.jpg,pitch_down_56,7,251,D:\mipmap-lite\1fad9647-f717-4cd4-9391-11f219d7e5d1\snow\snow-20260827\result/.temp/undistort/251.jpg,0.0,2912,1456,2308.921016,1456.0,728.0,0.9999999999999998,1.7138484649959473e-17,-3.3241824429122037e-17,1.0667831984148936e-17,0.5591929034707467,0.8290375725550416,-1.708543860627333e-17,-0.8290375725550415,0.5591929034707467
263,2,G:/S1/USA/2026-02-24_16-21-11snow/camera/right/1771971761394642176.jpg,pitch_down_56,7,253,D:\mipmap-lite\1fad9647-f717-4cd4-9391-11f219d7e5d1\snow\snow-20260827\result/.temp/undistort/253.jpg,0.0,2912,1456,2308.921016,1456.0,728.0,0.9999999999999994,1.0251333409950024e-16,9.637497017655882e-18,4.41167396369463e-17,0.5591929034707468,0.8290375725550417,-6.486367216372769e-17,-0.8290375725550417,0.5591929034707467
291,2,G:/S1/USA/2026-02-24_16-21-11snow/camera/right/1771971775395473920.jpg,pitch_down_56,7,257,D:\mipmap-lite\1fad9647-f717-4cd4-9391-11f219d7e5d1\snow\snow-20260827\result/.temp/undistort/257.jpg,0.0,2912,1456,2308.921016,1456.0,728.0,0.9999999999999998,3.33046354055131e-16,1.873426833863132e-16,3.112598802534645e-16,0.5591929034707467,0.8290375725550416,-1.7310215119924814e-16,-0.8290375725550416,0.5591929034707468
208,2,G:/S1/USA/2026-02-24_16-21-11snow/camera/right/1771971733892903168.jpg,pitch_down_56,7,266,D:\mipmap-lite\1fad9647-f717-4cd4-9391-11f219d7e5d1\snow\snow-20260827\result/.temp/undistort/266.jpg,0.0,2912,1456,2308.921016,1456.0,728.0,1.0,1.1215943094129616e-16,-1.6669348621763069e-16,-9.59931210106481e-17,0.5591929034707468,0.829037572555042,-2.024002122049963e-16,-0.8290375725550417,0.5591929034707468
320,2,G:/S1/USA/2026-02-24_16-21-11snow/camera/right/1771971789896371968.jpg,pitch_down_56,7,270,D:\mipmap-lite\1fad9647-f717-4cd4-9391-11f219d7e5d1\snow\snow-20260827\result/.temp/undistort/270.jpg,0.0,2912,1456,2308.921016,1456.0,728.0,1.0,-1.7973825085488643e-16,-3.540156493365449e-17,-1.2244684138106613e-16,0.5591929034707476,0.8290375725550418,1.581646688320631e-16,-0.8290375725550422,0.5591929034707466
236,2,G:/S1/USA/2026-02-24_16-21-11snow/camera/right/1771971747893806080.jpg,pitch_down_56,7,281,D:\mipmap-lite\1fad9647-f717-4cd4-9391-11f219d7e5d1\snow\snow-20260827\result/.temp/undistort/281.jpg,0.0,2912,1456,2308.921016,1456.0,728.0,0.9999999999999994,-1.760612140417154e-16,-2.1882618042118775e-16,-2.161530183900481e-16,0.5591929034707466,0.8290375725550417,7.360549497539539e-17,-0.8290375725550416,0.5591929034707469
180,2,G:/S1/USA/2026-02-24_16-21-11snow/camera/right/1771971719892094976.jpg,pitch_down_56,7,300,D:\mipmap-lite\1fad9647-f717-4cd4-9391-11f219d7e5d1\snow\snow-20260827\result/.temp/undistort/300.jpg,0.0,2912,1456,2308.921016,1456.0,728.0,1.0,-1.6634243687800868e-17,1.0262171992494746e-17,-4.728296275466758e-17,0.5591929034707471,0.8290375725550418,3.8233915802275095e-17,-0.8290375725550421,0.5591929034707468
292,2,G:/S1/USA/2026-02-24_16-21-11snow/camera/right/1771971775895503872.jpg,pitch_down_56,7,314,D:\mipmap-lite\1fad9647-f717-4cd4-9391-11f219d7e5d1\snow\snow-20260827\result/.temp/undistort/314.jpg,0.0,2912,1456,2308.921016,1456.0,728.0,1.0,-1.1909539273086199e-16,-7.286652800001093e-17,-1.0543630389076931e-16,0.5591929034707469,0.829037572555042,6.439297597121672e-17,-0.8290375725550417,0.5591929034707469
264,2,G:/S1/USA/2026-02-24_16-21-11snow/camera/right/1771971761894633984.jpg,pitch_down_56,7,315,D:\mipmap-lite\1fad9647-f717-4cd4-9391-11f219d7e5d1\snow\snow-20260827\result/.temp/undistort/315.jpg,0.0,2912,1456,2308.921016,1456.0,728.0,1.0,1.9172519958419537e-17,-3.5970533538909214e-17,-5.95504880358636e-17,0.5591929034707468,0.8290375725550418,-4.714195414665823e-18,-0.8290375725550418,0.559192903470747
237,2,G:/S1/USA/2026-02-24_16-21-11snow/camera/right/1771971748393854976.jpg,pitch_down_56,7,317,D:\mipmap-lite\1fad9647-f717-4cd4-9391-11f219d7e5d1\snow\snow-20260827\result/.temp/undistort/317.jpg,0.0,2912,1456,2308.921016,1456.0,728.0,1.0,-1.0645433134505338e-16,1.039410296589458e-16,-2.861956411843315e-17,0.5591929034707469,0.829037572555042,1.1970701173585938e-16,-0.8290375725550417,0.5591929034707469
321,2,G:/S1/USA/2026-02-24_16-21-11snow/camera/right/1771971790396403968.jpg,pitch_down_56,7,325,D:\mipmap-lite\1fad9647-f717-4cd4-9391-11f219d7e5d1\snow\snow-20260827\result/.temp/undistort/325.jpg,0.0,2912,1456,2308.921016,1456.0,728.0,0.9999999999999999,1.7777698647244108e-16,5.042353244367732e-17,1.1703381348458265e-16,0.5591929034707463,0.8290375725550414,-3.9955678995627153e-17,-0.8290375725550413,0.5591929034707468
209,2,G:/S1/USA/2026-02-24_16-21-11snow/camera/right/1771971734392965120.jpg,pitch_down_56,7,333,D:\mipmap-lite\1fad9647-f717-4cd4-9391-11f219d7e5d1\snow\snow-20260827\result/.temp/undistort/333.jpg,0.0,2912,1456,2308.921016,1456.0,728.0,1.0,-5.385210980794152e-17,-1.60402207070552e-17,-3.535991425428561e-17,0.5591929034707465,0.8290375725550414,-4.671326618327245e-17,-0.8290375725550416,0.5591929034707467
181,2,G:/S1/USA/2026-02-24_16-21-11snow/camera/right/1771971720392114176.jpg,pitch_down_56,7,334,D:\mipmap-lite\1fad9647-f717-4cd4-9391-11f219d7e5d1\snow\snow-20260827\result/.temp/undistort/334.jpg,0.0,2912,1456,2308.921016,1456.0,728.0,1.0,-4.1920583102632717e-17,-3.798199236062943e-17,-2.4278290173818792e-17,0.559192903470747,0.829037572555042,2.7155634796736217e-17,-0.829037572555042,0.5591929034707469
265,2,G:/S1/USA/2026-02-24_16-21-11snow/camera/right/1771971762394703104.jpg,pitch_down_56,7,352,D:\mipmap-lite\1fad9647-f717-4cd4-9391-11f219d7e5d1\snow\snow-20260827\result/.temp/undistort/352.jpg,0.0,2912,1456,2308.921016,1456.0,728.0,1.0000000000000007,-7.068686040383775e-17,-9.58163192211499e-18,-8.900737950994925e-17,0.5591929034707469,0.829037572555042,8.395327585530305e-17,-0.8290375725550421,0.5591929034707469
293,2,G:/S1/USA/2026-02-24_16-21-11snow/camera/right/1771971776395576832.jpg,pitch_down_56,7,357,D:\mipmap-lite\1fad9647-f717-4cd4-9391-11f219d7e5d1\snow\snow-20260827\result/.temp/undistort/357.jpg,0.0,2912,1456,2308.921016,1456.0,728.0,1.0000000000000002,-2.0176235919940737e-16,-1.140197867606392e-16,-1.7162585960096304e-16,0.5591929034707471,0.8290375725550418,1.43156456350595e-16,-0.8290375725550418,0.5591929034707467
238,2,G:/S1/USA/2026-02-24_16-21-11snow/camera/right/1771971748893825024.jpg,pitch_down_56,7,368,D:\mipmap-lite\1fad9647-f717-4cd4-9391-11f219d7e5d1\snow\snow-20260827\result/.temp/undistort/368.jpg,0.0,2912,1456,2308.921016,1456.0,728.0,1.0000000000000002,7.941017370857209e-17,2.2291280208864676e-17,1.0574903042672312e-16,0.5591929034707468,0.8290375725550417,-3.77996863008621e-17,-0.8290375725550416,0.5591929034707468
210,2,G:/S1/USA/2026-02-24_16-21-11snow/camera/right/1771971734892963072.jpg,pitch_down_56,7,376,D:\mipmap-lite\1fad9647-f717-4cd4-9391-11f219d7e5d1\snow\snow-20260827\result/.temp/undistort/376.jpg,0.0,2912,1456,2308.921016,1456.0,728.0,1.0,-7.561484955202376e-17,1.3959856837091442e-16,7.936255935383694e-17,0.5591929034707471,0.8290375725550417,1.0981783183669604e-16,-0.8290375725550421,0.5591929034707466
322,2,G:/S1/USA/2026-02-24_16-21-11snow/camera/right/1771971790896434944.jpg,pitch_down_56,7,381,D:\mipmap-lite\1fad9647-f717-4cd4-9391-11f219d7e5d1\snow\snow-20260827\result/.temp/undistort/381.jpg,0.0,2912,1456,2308.921016,1456.0,728.0,0.9999999999999998,6.667692225093163e-17,-2.1020539707750055e-17,4.561257148231135e-18,0.5591929034707462,0.8290375725550413,-6.052727579842736e-17,-0.8290375725550414,0.5591929034707468
182,2,G:/S1/USA/2026-02-24_16-21-11snow/camera/right/1771971720892096000.jpg,pitch_down_56,7,383,D:\mipmap-lite\1fad9647-f717-4cd4-9391-11f219d7e5d1\snow\snow-20260827\result/.temp/undistort/383.jpg,0.0,2912,1456,2308.921016,1456.0,728.0,1.0,-5.434278524912433e-17,-1.5986113427352696e-17,-5.102679941036706e-17,0.5591929034707472,0.8290375725550415,4.5945298094360127e-17,-0.8290375725550421,0.5591929034707465
266,2,G:/S1/USA/2026-02-24_16-21-11snow/camera/right/1771971762894790144.jpg,pitch_down_56,7,405,D:\mipmap-lite\1fad9647-f717-4cd4-9391-11f219d7e5d1\snow\snow-20260827\result/.temp/undistort/405.jpg,0.0,2912,1456,2308.921016,1456.0,728.0,1.0,-1.0901802817032614e-17,-6.104031576231879e-18,1.2834843679980096e-17,0.5591929034707467,0.8290375725550416,-4.50964728454659e-17,-0.8290375725550417,0.5591929034707468
294,2,G:/S1/USA/2026-02-24_16-21-11snow/camera/right/1771971776895569152.jpg,pitch_down_56,7,411,D:\mipmap-lite\1fad9647-f717-4cd4-9391-11f219d7e5d1\snow\snow-20260827\result/.temp/undistort/411.jpg,0.0,2912,1456,2308.921016,1456.0,728.0,1.0000000000000002,-1.83382895850897e-16,-4.325093768297189e-17,-1.6472876780566624e-16,0.5591929034707469,0.8290375725550416,1.248732806441117e-16,-0.829037572555042,0.5591929034707468
211,2,G:/S1/USA/2026-02-24_16-21-11snow/camera/right/1771971735393048064.jpg,pitch_down_56,7,413,D:\mipmap-lite\1fad9647-f717-4cd4-9391-11f219d7e5d1\snow\snow-20260827\result/.temp/undistort/413.jpg,0.0,2912,1456,2308.921016,1456.0,728.0,0.9999999999999999,-7.260439698422404e-17,3.277179753750939e-17,-4.878537830538781e-18,0.5591929034707466,0.8290375725550416,2.3924460997094617e-17,-0.8290375725550415,0.5591929034707469
239,2,G:/S1/USA/2026-02-24_16-21-11snow/camera/right/1771971749393857024.jpg,pitch_down_56,7,419,D:\mipmap-lite\1fad9647-f717-4cd4-9391-11f219d7e5d1\snow\snow-20260827\result/.temp/undistort/419.jpg,0.0,2912,1456,2308.921016,1456.0,728.0,0.9999999999999998,-7.027408651408382e-17,-1.1907819251424395e-16,-1.009678036774842e-16,0.5591929034707468,0.8290375725550417,4.645014306920354e-17,-0.8290375725550415,0.5591929034707467
323,2,G:/S1/USA/2026-02-24_16-21-11snow/camera/right/1771971791396465920.jpg,pitch_down_56,7,425,D:\mipmap-lite\1fad9647-f717-4cd4-9391-11f219d7e5d1\snow\snow-20260827\result/.temp/undistort/425.jpg,0.0,2912,1456,2308.921016,1456.0,728.0,1.0,1.1003869514023086e-17,-2.6804324197841726e-17,1.866024051048551e-18,0.5591929034707467,0.8290375725550417,-4.67101679899356e-17,-0.8290375725550416,0.5591929034707467
183,2,G:/S1/USA/2026-02-24_16-21-11snow/camera/right/1771971721392131072.jpg,pitch_down_56,7,427,D:\mipmap-lite\1fad9647-f717-4cd4-9391-11f219d7e5d1\snow\snow-20260827\result/.temp/undistort/427.jpg,0.0,2912,1456,2308.921016,1456.0,728.0,0.9999999999999999,1.2561351487588572e-17,-6.565846991065865e-19,2.9287176577767355e-18,0.5591929034707467,0.8290375725550417,7.813116910278529e-18,-0.8290375725550417,0.5591929034707468
267,2,G:/S1/USA/2026-02-24_16-21-11snow/camera/right/1771971763394736896.jpg,pitch_down_56,7,456,D:\mipmap-lite\1fad9647-f717-4cd4-9391-11f219d7e5d1\snow\snow-20260827\result/.temp/undistort/456.jpg,0.0,2912,1456,2308.921016,1456.0,728.0,1.0,-6.801419701386045e-18,-4.579518568842181e-17,-5.948860300195196e-17,0.5591929034707469,0.8290375725550418,5.1924066667492526e-17,-0.8290375725550418,0.5591929034707469
324,2,G:/S1/USA/2026-02-24_16-21-11snow/camera/right/1771971791896548864.jpg,pitch_down_56,7,462,D:\mipmap-lite\1fad9647-f717-4cd4-9391-11f219d7e5d1\snow\snow-20260827\result/.temp/undistort/462.jpg,0.0,2912,1456,2308.921016,1456.0,728.0,1.0,2.122678736364326e-17,-4.820844361350333e-17,-1.573249585906677e-17,0.5591929034707469,0.8290375725550417,-4.2235448139467614e-17,-0.8290375725550416,0.5591929034707466
240,2,G:/S1/USA/2026-02-24_16-21-11snow/camera/right/1771971749893970944.jpg,pitch_down_56,7,463,D:\mipmap-lite\1fad9647-f717-4cd4-9391-11f219d7e5d1\snow\snow-20260827\result/.temp/undistort/463.jpg,0.0,2912,1456,2308.921016,1456.0,728.0,1.0000000000000002,-1.8063968722784673e-17,1.0512131627013038e-16,1.064010185591264e-16,0.5591929034707468,0.8290375725550417,2.8581602010295126e-17,-0.829037572555042,0.5591929034707468
295,2,G:/S1/USA/2026-02-24_16-21-11snow/camera/right/1771971777395597056.jpg,pitch_down_56,7,464,D:\mipmap-lite\1fad9647-f717-4cd4-9391-11f219d7e5d1\snow\snow-20260827\result/.temp/undistort/464.jpg,0.0,2912,1456,2308.921016,1456.0,728.0,1.0000000000000004,-1.968802176262953e-16,-1.8108425008081375e-16,-2.1273261561002844e-16,0.5591929034707472,0.829037572555042,4.081701780435783e-17,-0.8290375725550423,0.5591929034707467
212,2,G:/S1/USA/2026-02-24_16-21-11snow/camera/right/1771971735893026048.jpg,pitch_down_56,7,466,D:\mipmap-lite\1fad9647-f717-4cd4-9391-11f219d7e5d1\snow\snow-20260827\result/.temp/undistort/466.jpg,0.0,2912,1456,2308.921016,1456.0,728.0,1.0000000000000002,1.5089077230420308e-16,-4.176211313183398e-17,5.933304340950521e-17,0.5591929034707469,0.8290375725550417,-1.47918769255203e-16,-0.8290375725550418,0.5591929034707468
184,2,G:/S1/USA/2026-02-24_16-21-11snow/camera/right/1771971721892205056.jpg,pitch_down_56,7,484,D:\mipmap-lite\1fad9647-f717-4cd4-9391-11f219d7e5d1\snow\snow-20260827\result/.temp/undistort/484.jpg,0.0,2912,1456,2308.921016,1456.0,728.0,1.0000000000000002,4.915999725072931e-17,3.190342499600399e-17,4.01105889189675e-17,0.5591929034707465,0.8290375725550416,-5.17857743542831e-19,-0.8290375725550416,0.559192903470747
268,2,G:/S1/USA/2026-02-24_16-21-11snow/camera/right/1771971763894755072.jpg,pitch_down_56,7,503,D:\mipmap-lite\1fad9647-f717-4cd4-9391-11f219d7e5d1\snow\snow-20260827\result/.temp/undistort/503.jpg,0.0,2912,1456,2308.921016,1456.0,728.0,0.9999999999999992,2.026450153496391e-16,-7.536863231653775e-17,5.0124411263215203e-17,0.5591929034707467,0.8290375725550415,-1.9253944054222978e-16,-0.8290375725550415,0.5591929034707466
325,2,G:/S1/USA/2026-02-24_16-21-11snow/camera/right/1771971792396527104.jpg,pitch_down_56,7,505,D:\mipmap-lite\1fad9647-f717-4cd4-9391-11f219d7e5d1\snow\snow-20260827\result/.temp/undistort/505.jpg,0.0,2912,1456,2308.921016,1456.0,728.0,0.9999999999999999,8.258017315379034e-17,2.440536067011834e-17,1.2042102938989222e-16,0.5591929034707462,0.8290375725550416,-4.9076227139414776e-17,-0.8290375725550413,0.559192903470747
241,2,G:/S1/USA/2026-02-24_16-21-11snow/camera/right/1771971750393960960.jpg,pitch_down_56,7,508,D:\mipmap-lite\1fad9647-f717-4cd4-9391-11f219d7e5d1\snow\snow-20260827\result/.temp/undistort/508.jpg,0.0,2912,1456,2308.921016,1456.0,728.0,0.9999999999999997,-3.8670124743420923e-17,-9.320282835393108e-17,-9.896034879955864e-17,0.5591929034707467,0.8290375725550417,-1.775630056693922e-17,-0.8290375725550416,0.5591929034707468
296,2,G:/S1/USA/2026-02-24_16-21-11snow/camera/right/1771971777895629056.jpg,pitch_down_56,7,517,D:\mipmap-lite\1fad9647-f717-4cd4-9391-11f219d7e5d1\snow\snow-20260827\result/.temp/undistort/517.jpg,0.0,2912,1456,2308.921016,1456.0,728.0,1.0000000000000004,-4.671525092605135e-16,-2.2125227815522824e-16,-3.7197605943782424e-16,0.5591929034707472,0.8290375725550421,2.7949125551044665e-16,-0.829037572555042,0.5591929034707467
213,2,G:/S1/USA/2026-02-24_16-21-11snow/camera/right/1771971736393105152.jpg,pitch_down_56,7,518,D:\mipmap-lite\1fad9647-f717-4cd4-9391-11f219d7e5d1\snow\snow-20260827\result/.temp/undistort/518.jpg,0.0,2912,1456,2308.921016,1456.0,728.0,0.9999999999999999,6.730149523649898e-17,-9.6159851396822e-17,-3.614658976530681e-17,0.5591929034707467,0.8290375725550417,-7.324422041881534e-17,-0.8290375725550418,0.5591929034707469
185,2,G:/S1/USA/2026-02-24_16-21-11snow/camera/right/1771971722392207104.jpg,pitch_down_56,7,532,D:\mipmap-lite\1fad9647-f717-4cd4-9391-11f219d7e5d1\snow\snow-20260827\result/.temp/undistort/532.jpg,0.0,2912,1456,2308.921016,1456.0,728.0,0.9999999999999999,-6.327299845537494e-17,3.685392877815768e-19,1.6328958706091935e-18,0.559192903470747,0.8290375725550416,2.7090224345467266e-17,-0.8290375725550418,0.5591929034707468
269,2,G:/S1/USA/2026-02-24_16-21-11snow/camera/right/1771971764394857216.jpg,pitch_down_56,7,552,D:\mipmap-lite\1fad9647-f717-4cd4-9391-11f219d7e5d1\snow\snow-20260827\result/.temp/undistort/552.jpg,0.0,2912,1456,2308.921016,1456.0,728.0,1.0000000000000002,-2.884172009297489e-17,-2.425060181792101e-18,-3.787171439418317e-17,0.5591929034707468,0.8290375725550418,3.6876924126213183e-17,-0.829037572555042,0.5591929034707468
326,2,G:/S1/USA/2026-02-24_16-21-11snow/camera/right/1771971792896600064.jpg,pitch_down_56,7,554,D:\mipmap-lite\1fad9647-f717-4cd4-9391-11f219d7e5d1\snow\snow-20260827\result/.temp/undistort/554.jpg,0.0,2912,1456,2308.921016,1456.0,728.0,1.0,-1.941946101576267e-17,5.2374628968331116e-17,2.8055692278594495e-17,0.5591929034707466,0.8290375725550416,1.1129190757672297e-17,-0.8290375725550415,0.5591929034707468
242,2,G:/S1/USA/2026-02-24_16-21-11snow/camera/right/1771971750893999104.jpg,pitch_down_56,7,557,D:\mipmap-lite\1fad9647-f717-4cd4-9391-11f219d7e5d1\snow\snow-20260827\result/.temp/undistort/557.jpg,0.0,2912,1456,2308.921016,1456.0,728.0,0.9999999999999999,9.398249121874592e-17,2.6161091331384268e-17,4.779877107629476e-17,0.5591929034707467,0.8290375725550415,-3.416930777968114e-17,-0.8290375725550415,0.5591929034707467
214,2,G:/S1/USA/2026-02-24_16-21-11snow/camera/right/1771971736893154048.jpg,pitch_down_56,7,567,D:\mipmap-lite\1fad9647-f717-4cd4-9391-11f219d7e5d1\snow\snow-20260827\result/.temp/undistort/567.jpg,0.0,2912,1456,2308.921016,1456.0,728.0,0.9999999999999998,4.7053891261894054e-17,-4.431115027143189e-18,2.3875942146638493e-17,0.5591929034707466,0.8290375725550416,-3.692100331002589e-17,-0.8290375725550415,0.5591929034707468
297,2,G:/S1/USA/2026-02-24_16-21-11snow/camera/right/1771971778395711232.jpg,pitch_down_56,7,571,D:\mipmap-lite\1fad9647-f717-4cd4-9391-11f219d7e5d1\snow\snow-20260827\result/.temp/undistort/571.jpg,0.0,2912,1456,2308.921016,1456.0,728.0,1.0,3.8336156600866083e-17,4.677538659876619e-17,1.5428670467508628e-16,0.5591929034707468,0.8290375725550418,-1.4595342106917593e-17,-0.8290375725550418,0.5591929034707469
186,2,G:/S1/USA/2026-02-24_16-21-11snow/camera/right/1771971722892271104.jpg,pitch_down_56,7,579,D:\mipmap-lite\1fad9647-f717-4cd4-9391-11f219d7e5d1\snow\snow-20260827\result/.temp/undistort/579.jpg,0.0,2912,1456,2308.921016,1456.0,728.0,1.0,-5.317221665761343e-17,-3.7503850599305003e-17,-1.3143102701371597e-17,0.5591929034707471,0.8290375725550417,-1.3144741473176145e-17,-0.8290375725550418,0.5591929034707467
270,2,G:/S1/USA/2026-02-24_16-21-11snow/camera/right/1771971764894881024.jpg,pitch_down_56,7,593,D:\mipmap-lite\1fad9647-f717-4cd4-9391-11f219d7e5d1\snow\snow-20260827\result/.temp/undistort/593.jpg,0.0,2912,1456,2308.921016,1456.0,728.0,0.9999999999999998,2.6772205309341294e-16,-1.1935273416861427e-16,-1.2773197735194281e-17,0.5591929034707468,0.8290375725550418,-2.2969702141430613e-16,-0.8290375725550418,0.5591929034707469
327,2,G:/S1/USA/2026-02-24_16-21-11snow/camera/right/1771971793396584960.jpg,pitch_down_56,7,600,D:\mipmap-lite\1fad9647-f717-4cd4-9391-11f219d7e5d1\snow\snow-20260827\result/.temp/undistort/600.jpg,0.0,2912,1456,2308.921016,1456.0,728.0,1.0,5.2650530244734007e-17,-1.866131849762195e-18,-2.485909212269593e-17,0.5591929034707465,0.8290375725550415,-3.9841111354871016e-17,-0.8290375725550416,0.5591929034707469
243,2,G:/S1/USA/2026-02-24_16-21-11snow/camera/right/1771971751394073856.jpg,pitch_down_56,7,611,D:\mipmap-lite\1fad9647-f717-4cd4-9391-11f219d7e5d1\snow\snow-20260827\result/.temp/undistort/611.jpg,0.0,2912,1456,2308.921016,1456.0,728.0,1.0,2.2790747230207226e-17,-1.0111104256701207e-16,-7.347001726413542e-17,0.5591929034707467,0.8290375725550418,-7.366540438508517e-17,-0.8290375725550417,0.5591929034707469
215,2,G:/S1/USA/2026-02-24_16-21-11snow/camera/right/1771971737393169152.jpg,pitch_down_56,7,615,D:\mipmap-lite\1fad9647-f717-4cd4-9391-11f219d7e5d1\snow\snow-20260827\result/.temp/undistort/615.jpg,0.0,2912,1456,2308.921016,1456.0,728.0,0.9999999999999998,8.508201374857275e-17,5.3096922529827326e-17,8.581934694137247e-17,0.559192903470747,0.8290375725550418,2.5377003877480985e-17,-0.8290375725550417,0.5591929034707467
298,2,G:/S1/USA/2026-02-24_16-21-11snow/camera/right/1771971778895693056.jpg,pitch_down_56,7,627,D:\mipmap-lite\1fad9647-f717-4cd4-9391-11f219d7e5d1\snow\snow-20260827\result/.temp/undistort/627.jpg,0.0,2912,1456,2308.921016,1456.0,728.0,1.0000000000000002,-5.762425410983283e-16,4.77404235794479e-17,-2.414684986820158e-16,0.5591929034707473,0.8290375725550421,4.2772881908234904e-16,-0.8290375725550423,0.5591929034707467
187,2,G:/S1/USA/2026-02-24_16-21-11snow/camera/right/1771971723392300032.jpg,pitch_down_56,7,628,D:\mipmap-lite\1fad9647-f717-4cd4-9391-11f219d7e5d1\snow\snow-20260827\result/.temp/undistort/628.jpg,0.0,2912,1456,2308.921016,1456.0,728.0,1.0,-6.193406113684427e-17,-1.9138538489898378e-17,-4.0146882824595004e-17,0.5591929034707473,0.8290375725550417,9.853599656310299e-17,-0.829037572555042,0.5591929034707465
328,2,G:/S1/USA/2026-02-24_16-21-11snow/camera/right/1771971793896613120.jpg,pitch_down_56,7,641,D:\mipmap-lite\1fad9647-f717-4cd4-9391-11f219d7e5d1\snow\snow-20260827\result/.temp/undistort/641.jpg,0.0,2912,1456,2308.921016,1456.0,728.0,1.0,1.8569879501195144e-17,8.173726880502958e-17,3.455354390720823e-17,0.5591929034707467,0.8290375725550416,2.532862965259544e-17,-0.8290375725550416,0.5591929034707468
271,2,G:/S1/USA/2026-02-24_16-21-11snow/camera/right/1771971765394916096.jpg,pitch_down_56,7,643,D:\mipmap-lite\1fad9647-f717-4cd4-9391-11f219d7e5d1\snow\snow-20260827\result/.temp/undistort/643.jpg,0.0,2912,1456,2308.921016,1456.0,728.0,1.0000000000000013,-4.430767439578596e-16,1.4580204221149177e-16,-2.068302009557963e-16,0.559192903470747,0.8290375725550418,4.867404386820041e-16,-0.8290375725550421,0.5591929034707469
244,2,G:/S1/USA/2026-02-24_16-21-11snow/camera/right/1771971751894054144.jpg,pitch_down_56,7,654,D:\mipmap-lite\1fad9647-f717-4cd4-9391-11f219d7e5d1\snow\snow-20260827\result/.temp/undistort/654.jpg,0.0,2912,1456,2308.921016,1456.0,728.0,0.9999999999999999,9.841691970796043e-17,-5.3329732141193576e-17,-6.309357654720055e-17,0.5591929034707469,0.8290375725550418,-5.626818525393484e-17,-0.8290375725550417,0.5591929034707469
299,2,G:/S1/USA/2026-02-24_16-21-11snow/camera/right/1771971779395720960.jpg,pitch_down_56,7,672,D:\mipmap-lite\1fad9647-f717-4cd4-9391-11f219d7e5d1\snow\snow-20260827\result/.temp/undistort/672.jpg,0.0,2912,1456,2308.921016,1456.0,728.0,0.9999999999999999,-2.0452519046534446e-16,3.7104849041278326e-17,-5.957488675884975e-17,0.5591929034707472,0.8290375725550418,1.1751975158441444e-16,-0.8290375725550417,0.5591929034707465
216,2,G:/S1/USA/2026-02-24_16-21-11snow/camera/right/1771971737893212928.jpg,pitch_down_56,7,678,D:\mipmap-lite\1fad9647-f717-4cd4-9391-11f219d7e5d1\snow\snow-20260827\result/.temp/undistort/678.jpg,0.0,2912,1456,2308.921016,1456.0,728.0,0.9999999999999999,1.3902341948953983e-16,1.11379649063493e-16,1.5868534918720234e-16,0.559192903470747,0.8290375725550417,-6.708370303452021e-17,-0.8290375725550418,0.5591929034707467
188,2,G:/S1/USA/2026-02-24_16-21-11snow/camera/right/1771971723892352000.jpg,pitch_down_56,7,684,D:\mipmap-lite\1fad9647-f717-4cd4-9391-11f219d7e5d1\snow\snow-20260827\result/.temp/undistort/684.jpg,0.0,2912,1456,2308.921016,1456.0,728.0,1.0,1.7865198310053436e-16,-2.6351781981790787e-17,6.572857556855832e-17,0.5591929034707463,0.8290375725550418,-1.1143775814813162e-16,-0.8290375725550415,0.559192903470747
329,2,G:/S1/USA/2026-02-24_16-21-11snow/camera/right/1771971794396642048.jpg,pitch_down_56,7,686,D:\mipmap-lite\1fad9647-f717-4cd4-9391-11f219d7e5d1\snow\snow-20260827\result/.temp/undistort/686.jpg,0.0,2912,1456,2308.921016,1456.0,728.0,0.9999999999999999,2.966020769408138e-18,-3.091509990324675e-17,4.4172604039195537e-17,0.5591929034707472,0.829037572555042,1.170290759875951e-17,-0.8290375725550421,0.5591929034707467
245,2,G:/S1/USA/2026-02-24_16-21-11snow/camera/right/1771971752394093056.jpg,pitch_down_56,7,693,D:\mipmap-lite\1fad9647-f717-4cd4-9391-11f219d7e5d1\snow\snow-20260827\result/.temp/undistort/693.jpg,0.0,2912,1456,2308.921016,1456.0,728.0,1.0000000000000002,6.802339617250614e-17,7.032380545033454e-17,1.2792839080302444e-16,0.5591929034707469,0.829037572555042,1.507535097238003e-17,-0.8290375725550416,0.5591929034707468
272,2,G:/S1/USA/2026-02-24_16-21-11snow/camera/right/1771971765894937088.jpg,pitch_down_56,7,692,D:\mipmap-lite\1fad9647-f717-4cd4-9391-11f219d7e5d1\snow\snow-20260827\result/.temp/undistort/692.jpg,0.0,2912,1456,2308.921016,1456.0,728.0,1.0000000000000002,-9.177019409359126e-17,-8.451347725357352e-17,-9.653124542230299e-17,0.5591929034707469,0.829037572555042,8.25529718230973e-17,-0.8290375725550417,0.5591929034707468
300,2,G:/S1/USA/2026-02-24_16-21-11snow/camera/right/1771971779895805952.jpg,pitch_down_56,7,730,D:\mipmap-lite\1fad9647-f717-4cd4-9391-11f219d7e5d1\snow\snow-20260827\result/.temp/undistort/730.jpg,0.0,2912,1456,2308.921016,1456.0,728.0,1.0,-6.322446495567205e-17,-2.6259066236385175e-17,-5.4515322305013134e-17,0.5591929034707467,0.8290375725550418,4.4972701826125717e-17,-0.8290375725550417,0.559192903470747
217,2,G:/S1/USA/2026-02-24_16-21-11snow/camera/right/1771971738393233152.jpg,pitch_down_56,7,725,D:\mipmap-lite\1fad9647-f717-4cd4-9391-11f219d7e5d1\snow\snow-20260827\result/.temp/undistort/725.jpg,0.0,2912,1456,2308.921016,1456.0,728.0,0.9999999999999998,-2.4728624594187187e-16,8.20193413328399e-18,-1.6291473690303804e-16,0.5591929034707458,0.8290375725550412,2.0622824877092697e-16,-0.829037572555041,0.5591929034707469
273,2,G:/S1/USA/2026-02-24_16-21-11snow/camera/right/1771971766394962176.jpg,pitch_down_56,7,731,D:\mipmap-lite\1fad9647-f717-4cd4-9391-11f219d7e5d1\snow\snow-20260827\result/.temp/undistort/731.jpg,0.0,2912,1456,2308.921016,1456.0,728.0,1.0000000000000007,-2.0590748876436522e-16,-7.174140980191609e-17,-1.6904836244302598e-16,0.559192903470747,0.829037572555042,2.273622428978369e-16,-0.8290375725550418,0.5591929034707468
330,2,G:/S1/USA/2026-02-24_16-21-11snow/camera/right/1771971794896672000.jpg,pitch_down_56,7,733,D:\mipmap-lite\1fad9647-f717-4cd4-9391-11f219d7e5d1\snow\snow-20260827\result/.temp/undistort/733.jpg,0.0,2912,1456,2308.921016,1456.0,728.0,0.9999999999999999,-3.238432270067562e-17,4.823521318804546e-17,2.2466558022309023e-17,0.5591929034707466,0.8290375725550415,2.958316637812431e-17,-0.8290375725550414,0.5591929034707468
189,2,G:/S1/USA/2026-02-24_16-21-11snow/camera/right/1771971724392368128.jpg,pitch_down_56,7,735,D:\mipmap-lite\1fad9647-f717-4cd4-9391-11f219d7e5d1\snow\snow-20260827\result/.temp/undistort/735.jpg,0.0,2912,1456,2308.921016,1456.0,728.0,1.0000000000000002,5.725944915808117e-17,3.07360329071288e-17,7.068133324981629e-17,0.5591929034707465,0.8290375725550415,-4.199135982365682e-18,-0.8290375725550416,0.5591929034707468
246,2,G:/S1/USA/2026-02-24_16-21-11snow/camera/right/1771971752894077184.jpg,pitch_down_56,7,743,D:\mipmap-lite\1fad9647-f717-4cd4-9391-11f219d7e5d1\snow\snow-20260827\result/.temp/undistort/743.jpg,0.0,2912,1456,2308.921016,1456.0,728.0,1.0,-2.921416318884228e-17,1.0306458960014049e-16,1.4171312922022733e-16,0.5591929034707468,0.8290375725550417,3.175851465459736e-17,-0.8290375725550417,0.5591929034707469
274,2,G:/S1/USA/2026-02-24_16-21-11snow/camera/right/1771971766894993920.jpg,pitch_down_56,7,771,D:\mipmap-lite\1fad9647-f717-4cd4-9391-11f219d7e5d1\snow\snow-20260827\result/.temp/undistort/771.jpg,0.0,2912,1456,2308.921016,1456.0,728.0,1.0,1.1665943738920114e-16,-8.098810140412834e-17,1.7937756329802216e-17,0.559192903470747,0.829037572555042,-1.1755868134231223e-16,-0.829037572555042,0.559192903470747
301,2,G:/S1/USA/2026-02-24_16-21-11snow/camera/right/1771971780395783168.jpg,pitch_down_56,7,775,D:\mipmap-lite\1fad9647-f717-4cd4-9391-11f219d7e5d1\snow\snow-20260827\result/.temp/undistort/775.jpg,0.0,2912,1456,2308.921016,1456.0,728.0,1.0000000000000002,1.4951310055588304e-16,2.01366467800485e-16,1.6378492822277852e-16,0.5591929034707467,0.8290375725550418,1.0198822532001055e-17,-0.8290375725550416,0.5591929034707469
218,2,G:/S1/USA/2026-02-24_16-21-11snow/camera/right/1771971738893212928.jpg,pitch_down_56,7,777,D:\mipmap-lite\1fad9647-f717-4cd4-9391-11f219d7e5d1\snow\snow-20260827\result/.temp/undistort/777.jpg,0.0,2912,1456,2308.921016,1456.0,728.0,1.0,-1.4149793530418887e-16,-1.333334809520295e-16,-1.5185196105412553e-16,0.5591929034707467,0.8290375725550418,3.368012986312076e-17,-0.8290375725550416,0.559192903470747
190,2,G:/S1/USA/2026-02-24_16-21-11snow/camera/right/1771971724892354048.jpg,pitch_down_56,7,780,D:\mipmap-lite\1fad9647-f717-4cd4-9391-11f219d7e5d1\snow\snow-20260827\result/.temp/undistort/780.jpg,0.0,2912,1456,2308.921016,1456.0,728.0,1.0000000000000002,-4.741874331243668e-17,-2.4129899666110517e-17,-4.676294352399107e-17,0.5591929034707472,0.8290375725550418,6.5178869174361074e-18,-0.829037572555042,0.5591929034707465
331,2,G:/S1/USA/2026-02-24_16-21-11snow/camera/right/1771971795396772096.jpg,pitch_down_56,7,790,D:\mipmap-lite\1fad9647-f717-4cd4-9391-11f219d7e5d1\snow\snow-20260827\result/.temp/undistort/790.jpg,0.0,2912,1456,2308.921016,1456.0,728.0,1.0,-1.9443058524414622e-16,4.325691704969967e-17,-6.696446520624699e-17,0.5591929034707467,0.8290375725550417,1.5568443940537414e-16,-0.8290375725550416,0.5591929034707469
247,2,G:/S1/USA/2026-02-24_16-21-11snow/camera/right/1771971753394166016.jpg,pitch_down_56,7,796,D:\mipmap-lite\1fad9647-f717-4cd4-9391-11f219d7e5d1\snow\snow-20260827\result/.temp/undistort/796.jpg,0.0,2912,1456,2308.921016,1456.0,728.0,1.0000000000000002,1.1399243517048964e-16,5.786064861703139e-17,1.695134152339767e-16,0.5591929034707468,0.8290375725550418,-2.725589083302961e-17,-0.8290375725550417,0.5591929034707469
275,2,G:/S1/USA/2026-02-24_16-21-11snow/camera/right/1771971767394973952.jpg,pitch_down_56,7,825,D:\mipmap-lite\1fad9647-f717-4cd4-9391-11f219d7e5d1\snow\snow-20260827\result/.temp/undistort/825.jpg,0.0,2912,1456,2308.921016,1456.0,728.0,0.9999999999999998,3.4368054659775404e-16,-5.531839554806627e-17,1.3106521573432385e-16,0.5591929034707467,0.8290375725550414,-3.0486594342041377e-16,-0.8290375725550416,0.5591929034707467
302,2,G:/S1/USA/2026-02-24_16-21-11snow/camera/right/1771971780895814144.jpg,pitch_down_56,7,823,D:\mipmap-lite\1fad9647-f717-4cd4-9391-11f219d7e5d1\snow\snow-20260827\result/.temp/undistort/823.jpg,0.0,2912,1456,2308.921016,1456.0,728.0,0.9999999999999998,8.063163319733906e-17,-7.704216195878195e-17,-2.0058290003980647e-17,0.5591929034707467,0.8290375725550416,-2.6471799787124336e-17,-0.8290375725550415,0.5591929034707468
191,2,G:/S1/USA/2026-02-24_16-21-11snow/camera/right/1771971725392424960.jpg,pitch_down_56,7,828,D:\mipmap-lite\1fad9647-f717-4cd4-9391-11f219d7e5d1\snow\snow-20260827\result/.temp/undistort/828.jpg,0.0,2912,1456,2308.921016,1456.0,728.0,1.0,1.6851639264164066e-17,1.1206033446398373e-17,5.226764960970476e-17,0.5591929034707467,0.8290375725550418,-2.8960489597368165e-18,-0.8290375725550418,0.559192903470747
219,2,G:/S1/USA/2026-02-24_16-21-11snow/camera/right/1771971739393289216.jpg,pitch_down_56,7,830,D:\mipmap-lite\1fad9647-f717-4cd4-9391-11f219d7e5d1\snow\snow-20260827\result/.temp/undistort/830.jpg,0.0,2912,1456,2308.921016,1456.0,728.0,1.0,7.763039535276167e-17,2.1258295564306026e-17,2.0864227488350045e-17,0.5591929034707468,0.8290375725550416,-4.4641816769834817e-17,-0.829037572555042,0.5591929034707468
248,2,G:/S1/USA/2026-02-24_16-21-11snow/camera/right/1771971753894134016.jpg,pitch_down_56,7,841,D:\mipmap-lite\1fad9647-f717-4cd4-9391-11f219d7e5d1\snow\snow-20260827\result/.temp/undistort/841.jpg,0.0,2912,1456,2308.921016,1456.0,728.0,0.9999999999999993,-1.4842754839147477e-16,-2.281264684826908e-16,-3.059926532702421e-16,0.5591929034707468,0.8290375725550415,1.7888344735877254e-17,-0.8290375725550416,0.5591929034707467
332,2,G:/S1/USA/2026-02-24_16-21-11snow/camera/right/1771971795896733952.jpg,pitch_down_56,7,845,D:\mipmap-lite\1fad9647-f717-4cd4-9391-11f219d7e5d1\snow\snow-20260827\result/.temp/undistort/845.jpg,0.0,2912,1456,2308.921016,1456.0,728.0,1.0000000000000002,1.9718755755382354e-16,9.841732020984677e-17,1.692840472597977e-16,0.5591929034707477,0.8290375725550423,-1.2082203295992872e-16,-0.8290375725550424,0.5591929034707468
276,2,G:/S1/USA/2026-02-24_16-21-11snow/camera/right/1771971767895048192.jpg,pitch_down_56,7,859,D:\mipmap-lite\1fad9647-f717-4cd4-9391-11f219d7e5d1\snow\snow-20260827\result/.temp/undistort/859.jpg,0.0,2912,1456,2308.921016,1456.0,728.0,0.9999999999999997,2.734251845444323e-16,-5.470337195596855e-17,1.1773497767891019e-16,0.5591929034707467,0.8290375725550416,-2.2250793521113534e-16,-0.8290375725550415,0.5591929034707467
303,2,G:/S1/USA/2026-02-24_16-21-11snow/camera/right/1771971781395843072.jpg,pitch_down_56,7,860,D:\mipmap-lite\1fad9647-f717-4cd4-9391-11f219d7e5d1\snow\snow-20260827\result/.temp/undistort/860.jpg,0.0,2912,1456,2308.921016,1456.0,728.0,1.0,-3.2232838635425802e-16,-8.750988553252344e-17,-2.98584778819015e-16,0.5591929034707472,0.8290375725550418,1.7277878023935355e-16,-0.829037572555042,0.5591929034707466
192,2,G:/S1/USA/2026-02-24_16-21-11snow/camera/right/1771971725892414208.jpg,pitch_down_56,7,874,D:\mipmap-lite\1fad9647-f717-4cd4-9391-11f219d7e5d1\snow\snow-20260827\result/.temp/undistort/874.jpg,0.0,2912,1456,2308.921016,1456.0,728.0,1.0000000000000002,-3.825592219449855e-17,9.096439900224974e-18,-2.12245294609283e-18,0.5591929034707471,0.829037572555042,3.954037549327574e-17,-0.8290375725550418,0.5591929034707467
220,2,G:/S1/USA/2026-02-24_16-21-11snow/camera/right/1771971739893331968.jpg,pitch_down_56,7,881,D:\mipmap-lite\1fad9647-f717-4cd4-9391-11f219d7e5d1\snow\snow-20260827\result/.temp/undistort/881.jpg,0.0,2912,1456,2308.921016,1456.0,728.0,1.0,-8.284919905249842e-17,-7.424853889484513e-17,-7.139506486571207e-17,0.5591929034707467,0.8290375725550418,4.875824004333678e-17,-0.8290375725550416,0.5591929034707469
333,2,G:/S1/USA/2026-02-24_16-21-11snow/camera/right/1771971796396764160.jpg,pitch_down_56,7,889,D:\mipmap-lite\1fad9647-f717-4cd4-9391-11f219d7e5d1\snow\snow-20260827\result/.temp/undistort/889.jpg,0.0,2912,1456,2308.921016,1456.0,728.0,1.0000000000000002,5.2836557112225786e-17,-1.317146582824864e-18,1.3933988151835824e-17,0.5591929034707469,0.8290375725550417,-9.563701994466625e-18,-0.8290375725550418,0.5591929034707468
249,2,G:/S1/USA/2026-02-24_16-21-11snow/camera/right/1771971754394245120.jpg,pitch_down_56,7,895,D:\mipmap-lite\1fad9647-f717-4cd4-9391-11f219d7e5d1\snow\snow-20260827\result/.temp/undistort/895.jpg,0.0,2912,1456,2308.921016,1456.0,728.0,0.9999999999999997,4.0032463941755434e-17,-9.954290981982388e-17,-9.293468134476079e-17,0.5591929034707467,0.8290375725550415,-5.4480193609923666e-17,-0.8290375725550415,0.5591929034707467
277,2,G:/S1/USA/2026-02-24_16-21-11snow/camera/right/1771971768395035136.jpg,pitch_down_56,7,911,D:\mipmap-lite\1fad9647-f717-4cd4-9391-11f219d7e5d1\snow\snow-20260827\result/.temp/undistort/911.jpg,0.0,2912,1456,2308.921016,1456.0,728.0,1.0,9.469421244593026e-17,1.0517940344789507e-16,1.3691756576055636e-16,0.5591929034707467,0.8290375725550417,4.551605220169059e-17,-0.8290375725550418,0.559192903470747
193,2,G:/S1/USA/2026-02-24_16-21-11snow/camera/right/1771971726392512000.jpg,pitch_down_56,7,920,D:\mipmap-lite\1fad9647-f717-4cd4-9391-11f219d7e5d1\snow\snow-20260827\result/.temp/undistort/920.jpg,0.0,2912,1456,2308.921016,1456.0,728.0,1.0000000000000002,-3.836871046258702e-17,2.2083961658856544e-17,-3.6964404393267464e-17,0.559192903470747,0.829037572555042,2.1427258892334862e-17,-0.829037572555042,0.5591929034707468
304,2,G:/S1/USA/2026-02-24_16-21-11snow/camera/right/1771971781895876096.jpg,pitch_down_56,7,914,D:\mipmap-lite\1fad9647-f717-4cd4-9391-11f219d7e5d1\snow\snow-20260827\result/.temp/undistort/914.jpg,0.0,2912,1456,2308.921016,1456.0,728.0,0.9999999999999999,2.7111429527052017e-16,2.0357137854694195e-16,3.65520000596014e-16,0.5591929034707462,0.8290375725550416,-1.2414654302367711e-16,-0.8290375725550413,0.559192903470747
221,2,G:/S1/USA/2026-02-24_16-21-11snow/camera/right/1771971740393350144.jpg,pitch_down_56,7,924,D:\mipmap-lite\1fad9647-f717-4cd4-9391-11f219d7e5d1\snow\snow-20260827\result/.temp/undistort/924.jpg,0.0,2912,1456,2308.921016,1456.0,728.0,1.0000000000000004,8.335439932921208e-17,8.916084849445332e-17,1.1759216122344108e-16,0.5591929034707471,0.8290375725550418,-3.2510600360253196e-17,-0.8290375725550418,0.5591929034707468
250,2,G:/S1/USA/2026-02-24_16-21-11snow/camera/right/1771971754894257920.jpg,pitch_down_56,7,936,D:\mipmap-lite\1fad9647-f717-4cd4-9391-11f219d7e5d1\snow\snow-20260827\result/.temp/undistort/936.jpg,0.0,2912,1456,2308.921016,1456.0,728.0,1.0000000000000007,5.774011050583971e-17,2.0954164900353814e-16,1.4773741451356951e-16,0.5591929034707469,0.8290375725550421,3.582873083691335e-17,-0.8290375725550418,0.5591929034707468
334,2,G:/S1/USA/2026-02-24_16-21-11snow/camera/right/1771971796896840960.jpg,pitch_down_56,7,935,D:\mipmap-lite\1fad9647-f717-4cd4-9391-11f219d7e5d1\snow\snow-20260827\result/.temp/undistort/935.jpg,0.0,2912,1456,2308.921016,1456.0,728.0,1.0,5.381817046287385e-17,3.652692782152771e-18,7.120992546050047e-18,0.5591929034707469,0.8290375725550416,-1.751899747083397e-17,-0.8290375725550421,0.5591929034707468
194,2,G:/S1/USA/2026-02-24_16-21-11snow/camera/right/1771971726892483072.jpg,pitch_down_56,7,960,D:\mipmap-lite\1fad9647-f717-4cd4-9391-11f219d7e5d1\snow\snow-20260827\result/.temp/undistort/960.jpg,0.0,2912,1456,2308.921016,1456.0,728.0,1.0,8.12261671034846e-17,-4.4249377573268334e-17,4.38216754168094e-17,0.5591929034707463,0.8290375725550415,-5.587353502365722e-17,-0.8290375725550415,0.5591929034707468
278,2,G:/S1/USA/2026-02-24_16-21-11snow/camera/right/1771971768895065088.jpg,pitch_down_56,7,968,D:\mipmap-lite\1fad9647-f717-4cd4-9391-11f219d7e5d1\snow\snow-20260827\result/.temp/undistort/968.jpg,0.0,2912,1456,2308.921016,1456.0,728.0,1.0000000000000002,-7.959467094266486e-17,6.159587773536228e-17,5.386414613641851e-17,0.5591929034707469,0.8290375725550418,1.0145266950725545e-16,-0.8290375725550417,0.5591929034707467
305,2,G:/S1/USA/2026-02-24_16-21-11snow/camera/right/1771971782395970048.jpg,pitch_down_56,7,971,D:\mipmap-lite\1fad9647-f717-4cd4-9391-11f219d7e5d1\snow\snow-20260827\result/.temp/undistort/971.jpg,0.0,2912,1456,2308.921016,1456.0,728.0,1.0,-7.227253845344581e-17,-1.8347075535079408e-16,-2.3711267689839853e-16,0.5591929034707471,0.829037572555042,2.1156670351327712e-17,-0.8290375725550421,0.5591929034707467
222,2,G:/S1/USA/2026-02-24_16-21-11snow/camera/right/1771971740893400064.jpg,pitch_down_56,7,976,D:\mipmap-lite\1fad9647-f717-4cd4-9391-11f219d7e5d1\snow\snow-20260827\result/.temp/undistort/976.jpg,0.0,2912,1456,2308.921016,1456.0,728.0,0.9999999999999998,-2.166696499230917e-16,-8.251393435612881e-17,-2.4016739642618443e-16,0.5591929034707465,0.8290375725550414,1.2284701702342623e-16,-0.8290375725550413,0.5591929034707467
251,2,G:/S1/USA/2026-02-24_16-21-11snow/camera/right/1771971755394281216.jpg,pitch_down_56,7,978,D:\mipmap-lite\1fad9647-f717-4cd4-9391-11f219d7e5d1\snow\snow-20260827\result/.temp/undistort/978.jpg,0.0,2912,1456,2308.921016,1456.0,728.0,0.9999999999999999,2.1663870458395217e-17,-1.919009522313617e-16,-1.60662391228064e-16,0.5591929034707468,0.8290375725550418,-9.447090231219552e-17,-0.8290375725550417,0.5591929034707469
335,2,G:/S1/USA/2026-02-24_16-21-11snow/camera/right/1771971797396828160.jpg,pitch_down_56,7,988,D:\mipmap-lite\1fad9647-f717-4cd4-9391-11f219d7e5d1\snow\snow-20260827\result/.temp/undistort/988.jpg,0.0,2912,1456,2308.921016,1456.0,728.0,1.0,-5.3049612470682196e-17,-6.226222984388859e-17,-1.1074885097379316e-16,0.5591929034707461,0.8290375725550413,1.8741938825991522e-17,-0.8290375725550413,0.5591929034707469
195,2,G:/S1/USA/2026-02-24_16-21-11snow/camera/right/1771971727392548096.jpg,pitch_down_56,7,1001,D:\mipmap-lite\1fad9647-f717-4cd4-9391-11f219d7e5d1\snow\snow-20260827\result/.temp/undistort/1001.jpg,0.0,2912,1456,2308.921016,1456.0,728.0,1.0000000000000002,-1.0947966416595959e-16,4.408349930153876e-17,-1.655007849296045e-18,0.5591929034707472,0.8290375725550416,6.991091632242196e-17,-0.8290375725550421,0.5591929034707467
279,2,G:/S1/USA/2026-02-24_16-21-11snow/camera/right/1771971769395096064.jpg,pitch_down_56,7,1014,D:\mipmap-lite\1fad9647-f717-4cd4-9391-11f219d7e5d1\snow\snow-20260827\result/.temp/undistort/1014.jpg,0.0,2912,1456,2308.921016,1456.0,728.0,1.0000000000000002,-1.5088918866950367e-16,-7.612568421944539e-17,-1.496146036298363e-16,0.5591929034707469,0.8290375725550418,8.710854031776506e-17,-0.829037572555042,0.5591929034707469
223,2,G:/S1/USA/2026-02-24_16-21-11snow/camera/right/1771971741393434112.jpg,pitch_down_56,7,1028,D:\mipmap-lite\1fad9647-f717-4cd4-9391-11f219d7e5d1\snow\snow-20260827\result/.temp/undistort/1028.jpg,0.0,2912,1456,2308.921016,1456.0,728.0,0.9999999999999999,-1.0368918492477801e-16,-4.6366424480347596e-17,-9.444872261809629e-17,0.5591929034707469,0.829037572555042,4.6861791299869645e-17,-0.8290375725550417,0.5591929034707468
252,2,G:/S1/USA/2026-02-24_16-21-11snow/camera/right/1771971755894257920.jpg,pitch_down_56,7,1022,D:\mipmap-lite\1fad9647-f717-4cd4-9391-11f219d7e5d1\snow\snow-20260827\result/.temp/undistort/1022.jpg,0.0,2912,1456,2308.921016,1456.0,728.0,0.9999999999999997,-9.116139584696737e-18,3.792016158356609e-17,7.573962136369753e-18,0.5591929034707468,0.8290375725550415,4.86787181364917e-17,-0.8290375725550417,0.5591929034707468
306,2,G:/S1/USA/2026-02-24_16-21-11snow/camera/right/1771971782895938048.jpg,pitch_down_56,7,1024,D:\mipmap-lite\1fad9647-f717-4cd4-9391-11f219d7e5d1\snow\snow-20260827\result/.temp/undistort/1024.jpg,0.0,2912,1456,2308.921016,1456.0,728.0,1.0,-1.4808597568332674e-16,-4.5977081770864437e-17,-1.2156259797124036e-16,0.559192903470747,0.829037572555042,3.6606916226908444e-17,-0.8290375725550421,0.5591929034707469
336,2,G:/S1/USA/2026-02-24_16-21-11snow/camera/right/1771971797896910080.jpg,pitch_down_56,7,1045,D:\mipmap-lite\1fad9647-f717-4cd4-9391-11f219d7e5d1\snow\snow-20260827\result/.temp/undistort/1045.jpg,0.0,2912,1456,2308.921016,1456.0,728.0,1.0,8.048494368372269e-17,1.2157928914800753e-17,4.8922847782174973e-17,0.5591929034707468,0.8290375725550417,-6.121721612719971e-17,-0.8290375725550418,0.5591929034707469
196,2,G:/S1/USA/2026-02-24_16-21-11snow/camera/right/1771971727892537088.jpg,pitch_down_56,7,1046,D:\mipmap-lite\1fad9647-f717-4cd4-9391-11f219d7e5d1\snow\snow-20260827\result/.temp/undistort/1046.jpg,0.0,2912,1456,2308.921016,1456.0,728.0,1.0,-1.6915725646345422e-16,-5.738134750855389e-17,-1.8051945405589935e-16,0.5591929034707476,0.8290375725550418,1.0256654270365959e-16,-0.8290375725550423,0.5591929034707465
280,2,G:/S1/USA/2026-02-24_16-21-11snow/camera/right/1771971769895129088.jpg,pitch_down_56,7,1062,D:\mipmap-lite\1fad9647-f717-4cd4-9391-11f219d7e5d1\snow\snow-20260827\result/.temp/undistort/1062.jpg,0.0,2912,1456,2308.921016,1456.0,728.0,1.0000000000000004,-4.847857006872867e-17,-1.0956288409065341e-16,-9.133487492610913e-17,0.5591929034707468,0.8290375725550416,-2.2171053740444793e-17,-0.8290375725550418,0.5591929034707468
253,2,G:/S1/USA/2026-02-24_16-21-11snow/camera/right/1771971756394333184.jpg,pitch_down_56,7,1065,D:\mipmap-lite\1fad9647-f717-4cd4-9391-11f219d7e5d1\snow\snow-20260827\result/.temp/undistort/1065.jpg,0.0,2912,1456,2308.921016,1456.0,728.0,0.9999999999999996,-3.545041243009062e-17,-1.583795196558679e-16,-1.6925611696544283e-16,0.5591929034707468,0.8290375725550417,-1.113551525162052e-16,-0.8290375725550417,0.5591929034707467
224,2,G:/S1/USA/2026-02-24_16-21-11snow/camera/right/1771971741893396224.jpg,pitch_down_56,7,1067,D:\mipmap-lite\1fad9647-f717-4cd4-9391-11f219d7e5d1\snow\snow-20260827\result/.temp/undistort/1067.jpg,0.0,2912,1456,2308.921016,1456.0,728.0,1.0,-2.8488382129426405e-17,-8.171227431576046e-17,-8.944437262313921e-17,0.5591929034707467,0.8290375725550418,-1.898935888490683e-17,-0.8290375725550416,0.559192903470747
307,2,G:/S1/USA/2026-02-24_16-21-11snow/camera/right/1771971783395969280.jpg,pitch_down_56,7,1073,D:\mipmap-lite\1fad9647-f717-4cd4-9391-11f219d7e5d1\snow\snow-20260827\result/.temp/undistort/1073.jpg,0.0,2912,1456,2308.921016,1456.0,728.0,1.0,5.3912111014227674e-17,1.4559739323302537e-17,-2.097528364019629e-17,0.5591929034707468,0.829037572555042,-5.104490502813936e-17,-0.829037572555042,0.559192903470747
197,2,G:/S1/USA/2026-02-24_16-21-11snow/camera/right/1771971728392613120.jpg,pitch_down_56,7,1100,D:\mipmap-lite\1fad9647-f717-4cd4-9391-11f219d7e5d1\snow\snow-20260827\result/.temp/undistort/1100.jpg,0.0,2912,1456,2308.921016,1456.0,728.0,1.0000000000000002,7.469641927566347e-17,-1.188748636241627e-18,8.204113921767559e-17,0.5591929034707463,0.8290375725550417,-7.223882405690018e-17,-0.8290375725550414,0.5591929034707469
337,2,G:/S1/USA/2026-02-24_16-21-11snow/camera/right/1771971798396929024.jpg,pitch_down_56,7,1094,D:\mipmap-lite\1fad9647-f717-4cd4-9391-11f219d7e5d1\snow\snow-20260827\result/.temp/undistort/1094.jpg,0.0,2912,1456,2308.921016,1456.0,728.0,0.9999999999999999,-6.604358630099338e-17,-1.5258747798666515e-17,-6.368933696822283e-17,0.5591929034707465,0.8290375725550416,5.658563118236412e-17,-0.8290375725550416,0.5591929034707469
308,2,G:/S1/USA/2026-02-24_16-21-11snow/camera/right/1771971783895998976.jpg,pitch_down_56,7,1102,D:\mipmap-lite\1fad9647-f717-4cd4-9391-11f219d7e5d1\snow\snow-20260827\result/.temp/undistort/1102.jpg,0.0,2912,1456,2308.921016,1456.0,728.0,0.9999999999999999,-6.02668964358215e-17,-1.302077626623459e-16,-1.1599379414402852e-16,0.5591929034707471,0.8290375725550418,-2.219597207107576e-17,-0.8290375725550421,0.5591929034707468
281,2,G:/S1/USA/2026-02-24_16-21-11snow/camera/right/1771971770395156992.jpg,pitch_down_56,7,1107,D:\mipmap-lite\1fad9647-f717-4cd4-9391-11f219d7e5d1\snow\snow-20260827\result/.temp/undistort/1107.jpg,0.0,2912,1456,2308.921016,1456.0,728.0,0.9999999999999998,1.452513262465561e-16,-2.0786209738090413e-17,1.0817975259959868e-16,0.5591929034707468,0.8290375725550417,-1.145230463769887e-16,-0.8290375725550416,0.5591929034707467
254,2,G:/S1/USA/2026-02-24_16-21-11snow/camera/right/1771971756894323200.jpg,pitch_down_56,7,1114,D:\mipmap-lite\1fad9647-f717-4cd4-9391-11f219d7e5d1\snow\snow-20260827\result/.temp/undistort/1114.jpg,0.0,2912,1456,2308.921016,1456.0,728.0,1.0000000000000002,-8.707728558113524e-17,-3.436715289023609e-17,-6.87027079342854e-17,0.5591929034707468,0.829037572555042,4.789028099279189e-17,-0.8290375725550417,0.5591929034707469
225,2,G:/S1/USA/2026-02-24_16-21-11snow/camera/right/1771971742393426176.jpg,pitch_down_56,7,1118,D:\mipmap-lite\1fad9647-f717-4cd4-9391-11f219d7e5d1\snow\snow-20260827\result/.temp/undistort/1118.jpg,0.0,2912,1456,2308.921016,1456.0,728.0,1.0000000000000002,2.5540948506605294e-16,-9.467208808449854e-18,1.2706532812529727e-16,0.5591929034707469,0.8290375725550418,-2.3912459207967473e-16,-0.8290375725550417,0.5591929034707468
198,2,G:/S1/USA/2026-02-24_16-21-11snow/camera/right/1771971728892646144.jpg,pitch_down_56,7,1141,D:\mipmap-lite\1fad9647-f717-4cd4-9391-11f219d7e5d1\snow\snow-20260827\result/.temp/undistort/1141.jpg,0.0,2912,1456,2308.921016,1456.0,728.0,1.0,-2.5473433938109977e-17,-8.354283650620125e-17,-5.0518799257743296e-17,0.559192903470747,0.8290375725550418,4.971431090159535e-18,-0.829037572555042,0.5591929034707467
309,2,G:/S1/USA/2026-02-24_16-21-11snow/camera/right/1771971784396033024.jpg,pitch_down_56,7,1145,D:\mipmap-lite\1fad9647-f717-4cd4-9391-11f219d7e5d1\snow\snow-20260827\result/.temp/undistort/1145.jpg,0.0,2912,1456,2308.921016,1456.0,728.0,1.0000000000000002,-1.724634781173115e-16,-7.252850326040654e-17,-1.2861424175988307e-16,0.5591929034707471,0.829037572555042,1.0862303535779229e-16,-0.8290375725550422,0.5591929034707468
338,2,G:/S1/USA/2026-02-24_16-21-11snow/camera/right/1771971798896972288.jpg,pitch_down_56,7,1148,D:\mipmap-lite\1fad9647-f717-4cd4-9391-11f219d7e5d1\snow\snow-20260827\result/.temp/undistort/1148.jpg,0.0,2912,1456,2308.921016,1456.0,728.0,0.9999999999999999,5.063422559013275e-17,1.2822687891470946e-16,6.845058806023219e-17,0.559192903470747,0.8290375725550417,1.6469392448623342e-17,-0.8290375725550418,0.5591929034707467
282,2,G:/S1/USA/2026-02-24_16-21-11snow/camera/right/1771971770895253248.jpg,pitch_down_56,7,1155,D:\mipmap-lite\1fad9647-f717-4cd4-9391-11f219d7e5d1\snow\snow-20260827\result/.temp/undistort/1155.jpg,0.0,2912,1456,2308.921016,1456.0,728.0,0.9999999999999996,3.850977133065315e-16,1.8862167796868972e-16,3.5029690502945307e-16,0.5591929034707465,0.8290375725550417,-2.243097766849171e-16,-0.8290375725550415,0.5591929034707468
255,2,G:/S1/USA/2026-02-24_16-21-11snow/camera/right/1771971757394390016.jpg,pitch_down_56,7,1158,D:\mipmap-lite\1fad9647-f717-4cd4-9391-11f219d7e5d1\snow\snow-20260827\result/.temp/undistort/1158.jpg,0.0,2912,1456,2308.921016,1456.0,728.0,1.0000000000000007,-7.199492178349338e-17,6.016420889693728e-17,9.550380338782092e-18,0.5591929034707469,0.829037572555042,1.1175352087687732e-16,-0.8290375725550417,0.5591929034707469
226,2,G:/S1/USA/2026-02-24_16-21-11snow/camera/right/1771971742893549056.jpg,pitch_down_56,7,1179,D:\mipmap-lite\1fad9647-f717-4cd4-9391-11f219d7e5d1\snow\snow-20260827\result/.temp/undistort/1179.jpg,0.0,2912,1456,2308.921016,1456.0,728.0,0.9999999999999997,-1.804946259083979e-16,3.888811088945795e-17,-5.742359639731896e-17,0.5591929034707467,0.8290375725550415,1.0790949133301764e-16,-0.8290375725550417,0.5591929034707468
199,2,G:/S1/USA/2026-02-24_16-21-11snow/camera/right/1771971729392691200.jpg,pitch_down_56,7,1187,D:\mipmap-lite\1fad9647-f717-4cd4-9391-11f219d7e5d1\snow\snow-20260827\result/.temp/undistort/1187.jpg,0.0,2912,1456,2308.921016,1456.0,728.0,0.9999999999999999,-7.734820666371373e-17,-1.5988893135253285e-17,-1.4680945734397104e-16,0.559192903470747,0.829037572555042,-2.2259603206982383e-18,-0.8290375725550418,0.5591929034707469
310,2,G:/S1/USA/2026-02-24_16-21-11snow/camera/right/1771971784896078080.jpg,pitch_down_56,7,1198,D:\mipmap-lite\1fad9647-f717-4cd4-9391-11f219d7e5d1\snow\snow-20260827\result/.temp/undistort/1198.jpg,0.0,2912,1456,2308.921016,1456.0,728.0,0.9999999999999999,-1.2204803462899168e-17,1.025866619076998e-16,8.884331325428826e-17,0.5591929034707465,0.8290375725550415,3.092683894394596e-17,-0.8290375725550415,0.5591929034707469
283,2,G:/S1/USA/2026-02-24_16-21-11snow/camera/right/1771971771395224064.jpg,pitch_down_56,7,1202,D:\mipmap-lite\1fad9647-f717-4cd4-9391-11f219d7e5d1\snow\snow-20260827\result/.temp/undistort/1202.jpg,0.0,2912,1456,2308.921016,1456.0,728.0,1.0000000000000002,-2.1242875009724075e-16,-6.99687829243711e-17,-1.6431103833954065e-16,0.559192903470747,0.8290375725550417,1.3062526687875902e-16,-0.8290375725550421,0.5591929034707469
339,2,G:/S1/USA/2026-02-24_16-21-11snow/camera/right/1771971799396945920.jpg,pitch_down_56,7,1204,D:\mipmap-lite\1fad9647-f717-4cd4-9391-11f219d7e5d1\snow\snow-20260827\result/.temp/undistort/1204.jpg,0.0,2912,1456,2308.921016,1456.0,728.0,0.9999999999999998,-1.3134445111733738e-16,-1.778238193779112e-17,-6.367401762856142e-17,0.5591929034707462,0.8290375725550414,1.1181241616400582e-16,-0.8290375725550413,0.5591929034707468
256,2,G:/S1/USA/2026-02-24_16-21-11snow/camera/right/1771971757894434048.jpg,pitch_down_56,7,1205,D:\mipmap-lite\1fad9647-f717-4cd4-9391-11f219d7e5d1\snow\snow-20260827\result/.temp/undistort/1205.jpg,0.0,2912,1456,2308.921016,1456.0,728.0,0.9999999999999999,9.180370881843475e-19,-3.389790277413194e-17,-3.430766288543072e-17,0.5591929034707467,0.8290375725550416,-3.5838834796626476e-17,-0.8290375725550417,0.5591929034707468
227,2,G:/S1/USA/2026-02-24_16-21-11snow/camera/right/1771971743393536000.jpg,pitch_down_56,7,1224,D:\mipmap-lite\1fad9647-f717-4cd4-9391-11f219d7e5d1\snow\snow-20260827\result/.temp/undistort/1224.jpg,0.0,2912,1456,2308.921016,1456.0,728.0,1.0000000000000002,2.2190064041775229e-16,1.2306050143808126e-16,2.081463583923363e-16,0.5591929034707469,0.8290375725550418,-8.527960303694449e-17,-0.8290375725550417,0.5591929034707468
200,2,G:/S1/USA/2026-02-24_16-21-11snow/camera/right/1771971729892662016.jpg,pitch_down_56,7,1229,D:\mipmap-lite\1fad9647-f717-4cd4-9391-11f219d7e5d1\snow\snow-20260827\result/.temp/undistort/1229.jpg,0.0,2912,1456,2308.921016,1456.0,728.0,1.0,-5.2998101500263245e-17,4.690097213453248e-17,1.556744853975532e-17,0.5591929034707471,0.8290375725550417,7.198134682250952e-17,-0.8290375725550418,0.5591929034707466
257,2,G:/S1/USA/2026-02-24_16-21-11snow/camera/right/1771971758394459904.jpg,pitch_down_56,7,1242,D:\mipmap-lite\1fad9647-f717-4cd4-9391-11f219d7e5d1\snow\snow-20260827\result/.temp/undistort/1242.jpg,0.0,2912,1456,2308.921016,1456.0,728.0,1.0,1.3506207490886446e-17,-1.358871506343337e-16,-3.954691015646745e-17,0.5591929034707469,0.8290375725550418,-4.766211023581744e-17,-0.8290375725550418,0.5591929034707469
340,2,G:/S1/USA/2026-02-24_16-21-11snow/camera/right/1771971799897061120.jpg,pitch_down_56,7,1248,D:\mipmap-lite\1fad9647-f717-4cd4-9391-11f219d7e5d1\snow\snow-20260827\result/.temp/undistort/1248.jpg,0.0,2912,1456,2308.921016,1456.0,728.0,1.0,-2.0327882065465975e-16,-8.240971790238658e-17,-1.8019070718928346e-16,0.559192903470746,0.8290375725550415,1.2533053659957736e-16,-0.8290375725550413,0.559192903470747
172,2,G:/S1/USA/2026-02-24_16-21-11snow/camera/right/1771971715891771136.jpg,pitch_down_56,7,1251,D:\mipmap-lite\1fad9647-f717-4cd4-9391-11f219d7e5d1\snow\snow-20260827\result/.temp/undistort/1251.jpg,0.0,2912,1456,2308.921016,1456.0,728.0,0.9999999999999999,5.133440672076066e-17,-6.595247402864467e-18,-3.342500567731864e-17,0.559192903470747,0.8290375725550416,-1.9351024792080248e-17,-0.8290375725550417,0.5591929034707467
284,2,G:/S1/USA/2026-02-24_16-21-11snow/camera/right/1771971771895253248.jpg,pitch_down_56,7,1252,D:\mipmap-lite\1fad9647-f717-4cd4-9391-11f219d7e5d1\snow\snow-20260827\result/.temp/undistort/1252.jpg,0.0,2912,1456,2308.921016,1456.0,728.0,0.9999999999999999,6.537164285528366e-17,5.929001742656143e-17,1.37938560476629e-16,0.5591929034707467,0.8290375725550416,-4.162232277879149e-17,-0.8290375725550415,0.5591929034707467
311,2,G:/S1/USA/2026-02-24_16-21-11snow/camera/right/1771971785396163072.jpg,pitch_down_56,7,1259,D:\mipmap-lite\1fad9647-f717-4cd4-9391-11f219d7e5d1\snow\snow-20260827\result/.temp/undistort/1259.jpg,0.0,2912,1456,2308.921016,1456.0,728.0,1.0,-1.4475354902356216e-16,8.396949973174445e-17,-6.821696800498567e-17,0.5591929034707471,0.8290375725550417,1.1828227283787544e-16,-0.829037572555042,0.5591929034707467
201,2,G:/S1/USA/2026-02-24_16-21-11snow/camera/right/1771971730392760064.jpg,pitch_down_56,7,1263,D:\mipmap-lite\1fad9647-f717-4cd4-9391-11f219d7e5d1\snow\snow-20260827\result/.temp/undistort/1263.jpg,0.0,2912,1456,2308.921016,1456.0,728.0,0.9999999999999998,-3.581015251152433e-17,3.489915557617226e-18,5.4311051728044874e-18,0.5591929034707471,0.8290375725550418,5.078357367914753e-17,-0.829037572555042,0.5591929034707467
228,2,G:/S1/USA/2026-02-24_16-21-11snow/camera/right/1771971743893518080.jpg,pitch_down_56,7,1278,D:\mipmap-lite\1fad9647-f717-4cd4-9391-11f219d7e5d1\snow\snow-20260827\result/.temp/undistort/1278.jpg,0.0,2912,1456,2308.921016,1456.0,728.0,1.0000000000000007,2.2228347955458887e-16,1.177411412047516e-16,2.1021630513208178e-16,0.5591929034707471,0.8290375725550418,-1.14134810843845e-16,-0.8290375725550423,0.5591929034707469
258,2,G:/S1/USA/2026-02-24_16-21-11snow/camera/right/1771971758894445056.jpg,pitch_down_56,7,1287,D:\mipmap-lite\1fad9647-f717-4cd4-9391-11f219d7e5d1\snow\snow-20260827\result/.temp/undistort/1287.jpg,0.0,2912,1456,2308.921016,1456.0,728.0,1.0,-8.942693981142004e-18,1.771326291375895e-17,-1.182376847709943e-17,0.5591929034707468,0.8290375725550417,-1.548279370821909e-17,-0.8290375725550417,0.5591929034707467
285,2,G:/S1/USA/2026-02-24_16-21-11snow/camera/right/1771971772395354112.jpg,pitch_down_56,7,1296,D:\mipmap-lite\1fad9647-f717-4cd4-9391-11f219d7e5d1\snow\snow-20260827\result/.temp/undistort/1296.jpg,0.0,2912,1456,2308.921016,1456.0,728.0,0.9999999999999999,3.617258053357059e-16,1.4535212545501018e-16,3.2509473415532857e-16,0.5591929034707467,0.8290375725550418,-1.915082232983329e-16,-0.8290375725550417,0.5591929034707468
341,2,G:/S1/USA/2026-02-24_16-21-11snow/camera/right/1771971800397073152.jpg,pitch_down_56,7,1298,D:\mipmap-lite\1fad9647-f717-4cd4-9391-11f219d7e5d1\snow\snow-20260827\result/.temp/undistort/1298.jpg,0.0,2912,1456,2308.921016,1456.0,728.0,0.9999999999999999,9.17564724610595e-17,2.0775497853132905e-17,5.443616925678976e-17,0.5591929034707468,0.8290375725550417,-1.1355063744681465e-17,-0.8290375725550417,0.5591929034707467
312,2,G:/S1/USA/2026-02-24_16-21-11snow/camera/right/1771971785896187904.jpg,pitch_down_56,7,1306,D:\mipmap-lite\1fad9647-f717-4cd4-9391-11f219d7e5d1\snow\snow-20260827\result/.temp/undistort/1306.jpg,0.0,2912,1456,2308.921016,1456.0,728.0,1.0,-5.571102312098752e-17,-5.033906496735599e-17,-9.07789260243839e-17,0.559192903470747,0.829037572555042,3.2768833781511185e-17,-0.8290375725550421,0.559192903470747
202,2,G:/S1/USA/2026-02-24_16-21-11snow/camera/right/1771971730892811008.jpg,pitch_down_56,7,1308,D:\mipmap-lite\1fad9647-f717-4cd4-9391-11f219d7e5d1\snow\snow-20260827\result/.temp/undistort/1308.jpg,0.0,2912,1456,2308.921016,1456.0,728.0,1.0,-1.6533508254121527e-17,1.1943471643238931e-16,5.017946256801844e-17,0.5591929034707468,0.8290375725550415,4.7537578299251913e-17,-0.8290375725550417,0.5591929034707468
173,2,G:/S1/USA/2026-02-24_16-21-11snow/camera/right/1771971716391805184.jpg,pitch_down_56,7,1310,D:\mipmap-lite\1fad9647-f717-4cd4-9391-11f219d7e5d1\snow\snow-20260827\result/.temp/undistort/1310.jpg,0.0,2912,1456,2308.921016,1456.0,728.0,1.0,4.7809202379030253e-17,5.1754533569231926e-17,5.723087522185767e-17,0.5591929034707467,0.8290375725550417,5.29801180253051e-18,-0.8290375725550416,0.5591929034707469
229,2,G:/S1/USA/2026-02-24_16-21-11snow/camera/right/1771971744393548032.jpg,pitch_down_56,7,1321,D:\mipmap-lite\1fad9647-f717-4cd4-9391-11f219d7e5d1\snow\snow-20260827\result/.temp/undistort/1321.jpg,0.0,2912,1456,2308.921016,1456.0,728.0,1.0,-1.111543931426548e-17,1.787508978276769e-17,-2.8866291641361627e-17,0.5591929034707468,0.8290375725550417,7.466706886434215e-17,-0.8290375725550417,0.5591929034707468
286,2,G:/S1/USA/2026-02-24_16-21-11snow/camera/right/1771971772895382272.jpg,pitch_down_56,7,1337,D:\mipmap-lite\1fad9647-f717-4cd4-9391-11f219d7e5d1\snow\snow-20260827\result/.temp/undistort/1337.jpg,0.0,2912,1456,2308.921016,1456.0,728.0,0.9999999999999997,1.386523471079826e-16,1.4374400489470035e-16,1.7321655013988827e-16,0.5591929034707465,0.8290375725550415,-8.688919825390349e-17,-0.8290375725550416,0.5591929034707469
342,2,G:/S1/USA/2026-02-24_16-21-11snow/camera/right/1771971800897038080.jpg,pitch_down_56,7,1345,D:\mipmap-lite\1fad9647-f717-4cd4-9391-11f219d7e5d1\snow\snow-20260827\result/.temp/undistort/1345.jpg,0.0,2912,1456,2308.921016,1456.0,728.0,0.9999999999999998,-3.830139552181598e-17,1.642978401302806e-17,-1.7457622724723337e-17,0.5591929034707466,0.8290375725550416,-3.9951765385816403e-17,-0.8290375725550416,0.5591929034707468
174,2,G:/S1/USA/2026-02-24_16-21-11snow/camera/right/1771971716891836160.jpg,pitch_down_56,7,1349,D:\mipmap-lite\1fad9647-f717-4cd4-9391-11f219d7e5d1\snow\snow-20260827\result/.temp/undistort/1349.jpg,0.0,2912,1456,2308.921016,1456.0,728.0,1.0000000000000002,1.1379729895540948e-16,-2.769110604370599e-17,1.5696589663688143e-17,0.5591929034707466,0.8290375725550416,-1.182386306080782e-16,-0.8290375725550414,0.559192903470747
313,2,G:/S1/USA/2026-02-24_16-21-11snow/camera/right/1771971786396216064.jpg,pitch_down_56,7,1350,D:\mipmap-lite\1fad9647-f717-4cd4-9391-11f219d7e5d1\snow\snow-20260827\result/.temp/undistort/1350.jpg,0.0,2912,1456,2308.921016,1456.0,728.0,0.9999999999999999,-2.7663206802971894e-17,3.149283561573562e-17,1.9435989334832136e-17,0.5591929034707465,0.8290375725550415,3.3463670523564e-17,-0.8290375725550415,0.5591929034707468
230,2,G:/S1/USA/2026-02-24_16-21-11snow/camera/right/1771971744893620992.jpg,pitch_down_56,7,1358,D:\mipmap-lite\1fad9647-f717-4cd4-9391-11f219d7e5d1\snow\snow-20260827\result/.temp/undistort/1358.jpg,0.0,2912,1456,2308.921016,1456.0,728.0,1.0000000000000002,9.91016761014603e-18,5.1725694531384226e-17,8.377607831097496e-17,0.5591929034707469,0.8290375725550418,1.8430182697411732e-17,-0.829037572555042,0.5591929034707468
314,2,G:/S1/USA/2026-02-24_16-21-11snow/camera/right/1771971786896185088.jpg,pitch_down_56,7,1365,D:\mipmap-lite\1fad9647-f717-4cd4-9391-11f219d7e5d1\snow\snow-20260827\result/.temp/undistort/1365.jpg,0.0,2912,1456,2308.921016,1456.0,728.0,1.0,1.1253869464981773e-16,2.4895574064365296e-17,-6.304786978940214e-19,0.5591929034707465,0.8290375725550417,-6.838074990292686e-17,-0.8290375725550414,0.5591929034707469
