image_id,camera_id,timestamp,source_path,raw_x,raw_y,raw_z,pos_diff_raw_minus_corrected_x,pos_diff_raw_minus_corrected_y,pos_diff_raw_minus_corrected_z,pos_correction_norm_m,corrected_x,corrected_y,corrected_z,mvs_center_x,mvs_center_y,mvs_center_z,rotation_correction_deg,raw_w2c_00,raw_w2c_01,raw_w2c_02,raw_w2c_10,raw_w2c_11,raw_w2c_12,raw_w2c_20,raw_w2c_21,raw_w2c_22,optimized_w2c_00,optimized_w2c_01,optimized_w2c_02,optimized_w2c_10,optimized_w2c_11,optimized_w2c_12,optimized_w2c_20,optimized_w2c_21,optimized_w2c_22,delta_w2c_00,delta_w2c_01,delta_w2c_02,delta_w2c_10,delta_w2c_11,delta_w2c_12,delta_w2c_20,delta_w2c_21,delta_w2c_22
1,1,1771971715.891788,G:/S1/USA/2026-02-24_16-21-11snow/camera/left/1771971715891788032.jpg,-0.003116,0.015365,-0.028114,0.005353962054557293,-0.015283111446176889,-0.004987498278386404,0.016944425166844985,-0.008469962054557294,0.03064811144617689,-0.023126501721613596,-2.775490836,4.253532657,-1.438167393,0.5386041868071868,0.8998262150506754,-0.43590883844607053,0.017212416221242588,0.016289543194675987,-0.005854617212482038,-0.9998501758962709,0.4359443009033201,0.8999717817920142,0.0018326178059301368,0.9035895421970126,-0.42792177412084653,0.0202211390742521,0.01948797367653957,-0.00609409076758766,-0.9997915187376311,0.4279557899061252,0.9037952297345807,0.00283277158289359,0.9999564958795241,-0.0029937303979744225,0.008834247373013271,0.0029834298652714913,0.9999948546271032,0.0011789255944767013,-0.008837731302905372,-0.0011525179489058402,0.9999602823151503
2,1,1771971716.3918211,G:/S1/USA/2026-02-24_16-21-11snow/camera/left/1771971716391821056.jpg,0.002815257553,0.015203549213,-0.027188535664,0.01131710593924451,-0.015510743721243614,-0.004100760499937239,0.019633550221598413,-0.00850184838624451,0.030714292934243614,-0.02308777516406276,-2.775522722,4.253598838,-1.438128666,0.5287798931696646,0.8997632139532504,-0.4360260309989613,0.017534511906812572,0.016677104060345865,-0.005793998626039132,-0.999844139743831,0.4360596668079699,0.8999154015079495,0.0020584246665835693,0.903499893290218,-0.42810466202884034,0.02035537211001459,0.01950953538277367,-0.00636344983564522,-0.9997894200957207,0.4281440421793967,0.9037067582215823,0.00260274680391892,0.9999576659444429,-0.0028039999539947115,0.008763783612108701,0.00279777254306282,0.9999958250319416,0.0007227637810559083,-0.00876577365320071,-0.0006982141103705354,0.9999613361072098
3,1,1771971716.8918521,G:/S1/USA/2026-02-24_16-21-11snow/camera/left/1771971716891852032.jpg,0.000296888665,0.01538773902,-0.028601567657,0.008762591232622352,-0.01527598527466889,-0.0055281241032509865,0.018458030429135047,-0.008465702567622352,0.03066372429466889,-0.023073443553749014,-2.775486576,4.25354827,-1.438114335,0.5308859372199638,0.8999213507689462,-0.4357060505163524,0.017372391131822706,0.016476478255485594,-0.005834673563876125,-0.9998472294549301,0.43574084969680293,0.9000701051183986,0.0019281539522170155,0.9036520456711312,-0.42778743622977067,0.02027041584032105,0.01946593119577764,-0.00625485847510462,-0.9997909552842222,0.4278247981090634,0.9038577245061395,0.00267506514365512,0.999957489458058,-0.002882315791690674,0.008758511997748568,0.002874327253149978,0.999995441724488,0.0009245393923774321,-0.008761136888528706,-0.000899325259974731,0.9999612160951532
4,1,1771971717.391916,G:/S1/USA/2026-02-24_16-21-11snow/camera/left/1771971717391916032.jpg,0.000199325525,0.015501571138,-0.028792280729,0.008670586092399457,-0.015105981464684781,-0.0056966151388024855,0.018325423957899167,-0.008471260567399457,0.03060755260268478,-0.023095665590197514,-2.775492134,4.253492098,-1.438136557,0.5382810782181557,0.899849489996339,-0.43585760980126054,0.017292753732726235,0.01647111461917808,-0.0056637908436818485,-0.9998483004218595,0.4358894329259778,0.8999978141371294,0.0020825013465444187,0.9036347020558763,-0.4278265970181341,0.02021702560395255,0.01949498714381231,-0.00606896386866304,-0.999791534848052,0.4278601064795015,0.9038404563646419,0.0028563476514023,0.9999563118186824,-0.002906967575393132,0.008883917688366954,0.0028986095284186334,0.9999953444037222,0.0009535374575568432,-0.00888664823090389,-0.0009277447907782352,0.9999600825897119
5,1,1771971717.891949,G:/S1/USA/2026-02-24_16-21-11snow/camera/left/1771971717891949056.jpg,-0.003666514402,0.015475128823,-0.028148872182,0.0047867759023554335,-0.015136597959501508,-0.005056093105689108,0.01666114938473192,-0.008453290304355434,0.030611726782501507,-0.023092779076310892,-2.775474164,4.253496272,-1.43813367,0.5386882249017941,0.8998397184163542,-0.4358713023783871,0.017455340825805854,0.016642244907460274,-0.005683531934944641,-0.9998453546169954,0.4359031048809088,0.8999910584154232,0.0021396091863638,0.9036634943410801,-0.4277677843493999,0.02017453018223794,0.01943921678671404,-0.0060870259865371,-0.9997925109568276,0.4278018301106108,0.9038681711330722,0.00281484752120124,0.9999561588712377,-0.0027011892344450464,0.008965707568279946,0.0026936202701145816,0.9999960056742027,0.0008561807526550652,-0.008967984462554783,-0.0008319930050825496,0.9999594406986313
6,1,1771971718.3919911,G:/S1/USA/2026-02-24_16-21-11snow/camera/left/1771971718391991040.jpg,0.001529289138,0.01489357991,-0.028327357061,0.009972829157871566,-0.015720286403469785,-0.005270619027304857,0.019348492213870264,-0.008443540019871566,0.030613866313469785,-0.023056738033695144,-2.775464414,4.253498412,-1.438097629,0.5259984076797602,0.8998952641219836,-0.43575755226418644,0.017431846016708413,0.016641582953992623,-0.005630364860915282,-0.9998456664447358,0.43578844790518567,0.9000464735980346,0.0021849567802167957,0.9036259180794097,-0.4278488951966977,0.02013760298817074,0.01936595738286007,-0.00615606066594916,-0.9997935099867984,0.4278845169783423,0.9038293123129181,0.00272292749966217,0.9999581071218252,-0.0026877840199139255,0.008749846764307885,0.002681636746813488,0.9999961493537977,0.0007142142079690482,-0.008751732725278606,-0.0006907203768681509,0.9999614642973328
7,1,1771971718.892033,G:/S1/USA/2026-02-24_16-21-11snow/camera/left/1771971718892033024.jpg,0.000724535699,0.015284804665,-0.027975888713,0.009183625614926694,-0.015341687578290575,-0.004864619034446127,0.018530269170611326,-0.008459089915926693,0.030626492243290573,-0.023111269678553873,-2.775479964,4.253511038,-1.438152161,0.5499648468478839,0.8997946547577382,-0.43596741437235864,0.017377942193565754,0.016588283212191496,-0.00561791582574922,-0.9998466221785458,0.4359981744565852,0.8999449164405873,0.002176980310007348,0.9036888496147981,-0.4277110490074544,0.02024158192498626,0.01948554671690836,-0.0061454695535381,-0.9997912515485969,0.42774615901376156,0.9038946242571142,0.00278059131559302,0.9999542336224327,-0.0028449860710712395,0.009134369974388129,0.0028379006772221186,0.9999956622426714,0.0007885528442746335,-0.009136573773566236,-0.0007625943203309916,0.9999579698515251
8,1,1771971719.3920581,G:/S1/USA/2026-02-24_16-21-11snow/camera/left/1771971719392058112.jpg,0.002876772353,0.016379868427,-0.02664992375,0.009131973354701284,-0.015849904227891898,-0.005026123159699525,0.018970353591875603,-0.006255201001701283,0.032229772654891894,-0.021623800590300474,-2.773276075,4.255114318,-1.436664692,0.5294571030542833,0.896709331533493,-0.44244915566391857,0.012293062801504495,0.0018524667440940057,-0.024021675799455577,-0.9997097215985986,0.44261602219951124,0.8964718086722365,-0.020720838501624206,0.8982222433659276,-0.4393875839181559,0.01163411454497859,-0.00243828357807716,-0.0314493311846079,-0.9995023733544777,0.4395348180700513,0.8977468967735875,-0.02931984033927518,0.9999939518317139,0.0005880155130221641,0.003427905737918934,-0.0005586470544613404,0.9999631882019288,-0.008562134926652289,-0.0034328142187065075,0.0085601681519759,0.9999574687494212
9,1,1771971719.8920991,G:/S1/USA/2026-02-24_16-21-11snow/camera/left/1771971719892099072.jpg,0.015154823101,-0.021101547479,0.152381891217,0.009191609598713235,-0.013682068912979517,-0.013120576406943751,0.021067373400714358,0.0059632135022867645,-0.007419478566020484,0.16550246762394374,-2.76105766,4.215465067,-1.249538424,0.3965669666930076,0.8559426809657522,-0.5106655454088243,-0.0811346265996741,-0.08587517625513158,0.014338752579696301,-0.9962027174614656,0.5098897733866709,0.8596598751289759,-0.03158034339463578,0.8589076180357363,-0.5063576741713643,-0.076678611671994,-0.08232679831111564,0.01126145533963532,-0.9965417592371503,0.5054700801828126,0.8622500132974195,-0.03201425633340951,0.9999763976622686,-0.00463193917365489,0.005074372659198614,0.004636185831833456,0.9999889121531688,-0.0008254402796598171,-0.0050704930061648695,0.0008489465319675082,0.999986784607907
10,1,1771971720.392117,G:/S1/USA/2026-02-24_16-21-11snow/camera/left/1771971720392116992.jpg,-0.027322076182,-0.096794856785,0.499156847132,0.008193402966598207,-0.014063722397633427,-0.013558069368529102,0.021183516819749348,-0.035515479148598206,-0.08273113438736657,0.5127149165005291,-2.802536353,4.140153411,-0.902325975,0.5484034011948233,0.8061471000554461,-0.5809820836263436,-0.112190336381467,-0.12587544108210527,0.0168813182217471,-0.9919024117459747,0.5781714507000323,0.8137412608441876,-0.059522550307691935,0.8106858227960999,-0.5753721844168749,-0.10832980253265606,-0.12523481904117267,0.01033246849751659,-0.99207332400104,0.5719307098041995,0.817826442158788,-0.06368024567134753,0.9999665126525726,-0.004305884068444786,0.006959377546980516,0.004340374662056123,0.9999783364798454,-0.004948506723617768,-0.006937919086100781,0.004978547317222367,0.9999635390079803
11,1,1771971720.8921142,G:/S1/USA/2026-02-24_16-21-11snow/camera/left/1771971720892114176.jpg,-0.142679623392,-0.177236055905,0.865339137651,0.010083680647238857,-0.011327933774196275,-0.013643562511359342,0.02039974257164649,-0.15276330403923885,-0.16590812213080372,0.8789827001623594,-2.919784178,4.056976423,-0.536058191,0.6310674023533629,0.751536121630978,-0.638795368101413,-0.1647238160559912,-0.07372851972483119,0.16680110609004217,-0.9832301339901679,0.655558970088163,0.7510778046909112,0.07825961945747184,0.7529042252230481,-0.6384121189832255,-0.1598911941810118,-0.06371359572259555,0.17110165289209806,-0.9831911320275879,0.655038781570511,0.7504360004110546,0.0881476257518052,0.9999873135892443,-0.004788521329511671,0.0015629216370471922,0.004772983213502646,0.9999406025366399,0.009798470794225009,-0.0016097489898612835,-0.009790886688062156,0.9999507724113479
12,1,1771971721.3921468,G:/S1/USA/2026-02-24_16-21-11snow/camera/left/1771971721392146944.jpg,-0.264366876686,-0.310959155351,1.082273467453,-0.002470209630977216,-0.007709448152203535,-0.002119743994726586,0.008368443166782369,-0.2618966670550228,-0.30324970719879646,1.0843932114477264,-3.028917541,3.919634838,-0.33064768,0.6455918383436372,0.6913823416884388,-0.7099395331041828,-0.1340757880350728,0.006867553120445513,0.19202416678255263,-0.9813661681990083,0.7224564307385939,0.6775784668267443,0.1376376655467899,0.6972730974516,-0.7034348250565301,-0.13780302778945064,0.00773647578121744,0.19962011970876287,-0.9798428214514538,0.7167638205941604,0.682151929342099,0.14463184567070309,0.9999545477267834,0.0049473032168502054,0.008150255910364567,-0.0049961534055933485,0.9999696129436195,0.005984282792070446,-0.00812040218657112,-0.006024730721637064,0.9999488795373791
13,1,1771971721.892209,G:/S1/USA/2026-02-24_16-21-11snow/camera/left/1771971721892209152.jpg,-0.36954086281,-0.389271135035,1.112325071992,-0.005753855869884195,-0.012529071795823743,0.012658072387917996,0.018716604767266918,-0.3637870069401158,-0.37674206323917625,1.099666999604082,-3.130807881,3.846142482,-0.315373892,0.677558818211362,0.6934982927585551,-0.6801389985249868,-0.23763640425321494,-0.14718810067807658,0.1891325459010914,-0.9708576327658718,0.7052629161949109,0.7082653618287427,0.03105473029750394,0.6987700974902937,-0.6722110199888589,-0.24464810536553006,-0.1525619485939972,0.1940908037858921,-0.9690477860905256,0.698888548120949,0.7144656076336244,0.03307102680757856,0.9999300956393564,0.007530855382341012,0.009115374478207539,-0.00752914436361078,0.9999716309461683,-0.00022200903716872633,-0.009116787801610723,0.000153362547394219,0.9999584294660002
14,1,1771971722.392211,G:/S1/USA/2026-02-24_16-21-11snow/camera/left/1771971722392210944.jpg,-0.433952496577,-0.311812326694,1.095822951346,-0.002123269904480196,-0.014557180813429493,0.001291834892084065,0.01476782400052753,-0.43182922667251983,-0.2972551458805705,1.094531116453916,-3.198850101,3.9256294,-0.320509775,0.6744696031880628,0.7270751312616566,-0.6352418763561207,-0.2604409952837685,-0.23995025812085496,0.1203030087438578,-0.9633021642843488,0.6432617096707839,0.7628859315852735,-0.06495712632721462,0.7341881381970312,-0.6277405104874589,-0.25866895682265617,-0.24151027462542565,0.1146035444608632,-0.9636071890803629,0.6345396480765628,0.7699401789034984,-0.06746522014282928,0.9999449972610669,-0.0025113394512546487,0.010183104964849882,0.002565730141983292,0.9999824947076331,-0.005331726468706586,-0.010169536931596309,0.005357560308494772,0.999933936350866
15,1,1771971722.8922718,G:/S1/USA/2026-02-24_16-21-11snow/camera/left/1771971722892271872.jpg,-0.457554916474,-0.265747904335,1.073271649052,-0.005326160210048503,-0.017039414524128826,0.005378007321854672,0.018644907955313664,-0.4522287562639515,-0.24870848981087118,1.0678936417301452,-3.21924963,3.974176056,-0.347147249,1.0497717802811688,0.7428515066776799,-0.6004402655533666,-0.29604581829322235,-0.3040252005484604,0.09140850659690891,-0.9482685075194638,0.5964397006053248,0.7944280788239585,-0.1146460253035626,0.748734777452845,-0.5876007177182617,-0.30679248616878224,-0.30849922705449107,0.10075349876593195,-0.9458736487465993,0.5867064512508964,0.8028537407419905,-0.10583671875664234,0.9998425211329743,0.009575708022850687,0.014941176336520662,-0.009643634835592335,0.9999434594298212,0.004480876106232345,-0.014897423992611566,-0.0046242577115435685,0.9998783340982053
16,1,1771971723.392303,G:/S1/USA/2026-02-24_16-21-11snow/camera/left/1771971723392303104.jpg,-0.474396455309,-0.245322540289,1.060873597819,-0.0005811400701696279,-0.015630209439662757,-0.006272240893230141,0.01685177072985471,-0.47381531523883036,-0.22969233084933724,1.0671458387122301,-3.240836189,3.993192215,-0.347895053,0.5282676345965479,0.7361594937067972,-0.5907311357833174,-0.3303118602798023,-0.35607346021279634,0.07699954433209266,-0.9312801732586903,0.5755700572106214,0.8031860278844508,-0.15365973400263355,0.7423625040736845,-0.5849602543604056,-0.32667937394953206,-0.35216531046975436,0.07411954713695604,-0.9329983316351396,0.5699802686472489,0.8076681209202343,-0.15097913697590049,0.9999575123165255,-0.005147234624128527,0.007647191475930577,0.005145853639884278,0.9999867399567676,0.00020025222280971563,-0.007648120819015928,-0.00016089238646549203,0.9999707397527078
17,1,1771971723.8923562,G:/S1/USA/2026-02-24_16-21-11snow/camera/left/1771971723892356096.jpg,-0.479583660864,-0.211037474207,1.056419738147,-0.0065908387586723904,-0.01597571674364051,-0.001974470471368117,0.01739428683959646,-0.4729928221053276,-0.1950617574633595,1.0583942086183682,-3.240013696,4.027822788,-0.356646683,0.6756348543997543,0.7495160813223027,-0.5868700312922009,-0.3062828924545907,-0.3438217825353631,0.05026336876025428,-0.9376887413289532,0.5656962309344696,0.8081195209447436,-0.1641054970882252,0.7565890909249204,-0.580890929775758,-0.30023103636642556,-0.3402245470431754,0.04238894079079122,-0.9393883303979782,0.5584086362894728,0.8128769312773554,-0.16556234328627126,0.9999387989590528,-0.007806082303101223,0.007839860675057302,0.007838006694590323,0.9999610823389822,-0.004049624489664058,-0.0078079438639541195,0.0041108255288855805,0.9999610678051865
18,1,1771971724.39237,G:/S1/USA/2026-02-24_16-21-11snow/camera/left/1771971724392369920.jpg,-0.487219496942,-0.165202271171,1.067711206472,-0.0031759211858806147,-0.014156015849738246,-0.0018307746429688798,0.014622961256541153,-0.4840435757561194,-0.15104625532126176,1.069541981114969,-3.25106445,4.07183829,-0.34549891,0.46971596304884256,0.6968971325489842,-0.6610593382011711,-0.27809160005658773,-0.30898803686206977,0.07316554871365843,-0.9482474337205208,0.6471945454970458,0.7467578950760808,-0.1532705660601974,0.7022470202909625,-0.6567346353961392,-0.2748613125988542,-0.3078847413539981,0.06795813203329912,-0.9489935080557331,0.6419159668787235,0.7510534674453245,-0.1544751776322284,0.9999711204448686,-0.0043997438490482,0.006196816141961179,0.004418771906025641,0.9999855544618128,-0.0030602814484327586,-0.006183262171137864,0.0030875753859409727,0.9999761167883757
19,1,1771971724.89237,G:/S1/USA/2026-02-24_16-21-11snow/camera/left/1771971724892369920.jpg,-0.49687152487,-0.072810349878,1.11348124994,-0.0030371953116530293,-0.017969450570997303,0.0023842049429321777,0.018379612139393604,-0.493834329558347,-0.0548408993070027,1.1110970449970679,-3.260855203,4.168043646,-0.303943846,0.524973203355421,0.6850188972253886,-0.6526200421553139,-0.32378417351888766,-0.27761354398982135,0.17706707628365026,-0.9442340656266177,0.6735575926656341,0.7367050502565844,-0.05988186945077345,0.6892424416446123,-0.6470779171514809,-0.3259371500315274,-0.2751658623723632,0.18237268144825228,-0.9439406513368561,0.6702451826165159,0.740290736262636,-0.05235476084443128,0.9999734056075584,0.0018417285021367258,0.0070566361494662526,-0.0018808390071408192,0.9999828866582959,0.005539750461102294,-0.007046312670521766,-0.00555287553133359,0.9999597567157805
20,1,1771971725.392426,G:/S1/USA/2026-02-24_16-21-11snow/camera/left/1771971725392425984.jpg,-0.554529038617,0.050110826228,1.112792873331,-0.0023610367425135337,-0.0169546613027185,0.005017299425461974,0.017838394768424096,-0.5521680018744864,0.0670654875307185,1.107775573905538,-3.319188876,4.289950033,-0.307265317,1.1965190515356545,0.7143070086186175,-0.6293934370649625,-0.3059892135645886,-0.2704701415554442,0.15498046268616694,-0.950172067950095,0.6454544135454496,0.7614755134376515,-0.05952850132134291,0.7233061586762742,-0.6144572104714345,-0.3150722731701987,-0.2721294791470118,0.16570643146792463,-0.9478855021305803,0.6346445835269919,0.7713518750024724,-0.04735543823069939,0.9998067112307941,0.008511291447054066,0.017722812862734468,-0.008635795305599788,0.9999384859046019,0.006960419976757781,-0.017662480496917318,-0.007112125189869233,0.9998187107961025
21,1,1771971725.89243,G:/S1/USA/2026-02-24_16-21-11snow/camera/left/1771971725892430080.jpg,-0.595060021641,0.13249668834,1.150278308874,-0.00045183003105320196,-0.016002935554794817,0.0017720095531107427,0.016107082746549522,-0.5946081916099468,0.14849962389479482,1.1485062993208892,-3.361629065,4.371384169,-0.266534592,1.0426543590695525,0.759403532573512,-0.5977811740361216,-0.25683446552763695,-0.16678850861648162,0.2026966851137344,-0.9649329755156022,0.6288782617552946,0.7756105477698843,0.05422554821981651,0.7711142436837422,-0.5851406671043766,-0.2509845072682686,-0.162896324540731,0.1997666412410461,-0.966208091716475,0.6155059793691458,0.7859412756357287,0.05872563846321635,0.9998344274090826,-0.005035840817546163,0.01748593934601701,0.005034757190681251,0.9999873199123497,0.00010599314786785496,-0.017486251387393924,-1.7938139449536228e-05,0.9998471036566743
22,1,1771971726.3925161,G:/S1/USA/2026-02-24_16-21-11snow/camera/left/1771971726392516096.jpg,-0.590336539506,0.214935526622,1.114151990221,0.0027515638767945383,-0.011804970386031677,-0.0012416164209322345,0.012184828309003538,-0.5930881033827945,0.22674049700803167,1.1153936066419323,-3.360108977,4.449625043,-0.299647285,0.3594526766765884,0.8007973932953943,-0.5197350428555612,-0.29765587533127846,-0.21740714901603714,0.2108352525872429,-0.9530386287151179,0.558083924197804,0.8279033648285298,0.055842206775684744,0.8012973496308029,-0.516044463237875,-0.3026890639520765,-0.22200465414898382,0.21333958272229175,-0.951420073353547,0.5555506196656078,0.8295687641211016,0.05638416962009138,0.9999803983390279,0.0054662333856045145,0.003053396517538669,-0.005465030769110432,0.9999849857778346,-0.00040206665748726593,-0.0030555484633514275,0.00038537187039430266,0.9999952575448093
23,1,1771971726.892492,G:/S1/USA/2026-02-24_16-21-11snow/camera/left/1771971726892492032.jpg,-0.530710033875,0.34639151323,1.102907236283,0.0006037701346230939,-0.017838657511825673,0.0006365761495176758,0.017860220306418734,-0.5313138040096231,0.3642301707418257,1.1022706601334822,-3.298334678,4.587114716,-0.312770231,0.21461791112676934,0.6510366162273441,-0.6786332341270893,-0.3400121437088051,-0.3073002783873642,0.17394489587349926,-0.9355798801292203,0.6940589767694807,0.7135825857865121,-0.09529968535067113,0.6512964918436918,-0.6800794220625452,-0.33660787186156915,-0.30538001432086836,0.1711768942735186,-0.9367184837080237,0.6946624551287383,0.7128747790137812,-0.09619575292374671,0.9999931259691549,-0.0035163851058603187,-0.0011760315580360886,0.0035157591416417923,0.9999936771674741,-0.0005339126632570521,0.0011779015647222695,0.0005297743494238682,0.9999991659431737
24,1,1771971727.3925512,G:/S1/USA/2026-02-24_16-21-11snow/camera/left/1771971727392551168.jpg,-0.390066839021,0.400569367967,1.084122518643,-0.003930936742173596,-0.012863864082944154,0.0033993953065709626,0.013873973881544094,-0.3861359022788264,0.41343323204994414,1.080723123336429,-3.153156776,4.636317778,-0.334317768,0.7675755691749265,0.5739460515723753,-0.7358794934425252,-0.3592593784652708,-0.4207228191737813,0.1114006068808353,-0.9003233942384522,0.70255123607531,0.6678856757839279,-0.24566335659129157,0.5830961483119066,-0.7284345011484431,-0.3596971773039618,-0.4236032652748528,0.10519147789644395,-0.8997194154993237,0.6932237412786016,0.6769918245552015,-0.24723048762868555,0.9999303280757874,-0.002626117299740513,0.011508366616330123,0.002698964998850697,0.9999763924785984,-0.00631902472088994,-0.011491500432181922,0.00634964514096998,0.9999138099978422
25,1,1771971727.8925521,G:/S1/USA/2026-02-24_16-21-11snow/camera/left/1771971727892552192.jpg,-0.220490184188,0.350766329102,1.117517015163,-0.004504095324346036,-0.012948463128148902,-0.0021401826203382157,0.013875516340670902,-0.21598608886365397,0.3637147922301489,1.1196571977833383,-2.983006963,4.586599338,-0.295383693,0.9268400705526436,0.5995309860252555,-0.7142183581102474,-0.3611851792832692,-0.384298695350041,0.13896475564782973,-0.912690149744148,0.7020520703963782,0.6859890185899782,-0.19115950624051425,0.6112259628870472,-0.7034762013981903,-0.3626624551275949,-0.38142261936285315,0.13967893827079633,-0.9137869443376412,0.6934836751728061,0.6968579685057179,-0.18294634185711986,0.9998728256207278,-0.0016532880559429334,0.015861879580484572,0.0016103602840039093,0.9999950075858584,0.0027187392509847763,-0.015866295250543803,-0.0026928501561020606,0.9998704962309166
26,1,1771971728.392615,G:/S1/USA/2026-02-24_16-21-11snow/camera/left/1771971728392615168.jpg,-0.078205252277,0.297372590085,1.108714695201,0.005068649336814612,-0.011027915492937801,0.0033323992305187566,0.012586143605192609,-0.08327390161381461,0.3084005055779378,1.1053822959704813,-2.850294775,4.531285051,-0.309658595,0.1260049281734871,0.5220477706920921,-0.6443690200922982,-0.5587975403137599,-0.4947029354151351,0.30494055476065196,-0.8138060357074741,0.6947914297161888,0.7012844102128302,-0.15957770892382594,0.5238014829839057,-0.6430480625259326,-0.5586780787765936,-0.49437983425789744,0.3046084178214166,-0.8141267046789875,0.6937006457420919,0.7026399512367467,-0.15835565358719336,0.9999975826466233,-0.0005619716055118258,0.0021257678199795653,0.0005618820254521191,0.9999998412310535,4.2737077235546966e-05,-0.002125791499497429,-4.154254319671958e-05,0.9999977396398044
27,1,1771971728.892648,G:/S1/USA/2026-02-24_16-21-11snow/camera/left/1771971728892647936.jpg,0.020919248447,0.413702650948,1.117816214375,0.001089404197309296,-0.021169974534165803,0.0031649561745393795,0.021432955252813333,0.019829844249690705,0.4348726254821658,1.1146512582004604,-2.74719103,4.657757171,-0.300389633,0.1636838305010769,0.4839664049609018,-0.6911882181247502,-0.5366892639085987,-0.49231702282546824,0.2919775928888929,-0.8199835573272649,0.7234642132859705,0.6610657549566012,-0.198976379799642,0.48553253351426895,-0.6917997445264015,-0.5344822470133325,-0.49048674337816894,0.29051981269492966,-0.8215966120925654,0.7236580086404721,0.6610683413270587,-0.1982617830687438,0.9999961511766194,-0.002759301318359261,0.0002896345674061716,0.0027591034335000242,0.9999959615041879,0.0006814129135687903,-0.00029151362126891796,-0.0006806111592014938,0.9999997258940921
28,1,1771971729.392695,G:/S1/USA/2026-02-24_16-21-11snow/camera/left/1771971729392695040.jpg,0.12457727202,0.594285831939,1.200115841548,0.000545507188002059,-0.020340186520471093,-0.010427279724453536,0.022863703292155355,0.12403176483199795,0.6146260184594711,1.2105431212724536,-2.642989109,4.837510564,-0.20449777,0.7917597796258798,0.420734336899661,-0.760865641925931,-0.4940304572495947,-0.3787618990504707,0.3475099193592692,-0.8577740260549951,0.8243312693215535,0.5480149002386296,-0.14197755997044426,0.4316379850411856,-0.7569066783482892,-0.49069433473532675,-0.3708445299097547,0.3469818436079954,-0.8614394551228832,0.822291301489684,0.5538013005385203,-0.13092415749679429,0.9999271536755834,-0.0056157466035257775,0.010684134608450137,0.005543737349312142,0.9999618005158196,0.006757550248604448,-0.010721675169876014,-0.00669782794983272,0.9999200891982849
29,1,1771971729.892679,G:/S1/USA/2026-02-24_16-21-11snow/camera/left/1771971729892678912.jpg,0.360537830123,0.679266305767,1.202705561731,0.001975279603004587,-0.015794765434280933,-0.0032077308807290372,0.016237791784512585,0.3585625505199954,0.6950610712012809,1.205913292611729,-2.408458323,4.917945617,-0.209127599,0.5596192014470568,0.36718171155719737,-0.8383427959825838,-0.40293789486970694,-0.2971732942394836,0.304760862986459,-0.9048805719997539,0.8813998093310325,0.4519979787740788,-0.1372304750970672,0.3749418852317137,-0.837123597173655,-0.3982997184959192,-0.29182917084779086,0.3012194259792319,-0.9078009652203687,0.8799172220960216,0.45660808191246693,-0.13135730581524,0.9999583902893656,-0.0061315479837143316,0.006754391847095166,0.0061079396726755626,0.9999751849362675,0.0035103539183922823,-0.006775748139921241,-0.0034689524356539274,0.9999710273833655
30,1,1771971730.3927631,G:/S1/USA/2026-02-24_16-21-11snow/camera/left/1771971730392763136.jpg,0.606746876457,0.782243257526,1.189222349714,-0.001164986725714634,-0.018238627533474272,0.0017590433849330456,0.018360254954819494,0.6079118631827146,0.8004818850594743,1.187463306329067,-2.159109011,5.023366431,-0.227577585,0.4456180852438108,0.3210432245252417,-0.892609651797519,-0.31651107011342755,-0.2971662193633073,0.2223804743671376,-0.9285683403441912,0.899234944859103,0.39216697226839325,-0.19385969102958822,0.3230237054989609,-0.8944001767909671,-0.3093606462399623,-0.29605363268573054,0.21498039935321073,-0.9306641039964507,0.8988926144202671,0.3922139105771499,-0.1953466562050049,0.999970871576895,-0.007626367069831348,-0.00030744602909511364,0.007625899192271416,0.9999698044076936,-0.0014953040990108666,0.0003188404835202528,0.0014929159907355204,0.9999988347706166
31,1,1771971730.892815,G:/S1/USA/2026-02-24_16-21-11snow/camera/left/1771971730892815104.jpg,0.845685439069,0.987977855419,1.188830096975,-0.0008267854034849087,-0.022180410414977203,0.000456880464819176,0.02220051621110145,0.8465122244724849,1.0101582658339772,1.1883732165101808,-1.920508649,5.233042811,-0.226667675,0.2962886861097341,0.22129777361377356,-0.9275565738740521,-0.30110811622508143,-0.3137554419903141,0.22462694386749205,-0.922550951823374,0.9233551960188722,0.2986327817768516,-0.2413164802353327,0.2251635985643941,-0.9271990191820056,-0.29933815779058204,-0.3158323896469684,0.2211800232247309,-0.922675077682384,0.9217110477429562,0.30229352648416824,-0.24303779194674147,0.999990897399617,-0.0027654840367344305,0.003249186967801938,0.0027749653130667066,0.9999918948096428,-0.0029171702953402325,-0.0032410932446387745,0.002926160122636292,0.9999904664053135
32,1,1771971731.392766,G:/S1/USA/2026-02-24_16-21-11snow/camera/left/1771971731392765952.jpg,1.12885651994,1.009088163547,1.21494177637,0.0011349592829315025,-0.01706178273124337,-0.0030234183632010525,0.017364723468601743,1.1277215606570685,1.0261499462782433,1.2179651947332009,-1.639299313,5.249034492,-0.197075696,0.5650227926542472,0.18356463787289345,-0.9533785772611453,-0.23952726805545083,-0.21434484951295174,0.19898469068463298,-0.9562747399991337,0.9593541104356949,0.22687966258053016,-0.1678252349841376,0.19078052837784365,-0.9534624557248887,-0.23347834056917388,-0.2101612131206329,0.1926592882771676,-0.9584960423184851,0.9588717612337609,0.2319304726930026,-0.16362518554570307,0.9999556671824447,-0.007347816053761923,0.005888401222039717,0.007330533323260653,0.9999687761434631,0.002951274189363281,-0.0059099027833123575,-0.002907978229684407,0.9999783081205847
33,1,1771971731.892795,G:/S1/USA/2026-02-24_16-21-11snow/camera/left/1771971731892795136.jpg,1.368198060604,1.016251576424,1.263831130534,-0.0011668825460624532,-0.020341241573357927,-0.0007886737447521108,0.020389941880684,1.3693649431500625,1.036592817997358,1.2646198042787522,-1.397655931,5.259477364,-0.150421087,0.34608125993445343,0.07577138262424288,-0.9863491915410615,-0.1461983923355697,-0.1682335415127144,0.1318721077976316,-0.9768864942740787,0.9828306940085361,0.09861551364417459,-0.15594488572375576,0.07898588351366909,-0.9868263026754032,-0.14119163768990833,-0.1668989469621392,0.12654435398679864,-0.9778196500260119,0.9828051544983338,0.10079868462463709,-0.15470505314775246,0.9999821858784577,-0.005494735513253813,0.0023314817994028658,0.005492575609116138,0.9999844815585295,0.0009318021768345714,-0.0023365656249515537,-0.0009189797375326178,0.9999968479636935
34,1,1771971732.39288,G:/S1/USA/2026-02-24_16-21-11snow/camera/left/1771971732392879872.jpg,1.603347808656,1.096067229123,1.289043322303,0.0037655809395562567,-0.01984198980645413,0.002641493768463732,0.020368152803349932,1.5995822277164438,1.1159092189294542,1.2864018285345362,-1.167438646,5.338793764,-0.128639063,0.6076754041236394,-0.024169174107614433,-0.9847322335604438,-0.1723899046058533,-0.13533270940585468,0.17407575501619021,-0.9753884812116729,0.9905053804941326,-0.0002443411604395318,-0.1374737484379145,-0.01366202610912787,-0.9846828089881217,-0.17381920125767292,-0.13513655401260055,0.17405883036437136,-0.9754186974534507,0.9907327898137785,0.01016313216724413,-0.1354446378870649,0.999943777254615,-1.9237696600793866e-05,0.010603865318047096,1.7134311373803303e-05,0.9999999801617983,0.00019845104784113054,-0.010603868925426634,-0.00019825820044820175,0.9999437577471535
35,1,1771971732.8928561,G:/S1/USA/2026-02-24_16-21-11snow/camera/left/1771971732892856064.jpg,1.861158834473,1.047564867258,1.287718467181,0.00021504182708886876,-0.014480041029120372,-0.00311939564732501,0.014813792910559986,1.860943792645911,1.0620449082871204,1.290837862828325,-0.906077081,5.284929454,-0.124203028,0.7755208433495158,-0.036476349248592665,-0.9824843814250614,-0.18274002353428126,-0.11571273192010478,0.185784113079551,-0.9757534663012124,0.9926127339587585,-0.014446576863031801,-0.12046267803705812,-0.02480520690969162,-0.9819230943111352,-0.18764791117572538,-0.110883645386948,0.18924988018432332,-0.9756481435619713,0.99352378879213,-0.00339406963170058,-0.11357359462245714,0.9999196910160902,0.003542666842337346,0.012168033116798042,-0.003600456176878008,0.9999823286443761,0.004730656856104882,-0.012151058949971082,-0.004774087411854989,0.9999147762963496
36,1,1771971733.3929381,G:/S1/USA/2026-02-24_16-21-11snow/camera/left/1771971733392938240.jpg,2.13212354106,0.965828373215,1.300941906797,0.005729133107639672,-0.016815325615148424,0.002326110982683538,0.017916164042904963,2.1263944079523602,0.9826436988301485,1.2986157958143165,-0.640626466,5.205528244,-0.116425095,0.35825305270359714,-0.09238142348966738,-0.9741873256906787,-0.20597263667212318,-0.13984699839831427,0.21750099620459196,-0.9659897171755982,0.9858541928870642,-0.06043485015827993,-0.15633022501532334,-0.08630453716524161,-0.974722524259555,-0.20607650901006214,-0.13857524411879568,0.21658240265644224,-0.9663793067822688,0.9865842227514635,-0.05484581625469204,-0.153764455766757,0.9999813871128145,-0.0008659009236284124,0.006039506893910993,0.0008576405199037992,0.999998693523442,0.0013701839830987314,-0.00604068544701349,-0.0013649787541861807,0.9999808232922923
37,1,1771971733.892919,G:/S1/USA/2026-02-24_16-21-11snow/camera/left/1771971733892919040.jpg,2.399637660786,0.981668588528,1.340536679995,0.01517613202330903,-0.022815419228687794,0.00010746284283860708,0.027402005146198217,2.384461528762691,1.004484007756688,1.3404292171521615,-0.382559345,5.227368553,-0.074611674,0.6130689975848973,-0.1773515838471822,-0.963120628215081,-0.20234888488322195,-0.1076224305321351,0.22335525660245925,-0.9687774986003781,0.9782452801589443,-0.15003694496568892,-0.14326579142318385,-0.16758369933573108,-0.9639868363603137,-0.2065068595494724,-0.10814166387485963,0.2261801012178214,-0.9680640176907069,0.9799087122029932,-0.13989975388516757,-0.14215123851567874,0.9999432746811476,0.0027834366815846414,0.01028104567555784,-0.002772951331296615,0.9999956207973135,-0.0010339860301024706,-0.01028387868741918,0.001005418537621867,0.9999466140613242
38,1,1771971734.392966,G:/S1/USA/2026-02-24_16-21-11snow/camera/left/1771971734392966144.jpg,2.662112376,0.909679240564,1.361774757621,0.001914437144235559,-0.01605483651099071,0.007417282950593795,0.017788730459002366,2.6601979388557644,0.9257340770749907,1.3543574746704061,-0.106822935,5.148618623,-0.060683417,0.5273509125527829,-0.20281212118467007,-0.9563607950569455,-0.21033609575777135,-0.04416042585914198,0.223514460321238,-0.97369971901775,0.9782213963559141,-0.1881895738486944,-0.08756474179789953,-0.19505057368743928,-0.958288521645507,-0.20889802054272605,-0.04035696681303708,0.22065012062160627,-0.9745177471443617,0.9799625446586477,-0.18164975516674675,-0.08171155067680907,0.9999669870951621,-0.002173881443708716,0.007829365190930467,0.002140015437845139,0.999988330043677,0.004331294308185249,-0.007838689542904592,-0.004314396357201099,0.9999599696639477
39,1,1771971734.8929791,G:/S1/USA/2026-02-24_16-21-11snow/camera/left/1771971734892979200.jpg,3.003502627484,0.839186974376,1.353357906526,0.0005026797594692711,-0.02167368262905356,0.009131994721485126,0.02352433916688735,3.002999947724531,0.8608606570050535,1.3442259118045148,0.235979074,5.083745203,-0.070814979,0.8379220622125649,-0.1266801923432921,-0.9629012695499461,-0.2382714291873213,-0.06994975061264491,0.2482803051786231,-0.9661593670040356,0.989474184229733,-0.10572622739657284,-0.0988069004846972,-0.11227690089439357,-0.9642525459800471,-0.24002275953864866,-0.07113177864234488,0.24872968373575882,-0.9659574599825222,0.9911277251659987,-0.09138146420202992,-0.09651559670626375,0.9998938260447243,0.00034906225435574044,0.014567593939485767,-0.00033107631959572193,0.9999991800511022,-0.0012370471269246644,-0.014568013801262096,0.0012320927993514942,0.99989312174913
40,1,1771971735.3930511,G:/S1/USA/2026-02-24_16-21-11snow/camera/left/1771971735393051136.jpg,3.340078172633,0.904837697479,1.331961876793,0.009780454623675494,-0.026294328458959626,0.003007024210215953,0.02821508809758095,3.3302977180093247,0.9311320259379596,1.328954852582784,0.563276844,5.154016571,-0.086086039,0.7751696818162099,-0.1353625071055502,-0.9512095926170475,-0.2772675649682284,-0.0557975763986821,0.28671757897066197,-0.9563888646242362,0.9892237472574814,-0.11398833634417582,-0.09188600023591142,-0.12204590349313615,-0.952405766976006,-0.2793350183406831,-0.05571485780626856,0.2875692211444791,-0.9561379595382585,0.9909594603515177,-0.10112961030876766,-0.08815979729233386,0.999908481435843,0.0008912909598836538,0.013499420472438952,-0.0008908550434924258,0.9999996024549399,-3.8304743387985424e-05,-0.013499449246482829,2.6275210981031963e-05,0.9999088779382125
41,1,1771971735.8930411,G:/S1/USA/2026-02-24_16-21-11snow/camera/left/1771971735893041152.jpg,3.669973112404,0.926875704772,1.323165603844,0.004802702734278519,-0.02302015324154727,0.0057113441838715084,0.02419943927459495,3.6651704096697215,0.9498958580135473,1.3174542596601286,0.898149536,5.172780404,-0.097586632,0.567593101431608,-0.091063485757503,-0.9587219718782968,-0.2693689332485903,-0.052584394856606154,0.2747446900509569,-0.9600782450958715,0.9944557923705095,-0.07326346925032967,-0.07543302389635742,-0.08409132441742717,-0.9611605844711618,-0.26286684845521674,-0.05208717685305519,0.26768050956572453,-0.9620987843283625,0.9950957618064715,-0.0672121689702766,-0.07257374991764881,0.999951582514105,-0.007279132903778098,0.0066216955310962715,0.00727157713756456,0.9999728837747697,0.001164423077668894,-0.0066299919660473446,-0.001116216529395076,0.9999773983781787
42,1,1771971736.393106,G:/S1/USA/2026-02-24_16-21-11snow/camera/left/1771971736393105920.jpg,4.005132800407,0.888201106907,1.329776018817,0.0021721825463594246,-0.024861083478675994,0.003742902638729853,0.02523491963354383,4.002960617860641,0.913062190385676,1.3260331161782701,1.235939744,5.135946736,-0.089007775,0.6874932962725271,-0.06930268782026583,-0.9610295978493676,-0.26761773020181145,-0.07602790726772757,0.2725705749067716,-0.9591272277500424,0.9946943725473552,-0.046123678869695206,-0.0919549426085875,-0.05770687914586903,-0.9621042344673629,-0.26650583130433325,-0.07882627630470412,0.27050831405879566,-0.9594851068093775,0.995216727282645,-0.03436122880569986,-0.09144928480739384,0.9999315730290839,-0.002240971894450757,0.011481607228524211,0.0022716029907123587,0.9999938940667533,-0.002655494127931917,-0.011475586234890192,0.0026813940738307476,0.9999305581121054
43,1,1771971736.893158,G:/S1/USA/2026-02-24_16-21-11snow/camera/left/1771971736893157888.jpg,4.336553003179,0.938847794992,1.316672143344,-0.002739580912761941,-0.029089034117340873,0.0013767563353176693,0.029250173802290957,4.339292584091762,0.9679368291093409,1.3152953870086823,1.57227171,5.190821375,-0.099745504,0.43133650788056643,-0.056577663292121994,-0.9616530533587195,-0.2683698436528494,-0.13073432376546862,0.2736218170170739,-0.9529111384813699,0.9898017501530236,-0.01882833551131191,-0.1412019446604209,-0.04945409910277659,-0.9625807334234278,-0.26644441019459975,-0.12973914177311596,0.2707017632397709,-0.9538806584006481,0.9903141154067772,-0.01260503950387576,-0.1382717100682483,0.9999723434744675,-0.003019894840780831,0.0067965080248280066,0.0030119634683923226,0.9999947714649327,0.00117691072797061,-0.006800026635682964,-0.0011564073448253587,0.9999762108969423
44,1,1771971737.3931713,G:/S1/USA/2026-02-24_16-21-11snow/camera/left/1771971737393171200.jpg,4.658734586524,0.913539636716,1.309575444409,2.2295074774136836e-05,-0.024071349782087026,0.002072126343499847,0.024160382550476436,4.658712291449226,0.937610986498087,1.3075033180655002,1.891691418,5.160495532,-0.107537573,0.31377129115611874,-0.06550118978459984,-0.9585320752564794,-0.2773551060307136,-0.12249414821604815,0.2835736984703119,-0.9510947067399194,0.9903053962236228,-0.028323457422695764,-0.13598898473772802,-0.06088354774056121,-0.9595769388186215,-0.27478226307752573,-0.12367191812917017,0.28042379079497864,-0.9518759132483741,0.9904536588254772,-0.0239707330646759,-0.13574591587067142,0.9999854830606139,-0.0033089472677148325,0.004252591681561651,0.0033131044854896935,0.9999940403280299,-0.0009709001445917569,-0.004249353680129589,0.0009849753306680857,0.9999904863631949
45,1,1771971737.8932164,G:/S1/USA/2026-02-24_16-21-11snow/camera/left/1771971737893216256.jpg,4.984313089207,0.717804760441,1.322118236406,0.017124973402675714,-0.021057513756344015,-0.0020024049933538013,0.027215679771013922,4.9671881158043245,0.738862274197344,1.3241206413993538,2.200167242,4.96174682,-0.09092025,0.5818892687573153,-0.11749690099141152,-0.951252216988566,-0.285155567948011,-0.08875327574600739,0.2960542240876737,-0.9510387754682765,0.9890992540194173,-0.08643561808759004,-0.11921220417410572,-0.10762409533394562,-0.9519724358177413,-0.2866453131428911,-0.08702107245258789,0.2962336217141357,-0.9511429831078646,0.9903758816998479,-0.07742172052701196,-0.11472353785464434,0.9999498948262712,0.0003273377763499518,0.010005033078875642,-0.0003444655201070623,0.9999984782145049,0.0017102374630117358,-0.010004458028033387,-0.0017135981601896126,0.9999484858736029
46,1,1771971738.3932369,G:/S1/USA/2026-02-24_16-21-11snow/camera/left/1771971738393236992.jpg,5.340507474122,0.651245864453,1.307716926158,0.016831065742760387,-0.03183216157025104,-0.0011460055158921123,0.03602616567044215,5.32367640837924,0.6830780260232511,1.308862931673892,2.556655535,4.905962572,-0.10617796,0.13908296959190014,-0.1959351004224148,-0.9292415482817667,-0.31324045295804903,-0.06919732224271202,0.3317375738770314,-0.940830437790264,0.9781723605872827,-0.16266630574610852,-0.12930006170925457,-0.1960667203870206,-0.9298898579683763,-0.31122771920931275,-0.06844989933681744,0.329592578512657,-0.9416386480333938,0.9781985751561171,-0.1633204954588709,-0.128273003105141,0.9999977556367962,-0.002099602107431016,-0.00028353546769464,0.0020999365739675633,0.999997093575045,0.001184528534292119,0.0002810476050131826,-0.0011851212822784388,0.9999992582496203
47,1,1771971738.893228,G:/S1/USA/2026-02-24_16-21-11snow/camera/left/1771971738893228032.jpg,5.622567630133,0.588119180902,1.362104413278,0.016035420359116426,-0.028084647141348285,-0.005701002669266417,0.03283875062456839,5.606532209773883,0.6162038280433483,1.3678054159472663,2.839511336,4.839088374,-0.047235475,0.45284843405627095,-0.38869901466523515,-0.8657811168361811,-0.31517635337723277,-0.0004663168594548073,0.34226034964716456,-0.9396050423491709,0.9213646718573825,-0.36507658208832794,-0.13343998899821008,-0.3925788527603501,-0.8664335853389827,-0.3085039490217313,-0.00155701975607614,0.33605869257889986,-0.9418397585744824,0.9197170326001615,-0.36926602516180096,-0.13327859020246852,0.9999700000806626,-0.006490929641008801,-0.004226910346232021,0.0064975624347330205,0.9999776779300954,0.0015573451578463188,0.004216707374997247,-0.0015847630514976548,0.9999898539010205
48,1,1771971739.393291,G:/S1/USA/2026-02-24_16-21-11snow/camera/left/1771971739393291008.jpg,5.926595278301,0.404430986237,1.402657948415,0.011758540098374848,-0.02094156783337553,0.0010949074750633003,0.024041866627695682,5.9148367382026255,0.42537255407037555,1.4015630409399367,3.147815864,4.6482571,-0.01347785,0.8279471872235484,-0.4735668271237521,-0.8307813014020743,-0.2924669032362787,0.0774604922091785,0.29149030143529386,-0.9534323658843734,0.877345047512468,-0.4741685706685309,-0.07368740866327195,-0.4611485284153042,-0.8361081017768068,-0.297094727121812,0.07730913001514955,0.2956890519520975,-0.9521508719588352,0.8839487163612489,-0.46205110831904106,-0.07171778122924322,0.9998979971505202,0.0038215339595209534,0.013761946540185564,-0.0037913578645580263,0.9999903526784514,-0.0022181423690486907,-0.013770290480652718,0.0021657396479602404,0.9999028396158577
49,1,1771971739.8933344,G:/S1/USA/2026-02-24_16-21-11snow/camera/left/1771971739893334272.jpg,6.248339426441,0.292668074369,1.406588470898,0.01341692674262962,-0.02187973097358409,0.002017811823168951,0.025745060016384214,6.234922499698371,0.3145478053425841,1.4045706590748313,3.467901626,4.537432351,-0.010470232,0.4949806180537081,-0.5937087658406399,-0.7460351028444845,-0.301565128434645,0.0927064737809552,0.3088529459929673,-0.9465808826880915,0.7993218444926209,-0.5899504073015669,-0.11420641769020623,-0.5931516528493821,-0.7434473285053647,-0.308961464361306,0.09449299254931914,0.31681997511194304,-0.943767014537562,0.7995262291389323,-0.5889916579276014,-0.11767172902008005,0.9999691436319725,0.007852119899235654,-0.00023663691138806062,-0.007852919751469171,0.9999627084718699,-0.003593510397898097,0.000208411412332544,0.0035952578058939325,0.9999935153219709
50,1,1771971740.393353,G:/S1/USA/2026-02-24_16-21-11snow/camera/left/1771971740393352960.jpg,6.528449306947,0.146204838882,1.427792719559,0.011980288193011113,-0.014433971683015301,0.0012136812157402602,0.018797336668451993,6.516469018753989,0.1606388105650153,1.4265790383432597,3.749448145,4.383523356,0.011538147,0.5103701526815493,-0.6914997170238399,-0.6796075902408458,-0.24487071005528563,0.08626394047901603,0.25886591075267906,-0.9620535186896927,0.7172075528945453,-0.6863832482929756,-0.12038007531897232,-0.6893211805618915,-0.6843634339697616,-0.23766152459722217,0.08068652103337326,0.2534895552925608,-0.9639671834046588,0.719948606049273,-0.6836590784906582,-0.11951681490490407,0.9999603317871706,-0.007978818915414815,0.003958951983362474,0.007979196384475954,0.9999681625408264,-7.955992485938748e-05,-0.003958191146156824,0.0001111460242111842,0.9999921601539745
51,1,1771971740.893403,G:/S1/USA/2026-02-24_16-21-11snow/camera/left/1771971740893403136.jpg,6.751557650504,-0.109889537277,1.442212138427,0.011140991166662229,-0.013553618451082272,-0.0022773919090165323,0.017692053899997524,6.740416659337338,-0.09633591882591773,1.4444895303360163,3.973395786,4.126548627,0.029448639,0.468127411409147,-0.7641113551530365,-0.5980848368789752,-0.24171959958108613,0.09769866205834832,0.26309379111770514,-0.959810725355433,0.6376431669501365,-0.7570179555141102,-0.14260086490283852,-0.7589164823007467,-0.6034780887851852,-0.24466297073411122,0.10006996860586642,0.2631747326174111,-0.9595441946544074,0.6434530085992926,-0.7526973206196064,-0.13933760890938318,0.9999676313480905,0.0019136802381497925,0.007814990981200393,-0.0019247778374834885,0.9999971496575587,0.0014127657396563913,-0.007812265123922863,-0.0014277621317745734,0.9999684645072209
52,1,1771971741.3934371,G:/S1/USA/2026-02-24_16-21-11snow/camera/left/1771971741393437184.jpg,6.98965365502,-0.30534112048,1.532421507747,0.005765662221516976,-0.009355384768336084,-0.0026270147627993207,0.011298995157986769,6.983887992798483,-0.2959857357116639,1.5350485225097994,4.216867119,3.92689881,0.120007631,0.2813467576573637,-0.8599650183141063,-0.4751254202884361,-0.1863223074990103,0.12614212257321913,0.1558749717210497,-0.9796893171325719,0.49451828296711303,-0.8660016329007117,-0.07411369390712719,-0.8608631130064903,-0.4744273995588867,-0.1839384223390185,0.12617042529698916,0.15117546571057017,-0.9804218491789998,0.4929459650358765,-0.8672165941187846,-0.07028267524691789,0.9999965116422643,-0.002339950433804658,-0.001225289871865204,0.0023450024772193197,0.9999886886195073,0.00413806674913017,0.0012155931410605851,-0.004140925621857943,0.9999906874907935
53,1,1771971741.8934112,G:/S1/USA/2026-02-24_16-21-11snow/camera/left/1771971741893411072.jpg,7.140489020748,-0.513773665466,1.691466528605,0.007318887321985379,-0.0017427686043127721,-0.0055183214356290256,0.009330338981356432,7.133170133426015,-0.5120308968616872,1.696984850040629,4.36614926,3.710853649,0.281943959,0.18971469012810976,-0.9192959914896361,-0.3544970452328844,-0.17095825499881942,0.15087904928050996,0.08375525795054062,-0.9849977508877104,0.3634974449969305,-0.9312985029982561,-0.02350969574262507,-0.9184751830837643,-0.35545786357362247,-0.17335814166897887,0.15239819633787405,0.08637759655146882,-0.9845373027808314,0.3649357858750064,-0.9306925475352575,-0.02516454152421155,0.9999963218228238,0.0024072521764397356,0.001249591046181258,-0.002404874490816786,0.9999953017600106,-0.0019007989343703747,-0.0012541608776744258,0.0018977868332642166,0.9999974127394673
54,1,1771971742.393441,G:/S1/USA/2026-02-24_16-21-11snow/camera/left/1771971742393441024.jpg,7.266590157914,-0.800060718597,1.779102942795,0.004006711511289396,0.0027100301600375687,0.005053204749465023,0.0069952039886645246,7.262583446402711,-0.8027707487570376,1.7740497380455351,4.495562573,3.420113797,0.359008847,0.289594931164566,-0.9562496638250819,-0.2518617265021436,-0.1488363233816862,0.13072078755330838,0.0872878111792148,-0.9875691943965166,0.26172247923298697,-0.9638187115546686,-0.05054537685325555,-0.9562420260461579,-0.25051743287622324,-0.15113637367704008,0.1318854677997507,0.09202841920055604,-0.9869837858053638,0.2611654858636183,-0.9637280663571828,-0.05496183320329096,0.9999964512924756,0.0023897976819189804,-0.0011773994630898275,-0.0023948328774322882,0.9999879137261469,-0.0042938534113548515,0.0011671237917886023,0.004296657848668821,0.999990088227572
55,1,1771971742.8935528,G:/S1/USA/2026-02-24_16-21-11snow/camera/left/1771971742893552896.jpg,7.481309345122,-1.07032178654,1.800849895355,0.003431255531458177,0.005452885103599314,-0.013762532502695601,0.0151958800785927,7.477878089590542,-1.0757746716435994,1.8146124278576956,4.710857216,3.147109874,0.399571537,0.8429193463835695,-0.9205113109564302,-0.19436963508926342,-0.3389385952595853,0.33867880473027845,0.035611770428505274,-0.9402278814380148,0.1948219536596026,-0.9802817180597699,0.03304783820526913,-0.9147859052523649,-0.20081652866454452,-0.3504846207278336,0.35080485560840463,0.03519438497233751,-0.9357869995613236,0.20025658749009387,-0.978996464284494,0.03825208602522612,0.9998961732943198,0.012565383331509306,0.007053635453296348,-0.01258622619674087,0.9999165316238195,0.002918337800067344,-0.007016376664650127,-0.0030068134499913897,0.9999708643412449
56,1,1771971743.393538,G:/S1/USA/2026-02-24_16-21-11snow/camera/left/1771971743393538048.jpg,7.586054838479,-1.375280968795,1.805428433723,0.014097743616042102,0.005383093920543036,-0.0019145737009605979,0.01521149787750875,7.571957094862958,-1.380664062715543,1.8073430074239605,4.804936221,2.842220483,0.392302116,0.5552442372958891,-0.9055780417214334,-0.1866217876656975,-0.38092088249455924,0.3892619591713614,-0.008823375480590423,-0.9210848360423715,0.16853349071934598,-0.982392211091674,0.08063501777989679,-0.9025036501974513,-0.18942780957038802,-0.386787107258814,0.3941318607363871,-0.00120122863493088,-0.919053117835003,0.17362959924145888,-0.9818939158641995,0.0757436482889422,0.9999741308824218,0.006624792927928235,0.0028017288605286937,-0.006606458485350703,0.9999570295286683,-0.006503368548984197,-0.0028446919388901066,0.006484690807174332,0.9999749279421503
57,1,1771971743.893538,G:/S1/USA/2026-02-24_16-21-11snow/camera/left/1771971743893538048.jpg,7.610352215257,-1.731877731457,1.817668490203,0.016802317337293537,0.005584825383003533,-0.00688221696677227,0.01899665899150384,7.593549897919706,-1.7374625568400035,1.8245507071697724,4.826529024,2.485421989,0.409509816,0.5262629718047638,-0.9114210954986892,-0.1501693965853353,-0.38309364261126255,0.3840086329100623,0.024028196334388907,-0.923016801380918,0.14781392536061844,-0.9883682502539791,0.03576653966171717,-0.9089699683621486,-0.1573391135754533,-0.3860284962991787,0.3878323084974009,0.0203350765153375,-0.9215056077684456,0.15283879449044102,-0.9873352460043174,0.0425372177781147,0.9999669868839364,0.0034778978768324614,0.007343661799118927,-0.00350931368359242,0.9999847283324353,0.004269405037681367,-0.007328701094441368,-0.004295035304156636,0.9999639207551462
58,1,1771971744.393569,G:/S1/USA/2026-02-24_16-21-11snow/camera/left/1771971744393569024.jpg,7.792745280639,-2.01793189781,1.78601040658,0.00952121183356791,0.008006326488393167,-0.007363299311970106,0.014455895523144843,7.783224068805432,-2.025938224298393,1.79337370589197,5.016203195,2.196946321,0.378332815,0.5772317579929254,-0.933065062228581,-0.09754855352667194,-0.3462280597427486,0.3487810251130289,-0.009914434182547449,-0.9371518022796226,0.0879851474368202,-0.9951813823116338,0.043273896644825616,-0.9319813481643212,-0.08981367523637646,-0.35120402961006747,0.35308780108305454,-0.00549888737865967,-0.9355740307233469,0.08209611074921716,-0.9959434050075995,0.03683697356896676,0.9999571184727705,0.00496453108978975,-0.00781758573297133,-0.004995501176871743,0.9999797326320414,-0.003947061329999296,0.007797831982398658,0.003985944832710737,0.9999616522948093
59,1,1771971744.893625,G:/S1/USA/2026-02-24_16-21-11snow/camera/left/1771971744893625088.jpg,7.90091627978,-2.349307234107,1.750908063696,0.01720624209379018,0.014067425570966074,-0.0008538435523876009,0.022241319160444174,7.8837100376862095,-2.363374659677966,1.7517619072483877,5.116689164,1.859509886,0.336721016,0.558923553565184,-0.9368151620738112,-0.01734857286057398,-0.3493943032282031,0.34974831645557936,-0.025572011902329272,-0.9364946275039466,0.007312129998030742,-0.9995224355795967,0.030023882625726084,-0.9364189539945736,-0.02554682971591277,-0.34995271407888057,0.35063796158943233,-0.03079173023874016,-0.9360047485142972,0.01313630435534863,-0.9991992938550202,0.03779164811850433,0.9999661598905075,0.0008711677921617345,0.00818047312269947,-0.0009140393146425871,0.9999858615453004,0.0052384388548064025,-0.008175793904239203,-0.005245738859508079,0.9999528181958657
60,1,1771971745.3936741,G:/S1/USA/2026-02-24_16-21-11snow/camera/left/1771971745393674240.jpg,7.986610075391,-2.710292281585,1.749202031566,0.020252396521662774,0.011045685809420114,-0.009210176085545085,0.024839365599745696,7.966357678869337,-2.7213379673944202,1.7584122076515452,5.199336805,1.501546578,0.343371316,0.7366675330857628,-0.9478841536182236,0.007884003370494413,-0.31851761930906974,0.31861235342804173,0.019245751857539073,-0.9476897009456642,-0.0013414777329619765,-0.9997836983699484,-0.020754684078537533,-0.9463964688926553,-0.00398386209997745,-0.32298274336298793,0.3228678083671144,0.01771724603938996,-0.9462782241566142,0.00949220668389078,-0.9998351004218383,-0.01548127826512491,0.9999185016152573,0.004477140816992038,0.011955974975002844,-0.004495309274763584,0.9999887812532493,0.0014931718469637192,-0.01194915570332462,-0.0015467959610636949,0.9999274099154557
61,1,1771971745.893655,G:/S1/USA/2026-02-24_16-21-11snow/camera/left/1771971745893655040.jpg,8.198359475276,-2.994819351253,1.729734993475,0.011332178538342674,0.012457989794893098,-0.009478914847664388,0.019325361751951948,8.187027296737657,-3.0072773410478932,1.7392139083226643,5.420006423,1.215607204,0.324173017,0.6041995490722547,-0.9310900251038747,0.06517196068476733,-0.3589205771372953,0.36147695864960083,0.03254033938778367,-0.9318130363318398,-0.049048685176065504,-0.9973433420106794,-0.05385614755502122,-0.9279497777366086,0.06054925524618604,-0.36775399071622716,0.3701050593891711,0.03335127490661827,-0.9283910477146153,-0.04394832207396351,-0.9976078789540685,-0.05335789384568879,0.999945370122722,0.009215792592024942,0.004932133111875056,-0.00920891040590541,0.9999565941275578,-0.0014162732612529865,-0.004944971108963668,0.0013707763184814177,0.9999868340298368
62,1,1771971746.3937151,G:/S1/USA/2026-02-24_16-21-11snow/camera/left/1771971746393715200.jpg,8.315016837541,-3.264341597474,1.748084323779,0.027917741299699372,0.002645224007972957,-0.0027554495750041763,0.028177828015829878,8.2870990962413,-3.266986821481973,1.7508397733540042,5.520078222,0.955897724,0.335798882,0.7104464646031596,-0.9228984263759386,0.15950122589091217,-0.3504537823053322,0.35380099400500253,-0.007854157229533199,-0.935287746554656,-0.15193206124412692,-0.9871664860364285,-0.049183102917576216,-0.9225557011857158,0.14925436056761548,-0.35582877070479335,0.35798972080682695,-0.01305471833953864,-0.9336342614352393,-0.14399422907318993,-0.9887126529890407,-0.04138782203728752,0.9999329968950983,0.0052288977922197,0.010327649697128051,-0.0052747353603741776,0.9999763373594402,0.00441609421059158,-0.010304314012397243,-0.004470273937614034,0.999936916892089
63,1,1771971746.893759,G:/S1/USA/2026-02-24_16-21-11snow/camera/left/1771971746893758976.jpg,8.338887572423,-3.587662624151,1.824152615052,0.018431656767180726,0.007572190293499759,0.005070429604411564,0.02056145163643424,8.320455915655819,-3.5952348144445,1.8190821854475885,5.553435042,0.627649731,0.404041294,0.4803666728725028,-0.9261062091060361,0.23383999078088058,-0.2960509215774279,0.2931760349305639,-0.04779322340097969,-0.9548631422038116,-0.23743441620295797,-0.9710997201670597,-0.024294680360498866,-0.9285728165789118,0.2268740101267399,-0.2937357789574138,0.29002151937198095,-0.05031916451601104,-0.9556963429790754,-0.2316032007807198,-0.9726233419013871,-0.0190733368004411,0.999970015537875,-0.002600867885814174,0.007294073719307009,0.002577420255849117,0.999991487214771,0.0032221736165317237,-0.007302392074305786,-0.0032032771080374852,0.999968206537469
64,1,1771971747.3937771,G:/S1/USA/2026-02-24_16-21-11snow/camera/left/1771971747393777152.jpg,8.470744598735,-3.877166959214,1.82759092045,0.022932810554046945,-0.013530296829483701,0.025268972996832006,0.0367083604716469,8.447811788180953,-3.8636366623845166,1.802321947453168,5.680790914,0.359247883,0.387281056,1.8717559476714691,-0.9045792290000938,0.2408886889280782,-0.35172298475946606,0.3318510034656294,-0.12001339703815228,-0.9356664448564016,-0.26760293339283636,-0.9631040567238176,0.02862247301815135,-0.914575679153252,0.2159093460052347,-0.3419568414419567,0.3193806829934088,-0.13309890213212605,-0.9382327331647975,-0.24808729599080925,-0.9672992487120076,0.05277174442022925,0.9995903629280901,-0.009457328812320398,0.02701231706138317,0.009030865295678661,0.9998333374140368,0.015866343861137392,-0.027157868349712972,-0.015615899821790643,0.9995091764758617
65,1,1771971747.8938072,G:/S1/USA/2026-02-24_16-21-11snow/camera/left/1771971747893807104.jpg,8.586871701657,-4.18752362214,1.860715936186,0.021853362273660082,0.019302988217705597,0.000975630499494784,0.029174074992504136,8.56501833938334,-4.206826610357705,1.8597403056865052,5.797997466,0.016057935,0.444699414,0.563062139051421,-0.905047685681954,0.24392882977287147,-0.3484069641200879,0.32542507099002094,-0.13026713713936688,-0.9365516516202687,-0.2738379261769242,-0.9610042658527332,0.03851741424304855,-0.9062275193623539,0.23727924949800747,-0.3499289083628513,0.3252768146647047,-0.1374370519296203,-0.9355779233171752,-0.27008642504194424,-0.9616702212892719,0.0473678001759108,0.9999760373801881,0.001907653720618434,0.006654736861695513,-0.0019540236022011497,0.999973811097577,0.006968422400311524,-0.00664126924452231,-0.006981258931548907,0.9999535767057152
66,1,1771971748.3938591,G:/S1/USA/2026-02-24_16-21-11snow/camera/left/1771971748393859072.jpg,8.608152130955,-4.531496051322,1.889177844644,0.02237587000945318,-0.01144587620059978,0.0041918504241503785,0.025480566136918,8.585776260945547,-4.5200501751213995,1.8849859942198495,5.818755387,-0.29716563,0.469945103,0.8067802277944345,-0.8864874401522438,0.2787968406860911,-0.3693404121887782,0.33171445081442263,-0.17365242376087786,-0.9272595962527747,-0.3226539037005569,-0.9445195378314982,0.06145975171903029,-0.8859419502812699,0.2878575893026839,-0.36365487623936416,0.3288117255129178,-0.16314518924750132,-0.9301970202008898,-0.3270928154164158,-0.943674549570054,0.04988621650033398,0.9999426399781379,-0.006664441854318838,-0.00838462690420978,0.006587522680443382,0.9999362718746271,-0.009168245983105158,0.008445193809915708,0.009112486172416681,0.9999228176700793
67,1,1771971748.8938382,G:/S1/USA/2026-02-24_16-21-11snow/camera/left/1771971748893838080.jpg,8.720086252277,-4.824570615269,1.880220203225,0.012137472800035631,0.006980748301707251,-0.013307722440578651,0.019316950312584905,8.707948779476965,-4.831551363570707,1.8935279256655786,5.940927906,-0.608666818,0.478487034,0.4028258780561775,-0.768569783778057,0.4510376795663648,-0.4537240340501487,0.35720623242777677,-0.2858310202625327,-0.8892155730588803,-0.5307581322769388,-0.8454972734829304,0.05856761523936782,-0.7720476923880715,0.44714550625505234,-0.4516671970756417,0.3534623528087818,-0.28854136277136244,-0.8898360787903159,-0.5282108724980336,-0.8466432413986176,0.06471859059735496,0.9999842622801378,-0.001958798231675524,0.005257214237252148,0.0019365045168673702,0.9999891261907604,0.004242340214535615,-0.005265466959817554,-0.004232092830656763,0.9999771818636503
68,1,1771971749.393872,G:/S1/USA/2026-02-24_16-21-11snow/camera/left/1771971749393872128.jpg,8.863873880905,-5.15547611345,1.922062484118,0.011077093782815517,0.0401779182049784,-0.0075524708934124885,0.04235571903007984,8.852796787122184,-5.195654031654978,1.9296149550114126,6.085775913,-0.972769486,0.514574064,0.6897175094814297,-0.8502543666350402,0.31229913220732936,-0.4237177882041259,0.3634188234193609,-0.23403607879146993,-0.9017504491866921,-0.38078113241406136,-0.9207042770870908,0.08549481476091392,-0.8560502374009438,0.3046229146879457,-0.417591751466439,0.3570029236390499,-0.23579600961125746,-0.9038523963372438,-0.37380062006229786,-0.9228245346209798,0.09310195885486616,0.9999349776202746,-0.005833973066191937,0.009798228911621016,0.005796154333891133,0.9999756603458476,0.0038837238346846235,-0.009820647966365632,-0.0038266792587471174,0.9999444541570154
69,1,1771971749.893975,G:/S1/USA/2026-02-24_16-21-11snow/camera/left/1771971749893975040.jpg,8.873063550255,-5.539822214911,1.934223033858,0.01697709855675722,0.024998965813509244,0.009150133213131406,0.03157364573451888,8.856086451698243,-5.564821180724509,1.9250729006448686,6.089065578,-1.341936635,0.510032009,0.5064831937570297,-0.8332309648600396,0.3165149676640434,-0.45337008551848423,0.4171338915184426,-0.178379919652365,-0.891167728775844,-0.36294004428429827,-0.9316645745704007,0.016602552378059632,-0.8355023901524391,0.3085434419214,-0.45468307698534044,0.41949337952933735,-0.1762986048576194,-0.8904740908394315,-0.35490993305431257,-0.9347297718445435,0.01786597455585925,0.999964785728942,0.0016445672733875233,0.008229380326308586,-0.0016217058774863188,0.9999948099057325,-0.0027839237857851685,-0.008233915964998418,0.002770480117495699,0.9999622628218526
70,1,1771971750.393963,G:/S1/USA/2026-02-24_16-21-11snow/camera/left/1771971750393963008.jpg,9.004384765179,-5.882448134643,1.894368532019,0.009739926937130328,0.03901122779652444,0.008520191997235138,0.04110152968689496,8.994644838241868,-5.921459362439524,1.885848340021765,6.227623964,-1.698574817,0.470807449,0.60112102191257,-0.8078447509980002,0.2751244092714275,-0.5212421871913541,0.4953783832905873,-0.16223750109433088,-0.8533927879980417,-0.31935421658932667,-0.9476209963174701,-0.005227971394569764,-0.810366483226008,0.265428653800754,-0.5223540873827175,0.4955002506736004,-0.16534630542743778,-0.8527251027522852,-0.312706994559302,-0.9498464239144219,0.00247113954941602,0.9999491984351936,0.0012726911088647135,0.00999904026168762,-0.0013017835992249931,0.9999949373401856,0.002903558757499173,-0.009995294306533536,-0.002916427838791575,0.9999457928009828
71,1,1771971750.8940032,G:/S1/USA/2026-02-24_16-21-11snow/camera/left/1771971750894003200.jpg,9.15885801111,-6.243893288342,1.865989584535,0.012985496595883106,0.03584678882037817,0.0115435247065373,0.039835516228924644,9.145872514514117,-6.279740077162378,1.854446059828463,6.378851641,-2.056855532,0.439405169,0.2846877445453903,-0.7496804106925823,0.28153666706559877,-0.5989293672223758,0.5726538845989237,-0.17767709341175308,-0.8003114262151415,-0.331733040678139,-0.9429570274272022,-0.028022029692561734,-0.751241640620556,0.2821157974916626,-0.5966964673964299,0.5719250145239902,-0.1730112546124023,-0.8018534052675564,-0.3294507173455067,-0.9436513034924955,-0.03137582281702445,0.9999961206637146,-0.0027839578381138805,-9.075393907246676e-05,0.0027835608598853,0.9999876604986573,-0.004114685815681207,0.00010220793104213902,0.0041144172343186665,0.9999915305263145
72,1,1771971751.3940773,G:/S1/USA/2026-02-24_16-21-11snow/camera/left/1771971751394077184.jpg,9.237370810696,-6.63670879206,1.84151645379,0.017129687069024513,0.02295064886264786,-0.006961769058208667,0.029472439510822596,9.220241123626975,-6.659659440922648,1.8484782228482086,6.45322025,-2.436774895,0.433437332,1.2638233225354125,-0.7376823601661759,0.2114821653827234,-0.6411708268665184,0.6105410340234227,-0.19644103307429295,-0.7672356654238085,-0.2882089194894392,-0.9574373160942385,0.01579254498144589,-0.7375290180770955,0.23205311258171846,-0.6341942134988079,0.6048354168255635,-0.19072628679959303,-0.7731737205034105,-0.30037487585961997,-0.953821176355807,0.00031222995076097,0.9997640697417287,-0.00930006308104073,-0.019629408553100535,0.009224807762875287,0.9999497635546393,-0.003920878569739892,0.019664886859422102,0.00373887599544514,0.9997996364427707
73,1,1771971751.894056,G:/S1/USA/2026-02-24_16-21-11snow/camera/left/1771971751894056192.jpg,9.403122932714,-6.973545695724,1.792056047978,0.010136572134038069,0.03782575877500527,-0.0017382792369473044,0.03919897621416977,9.392986360579961,-7.011371454499005,1.7937943272149475,6.625965487,-2.788486909,0.378753436,0.7815491143808427,-0.7398190635280877,0.2721807523882105,-0.6152929312691728,0.6010644893724434,-0.14353575932418394,-0.7862054218909165,-0.30230652135848374,-0.9514804905118222,-0.057407693905216384,-0.7400713143905318,0.2595742378198196,-0.6204157192371342,0.605003863628802,-0.14591852551641538,-0.7827375734595456,-0.29370865600198565,-0.9546355320075695,-0.04905330180663003,0.9999073846016875,0.0056854302807853975,0.012365197189518186,-0.005696709894728061,0.9999833888914995,0.0008771758363325373,-0.012360004667824779,-0.0009475355375233327,0.9999231632785675
74,1,1771971752.3940961,G:/S1/USA/2026-02-24_16-21-11snow/camera/left/1771971752394096128.jpg,9.534112292275,-7.32872957015,1.765324044763,0.017967713038354205,0.04286910804400579,-0.0039464719423386585,0.04664947777959526,9.516144579236645,-7.371598678194006,1.7692705167053386,6.749123705,-3.148714133,0.354229625,0.23071491507974656,-0.7311252630202687,0.2948256929334402,-0.6152508923681949,0.5944046236219007,-0.16737023788495597,-0.7865560036559636,-0.334871607023423,-0.940778940164293,-0.052877145846764506,-0.731200649152185,0.292023147720855,-0.6164966276263213,0.5945610069452623,-0.1702375032686384,-0.785822118231026,-0.33442909517513464,-0.9411384986685353,-0.04914780386016049,0.9999952941004648,0.0014040933397909024,0.002727691114930993,-0.0014112029645818758,0.9999956078728298,0.0026062887873758355,-0.002724019661836943,-0.002610125848230664,0.999992883454647
75,1,1771971752.8940902,G:/S1/USA/2026-02-24_16-21-11snow/camera/left/1771971752894090240.jpg,9.548136843768,-7.743369743854,1.744335646489,0.01830993754678456,0.04242804558887414,-0.004538011384537799,0.046432600754049175,9.529826906221217,-7.785797789442874,1.748873657873538,6.762806032,-3.562913244,0.333832767,0.3525573934129383,-0.7346126421439481,0.2766997448820109,-0.6195010227469516,0.601016937447011,-0.15830634080341643,-0.7834013935162797,-0.31483790576121007,-0.9478271749869084,-0.05000739397561804,-0.7329502687782631,0.2818969243293134,-0.6191268267096374,0.6018278072691388,-0.15560515300741573,-0.7833200666108071,-0.31715484214416834,-0.946742393901959,-0.05560256912495665,0.9999850429089563,-0.00011677760874430873,-0.005468118631143984,0.00010136065044634315,0.9999960197302789,-0.002819618701038321,0.005468426134886676,0.0028190222756838794,0.9999810745354221
76,1,1771971753.394169,G:/S1/USA/2026-02-24_16-21-11snow/camera/left/1771971753394169088.jpg,9.688627457042,-8.116545475238,1.702987515571,0.04899730551391368,-0.006526321984529293,0.008065595041381823,0.050083756345157555,9.639630151528085,-8.110019153253472,1.6949219205296182,6.872609278,-3.887134608,0.279881029,1.853461806949328,-0.7163801207202645,0.27791915325349964,-0.6399691140138534,0.6184405609226491,-0.17169883504710404,-0.7668446926523951,-0.3230027790011999,-0.9451351513399153,-0.04887484485066862,-0.7308784077537284,0.2493796719279332,-0.635316088501221,0.6128788148323049,-0.16979955257994472,-0.7717173512843933,-0.30032700745874347,-0.9534033203071861,-0.0287366911475353,0.9994768235161705,-0.00763428098808287,0.03142923810435165,0.007630522338290362,0.999970858452196,0.0002395312558933259,-0.031430150856619925,4.155646574361539e-07,0.9995059507661557
77,1,1771971753.894149,G:/S1/USA/2026-02-24_16-21-11snow/camera/left/1771971753894149120.jpg,9.773531272527,-8.457998330645,1.705837599431,0.024583572113987984,0.03926851066412329,0.00022399013950169522,0.04632945196356856,9.748947700413012,-8.497266841309123,1.7056136092914982,6.981926827,-4.274382296,0.290572718,0.6588956178823554,-0.7129883354382591,0.33271049638722516,-0.6172125720712005,0.5952421306169985,-0.17803025146778495,-0.7835764388372417,-0.3705866153377869,-0.926071787258463,-0.07110981209650058,-0.7150227346490905,0.3224714112238009,-0.6202859645988023,0.5960443961383175,-0.18247424014544034,-0.781942599885345,-0.3653403437440831,-0.9288247093110059,-0.06173404738295374,0.9999407883066193,0.003020144757590717,0.010454597380108373,-0.003058993579357101,0.9999884689524728,0.0037019616922597813,-0.010443296367451456,-0.003733723039099561,0.9999384965452872
78,1,1771971754.394249,G:/S1/USA/2026-02-24_16-21-11snow/camera/left/1771971754394248960.jpg,9.727104406347,-8.806711028198,1.725797925345,0.022429039422203978,0.029230116688619745,-0.007034738087595249,0.03750931978847617,9.704675366924796,-8.83594114488662,1.7328326634325952,6.937654493,-4.613056599,0.317791772,0.6016074839958937,-0.7107409197111862,0.34820158067627727,-0.6112307291544163,0.5777172798340174,-0.2068307218158063,-0.789597237263617,-0.40136029901982234,-0.9143176208122071,-0.05415901257430966,-0.7161448107162873,0.3397003662217405,-0.6097050690891035,0.57488164025359,-0.20827727436907062,-0.7912848265199659,-0.39578745531342313,-0.9171827724996835,-0.04613081449875744,0.9999480998380843,-0.002568265862618339,0.009859089241103054,0.0025432196094556923,0.9999935093381913,0.0025521198065483926,-0.009865579771265164,-0.0025269135220272656,0.999948141177246
79,1,1771971754.8942602,G:/S1/USA/2026-02-24_16-21-11snow/camera/left/1771971754894260224.jpg,9.774976197738,-9.128345588585,1.691903129855,0.01648005365258065,0.0334705648000142,-9.736767445223116e-05,0.03730791279189865,9.75849614408542,-9.161816153385015,1.6920004975294523,6.99147527,-4.938931608,0.276959606,0.5173245881528049,-0.6823641580276458,0.3965290347885621,-0.6141204119786874,0.5532170003698407,-0.2690276598294721,-0.7884003226460992,-0.4778389962539864,-0.8777179745318702,-0.03579177059959049,-0.684056285688796,0.390127770277141,-0.6163337739149417,0.5522266053752796,-0.2750590188099218,-0.7870122695911531,-0.4765635050288087,-0.8787165976752168,-0.02728308349045327,0.9999756307727857,0.0025310186871883933,0.006506289647220914,-0.0025682306223541434,0.9999803575676598,0.005717400661567902,-0.006491690999950094,-0.005733970985241883,0.9999624890588149
80,1,1771971755.394284,G:/S1/USA/2026-02-24_16-21-11snow/camera/left/1771971755394284032.jpg,9.860340186422,-9.423628634265,1.667332265453,0.013534791483363229,0.03519791155979135,-0.0030859686688596843,0.03783657967224573,9.846805394938638,-9.458826545824792,1.6704182341218599,7.079784521,-5.235942,0.255377343,0.14275225454335563,-0.6042885135893896,0.47504081969920686,-0.6396652342932452,0.5533326637277205,-0.3274413362517681,-0.7659015175371062,-0.5732873237704739,-0.8167731575738533,-0.06498656377225798,-0.6024998874515147,0.4750961614418393,-0.6413092257282299,0.5549942650025336,-0.3280519852530577,-0.7644365642653582,-0.5735636420095066,-0.8164958863060837,-0.06602436073172546,0.9999970475229962,0.002230719625997849,-0.0009637609874526726,-0.002231249444457684,0.9999973600504563,-0.0005490155142760661,0.0009625337434900238,0.0005511642844886559,0.999999384873173
81,1,1771971755.894273,G:/S1/USA/2026-02-24_16-21-11snow/camera/left/1771971755894273024.jpg,9.938118049464,-9.701493950654,1.617399194321,0.009973940990827934,0.02612149547830267,-0.0063913325700166446,0.028682070304147503,9.928144108473173,-9.727615446132301,1.6237905268910167,7.161123235,-5.504730901,0.208749636,0.6126923147545623,-0.5949825540868134,0.49174503348962967,-0.6357535547447731,0.5112127486375251,-0.3788393481279657,-0.7714546480127298,-0.6202074539722969,-0.7840073790139104,-0.025983527261324912,-0.5999265123504609,0.48315660615613065,-0.6376894806304256,0.5103726547958611,-0.3826965263441614,-0.7701059160665742,-0.6161233099109602,-0.7874662295310209,-0.0170001274277739,0.999949024191795,0.002219698742053382,0.009849972353855747,-0.0022543681806792165,0.9999912986703418,0.003510043833014278,-0.00984209540611846,-0.003532070369947825,0.9999453273239086
82,1,1771971756.3943338,G:/S1/USA/2026-02-24_16-21-11snow/camera/left/1771971756394333952.jpg,10.116170038107,-9.991872494327,1.540578152806,0.0038297358399681514,0.03173968967626006,0.009290394493861764,0.03329243468418618,10.112340302267032,-10.023612184003259,1.5312877583121383,7.345319428,-5.800727638,0.116246867,0.43822811085465446,-0.5548753548118726,0.5612469972491017,-0.6140970189646466,0.45898233041328335,-0.4091282797124538,-0.7886376044216507,-0.6938649443449283,-0.7194552514356923,-0.03058725536583151,-0.5583201789716612,0.5551642803715746,-0.6164991480550188,0.4591846886653746,-0.4121131424858534,-0.786963899734745,-0.690961648319453,-0.7224647947062517,-0.02483185377128283,0.9999726817588648,0.002801907402699389,0.00683995986035211,-0.002815345934555346,0.9999941241789916,0.0019558718671468687,-0.00683443949810887,-0.001975075289352969,0.9999746944369885
83,1,1771971756.8943381,G:/S1/USA/2026-02-24_16-21-11snow/camera/left/1771971756894338048.jpg,10.228843064534,-10.294986934597,1.514290707622,0.016491987321482604,0.038668055414938785,-0.01242288382978149,0.04383528485173749,10.212351077212517,-10.33365499001194,1.5267135914517815,7.445330203,-6.110770444,0.1116727,0.3477166579775545,-0.4658617898705444,0.6413125249890361,-0.60966469311483,0.4789736373652271,-0.396564934147273,-0.7831478198360083,-0.7440141446556892,-0.6568519607163824,-0.12242734276013367,-0.4706464785084391,0.6401074649732795,-0.6072514516681595,0.47532238981729963,-0.3958925400123505,-0.7857084207903976,-0.743344145067395,-0.6584311126063614,-0.11793198016641859,0.9999849154253585,-0.0037037799524584185,0.004055975320743306,0.0036932994934400967,0.9999898298001118,0.002588403986114446,-0.004065520949455982,-0.0025733850095436784,0.9999884245475055
84,1,1771971757.3943932,G:/S1/USA/2026-02-24_16-21-11snow/camera/left/1771971757394393088.jpg,10.173716267192,-10.57332012565,1.534285203458,0.0197947092056463,0.029929535704240173,-0.008651599482416006,0.036911485930691365,10.153921557986354,-10.60324966135424,1.542936802940416,7.386900684,-6.380365116,0.127895912,0.16411908336639627,-0.4431394876164658,0.6641696684455133,-0.6020847498749602,0.4702585347338374,-0.39957404690908627,-0.7868910290165213,-0.7632065939344344,-0.6318379796701624,-0.13526441668571598,-0.4447129510738024,0.6623965074124593,-0.6028774818443674,0.4694549945437844,-0.40085261772383163,-0.7867205265924152,-0.7627859458885731,-0.6328886520010669,-0.13270099819951398,0.9999968758443621,0.000592368185035509,0.002428456598139117,-0.0005957644753854195,0.9999988452543791,0.0013980538610539055,-0.002427625631261053,-0.0013994962814867808,0.9999960740142697
85,1,1771971757.894437,G:/S1/USA/2026-02-24_16-21-11snow/camera/left/1771971757894437120.jpg,10.118185687896,-10.813287621793,1.560554323716,0.019997444133189823,0.022793556236916146,-0.018330678344441964,0.035432439181531106,10.09818824376281,-10.836081178029916,1.578885002060442,7.33116737,-6.613196633,0.163844111,0.17273468958003818,-0.347586851240159,0.7184754053875053,-0.6024752880394447,0.4140658058694697,-0.4588778978915653,-0.7861174105922634,-0.8412686189646078,-0.5227084911113254,-0.13799617409733922,-0.3481925137814914,0.7171639214502431,-0.603686908187212,0.4164960764970004,-0.45858035110247586,-0.785006420257398,-0.8398172370278729,-0.524766587496612,-0.13902171426805943,0.9999982225796931,0.0013035025371716776,0.0013622476245196769,-0.0013002942871793946,0.9999963854755306,-0.002353353063363242,-0.0013653103023310016,0.002351577557662211,0.9999963029985504
86,1,1771971758.394463,G:/S1/USA/2026-02-24_16-21-11snow/camera/left/1771971758394462976.jpg,9.90101688139,-10.995159123865,1.598441978118,0.03827654832811156,0.031169543001497324,-0.009877222051114132,0.050340779476319854,9.862740333061888,-11.026328666866497,1.608319200169114,7.095719459,-6.803444121,0.193278309,0.36012971316388137,-0.34955497933293644,0.7527559818780679,-0.557825912064271,0.38320411286886047,-0.42844006506467047,-0.8182870636443975,-0.8549654521113352,-0.4997975013884788,-0.13869583015322995,-0.35537767519890795,0.7506759369507436,-0.5569491409934507,0.38187111363929865,-0.42725250316821417,-0.8195302014595783,-0.8531595164669391,-0.5039255264616175,-0.13482545472677032,0.9999805004492208,-0.0020575568448542845,0.005896200569487666,0.002053355325123181,0.9999976337090841,0.0007185458516445312,-0.005897665066297463,-0.0007064248454860893,0.9999823590997511
87,1,1771971758.8944612,G:/S1/USA/2026-02-24_16-21-11snow/camera/left/1771971758894461184.jpg,9.579391125421,-11.073775425951,1.643406352454,0.029311422445410074,0.01794013511305348,-0.010517509179362616,0.03593919772318075,9.550079702975589,-11.091715561064053,1.6539238616333625,6.783058829,-6.868831016,0.23888297,0.46303086381559333,-0.3885778981398631,0.729047342079397,-0.5634688900766159,0.3643485874920205,-0.44011168095498787,-0.8207020257557216,-0.8463198708938461,-0.5242057623623975,-0.09460969736914926,-0.3932202042390037,0.7240322890535654,-0.566705492638011,0.36318135641869775,-0.44392358348728556,-0.819164912806745,-0.8446757800056252,-0.5279290638254931,-0.0883953066640275,0.9999714113205451,0.003172052026052631,0.00686400958200627,-0.003191612539604414,0.9999908721272444,0.0028406463333474036,-0.006854936250243209,-0.0028624723820737264,0.9999724076697656
88,1,1771971759.394526,G:/S1/USA/2026-02-24_16-21-11snow/camera/left/1771971759394525952.jpg,9.319952419039,-11.204676795616,1.673969176225,0.020259931951703614,0.015207494480597106,-0.012583627914129814,0.028285692894930457,9.299692487087295,-11.219884290096598,1.6865528041391298,6.532671613,-6.996999745,0.271511913,0.8233238453901631,-0.32212987398453086,0.771698066647436,-0.54837435955679,0.31037455775587003,-0.46114737710258824,-0.8312705519199217,-0.8943712753574762,-0.4379785274691128,-0.09096609968240421,-0.33314977912069,0.7640540832638147,-0.5524785810506387,0.31430714246492797,-0.462443691990369,-0.8290698715632164,-0.8889444554455397,-0.44985240867000875,-0.08608464175696195,0.9999016432873752,0.003516423171218967,0.013577132218830149,-0.003473963390626376,0.9999890056755927,-0.003149620024702208,-0.013588058344269226,0.0031021437781525614,0.9999028659696962
89,1,1771971759.8945248,G:/S1/USA/2026-02-24_16-21-11snow/camera/left/1771971759894524928.jpg,9.064989579453,-11.262385690659,1.745612235837,0.030903228394420168,0.01726258778871248,-0.015910133864111553,0.038809004392468656,9.03408635105858,-11.279648278447713,1.7615223697011118,6.267065477,-7.056763733,0.346481478,0.25965299896152144,-0.28806637654268896,0.8122276566891766,-0.5072514134182129,0.2363282796581771,-0.4530223732547749,-0.8596043703730326,-0.9279906825714213,-0.3675009701209241,-0.06145185123987318,-0.2918267937881608,0.8102869675427081,-0.5082048333671811,0.2353471099850194,-0.45416581307827597,-0.8592701275225665,-0.927064647286812,-0.3703625851262391,-0.05816094299087526,0.9999905919890888,0.0008100466193976837,0.004261426731282288,-0.0008156366142110281,0.9999988090665797,0.0013101917171988136,-0.004260360339835405,-0.0013136551665714224,0.9999900617705548
90,1,1771971760.394555,G:/S1/USA/2026-02-24_16-21-11snow/camera/left/1771971760394555136.jpg,8.74276967132,-11.233788167039,1.773547917533,0.02919680288821702,0.01597221337927568,-0.012755396392934604,0.035640777716926995,8.713572868431783,-11.249760380418277,1.7863033139259346,5.946551995,-7.026875835,0.371262423,0.4809551733703756,-0.30769045413815865,0.7888673021371211,-0.5319915074990897,0.22902061384878492,-0.48127556844274144,-0.846122559474951,-0.9235129359486955,-0.3821808561911707,-0.032582975560930816,-0.31132777070475437,0.7843999404782018,-0.5364622564223896,0.22676390481973185,-0.4868892323701476,-0.8435146749600249,-0.9228505570561877,-0.38425981936679543,-0.0262914541492546,0.9999734125060342,0.005099813070744016,0.005212119308019981,-0.005121440505989341,0.9999782964900128,0.004144562229732734,-0.005190869694105143,-0.004171145595155973,0.999977827962322
91,1,1771971760.894637,G:/S1/USA/2026-02-24_16-21-11snow/camera/left/1771971760894637056.jpg,8.438063575168,-11.364252464505,1.74771327073,0.01806457893465563,0.01828844333650359,-0.01498510622061383,0.029754824486156625,8.419998996233344,-11.382540907841504,1.762698376950614,5.652978122,-7.159656362,0.347657486,0.9720142179588714,-0.2939841405915795,0.7958043105203654,-0.5294042164904209,0.21573554935520195,-0.48433995810193275,-0.8478637730969684,-0.9311452613985853,-0.3634698121481673,-0.029295013772590472,-0.306755436268179,0.7911820101135242,-0.5290861264412843,0.20606910446750293,-0.4874934052075822,-0.8484607852240889,-0.9292129069830448,-0.3692982625897925,-0.01349691610258053,0.9999077135822053,-0.0007861547326305329,0.013562679659382565,0.0006483154306057273,0.9999481295955527,0.010164536657347517,-0.01356996705630133,-0.010154805714167534,0.9998563576409356
92,1,1771971761.394645,G:/S1/USA/2026-02-24_16-21-11snow/camera/left/1771971761394644992.jpg,8.132266341336,-11.45579891274,1.765084800155,0.02566902854890607,0.01195498193491673,-0.016499628240086994,0.032772829474578734,8.106597312787095,-11.467753894674917,1.781584428395087,5.339576439,-7.244869349,0.366543537,0.5044942970156908,-0.239629507788097,0.823849434834659,-0.5136631266889293,0.17046986883769383,-0.48515431342080406,-0.857651045581854,-0.955781210746316,-0.293082583740148,-0.02418421577197294,-0.24500121823722054,0.8192353644095423,-0.518486085409283,0.17372994048623563,-0.4890322366394339,-0.8547896696299515,-0.9538303365069318,-0.29950106715702546,-0.02251221736915521,0.9999632970750721,0.005459236982786128,0.006603123072946393,-0.005445817534581063,0.9999830730860091,-0.002048563604326737,-0.006614194896640581,0.002012529012636719,0.9999761007908351
93,1,1771971761.894649,G:/S1/USA/2026-02-24_16-21-11snow/camera/left/1771971761894649088.jpg,7.737907448912,-11.40761155498,1.803258447781,0.029346560626564155,0.00997548954854377,-0.012928491016446053,0.03358387845833232,7.708560888285436,-11.417587044528545,1.816186938797446,4.941540014,-7.194702499,0.401146048,0.32701757736973486,-0.23640951529925247,0.8373590610808812,-0.49288978879838596,0.14118092941351074,-0.4722831916518906,-0.8700669698667114,-0.9613420235514049,-0.27527874910506367,-0.006566890073816056,-0.2368896620538712,0.8344605375672878,-0.4975529110103925,0.1438740183626514,-0.47635198399429557,-0.8674036281829133,-0.9608244141632674,-0.27706388899965184,-0.00721433019776452,0.9999848116558854,0.005358364984124699,0.0012901093907274216,-0.005356445908718631,0.9999845494059307,-0.0014864173856518831,-0.0012980542246417263,0.0014794844082655337,0.9999980630886819
94,1,1771971762.394706,G:/S1/USA/2026-02-24_16-21-11snow/camera/left/1771971762394705920.jpg,7.369542498076,-11.393105943518,1.854494235676,0.02912555712658005,0.008842510733134468,-0.00912658308422476,0.03177707652998516,7.34041694094942,-11.401948454251134,1.8636208187602246,4.573396067,-7.179063909,0.448579928,0.7270929392319221,-0.1671243295348659,0.8622230750110857,-0.4781640172534411,0.09744689876094814,-0.4681648521517938,-0.8782515431990784,-0.9811083326521057,-0.19337280090053166,-0.0057792276723005465,-0.17562729186779003,0.8564009772362604,-0.48552283215103753,0.09969254791735188,-0.4751815550979847,-0.874221874345642,-0.9793959619280309,-0.20194022849209436,-0.0019219457922085,0.9999198253261842,0.008360004774270203,0.009510690817585082,-0.008352108447498766,0.9999647423542816,-0.000869673971516869,-0.009517625971571901,0.0007901699245706573,0.9999543941737322
95,1,1771971762.894793,G:/S1/USA/2026-02-24_16-21-11snow/camera/left/1771971762894792960.jpg,7.06062941397,-11.260941610558,1.890586125969,0.0329206277260381,0.004334223216817534,-0.01082561005469429,0.034924877291493614,7.027708786243962,-11.265275833774817,1.9014117360236944,4.260687912,-7.042391288,0.486370845,0.8782081389662502,-0.1384986527971459,0.874813279752383,-0.46424115364996943,0.09190029661580423,-0.45538374959418837,-0.8855393701510197,-0.9860894780167279,-0.1653099094864447,-0.017325564068180643,-0.1275577997586086,0.8740090029651435,-0.46886807361625565,0.10215557288559945,-0.45863824655590973,-0.8827316680195265,-0.9865562562009111,-0.16049679601785338,-0.03078200478925774,0.9999291212426321,0.005469042011240349,-0.01057554114061412,-0.005570869985086842,0.9999381771834486,-0.009623264448797145,0.010522257293318495,0.00968149732848756,0.9998977701299928
96,1,1771971763.3947403,G:/S1/USA/2026-02-24_16-21-11snow/camera/left/1771971763394740224.jpg,6.738962650791,-11.22980458406,1.909150292228,0.034087970667326495,0.01379963049835986,-0.00525024367241711,0.03714814402803364,6.704874680123673,-11.24360421455836,1.914400535900417,3.937853806,-7.020719669,0.499359645,0.19200440608641406,-0.15720393419623013,0.8755596745486893,-0.4568174464459744,0.08572742908716952,-0.4487241937481552,-0.8895489901332991,-0.9838382646427875,-0.17900238615521719,-0.004518271285216535,-0.15889413153358,0.8759218267028616,-0.45553661594839046,0.08297132575817501,-0.44791922438152776,-0.8902157758270639,-0.983803036215136,-0.17924653953416397,-0.00150465906676134,0.9999976857760072,-0.001446764181433995,0.0015922675758756255,0.0014426683409873692,0.9999956556577986,0.0025704811976194784,-0.001595979538646028,-0.0025681781349281203,0.9999954286447409
97,1,1771971763.894771,G:/S1/USA/2026-02-24_16-21-11snow/camera/left/1771971763894771200.jpg,6.406007113884,-11.306616636251,1.919914637225,0.0257390188816502,0.014848378992446065,-0.0055058268052936565,0.030220615157589847,6.38026809500235,-11.321465015243447,1.9254204640302937,3.613247221,-7.09858047,0.510379573,0.8891950652784628,-0.15057824908813222,0.8608609420132158,-0.4860500276902279,0.08926513409926212,-0.47780785860652664,-0.8739172650131628,-0.984559762907155,-0.17498025251428945,-0.004897396680106247,-0.16497323125646535,0.856253477160434,-0.48950364229438237,0.08920923078403559,-0.48131553069593863,-0.8719960281181375,-0.9822553365147584,-0.18752424579651816,0.00301846429919106,0.9998798141510848,0.003934686330571804,0.014995849314794071,-0.0039450173218663065,0.999992000980063,0.0006594044435364239,-0.01499313481304582,-0.0007184840777563818,0.9998873384982467
98,1,1771971764.394861,G:/S1/USA/2026-02-24_16-21-11snow/camera/left/1771971764394861056.jpg,6.05278958527,-11.333641333884,1.874094424989,0.011511731059393515,0.009428633400649922,-0.008101084774658596,0.016942451248678922,6.041277854210607,-11.343069967284649,1.8821955097636585,3.27425698,-7.120185422,0.467154619,1.4142154766170525,-0.14009913654087613,0.8622864083907524,-0.4866563282698355,0.06561368002461943,-0.4823382312450111,-0.8735242845353881,-0.9879610705559851,-0.15431131061594727,0.01099738522834992,-0.16357292836589854,0.8559073458811047,-0.4905777332620874,0.06779933421779638,-0.4863465948230365,-0.8711315859177997,-0.9841987336841215,-0.17575438819784917,0.02152318851312729,0.9996964556208705,0.004962106352363353,0.024132428796486558,-0.004926987622353018,0.9999867154652502,-0.001514491990972759,-0.024139623278726305,0.0013951320974642427,0.9997076233551448
99,1,1771971764.8948832,G:/S1/USA/2026-02-24_16-21-11snow/camera/left/1771971764894883072.jpg,5.797660416564,-11.452505988144,1.802892326193,0.012690712724032771,0.01898823994992771,0.001176511669979119,0.022869010156750445,5.784969703839967,-11.471494228093928,1.801715814523021,3.01794883,-7.248609683,0.386674923,0.4962738651852118,-0.06891557921061575,0.8509516692467547,-0.5207032739941512,0.06325487713838057,-0.5171667531381212,-0.8535440058759614,-0.9956151181356551,-0.09175950116874326,-0.018185996947916783,-0.07517290473585136,0.8491056632690968,-0.5228466381243374,0.05817270595893725,-0.5197029864768511,-0.8523642074421338,-0.9954722350095907,-0.09449009710752293,-0.01032719098405965,0.9999764220647039,0.002388342166155005,0.006438255693215549,-0.0024222961298601114,0.9999831735661056,0.005271154154500103,-0.006425558040599696,-0.005286625233416977,0.9999653812995273
100,1,1771971765.3949192,G:/S1/USA/2026-02-24_16-21-11snow/camera/left/1771971765394919168.jpg,5.524988124829,-11.688851441695,1.730457560584,-0.00507225372562603,0.017626672642511387,-0.00455362238752377,0.018898751894015228,5.5300603785546265,-11.70647811433751,1.7350111829715238,2.763039505,-7.483593569,0.319970292,0.21892986418743834,0.009336022973652214,0.8086936304392467,-0.588155974858733,0.0725841808725946,-0.5871780776402029,-0.8061969001588944,-0.9973185927085135,-0.03516414687927277,-0.06418027276479132,0.0120176266539207,0.8092761963953108,-0.5873053844445365,0.0751052431448408,-0.5864192091867576,-0.8065182660975088,-0.9971031938078229,-0.03441727828745356,-0.06782825262029601,0.9999958730572778,-0.0008331713068532946,-0.0027494897682474387,0.0008262420768462383,0.9999964825438117,-0.0025203618856485667,0.002751579990244109,0.002518079740123165,0.9999930440167968
101,1,1771971765.8949392,G:/S1/USA/2026-02-24_16-21-11snow/camera/left/1771971765894939136.jpg,5.186263133432,-11.769589378162,1.685653184203,0.003429135981806386,0.012593744961380438,-0.005577590353454731,0.014194044521733954,5.182833997450194,-11.78218312312338,1.6912307745564548,2.415813124,-7.559298578,0.276189883,0.1836739692720528,-0.027263049797640715,0.8184533051315854,-0.573925877997251,0.058345906710338624,-0.5718576006866722,-0.8182754057815932,-0.9979240859333339,-0.055794908872285,-0.032162817943295785,-0.02429110847753868,0.8179074925574406,-0.5748367382721224,0.05893916379956798,-0.5728345239009216,-0.8175492542946952,-0.9979659899112494,-0.05373957429683324,-0.03429199811698058,0.9999950199934917,0.001230862241117117,-0.002906022429282028,-0.0012324971608056122,0.9999990831855388,-0.0005608732748507237,0.002905329407262803,0.0005644521460916346,0.9999956202178137
102,1,1771971766.3949652,G:/S1/USA/2026-02-24_16-21-11snow/camera/left/1771971766394965248.jpg,4.827267320397,-11.79123596254,1.707933922279,-0.0004551091204962887,0.008945696264529346,-0.010350680326380757,0.013688286568730904,4.827722429517496,-11.80018165880453,1.7182846026053809,2.060701556,-7.577297113,0.303243711,0.7589422210408816,0.08829816219297171,0.8034136105718463,-0.5888378426198961,-0.0014371480954636917,-0.5910434417270696,-0.8066384472592241,-0.9960930524598068,0.07207093963124006,-0.05103342534040611,0.07716807273083537,0.8001500941138437,-0.5948150262397675,0.00027638256443169,-0.5966111557101377,-0.8025304059628469,-0.9970180600990567,0.06176532823373332,-0.04626048059080945,0.9999148719224338,0.006766301700460053,0.011156436242870575,-0.006740845759990077,0.9999745941851939,-0.00231775378265037,-0.011171835425877824,0.0022423526607823862,0.999935078866504
103,1,1771971766.894998,G:/S1/USA/2026-02-24_16-21-11snow/camera/left/1771971766894998016.jpg,4.47342096493,-11.748779138594,1.771138651435,-0.015115786938825426,0.0001772842109186712,-0.009732530976899634,0.01797889328317284,4.488536751868825,-11.748956422804918,1.7808711824118997,1.721515878,-7.526071877,0.365830291,0.36109184772089964,0.22419715840864063,0.8238575863234402,-0.5205711398251028,-0.06671339211875549,-0.5199414040827066,-0.8515927780532865,-0.972257660023052,0.22565374753772682,-0.061607051127934964,0.22432941221956137,0.8254031946020876,-0.5180597274001275,-0.07146429595277182,-0.5162435940555965,-0.8534549818241939,-0.9718894840552605,0.2284778281086129,-0.05682176383719895,0.9999956432058054,-0.002951149522731577,6.546680589898848e-05,0.002950739243765852,0.9999801436554401,0.005568252217880403,-8.189825084212732e-05,-0.0055680347826778985,0.9999844950204658
104,1,1771971767.39499,G:/S1/USA/2026-02-24_16-21-11snow/camera/left/1771971767394990080.jpg,4.1256836468,-11.625642764999,1.804275870503,-0.009347743357241978,0.0016534774136296448,-0.011366280482057067,0.014809004876325632,4.135031390157241,-11.62729624241263,1.815642150985057,1.368010516,-7.404411697,0.40060126,0.4088862352187483,0.3233039447061331,0.8183150879649028,-0.47522097612210545,-0.08736132348924225,-0.47423586309162613,-0.8760527069280408,-0.9422539777022231,0.32474722934419814,-0.08183323614281068,0.3171696777581262,0.8207106958559844,-0.47522347292446776,-0.08457293928541437,-0.47462213169279877,-0.8761171440212829,-0.9445902886709308,0.3180688381702448,-0.08112583271436147,0.9999783159128043,-0.0005979981661737246,0.006558208778687691,0.0006160280464562309,0.9999960357789801,-0.0027475326695647105,-0.00655653976100113,0.0027515131323688873,0.9999747201613873
105,1,1771971767.895051,G:/S1/USA/2026-02-24_16-21-11snow/camera/left/1771971767895051008.jpg,3.717677142769,-11.584737689974,1.814017292851,-0.02050011195819934,0.006268264012054381,-0.007956427168274827,0.022865923495620846,3.738177254727199,-11.591005953986055,1.821973720019275,0.971156381,-7.368121408,0.406932829,0.559452183254752,0.367340591236184,0.7960016032819577,-0.48108454309279525,-0.1478566138522734,-0.46069163683750025,-0.8751580642878884,-0.9182588479129348,0.3926126122789959,-0.051536636571201555,0.3584961605730086,0.800130190974479,-0.48090766301396737,-0.14776905948006858,-0.4600168339819972,-0.875527736575807,-0.9217617956472203,0.3849366050979348,-0.04667978299959064,0.9999523497616737,-0.0007490962799844969,0.009733296505857457,0.0007471500534581309,0.9999997001588685,0.00020359020127465565,-0.009733446096077701,-0.0001963082671484366,0.9999526096221554
106,1,1771971768.395051,G:/S1/USA/2026-02-24_16-21-11snow/camera/left/1771971768395051008.jpg,3.313912241465,-11.48059259027,1.804950316412,-0.021917712133690426,0.002589848253934157,-0.013524031000122338,0.02588421978051485,3.3358299535986906,-11.483182438523933,1.8184743474121223,0.56880908,-7.260297893,0.403433456,0.8509060638124549,0.38326696314321196,0.7800305952720076,-0.4946298670749445,-0.1481563450292307,-0.4766699232129612,-0.8665076351260437,-0.9116776471925585,0.4053863031032831,-0.06712535188506386,0.3704852443270933,0.7844689805216926,-0.4973420375708759,-0.14392411462443155,-0.4804940344181466,-0.865107699721917,-0.9176200373604904,0.3920891499236231,-0.06511194626720263,0.9999047862658411,0.0021281644293188423,0.013634123324385452,-0.0020532995080540036,0.9999827522900775,-0.00550264331856842,-0.013645598696759343,0.0054741244526354945,0.9998919099571132
107,1,1771971768.895081,G:/S1/USA/2026-02-24_16-21-11snow/camera/left/1771971768895080960.jpg,2.987976816617,-11.446409749212,1.877706480632,-0.011652967375729961,0.008924536540063421,-0.012737392673245751,0.019433995297601793,2.99962978399273,-11.455334285752063,1.8904438733052458,0.23260891,-7.23244974,0.475402982,0.7672173778951972,0.42494083226811474,0.7523172527881028,-0.5034322598211639,-0.22444442199151532,-0.45121222149407725,-0.8637315743975523,-0.8769549535228002,0.4800273766481885,-0.022885085974967856,0.41387079325685494,0.7559606269145415,-0.5071829029491377,-0.2309349530360828,-0.45172643870795043,-0.8617495413624856,-0.8805566500544775,0.47377922614568635,-0.01237864764951635,0.999925056368695,0.004080222467909393,0.011542678661122453,-0.004142765515501879,0.9999768400662321,0.0053997060139114724,-0.011520379331650716,-0.005447119951448414,0.9999188015755527
108,1,1771971769.395165,G:/S1/USA/2026-02-24_16-21-11snow/camera/left/1771971769395164928.jpg,2.738430837313,-11.367362225819,1.971750865733,-0.013830225412909236,0.001524672277011696,-0.010199597941914829,0.01725200158534892,2.752261062725909,-11.368886898096012,1.9819504636749148,-0.014759811,-7.146002353,0.566909572,0.287073507146731,0.5024964569678586,0.708173498966187,-0.4959713762877217,-0.3266983636488867,-0.37559623897970296,-0.8672921332823453,-0.8004782882276625,0.5978442611803594,0.04262334395400613,0.5023606911070833,0.7079835800250379,-0.49637988118511067,-0.32293752468153925,-0.37890660025202805,-0.867260712495389,-0.8020879572609066,0.5959773810308413,0.03828668328081614,0.9999998893110877,0.0004699804084740127,-2.227616997054593e-05,-0.00047008567969665234,0.999987448305621,-0.004988211168965835,1.9931528844040265e-05,0.004988221088534513,0.9999875585491582
109,1,1771971769.8951452,G:/S1/USA/2026-02-24_16-21-11snow/camera/left/1771971769895145216.jpg,2.558403200616,-11.138334116432,2.010558874215,-0.020912353363394587,-0.0009065653772521998,-0.009997254942447076,0.02319684224981917,2.5793155539793946,-11.13742755105475,2.020556129157447,-0.18770532,-6.914543006,0.605515238,0.2096851728463293,0.5358477221341729,0.6602687813636228,-0.5262246241294822,-0.38099533119868645,-0.3671012407887084,-0.8485748267631994,-0.7534651792142896,0.655196012936577,0.05484895936652867,0.534305940759682,0.6619144005459331,-0.5257247264670257,-0.3786155648548285,-0.368663949109786,-0.8489623941473712,-0.7557561880120931,0.6526532149439663,0.05363175649495988,0.9999973324750135,-0.0004408979106002234,0.0022673005732771344,0.0004473323568436473,0.9999958722231873,-0.002838209003822181,-0.00226603985394677,0.0028392156697378103,0.9999934019371133
110,1,1771971770.395174,G:/S1/USA/2026-02-24_16-21-11snow/camera/left/1771971770395174144.jpg,2.328899791479,-10.94172726891,2.013913311169,-0.030786349405234503,0.003246005634415461,-0.002254059165031519,0.031038953671142046,2.3596861408842345,-10.944973274544417,2.0161673703340313,-0.407334733,-6.722088729,0.601126479,1.7323284004684512,0.6027599549650389,0.579596746530233,-0.5484050037172465,-0.4285656223208145,-0.34458048899967153,-0.8352220028025603,-0.6730616198055845,0.7384659084970111,0.040695920340575675,0.6189822826570763,0.5551390161764787,-0.5555912224605848,-0.43245027002134223,-0.3496118869002548,-0.8311186994025052,-0.6556277127418455,0.7547133238897105,0.02366645364733333,0.9995435068851842,0.0074774127336766265,-0.029272276004408744,-0.007507964043062611,0.999971378724308,-0.0009339208396711412,0.02926445488294801,0.001153269706937631,0.9995710388208469
111,1,1771971770.895256,G:/S1/USA/2026-02-24_16-21-11snow/camera/left/1771971770895256064.jpg,2.126276969726,-10.681425614986,2.01812467011,-0.004179292465781526,-0.0021945412744717174,-0.005734618123773627,0.0074275394273885294,2.1304562621917817,-10.679231073711529,2.0238592882337736,-0.636564612,-6.456346528,0.608818397,0.4627820668428035,0.6306098538100327,0.5831148858878039,-0.5121603675937281,-0.41771036709609355,-0.30117223661182746,-0.8572125367227641,-0.6541018739448283,0.754501367626516,0.05365095294196609,0.6265303797060389,0.5896300635593809,-0.5097019437400325,-0.4164371619479318,-0.29954183076171703,-0.8584024590905311,-0.6588169498837737,0.7500740495250314,0.05787181330286656,0.999967433251549,-0.002365543753700209,0.007715998902152383,0.0023630407108738466,0.9999971524050867,0.0003334971014081838,-0.00771676583209821,-0.00031525302096100516,0.9999701756255661
112,1,1771971771.395237,G:/S1/USA/2026-02-24_16-21-11snow/camera/left/1771971771395236864.jpg,1.87574596057,-10.420848611146,2.018800187498,-0.020499585615876503,0.003423965346429192,-0.008799635477308776,0.02256967287422904,1.8962455461858765,-10.42427257649243,2.0275998229753087,-0.870775328,-6.201388031,0.612558932,0.3918086775352698,0.6563374771067032,0.5614057265943885,-0.5040284975001259,-0.3839892169491441,-0.3264944932046445,-0.8636860698042002,-0.6494408344198808,0.7604110441426197,0.0012831733865763528,0.6518628065057634,0.5660533553597663,-0.5046369788079154,-0.38589093169800825,-0.32525042180800384,-0.8633077967602046,-0.6528116652815522,0.7574930771958684,0.00641620391361541,0.9999790033101855,0.0007263368910789045,0.0064393612640763695,-0.0007403982480895888,0.9999973463384393,0.0021815422329414286,-0.006437759641587852,-0.0021862641195745385,0.9999768874829044
113,1,1771971771.8952677,G:/S1/USA/2026-02-24_16-21-11snow/camera/left/1771971771895267840.jpg,1.622824331881,-10.221316305476,2.035631170444,-0.024874607147668648,0.0027194189042445416,-0.004566421019392308,0.02543606732287754,1.6476989390286687,-10.224035724380244,2.0401975914633925,-1.119321935,-6.001151179,0.6251567,0.38055418433825206,0.7014494428235466,0.48214501631271856,-0.5248855707745683,-0.4504142400582377,-0.27086856265353143,-0.8507392280356951,-0.5523546790924254,0.8331664929717342,0.027164378768625097,0.6999162200870439,0.4876450816518341,-0.5218424658839498,-0.4488746151886029,-0.26797879111517253,-0.8524663907461306,-0.5555437558809826,0.8308968900250061,0.03132879583425485,0.9999790690109654,-0.0033880981446814083,0.005512016956186105,0.003379820737552129,0.9999931478423446,0.0015103245152528228,-0.005517096314664693,-0.0014916632734527507,0.9999836681611025
114,1,1771971772.3953571,G:/S1/USA/2026-02-24_16-21-11snow/camera/left/1771971772395357184.jpg,1.447533514372,-9.934567107075,2.013400073563,-0.022926541949692236,0.0029958591165497594,-0.002512597291793872,0.02325757172982472,1.4704600563216923,-9.93756296619155,2.015912670854794,-1.296560818,-5.714678421,0.60087178,0.39665862400716206,0.6895276428952684,0.4726904435325127,-0.5487398056240606,-0.48053931439029157,-0.26828107191714246,-0.8349294783251444,-0.5418796886843092,0.8393980051465608,0.04215912650151321,0.6914082132665972,0.46676091195543806,-0.5514425932932815,-0.48331774565870805,-0.26849442959532904,-0.8332554818347511,-0.536990353133905,0.8426416749406633,0.03995457788936446,0.9999769995245851,0.002943730189249309,-0.006110227031867919,-0.0029352458077446636,0.999994716266969,0.0013970576911093416,0.006114307307961041,-0.0013790905398386247,0.9999803564847796
115,1,1771971772.8953857,G:/S1/USA/2026-02-24_16-21-11snow/camera/left/1771971772895385856.jpg,1.191710381513,-9.698848593142,1.990220443891,-0.020404467259572456,0.009909337349638392,0.005712859106785539,0.023391750897055252,1.2121148487725724,-9.708757930491638,1.9845075847842146,-1.554906025,-5.485873385,0.569466694,1.06332325626958,0.7366499420184891,0.3826549583208549,-0.5576038430612019,-0.49886829396587967,-0.2492106677594268,-0.8300749775474945,-0.4565931320111258,0.8896455619781203,0.007313402279738979,0.7301894522584704,0.3982759371808195,-0.5551573125459259,-0.5002777909985519,-0.2417406142455502,-0.8314346680634586,-0.46534449136535855,0.8848376988391284,0.02273215935611392,0.9998541307899776,-0.0027007848305199743,0.016864842232222163,0.0025783157656893243,0.9999701814301579,0.00727932265734835,-0.01688399923095559,-0.0072347779396896815,0.9998312800458549
116,1,1771971773.395394,G:/S1/USA/2026-02-24_16-21-11snow/camera/left/1771971773395394048.jpg,0.957080274518,-9.430972518983,1.979056245366,-0.007456158907401367,-0.009776988168948897,0.008553728609668076,0.014978320214097493,0.9645364334254014,-9.42119553081405,1.9705025167563321,-1.80248444,-5.198310985,0.555461626,0.7519675360062457,0.7124639151674284,0.3773778203377224,-0.5915920471925306,-0.5241432255081889,-0.2743365254534351,-0.8062340540785962,-0.46655015672290945,0.8844916345106304,0.0023451529890803346,0.7195036293252985,0.36664899862692396,-0.5898161062514291,-0.5216200506875237,-0.27539631994668334,-0.8075081359841331,-0.45850523454860187,0.8886649417894789,-0.00689718245616394,0.9999160904215236,-0.0021783348797602626,-0.012769767941789604,0.0021514647983026615,0.9999954435698772,-0.002117554888588188,0.012774322500907966,0.0020899034992408983,0.9999162209845417
117,1,1771971773.895457,G:/S1/USA/2026-02-24_16-21-11snow/camera/left/1771971773895457024.jpg,0.772043817892,-9.152276751981,1.960745699726,-0.022262242735866966,0.0030234399608035645,0.0030693005653459338,0.022675300368190897,0.794306060627867,-9.155300191941805,1.957676399160654,-1.972714813,-4.932415646,0.542635508,0.14156413828344455,0.6586131282362586,0.3841573727227573,-0.6470331214842083,-0.580625021651779,-0.28750951223609356,-0.761717050226418,-0.47864739793163075,0.8773604694517031,0.03369384360334693,0.6595447185008783,0.3840145601768437,-0.6461683850744961,-0.5808712270364137,-0.2852087926493768,-0.7623939678386075,-0.47706328919631624,0.8781735376152425,0.03495505590786341,0.9999991819875487,-0.0011585291193778704,-0.0005420650450776927,0.001159672408844636,0.9999970939274193,0.0021135980272331,0.0005396148049364067,-0.002114224916160377,0.9999976194315996
118,1,1771971774.395424,G:/S1/USA/2026-02-24_16-21-11snow/camera/left/1771971774395424000.jpg,0.430762929283,-8.996432416464,1.885238382251,-0.02587576914734102,0.004349542126475647,0.00892921308598077,0.027716507572407494,0.456638698430341,-9.000781958590476,1.876309169165019,-2.310382175,-4.777897413,0.461268278,0.5046396396355461,0.6569358996610581,0.3028239565383541,-0.6904584528289688,-0.6195837298075095,-0.3049767400127812,-0.7232601121373915,-0.4295942568218658,0.90293235593683,-0.012725372608892727,0.6573552512351212,0.29887025710278703,-0.6917807767587391,-0.6175061366813025,-0.3125436619761534,-0.721805119488265,-0.4319377788924498,0.9016612605506847,-0.0208979996077896,0.9999912219322276,0.0019023471062187879,-0.0037332471091130054,-0.0019312117116640946,0.9999681541475969,-0.007743456074212253,0.0037183974794222268,0.007750597792169744,0.9999630501943806
119,1,1771971774.895488,G:/S1/USA/2026-02-24_16-21-11snow/camera/left/1771971774895488000.jpg,0.155540243381,-8.858552038079,1.836554771479,-0.023559794969025383,0.0019463516065201247,-0.0008343017596307289,0.023654772942999055,0.1791000383500254,-8.860498389685521,1.8373890732386307,-2.587920835,-4.637613844,0.422348182,0.524202406199375,0.7129290631968298,0.24984038498890299,-0.6552189961210584,-0.6077367037873425,-0.24601379113824784,-0.755071727347464,-0.3498403203162648,0.936513212185703,-0.023553209603575098,0.7112349056393854,0.2585767988196522,-0.6536688367302784,-0.6055884543983585,-0.2467873955720875,-0.7565438554942822,-0.35694191810369047,0.933934698198395,-0.01893268606223497,0.9999592009547057,-0.002290158086657559,0.008737940373131185,0.002302838121341744,0.9999963096997312,-0.0014413616848523302,-0.008734607181388895,0.0014614249408649296,0.9999607846683436
120,1,1771971775.395489,G:/S1/USA/2026-02-24_16-21-11snow/camera/left/1771971775395489024.jpg,-0.092969085418,-8.744410850474,1.783460138077,-0.02650602317958084,0.015552501220847503,-0.0008526326030035003,0.030743723609488887,-0.06646306223841916,-8.759963351694848,1.7843127706800037,-2.833483936,-4.537078806,0.369271879,0.4590571431343281,0.7363041524805545,0.1780147792175998,-0.6528146240855834,-0.6281599159165949,-0.17881772159249865,-0.7572577780915323,-0.2515378998790217,0.967644025881717,-0.019842482200429723,0.7373019367330718,0.18529754811672264,-0.6496542717104166,-0.6248692093545131,-0.17843171938694075,-0.7600661765381258,-0.2567573276273271,0.9663472151243313,-0.01577131989157712,0.9999679889383059,-0.004322257631195022,0.006733438025951542,0.004325038579851422,0.9999905675753924,-0.0003984990933707841,-0.006731652097557473,0.00042760871622882885,0.9999772507466473
121,1,1771971775.89552,G:/S1/USA/2026-02-24_16-21-11snow/camera/left/1771971775895520000.jpg,-0.460569982318,-8.716441685449,1.734340030423,-0.03832523746932415,0.01776376446751904,-0.005498023875028346,0.042598162186507076,-0.42224474484867586,-8.73420544991652,1.7398380542980283,-3.189265619,-4.511320904,0.324797163,0.6741388256198396,0.732923800306583,0.10090968347598983,-0.6727852099481167,-0.6563049100726033,-0.15551188574775354,-0.7382952786018406,-0.17912723957775958,0.9826664180544449,-0.04775084155592224,0.7300423682660708,0.1122298468451991,-0.6741235806686855,-0.6570401957452512,-0.15606539513135334,-0.7375240834152715,-0.18797957791076303,0.9813501179087908,-0.04019483012644406,0.9999308800072523,0.001118790827725103,0.011703995685480634,-0.0011136115417149952,0.9999992791201628,-0.00044903060966151116,-0.011704489619633905,0.00043596586798957986,0.999931405075621
122,1,1771971776.39558,G:/S1/USA/2026-02-24_16-21-11snow/camera/left/1771971776395580160.jpg,-0.679808472311,-8.58580733782,1.672473644865,-0.033195268156298585,0.012802699701632392,0.0001397105020153333,0.03557884858512319,-0.6466132041547014,-8.598610037521633,1.6723339343629846,-3.413634078,-4.375725492,0.257293043,0.45861124741572995,0.7403863080969655,0.06250514979505939,-0.6692691693419341,-0.662713464217931,-0.09864894318870565,-0.7423471225457943,-0.11242321435902097,0.9931573350969365,-0.03161532249300847,0.7381864362486726,0.06991706463547875,-0.6709637765269022,-0.6640395296712772,-0.09996337392917698,-0.740985038247497,-0.11887930169896443,0.9925315752888941,-0.02736391203963304,0.999968676194369,0.0019846938950120797,0.0076620898078909256,-0.001975560422521413,0.9999973292743031,-0.0011994187250136854,-0.007664449823572045,0.0011842442332764488,0.9999699264350392
123,1,1771971776.8955832,G:/S1/USA/2026-02-24_16-21-11snow/camera/left/1771971776895583232.jpg,-0.907902147038,-8.460310463512,1.601885129204,-0.02893109274078487,0.01843637777642826,0.005294004340336195,0.034712168394477626,-0.8789710542972151,-8.478746841288428,1.5965911248636637,-3.645991928,-4.255862296,0.181550234,0.17528012385255742,0.710431741500889,-0.04642937891341631,-0.702232905410825,-0.7036811674872621,-0.03136072338458984,-0.7098234425211378,0.010934129676293758,0.9984291751559093,-0.05495113288834297,0.7092848406919424,-0.04403967022115696,-0.7035449681515874,-0.7048545720240172,-0.03050482103449118,-0.7086956245035619,0.00974920824713277,0.9985639505512233,-0.0526781700335977,0.9999956262011328,0.0016634423984155525,0.0024455138503299517,-0.0016653537663146728,0.99999830928974,0.0007797528422976393,-0.002444212641736526,-0.0007838220775168334,0.9999967057183304
124,1,1771971777.395612,G:/S1/USA/2026-02-24_16-21-11snow/camera/left/1771971777395611904.jpg,-1.182209270708,-8.29136308328,1.576895959792,-0.024645513206269065,0.005264062793432167,-0.00587674236940855,0.02587755357776274,-1.157563757501731,-8.296627146073433,1.5827727021614086,-3.924584631,-4.073742601,0.167731811,0.350304327259013,0.7061671272499254,-0.11692002976048554,-0.6983249208158011,-0.7041263173342873,-0.012340630614953607,-0.7099674908566449,0.07439165026293165,0.9930646582558624,-0.09104101764768036,0.7064216381307541,-0.1130314892657947,-0.698707629566916,-0.7044863223170441,-0.01700049842989418,-0.7095139214429418,0.06831903723610233,0.9934459549907544,-0.09163865812876329,0.9999923340055223,4.4515920642277254e-05,0.003915347816073229,-2.6130625774836353e-05,0.9999889751515735,-0.004695624824928918,-0.0039155136800190305,0.004695486517806448,0.9999813104048412
125,1,1771971777.8956451,G:/S1/USA/2026-02-24_16-21-11snow/camera/left/1771971777895645184.jpg,-1.347613136116,-7.945833694953,1.538227222008,-0.0371119124083652,0.011026450304882474,-0.007032240867178574,0.039348812695508745,-1.3105012237076348,-7.956860145257883,1.5452594628751786,-4.077522098,-3.7339756,0.130218572,0.5472678666796154,0.712696311553362,-0.10400687471257775,-0.693719350682072,-0.6993761125616518,-0.028951215933283425,-0.7141672635133431,0.0541942863813632,0.9941551172269383,-0.09337334852680557,0.7112784755192979,-0.09893787125131709,-0.6959125145413043,-0.7014593234441466,-0.03632766990348488,-0.711783055398668,0.04514142018394202,0.994430288170891,-0.095239981899072,0.9999837424885885,0.0024111326717646173,0.0051673201715862534,-0.0023714660934431218,0.9999677818554555,-0.007668859083875497,-0.005185644326809945,0.0076564802827304,0.9999572427872089
126,1,1771971778.395714,G:/S1/USA/2026-02-24_16-21-11snow/camera/left/1771971778395714048.jpg,-1.564177904381,-7.584743555043,1.514487820353,-0.025050212843724218,0.004378724495687436,-0.0026552501349380586,0.025568276144552794,-1.5391276915372758,-7.589122279538687,1.517143070487938,-4.306148565,-3.366237734,0.102102179,0.5518067315999842,0.7217639819784742,-0.12094138993341164,-0.6814909643711728,-0.6863381312823089,0.0021514890245341034,-0.7272794102976414,0.08942440308151234,0.9926573181596716,-0.08145382027605219,0.7260729306648913,-0.11823305314765115,-0.6773765898664352,-0.6814003588517366,0.00845662957114368,-0.7318620337010392,0.09225860562798799,0.9929498630644354,-0.07442391502667825,0.9999785848977538,-0.005943868695906934,0.0027386439731606174,0.005924370272692274,0.9999574315844268,0.007073673440866917,-0.0027805723795561055,-0.007057297216484672,0.9999712310727944
127,1,1771971778.895708,G:/S1/USA/2026-02-24_16-21-11snow/camera/left/1771971778895708160.jpg,-1.699696321808,-7.212334396041,1.503141667363,-0.02512996092618458,-0.002298261971944271,-0.004424052902527842,0.025619703127234203,-1.6745663608818153,-7.210036134069056,1.507565720265528,-4.441587235,-2.987151589,0.092524829,0.5554452285742855,0.7539074342503591,-0.11858374911782493,-0.6461899682192546,-0.6509742266679768,-0.002138219686804943,-0.7590968213809097,0.08863485091130996,0.9929417517970185,-0.07880698409530829,0.7560391102166479,-0.11020357612243958,-0.6451821724386411,-0.6496804515109742,-0.00662582883927307,-0.7601785377900964,0.07949952671126692,0.9938869504133848,-0.0766064948334424,0.9999621065029031,-0.002170599338203948,0.008430543089809226,0.002206538519062424,0.9999885086997738,-0.004256014117223909,-0.008421208110481167,0.004274455160029634,0.999955405149172
128,1,1771971779.3957372,G:/S1/USA/2026-02-24_16-21-11snow/camera/left/1771971779395737088.jpg,-1.817757687221,-6.843508665925,1.466461708615,-0.014324644443599155,-0.0022178209689371897,0.0025436300615440666,0.014716800677313813,-1.8034330427774008,-6.841290844956063,1.463918078553456,-4.570453917,-2.618406299,0.048877187,0.3939079659735556,0.7664611339706775,-0.12012392727799387,-0.6309576627696144,-0.6377758236042479,-0.026067037875314947,-0.7697808183907483,0.07602189775522905,0.9924166220049512,-0.09659150806346983,0.7696805693500932,-0.11560751927291313,-0.6278747666951421,-0.6344754435404959,-0.02922932319012514,-0.7723901593171278,0.07094175575080663,0.9928648186704019,-0.09584737418199142,0.9999798665231816,-0.004544161692397308,0.004429124382205592,0.0045558628296635635,0.9999861493914762,-0.0026353631790490568,-0.004417087519733854,0.002655488603166468,0.9999867187708651
129,1,1771971779.895808,G:/S1/USA/2026-02-24_16-21-11snow/camera/left/1771971779895808000.jpg,-2.050627690972,-6.545445424857,1.446204765595,-0.025012309415039624,0.008059338672163019,-0.008105663955503606,0.027500370002344558,-2.0256153815569604,-6.553504763529164,1.4543104295505036,-4.792636255,-2.330620218,0.039269538,0.4456952450855565,0.7419406610921353,-0.13806489900785657,-0.6560961355473112,-0.6639911567463299,-0.015643425745673456,-0.7475767699665438,0.09295052006759297,0.9902996349049565,-0.10328036563778253,0.7424639923235636,-0.1327904445058466,-0.6565926575517695,-0.6644416205524168,-0.02127205848586364,-0.747037370153229,0.08523234703229599,0.9909158376853778,-0.10402523560969512,0.999985829860014,-5.880953075818816e-05,0.005323215251959914,8.900106370992119e-05,0.9999839123118388,-0.005671613202616074,-0.0053227960688217845,0.005672006606882708,0.9999697476339281
130,1,1771971780.3958,G:/S1/USA/2026-02-24_16-21-11snow/camera/left/1771971780395800064.jpg,-2.104602852316,-6.229069841171,1.441250489149,-0.017901280222976546,0.0024372143188489126,0.004017510974727578,0.018507734644996127,-2.0867015720930233,-6.23150705548985,1.4372329781742723,-4.853722446,-2.00862251,0.022192087,0.8160869325663375,0.7468931442842439,-0.16111098875666233,-0.6451309016959629,-0.6485760669053005,0.03742894239185557,-0.7602290179341215,0.14662781611565676,0.9862263044419765,-0.0765373109527332,0.7441277787374698,-0.15080634225539852,-0.6507928211395597,-0.6544407073907739,0.03098238521365038,-0.7554782937426703,0.13409403201150566,0.9880776988385178,-0.07563895581561586,0.9999270548410455,0.006483597388374245,0.01019058201568124,-0.006406487552574534,0.9999507392560907,-0.007581291343615512,-0.01023923406078635,0.007515452488276357,0.9999193347764335
131,1,1771971780.8958302,G:/S1/USA/2026-02-24_16-21-11snow/camera/left/1771971780895830272.jpg,-2.208818915665,-5.929369514974,1.420666680252,-0.009205200947287828,-0.0010042679170743085,0.0030651121318386876,0.009753932074294869,-2.1996137147177124,-5.9283652470569255,1.4176015681201615,-4.966634589,-1.705480702,0.002560677,0.18844065382794847,0.7145634344219027,-0.22632972805487486,-0.6619470918327096,-0.6605845683856167,0.09316799330611591,-0.7449481545947344,0.2302761954652798,0.9695847457658965,-0.08293548444494858,0.7160636726815272,-0.2247355098328799,-0.6608681920670703,-0.6589005487581924,0.09493501653352737,-0.7462153908101411,0.23044062903922852,0.969784147764818,-0.08009883414925764,0.9999970218643603,-0.00164622851998,0.001801719753455293,0.0016422522895331625,0.9999962179095914,0.002206167249035371,-0.0018053447946334352,-0.002203201800379729,0.9999959433077714
132,1,1771971781.39586,G:/S1/USA/2026-02-24_16-21-11snow/camera/left/1771971781395859968.jpg,-2.267303363586,-5.650822806523,1.423411272643,-0.01930349075324056,-0.007923030675057063,0.000950249824684557,0.020887846826986547,-2.2479998728327595,-5.642899775847943,1.4224610228183154,-5.015020747,-1.42001523,0.007420132,0.3520460928234484,0.7105131443137034,-0.2949714938190571,-0.6388762709567545,-0.6374245554380642,0.1148170333540891,-0.7619100898244833,0.2980956354629176,0.9485825566000674,-0.10644306192532893,0.7121879932774494,-0.28945039774977477,-0.6395363394475225,-0.6380626405688948,0.11292940886078065,-0.7616580698217567,0.2926846920180295,0.9505079777975837,-0.10426051602337022,0.9999831383443648,6.923885848761469e-05,0.005806740302024452,-5.758205563417132e-05,0.9999979831035282,-0.0020076038410745496,-0.005806867594628659,0.0020072356255067397,0.9999811254688172
133,1,1771971781.8958921,G:/S1/USA/2026-02-24_16-21-11snow/camera/left/1771971781895892224.jpg,-2.193354272841,-5.353202071884,1.440901177566,-0.02381353655974916,-0.001650082306509093,-0.004802785253937375,0.02434900493441575,-2.1695407362812507,-5.351551989577491,1.4457039628199373,-4.93656161,-1.128667444,0.030663072,0.3475292983520167,0.7188498969364886,-0.31593612176498603,-0.6192246705667497,-0.5989184420369986,0.1707487073682573,-0.7823947716594505,0.3529185819170961,0.9332894759377549,-0.06647727913698653,0.7214382492404313,-0.3122333248354643,-0.6180915817215866,-0.5989736520432944,0.1665492057461693,-0.783257254178497,0.34750167868777215,0.9352923141603975,-0.06686456746041751,0.9999891529184592,-0.0018044869282384112,0.004293934367019732,0.0018211570022188676,0.9999908086309429,-0.0038814998140383815,-0.004286890784207882,0.003889277639733001,0.9999832479031063
134,1,1771971782.395973,G:/S1/USA/2026-02-24_16-21-11snow/camera/left/1771971782395972864.jpg,-2.145868097252,-5.073627303757,1.486373597111,-0.0228049928051286,-0.001929195060913269,-0.01448462712243044,0.027084938864632258,-2.1230631044468713,-5.071698108696086,1.5008582242334303,-4.890083978,-0.848813563,0.085817333,0.3676728546989209,0.6656226127485929,-0.4150126829336577,-0.6202507641284645,-0.5484869853808532,0.29154739347451974,-0.7836849776702609,0.5060716987399716,0.8618379142056939,-0.03356851757254997,0.6635249074721999,-0.4200650650061905,-0.6190961462691829,-0.5460633661179342,0.2937406421568254,-0.7845579872318214,0.5114191014695868,0.8586394914669606,-0.03447791097789705,0.9999843699627827,-0.0012273014520868541,-0.00545468250974072,0.0012444746137569274,0.9999942767920956,0.0031460556239853265,0.00545079013282317,-0.0031527946649283238,0.9999801741898331
135,1,1771971782.8959532,G:/S1/USA/2026-02-24_16-21-11snow/camera/left/1771971782895953152.jpg,-1.972861053382,-4.821703472101,1.550327097417,-0.03890604350129312,-0.018551934956916316,-0.015313750577155671,0.04574238153298866,-1.9339550098807068,-4.803151537144084,1.5656408479941557,-4.700975884,-0.580266992,0.150599957,0.40930254697982943,0.7226329243676076,-0.4179445378466906,-0.5505669985606072,-0.4880065854437763,0.25562407313832836,-0.834569293585426,0.48954185641620657,0.8717675702366353,-0.019237315308731073,0.725162734714581,-0.41261246005495406,-0.5512621572252797,-0.490439591024964,0.2524504417744811,-0.8341089748966469,0.4833301312110968,0.875225532223134,-0.01929383342406906,0.9999823428802309,0.0007086014098728778,0.005900153540875085,-0.0006852043233398437,0.9999918983272564,-0.003966582267532159,-0.005902916465549185,0.0039624694183992525,0.9999747268872895
136,1,1771971783.3959842,G:/S1/USA/2026-02-24_16-21-11snow/camera/left/1771971783395984128.jpg,-1.694109280457,-4.57514263249,1.578105481685,-0.03388957683674043,-0.01641821684646949,-0.0014456390366509309,0.03768489266025999,-1.6602197036202595,-4.558724415643531,1.5795511207216508,-4.427240577,-0.33583987,0.164510229,0.26540866988395434,0.7252569371403981,-0.42413335979805533,-0.5423221074565762,-0.48308064410848606,0.24775329075193875,-0.8397924732987999,0.490546090003232,0.8710506300026416,-0.025205823821935258,0.7252215845751072,-0.42173722638911465,-0.54423465999878,-0.48298747946655324,0.2517170871945385,-0.83866656228375,0.49069007320804525,0.8710776199007261,-0.02114313513104,0.9999952997188283,0.002216875306888675,0.0021180189151821403,-0.002224216434387782,0.9999915059812489,0.0034699894246709205,-0.002110308390818922,-0.0034746840472244783,0.9999917365504917
137,1,1771971783.8960152,G:/S1/USA/2026-02-24_16-21-11snow/camera/left/1771971783896015104.jpg,-1.440797262465,-4.300972126836,1.637538890464,-0.03347015071163817,-0.018588908162670892,-0.007756260743092658,0.03906351336035746,-1.407327111753362,-4.2823832186733295,1.6452951512070926,-4.174347986,-0.059498673,0.23025426,0.4217268378622251,0.7299861458398843,-0.4496336781776434,-0.5147327290257291,-0.44364147613874955,0.2611702736747964,-0.8573052716495235,0.5199062103218834,0.854177758781552,-0.008825467220612726,0.7330281542345909,-0.4435449112157226,-0.5156914162889132,-0.44577287508309094,0.2593871064901834,-0.8567408434449737,0.5137667456536901,0.8578964044226358,-0.00758223839835659,0.9999763770102706,0.001062531483723866,0.006790909236551975,-0.0010446493506707857,0.9999959794370666,-0.002636250639739856,-0.006793683032577705,0.0026290942446936,0.9999734665151395
138,1,1771971784.396047,G:/S1/USA/2026-02-24_16-21-11snow/camera/left/1771971784396047104.jpg,-1.129414078016,-4.079290130982,1.681149966009,-0.03279772316095819,-0.014640553829353475,-0.009311295099246164,0.03710440239915334,-1.0966163548550418,-4.064649577152647,1.6904612611082461,-3.863637229,0.158234968,0.27542037,1.0392174237795184,0.7508386916801506,-0.45969066431234457,-0.4742633785357193,-0.4090793002528144,0.24008433852466726,-0.8803485880603438,0.518551236794116,0.8550111131086241,-0.007785324658889703,0.758626508526272,-0.4436179017753166,-0.4771676621332417,-0.4108877260368435,0.24261784736057795,-0.8788104782798115,0.5056254514494991,0.8627512604259612,0.0017791795596196,0.9998362906749922,0.0032297658604636768,0.017803383435705273,-0.0032519355505760328,0.9999939725737326,0.0012164420989014162,-0.017799347303962158,-0.0012741384115016055,0.9998407672258923
139,1,1771971784.896081,G:/S1/USA/2026-02-24_16-21-11snow/camera/left/1771971784896080896.jpg,-0.813937467267,-3.83444565541,1.697726813766,-0.02777429539015186,-0.012729520070421163,-0.004419317425533031,0.030870415159992358,-0.7861631718768481,-3.821716135339579,1.7021461311915331,-3.553184046,0.40116841,0.28710524,0.15410945367071616,0.6789736344192645,-0.4914439359880718,-0.5454151277183711,-0.4338574935448274,0.3307170083536195,-0.8380894556553209,0.5922520401471784,0.8056730839280806,0.011331494840533862,0.6773318613461219,-0.49147305119274576,-0.547426515211577,-0.4358932540534166,0.3313255916173296,-0.8367917443487063,0.5926370058274474,0.8054052348294738,0.01018759211780357,0.9999966290269169,0.0023883893063886513,-0.0010185928157678901,-0.0023891036438568325,0.999996900625464,-0.0007006591505872813,0.0010169162119444285,0.0007030903124919675,0.9999992357724233
140,1,1771971785.396166,G:/S1/USA/2026-02-24_16-21-11snow/camera/left/1771971785396166144.jpg,-0.531860189908,-3.532620424634,1.725034590674,-0.031762138640093696,-0.019806237491386547,-0.0026421748275968215,0.03752467964390003,-0.5000980512679063,-3.5128141871426135,1.7276767655015968,-3.267118925,0.710070358,0.312635874,0.27004904373031713,0.6416916579451655,-0.55518910676693,-0.5291473063816191,-0.3946003722683764,0.352617598648465,-0.8484994845779511,0.6576643234426233,0.7532767651074394,0.007193943287798543,0.6426717580323488,-0.5546473500498144,-0.528525617648122,-0.3911518923348354,0.35563206083830917,-0.8488380495870661,0.658766429434961,0.7522580371033704,0.01160332120113664,0.9999991797032985,-0.0007232174765620991,0.0010571420015789694,0.0007184149979905395,0.9999894531887942,0.00453623093182736,-0.0010604115335894621,-0.00453546774410326,0.9999891524710263
141,1,1771971785.8961911,G:/S1/USA/2026-02-24_16-21-11snow/camera/left/1771971785896191232.jpg,-0.258475775979,-3.195361845471,1.753271140401,-0.019378825714762016,-0.019445687491220776,-0.007246650292985823,0.028393442703521763,-0.239096950264238,-3.1759161579797794,1.7605177906939857,-3.006117824,1.046968388,0.345476899,0.3351551077231898,0.6231540041772334,-0.5701755844838126,-0.535330636089906,-0.37247635527599493,0.3855075627658956,-0.84418320512233,0.687706661184979,0.7254541487294989,0.027853657802283327,0.6267895160701339,-0.5680735011362973,-0.5333173537878892,-0.3734971221488178,0.3816524134522906,-0.8454829005086932,0.6838382866519821,0.7291323148872166,0.02704191369134967,0.9999891554966246,-0.002243352297931332,0.004081208107294832,0.002257783806930943,0.999991203325332,-0.003534923512022652,-0.004073242127451147,0.00354409966311009,0.9999854239218435
142,1,1771971786.39622,G:/S1/USA/2026-02-24_16-21-11snow/camera/left/1771971786396219904.jpg,-0.108484260774,-2.794661027859,1.750928925797,-0.02018560060228003,-0.014776169235906744,-0.0011320076202655516,0.025041467413377837,-0.08829866017171997,-2.7798848586230935,1.7520609334172654,-2.855319534,1.442999687,0.337020042,0.41409498926751626,0.5866328191053936,-0.5764766299907632,-0.5688028046897724,-0.3849557103571276,0.419438178838353,-0.8221196477376059,0.712510376494194,0.7012462543267227,0.024138230689997986,0.5913471557843581,-0.575068531423305,-0.5653359404039274,-0.3797126193725049,0.4199047224440769,-0.8243168994740031,0.7114259399508996,0.7021226447251261,0.02994868493228244,0.9999818865700625,-0.004074377771786843,0.0044301216181049825,0.004056620709836086,0.999983732209399,0.0040098809181436474,-0.004446387319494505,-0.003991836962343541,0.9999821472793758
143,1,1771971786.896203,G:/S1/USA/2026-02-24_16-21-11snow/camera/left/1771971786896203008.jpg,0.072751247629,-2.449118004252,1.731010182964,-0.02314354341029423,-0.019336996151183783,-0.001308063398493431,0.03018698480454032,0.09589479103929423,-2.429781008100816,1.7323182463624935,-2.671126083,1.793103537,0.317277355,1.0118241209907282,0.6174777948353869,-0.5674431948038415,-0.5447287339181197,-0.3705072537184133,0.4010648827163188,-0.8377776165509466,0.6938627730518963,0.7191350224558356,0.03740683961761171,0.6290151380498068,-0.5543552288622196,-0.5450048039580007,-0.36940258943681353,0.403719187628514,-0.8369901698693658,0.6840187738809218,0.7278056730842988,0.04916522352996436,0.9998477593221985,0.0012057394758030041,0.017407020730033276,-0.0012530064286093337,0.999995557154991,0.002704744936083589,-0.01740368217559687,-0.002726144272758997,0.9998448279528855
144,1,1771971787.396234,G:/S1/USA/2026-02-24_16-21-11snow/camera/left/1771971787396233984.jpg,0.167007427564,-2.096810032202,1.677163883109,-0.0104074928831146,-0.027221676624182845,0.005343181701961741,0.029629127173169355,0.1774149204471146,-2.069588355577817,1.6718207014070383,-2.589605953,2.15329619,0.25677981,0.31285926088772026,0.6136004106631178,-0.6013682807836008,-0.5117135203426124,-0.3703720254857351,0.35314553393945924,-0.8591349105910016,0.6973658285087154,0.7166899069513888,-0.006039743567598288,0.6175841319534824,-0.597925534330207,-0.5109548858316164,-0.3689554080451777,0.35348563709165104,-0.8596044504562119,0.6945946636949352,0.719397636753031,-0.00230073915816145,0.9999858509676085,-0.0009114377815570463,0.005240910775635038,0.0009049796927237329,0.999998828528594,0.0012344849919930212,-0.005242029792320351,-0.0012297246074016086,0.9999855043454611
145,1,1771971787.896265,G:/S1/USA/2026-02-24_16-21-11snow/camera/left/1771971787896264960.jpg,0.096071512529,-1.703388060084,1.566171845057,-0.014911051174643308,-0.028897313156853954,0.0032421498009640726,0.032678826327608636,0.1109825637036433,-1.674490746927146,1.5629296952560359,-2.65603831,2.548393799,0.147888804,0.6124943493873751,0.6484914294555115,-0.5421761421949204,-0.5343256467336942,-0.4329503240520108,0.3146425486405595,-0.8447213052174259,0.6261093217849468,0.7791309886146273,-0.030692340321118117,0.6540195315373263,-0.5359176646902448,-0.5339014038571646,-0.43656541335552446,0.3089941104374996,-0.844945725817143,0.6177937295161038,0.7856938948393916,-0.03187493345389771,0.9999650457823392,-0.0007825772714250089,0.008324349003898036,0.0008380076864005702,0.9999774879552941,-0.0066574263598720785,-0.008318951655225653,0.006664169523191525,0.9999431903302928
146,1,1771971788.396321,G:/S1/USA/2026-02-24_16-21-11snow/camera/left/1771971788396321024.jpg,0.09216131747,-1.36891854414,1.456659093765,-0.0006557358034102734,-0.017552514155163124,-0.0030614114580315016,0.017829553632282624,0.09281705327341028,-1.351366029984837,1.4597205052230313,-2.674203821,2.871518516,0.044679614,0.4107633402063021,0.6550593029304461,-0.5440427769409808,-0.524323150836032,-0.4235814047947216,0.3102181669361517,-0.8510837105801664,0.6256805120478088,0.7796038389856225,-0.027235107535525716,0.6502763276088352,-0.5492991753687967,-0.5247962592194484,-0.4235875602424982,0.31128758062729045,-0.8506900851397151,0.6306459201163315,0.7754807915650573,-0.03025335277713116,0.9999746347955492,0.0007980039593280924,-0.00707763768420252,-0.0007922259087420793,0.9999993506877402,0.0008191472441594372,0.007078286771349642,-0.0008135193783758983,0.9999746176991712
147,1,1771971788.896327,G:/S1/USA/2026-02-24_16-21-11snow/camera/left/1771971788896326912.jpg,-0.135732480435,-1.117822106991,1.339552607313,0.0053411096066744435,-0.0159172609681546,0.0036693306782423357,0.017185768419978733,-0.14107359004167444,-1.1019048460228453,1.3358832766347577,-2.908094464,3.1209797,-0.079157615,0.5630375233123931,0.5925602904826952,-0.6151683909172088,-0.5200386071816169,-0.44423801162299315,0.28897441671244606,-0.8480249851949829,0.671956018778248,0.7335268483852747,-0.10204641848518259,0.594103253687904,-0.6120106232344059,-0.5220003074766151,-0.45134683495886907,0.2835274992008684,-0.8461076714990317,0.6658283251184631,0.7382785072349973,-0.10778444797282341,0.999991899749881,0.0018906420315848494,0.0035532952780384696,-0.001858712083813495,0.9999580598142965,-0.008967931858439557,-0.0035701014010827248,0.008961254663077851,0.9999534740630934
148,1,1771971789.3963578,G:/S1/USA/2026-02-24_16-21-11snow/camera/left/1771971789396357888.jpg,-0.449739400739,-1.031324132712,1.165094991026,-0.006585096150564684,-0.015108525789314431,0.012531384308200277,0.02070426611880675,-0.4431543045884353,-1.0162156069226855,1.1525636067177998,-3.210175178,3.206668939,-0.262477285,0.6865305880767847,0.5862595574514815,-0.6750113670485107,-0.44795020443358846,-0.43733731057974534,0.20174435399326518,-0.8763762276595112,0.6819353400958689,0.7096892770692965,-0.17693310018532626,0.5941577998558136,-0.6689320547800802,-0.44666140974814317,-0.4397594653038644,0.19481209358158097,-0.8767324910541531,0.6734895110884491,0.7173410306695561,-0.1784200778269664,0.999949499368762,-0.0033571981897579533,0.009472482909820541,0.003418931481048116,0.9999729750042352,-0.00650846899868476,-0.00945037669566954,0.006540526086915907,0.9999339537683557
149,1,1771971789.896388,G:/S1/USA/2026-02-24_16-21-11snow/camera/left/1771971789896388096.jpg,-0.729190852248,-1.021013256157,1.060362063641,-0.00017983247756170329,-0.010541410504711912,-0.009526445780380255,0.014209392821488235,-0.7290110197704383,-1.010471845652288,1.0698885094213804,-3.496031894,3.2124127,-0.345152382,0.8524964962474866,0.6408493273189277,-0.6163413116440548,-0.45764126478691153,-0.40547933760950766,0.23443097837045057,-0.8835319027358484,0.6518425012582663,0.7517749024416549,-0.09967873199538513,0.634367816261233,-0.6213549851217147,-0.4598863513481876,-0.41566226713417265,0.22741636866711865,-0.8806285680939161,0.6517686348489276,0.7497998251044442,-0.11400819663739248,0.9999639063395006,0.0034363640330761494,-0.007770290887675141,-0.0035310155284282046,0.9999193369224816,-0.012200474492548961,0.007727738840366238,0.012227471150549493,0.9998953800281698
150,1,1771971790.396419,G:/S1/USA/2026-02-24_16-21-11snow/camera/left/1771971790396419072.jpg,-0.908127662892,-0.974937515194,1.032237939885,0.007031325340741912,-0.008944268256314558,-0.0022221660166156787,0.011592130627873256,-0.9151589882327419,-0.9659932469376854,1.0344601059016156,-3.682179862,3.256891299,-0.380580785,0.36639190359685536,0.47091038814985176,-0.672569484621422,-0.5708709965382993,-0.48101852052661453,0.3466943753778394,-0.8052479077847745,0.7395029338974545,0.6537991269781911,-0.16025639556539506,0.4744688780753533,-0.6683180579150277,-0.5729138305213104,-0.4798802164376123,0.3492452976549716,-0.8048246392461406,0.7379663011342086,0.6567942566211854,-0.15500658972998102,0.9999825446748639,0.0014072339579357146,0.005738470020060926,-0.0014212649933087451,0.9999960089515404,0.0024417384809050226,-0.005735011020242512,-0.0024498517461207215,0.9999805537484314
151,1,1771971790.896451,G:/S1/USA/2026-02-24_16-21-11snow/camera/left/1771971790896451072.jpg,-1.095240137866,-1.036506319774,1.048912021221,-0.003409583045906661,-0.004423026633964433,-0.0030809608886444018,0.0063781455885742674,-1.0918305548200933,-1.0320832931400357,1.0519929821096443,-3.858851429,3.190801252,-0.363047909,0.45062893828423706,0.4060009601042728,-0.7226381172021888,-0.5594259307190581,-0.40694563067620215,0.40514769759936853,-0.818688339237514,0.8182655278501942,0.5600441899496919,-0.12958407014612883,0.4126605595277104,-0.718895784879195,-0.5593747519268306,-0.40796398657570543,0.4031984388355987,-0.819143702031453,0.8144179813016992,0.5662330521997655,-0.1268994969611896,0.9999708210325176,-0.0012357970435220016,0.007538560155641587,0.0012498969648784353,0.9999974779931301,-0.0018659488087724692,-0.0075362352093199395,0.0018753167857709272,0.999969843718211
152,1,1771971791.396482,G:/S1/USA/2026-02-24_16-21-11snow/camera/left/1771971791396482048.jpg,-1.234684853377,-1.186487974486,1.038512327041,-0.003490645820654059,-0.00314003718548328,-0.0003128682816284645,0.0047055635510655424,-1.231194207556346,-1.1833479373005167,1.0388251953226284,-3.998215081,3.039536608,-0.376215696,0.48845546629461817,0.3858983234304264,-0.7239094850527904,-0.571871962439312,-0.40595348633387596,0.4233977650820323,-0.8098988205059393,0.8284227489071976,0.5446920138703558,-0.13048509155799537,0.39256689896204444,-0.7189265610911113,-0.57361644815768,-0.4057931234150834,0.4243048993921159,-0.8095043504150407,0.8253624481573865,0.5505542226788881,-0.1251673961624617,0.9999638286693747,0.000815484308703205,0.0084661879395311,-0.0008203857347896239,0.9999994978922123,0.0005754846382914106,-0.00846571438989972,-0.0005824093620598761,0.999963995591443
153,1,1771971791.896552,G:/S1/USA/2026-02-24_16-21-11snow/camera/left/1771971791896552192.jpg,-1.279547144258,-1.226867346413,1.043313889029,-0.00884000393871176,-0.004284755317510491,-0.002195513489523737,0.010066035825987038,-1.2707071403192882,-1.2225825910954895,1.0455094025185236,-4.037728014,3.000301954,-0.369531489,0.7081872971580366,0.3912350575490937,-0.7246934555679336,-0.5672341008803725,-0.37157442445560585,0.43949979241380566,-0.8177850448367877,0.8419427396415047,0.5307158636457262,-0.09732982708156923,0.40230440044618365,-0.7212605763462141,-0.5638566753975371,-0.371668093663855,0.4341883827748172,-0.8205749669686887,0.8366683916187538,0.539688455752127,-0.09339364643256984,0.9999271389925917,-0.005366343060674212,0.010812912107528399,0.0053950360991502876,0.9999819982441119,-0.0026261708248763354,-0.010798624522541739,0.0026843155305814794,0.9999380901628625
154,1,1771971792.396543,G:/S1/USA/2026-02-24_16-21-11snow/camera/left/1771971792396542976.jpg,-1.274805887125,-1.225468611164,1.037356788343,-0.010919804542314004,-0.00793317165214269,-0.005791576596116954,0.014687399469388431,-1.263886082582686,-1.2175354395118574,1.043148364939117,-4.030906956,3.005349106,-0.371892526,0.29326408581555646,0.36660388290258705,-0.7280579108332432,-0.5792523383758406,-0.3544816454809656,0.46633310321657495,-0.810478994090227,0.8602001837118225,0.5024590683006253,-0.08712363987239291,0.3706658361083011,-0.7256110078335026,-0.5797374433767261,-0.3561163178256904,0.4654576129583912,-0.8102656223223026,0.8577808613628576,0.5067917480089086,-0.08587268500325897,0.9999886389375012,9.435142605658482e-05,0.004765825608653165,-8.54657160350769e-05,0.9999982579178108,-0.0018646331957417408,-0.004765993236994434,0.0018642046968292724,0.9999869049389163
155,1,1771971792.896603,G:/S1/USA/2026-02-24_16-21-11snow/camera/left/1771971792896603136.jpg,-1.270763432258,-1.218953546242,1.043626295705,-0.008502287075404347,-0.005443015850490784,-0.0044814432813835015,0.011045299495511158,-1.2622611451825956,-1.2135105303915092,1.0481077389863835,-4.029282019,3.009374015,-0.366933152,0.4634903992145692,0.4012521816483625,-0.7221315626833779,-0.5634915198109838,-0.3426606704701137,0.4521764952828514,-0.8234804685156106,0.8494588581181561,0.5235097165193595,-0.06600928021436259,0.40798095726830014,-0.7177151666768137,-0.5643017614969097,-0.342777529359383,0.4524522523709212,-0.8232803439234764,0.8462003922669374,0.5293126664331338,-0.06142472857674906,0.9999672812666902,0.0003585219057958701,0.008081327746566813,-0.00035879129176631766,0.999999935126088,3.1884616084013925e-05,-0.008081315790966166,-3.478308288104726e-05,0.9999673450294385
156,1,1771971793.3966012,G:/S1/USA/2026-02-24_16-21-11snow/camera/left/1771971793396601088.jpg,-1.277640396461,-1.224685372719,1.045065011812,-0.008743323182094365,-0.006735403941065421,-0.0032196493043220586,0.0114968477487827,-1.2688970732789056,-1.2179499687779345,1.048284661116322,-4.035917947,3.004934577,-0.36675623,0.5622166328667579,0.41499251720430996,-0.7184887781992992,-0.5581711979904632,-0.32536090441714616,0.45572851129456216,-0.8285238716356331,0.8496596333481351,0.5254382928517112,-0.04464423662459138,0.4234991408861325,-0.713599320536072,-0.5580541975464066,-0.32505755419347765,0.4552958207473029,-0.8288807526247632,0.845568485771828,0.532430019195477,-0.03914346087205382,0.9999518584340956,-0.0006363951736463635,0.00979161965055505,0.0006359720647963419,0.9999997966967459,4.632493665906796e-05,-0.0097916471408529,-4.009550993694386e-05,0.9999520598701818
157,1,1771971793.896629,G:/S1/USA/2026-02-24_16-21-11snow/camera/left/1771971793896628992.jpg,-1.277762405841,-1.227586465441,1.056135781444,-0.003810815580493454,-0.0053184078236698795,-0.008622962925891375,0.010824198205349984,-1.2739515902605065,-1.2222680576173302,1.0647587443698914,-4.040972464,3.000616488,-0.350282147,0.5841523910523433,0.43536181772021043,-0.7272929489994167,-0.5305704986211409,-0.2915864196258793,0.44366668071569826,-0.8474297825262429,0.8517261576123601,0.5236457225629239,-0.018913214439608472,0.44448534775238274,-0.7235440474847312,-0.5281257302791228,-0.2895399910508425,0.44187629553468316,-0.8490653290688672,0.8477024060457313,0.5303106172744034,-0.01308739814935106,0.9999483650224696,-0.003068804269483175,0.009687606992729981,0.0030608441270462143,0.9999949658192491,0.0008364026477522456,-0.009690124979581789,-0.0008067072051515893,0.9999527242331838
158,1,1771971794.3966582,G:/S1/USA/2026-02-24_16-21-11snow/camera/left/1771971794396658176.jpg,-1.316442553455,-1.271870613804,1.07379531816,-0.0016318609756869051,-0.0006544094112310717,-0.006468188114757911,0.006702885901563081,-1.314810692479313,-1.2712162043927688,1.0802635062747579,-4.081831566,2.951668341,-0.334777385,0.3291380943145754,0.3700912991701686,-0.7880003116014975,-0.49202432784820715,-0.23690500572716428,0.43206594980495794,-0.8701695428366545,0.8982808294402979,0.438605202813513,-0.026777369642450255,0.37500925339891084,-0.787017241285257,-0.4898692905101677,-0.2343257761205304,0.4307971493763625,-0.8714959820531081,0.8969166575054243,0.44160805926629526,-0.02286550853039782,0.9999851015565148,-0.0026155846200519553,0.004791177527784449,0.0026070059329780294,0.9999949891395572,0.0017958885942574144,-0.004795850818449225,-0.0017833712100716538,0.9999869096153483
159,1,1771971794.896687,G:/S1/USA/2026-02-24_16-21-11snow/camera/left/1771971794896687104.jpg,-1.38647249067,-1.391830956849,1.084037447535,0.0060923756680253405,0.004356091714331711,-0.004692368985241391,0.008838037281980198,-1.3925648663380252,-1.3961870485633316,1.0887298165202415,-4.15958574,2.826697497,-0.326311075,0.3316471794927448,0.21427637013983825,-0.8689280908856386,-0.4461497619292587,-0.08120955098554195,0.4393293619784221,-0.8946478192743551,0.9733913118722715,0.22793350910621235,0.023572640881040496,0.21584848178741678,-0.8700365026723821,-0.44322219814408814,-0.07602915027719981,0.4375687357599916,-0.8959649378148287,0.973462377916165,0.22709047867097554,0.0283004112831057,0.9999938646292811,-0.003233766880267796,0.0013466460407232056,0.0032275271616622405,0.9999841644212852,0.004610203366973547,-0.0013615330387630558,-0.0046058287449934066,0.9999884662181641
160,1,1771971795.396775,G:/S1/USA/2026-02-24_16-21-11snow/camera/left/1771971795396774912.jpg,-1.417641890877,-1.498943388778,1.076396964343,-0.009367104563222206,0.0025359749872517767,0.004003771568522996,0.010497809476610729,-1.408274786313778,-1.5014793637652517,1.072393192774477,-4.17529566,2.721405182,-0.342647698,0.4272867130255744,0.07558672119280829,-0.8764138861035558,-0.47558947404687646,0.04576268228915514,0.47950035048956874,-0.8763476426567728,0.9960885625731393,0.044475994932598684,0.0763509095278696,0.08133170213293425,-0.8738052039590352,-0.47942634445998944,0.04434375034837962,0.4837160137899741,-0.8741009379975393,0.9957001486558089,0.04983255499416434,0.07808924656797081,0.9999727341984498,0.004876202081844924,0.0055455849947188916,-0.0048704273558347775,0.9999875835666296,-0.0010543481135167584,-0.005550657352798412,0.0010273099970081368,0.9999840672916352
161,1,1771971795.89675,G:/S1/USA/2026-02-24_16-21-11snow/camera/left/1771971795896750080.jpg,-1.456761752518,-1.554586872697,1.078153526704,-0.012332076396615932,0.0004426016814620404,-0.0038672116998915707,0.012931795344505845,-1.4444296761213842,-1.555029474378462,1.0820207384038918,-4.21145055,2.667855071,-0.333020153,0.3853110222756453,0.13468084205506758,-0.8787696625374903,-0.4578481746027643,0.05756834603556632,0.4682167931187531,-0.8817363098888011,0.989215323535815,0.09239542653906735,0.1136491479800732,0.1405604541551699,-0.8768960967627337,-0.4596694401523501,0.05524613711849174,0.4705021055941401,-0.8806677199517225,0.988529525639562,0.09839209375637498,0.11457911164370024,0.9999793014523192,0.002821590467706529,0.0057823260168195926,-0.002810272277258361,0.9999941214040908,-0.001964567888394303,-0.005787835230888503,0.0019482773141888971,0.9999813524155574
162,1,1771971796.396781,G:/S1/USA/2026-02-24_16-21-11snow/camera/left/1771971796396781056.jpg,-1.490972742371,-1.570599925549,1.085532802803,-0.008112136603819486,0.0008973670076275475,-0.000510584579471729,0.008177574483806349,-1.4828606057671805,-1.5714972925566275,1.0860433873824717,-4.24988148,2.651387253,-0.328997504,0.4702960815634638,0.17469751295642877,-0.8789931888168521,-0.4436797865357634,0.08177272674513297,0.46200464886259107,-0.8830996124956798,0.9812206684163887,0.11799440004905337,0.15258873297055642,0.18258388812952095,-0.8774292305258278,-0.4436001231000284,0.07992281771099125,0.46293679139286137,-0.8827807600893995,0.9799364606976526,0.12572777176795952,0.1546514157763246,0.9999676763874152,0.0012970956538916202,0.007934968381697896,-0.0012839898101291332,0.9999978036400059,-0.0016565280956917523,-0.0079370996290443,0.0016462861321734964,0.9999671455560176
163,1,1771971796.896843,G:/S1/USA/2026-02-24_16-21-11snow/camera/left/1771971796896843008.jpg,-1.497253235279,-1.571931323086,1.087787676721,-0.01087681473894353,-0.0006572537478688467,-0.003550357291930095,0.011460458902450113,-1.4863764205400565,-1.571274069338131,1.0913380340129302,-4.253397294,2.651610476,-0.323702857,0.33479253724998415,0.18419321781129405,-0.8787765040835268,-0.44025528319721113,0.07490339187610662,0.459166603491423,-0.8851867103180011,0.9800318058092685,0.1300687745344195,0.1503987150654511,0.18932326227275742,-0.8770033152348062,-0.4416128252548375,0.07280539731160801,0.46104638524003466,-0.8843843083068563,0.9792119670861359,0.13528272515090994,0.15113738052197334,0.999984347762346,0.002400125019763414,0.005054070656906606,-0.0023916061279250457,0.9999957104951989,-0.0016909202617472919,-0.0050581073974729504,0.001678806448707555,0.9999857984783903
164,1,1771971797.396843,G:/S1/USA/2026-02-24_16-21-11snow/camera/left/1771971797396843008.jpg,-1.495310564881,-1.568250141381,1.09044186575,-0.010093374713282977,3.700539645423717e-05,-0.00027287875576642584,0.010097130548698256,-1.485217190167717,-1.5682871467774542,1.0907147445057663,-4.252238064,2.654597399,-0.324326147,0.324498373220874,0.17430980944929086,-0.8852754044667535,-0.4311653378646962,0.0844971582575948,0.44970115899854957,-0.8891732664907059,0.9810587752913393,0.11855937686065582,0.15319057928694602,0.17979859572307477,-0.8839619354514915,-0.43160602596449404,0.0840721703122026,0.4509593224347522,-0.8885761417504892,0.9801042470854855,0.12347868715710586,0.15539845128877972,0.9999839769091925,0.0014463034580908033,0.005473036742276793,-0.0014453602030121003,0.9999989399260293,-0.000176297195374741,-0.005473285919696173,0.00016838386105176196,0.9999850072816674
165,1,1771971797.896913,G:/S1/USA/2026-02-24_16-21-11snow/camera/left/1771971797896913152.jpg,-1.487724235515,-1.569392628512,1.088695764858,-0.012474076225871045,0.0026991660479511737,-0.001553410854397197,0.012856949884238198,-1.475250159289129,-1.572091794559951,1.090249175712397,-4.242271033,2.650792751,-0.324791716,0.4298924263371237,0.1637533855480542,-0.8842846254440468,-0.43729341399663463,0.07679404081183211,0.4533584795829011,-0.8880139437452943,0.9835077549350288,0.1118337614209684,0.14214677551424426,0.17098244484069539,-0.8825847533407178,-0.43796022276777935,0.0756500815412367,0.4549536925086588,-0.8872960063223213,0.982365547400306,0.1185803138941749,0.14455670319171002,0.9999722032513193,0.0019179355931889302,0.007205154249744701,-0.0019118987747741365,0.9999978156093825,-0.0008446416625089315,-0.0072067584791814165,0.0008308426586347972,0.9999736858201317
166,1,1771971798.3969321,G:/S1/USA/2026-02-24_16-21-11snow/camera/left/1771971798396932096.jpg,-1.494317877482,-1.578787462261,1.085068609675,-0.005150335964711594,-0.002544485590924239,-0.0031565760418452715,0.0065547188940315625,-1.4891675415172885,-1.5762429766700758,1.0882251857168452,-4.256188415,2.646641569,-0.326815706,0.3299166858739367,0.13687640669926537,-0.8850010423989301,-0.44501461126788183,0.10088997527807247,0.4593614493196083,-0.8825011454765249,0.9854369904653908,0.07589607257161457,0.1521634778477312,0.14222005934058468,-0.883674522981959,-0.44597398147623796,0.10197639042916495,0.46123697933388297,-0.8813973364436687,0.9845680629170332,0.07987356463538181,0.15571108873885126,0.9999843826657441,0.0019951181726178655,0.00522052948344538,-0.0020023525632890623,0.9999970418474519,0.0013808984602812057,-0.00521775898471003,-0.0013913302349214552,0.9999854194893816
167,1,1771971798.896975,G:/S1/USA/2026-02-24_16-21-11snow/camera/left/1771971798896975104.jpg,-1.50537381777,-1.581535002208,1.08363811225,-0.010462938537145305,0.0013162985202925803,-1.0789251886689222e-05,0.010545418011371625,-1.4949108792328547,-1.5828513007282925,1.0836489015018866,-4.261931753,2.640033245,-0.33139199,0.41156751556393895,0.11916561349421184,-0.8836628947304495,-0.45270238019823905,0.11458219555978783,0.46514447559336003,-0.8777878657657993,0.986240577659045,0.0527304968835004,0.15668126141045868,0.12628902059954714,-0.8827953632041636,-0.452463733332558,0.11466900730154561,0.46604939305393556,-0.8772964048704044,0.9853436466738319,0.05890933660539138,0.16008618934882377,0.9999742237539683,0.0010102617999527043,0.007108529998856076,-0.0010117825253587133,0.9999994660271498,0.00021033672269798106,-0.007108313707938,-0.00021752358744064388,0.9999747119601169
168,1,1771971799.3969622,G:/S1/USA/2026-02-24_16-21-11snow/camera/left/1771971799396962048.jpg,-1.496913300248,-1.578992523694,1.084019692091,-0.003061379569780698,0.0007182960525491389,-0.0021758296887075534,0.003823902316173824,-1.4938519206782193,-1.579710819746549,1.0861955217797075,-4.260872795,2.643173726,-0.328845369,0.34355936797908265,0.12211335552337876,-0.8871770067047399,-0.44497785020969144,0.10944734083920882,0.457635480468616,-0.8823780633036413,0.986463181262254,0.05904850371242937,0.15298256836409918,0.1277792323866914,-0.8869602549629336,-0.4438175006539914,0.10793941240517652,0.4572641111372583,-0.8827562607625495,0.9859115330597837,0.06489251714905864,0.1541668258665462,0.9999832522234803,-0.00030455854999811755,0.005779491036485465,0.00031362162302668925,0.9999987226016698,-0.0015673023021053598,-0.005779006318456655,0.0015690886266356502,0.9999820703626903
169,1,1771971799.8970652,G:/S1/USA/2026-02-24_16-21-11snow/camera/left/1771971799897065216.jpg,-1.511411877228,-1.58305695957,1.079897814333,-0.008070214539598553,-0.00011494895711150477,0.00150154555804638,0.008209519781374408,-1.5033416626884015,-1.5829420106128884,1.0783962687749535,-4.270362537,2.639942535,-0.336644622,0.5432229953266386,0.12283195200346708,-0.8835756479785235,-0.4518920068626464,0.11071726212071176,0.4646979678194758,-0.8785200547357715,0.9862322238882237,0.057878087423321456,0.15490683510002656,0.13212011910928587,-0.8829293324344782,-0.45053309318334706,0.11184655919145825,0.4648938210276573,-0.8782733528733158,0.9849033563368434,0.06564700371769255,0.16017443484935265,0.9999557327908218,0.00013486903204456397,0.009408202225412776,-0.00014581996145804138,0.9999993127339188,0.001163300575344276,-0.009408038866252137,-0.0011646209829601945,0.9999550652217611
170,1,1771971800.3970761,G:/S1/USA/2026-02-24_16-21-11snow/camera/left/1771971800397076224.jpg,-1.510580690007,-1.58681921889,1.081245390723,-0.011538821853338987,-0.0006951290766905593,-0.0019325151643534433,0.011720163354527533,-1.499041868153661,-1.5861240898133095,1.0831779058873534,-4.266062742,2.636760456,-0.331862985,0.516069187330424,0.12389623932036797,-0.8859785952596011,-0.4468687174373413,0.10306803961145272,0.4593927344600325,-0.8822331294708821,0.9869279107882816,0.06324748427533083,0.1482331091218141,0.1325935105883459,-0.8858375764535129,-0.444646768899567,0.1039124212557277,0.4585591993415284,-0.8825676571277856,0.9857084607827156,0.07081842163041474,0.1528515014618646,0.9999597002654417,-0.0009990828975051224,0.008921865186847799,0.0009925999286565618,0.9999992401650459,0.0007310367381219196,-0.008922588774005459,-0.0007221514347871516,0.9999599321507214
171,1,1771971800.8970551,G:/S1/USA/2026-02-24_16-21-11snow/camera/left/1771971800897055232.jpg,-1.492704393492,-1.591360746726,1.084078893502,-0.0014897940575240298,0.0006189035058161707,0.0016864168776666855,0.002333780145734493,-1.4912145994344759,-1.5919796502318162,1.0823924766243334,-4.258235473,2.630904895,-0.332648415,0.4994640881488927,0.12008739073125896,-0.8863708873047613,-0.44713048288606777,0.09322183256367994,0.4584676669977378,-0.8838082870459638,0.9883768049285795,0.06445190808829121,0.13768530431005077,0.12864835448650436,-0.8850598678575232,-0.4473462095468542,0.09397892068192887,0.4599452073894858,-0.8829600040018247,0.9872272095902616,0.07155023764786683,0.1423481652047519,0.999962472294799,0.00158978976767911,0.008516253317495854,-0.0015980252585380118,0.9999982620539244,0.0009603147419635521,-0.008514711818156514,-0.0009738878914641155,0.9999632749381492
172,2,1771971715.891771,G:/S1/USA/2026-02-24_16-21-11snow/camera/right/1771971715891771136.jpg,-0.006215928396,-0.061308517335,-0.025124067312,0.003494098089961817,-0.004232212124101409,-0.004011813734405401,0.006798160807544168,-0.009710026485961816,-0.05707630521089859,-0.021112253577594598,-2.7767309,4.16580824,-1.436153145,0.21846733033419827,-0.9000155534561702,-0.43562413134590205,-0.014269538398732268,0.024635760155842595,-0.01815719645834868,-0.9995315880642879,0.4351609849912196,-0.8999455163541301,0.027073690837607578,-0.898460379577144,-0.438777334379491,-0.01560119113794345,0.02563995758087401,-0.01696229179096831,-0.999527324905352,0.43830530330506534,-0.8984357136111778,0.02649017936195097,0.999992932722909,0.0014265951948122615,0.0034784091746977628,-0.0014243834423476934,0.9999987818860968,-0.0006382461378298214,-0.0034793154564726463,0.0006332870387336025,0.9999937466361885
173,2,1771971716.3918052,G:/S1/USA/2026-02-24_16-21-11snow/camera/right/1771971716391805184.jpg,-0.000295932592,-0.061469391231,-0.024204274475,0.00941827784616267,-0.004428892464239276,-0.003125884754677788,0.010866931560787572,-0.00971421043816267,-0.057040498766760726,-0.02107838972032221,-2.776735084,4.165844047,-1.436119281,0.2133468011989096,-0.9000659928434827,-0.43550734421883125,-0.014647923338701713,0.025022855186097592,-0.018096787182717566,-0.9995230677738254,0.4350345563803083,-0.900003255230293,0.027185939929759484,-0.8985388736783911,-0.43861088120411396,-0.01576031021645641,0.02575067459370436,-0.01683755093567008,-0.9995265877586538,0.4381378724177327,-0.8985193329961462,0.02642372012838445,0.9999933992803355,0.0012062332746611225,0.0034273017151701893,-0.0012034405709461181,0.9999989422952968,-0.0008167858224294424,-0.0034282833243343136,0.0008126558771226179,0.9999937932126747
174,2,1771971716.8918362,G:/S1/USA/2026-02-24_16-21-11snow/camera/right/1771971716891836160.jpg,-0.002786488838,-0.061286194556,-0.025613312919,0.006957811130178904,-0.0042110754703559294,-0.004520280057396686,0.009304688288039155,-0.009744299968178903,-0.05707511908564407,-0.021093032861603314,-2.776765174,4.165809426,-1.436133924,0.20785432589349015,-0.8999143973163273,-0.4358272730839692,-0.014445260087063566,0.0248267207932181,-0.01813445945963066,-0.999527275923355,0.43535929005529117,-0.8998476145527633,0.02713962317819607,-0.8984586246077422,-0.43877506331001037,-0.01576526832187605,0.02575153150227991,-0.01681698946001164,-0.9995269118391904,0.43830235967109676,-0.8984395542732956,0.02640849908552734,0.9999937244184322,0.0014089828800626211,0.003250521649911644,-0.0014064450884713577,0.9999987044989098,-0.0007828874215621465,-0.0032516205138314203,0.0007783108282791402,0.9999944105825235
175,2,1771971717.3919132,G:/S1/USA/2026-02-24_16-21-11snow/camera/right/1771971717391913216.jpg,-0.002896749536,-0.06117232123,-0.025817263623,0.006846368035582362,-0.004100109900263327,-0.004680709662199467,0.00925163225677981,-0.009743117571582362,-0.05707221132973667,-0.021136553960800532,-2.776763991,4.165812334,-1.436177445,0.20980101981627,-0.8999864034211971,-0.43567618054302626,-0.014516864827452486,0.02481923714966222,-0.017965008995905363,-0.9995305217546314,0.4352108444470185,-0.8999241768944856,0.026981414279010907,-0.8984896137623867,-0.43871012670602894,-0.015806286303158,0.02582044428291874,-0.01686907595331544,-0.9995242563007233,0.4382347756832518,-0.8984702883245842,0.02648437992078789,0.9999934460918276,0.0013804701679901036,0.0033469501798365905,-0.0013786356838131903,0.9999988982378932,-0.0005503513885458779,-0.00334770623596741,0.0005457335566434914,0.9999942475023758
176,2,1771971717.8919451,G:/S1/USA/2026-02-24_16-21-11snow/camera/right/1771971717891945216.jpg,-0.006764245974,-0.061198648456,-0.025172908189,0.0029988413304007366,-0.0040693073196340634,-0.004075824993110544,0.006493432124925276,-0.009763087304400737,-0.05712934113636594,-0.021097083195889457,-2.776783961,4.165755204,-1.436137974,0.21378102643898722,-0.8999906949936094,-0.4356624383331109,-0.014662494691203398,0.024990125791464618,-0.017984881625580984,-0.999525906440569,0.4351921903456541,-0.8999304327883144,0.027073485250144413,-0.8984746571219544,-0.4387376063978101,-0.01589349684325672,0.02582667458144289,-0.01668110800084088,-0.9995272500116886,0.43826507206216037,-0.898460379409234,0.02631868617854738,0.9999933648021243,0.0013236110526011733,0.003393877650767401,-0.001320871623172755,0.9999988001793265,-0.0008092824372809503,-0.0033949447539015753,0.0008047941908509007,0.9999939133096907
177,2,1771971718.391988,G:/S1/USA/2026-02-24_16-21-11snow/camera/right/1771971718391987968.jpg,-0.001558713686,-0.061780747631,-0.025355291994,0.008173627544673323,-0.004719380514904614,-0.004237042793201917,0.010345688537498511,-0.009732341230673323,-0.057061367116095385,-0.02111824920079808,-2.776753215,4.165823178,-1.43615914,0.19822535525614535,-0.899935208163364,-0.43577633644829505,-0.014683517959440812,0.02499104324919829,-0.017930641213764753,-0.9995268579998139,0.4353068674685475,-0.8998763674513103,0.027026920604368287,-0.8985061030283025,-0.43867853913993937,-0.01574554282780347,0.02575566151451103,-0.0168769205249345,-0.99952579529172,0.43820477943633096,-0.8984855640752634,0.02646247205974606,0.9999942034906144,0.0011492755632236961,0.0032050196335939992,-0.001147309043471305,0.9999991525152447,-0.0006153460421628486,-0.0032057241195578815,0.0006116653272934937,0.9999946745850186
178,2,1771971718.892028,G:/S1/USA/2026-02-24_16-21-11snow/camera/right/1771971718892028160.jpg,-0.002381052657,-0.061388862437,-0.025004890022,0.007365172101772455,-0.004292345613408521,-0.003928361874979247,0.009386267520929985,-0.009746224758772454,-0.05709651682359148,-0.021076528147020754,-2.776767099,4.165788029,-1.436117419,0.21412936643647093,-0.9000374404198892,-0.43556648643363705,-0.014643829358166466,0.024934895903699433,-0.01792014788014984,-0.9995284484526819,0.43509867479536934,-0.899978168732892,0.026989609028358674,-0.8984995732686145,-0.4386883860521787,-0.01584350905109846,0.02581518302853741,-0.01677485041669791,-0.9995259780109271,0.4382146656164313,-0.8984826677996811,0.0263970169194786,0.9999932247380158,0.0012934054422785066,0.0034463865753222877,-0.0012911807394783707,0.9999989566910975,-0.000647664276098239,-0.0034472206721760925,0.0006432099800363602,0.9999938514563773
179,2,1771971719.392054,G:/S1/USA/2026-02-24_16-21-11snow/camera/right/1771971719392054016.jpg,-0.00075089529,-0.060200641206,-0.022224657989,0.008415481364057786,-0.00562542482664341,-0.0051803959416203416,0.011371113981531292,-0.009166376654057786,-0.05457521637935659,-0.017044262047379657,-2.77618725,4.168309329,-1.432085153,0.46931680144235116,-0.9033468056248875,-0.42886207083107764,0.006470932683367708,0.010112631413842194,-0.03637890270970545,-0.9992869008065333,0.42879165506478867,-0.9026371915892444,0.03719968960464226,-0.9039284718891789,-0.42746322828575506,0.0137297549728379,0.00499473404631534,-0.04265155620437533,-0.9990775232108625,0.427654498795348,-0.9030260423802102,0.04068902116338313,0.9999725072014306,-0.00731041656254906,-0.0012420350106829505,0.007314694274128439,0.9999672085528472,0.0034752074331373005,0.0012165890685799008,-0.0034841969963397795,0.9999931901179775
180,2,1771971719.892095,G:/S1/USA/2026-02-24_16-21-11snow/camera/right/1771971719892094976.jpg,0.005771067164,-0.097284462915,0.15469302559,0.008829429917741383,-0.004112633304429458,-0.007121466954519873,0.012065980148886683,-0.003058362753741383,-0.09317182961057054,0.16181449254451988,-2.770079237,4.129712716,-1.253226399,0.10760030350197504,-0.9310240919580863,-0.35759409306565515,0.07294247595313125,-0.07863096705554312,0.0013724016258236382,-0.9969028475903196,0.3563864632860396,-0.9338761058718278,-0.029395708328586956,-0.9310113246657838,-0.35752948807700946,0.07342055910611173,-0.07842872242683316,-0.00049329016139565,-0.9969196016546729,0.35646437247298257,-0.9339017195723587,-0.02758132225319376,0.9999998835498457,-0.00047751769714010655,-6.983655798886116e-05,0.00047764365785647403,0.9999982390052836,0.001814894726539345,6.8969790656611e-05,-0.0018149278721834364,0.9999983506386334
181,2,1771971720.3921142,G:/S1/USA/2026-02-24_16-21-11snow/camera/right/1771971720392114176.jpg,-0.042933520193,-0.171911708624,0.50246992276,0.00616393114065783,-0.008176546841026422,-0.006651454938551904,0.012210316054462187,-0.04909745133365783,-0.16373516178297357,0.5091213776985519,-2.816118325,4.059149384,-0.905919514,0.3065007422238562,-0.953788930622427,-0.2779578740654485,0.1141319239614529,-0.1197756036381049,0.0033494381844373367,-0.9927953394516797,0.27557300411189445,-0.9605874252294087,-0.036487229216273676,-0.9528433687080189,-0.279673913651184,0.11777952594650952,-0.12240148777719849,-0.00094539948120587,-0.9924802174399999,0.27768217533554934,-0.9600945829671425,-0.03333168549692955,0.9999914280602822,-0.0037403252685288316,0.0017758864948622223,0.0037342886534384562,0.9999872799000158,0.0033904463452872676,-0.0017885452775452657,-0.0033837856097982846,0.9999926755235445
182,2,1771971720.892096,G:/S1/USA/2026-02-24_16-21-11snow/camera/right/1771971720892096000.jpg,-0.165540299041,-0.25010310913,0.85731513128,0.0076124330906197635,-0.005256999189052536,-6.486016787166093e-05,0.009251453122306685,-0.17315273213161977,-0.24484610994094747,0.8573799914478717,-2.940173606,3.978038436,-0.5576609,0.5808964439601473,-0.9805102219951598,-0.1926277744051983,0.03865546650478775,-0.06891743858650212,0.15297248751243442,-0.9858244289542302,0.1839839428365379,-0.96927496542104,-0.16326650050259395,-0.9817630487837687,-0.18744222734473182,0.03172896863822022,-0.06227770377053289,0.1594151520293493,-0.9852452978403548,0.17961849474892344,-0.9692534347174147,-0.16818137718732562,0.9999617820770131,0.007707898450177453,-0.004125855892569218,-0.007728977402153345,0.9999570353013247,-0.005117661546315342,0.004086232210912627,0.0051493546068785015,0.9999783931932986
183,2,1771971721.392131,G:/S1/USA/2026-02-24_16-21-11snow/camera/right/1771971721392131072.jpg,-0.293991836254,-0.380903737706,1.071016973394,-0.00012419797015450484,-0.004884029519928834,-0.004011979552841161,0.0063217995396676685,-0.2938676382838455,-0.37601970818607117,1.075028952946841,-3.060888512,3.846864837,-0.340011938,0.40003767062740214,-0.9955059024997635,-0.09078849411319073,-0.026934131223982624,0.010405968706072265,0.17782196089505942,-0.9840076554777022,0.09412605326592541,-0.9798657048596482,-0.17607806943650073,-0.9952530909295796,-0.09297951632508374,-0.02874186039683867,0.01117548529459385,0.1841894566295239,-0.9828272241828423,0.09667674758466067,-0.9784830369559169,-0.18227603480978405,0.9999959338116073,0.00139183822832516,0.0024890051421615936,-0.0013759475463455532,0.9999787347121248,-0.00637470720014275,-0.0024978247739262586,0.006371256538864424,0.999976583706596
184,2,1771971721.892205,G:/S1/USA/2026-02-24_16-21-11snow/camera/right/1771971721892205056.jpg,-0.397493865455,-0.46045734964,1.105364571883,0.0007483644901773445,-0.0020412716771867068,-0.0020746834036659,0.0030051872979383084,-0.39824222994517733,-0.4584160779628133,1.1074392552866659,-3.165263104,3.764468468,-0.307601636,0.3290996065096077,-0.9836641135399131,-0.13334774444857145,0.12092679928045512,-0.14347922303459942,0.17508787482749366,-0.9740420671848725,0.10871349636142087,-0.9754807097728128,-0.19136028995067123,-0.9828858104920448,-0.13541247652909366,0.12489573545023043,-0.14813184860836037,0.17793402893877597,-0.9728290891896091,0.10950999480077646,-0.97468094397391,-0.19494773272049493,0.999989689335741,-0.0043390906599931785,0.0013392215847170866,0.004343774126118971,0.9999843905832141,-0.0035142874468579188,-0.0013239518684120327,0.003520068488289135,0.9999929281096382
185,2,1771971722.3922071,G:/S1/USA/2026-02-24_16-21-11snow/camera/right/1771971722392207104.jpg,-0.456273970528,-0.385285350152,1.09489750118,-0.0011023443406976696,-0.006856391667073414,0.0012189746908436438,0.007050614798349098,-0.45517162618730234,-0.3784289584849266,1.0936785264891564,-3.2221925,3.844455587,-0.321362365,0.3806424871486585,-0.9560531951849267,-0.20418858257587508,0.2104027345885691,-0.23533946982001774,0.10644019833372798,-0.9660671913089224,0.1748645816668595,-0.9731276930209786,-0.14981612447978554,-0.9547172845792163,-0.20681602648456301,0.2138738827319129,-0.2382516526181769,0.10092280270374354,-0.965945514984737,0.17818826153929182,-0.9731606851304454,-0.14562700424731367,0.9999896315059638,-0.0039474204818835965,0.002270407916284362,0.003936391893682845,0.9999805313658424,0.0048416637788231374,-0.002289475797310187,-0.004832676362743968,0.9999857016676522
186,2,1771971722.892271,G:/S1/USA/2026-02-24_16-21-11snow/camera/right/1771971722892271104.jpg,-0.475932436424,-0.340296698762,1.074710253971,-0.0022818064625473866,-0.0019352979491245037,-0.0003069959061835492,0.00300770101087558,-0.47365062996145263,-0.3383614008128755,1.0750172498771837,-3.240671504,3.884523145,-0.340023641,0.7030519314346716,-0.9292472869413198,-0.25057824783049754,0.27149589578186073,-0.2988565959835505,0.07776120450592705,-0.9511245607757759,0.2172192780333322,-0.9649682568810154,-0.147146350490567,-0.9271226025861843,-0.25724889170923193,0.27251915068154775,-0.3030561546506826,0.0868740959467812,-0.9490046673129544,0.22045554404950182,-0.962432282899842,-0.15850379784105117,0.9999749705880225,-0.002126936103782121,0.00674791377349703,0.0021944785025155475,0.9999474124841478,-0.010017810657042745,-0.006726251674307217,0.010032368068845542,0.9999270519039603
187,2,1771971723.3923001,G:/S1/USA/2026-02-24_16-21-11snow/camera/right/1771971723392300032.jpg,-0.491376254969,-0.320152238592,1.063961316167,-0.002770006465184771,-0.009573247624012016,0.000686898973431993,0.009989586382204173,-0.48860624850381523,-0.31057899096798797,1.063274417193568,-3.255627122,3.912305555,-0.351766474,0.18796191080024885,-0.9088380637302236,-0.26350167537156377,0.3233886840807457,-0.3508306950665635,0.0634140351147573,-0.9342892932863867,0.22567941269466577,-0.9625723490869884,-0.15007756480882573,-0.9090916524654467,-0.2649576926485839,0.32148061920430315,-0.3487077521616881,0.06174620539110764,-0.935195332378291,0.22793698910002813,-0.9622810541760333,-0.1485257613139076,0.9999970874974345,0.0017793193664627119,0.001630649943975233,-0.0017829381823174224,0.9999959452752997,0.002220487423461297,-0.0016266923758628518,-0.002223388304333931,0.9999962052009809
188,2,1771971723.892352,G:/S1/USA/2026-02-24_16-21-11snow/camera/right/1771971723892352000.jpg,-0.495490775669,-0.286026747829,1.060996219198,-0.005527619430381492,-0.004801296851574932,0.003031156174365668,0.007924325572404852,-0.4899631562386185,-0.2812254509774251,1.0579650630236344,-3.25698403,3.941659095,-0.357075828,0.40672515634166617,-0.909350210986676,-0.2698237246457993,0.31666599343275914,-0.338335164176255,0.03669417782219975,-0.9403099776115211,0.24209814220748352,-0.9622103174110226,-0.12465871252128524,-0.909355768092391,-0.26989864834301847,0.3165861757242555,-0.33654030170030547,0.02988386297883705,-0.9411947620258675,0.24456637620197286,-0.9624248928389548,-0.11800683571455262,0.999999993992346,7.418428850171432e-05,8.069696229160416e-05,-7.475518969276651e-05,0.9999748076184833,0.0070977841639978225,-8.016838527496855e-05,-0.007097790153872944,0.9999748071566412
189,2,1771971724.392368,G:/S1/USA/2026-02-24_16-21-11snow/camera/right/1771971724392368128.jpg,-0.510564813008,-0.238210476571,1.07241777715,-0.0027249303940579672,-0.006685894679309801,0.003181184090687239,0.007889636590751542,-0.5078398826139421,-0.2315245818916902,1.0692365930593128,-3.274860756,3.991359964,-0.345804298,0.24681068538725254,-0.9405702071306759,-0.17562737722742372,0.29065909555073816,-0.3047882578312018,0.059094174519413345,-0.9505850811085189,0.14977250530847697,-0.9826814859892726,-0.10911138230055029,-0.9402379944398143,-0.17505792234048162,0.29207402766701085,-0.3055154127131159,0.05490020402165885,-0.9506031244389608,0.15037568422630823,-0.9830262923361786,-0.10510215111621413,0.9999987816614828,-0.0014126164213174842,-0.0006642216465663629,0.001415271798480752,0.9999909407658395,0.004014398085242392,0.000658544824570093,-0.00401533324851118,0.9999917216745431
190,2,1771971724.892354,G:/S1/USA/2026-02-24_16-21-11snow/camera/right/1771971724892354048.jpg,-0.522515584353,-0.145126161461,1.11020474351,0.0011213115582688893,-0.002197860901739901,0.00646050170456236,0.006915635504330567,-0.5236368959112689,-0.1429283005592601,1.1037442418054377,-3.29065777,4.079956245,-0.311296649,0.3785620382396323,-0.953815201429475,-0.17275118479170282,0.24575107258181836,-0.2737670368602651,0.16316401462384122,-0.9478550067708572,0.12364534382984846,-0.9713570571550373,-0.20292189744900613,-0.9547123862261347,-0.17136614185858706,0.2432239811591416,-0.27174797624259006,0.1693645424090403,-0.9473482407133258,0.12114989473563967,-0.9705407241322124,-0.20826282867200352,0.9999954452622284,0.002866925046243127,-0.0009435017636900629,-0.002872420928786575,0.9999786100187855,-0.005876112907909586,0.0009266352069347038,0.005878796277968917,0.999982290393943
191,2,1771971725.392425,G:/S1/USA/2026-02-24_16-21-11snow/camera/right/1771971725392424960.jpg,-0.577317506339,-0.023172970405,1.110053733798,-0.0004980241761520787,0.0006708717184507051,0.00746996547378731,0.007516547154260621,-0.576819482162848,-0.023843842123450705,1.1025837683242128,-3.343840356,4.199040703,-0.312457123,0.8694078332543762,-0.9499199300241981,-0.2066349326373198,0.234422974891102,-0.2660372648517013,0.14119790023221046,-0.9535655859353571,0.16393992879420696,-0.9681762017236251,-0.18909929180979357,-0.9483306284835153,-0.21658925836147785,0.2318579570394034,-0.2673549409718765,0.15199184668059273,-0.9515355033211045,0.17085184991092509,-0.9643586323070107,-0.2020447318713522,0.999945903101706,0.000617569425303376,0.010383134310982756,-0.0005028215836729446,0.9999388166071458,-0.011050348987988338,-0.01038932339327118,0.011044530334345956,0.9998850335459195
192,2,1771971725.892414,G:/S1/USA/2026-02-24_16-21-11snow/camera/right/1771971725892414208.jpg,-0.61556595617,0.059062530404,1.141084101517,-0.0014223453097956806,0.0005145324983750754,0.010068690775156153,0.010181667044148343,-0.6141436108602043,0.05854799790562493,1.1310154107418438,-3.381164485,4.281432543,-0.28402548,0.5170386706463241,-0.9646632329180815,-0.23722202210535914,0.114675887981213,-0.16166545444827513,0.18921048592474288,-0.9685368722222998,0.20806039482339708,-0.9528510399030727,-0.2208750050629651,-0.9631351901876953,-0.24501471360506302,0.11107833064617523,-0.15946178129031932,0.1874196264191712,-0.9692501348674742,0.21666228497325152,-0.9512316614526282,-0.21958092020993591,0.9999619983129129,0.0017628762611729938,0.008537809867518637,-0.0017827651868293692,0.9999957139516218,0.002322461339874261,-0.008533679062088892,-0.0023375939926289636,0.9999608552218386
193,2,1771971726.392512,G:/S1/USA/2026-02-24_16-21-11snow/camera/right/1771971726392512000.jpg,-0.604462366973,0.140197749473,1.103559712527,0.0015028864867607794,-0.009606908947798587,0.0009828258156094893,0.009773295959255975,-0.6059652534597608,0.1498046584207986,1.1025768867113905,-3.372986127,4.372689204,-0.312464005,0.3794117413930019,-0.9349113640912305,-0.32663468124260425,0.13874626590513037,-0.21121596312178798,0.19796674494332078,-0.9571817929834865,0.28518162320810636,-0.9241855619441848,-0.25407181834729586,-0.9351304872951929,-0.3241643612620099,0.14299803711466957,-0.21576769866957407,0.20091354451634336,-0.9555511748936922,0.28102539376698893,-0.9244193931963309,-0.25782457900796873,0.9999878859728986,-0.0035343944656083285,-0.003425779212840397,0.0035191845218195523,0.9999839695802127,-0.004435755054366168,0.00344140200427648,0.004423645370328386,0.9999842939336012
194,2,1771971726.892483,G:/S1/USA/2026-02-24_16-21-11snow/camera/right/1771971726892483072.jpg,-0.558765313286,0.274914338505,1.10160287898,0.0015706567086199996,-0.006467453830165226,0.006023332374995083,0.008976383149204124,-0.56033596999462,0.28138179233516525,1.0955795466050051,-3.327356844,4.504266338,-0.319461345,0.43765159613968396,-0.9488851586278841,-0.1384873822315764,0.2836162913134239,-0.3040400628521791,0.15988232581470685,-0.9391471035322012,0.08471479160441006,-0.9773734633469058,-0.1938156784904057,-0.9493854119532446,-0.13131707293085887,0.28534744773212817,-0.30420099413277196,0.15795967014072942,-0.9394202987894528,0.0782885351695978,-0.9786749046368274,-0.18991139064072826,0.9999726697542984,-0.00032730775609311,-0.0073859741465823695,0.00034148622926928347,0.9999981014303166,0.0019184688991457648,0.0073853321940451615,-0.0019209386753796015,0.9999708830075948
195,2,1771971727.392548,G:/S1/USA/2026-02-24_16-21-11snow/camera/right/1771971727392548096.jpg,-0.420790686215,0.330715363774,1.092714164457,0.0006746246738518202,0.001051945988556291,0.006634256342978095,0.006750930753440924,-0.4214653108888518,0.3296634177854437,1.086079908114022,-3.188486185,4.552547963,-0.328960983,0.4104306818170483,-0.90797957076312,-0.06727024612914762,0.413579270590953,-0.41850522005727614,0.09694717723775736,-0.9030252629968011,0.020651388854789454,-0.9930135743338834,-0.11617900553462124,-0.9068517225022775,-0.07159286913827093,0.4153244689194253,-0.4206081632381462,0.09149242545316272,-0.9026172550434268,0.02662191601078454,-0.9932288745164672,-0.11308260880730858,0.9999884985857082,-0.0024670346631427286,0.004112959551528686,0.002445115573580714,0.9999828284212283,0.005325811911083719,-0.004126027888113719,-0.005315693995261713,0.9999773593893092
196,2,1771971727.892537,G:/S1/USA/2026-02-24_16-21-11snow/camera/right/1771971727892537088.jpg,-0.250493081929,0.280233927705,1.122245703064,0.00011505249762988612,-0.0008289365836091633,0.005653937972664558,0.005715539129040647,-0.2506081344266299,0.28106286428860916,1.1165917650913355,-3.017629008,4.50394741,-0.298449126,0.5045619704901875,-0.9233775193653884,-0.09484365960409477,0.3719927915478004,-0.3817518987758969,0.12465220023591483,-0.9158205701759178,0.04049005447785928,-0.9876570807771533,-0.15130778657799504,-0.9242472363496196,-0.10237005114625639,0.36781438080695433,-0.37885473196602515,0.12658752098359172,-0.9167577060478851,0.04728782260837966,-0.9866589948708429,-0.1557815447137968,0.9999625689532015,0.003220509351671368,0.008030505091856445,-0.0032073393933771746,0.9999934913672188,-0.0016523308435442486,-0.008035774171181386,0.0016265124397411286,0.9999663898305552
197,2,1771971728.3926132,G:/S1/USA/2026-02-24_16-21-11snow/camera/right/1771971728392613120.jpg,-0.109783375246,0.227475133496,1.104903420662,0.006004121306681043,-0.004135939129340294,0.00524524822709127,0.00898154185598183,-0.11578749655268104,0.23161107262534028,1.0996581724349088,-2.88280837,4.454495618,-0.315382719,0.2783599172407177,-0.8698643618826312,-0.14980777785392885,0.46999321444143316,-0.49308791692698595,0.2913960735388159,-0.8197271707749884,-0.0141526713778313,-0.9447994274027843,-0.327343464685401,-0.8697427251795598,-0.1452531484612037,0.4716451153773782,-0.4931696844035224,0.2910629010967276,-0.8197963466559768,-0.01820039512106758,-0.9456129813339407,-0.32478429018376664,0.9999882558894527,-8.688454769750815e-05,-0.004845671702254041,8.85262423240247e-05,0.9999999387624504,0.00033858263329179046,0.004845641987917867,-0.0003390076260467953,0.999988202344185
198,2,1771971728.892646,G:/S1/USA/2026-02-24_16-21-11snow/camera/right/1771971728892646144.jpg,-0.013850649618,0.34523092059,1.117470852263,0.006557757422720023,-0.008096866419208482,0.0038262151015022727,0.011099700456710965,-0.02040840704072002,0.35332778700920847,1.1136446371614976,-2.787429281,4.576212333,-0.301396254,0.3349097921914159,-0.8687324484165284,-0.08924931883308795,0.4871739855083126,-0.4914061492483508,0.2781300964881652,-0.8253263875027815,-0.061837929696354516,-0.9563881055906717,-0.28547830379129513,-0.8692323588283749,-0.08350178729549826,0.48730130092594315,-0.4899566684714993,0.27738925820160576,-0.826436726225712,-0.0661632026580374,-0.9571220669030782,-0.28202797673495283,0.9999833498807944,0.001739143777866719,-0.005502303163627476,-0.0017340198126802652,0.9999980586560157,0.0009358736503124494,0.005503920100600126,-0.0009263169652037304,0.9999844242789017
199,2,1771971729.3926911,G:/S1/USA/2026-02-24_16-21-11snow/camera/right/1771971729392691200.jpg,0.080476293638,0.531484878864,1.197167121892,0.0057234892345792154,-0.00831143284990521,0.010073864901905427,0.014259067259069565,0.07475280440342079,0.5397963117139052,1.1870932569900945,-2.692268069,4.762680857,-0.227947634,0.4035805558265019,-0.9083929714948045,0.04276522960657886,0.4159246860617147,-0.37942893641542236,0.33360046200189875,-0.8629857553649314,-0.1756584514035709,-0.9417440559349533,-0.2868139493847588,-0.9106979255338201,0.04025232555230679,0.41110708910942867,-0.3749509400962432,0.33704489549220173,-0.863604383351309,-0.17332363067204665,-0.9406277099417613,-0.29185343982961376,0.9999825816298488,0.00419377785095078,0.004153151121724623,-0.004177781044667738,0.9999838503631556,-0.0038529415284012016,-0.004169242430685027,0.003835523460407353,0.9999839529599157
200,2,1771971729.892662,G:/S1/USA/2026-02-24_16-21-11snow/camera/right/1771971729892662016.jpg,0.310558560083,0.620952712113,1.202339902031,0.007944897487321967,-0.008051871350374995,0.012153950336387886,0.01660338932587042,0.302613662595678,0.629004583463375,1.190185951694612,-2.464407211,4.851889129,-0.22485494,0.21568295149062464,-0.9197693624597121,0.16604124047693736,0.35560459268875483,-0.2989650363977036,0.2905739010046249,-0.9089481366209374,-0.25425228984647347,-0.9423359881251668,-0.21762044617174814,-0.9211226344963255,0.16590972303605078,0.35214635596673405,-0.2958868604384778,0.2894238504959833,-0.9103212622936694,-0.25295070278299214,-0.9427129990438128,-0.217504352589576,0.9999930959783663,0.003509723312308478,0.001220589150121412,-0.003510457548184189,0.9999936583712393,0.0005999209178212126,-0.0012184758531672353,-0.0006042016023494619,0.999999075128082
201,2,1771971730.39276,G:/S1/USA/2026-02-24_16-21-11snow/camera/right/1771971730392760064.jpg,0.554105668476,0.726687730917,1.195554873369,0.0047734870959113,-0.011971502300011316,0.005313334914909595,0.013940393620411344,0.5493321813800887,0.7386592332170113,1.1902415384540905,-2.217688692,4.961543779,-0.224799353,0.5970525557744718,-0.9051451251802471,0.24645668146620694,0.34636888792600884,-0.2996811028255402,0.20794588833891126,-0.9311013608260967,-0.30150213759060385,-0.9465820681185577,-0.11436279703072594,-0.9038977658622972,0.2538183843954356,0.3443037272700349,-0.29903408631525863,0.2005858206796841,-0.9329222603003191,-0.30585526657349904,-0.9462248973077958,-0.10540872650831745,0.9999699922680897,0.0030798997363844735,-0.007108359935394121,-0.003030284616763881,0.9999710475493961,0.006980074362441522,0.007129652060143124,-0.006958324552478652,0.9999503736590751
202,2,1771971730.892811,G:/S1/USA/2026-02-24_16-21-11snow/camera/right/1771971730892811008.jpg,0.78832903007,0.937924490372,1.198957698993,0.011543269131667477,-0.01238045572946156,0.004698695150404442,0.017567028275485272,0.7767857609383325,0.9503049461014615,1.1942590038425955,-1.990235113,5.173189492,-0.220781887,0.2306827682849038,-0.8622383268127738,0.3415076170084874,0.3740556312907117,-0.31773283771925853,0.21043624314328901,-0.9245336291377432,-0.394450138306448,-0.9160180866647355,-0.07293800993378707,-0.8610332382336107,0.3434812144549896,0.37502322324553145,-0.31972327565609016,0.2078469831543367,-0.924433155288894,-0.3954728684254864,-0.9158713266120773,-0.069144221950584,0.9999968582202223,-0.0008621510833553174,-0.0023537725451261405,0.000869562676595417,0.9999946618972674,0.0031496091378458296,0.0023510445415162646,-0.0031516459952219767,0.9999922698286646
203,2,1771971731.39275,G:/S1/USA/2026-02-24_16-21-11snow/camera/right/1771971731392750080.jpg,1.067544760883,0.963358827209,1.22187353042,0.017827295907257845,-0.006297645646786698,0.011867092664259449,0.022322650119543246,1.0497174649757421,0.9696564728557867,1.2100064377557405,-1.717303409,5.192541018,-0.205034453,0.28343214693532637,-0.866859364264299,0.4137508013596155,0.27814585555347077,-0.2190914216616966,0.18499962597659625,-0.9580052647782143,-0.4478323252530492,-0.8913952057100126,-0.06971940687966116,-0.868139477221177,0.414117073823516,0.2735706439989311,-0.2155812225140688,0.18185623990864774,-0.9594024413694326,-0.44705546030607973,-0.8918718277724309,-0.06860071600488005,0.9999886472972659,0.004731298793160095,0.0005657634796923263,-0.004732046384473875,0.9999879227617725,0.001327428947527704,-0.0005594761838544792,-0.0013300910966496113,0.9999989589214953
204,2,1771971731.892779,G:/S1/USA/2026-02-24_16-21-11snow/camera/right/1771971731892779008.jpg,1.301809943538,0.978704219192,1.272846623901,0.0075145315265583434,-0.013134353907076068,0.010094125473110449,0.018189854471294183,1.2942954120114416,0.9918385730990761,1.2627524984278895,-1.472725462,5.214723119,-0.152288393,0.2746510741294548,-0.8183238820475023,0.5346672831701106,0.21089552005246154,-0.17454379872966644,0.118424002948737,-0.9775020295890005,-0.547613446142188,-0.8367237607676086,-0.0035863311596338043,-0.8171409115898376,0.5375208179574628,0.20821167322815864,-0.17366383314149283,0.11486180561529091,-0.9780836562735313,-0.5496558956881414,-0.8353910077760807,-0.00051035490748974,0.9999916274431687,0.002754912572468047,-0.00302580572426708,-0.002747349688682389,0.9999930990605608,0.0025007800671129044,0.003032674273812713,-0.002492446182775541,0.9999922952697061
205,2,1771971732.3928761,G:/S1/USA/2026-02-24_16-21-11snow/camera/right/1771971732392876032.jpg,1.533273461965,1.065417143601,1.295952260014,0.02160327651338756,-0.012139976669367059,0.006071466440242729,0.025513590385942406,1.5116701854516124,1.077557120270367,1.2898807935737573,-1.255350688,5.300441666,-0.125160098,0.2696921854162526,-0.7622866738812879,0.6113087444571647,0.2126514654856813,-0.1429901499625149,0.16137551192328592,-0.9764792681696806,-0.6312470545172473,-0.774764198386646,-0.035603273186564977,-0.7652211897050775,0.6078085953211401,0.21214439016879155,-0.14208374859280595,0.16195372127700858,-0.9765158475674347,-0.6278922990546725,-0.7773928888395312,-0.03757069562260162,0.9999894402237643,0.00034991703342065014,0.00458224825084076,-0.0003452519137982989,0.999999421386224,-0.001018836754984592,-0.004582602107823434,0.0010172439663182827,0.9999889824256236
206,2,1771971732.8928401,G:/S1/USA/2026-02-24_16-21-11snow/camera/right/1771971732892840192.jpg,1.790500855293,1.0179569999,1.293113102692,0.01502621449970154,-0.009214620529321316,0.007727859827824063,0.019246198876893265,1.7754746407932984,1.0271716204293213,1.2853852428641759,-0.991546233,5.250056166,-0.129655648,0.5343350582098818,-0.7562644995935515,0.6210801931444236,0.20572651831545935,-0.12354798168929876,0.17321632354321048,-0.9771038846912209,-0.6424950605841389,-0.7643660765247627,-0.054264151915647485,-0.7607015713010542,0.6161880765674075,0.2040719817031867,-0.11848394016827202,0.17729536932886436,-0.9769994411138332,-0.6381964237931048,-0.7673842624856857,-0.06186047483645296,0.9999768210493292,0.0013174509574725773,0.006679946635482131,-0.001274853468885027,0.9999788529802454,-0.006377173429147657,-0.006688206987758777,0.006368509659819677,0.9999573540766633
207,2,1771971733.392872,G:/S1/USA/2026-02-24_16-21-11snow/camera/right/1771971733392872192.jpg,2.060259588334,0.939624285055,1.308123518112,0.018689071008631597,-0.01342065595612052,0.006779920019103519,0.02398671917798822,2.0415705173253684,0.9530449410111205,1.3013435980928965,-0.725450357,5.175929487,-0.113697293,0.0751370763565953,-0.716347809529464,0.6520726265435637,0.2482883515087182,-0.14834543998515942,0.20537733005657166,-0.9673746858040287,-0.6817913509409959,-0.7298091819177203,-0.05038959982615143,-0.7168410098185714,0.651950616330302,0.2471828483306037,-0.147211126276118,0.20500594683643392,-0.967626708014105,-0.6815187825311991,-0.730022571999138,-0.0509822854426486,0.9999992598648528,0.0011175416716330687,0.00048100972807276605,-0.0011173061516838447,0.9999992559458594,-0.0004896270936984505,-0.00048155654885628373,0.0004890892961801034,0.9999997644474476
208,2,1771971733.892903,G:/S1/USA/2026-02-24_16-21-11snow/camera/right/1771971733892903168.jpg,2.325648075668,0.962092013789,1.346915195996,0.02892016863939162,-0.019494173747029997,0.005451940802493532,0.035300462075221306,2.2967279070286084,0.98158618753603,1.3414632551935064,-0.470292967,5.204470733,-0.073577636,0.37131134844026825,-0.6576057682673602,0.7155124415483542,0.23578931174039386,-0.11716444595097109,0.21204048388667496,-0.9702120004401651,-0.7441956370111946,-0.6656431320028908,-0.05560642652504044,-0.6612037098161747,0.7113446349336461,0.23832428427763236,-0.11739254890408662,0.21565910752447448,-0.9693864754593747,-0.7409646709439859,-0.6689394290164582,-0.05908804210672025,0.999981629059435,-0.0029216536796130388,0.005310883487311027,0.0029338220188991453,0.9999930860202586,-0.00228486324349519,-0.005304171188867457,0.002300402455323621,0.9999832868186064
209,2,1771971734.392965,G:/S1/USA/2026-02-24_16-21-11snow/camera/right/1771971734392965120.jpg,2.587185419109,0.892994047659,1.364004050741,0.0336765822883045,-0.01298834195582188,0.010141315547818552,0.037492072527705554,2.5535088368206953,0.9059823896148219,1.3538627351931816,-0.213512037,5.128866935,-0.061178156,0.3980456273078293,-0.6416575661264696,0.741249586672782,0.1970396358352427,-0.05403746868274967,0.21257108251906898,-0.9756502892199808,-0.7650853023101516,-0.6366809131221862,-0.09634259211212304,-0.6443864333591646,0.7404131428954233,0.1911923176552252,-0.04853088999264815,0.20992214820303157,-0.9765129002785091,-0.7631584876152373,-0.6385303982752473,-0.09933807557667684,0.9999788312577675,0.0056745949919019345,0.0031837097900021026,-0.005666827915700415,0.9999809583201402,-0.002443370317312434,-0.0031975143037853977,0.002425277058722486,0.9999919469343066
210,2,1771971734.8929632,G:/S1/USA/2026-02-24_16-21-11snow/camera/right/1771971734892963072.jpg,2.930176830222,0.816435358832,1.355502930864,0.030393795509874977,-0.01611560384688815,0.003675422724459032,0.03459774884366615,2.899783034712125,0.8325509626788882,1.351827508139541,0.132762161,5.055435508,-0.063213383,0.5530793992022307,-0.6977563414069237,0.6806751402184641,0.2231982112719539,-0.0789269137893458,0.2366337069757627,-0.9683878515360457,-0.7119737567537968,-0.6933151103296996,-0.11138908152239302,-0.704549898760469,0.6739094100197385,0.22238603203317642,-0.07857866560645826,0.2373613318966602,-0.9682380861295181,-0.7052906021407923,-0.6996468432052643,-0.11427800017845513,0.9999537064191236,-0.00027830079365417725,0.0096180854293556,0.0002857111879124686,0.9999996634277506,-0.0007690991504402693,-0.00961786815127077,0.0007718115407002152,0.9999534493761052
211,2,1771971735.393048,G:/S1/USA/2026-02-24_16-21-11snow/camera/right/1771971735393048064.jpg,3.266475737258,0.882925997301,1.332396368586,0.030479248382053736,-0.022058044476548133,0.008841685147650713,0.03864863910041967,3.235996488875946,0.9049840417775481,1.3235546834383494,0.468975615,5.127868587,-0.091486208,0.4473878430603306,-0.692146320045794,0.6799853259821286,0.24197815623738392,-0.06488593776710472,0.2752823012894756,-0.9591712410601423,-0.7188346727357751,-0.6795878243801523,-0.1464141462670272,-0.6974807287772026,0.6744740848402999,0.24208540200363612,-0.064729684244129,0.2771439164571493,-0.9586455640894855,-0.7136740859538601,-0.6843069183119752,-0.1496440462841403,0.9999705794014542,-0.0012738860862279199,0.007564228034584201,0.0012849230398580085,0.9999981168187632,-0.0014544179965555158,-0.007562361026922352,0.0014640946575879869,0.9999703331212042
212,2,1771971735.893026,G:/S1/USA/2026-02-24_16-21-11snow/camera/right/1771971735893026048.jpg,3.597343952549,0.901900785957,1.322695801913,0.03256767178877418,-0.015360149869228401,0.010488193181422023,0.0375045283393526,3.564776280760226,0.9172609358262284,1.312207608731578,0.797755407,5.140145481,-0.102833282,0.3035027053165557,-0.723716831445592,0.6526738367032879,0.22416692611837766,-0.061142786643318514,0.2629121573233377,-0.9628804480168232,-0.6873830864400448,-0.7105589774357919,-0.15036765630134563,-0.7243626993503918,0.6534690442933329,0.2197200217098394,-0.05971022549105104,0.2580403087768032,-0.9642872435214416,-0.6868284856946615,-0.7116132427075332,-0.1478959906205971,0.9999895877703598,0.004530397215702883,0.0005475873755103946,-0.004531853724622535,0.9999861168933464,0.0026885539580125397,-0.0005353995559309148,-0.002691007550058858,0.9999962359057564
213,2,1771971736.3931053,G:/S1/USA/2026-02-24_16-21-11snow/camera/right/1771971736393105152.jpg,3.93322646694,0.86125094197,1.330518713221,0.024258388316090063,-0.018234266594498116,0.007212600691890225,0.03119261916983087,3.90896807862391,0.8794852085644981,1.3233061125291097,1.141947205,5.102369754,-0.091734779,0.3179495664983171,-0.7374522906505849,0.632810030919551,0.2360414874165172,-0.08430407794152811,0.26050600193145834,-0.9617845108963419,-0.670117110255091,-0.7291694506253561,-0.13876228168375704,-0.740730002979793,0.6287670879780318,0.23658193456217624,-0.08649345502315647,0.25997040871396637,-0.9617350304690219,-0.6662116367369404,-0.7328487809014349,-0.13818364377728543,0.9999863095655706,-0.001296680079713617,0.005069447918812519,0.0012873118170860403,0.9999974586597934,0.0018508112383632377,-0.005071834945684838,-0.0018442599397412614,0.9999854374917458
214,2,1771971736.8931541,G:/S1/USA/2026-02-24_16-21-11snow/camera/right/1771971736893154048.jpg,4.265520635219,0.909955093364,1.320839972951,0.019936247583342226,-0.020985075210967707,0.005815926857104636,0.029523759152951395,4.245584387635658,0.9309401685749678,1.3150240460938956,1.478563514,5.153824714,-0.100016845,0.12786059439692343,-0.7416245742255279,0.6117876830404343,0.27515236103806656,-0.13880429037697398,0.261346205781813,-0.9552128190599177,-0.6562974629523948,-0.746601628449515,-0.10890201338259398,-0.7421444262736396,0.6121029418284197,0.27304146050730893,-0.13693588701353032,0.2603112022886802,-0.9557649506080662,-0.6561022888230065,-0.7467048055075151,-0.10936964859226805,0.9999975872323473,0.0021709086294585565,0.00033568617364334544,-0.0021707765369745834,0.9999975664936971,-0.00039336485653013593,-0.0003365393159104726,0.0003926352077630822,0.9999998662894325
215,2,1771971737.3931692,G:/S1/USA/2026-02-24_16-21-11snow/camera/right/1771971737393169152.jpg,4.587373175647,0.885385918139,1.313096448203,0.019541508796617535,-0.01803100399176394,0.00743594135761072,0.027609434888695442,4.567831666850383,0.903416922130764,1.3056605068453893,1.800810793,5.126301468,-0.109380384,0.10491183615184813,-0.7364676001783512,0.6173214847140588,0.2766399436053477,-0.1306839299958651,0.27140772745819375,-0.9535510242859658,-0.6637297524809143,-0.7384118295276755,-0.11920900001768042,-0.7357771685331508,0.6182794982973565,0.2763375114791844,-0.1312545404022139,0.2701164677613167,-0.9538392629096127,-0.6643825734387853,-0.7380837051644743,-0.11759353843446663,0.9999992570244631,0.00045816843240870943,-0.0011296159563961114,-0.0004566245932175787,0.9999989619853277,0.0013665731770266646,0.001130240904528347,-0.0013660563512698292,0.9999984282215361
216,2,1771971737.893213,G:/S1/USA/2026-02-24_16-21-11snow/camera/right/1771971737893212928.jpg,4.911352739442,0.693930551073,1.324219280397,0.022458562312615005,-0.01899186119068741,0.005295366343083918,0.02988509189116566,4.8888941771293855,0.7129224122636874,1.3189239140539162,2.121873303,4.935806958,-0.096116977,0.27729858549785386,-0.7032007319976825,0.6584182167127755,0.2683173166582665,-0.09760681067865384,0.2844126681142376,-0.9537202654475169,-0.7042596403508191,-0.6968463863125857,-0.1357330941812851,-0.7062615451931739,0.6551026223432616,0.26839371076896046,-0.09688641053578528,0.2861064585146642,-0.9532870070706346,-0.7012899922534483,-0.6992736578730668,-0.13859544786889455,0.9999898162102496,-0.000717099438452618,0.004455697946090127,0.0007248872722424428,0.9999982121924463,-0.0017464679653076574,-0.00445443758896257,0.0017496800583750515,0.9999885482371583
217,2,1771971738.393233,G:/S1/USA/2026-02-24_16-21-11snow/camera/right/1771971738393233152.jpg,5.265857616506,0.63331650347,1.309639308739,0.016739819058107397,-0.031162409958936266,0.001182881040720396,0.03539373594442216,5.249117797447893,0.6644789134289363,1.3084564276982795,2.482096924,4.887363459,-0.106584464,0.2978907987892562,-0.6459398869926689,0.7046410518280868,0.29367099017523995,-0.07898286705962382,0.3209413908768912,-0.9437999419013801,-0.759291359823711,-0.6328330045917439,-0.1516542752329979,-0.6427434600211943,0.7081486616577561,0.29224359290207197,-0.07875067330942609,0.31838212485305883,-0.9446857435292237,-0.7620230810502364,-0.6302049631400717,-0.14887084462823819,0.9999877210324617,0.0022204516743198487,-0.004430279750261445,-0.002213481348852037,0.9999963057994784,0.0015776209029521654,0.004433766414895292,-0.0015677951897982356,0.9999889418056683
218,2,1771971738.893213,G:/S1/USA/2026-02-24_16-21-11snow/camera/right/1771971738893212928.jpg,5.54581609971,0.586353029605,1.364254990641,0.01931869243280948,-0.02465680213491428,0.00716659672520048,0.03213300293242849,5.526497407277191,0.6110098317399143,1.3570883939157996,2.759476533,4.833894377,-0.057952497,0.6139984730024899,-0.48168038699512095,0.8240789523852663,0.29812394237939427,-0.012319896024386212,0.333788073926502,-0.9425676325157704,-0.8762603636740502,-0.45768919797176544,-0.15062660161400188,-0.4733071138666479,0.8294469896431573,0.29664468195996385,-0.01411063628955561,0.3295707416001753,-0.9440254319797822,-0.8807844605275049,-0.45099979784143407,-0.14428415172934855,0.9999494421308627,0.0030829319541673607,-0.009571244054063658,-0.003047455264815086,0.9999884410890374,0.003718965545118742,0.009582598738621457,-0.0036896095840618297,0.9999472789015087
219,2,1771971739.3932893,G:/S1/USA/2026-02-24_16-21-11snow/camera/right/1771971739393289216.jpg,5.85014143667,0.411541675029,1.401338143234,0.017886128053492545,-0.023771666895637367,0.00755083704049464,0.030692358393502126,5.832255308616508,0.4353133419246374,1.3937873061935053,3.065234435,4.658197887,-0.021253585,0.5342546539372569,-0.39433981884905367,0.8878416344955163,0.23713569812751878,0.06483298755773637,0.2842820611558108,-0.9565460749118897,-0.9166748556573558,-0.3618299901353313,-0.16966516214070637,-0.4017411480333588,0.8836720147903793,0.2402661446253938,0.06501697350776747,0.2892315725526894,-0.9550486325808695,-0.9134423042167081,-0.3680609565208054,-0.1736499039799927,0.9999590174512721,-0.004659614677193219,0.007762178105838533,0.004676926334924848,0.9999866130762839,-0.0022136007499837062,-0.0077517596676083475,0.002249813166182847,0.9999674237507807
220,2,1771971739.893332,G:/S1/USA/2026-02-24_16-21-11snow/camera/right/1771971739893331968.jpg,6.173647972451,0.310479303628,1.407822145722,0.008580392076725563,-0.02368668122181994,0.003758039918778211,0.025471648150945842,6.165067580374274,0.33416598484981996,1.4040641058032217,3.398046707,4.55705053,-0.010976785,0.6557876875806127,-0.25859068971454646,0.926141551052637,0.2745772798444398,0.07911003116919785,0.30359440720634456,-0.9495114738018899,-0.9627421555958607,-0.22381300973545865,-0.1517737741238312,-0.2529624465109089,0.9249789066021871,0.28359129569900066,0.08088732251614694,0.31231889622881226,-0.9465274154056951,-0.9640888142237646,-0.21649695009269482,-0.15382401922059125,0.9999428593272486,-0.00846663333639652,-0.006526423246638887,0.008439875437502492,0.9999559099611267,-0.004116629254002055,0.006560989486860045,0.0040613118277835845,0.9999702291384437
221,2,1771971740.3933501,G:/S1/USA/2026-02-24_16-21-11snow/camera/right/1771971740393350144.jpg,6.456550909989,0.172968872631,1.431240738373,0.021104475269487555,-0.0197739199839857,0.01051068318944598,0.030771435602558146,6.435446434719513,0.1927427926149857,1.420730055183554,3.668425561,4.415627338,0.005689164,0.3982443703582437,-0.13353998943147882,0.9604795798949257,0.24422540373087226,0.0720184438742335,0.2551860292846089,-0.9642061160353053,-0.9884231962902199,-0.11117134101386794,-0.10324978437073784,-0.1311370121958607,0.9615720333749345,0.24121009237496044,0.06684687541338691,0.251334235030012,-0.965589248878293,-0.9891079714974549,-0.11050034811290421,-0.09723730656037921,0.9999919700716132,0.003359219198036861,-0.00218527771090148,-0.0033467547068834077,0.9999782527521069,0.005682715528291356,0.002204319674225098,-0.005675356308027918,0.9999814654810114
222,2,1771971740.8934,G:/S1/USA/2026-02-24_16-21-11snow/camera/right/1771971740893400064.jpg,6.682998847556,-0.075665903697,1.447313850191,0.018627938295112223,-0.022113928852741438,0.006109379307386975,0.02955250327725465,6.664370909260888,-0.05355197484425857,1.441204470883613,3.897350035,4.169332571,0.02616358,0.24268845699109046,-0.026067740765513436,0.9653357883318763,0.2597061582963664,0.0831080584089301,0.26098784515966855,-0.9617579712726123,-0.9961995400113774,-0.0034871829014472833,-0.08703054657148845,-0.02831643069964407,0.964952318334079,0.26089308747860335,0.0864215794822153,0.26238375644580636,-0.9610858832347848,-0.9958561594689421,-0.00466772911313118,-0.09082247493156659,0.9999966937717287,-0.0014285038651503622,0.00213818201255695,0.0014356925158267484,0.9999933101537236,-0.0033642881562698478,-0.0021333618098131482,0.0033673468050783575,0.9999920548398785
223,2,1771971741.393434,G:/S1/USA/2026-02-24_16-21-11snow/camera/right/1771971741393434112.jpg,6.928148599018,-0.259400046144,1.534455838748,0.01473138876777913,-0.019416657943990057,0.005052112581368562,0.024890646079926967,6.913417210250221,-0.23998338820000992,1.5294037261666316,4.146396336,3.982901157,0.114362835,0.45313472763808543,0.14571434043654063,0.974334140975548,0.17158179600582452,0.11137764471872502,0.15617452852292835,-0.9814298430848485,-0.9830373091841698,0.1621187785855836,-0.08576217337419245,0.15313689026920368,0.97355888400083,0.16950572917083406,0.11253313796806091,0.15323290135669115,-0.9817616670052218,-0.9817766475618267,0.16941894027784743,-0.08609202621260553,0.9999699973385504,0.002743144673757171,-0.007244279124779025,-0.0027546907855953875,0.9999949507789258,-0.0015843280372635096,0.00723989650579518,0.0016042362521590488,0.9999725047843226
224,2,1771971741.8933961,G:/S1/USA/2026-02-24_16-21-11snow/camera/right/1771971741893396224.jpg,7.086314648881,-0.459344080412,1.690423339445,0.02325580128378757,-0.019335464952458192,0.009163845191688336,0.03160171762698958,7.063058847597213,-0.4400086154595418,1.6812594942533114,4.296037974,3.78287593,0.266218603,0.3702214116489645,0.2853402551360795,0.9505850447215735,0.12234791191745492,0.1363200127242149,0.08610434883813989,-0.9869158501321327,-0.9486821348216414,0.29828528938391213,-0.1050147285260925,0.2881369484963082,0.9490829199491724,0.1273526991154436,0.14010298769499513,0.08977964282938328,-0.9860581973556959,-0.9472846730261035,0.3019622936629361,-0.1071005203332221,0.99998243711626,-0.004687398013182618,-0.003626811118777282,0.004678046572714063,0.999985722873082,-0.0025826208129947326,0.0036388651100022966,0.002565609063401733,0.9999900881062997
225,2,1771971742.3934262,G:/S1/USA/2026-02-24_16-21-11snow/camera/right/1771971742393426176.jpg,7.218492748277,-0.740202524645,1.780650077241,0.020503294744217193,-0.019694449196816954,0.004446826537213955,0.028775522424211844,7.197989453532783,-0.7205080754481831,1.7762032507037862,4.43096858,3.50237647,0.361162359,0.4944538880008836,0.3880540487425843,0.9124469343918207,0.12982544886676284,0.11644321254535933,0.09119579739352324,-0.9890016707720345,-0.9142510779357081,0.3989033948924575,-0.07085935391088327,0.39299420419340236,0.9094033646417217,0.13616561918748227,0.1194865000834377,0.09632126565191101,-0.9881524123742373,-0.9117447733703798,0.40460812419121034,-0.07080772606336747,0.9999630668938012,-0.005972752239287081,-0.006179893124598039,0.005967933203025629,0.9999818733681334,-0.0007979401248432701,0.006184547002617598,0.0007610294650664567,0.9999805859178097
226,2,1771971742.893549,G:/S1/USA/2026-02-24_16-21-11snow/camera/right/1771971742893549056.jpg,7.438479056068,-1.007413886469,1.790560574777,0.02643061875317798,-0.021460929891418346,0.011168595063039799,0.035831363847366654,7.412048437314822,-0.9859529565775818,1.7793919797139601,4.645027563,3.236931589,0.364351088,0.8900007653051811,0.41881730875787127,0.8895915315876259,0.18226071659136028,0.32533790331814894,0.04039033408537296,-0.9447348144199107,-0.8477896617377243,0.4549676118583105,-0.27250167267483194,0.41486739374255294,0.8900327894921143,0.18901502384241048,0.3398759634545669,0.04111044031909461,-0.9395713177628401,-0.8440197717323281,0.45403916717135295,-0.2854453706039966,0.999969291398196,-0.007648263722544617,0.0017088951460772846,0.007670494229091447,0.9998807322783773,-0.013404653547838395,-0.0016061690046032897,0.01341734998002648,0.9999086933018647
227,2,1771971743.393536,G:/S1/USA/2026-02-24_16-21-11snow/camera/right/1771971743393536000.jpg,7.545402667171,-1.31187204557,1.79045438886,0.021874754089101778,-0.014271667476236427,0.004284060015397273,0.026467688399753865,7.523527913081899,-1.2976003780937635,1.7861703288446027,4.756507039,2.925284167,0.371129438,0.6036266220966892,0.4302861618847782,0.88634605954739,0.17101017985862982,0.3763033307115504,-0.003925330480099909,-0.9264882055784711,-0.8205178987602038,0.4630067542762594,-0.33522398975715273,0.42839994140040866,0.8852441166510077,0.1811528198591008,0.3821392389512545,0.0041729147658871,-0.9240953353610832,-0.8188058941299108,0.46510798823190935,-0.3364988365819166,0.9999461773739792,-0.010102501894550857,-0.0023625855830468503,0.010098163486856878,0.9999473173855382,-0.001841072420765523,0.002381060553480113,0.00181711555394387,0.9999955143107915
228,2,1771971743.893518,G:/S1/USA/2026-02-24_16-21-11snow/camera/right/1771971743893518080.jpg,7.570988504011,-1.66700396576,1.805789762028,0.022725065795961896,-0.004489899200641911,0.0028654828683447597,0.023340925481469228,7.548263438215038,-1.662514066559358,1.8029242791596551,4.781242564,2.560370479,0.387883388,0.30377326465309507,0.45014943672016694,0.8684979817043547,0.2075493685752357,0.37113206025269097,0.029435267848860858,-0.9281134407276188,-0.812173921320495,0.494817967319426,-0.30907717603336904,0.44951147066554714,0.8687340916989544,0.20794353959690653,0.3756545018492471,0.02736015783787388,-0.9263558263450826,-0.8104462554546672,0.4945224966400212,-0.3140451676692845,0.9999996909402951,-0.0005956551184476246,0.0005131415935894708,0.0005983374362269291,0.9999860761160655,-0.005243049332928604,-0.0005100113994940617,0.005243354744338666,0.99998612346342
229,2,1771971744.393548,G:/S1/USA/2026-02-24_16-21-11snow/camera/right/1771971744393548032.jpg,7.757012560886,-1.950877229094,1.774769545981,0.019273069047812896,-0.011841953100522495,0.00766349620656992,0.023883304165564057,7.737739491838187,-1.9390352759934775,1.76710604977443,4.970718618,2.28384927,0.352065159,0.8900017476477915,0.5104270753542597,0.8411343153056297,0.1787659485490078,0.3360709717793368,-0.003771988383040936,-0.9418291108427953,-0.7915304812024544,0.5408131245809108,-0.28460615174033577,0.5186189637980243,0.8337547502967078,0.189439665188519,0.3416997691688253,0.00098956529152422,-0.9398086446242688,-0.7837573847429031,0.5521340753098005,-0.2843805983936958,0.9998822533785517,-0.007271925508489365,-0.013512900429910886,0.007239387339190779,0.999970780981406,-0.0024552911008678905,0.01353036029020922,0.00235717687834793,0.9999056820858561
230,2,1771971744.893621,G:/S1/USA/2026-02-24_16-21-11snow/camera/right/1771971744893620992.jpg,7.870749690159,-2.279454155263,1.74050225762,0.024718176713903972,-0.008841326784554848,0.006792288767717203,0.02711627751139763,7.846031513445096,-2.2706128284784453,1.7337099688522828,5.07901064,1.952271717,0.318669078,0.3536561595000611,0.5760415368713908,0.7947623892058734,0.1911253319228457,0.3375898134618486,-0.01836397510418375,-0.941114170685559,-0.744452325972349,0.6066428184048211,-0.2788820991605858,0.5751780805765314,0.7962385660100856,0.18754818480193275,0.3393602540890993,-0.02364859686117143,-0.9403591663886092,-0.7443149827652802,0.6045203800242805,-0.2838138766276594,0.9999921396818725,0.003047901322522283,0.002535916402141092,-0.0030358708269141005,0.9999841841406916,-0.004734443663023888,-0.0025503064115459852,0.00472670773416566,0.99998557698159
231,2,1771971745.39367,G:/S1/USA/2026-02-24_16-21-11snow/camera/right/1771971745393670144.jpg,7.956792494134,-2.639763200392,1.743344585668,0.02819806100137967,-0.0021562245391921753,0.0013583607794127595,0.028312984521381535,7.92859443313262,-2.6376069758528082,1.7419862248885873,5.161573559,1.58527757,0.326945334,0.4091669976966462,0.5896277736983191,0.7794146150215298,0.2117827811093354,0.3063795321031408,0.026774435073318448,-0.9515328223108048,-0.7473089527041843,0.6259360890037782,-0.223009734520335,0.5847390109667758,0.7827093791187006,0.2131814177953012,0.3108231304131165,0.02656477907258764,-0.9500964656880981,-0.7493125320277163,0.6218201832945298,-0.2277507167799256,0.9999816441719597,-0.00274045010403666,0.005403818314074418,0.0027608556278453673,0.9999890736790369,-0.003772293565505904,-0.0053934214879269625,0.0037871434841383164,0.9999782840386509
232,2,1771971745.89364,G:/S1/USA/2026-02-24_16-21-11snow/camera/right/1771971745893639936.jpg,8.172296518694,-2.922734140988,1.724923825305,0.015347504621690433,0.002340633517203372,0.012388483090591818,0.019861998304816775,8.15694901407231,-2.9250747745052035,1.7125353422144083,5.38992814,1.297809771,0.297494451,0.6094625952997182,0.6167246377986267,0.7420000031778499,0.2628435207803752,0.34981056546556133,0.04079091932501755,-0.935931978932916,-0.7051831601937308,0.6691577513446966,-0.23440267574089746,0.615450680048393,0.7402884084126491,0.27054303317187384,0.3595022580504412,0.04180304235395227,-0.9322073975819907,-0.70141185254072,0.6709885081130829,-0.24040764358808286,0.9999680824919719,-0.007721681274366822,-0.0020517396584994758,0.007707082965461732,0.9999455870977875,-0.007030200269177187,0.002105912983163568,0.0070141629549320015,0.9999731829646978
233,2,1771971746.393712,G:/S1/USA/2026-02-24_16-21-11snow/camera/right/1771971746393712128.jpg,8.296469773216,-3.189978288191,1.743214256357,0.023851080855740392,0.0015879411107944108,0.003819801757762864,0.024207158041104807,8.27261869236026,-3.1915662293017943,1.739394454599237,5.505597819,1.031318316,0.324353563,0.4306280621956099,0.6923348049502867,0.6754247416383796,0.2539171838162526,0.3430048447299392,0.0015374611828089524,-0.9393323760548775,-0.6348387152231966,0.7374273215686002,-0.23060952074431307,0.6904608725631867,0.6770811894241481,0.2546072394635785,0.348376100441956,-0.002782221486753,-0.9373507091182334,-0.6339541593050235,0.7359030657441099,-0.2377999195295935,0.9999966341906726,-0.001288412774112438,0.002252021280902525,0.0013042660124829883,0.9999742814749315,-0.007052324358927699,-0.0022428770574453383,0.007055237856964706,0.9999725961851591
234,2,1771971746.893757,G:/S1/USA/2026-02-24_16-21-11snow/camera/right/1771971746893757184.jpg,8.326414114091,-3.512045923018,1.819251828373,0.020665538992816757,-0.008041729252886931,0.0043925825916923955,0.02260594375524292,8.305748575098182,-3.504004193765113,1.8148592457813075,5.538727701,0.718880352,0.399818355,0.13627928480070353,0.7612647248727992,0.616629099846305,0.2006104979483302,0.28298059402754805,-0.03755914076131206,-0.9583899490025382,-0.583436373624543,0.7863573387258539,-0.2030865179272987,0.7615096138239565,0.6169789957708436,0.19859513294965114,0.28216109871652995,-0.03971954641959241,-0.9585444548915311,-0.5835136865787888,0.7859766385903738,-0.20433428778696908,0.9999978779530826,0.001987662588893428,0.0005415595663814117,-0.0019870173721716557,0.9999973186013784,-0.0011893494085559568,-0.0005439221395688959,0.001188270796434358,0.9999991460802455
235,2,1771971747.393774,G:/S1/USA/2026-02-24_16-21-11snow/camera/right/1771971747393774080.jpg,8.460953018125,-3.801708479187,1.817209108546,0.01754547562212405,0.01464898805939674,-0.013329451074704068,0.026459607554229277,8.443407542502875,-3.8163574672463967,1.8305385596207042,5.676386669,0.406527078,0.415497668,1.1456851420491017,0.7716618956442173,0.6058299238939897,0.19366987924139326,0.322152158884556,-0.10973973684926852,-0.9403058952714662,-0.5484121673858021,0.7879893993391387,-0.2798513912639191,0.7676655823391185,0.6157852071796365,0.17747713179639196,0.31491759702230226,-0.1212849302700123,-0.941337810127213,-0.5581365968807641,0.778523310060868,-0.2870278643515802,0.999811358372426,0.012846224756332974,0.014567847438578693,-0.012776910197712852,0.9999066523876348,-0.004841185469854248,-0.01462867852143573,0.0046541401422511095,0.9998821634293981
236,2,1771971747.893806,G:/S1/USA/2026-02-24_16-21-11snow/camera/right/1771971747893806080.jpg,8.577521866753,-4.1120941956,1.849742526762,0.023113375275901404,-0.007099271795642181,0.011613702666877113,0.026823606511945396,8.5544084914771,-4.104994923804358,1.838128824095123,5.787387618,0.117889622,0.423087933,0.4619443969286401,0.7768298735184055,0.6022744341973995,0.18385008436653053,0.31576790168651037,-0.11996901692534512,-0.9412215824355413,-0.5448173821326523,0.7892229982015023,-0.2833744505701863,0.7773515966345348,0.6026135231560863,0.18050328783473193,0.31720230722679055,-0.12770217525240943,-0.9397206237631499,-0.5432376933716399,0.7877493866358842,-0.29041988973733934,0.9999942058883212,0.0032741403723668986,0.0009317696106728217,-0.0032672431030117493,0.9999679439330491,-0.007310008810942201,-0.0009556737367740411,0.007306922138100679,0.999972847419657
237,2,1771971748.393855,G:/S1/USA/2026-02-24_16-21-11snow/camera/right/1771971748393854976.jpg,8.60278927974,-4.456042489877,1.875923411006,0.01968878196744228,0.006874863091212102,0.0005809154173026521,0.020862630241809173,8.583100497772557,-4.462917352968212,1.8753424955886973,5.816079624,-0.240032807,0.460301604,1.2660348890803077,0.8036237924865683,0.5676261044467674,0.17885582378019507,0.32265861525755407,-0.16302322275592318,-0.932370552324745,-0.5000802117156632,0.8069845316936748,-0.3141587933793313,0.8111968410318338,0.5530993755862411,0.18984405659931525,0.32220342392685025,-0.15183012282769534,-0.9344156288354458,-0.4880006544153278,0.8191634113705503,-0.30137462859699155,0.9998054409119282,-0.005433401190797816,-0.01896202717022823,0.005621919281441313,0.9999351624884573,0.009902769449781043,0.018906992000252067,-0.010007445762151138,0.9997711621580309
238,2,1771971748.893825,G:/S1/USA/2026-02-24_16-21-11snow/camera/right/1771971748893825024.jpg,8.732911456609,-4.75050095816,1.864481766097,0.013197864297679551,-0.007930254005907855,0.02150231006457226,0.0264465855779378,8.719713592311319,-4.742570704154092,1.8429794560324275,5.952692718,-0.519686159,0.427938565,0.3335488943871019,0.8937875515577238,0.3828831491139688,0.2335472260700596,0.3512174287621187,-0.2737042167533945,-0.8953950633464186,-0.27890882096874475,0.8823188175801201,-0.3791086568911921,0.8958985115180347,0.38066705542384194,0.22903809721247634,0.346966995373415,-0.2775665210069335,-0.895863120425019,-0.2774522682936918,0.8820710965285333,-0.3807503374754067,0.9999851502668743,0.005385411836261427,-0.000834616733014383,-0.005387109099329489,0.9999833986722163,-0.0020448558666509922,0.0008235904862806383,0.0020493216724840314,0.9999975609867225
239,2,1771971749.393857,G:/S1/USA/2026-02-24_16-21-11snow/camera/right/1771971749393857024.jpg,8.863628914647,-5.080505284241,1.905382514851,0.020890909251385814,-0.02218168489808736,0.017731495019623567,0.03525426427963871,8.842738005395613,-5.058323599342913,1.8876510198313765,6.075717132,-0.835439054,0.472610129,0.6070659614797291,0.8268210454836871,0.5280277312576136,0.19378770283018482,0.35525937019395193,-0.22314452822964048,-0.9077429699042389,-0.43607079543883615,0.819385888665474,-0.3720873913763165,0.8255155253069193,0.5332477875331552,0.18485376536126008,0.3490767851511214,-0.22506052331941936,-0.9096665097230671,-0.44347436853306255,0.815471984763538,-0.37193537949490274,0.9999456156954246,0.006481093660268506,0.008170745159694272,-0.006496348332054779,0.9999772022997848,0.0018418303515744202,-0.00815862181048072,-0.001894810191601426,0.9999649226770363
240,2,1771971749.893971,G:/S1/USA/2026-02-24_16-21-11snow/camera/right/1771971749893970944.jpg,8.871948027204,-5.464102682511,1.92145277371,0.024071949054503605,-0.006764043191951563,0.002863937111531323,0.02516770047827194,8.847876078149497,-5.457338639319048,1.9185888365984687,6.080855204,-1.234454094,0.503547945,0.3649169623475716,0.8023813379373986,0.5341367430266494,0.2662369776696565,0.4090528635199595,-0.16736035829441098,-0.897031919899001,-0.4345801921117798,0.8286666701517863,-0.3527769924522277,0.7988287279754542,0.5374162969311819,0.2702894506892448,0.4139480661840846,-0.16506341525519588,-0.8952100688926301,-0.4364855803615678,0.8270053160270898,-0.35431983489406677,0.9999801004755356,-0.005637270247511436,0.0028319316895680457,0.005639745042700121,0.9999837209512311,-0.0008666650930903222,-0.002826999963070101,0.0008826192195746984,0.9999956145176448
241,2,1771971750.393961,G:/S1/USA/2026-02-24_16-21-11snow/camera/right/1771971750393960960.jpg,9.000778367468,-5.806919428566,1.880953993512,0.01785418670196215,-0.011266479734839852,0.011857359168173653,0.024213684454191413,8.982924180766037,-5.79565294883116,1.8690966343438264,6.215903307,-1.572768403,0.454055743,0.48321257725334776,0.7526150997349463,0.5723590568110571,0.32553897114986685,0.4872922530437179,-0.1516334583062513,-0.8599729963467827,-0.44285073306310996,0.8058612811200471,-0.39302776468975154,0.749517150009865,0.5779385825747887,0.3228173424903523,0.4894463947424145,-0.1554678626176595,-0.8580629174872604,-0.4457199440396872,0.8011346568864316,-0.399395784931085,0.999975932168596,-1.5122535348655065e-05,0.006937928715112584,4.838864104179797e-05,0.9999885043079345,-0.004794675225652435,-0.006937776451174877,0.004794895545159711,0.9999644374849661
242,2,1771971750.893999,G:/S1/USA/2026-02-24_16-21-11snow/camera/right/1771971750893999104.jpg,9.157706977932,-6.168454101036,1.851657507871,0.015017059749315997,-0.0016439776758849778,0.00017742370349349557,0.015107820004351924,9.142689918182683,-6.166810123360115,1.8514800841675065,6.375669044,-1.943925578,0.436439193,0.43742123526554905,0.7264182462462241,0.5646903009185007,0.39171596287250443,0.5654000957748482,-0.16702373662588377,-0.8077287930371928,-0.3906907513857383,0.8082251762053079,-0.4406050400637138,0.7261738791653664,0.5608026403257186,0.3977083049442474,0.5675047946058752,-0.16240928059564397,-0.8071936159780679,-0.38808479140165647,0.8118642892627486,-0.43619556451507474,0.9999744591081702,-0.004329020801056648,-0.005686889327789337,0.004344267595024581,0.9999869953119456,0.0026714314608205746,0.005675250689205065,-0.00269606859910191,0.9999802611770514
243,2,1771971751.394074,G:/S1/USA/2026-02-24_16-21-11snow/camera/right/1771971751394073856.jpg,9.233428138742,-6.562352968427,1.822719437466,0.018832137822516692,0.013828898965186909,-0.004103438870835863,0.023721847991299033,9.214596000919482,-6.576181867392187,1.826822876336836,6.447575127,-2.353297322,0.411781985,1.7266588235525038,0.6849158773464531,0.6194588143126579,0.3836157169995705,0.6031150847838221,-0.1865811906721777,-0.7755254049955783,-0.4088305706095638,0.7625340888496125,-0.5013973752198451,0.6966189426526349,0.5973687406246974,0.3973318971112035,0.5989176425502983,-0.17929906292301906,-0.780480303067874,-0.39499329890457385,0.7816664466122301,-0.4826778015002262,0.9995934666550226,0.0005426413390375685,-0.028506261785292582,-0.0002646933854815736,0.9999524005396173,0.009753286239454295,0.02851019743891894,-0.009741775784435486,0.9995460301789808
244,2,1771971751.8940542,G:/S1/USA/2026-02-24_16-21-11snow/camera/right/1771971751894054144.jpg,9.400130810773,-6.897884329963,1.779252336268,0.014470113853427335,-0.0016832346336213,0.0015817854567241607,0.014653310854345375,9.385660696919572,-6.8962010953293795,1.7776705508112758,6.618639823,-2.67331655,0.36262966,0.648909673020397,0.697280186415937,0.5772524661247911,0.42494697549765326,0.5937163744791214,-0.13294318059738708,-0.7936163918468533,-0.4016232168427566,0.8056709632880519,-0.4354228870964165,0.6913550257623265,0.5840662677255074,0.42531732066583955,0.5997561242971138,-0.13566981138752487,-0.7885976753999333,-0.40289058033326836,0.8002876340312084,-0.44409332701072307,0.9999591637117157,-0.004717625354340519,0.007708107418962113,0.004770131906175663,0.9999654496959479,-0.006807735010884796,-0.00767572475821411,0.00684422569739092,0.9999471185137939
245,2,1771971752.394093,G:/S1/USA/2026-02-24_16-21-11snow/camera/right/1771971752394093056.jpg,9.533695613178,-7.253063551378,1.752203780628,0.015546574268441304,0.0019207694239558037,-0.001270026773878552,0.015716179391650285,9.51814903890956,-7.254984320801956,1.7534738074018785,6.751128165,-3.032099775,0.338432916,0.32438858106527196,0.7174187619398384,0.5547618726354349,0.4213663307464598,0.5874111915672182,-0.1565624244687298,-0.7940001884546715,-0.37451089708884333,0.8171459306112334,-0.43819415336949774,0.7180189787902691,0.5530995709683498,0.42252764488445804,0.5895840335553321,-0.16068657020223887,-0.7915620591799901,-0.3699181172551629,0.8174721345411526,-0.44147468305116566,0.9999977639211867,-0.0003092555699181589,-0.002092011859305592,0.00029826438521866135,0.9999861628526516,-0.005252155898909834,0.0020936071702950423,0.005251520182044188,0.9999840190447015
246,2,1771971752.8940773,G:/S1/USA/2026-02-24_16-21-11snow/camera/right/1771971752894077184.jpg,9.546186153148,-7.667779416705,1.730874665081,0.019452075627299337,0.003498866814674262,-0.005514623567671517,0.02051917123789652,9.5267340775207,-7.6712782835196744,1.7363892886486716,6.759713204,-3.448393738,0.321348397,0.6649412334391243,0.7038814224357668,0.5715530984698088,0.42175585209853655,0.5938280573983458,-0.1476825607399983,-0.7909223093956727,-0.3897681123390017,0.8071659785216657,-0.44335527708695843,0.7054641198717768,0.5634674495242934,0.4299125595980271,0.5966719642063286,-0.1448100350213103,-0.7893114853385124,-0.3824956767124318,0.8133477036813437,-0.4383635137789003,0.9999327927363619,-0.004317362447168743,-0.010759665048680957,0.004322948617036259,0.9999905330179603,0.0004959734981371632,0.010757421889769568,-0.0005424536442576398,0.9999419901265922
247,2,1771971753.394166,G:/S1/USA/2026-02-24_16-21-11snow/camera/right/1771971753394166016.jpg,9.687765295798,-8.041080872957,1.68877590562,0.018992135135004418,0.03897792327876548,-0.013683305612234964,0.04546660920488153,9.668773160662996,-8.080058796235765,1.702459211232235,6.901752287,-3.857174251,0.28741832,0.8806581059739703,0.6990144951561343,0.5686568956444508,0.43359897439642414,0.6115464855971228,-0.16107652084743918,-0.7746387870391546,-0.3706610736446746,0.8066496696011848,-0.46035494894361295,0.6957031128483824,0.5796198600698059,0.42430884575475164,0.6075157956441595,-0.1595697538998354,-0.778114420688365,-0.3833037135430793,0.7991109506526641,-0.4631413949660303,0.9998912708340209,0.0034055536018383673,0.01434742884951826,-0.0034677084733927745,0.9999847015813027,0.004309478077073732,-0.01433253319795718,-0.004358762211709497,0.9998877835457893
248,2,1771971753.894134,G:/S1/USA/2026-02-24_16-21-11snow/camera/right/1771971753894134016.jpg,9.776182525048,-8.382167468085,1.693933665505,0.020915566283777665,0.008017334730335612,-0.0009642596651788793,0.02242026685504063,9.755266958764222,-8.390184802815334,1.6948979251701788,6.988246085,-4.167300257,0.279857034,0.4038267683062912,0.7341888737406704,0.519703504192244,0.4368923956830884,0.5887470251476608,-0.1668420229704366,-0.7909112970181373,-0.3381473614493919,0.8378973726545722,-0.42846744898927835,0.7326256730389503,0.522874179434953,0.43573181624073426,0.5911665187170136,-0.17156614309291496,-0.7880908613175438,-0.3373155352963026,0.8349656585898882,-0.4347994694377201,0.9999930781387145,-0.0005314162424776512,0.0036825631611240865,0.0005534503869310755,0.9999819369411976,-0.0059849380949214045,-0.0036793161494553255,0.005986934784016368,0.9999753093174675
249,2,1771971754.3942451,G:/S1/USA/2026-02-24_16-21-11snow/camera/right/1771971754394245120.jpg,9.732034322881,-8.731166520648,1.712898483761,0.021297578799087447,0.008366470284776106,-0.0008604079383249807,0.02289814380140262,9.710736744081913,-8.739532990932776,1.713758891699325,6.94371587,-4.516648445,0.298718,0.2219463854997137,0.7568957402359406,0.5008156670557646,0.4198720115037165,0.571482731022106,-0.19552795515606602,-0.7969794896332039,-0.3170430988938298,0.8431799845726751,-0.43420178150235644,0.7570261615817293,0.5030547397383749,0.41695002039523754,0.5703773939202272,-0.19752326166885514,-0.7972792419249775,-0.3187177735640154,0.8413801102512779,-0.4364613280554695,0.9999932157558781,0.0019654992261469812,0.0031153258271854343,-0.0019617633038194215,0.999997353565187,-0.0012018100354718208,-0.003117679739373311,0.0011956903502119709,0.9999944251832749
250,2,1771971754.894258,G:/S1/USA/2026-02-24_16-21-11snow/camera/right/1771971754894257920.jpg,9.786219923565,-9.053732512604,1.677620393044,0.014456205982815717,0.016630533096797073,0.0005513554505285345,0.02204224388155814,9.771763717582184,-9.070363045700798,1.6770690375934714,7.004742844,-4.8474785,0.262028146,0.4457934158684532,0.7992356920306686,0.44199847517540797,0.4072587095776744,0.5479188255051115,-0.257367422075401,-0.7959566387130405,-0.2469964964151465,0.8593016687967484,-0.4478765150817421,0.800251603445717,0.4410120625104063,0.40633204636464126,0.5485365800716915,-0.2645714947721886,-0.7931642607160656,-0.24229112964739818,0.8576189625202602,-0.4536350114572952,0.9999985681046707,0.0015480912103094395,-0.0006835219188355918,-0.0015532373888062021,0.9999699611704986,-0.007593695430148352,0.0006717456534880325,0.007594746228571848,0.9999709338713305
251,2,1771971755.3942811,G:/S1/USA/2026-02-24_16-21-11snow/camera/right/1771971755394281216.jpg,9.880694211737,-9.350742647329,1.654261221419,0.009990795151017196,0.018833887371229707,-0.00179324221413113,0.021395023227383896,9.870703416585982,-9.36957653470023,1.6560544636331311,7.103682543,-5.146691989,0.241013572,0.5305985613516538,0.8256855021585637,0.34537155153140664,0.44605150253972853,0.5497492538908659,-0.3152166774993572,-0.7735723651169956,-0.12656701533810727,0.8839439674657298,-0.45013759341933235,0.8248136846963662,0.33918244080179,0.4523689394613026,0.5528780037432254,-0.3163563618365336,-0.7708725999167816,-0.11835665809116697,0.8859311057736332,-0.4484615672587766,0.9999605124167155,-0.0034153646994062397,-0.00820419961176787,0.0033939831692471997,0.9999908116559184,-0.0026186794352365318,0.008213067974060956,0.0025907311145148024,0.999962916125766
252,2,1771971755.894258,G:/S1/USA/2026-02-24_16-21-11snow/camera/right/1771971755894257920.jpg,9.96216590241,-9.630261075075,1.601718908984,0.01368460908827096,0.028807101688736125,-0.002898269740168935,0.032023703737868156,9.948481293321729,-9.659068176763736,1.604617178724169,7.181460419,-5.436183631,0.189576287,0.2624058262699128,0.856627445939449,0.3092004831132264,0.4130187406229939,0.5081042159882374,-0.36663666116505156,-0.7793636278302459,-0.08955179818538,0.8774808373590223,-0.4711770956970154,0.85641532844171,0.31016847805827596,0.41273272275055994,0.508707952384194,-0.37047284961450744,-0.7771525505842383,-0.08814195590726612,0.8755257751303038,-0.475063798548492,0.999999468092865,-0.0002397683028794284,0.0010031575887412836,0.000244242184569886,0.9999900151489785,-0.004462056487919119,-0.001002077712650772,0.0044622991279202615,0.9999895418086886
253,2,1771971756.3943331,G:/S1/USA/2026-02-24_16-21-11snow/camera/right/1771971756394333184.jpg,10.146767483857,-9.922976887231,1.525930542764,0.009921686216525671,0.02985860874727919,-0.005845414833670626,0.032002269423901636,10.136845797640474,-9.95283549597828,1.5317759575976706,7.369824924,-5.72995095,0.116735066,0.23686414382104837,0.8894204434855955,0.21538975065179974,0.40316067519543886,0.4569416755455422,-0.39650789191143776,-0.7962322505409963,-0.011643876481611193,0.8924061558315827,-0.4510827786275795,0.8887153036508992,0.21412911727202022,0.4053810925450211,0.458384254826267,-0.3989982245953786,-0.7941563395812589,-0.00830565976051553,0.8915992025041527,-0.452749244184793,0.9999964916640443,-0.0015903245970686204,-0.002118378454987014,0.0015835930319646337,0.9999937039009147,-0.003175593116078858,0.0021234153413089937,0.0031722273256710037,0.9999927140139984
254,2,1771971756.894323,G:/S1/USA/2026-02-24_16-21-11snow/camera/right/1771971756894323200.jpg,10.265648457636,-10.228061962781,1.506225228918,0.008848133681442327,0.021759789024993204,0.0032983170496105885,0.023720387505617203,10.256800323954558,-10.249821751805992,1.5029269118683894,7.48977945,-6.026937206,0.087886021,0.25169189570043327,0.8735930070509792,0.11665266018551707,0.4724694856848113,0.47845357873254696,-0.38338064515175674,-0.7900009202026547,0.08897994734571557,0.9161939957207016,-0.3907315333776997,0.8746257162771517,0.11249047613926941,0.4715673326309192,0.47603187782880885,-0.38342223301342776,-0.7914423810497988,0.091779669412444,0.9166969422927935,-0.3888999977803874,0.9999903979277435,0.0028025059726815545,-0.0033689779735996167,-0.0028014785744549303,0.9999960279129044,0.0003096388390488197,0.003369832356421638,-0.00030019774626355793,0.999994277039225
255,2,1771971757.39439,G:/S1/USA/2026-02-24_16-21-11snow/camera/right/1771971757394390016.jpg,10.212591788536,-10.50745414121,1.527365135429,0.013553417789966993,0.016479212417285005,-0.001810792438880826,0.02141351313867255,10.199038370746035,-10.523933353627285,1.529175927867881,7.432017497,-6.301048808,0.114135037,0.31396349396273504,0.8745387064715366,0.08284710073517637,0.47782675603493274,0.4701714071200889,-0.38628009067885505,-0.793553110681227,0.11883138815063662,0.9186533891761961,-0.37676922876647145,0.8738148294968003,0.0782733080702602,0.47991763146941846,0.47012095181966385,-0.3881466583286304,-0.7926717241635979,0.12423338686380436,0.9182676411983903,-0.3759662281592493,0.9999870923313511,-0.00023280191552656887,-0.005075526963670786,0.0002223852292532814,0.9999978682686395,-0.002052803689474118,0.005075994040641827,0.002051648470336941,0.999985012399213
256,2,1771971757.894434,G:/S1/USA/2026-02-24_16-21-11snow/camera/right/1771971757894434048.jpg,10.165630682463,-10.753278428127,1.5538123033,0.02035385616800056,0.019358214132329188,-0.004435602284597717,0.02843755409538402,10.145276826295,-10.772636642259329,1.5582479055845977,7.378255952,-6.549752097,0.143207014,0.5028976512727694,0.87638926600596,-0.036566128175252316,0.48021325752191135,0.41579547860436716,-0.4456895613953995,-0.7927641104612023,0.24301435019706094,0.8944404581264463,-0.37539351681249467,0.8727552607079136,-0.04156102671476622,0.48638558363203577,0.4196708334081942,-0.44505963430652845,-0.7910741517060274,0.24934844393565647,0.894535970752073,-0.37098618645107684,0.9999618736922319,-0.004178027451030735,-0.007667805979488491,0.0041848259562661805,0.9999908644282063,0.0008707995430178578,0.007664097705301426,-0.0009028547761371849,0.9999702227864671
257,2,1771971758.39446,G:/S1/USA/2026-02-24_16-21-11snow/camera/right/1771971758394459904.jpg,9.949446700909,-10.935789751683,1.593203063484,0.013629791161843485,0.005869168814906622,0.00620111309946747,0.01608328801476011,9.935816909747157,-10.941658920497908,1.5870019503845325,7.168796036,-6.718774375,0.171961059,0.10801394891622246,0.8882871203993185,-0.0757351332003203,0.4530013038963756,0.38501379935565005,-0.4149836163241347,-0.8243500303198094,0.2504203786404251,0.9066712677600813,-0.3394655301792997,0.8887746571392885,-0.07704950755396883,0.4518218478699666,0.38361000471715834,-0.4144502944206087,-0.8252722688516637,0.2508445197883383,0.9068044589879131,-0.33879595636872095,0.9999983218057337,0.0017054368061931624,-0.0006692316611813608,-0.0017051391598936188,0.9999984472022253,0.00044507705365738864,0.0006699896727887501,-0.00044393517361907594,0.9999996770176479
258,2,1771971758.894445,G:/S1/USA/2026-02-24_16-21-11snow/camera/right/1771971758894445056.jpg,9.626070561137,-11.013384280078,1.634898271861,0.01717771999483464,0.0060878816960094895,0.0005120809393936998,0.018231801739105203,9.608892841142165,-11.01947216177401,1.6343861909216062,6.841871967,-6.796587616,0.2193453,0.284170162692383,0.9056669714249405,-0.04190840660540873,0.42191352470117843,0.3655943609364075,-0.42677651712495224,-0.827165381095096,0.2147279677207325,0.9033855709975068,-0.3711959186090721,0.9056126837875835,-0.0421919070776525,0.422001789024882,0.36450004495708865,-0.4312422442089261,-0.8253301424496317,0.2168072512378924,0.9012491163861408,-0.3751594941139964,0.999999954444872,2.8134897107812514e-05,-0.00030053066675560323,-2.962232677199469e-05,0.9999877458266316,-0.004950486752828376,0.00030038770256523705,0.004950495429725778,0.9999877011054829
259,2,1771971759.394524,G:/S1/USA/2026-02-24_16-21-11snow/camera/right/1771971759394524160.jpg,9.372183420861,-11.148990521785,1.665695767805,0.02319526964642371,0.014188779616817193,-0.007735667271729918,0.028269816927667318,9.348988151214577,-11.163179301401819,1.6734314350767299,6.581967277,-6.940294756,0.258390544,0.4126609422482198,0.9020322429750227,-0.13604591975170022,0.4096697942884777,0.31283788473299,-0.4479027278639034,-0.837565283573682,0.2974395577411285,0.8836711232641858,-0.3614623844880318,0.9020157462428331,-0.12920719703004407,0.41191393975638296,0.3172245767596606,-0.44878989045880674,-0.8354377308463071,0.2928073793975144,0.8842472134293734,-0.3638278495562819,0.9999740977052569,-0.004947861700144484,0.005227100836444611,0.004949226587412792,0.9999877216974928,-0.00024821451235784703,-0.005225808525439917,0.00027407818946708896,0.9999863078094627
260,2,1771971759.89451,G:/S1/USA/2026-02-24_16-21-11snow/camera/right/1771971759894510080.jpg,9.120831692679,-11.210436377594,1.73659741095,0.014204434510165065,0.001582305344688173,0.008495513309080716,0.016626587032285506,9.106627258168835,-11.212018682938687,1.7281018976409193,6.339606384,-6.989134137,0.313061006,0.192558967492065,0.9071167190157413,-0.21644988642480617,0.3609552669636573,0.23949184530483308,-0.4397800957146365,-0.8655848447412369,0.3460966831892536,0.8716323273490456,-0.3470938947971913,0.9064106012197537,-0.21785677313758242,0.36188153917342136,0.2388292334494905,-0.4423127365362125,-0.8644767436708611,0.3483969277223514,0.8699987755715102,-0.34888638732071453,0.9999983320436144,-0.00035215586763591455,-0.0017921763958352222,0.0003470984436659375,0.9999959593940079,-0.0028214744953711413,0.001793162753155536,0.002820847727636891,0.9999944136771156
261,2,1771971760.39454,G:/S1/USA/2026-02-24_16-21-11snow/camera/right/1771971760394540032.jpg,8.797712042873,-11.181447877154,1.761709133901,0.01587315956932933,0.002517400703177408,0.0026166016906912226,0.0162831540378846,8.78183888330367,-11.183965277857176,1.7590925322103088,6.014818009,-6.961080732,0.344051641,0.42781540522849637,0.9157605470948369,-0.1905069438317514,0.35368025777027906,0.23189715506512773,-0.46822065852213424,-0.852638917951673,0.32803403765046274,0.8628305275574025,-0.3845999881145994,0.9153800960764289,-0.19164916866832393,0.3540478440209014,0.22934623540657484,-0.4745310757224857,-0.8498356090906597,0.33087699226742884,0.8591221416785862,-0.39042228633322024,0.9999992077298971,0.00013316941336527453,-0.001251721009646264,-0.00014237828639623715,0.9999729064515418,-0.007359761632030778,0.0012507070009433218,0.007359934019004211,0.9999721331633369
262,2,1771971760.894634,G:/S1/USA/2026-02-24_16-21-11snow/camera/right/1771971760894633984.jpg,8.493991581483,-11.313007590589,1.735726532396,0.01760644640136988,0.014079968296609735,-0.0016471991258684149,0.022604108632682408,8.47638513508163,-11.32708755888561,1.7373737315218685,5.709364261,-7.104203013,0.32233284,0.6321198993749466,0.9132182542364573,-0.20949369526982067,0.3494922199012629,0.21884577442267403,-0.4713358911052934,-0.8543705313113972,0.34371346663559355,0.85671166059426,-0.3845857296561692,0.9168478012882464,-0.20790416296172573,0.34083129007779206,0.21014653737641562,-0.4745521161316419,-0.854774076527642,0.3394532988521552,0.8553222481019448,-0.3914017243194318,0.9999546440349164,0.007444750623405242,0.005940165078384155,-0.007411559116440164,0.9999569081613255,-0.005590224673983425,-0.005981526934375534,0.005545945239308298,0.9999667313600665
263,2,1771971761.394642,G:/S1/USA/2026-02-24_16-21-11snow/camera/right/1771971761394642176.jpg,8.191712631124,-11.408644112974,1.753247245484,0.017791226638832924,0.005677161088372351,0.0008066918535307721,0.018692475894974435,8.173921404485167,-11.414321274062374,1.7524405536304692,5.406900531,-7.191436729,0.337399662,0.38850066664506716,0.898734467214629,-0.2821035821906063,0.33569916049294013,0.1744680093504693,-0.4723121940415804,-0.8639919589168145,0.4022900336246493,0.835068117146654,-0.3752651976555008,0.8978893623072628,-0.2789921471501561,0.34052617356673487,0.17825753263084287,-0.47685988764152604,-0.8607141799801343,0.4025157700212756,0.83352746168741,-0.37843496864999504,0.9999831523572348,-0.005787512962798303,0.00044687290402847454,0.0057890434789589496,0.9999771070807361,-0.0035031828445279013,-0.00042658795767987277,0.0035057107908257703,0.9999937639878395
264,2,1771971761.894634,G:/S1/USA/2026-02-24_16-21-11snow/camera/right/1771971761894633984.jpg,7.797927813579,-11.361328936908,1.790849504607,0.013793333416152187,0.0064827297943592654,-0.0025147189033618567,0.01544686516671714,7.784134480162848,-11.367811666702359,1.793364223510362,5.017113606,-7.144927121,0.378323332,0.4726605337248732,0.9010375267376652,-0.3044182467936669,0.3089674844211624,0.14526499029294065,-0.45940020349274113,-0.8762702412075966,0.40869237576160256,0.8344345295167847,-0.3697155094724036,0.8986365071376126,-0.3048824439337486,0.3154348164367661,0.1486307790694975,-0.4649128585245329,-0.8727914558998283,0.41274849430701244,0.8312055879020138,-0.3724727521413639,0.9999760966212476,-0.005802662413563248,-0.0037596934778588585,0.005785686320088935,0.9999730900765971,-0.0045105383788453385,0.003785765436311199,0.004488678154615601,0.9999827597256291
265,2,1771971762.3947031,G:/S1/USA/2026-02-24_16-21-11snow/camera/right/1771971762394703104.jpg,7.433184541833,-11.351832656903,1.842504199639,0.014461058116680192,0.009549601104768435,-0.008234709884845648,0.019186649785769564,7.418723483716319,-11.361382258007769,1.8507389095238456,4.65170261,-7.138497712,0.435698018,0.4592581644812128,0.8734760241308346,-0.3840825496575975,0.2991993153687168,0.10257427789260615,-0.4555709258211371,-0.884270122225829,0.4759392322381084,0.8030789043394125,-0.358533290813571,0.8748553994641055,-0.37868708112401506,0.30203331706663517,0.10441674868197887,-0.461443758892204,-0.8810032916931231,0.472995954129827,0.8022878236451102,-0.364155290237019,0.999980477338685,-0.0048225531941363375,0.003973401840506387,0.004842440218138527,0.9999757214756902,-0.005010711716586886,-0.00394914094837943,0.005029854855034254,0.9999795522138978
266,2,1771971762.8947902,G:/S1/USA/2026-02-24_16-21-11snow/camera/right/1771971762894790144.jpg,7.125514446345,-11.221289935307,1.879854215718,0.009381335247437228,0.002470003749047933,-0.00314372893989856,0.010197715488906066,7.116133111097563,-11.223759939056048,1.8829979446578986,4.349112237,-7.000875394,0.467957053,1.0988690563337087,0.8596176299569922,-0.413876522194664,0.2996059990106563,0.09743419074465678,-0.4428379513423544,-0.8912918306171331,0.501561669928093,0.7953620390909768,-0.3403455861796745,0.8506205033029689,-0.42099323699207125,0.314975322473907,0.10724438013484996,-0.4475445850977591,-0.8878076859766232,0.5147265315583565,0.7889667538981681,-0.33554144148419557,0.9998160939893729,-0.011423628798297883,-0.015403860065326475,0.011424847598675585,0.9999347342594724,-8.876098106125076e-06,0.015402956118242104,-0.00016711228793938595,0.9998813534696519
267,2,1771971763.394737,G:/S1/USA/2026-02-24_16-21-11snow/camera/right/1771971763394736896.jpg,6.803131586901,-11.189182542124,1.897756326876,0.004512329556265904,0.00353858339665436,0.00011892028324855808,0.00573557604022444,6.798619257344734,-11.192721125520654,1.8976374065927515,4.031598384,-6.96983658,0.482596515,0.277896442719973,0.8694389563555595,-0.4035847595579528,0.28494778999652737,0.0910055378211791,-0.4360674345968243,-0.8953006112865236,0.48558613371598003,0.8043410559810398,-0.3424055671365065,0.8681118793893832,-0.40756382636351185,0.28332577062979336,0.08745399604534734,-0.43628159990592985,-0.8955502019201507,0.48860368750013905,0.8022157397006464,-0.3430981543783225,0.9999898874736285,0.0030665650315081444,-0.0032895485081786734,-0.003072535219707111,0.9999936391943756,-0.0018113801680782029,0.0032839728689177893,0.0018214691040969579,0.9999929488613905
268,2,1771971763.8947551,G:/S1/USA/2026-02-24_16-21-11snow/camera/right/1771971763894755072.jpg,6.470429608862,-11.266651422749,1.90760969206,0.0028877789395247433,0.007388941516224712,-0.003961864496710099,0.008867473948314919,6.467541829922475,-11.274040364265225,1.9115715565567102,3.700520956,-7.051155819,0.496530665,0.5829098558262489,0.8659022462781036,-0.39768918123841956,0.3034083304994275,0.09463117373724048,-0.46536717100270364,-0.8800445085960441,0.4911804565001,0.790744403254842,-0.36532868471213376,0.8701117194425331,-0.3898238202901858,0.3015675460375713,0.09386507016119847,-0.4696079135016003,-0.8778711501013725,0.48383359152955785,0.7921526347308567,-0.3720205088386533,0.9999585139726981,-0.0016419611298638275,0.008959592466212848,0.0016825416772977544,0.9999883528506112,-0.004523628701120405,-0.00895206049000793,0.004538515921472715,0.9999496299745372
269,2,1771971764.3948572,G:/S1/USA/2026-02-24_16-21-11snow/camera/right/1771971764394857216.jpg,6.117825713018,-11.295076869873,1.860651730641,0.006770952516391926,0.009366098730832384,-0.005888926490399626,0.012971085483654195,6.111054760501608,-11.304442968603833,1.8665406571313996,3.344033887,-7.081558423,0.451499766,1.1167595281357603,0.8620216614084522,-0.4147929984181148,0.29131670691177625,0.0711441771846994,-0.470032132555108,-0.879777415269572,0.5018537250188784,0.7791126765937048,-0.3756677732460809,0.8709105328431813,-0.39785641971207897,0.28848763071697253,0.07414505417901407,-0.47392901662697495,-0.8774359225264142,0.48581617379786496,0.785558117832713,-0.383250686605423,0.9998130682971177,-0.0048393874207960244,0.018719209163177722,0.004885337156173491,0.9999851632217643,-0.002409733846581317,-0.0187072697947579,0.0025007330389889395,0.9998218763315262
270,2,1771971764.894881,G:/S1/USA/2026-02-24_16-21-11snow/camera/right/1771971764894881024.jpg,5.865424037231,-11.418598549847,1.790406534995,-0.010397398927247004,0.008635990566278728,0.0014385206405420625,0.013592482449738085,5.875821436158247,-11.427234540413277,1.788968014354458,3.108800562,-7.204349995,0.373927123,0.39819224473104525,0.8238714214304679,-0.4569063144444689,0.33536920068919956,0.06975973572741773,-0.5054678408848108,-0.8600208375978395,0.5624672970239082,0.7319418567427476,-0.384566844809324,0.82489710193207,-0.45683492048223473,0.3329363702752556,0.06439683432901502,-0.5091950396887873,-0.8582385794665349,0.56160290148153,0.7293985652469607,-0.39061478986746295,0.9999965121092937,0.0021277486991236323,0.001564753884870506,-0.002117646044449066,0.9999770854168106,-0.006429946852988919,-0.0015783993402397971,0.006426610831162135,0.9999781034246442
271,2,1771971765.394916,G:/S1/USA/2026-02-24_16-21-11snow/camera/right/1771971765394916096.jpg,5.595249237254,-11.660040663957,1.719014858772,-0.028101331571808164,0.011111780743421562,-0.0017586848582777925,0.030269613143040202,5.623350568825808,-11.671152444700422,1.7207735436302778,2.856329695,-7.448267899,0.305732652,0.45122351331959154,0.7766955420381556,-0.4752436028599726,0.41338547739214115,0.08010804481093362,-0.5764366884869032,-0.813205659918094,0.6247613433420999,0.6647287131656988,-0.40964497038099856,0.7717672092443887,-0.4790867874423164,0.41815215512218756,0.08200916901165273,-0.5770931099473139,-0.8125503299176956,0.6305948548260979,0.6613920112531889,-0.40609202961559643,0.9999691101257797,-0.002055735819475318,-0.0075863525160911405,0.0020594586964636837,0.9999977626901155,0.00048295407822538874,0.007585342717072258,-0.0004985629394983492,0.9999711065880156
272,2,1771971765.894937,G:/S1/USA/2026-02-24_16-21-11snow/camera/right/1771971765894937088.jpg,5.255480528093,-11.739068514808,1.672425549304,-0.021266191142715662,0.00625646474803343,0.0021521456237765246,0.022271640434594026,5.276746719235716,-11.745324979556035,1.6702734036802234,2.509725845,-7.522440434,0.255232512,0.47757210328592503,0.7998388950914082,-0.4650801219481273,0.37941826796778044,0.06540470237422744,-0.5608387168984186,-0.8253376027633024,0.5966405675164019,0.6849528551633688,-0.4181621926923276,0.795196269379648,-0.4691663406211698,0.38411695874151525,0.06508908081644546,-0.5637798729726445,-0.8233563422901528,0.6028484923454323,0.6797317115296956,-0.4177780458781314,0.9999698355742348,-0.0018899460946773645,-0.00753366082308137,0.0018671532447416088,0.9999936622954587,-0.0030313540996244263,0.007539342172807122,0.003017196161318184,0.9999670268798496
273,2,1771971766.394962,G:/S1/USA/2026-02-24_16-21-11snow/camera/right/1771971766394962176.jpg,4.900057383698,-11.770122115437,1.695545628805,-0.0039551098237584625,0.006855893885528097,-0.005292286745168795,0.009521264290035308,4.904012493521758,-11.776978009322526,1.7008379155501687,2.13699162,-7.554093464,0.285797024,0.6098846099533725,0.7266018284109583,-0.5560955860196789,0.4034940918517673,0.007102859093701563,-0.5811661749249852,-0.8137539102921456,0.6870220755860379,0.5941410407744041,-0.4183265367209701,0.7300802071977024,-0.5482491399793059,0.4079286353887307,0.00998097551392613,-0.5883254739701883,-0.8085626239231838,0.6832885709463835,0.5943870937273998,-0.42405272269417676,0.9999533344945857,-0.0081440097412068,0.005196531390794216,0.008167152630333817,0.9999567557144448,-0.004447956716985623,-0.005160082467675349,0.004490190015854451,0.9999766055976256
274,2,1771971766.894994,G:/S1/USA/2026-02-24_16-21-11snow/camera/right/1771971766894993920.jpg,4.548873750745,-11.738027883042,1.761705868322,-0.029379170233437613,0.0019468029859917024,0.0022772444700429606,0.029531534464837993,4.5782529209784375,-11.739974686027992,1.759428623851957,1.811232047,-7.517090141,0.344387733,0.39453188476959916,0.623477773249703,-0.6890965644847693,0.3693526649137382,-0.056592417575187626,-0.5109509047506502,-0.8577449919454428,0.779790205463359,0.5138823773489226,-0.3575641728608059,0.6194448964220329,-0.6937937562158885,0.3673394127132905,-0.06105522147459858,-0.5090837721777288,-0.8585487597312003,0.7826623028020352,0.5093956583453993,-0.35770907597022583,0.9999788095549558,0.004355121606720648,-0.0048387350458953945,-0.0043659674527338,0.9999879755773288,-0.002233165680779345,0.004828951154791962,0.0022542441187275316,0.999985799706275
275,2,1771971767.394974,G:/S1/USA/2026-02-24_16-21-11snow/camera/right/1771971767394973952.jpg,4.202130988821,-11.622152511827,1.797721475494,-0.02534260522324283,0.003941468723318131,-0.00022268871048636285,0.025648243711018655,4.227473594044243,-11.62609398055032,1.7979441642044864,1.46045272,-7.403209435,0.382903273,0.23223412948622268,0.5384327212816375,-0.7632907856966311,0.3570397472605395,-0.07618458746411233,-0.4660596937550614,-0.8814671125401455,0.83921756016314,0.44740981027192295,-0.3090927828116803,0.5406362572484069,-0.7607964119746735,0.3590282118091794,-0.07353051461699062,-0.46787788423974963,-0.8807289871802197,0.838036813492459,0.4497544941029476,-0.30889349987593956,0.9999924842688585,-0.003083168635634835,0.0023506333105907202,0.003080387801113862,0.9999945526258183,0.001185719057900747,-0.002354276277621839,-0.0011784692841803094,0.9999965342906719
276,2,1771971767.8950481,G:/S1/USA/2026-02-24_16-21-11snow/camera/right/1771971767895048192.jpg,3.79393352771,-11.586739591008,1.805148726436,-0.038371948689791546,0.00856071388895785,-0.005677829327863759,0.039723167225398086,3.8323054763997915,-11.595300304896957,1.8108265557638639,1.065284603,-7.372415759,0.395785665,0.29192368832538096,0.4921645992586797,-0.802660972505992,0.33691151724492635,-0.13628506979248012,-0.45330645887305376,-0.8808743577239784,0.8597676354621648,0.38761916562485355,-0.3324920983303068,0.49654329881500325,-0.8006456714858443,0.3352778864358572,-0.13645282374375028,-0.45345633865442925,-0.8807712392139496,0.8572195630608712,0.39159144227766396,-0.3344110689564982,0.9999870484011865,-7.127685394330482e-05,0.005089002799456471,7.24819085467752e-05,0.999999969380618,-0.00023661178359991219,-0.005088985778691044,0.00023697757973455442,0.9999870229484835
277,2,1771971768.395035,G:/S1/USA/2026-02-24_16-21-11snow/camera/right/1771971768395035136.jpg,3.390204795172,-11.483945262656,1.796739103633,-0.04597103834267169,0.006606251370442351,-0.004989862040275517,0.04671057317839126,3.436175833514672,-11.490551514026443,1.8017289656732756,0.66915496,-7.267666969,0.386688074,0.6652321892118591,0.4771225994641649,-0.802810638253376,0.35755993090356925,-0.1364281702375828,-0.46958350009307237,-0.8722836068653158,0.868182803012236,0.3674049748541067,-0.33357488665406154,0.4862383671746464,-0.796127725889163,0.3602122906813195,-0.1331235666734742,-0.4749019894799366,-0.869911614121878,0.8636262885551058,0.3750316579417635,-0.336898930330723,0.9999326032244951,-0.0066954428414946155,0.009484727399391189,0.006694570463365779,0.9999775834581756,0.00012372331515270413,-0.009485343166987561,-6.0218800699194426e-05,0.9999550113073591
278,2,1771971768.895065,G:/S1/USA/2026-02-24_16-21-11snow/camera/right/1771971768895065088.jpg,3.06330074011,-11.455925382627,1.866103878324,-0.03106136228365286,0.013906309751610557,-0.0046316712229016455,0.03434597583620425,3.094362102393653,-11.469831692378612,1.8707355495469016,0.327341229,-7.246947147,0.455694658,0.6537724395176833,0.423878112052412,-0.8441155494849544,0.32832344607200437,-0.21242325315455307,-0.4450418631032971,-0.869950631705491,0.8804565336472434,0.29900949684459815,-0.36795327577645076,0.4308023930828323,-0.8416529254424887,0.3256219452190002,-0.21960333133421212,-0.44774568593757336,-0.8667745829171551,0.8753191846298247,0.3019009006584654,-0.37771969924877646,0.9999693458540893,-0.00021667672059622292,0.007826902538273988,0.0002816321973617688,0.9999655242667546,-0.008298853006306702,-0.007824834531815759,0.008300802919816082,0.9999349322008088
279,2,1771971769.395096,G:/S1/USA/2026-02-24_16-21-11snow/camera/right/1771971769395096064.jpg,2.811036750191,-11.386740652551,1.955776397302,-0.04434467660532815,0.012631181980570894,-0.0016457510877005976,0.046137897634158674,2.8553814267963284,-11.399371834531571,1.9574221483897005,0.088360553,-7.176487289,0.542381257,0.3942409725232298,0.3155582038048774,-0.9089950927527883,0.27230670458655454,-0.3142317266786178,-0.3708799457272842,-0.8739030196800451,0.8953666522492414,0.19019986122149624,-0.40266930703905146,0.31415772633659733,-0.9074892884100313,0.2788693500621303,-0.3125854220693106,-0.37623743021395545,-0.8722016682028016,0.8964347588602145,0.18683839949821401,-0.4018658178797684,0.9999763514502521,-0.005853513878080731,-0.0036101129512985408,0.005852721447423647,0.9999828462221299,-0.0002300285796146135,0.003611397499705926,0.0002088941542747692,0.9999934570642611
280,2,1771971769.8951292,G:/S1/USA/2026-02-24_16-21-11snow/camera/right/1771971769895129088.jpg,2.628844464209,-11.163221687903,1.992751817215,-0.04086223013731838,0.00983590938183454,-0.0016184510771386496,0.04206050818822714,2.6697066943463184,-11.173057597284835,1.9943702682921387,-0.097314179,-6.950173052,0.579329377,0.24947082442525412,0.25788428985094236,-0.9242542793689356,0.28151326809989774,-0.3684522552003163,-0.363427315576613,-0.8556655432647607,0.8931621513957453,0.11693850247453497,-0.4342657688019367,0.25767434749974405,-0.9230319464381231,0.28568506522958326,-0.3675504605473166,-0.3670778527982234,-0.8544943001193754,0.8935941973804646,0.11517758392888705,-0.43384736321460743,0.9999905289675624,-0.003936538500387522,-0.0018562434674194307,0.0039363038083464336,0.999992244266946,-0.00013007030851691097,0.0018567410976678617,0.0001227623383868234,0.9999982687194537
281,2,1771971770.395157,G:/S1/USA/2026-02-24_16-21-11snow/camera/right/1771971770395156992.jpg,2.395863138461,-10.975007228723,1.996386315683,-0.025785199471175135,0.014482115390354267,-0.014755747570490918,0.03305057131596782,2.421648337932175,-10.989489344113354,2.011142063253491,-0.345372536,-6.766604799,0.596101172,1.9150102803627234,0.15322085644905659,-0.9394938443069834,0.30638976102067034,-0.415754732111012,-0.3425615412967504,-0.8424960493389246,0.896477200979656,0.0017049732199509449,-0.44308658430379166,0.12618321902268648,-0.9371560190332557,0.3252943147778831,-0.4193169218037846,-0.3475683461630445,-0.8386713085795202,0.899027871829384,-0.03057516533440052,-0.43682266990015817,0.9994530592913152,-0.00548683517890241,-0.03261099374368134,0.005329922003208965,0.9999738070338736,-0.004896649632281894,0.032637006674487816,0.004720157402160875,0.9994561250547361
282,2,1771971770.8952532,G:/S1/USA/2026-02-24_16-21-11snow/camera/right/1771971770895253248.jpg,2.192726154444,-10.715833414966,2.000856319184,-0.032054470776867516,0.014459514887526836,0.003627411501056055,0.03535144667146817,2.224780625220868,-10.730292929853526,1.9972289076829437,-0.542240249,-6.507408384,0.582188016,0.22144398012135733,0.1210857708345976,-0.9541593040695244,0.27371199929661894,-0.4046813955877249,-0.2992363470898609,-0.8641125948888186,0.9064056510010089,-0.00613441422446509,-0.42236378253297246,0.12450455889482726,-0.9541198127836028,0.27231231640927805,-0.40568682204761214,-0.299410517481672,-0.8635806531171633,0.9054925826484241,-0.00295378996204443,-0.42435180910837034,0.9999931756082261,-0.00018585353977180474,0.0036897419201047505,0.00019004230775630402,0.99999933791013,-0.001134928730342479,-0.003689528546642362,0.0011356221922137252,0.9999925488429102
283,2,1771971771.395224,G:/S1/USA/2026-02-24_16-21-11snow/camera/right/1771971771395224064.jpg,1.942576282379,-10.456275486709,2.005482877986,-0.03235259615197528,0.012931253699743017,-0.004525804063960859,0.035133896772850115,1.9749288785309753,-10.469206740408744,2.010008682049961,-0.792091995,-6.246322195,0.594967791,0.20642797331552706,0.10154890663290628,-0.9453853212364225,0.30973281058416746,-0.3706681903555369,-0.324879857802977,-0.8700908979253084,0.9231971144995055,-0.026451321037408826,-0.3834154605583393,0.10312841754689983,-0.9451784905210956,0.3098421381131618,-0.37357090254451725,-0.3255039143736155,-0.8686149794353819,0.9218510239004714,-0.02616911889455303,-0.3866598853643025,0.9999987252069098,-0.000747794473391917,0.0014108111075865576,0.0007523470545200608,0.9999945032399782,-0.0032291583639551774,-0.0014083886059182479,0.003230215667027812,0.9999937910548645
284,2,1771971771.8952532,G:/S1/USA/2026-02-24_16-21-11snow/camera/right/1771971771895253248.jpg,1.684379512074,-10.264439767375,2.019819233006,-0.04290409567160358,0.017400195245064864,-0.001152261487380457,0.04631258928736107,1.7272836077456035,-10.281839962620065,2.0209714944933803,-1.039737266,-6.058955417,0.605930603,0.11094681074812347,-0.002732233573960574,-0.9531784850657908,0.302395949885876,-0.43722494788994537,-0.270822555989765,-0.857606837723327,0.8993480304322303,-0.13455823562626856,-0.4160134629826464,-0.00171760439509006,-0.9536680469493557,0.30085595567138657,-0.4375194210312159,-0.2698160063939864,-0.8577739089725858,0.8992073209531,-0.13310363977518308,-0.4167848545988046,0.9999981796373053,0.0010096727791632425,0.0016190376630616898,-0.0010091385185630037,0.9999994361153388,-0.00033076948832618273,-0.001619370719059681,0.0003291350529369924,0.9999986346533632
285,2,1771971772.395354,G:/S1/USA/2026-02-24_16-21-11snow/camera/right/1771971772395354112.jpg,1.50805862472,-9.978420760448,1.9957600594,-0.02965254592060429,0.015433767084380712,-0.0064023613812767,0.03403622889282717,1.5377111706406044,-9.993854527532381,2.0021624207812767,-1.229309703,-5.770969982,0.58712153,0.6795192180557733,-0.003620493581695028,-0.9521978411736253,0.30546057567305224,-0.4675781983171473,-0.26840171075795816,-0.8422179944175332,0.8839442971617135,-0.14587595047330104,-0.4442552043463259,-0.01186962831450011,-0.9499764739686841,0.31209583596982116,-0.47188862421177313,-0.26985397128796806,-0.8393449591911734,0.8815782655347144,-0.15723718735127046,-0.4450800249962539,0.9999414953123474,-0.002327438821570317,-0.010563568574984975,0.0022760442049559386,0.999985528418274,-0.004874687354323185,0.010574761240030135,0.004850359013223634,0.9999323219309193
286,2,1771971772.8953822,G:/S1/USA/2026-02-24_16-21-11snow/camera/right/1771971772895382272.jpg,1.247729953588,-9.749049221348,1.974747042121,-0.022480453402084377,0.013075970240731927,-0.010503570128183148,0.02804775870435025,1.2702104069900844,-9.762125191588733,1.985250612249183,-1.496810467,-5.539240646,0.570209721,0.7409807690492485,-0.09978769968535683,-0.9357316446361917,0.33830268136382424,-0.48593199343895843,-0.2508662720841115,-0.8372193328411981,0.868281355750511,-0.24793628769719994,-0.42966857518206547,-0.09304464931441736,-0.9398329007401107,0.3287199597231448,-0.48852224452865967,-0.24458760759411602,-0.8375696501259264,0.8675763423668474,-0.2385183869176874,-0.43637170997619334,0.9999229412080112,0.0057750427398552545,0.01098910948499133,-0.005735183128245017,0.9999768731246571,-0.003655255164654748,-0.01100996459602742,0.0035919489397948827,0.9999329370424841
287,2,1771971773.395391,G:/S1/USA/2026-02-24_16-21-11snow/camera/right/1771971773395390976.jpg,1.013122565982,-9.480907625655,1.962828101487,-0.04454299789088134,0.02066750532741679,0.0018417530957135497,0.04913874735920149,1.0576655638728814,-9.501575130982417,1.9609863483912864,-1.70935531,-5.278690585,0.545945457,0.9049725665488774,-0.07703272989531884,-0.9284697869346725,0.36333154731506434,-0.5114417112561502,-0.2760185842855467,-0.8137819837747597,0.8558582444028074,-0.248510756061959,-0.45359571163014545,-0.08882787830867878,-0.9237037245402517,0.3726674620967668,-0.5122656053526293,-0.27850618216172385,-0.8124150762205271,0.854221023862023,-0.2630698305928812,-0.4484425343608142,0.999875499909174,-0.0028803901570813566,-0.015514123691729786,0.0028697669181858925,0.9999956323095313,-0.0007069651307942405,0.015516092266243326,0.0006623551946361199,0.9998793988108675
288,2,1771971773.8954542,G:/S1/USA/2026-02-24_16-21-11snow/camera/right/1771971773895454208.jpg,0.827431822814,-9.201467220882,1.940495644632,-0.03219187969248272,0.014973739970479016,0.0021654070776184753,0.03556991698965015,0.8596237025064827,-9.216440960852479,1.9383302375543816,-1.907397171,-4.993556415,0.523289346,0.3645541139366981,-0.03426483796064561,-0.927109135891389,0.37322187908301074,-0.5685212992072379,-0.2890504736024391,-0.7702164345545481,0.8219546539969499,-0.2385759289134774,-0.5171770228034369,-0.03952469635928579,-0.9257562235603203,0.37604948200607957,-0.5699261914005469,-0.2882371879266049,-0.7694825922994166,0.8207447439572022,-0.24473401487226393,-0.516220231326833,0.9999812540897806,0.0004214153386614788,-0.006108508667673844,-0.00043198019138831985,0.9999984131599399,-0.001728314414954468,0.0061077706362427375,0.0017309207708712236,0.9999798493225456
289,2,1771971774.395409,G:/S1/USA/2026-02-24_16-21-11snow/camera/right/1771971774395409152.jpg,0.482758006302,-9.049875042428,1.866822516477,-0.04665058663602162,0.01791178400769944,-0.00018068226560274958,0.04997141068555639,0.5294085929380217,-9.0677868264357,1.8670031987426028,-2.237612281,-4.844902281,0.451962308,0.7289714237940829,-0.07178705132607388,-0.8967642037852532,0.43664697648250006,-0.6078609249532982,-0.30775112933535187,-0.7319797390008393,0.7907918279653812,-0.3179673020960127,-0.5230153722606583,-0.07304343926817758,-0.8910737489643878,0.4479422171289805,-0.6080778081645275,-0.3162118783647142,-0.7281836493624964,0.7905099842492186,-0.32557275974443856,-0.5187449690500044,0.9999192288760044,-0.009255422061327819,-0.008710504375952726,0.009260417335998692,0.9999569791954964,0.0005333188361823506,0.008705193552123975,-0.0006139386651483673,0.9999619206172484
290,2,1771971774.8954852,G:/S1/USA/2026-02-24_16-21-11snow/camera/right/1771971774895485184.jpg,0.203603402707,-8.916132556666,1.82006371891,-0.04360766106121883,0.021863425061897424,0.008229625951524322,0.04947084193713856,0.24721106376821883,-8.937995981727898,1.8118340929584758,-2.51980981,-4.715111436,0.396793202,0.2520645182548392,-0.16905195077272128,-0.8901156956570722,0.4232203755549404,-0.5958876280629353,-0.24972905743200258,-0.7632518146690863,0.7850728454490494,-0.3812209939379663,-0.4881917462631695,-0.16502657383435426,-0.8913964366703093,0.422112097220595,-0.5956761730888243,-0.25102775798036325,-0.7629908004278982,0.7860891340953309,-0.37735587634860934,-0.4895573672639659,0.9999904638810475,-0.0012329386199645836,0.0041895118244415636,0.001230713411361408,0.999999100267623,0.0005336744738786963,-0.0041901660428720205,-0.000528513296305486,0.9999910815513454
291,2,1771971775.395474,G:/S1/USA/2026-02-24_16-21-11snow/camera/right/1771971775395473920.jpg,-0.051042881485,-8.806559455124,1.766788899595,-0.03546615424596933,0.021037783831435064,0.004009978810664894,0.041430862597815414,-0.015576727239030669,-8.827597238955436,1.7627789207843352,-2.782597601,-4.604712693,0.34773803,0.13799264399002598,-0.26070145172481585,-0.8698444369433156,0.4188142889006291,-0.6167385952712756,-0.18369922199396926,-0.7654332766098062,0.7427437365413371,-0.45784850262677135,-0.4885759822904072,-0.2607991437812003,-0.8702150996189298,0.4179826395895033,-0.6148828308164475,-0.18405217063327695,-0.7668402068568986,0.7442465391052516,-0.45700161802820227,-0.4870796753606746,0.999999580712433,0.000764912963961567,0.0005034710671247262,-0.0007660325679732895,0.999997226056413,0.0022273467588181336,-0.0005017659441134397,-0.00222773150015368,0.9999973927182514
292,2,1771971775.8955038,G:/S1/USA/2026-02-24_16-21-11snow/camera/right/1771971775895503872.jpg,-0.423768832016,-8.78207476164,1.718969624404,-0.044650727592150385,0.02159692205688213,-2.4415217928008826e-05,0.04959954750743526,-0.37911810442384963,-8.803671683696884,1.718994039621928,-3.146138978,-4.580787138,0.303953148,0.35619335235622757,-0.31546811582787315,-0.8337567640544159,0.4531330116969203,-0.6454615894457993,-0.16150010439976614,-0.7465233103051554,0.6955998881872499,-0.5279842560838099,-0.48720983249675065,-0.3103852863957839,-0.8361966432620812,0.45214615754890025,-0.6478240926142441,-0.16202467554430122,-0.7443600940024226,0.695690246458536,-0.523949595201668,-0.49141825634633257,0.9999836189766537,-0.002150020791988929,0.0053046384371850065,0.002162883881379952,0.9999947319495608,-0.002420331886810378,-0.005299406728202178,0.002431765556269653,0.999983001257826
293,2,1771971776.3955767,G:/S1/USA/2026-02-24_16-21-11snow/camera/right/1771971776395576832.jpg,-0.647462678034,-8.653502970049,1.656085669522,-0.04229056106886464,0.027773316765048683,0.0026446175338202815,0.05066401762149636,-0.6051721169651354,-8.68127628681405,1.65344105198818,-3.372192991,-4.458391741,0.238400161,0.2825382898778408,-0.37243712940559415,-0.8180442419743797,0.4382855265836226,-0.6522687515546234,-0.10521427506820968,-0.7506500063726398,0.6601788094035539,-0.565449886810877,-0.4943989938501825,-0.3686473326171016,-0.8190971109883662,0.4395214066741327,-0.6552734914442957,-0.10638190671938796,-0.7478633172800697,0.6593298078842628,-0.5637045437933419,-0.49751521759845846,0.9999915007537717,-0.0032889025676446316,0.0024862703232259443,0.0032956165444754213,0.9999909212692122,-0.002701164701475534,-0.002477363883524708,0.002709335537222694,0.9999932610618613
294,2,1771971776.895569,G:/S1/USA/2026-02-24_16-21-11snow/camera/right/1771971776895569152.jpg,-0.885038757539,-8.531896330774,1.586044852093,-0.04248223997052358,0.03402663457949284,-0.0007737348622205431,0.05443483479681467,-0.8425565175684764,-8.565922965353494,1.5868185869552205,-3.609577391,-4.34303842,0.171777696,0.2928179232194781,-0.45071311166090045,-0.7544733201743751,0.4771034480298832,-0.6945334704108975,-0.03937481687399824,-0.7183821283099503,0.5607860103960721,-0.6551485579173582,-0.506260227158783,-0.451366249947321,-0.7525533025515003,0.4795122889221116,-0.6973900084374922,-0.03774778758572661,-0.7156970592813257,0.5567007136155361,-0.6574485769634102,-0.5077850766896759,0.9999950422141313,-0.0013524421884890069,-0.002843667927969874,0.001340984645155764,0.9999909916852545,-0.004027196111747843,0.0028490888612371173,0.004023362830744236,0.9999878475482555
295,2,1771971777.395597,G:/S1/USA/2026-02-24_16-21-11snow/camera/right/1771971777395597056.jpg,-1.16394350644,-8.364788363767,1.563713372248,-0.037282738032615725,0.034047790755654894,0.0057963766720067755,0.050821772824974284,-1.1266607684073844,-8.398836154522655,1.5579169955759933,-3.893681642,-4.175951609,0.142876104,0.296121310608563,-0.497847145613596,-0.7065033547872371,0.5029922755657135,-0.6955078228319808,-0.021224210131809418,-0.7182049855603894,0.5180898454746179,-0.7073913645067067,-0.4808121976795374,-0.49506831435941556,-0.7055115816156606,0.5071102171357783,-0.6974159082528254,-0.02541676212628952,-0.7162157769268299,0.5181876253184882,-0.7082424700688211,-0.4794519668930366,0.9999871685200316,-0.004911274643675822,-0.0012418440582631842,0.00491254350674382,0.9999874123834065,0.0010207796205581419,0.001236815097338985,-0.001026867135409848,0.9999987079153162
296,2,1771971777.8956292,G:/S1/USA/2026-02-24_16-21-11snow/camera/right/1771971777895629056.jpg,-1.327740235813,-8.018900240501,1.525360001872,-0.03831220675385527,0.02381037553620402,0.004512752884078375,0.04533347668244709,-1.2894280290591447,-8.042710616037205,1.5208472489879217,-4.056448903,-3.819826071,0.105806358,0.4603927694470526,-0.48604051022108075,-0.7154055955714516,0.5019556317535336,-0.6905229046754191,-0.0376776091279456,-0.722328537363037,0.5356703655632393,-0.6976927917038123,-0.47569110551059013,-0.48141439571592937,-0.7140646282098655,0.5082832737135597,-0.6936864878749198,-0.0440691729981576,-0.7189276490238901,0.5357604279313893,-0.6986913587062356,-0.4741214497700027,0.9999683809091736,-0.007815598831503555,-0.0014675138132171247,0.007817285204414411,0.9999687868055692,0.0011469379372287393,0.0014585040006211583,-0.0011583736461130212,0.9999982654667844
297,2,1771971778.3957112,G:/S1/USA/2026-02-24_16-21-11snow/camera/right/1771971778395711232.jpg,-1.546542229743,-7.658295267756,1.501191378256,-0.03235780039406411,0.024637119929338258,0.005257412659028543,0.04100799083864028,-1.514184429348936,-7.682932387685339,1.4959339655969714,-4.281205303,-3.460047842,0.080893074,0.5418890572083437,-0.5192740677707675,-0.7036590455132966,0.48499318573369343,-0.6776313838549742,-0.006783469858660407,-0.7353704455248861,0.520740002453809,-0.7105054061750643,-0.4732989727861385,-0.5271237515132088,-0.7006564054973559,0.4808546059113563,-0.6739395769577035,9.7301661395e-07,-0.7387864688860544,0.5176350038402665,-0.7134988447324762,-0.47220059441376105,0.9999561193875662,0.008342213026962307,-0.004262250716718393,-0.008347742235398695,0.9999643363405508,-0.0012811114601699745,0.004251411404548308,0.0013166354145405725,0.999990095937082
298,2,1771971778.895693,G:/S1/USA/2026-02-24_16-21-11snow/camera/right/1771971778895693056.jpg,-1.68110897294,-7.285832871335,1.490826616154,-0.033936099571425515,0.03272760084492399,0.008902867745498602,0.04797932643629145,-1.6471728733685744,-7.318560472179923,1.4819237484085015,-4.414193747,-3.095675927,0.066882857,0.27512439517501974,-0.5385160081078935,-0.7053500678497917,0.46095747178653496,-0.6418523002880578,-0.011045324908074194,-0.766748736818395,0.5459176985832835,-0.7087730825743666,-0.44678247927997594,-0.5353231799649245,-0.7077591615019361,0.46098379830783387,-0.6414915735766407,-0.01436536673245514,-0.7669955653514615,0.5494703395292658,-0.7063077272327687,-0.44633142442457996,0.9999920007115699,-0.0020429006928175766,0.0034387598973652372,0.002033757160874175,0.9999943931371001,0.0026603620382175206,-0.003444175472160782,-0.002653347154648462,0.9999905486574336
299,2,1771971779.395721,G:/S1/USA/2026-02-24_16-21-11snow/camera/right/1771971779395720960.jpg,-1.797927433967,-6.916953294904,1.45589291363,-0.029274654398832034,0.028625889119580528,0.007355601365601705,0.04159990131607545,-1.768652779568168,-6.945579184023581,1.4485373122643983,-4.535673653,-2.722694638,0.033496421,0.21665621844485883,-0.5363793115009181,-0.7040362830162511,0.465435437402936,-0.6283993199642238,-0.03498576088561123,-0.7771037840621778,0.5633928725696681,-0.7093017050112852,-0.4236502831413922,-0.5370729175527378,-0.7033456462910684,0.4656797000887942,-0.626224810192766,-0.0374168257285864,-0.7787441609742131,0.5651505713793665,-0.7098625803603088,-0.42035693008891806,0.9999994911336495,0.00022188166247498633,-0.0009841244687065686,-0.00021829374380557545,0.9999933352972848,0.0036444078879301575,0.000984926537090563,-0.0036441912051991448,0.9999928748697046
300,2,1771971779.8958058,G:/S1/USA/2026-02-24_16-21-11snow/camera/right/1771971779895805952.jpg,-2.032679508436,-6.619309872931,1.435275618192,-0.027563985179570594,0.02136408382460786,0.006866562585387592,0.03554359349282939,-2.0051155232564293,-6.640673956755608,1.4284090556066122,-4.772136397,-2.417789411,0.013368164,0.31311332509146833,-0.5345057066749952,-0.6912278354474458,0.48632060313593894,-0.6550531685244118,-0.024779333327622277,-0.7551763575787894,0.5340496193594685,-0.7222119246747992,-0.4395462887109043,-0.5325054500336451,-0.6897733413481336,0.4905615998525529,-0.6561986377365344,-0.02965703962493416,-0.7540051775905796,0.5346412755457451,-0.7234177199696703,-0.43683579170748177,0.999987948683567,-0.004549016297844242,-0.0018463310521811016,0.004553435154786466,0.9999867621094983,0.0023962124390280843,0.0018354062012144368,-0.0024045907102336504,0.9999954246033297
301,2,1771971780.3957832,G:/S1/USA/2026-02-24_16-21-11snow/camera/right/1771971780395783168.jpg,-2.090319641802,-6.303501662851,1.428809016969,-0.02252809339513817,0.01930901723195122,-0.00017572707951885036,0.029671265872731712,-2.067791548406862,-6.32281068008295,1.4289847440485188,-4.834812422,-2.099926135,0.013943853,0.6387134193471574,-0.5796525521065239,-0.67362498777433,0.4585109537213123,-0.6399708995574241,0.028021050388177704,-0.7678880572419423,0.5044206246339011,-0.738541939622373,-0.4473428627605096,-0.5711771480649137,-0.6767369062554383,0.4645253763146316,-0.6470972501895449,0.02306909630576559,-0.7620583741372867,0.5049968458570423,-0.735863422455182,-0.451091131776036,0.9999411551052838,-0.010129614453800916,0.003882941890931074,0.010139540899547373,0.9999453540361665,-0.0025453195932921267,-0.0038569465976872734,0.002584541062342497,0.9999892219971371
302,2,1771971780.8958142,G:/S1/USA/2026-02-24_16-21-11snow/camera/right/1771971780895814144.jpg,-2.201375580228,-6.004774952798,1.408119946159,-0.01236988365252678,0.01673263789305146,0.006653843527601622,0.02184648315237116,-2.189005696575473,-6.021507590691051,1.4014661026313984,-4.95602657,-1.798623045,-0.013574789,0.33806242783546964,-0.6252397877119349,-0.6200025509938784,0.4739958276430475,-0.6530199484244902,0.08303491787897976,-0.7527749659576274,0.4273641945947395,-0.7801935908310925,-0.456790768300406,-0.6287202292438037,-0.6159098723710724,0.47472718739868697,-0.6527124669094696,0.08613173024006471,-0.752693669819806,0.4227023880705825,-0.7830940902354594,-0.4561648133709183,0.9999853008106705,0.00206208366783059,-0.005014576107628253,-0.0020737472108682616,0.9999951542996279,-0.002321841891360844,0.0050097639762515175,0.002332206725384066,0.9999847314217812
303,2,1771971781.395843,G:/S1/USA/2026-02-24_16-21-11snow/camera/right/1771971781395843072.jpg,-2.26482248571,-5.726913554713,1.413270875644,-0.018177816391447443,0.016528332530615142,0.004990525321553807,0.025070383483082898,-2.2466446693185524,-5.743441887243614,1.4082803503224461,-5.013665543,-1.520557342,-0.006760541,0.11330078921066002,-0.6758798869567504,-0.5609060832867832,0.47809072793687435,-0.6304181892703955,0.10395551782529044,-0.7692633859418446,0.3817843436344214,-0.8213267413432707,-0.4238668410126911,-0.6750256648920128,-0.5605711257399602,0.47968777837644555,-0.6318625353370484,0.10357549230268737,-0.7681288002878772,0.3809069284937377,-0.8216033899521655,-0.42412000830493324,0.9999983037689997,-0.001732248870721758,-0.000625917704875557,0.0017317979649000385,0.999998241080218,-0.000720216827936818,0.0006271641987235573,0.0007191316432746794,0.9999995447572702
304,2,1771971781.8958762,G:/S1/USA/2026-02-24_16-21-11snow/camera/right/1771971781895876096.jpg,-2.194574960086,-5.42900464368,1.4286044821,-0.01906510616471735,0.004413279246398671,0.0036913613532385536,0.019914353000256367,-2.1755098539212825,-5.433417922926399,1.4249131207467614,-4.942530728,-1.210533377,0.00987223,0.26438667028920704,-0.7239692590460614,-0.5357907090948598,0.4345075695588336,-0.5922179234297614,0.15972349054055046,-0.7897887931200873,0.3537604318247571,-0.8291059779166774,-0.43293975823201025,-0.7235768277388891,-0.533681293689016,0.43774518972313586,-0.5931152297189982,0.15634190823427496,-0.789792081503129,0.3530593415202407,-0.8311085876683524,-0.4296598851058945,0.9999924570899933,-0.0024525177843463183,-0.0030117967453881,0.002460013723775182,0.9999938798658577,0.0024876823163500236,0.003005677227665111,-0.0024950726133124304,0.9999923702294219
305,2,1771971782.39597,G:/S1/USA/2026-02-24_16-21-11snow/camera/right/1771971782395970048.jpg,-2.159624718736,-5.147748797586,1.47173329397,-0.01761715060714142,-0.008567487767701443,-0.0014629854432980927,0.01964449461227545,-2.1420075681288586,-5.139181309818299,1.4731962794132982,-4.909028442,-0.916296764,0.058155388,0.8248835669521065,-0.8109885547446574,-0.41803026879694344,0.40932659141903793,-0.5436151518415387,0.27976568237680033,-0.7913366727585324,0.2162871488588111,-0.8642811217039273,-0.45413435446432415,-0.8152666239170715,-0.4052980070733024,0.4136107558916592,-0.5421797570523028,0.28332941227494635,-0.7910534464766839,0.2034242929680872,-0.869170851790569,-0.45073338841058896,0.9999006167851646,0.0024974566527506794,-0.013875131095451751,-0.0025379036643026743,0.9999925796269431,-0.0028982298120429455,0.013867789933477325,0.0029331555226970256,0.9998995354539584
306,2,1771971782.8959382,G:/S1/USA/2026-02-24_16-21-11snow/camera/right/1771971782895938048.jpg,-1.98387070498,-4.896525761419,1.53694659643,-0.026653576699127157,0.005672316326599702,0.0047540200474037175,0.027662050357418918,-1.9572171282808728,-4.9021980777456005,1.5321925763825963,-4.724238002,-0.679313532,0.117151685,0.2185140266318559,-0.8332507913497653,-0.42407554312224777,0.3547577376753898,-0.48228501283552744,0.24373695141714213,-0.8414234753726052,0.270359547841805,-0.872211116782771,-0.4076192864074595,-0.831767309476886,-0.4241380876561718,0.3581480496735223,-0.48551600673578765,0.2430197685747849,-0.8397711588791276,0.26914187724863037,-0.8723808082948775,-0.40806172968052223,0.999993150577135,-0.0035833935921954396,-0.0009263310312117042,0.0035825399887785174,0.9999931580886966,-0.000921511272074737,0.0009296268309245078,0.0009181863422921722,0.9999991463635339
307,2,1771971783.3959694,G:/S1/USA/2026-02-24_16-21-11snow/camera/right/1771971783395969280.jpg,-1.705121330855,-4.650085866009,1.565414065896,-0.02247107367151724,0.002875512217766718,-0.0014575070202025309,0.02270114642874277,-1.6826502571834827,-4.652961378226767,1.5668715729162026,-4.449671131,-0.430076833,0.151830682,0.4300272709315066,-0.8356549803845774,-0.41969386976846074,0.35431315165715566,-0.4773313153937733,0.2357884510301571,-0.8464978568816637,0.27172701209652,-0.8765049127298568,-0.3973708203397983,-0.8374797148250613,-0.41508780583765326,0.35542909377457643,-0.47795571215340316,0.2410627130314429,-0.8446579814373707,0.26492652656249294,-0.8772632910539475,-0.40027872000985754,0.9999871045962392,0.0010124169595110337,-0.004976510135734123,-0.001039903100247471,0.9999842035736892,-0.005523694835629824,0.004970839242327653,0.0055287986936735775,0.9999723611891642
308,2,1771971783.895999,G:/S1/USA/2026-02-24_16-21-11snow/camera/right/1771971783895998976.jpg,-1.453831900747,-4.37554475019,1.624585852498,-0.020810409026671195,-0.0017587634576518019,0.0010211941656157464,0.02090954830409344,-1.4330214917203288,-4.373785986732349,1.6235646583323842,-4.200042366,-0.150901441,0.208523767,0.1615109228310922,-0.8615342248217335,-0.3906130245453341,0.32431503899196695,-0.4380544325669361,0.2490033930698552,-0.8637740586219053,0.25664585242951893,-0.8862385543944956,-0.38563471204687993,-0.860349937064114,-0.3913563153885481,0.3265550798858812,-0.4405793266663035,0.24884588189057022,-0.8625343958245208,0.25629639620572436,-0.8859548303788427,-0.3865180407437079,0.9999965135990115,-0.00263875365807337,9.88380183629698e-05,0.002638849887266276,0.999996031668082,-0.0009864681245006024,-9.623457976870691e-05,0.0009867255039704276,0.999999508555722
309,2,1771971784.396033,G:/S1/USA/2026-02-24_16-21-11snow/camera/right/1771971784396033024.jpg,-1.141804198487,-4.154172955984,1.669424927094,-0.022851206771026256,0.0003827435819285796,0.0008818468799473567,0.02287141878986471,-1.1189529917159737,-4.154555699565929,1.6685430802140526,-3.885973866,0.068328846,0.253502189,0.6803477052164307,-0.8733298516343804,-0.3850736172810127,0.29835093349676073,-0.4032176826474965,0.22778275946158166,-0.8863015936420572,0.273332161745842,-0.8943340112990134,-0.35419797513419216,-0.8698434899274434,-0.39477249579618096,0.29584958947698425,-0.4059390761142801,0.23198845957765835,-0.8839653958760322,0.2803315349979921,-0.889008453944978,-0.36204723352075197,0.9999437601578463,-0.0013980548092345632,0.010512942696475916,0.0014541767800149152,0.9999847241420656,-0.005332621532607136,-0.01050532680507741,0.005347609303973037,0.999930518177864
310,2,1771971784.896078,G:/S1/USA/2026-02-24_16-21-11snow/camera/right/1771971784896078080.jpg,-0.833645512777,-3.907062716703,1.682365395333,-0.019959543746875585,-0.010040285300265794,-0.0015850757779033442,0.02239873167650056,-0.8136859690301245,-3.897022431402734,1.6839504711109035,-3.580706843,0.325862114,0.26890958,0.522754586309285,-0.886624463085854,-0.32648450933232015,0.32757430702629353,-0.42946644980510457,0.3183628680757493,-0.8451057050584755,0.1716264255571438,-0.889973566684212,-0.4224824501134472,-0.8868178345887174,-0.3199805993726806,0.33341647271914776,-0.4323608651373721,0.31978531337979654,-0.843090407752483,0.16315088278351808,-0.8918238443614777,-0.4219384079166928,0.9999617654313585,-0.002783597555642295,-0.008289708079900386,0.0027620127012378975,0.9999927687930049,-0.002614124621753197,0.008296924806212462,0.002591128392820328,0.9999622228326491
311,2,1771971785.396163,G:/S1/USA/2026-02-24_16-21-11snow/camera/right/1771971785396163072.jpg,-0.557416154168,-3.603564507829,1.710490676152,-0.017696739208139967,7.97277708850519e-05,0.0057668044526159035,0.018612817323368305,-0.5397194149598601,-3.6036442355998854,1.7047238716993842,-3.306740289,0.61924031,0.28968298,0.4830880659166783,-0.9147287352245363,-0.2457998410886083,0.32070824603576203,-0.391180015993021,0.3398299030640528,-0.8552741268571009,0.1012399923064982,-0.9077984771436287,-0.4070041631893815,-0.9169433035605786,-0.23904485358340044,0.3194879278324976,-0.3877433107786622,0.3448162779600673,-0.8548431782497697,0.09418122425310847,-0.9077220347821554,-0.4088650199871948,0.9999739883271861,0.004205548211989156,-0.005859695662510591,-0.004231094399129865,0.999981569702982,-0.004354089404912379,0.005841276333667595,0.004378769073261266,0.9999733525810559
312,2,1771971785.896188,G:/S1/USA/2026-02-24_16-21-11snow/camera/right/1771971785896187904.jpg,-0.286770484245,-3.264894088916,1.737072934516,-0.010854812212932607,-0.005606984186020125,0.005273930707014762,0.013307124593341112,-0.2759156720320674,-3.25928710472998,1.7317990038089852,-3.042936546,0.963597441,0.316758113,0.21150971665318755,-0.9267498827510141,-0.21460911271136762,0.3083465316202218,-0.36952065219360364,0.37273055525236465,-0.8511911775762703,0.06774320942644148,-0.9027817354834463,-0.42473049767364435,-0.9262677491815253,-0.21270226542511825,0.3111041676178793,-0.37110604375809675,0.3710164483756545,-0.8512503153132627,0.06563810716652732,-0.9039383503966065,-0.42259566676654126,0.999994263462176,-0.001814693495429707,-0.002860057736700496,0.0018188894863220245,0.9999972724369653,0.001465182468647965,0.002857391078617339,-0.0014703761925211802,0.9999948366417079
313,2,1771971786.3962162,G:/S1/USA/2026-02-24_16-21-11snow/camera/right/1771971786396216064.jpg,-0.139612186266,-2.862772108105,1.733907713396,-0.016629214388433677,-0.0116454947600102,0.003018411718988978,0.020524598137046306,-0.12298297187756632,-2.8511266133449897,1.7308893016770108,-2.890003846,1.371757932,0.31584841,0.37120526557259614,-0.9235828543622358,-0.19163920788323274,0.3320679525789735,-0.38265321069150104,0.4067562118158988,-0.8295335463359305,0.023900449275901958,-0.8932098287362643,-0.4490044213293929,-0.9254961040460709,-0.1858001116762587,0.3300534500601896,-0.3782433666971016,0.40801591752466715,-0.8309361988721792,0.01972097728780653,-0.8938687429078128,-0.4478948018309882,0.9999790931053669,0.0047782972064605465,-0.0043567451123132815,-0.004780041263725953,0.9999884994916673,-0.00038998707731999915,0.0043548315333677735,0.000410804345313539,0.9999904332952918
314,2,1771971786.8961852,G:/S1/USA/2026-02-24_16-21-11snow/camera/right/1771971786896185088.jpg,0.043837580637,-2.518171503896,1.713834801303,-0.016781641305050332,-0.0061000237938790836,0.005429331555682482,0.018663103073143863,0.060619221942050334,-2.5120714801021213,1.7084054697473174,-2.706401652,1.710813065,0.293364579,0.5977240325443828,-0.9280542973359338,-0.21131185684788034,0.3066961368387412,-0.36767064020489815,0.3883669368084618,-0.8449789480959468,0.0594434313244724,-0.8969495089187091,-0.43811877033843216,-0.9279427832086173,-0.21912092699205227,0.30150988449002575,-0.3667639379204353,0.39273980513639106,-0.843350258968671,0.066380757242894,-0.8931637390845941,-0.44480572191945433,0.9999560543873295,0.001308488932381058,0.009283164914979557,-0.001265995214179209,0.9999887016426403,-0.004581903882029458,-0.009289055400983926,0.004569950085101965,0.9999464130672091
315,2,1771971787.3962162,G:/S1/USA/2026-02-24_16-21-11snow/camera/right/1771971787396216064.jpg,0.13773809468,-2.166610541324,1.664117604893,-0.0036350288559150457,-0.0037002557503513778,0.004062211204206134,0.006588390339750776,0.14137312353591505,-2.162910285573649,1.6600553936887938,-2.62564775,2.05997426,0.245014502,0.21307987164376246,-0.928397836777789,-0.188455926945173,0.32025274435289014,-0.36760967788704624,0.34003643051612464,-0.8655855536257724,0.054227127806145914,-0.9213357637262805,-0.3849673091170309,-0.9293167859154884,-0.18568544825899475,0.3192040502884678,-0.36568400741134693,0.3423363916801706,-0.8654946572076452,0.05143460060391686,-0.9210465293546561,-0.38604115405544315,0.9999951901105455,0.0021876127121103926,-0.0021986601364871444,-0.0021921197897371582,0.9999954968548523,-0.0020496050461135326,0.0021941664935477318,0.0020544149141358053,0.9999954824961759
316,2,1771971787.896249,G:/S1/USA/2026-02-24_16-21-11snow/camera/right/1771971787896249088.jpg,0.073045286363,-1.775663149767,1.554128565619,-0.01079478026671632,-0.006677101938914465,0.003258650102265004,0.013104570645325815,0.08384006662971633,-1.7689860478280854,1.550869915516735,-2.683180807,2.453898498,0.135829024,0.29590484962640423,-0.8942773410466474,-0.2742299160081948,0.3536467028782792,-0.4292020638550883,0.30183758213494283,-0.8512811887933768,0.12670290317538946,-0.9130673727480741,-0.38762655630111076,-0.8924099912809468,-0.2755545488376108,0.35731512433262785,-0.4327054797102495,0.2980695052128971,-0.8508352001949973,0.12794676740997957,-0.9139060458696173,-0.38523416778927766,0.9999906505183771,-0.0043241525204784316,2.410007855850103e-05,0.004324067230717566,0.9999866643839127,0.0028237381111064115,-3.6310031439634644e-05,-0.002823607500258181,0.9999960129531851
317,2,1771971788.3963192,G:/S1/USA/2026-02-24_16-21-11snow/camera/right/1771971788396319232.jpg,0.069342958015,-1.441261937398,1.444692136076,-0.005498843746807758,-0.017652705452416484,0.002159473622954433,0.018615010573991553,0.07484180176180776,-1.4236092319455835,1.4425326624530457,-2.692179072,2.799275314,0.027491771,0.8808744478503072,-0.8979928144545206,-0.27345685919837565,0.34471764002645455,-0.41974798109579364,0.29738337795322833,-0.8575399459402067,0.13198688402282174,-0.9147592430112346,-0.38183110110552687,-0.899117873645079,-0.26027116145279755,0.3519175639378681,-0.42170953790176974,0.2997225738759939,-0.855761324407586,0.11725235577431922,-0.9178372956168003,-0.3792447545322295,0.9998865163562247,-0.0017807737016668438,-0.014959386820194065,0.0017349169640469568,0.9999937584813879,-0.003077833880469086,0.014964774376535359,0.003051531302698962,0.9998833650404271
318,2,1771971788.89631,G:/S1/USA/2026-02-24_16-21-11snow/camera/right/1771971788896310016.jpg,-0.163662054602,-1.189055559113,1.332976522821,-0.004275425688823553,-0.01478595430713181,-0.00028422209375378316,0.01539430062691449,-0.15938662891317645,-1.1742696048058683,1.3332607449147538,-2.926407503,3.048614941,-0.081780146,0.639260970427941,-0.8955753834355586,-0.19324996935162259,0.400748277513266,-0.4415496833621469,0.2755692000030301,-0.8538708878586259,0.05457664067199916,-0.9416560228423578,-0.3321224547326975,-0.8913967422594385,-0.1921132243885565,0.4104928219887556,-0.4501833272287906,0.2705760000657055,-0.8509545229174464,0.05241011137629525,-0.9433351139459802,-0.32767673555205123,0.999943145310888,-0.009852408631184325,-0.004078748574392189,0.009865742877947772,0.9999460114817499,0.0032620912320773404,0.004046388912989615,-0.003302145651592904,0.999986361192422
319,2,1771971789.396342,G:/S1/USA/2026-02-24_16-21-11snow/camera/right/1771971789396342016.jpg,-0.478580038245,-1.102487447643,1.166074499737,-0.0037374836376491416,0.0016543700672517758,-0.001296514712689989,0.00428796859379069,-0.47484255460735086,-1.1041418177102518,1.16737101444969,-3.241863428,3.118742728,-0.247669877,0.3375800396338247,-0.8994823589420444,-0.13761331919123207,0.4147216661005641,-0.4348029680186458,0.18775609083712141,-0.88073493705867,0.04333433920382451,-0.9725277501103683,-0.2287179711151559,-0.8985060185834228,-0.13909847920375065,0.41633946204097627,-0.43647139059503237,0.1822281542211912,-0.8810707264466209,0.04668682642249794,-0.9733676144665699,-0.22444559997080393,0.9999971118977685,-0.002128212929695872,0.0011166493846380223,0.0021221752462873603,0.999983272764182,0.005380572837517252,-0.0011280817108625402,-0.005378187572189508,0.9999849011510584
320,2,1771971789.896372,G:/S1/USA/2026-02-24_16-21-11snow/camera/right/1771971789896371968.jpg,-0.75432610745,-1.09342108102,1.055621920813,0.0016581465545058016,-2.7174615192748774e-05,0.0061230885903457155,0.006343689962565338,-0.7559842540045058,-1.0933939064048073,1.0494988322226542,-3.523005128,3.129490639,-0.365542059,1.0935118278995861,-0.9096618710625977,-0.20695441546405668,0.360118244823592,-0.4020271756638899,0.22088382088305047,-0.8885856670573863,0.10435243342926745,-0.9530898213662945,-0.28413088893211724,-0.9058560754815902,-0.19622677715889825,0.3753928907676911,-0.413480027206409,0.21720181164852848,-0.8842271428303844,0.09197302655930653,-0.956199992126349,-0.2778894338457142,0.9998185594438358,-0.01273330296599455,-0.014167257576153367,0.012749814526682808,0.9999181391330525,0.0010757612323832857,0.01415239983847512,-0.0012561959521153224,0.999899060680898
321,2,1771971790.396404,G:/S1/USA/2026-02-24_16-21-11snow/camera/right/1771971790396403968.jpg,-0.944448099638,-1.042468631124,1.028081032867,4.5087333734983304e-05,-0.007427646062092563,-0.000994833747345214,0.007494107890619097,-0.944493186971735,-1.0350409850619073,1.0290758666143454,-3.711514061,3.18784356,-0.385965025,0.28447562966063816,-0.8731919446232477,-0.09498236287649547,0.4780315665178078,-0.48039683392311144,0.3331332114480313,-0.8113206181202176,-0.08218704156813345,-0.938083479319788,-0.3365184631272986,-0.8727862246669281,-0.09377377996500194,0.4790101086853238,-0.48051104421782476,0.33748173162927797,-0.8094536535226703,-0.08575163214974998,-0.9366496458161818,-0.3396087433740108,0.9999987085869448,-0.0005861989120739725,-0.00149639409189311,0.0005791627987046762,0.9999887958857165,-0.0046981563923565745,0.001499131380288554,0.004697283669306257,0.9999878439917329
322,2,1771971790.896435,G:/S1/USA/2026-02-24_16-21-11snow/camera/right/1771971790896434944.jpg,-1.139287233788,-1.099124292174,1.042984562421,0.0008864501600593933,0.004858330210924411,0.003784960769292245,0.006222145478026972,-1.1401736839480594,-1.1039826223849245,1.0391996016517075,-3.907194558,3.118901923,-0.37584129,0.11979657522956812,-0.8945580736776599,0.009745420798516868,0.44684547619011894,-0.40775373746768334,0.39163232075542964,-0.8248399935265336,-0.18303754368776337,-0.920070188688437,-0.34636412269109806,-0.894556925558185,0.00773810423673629,0.4468870424153167,-0.40838213333572104,0.392176386318177,-0.8242704138731298,-0.1816368357686649,-0.9198574910045778,-0.3476639989051352,0.9999979844755756,-0.0008208836785109401,0.0018322649296621304,0.000821952836523094,0.9999994923451572,-0.00058284042578049,-0.0018317855553113083,0.0005843452864078882,0.9999981515494244
323,2,1771971791.396466,G:/S1/USA/2026-02-24_16-21-11snow/camera/right/1771971791396465920.jpg,-1.280068218886,-1.248113619538,1.032243560226,0.0008683567488638744,0.004902230144876896,0.0021504492983548396,0.0054231297256687495,-1.2809365756348638,-1.253015849682877,1.0300931109276452,-4.047957449,2.969868696,-0.38494778,0.22239929123553423,-0.8900557181723896,0.022616836970996368,0.45529034388405387,-0.4070957453059326,0.40997836095943263,-0.8162051198680542,-0.20511916707718927,-0.9118147960142151,-0.35569636639571667,-0.8901594296267481,0.02084816806140549,0.45517199357502863,-0.4069123371676539,0.4131360427253956,-0.8147029888627865,-0.20503302101695725,-0.9104306476001801,-0.3592735673591595,0.9999984235237138,-0.0005862973606607492,0.0016760684630317587,0.0005920790534200484,0.9999938695048816,-0.0034511440202919107,-0.0016740347912719011,0.0034521309446747363,0.9999926401726459
324,2,1771971791.8965487,G:/S1/USA/2026-02-24_16-21-11snow/camera/right/1771971791896548864.jpg,-1.325809685687,-1.287578605433,1.034874911032,-0.008426805410574723,0.0006292907351852506,0.002175803497497353,0.008725891193270927,-1.3173828802764254,-1.2882078961681853,1.0326991075345027,-4.084403754,2.934676649,-0.382341784,0.3171766599700748,-0.9038973582651688,0.03410012380665159,0.4263880243130901,-0.37275155667770454,0.42617384097357114,-0.8242767340306174,-0.20982336074802854,-0.9039983621811514,-0.37250653478589935,-0.9050844621208538,0.03154048343839203,0.4240605078663625,-0.37245848109591095,0.42237163281547097,-0.826363650974872,-0.20517503816773544,-0.9058738332114828,-0.370534481547403,0.9999933108464057,0.001270160698003778,0.003430007907463842,-0.0012844024058512493,0.9999905510487468,0.004153086043359621,-0.003424700410818659,-0.004157463773137565,0.9999854933558141
325,2,1771971792.396527,G:/S1/USA/2026-02-24_16-21-11snow/camera/right/1771971792396527104.jpg,-1.323154021257,-1.284365441341,1.027811980463,-0.0006548250584650361,0.004575728733629436,0.008057419701696822,0.009289138902516631,-1.322499196198535,-1.2889411700746294,1.019754560761303,-4.08952007,2.933943375,-0.39528633,0.1649680969832913,-0.9029047149508418,0.058410969884878705,0.4258535362265383,-0.35611504462141025,0.45317097732595957,-0.8172014074288699,-0.24071799000870453,-0.8895078548874892,-0.3883691869595567,-0.9020472984173298,0.058998190559267,0.42758611405040875,-0.3569310799882539,0.45507999841131475,-0.8157833040608125,-0.24271562693080867,-0.888493898998012,-0.3894453952570176,0.9999979590914263,-0.0014550925963191083,-0.0014016128277687112,0.001452214287438173,0.9999968393538066,-0.0020524025093634,0.0014045948334624348,0.002050362878424285,0.9999969115579411
326,2,1771971792.8966,G:/S1/USA/2026-02-24_16-21-11snow/camera/right/1771971792896600064.jpg,-1.317322395324,-1.279112171296,1.0331135314,0.0001376799289536379,0.0038026230960843677,0.004876686936287955,0.00618554554168608,-1.3174600752529537,-1.2829147943920844,1.028236844463712,-4.084480949,2.939969751,-0.386804047,0.17716501151050398,-0.9159434598365443,0.03819174734709435,0.39948588062312873,-0.3437678617018489,0.43893563830405213,-0.8301561074204977,-0.20705370231802037,-0.8977064641970616,-0.3889111318736078,-0.9162879612465411,0.03741095018724355,0.3987690971987985,-0.3428323599120655,0.4415091435022427,-0.8291776945872579,-0.2070805279879815,-0.8964764899371335,-0.3917238286321312,0.9999993789480484,0.0003707509507282282,0.0010510220028828383,-0.000367717973392027,0.999995772307862,-0.0028844670035749745,-0.001052086978369347,0.0028840787324905686,0.9999952875903241
327,2,1771971793.396585,G:/S1/USA/2026-02-24_16-21-11snow/camera/right/1771971793396584960.jpg,-1.323836595886,-1.284876793392,1.033225990334,-0.001719733045795202,0.003446023315378355,0.006237222786298013,0.007330450635864512,-1.3221168628402047,-1.2883228167073784,1.026988767547702,-4.089137737,2.934561729,-0.388052124,0.22198702268936016,-0.9245850522020347,0.03442758651973721,0.3794169507691863,-0.3262956568987574,0.44251874623578513,-0.8352893531698566,-0.19665610983025555,-0.8960981533941106,-0.3979126461298961,-0.9254750421531331,0.03180120783884016,0.37747136253184466,-0.32523420873309494,0.4441782074479679,-0.8348223939845333,-0.19421291363195706,-0.8953738901756633,-0.4007330045931895,0.9999942623696613,0.00075330719501998,0.003302689211436364,-0.0007470956329711519,0.999997950732698,-0.0018815893599781158,-0.0033040998581463413,0.0018791111394274049,0.999992775906633
328,2,1771971793.8966131,G:/S1/USA/2026-02-24_16-21-11snow/camera/right/1771971793896613120.jpg,-1.323566451011,-1.287890861405,1.043381282878,0.00019697042749733384,0.0036318257715621804,0.00797990635687873,0.008769712723279212,-1.3237634214384972,-1.2915226871765622,1.0354013765211212,-4.090784295,2.931361858,-0.379639515,0.21101859853436886,-0.9387659606555636,0.04126712932852303,0.34207527702454676,-0.2922793748098128,0.4303602675331297,-0.8540274042380597,-0.18245886707754833,-0.9017134046723473,-0.3919460392183878,-0.9398479799588358,0.03951636773477923,0.33929961869761277,-0.2902340949486352,0.43143110096291126,-0.854184625974547,-0.18013868184441212,-0.9012800129831905,-0.3940106515062476,0.999994029894461,0.0019332819736254923,0.002864017501160726,-0.0019296305611149166,0.9999973227136905,-0.00127714186723662,-0.0028664789087155763,0.001271607746867405,0.9999950831441147
329,2,1771971794.396642,G:/S1/USA/2026-02-24_16-21-11snow/camera/right/1771971794396642048.jpg,-1.367664608336,-1.32802264246,1.062835402291,-0.0026098074000788785,-3.8360897589129195e-05,0.006216461812983243,0.006742177963851831,-1.3650548009359211,-1.3279842815624108,1.0566189404780169,-4.132075675,2.894900264,-0.358421951,0.15645039005679673,-0.9346866128373046,0.14559784667683928,0.3242872227297802,-0.23879098140088373,0.41861121424694925,-0.8762097457277552,-0.2633245202869063,-0.8964183835407228,-0.3565028452423744,-0.9345392146101917,0.1478327756592805,0.3237003657653768,-0.23708502880526533,0.4197003319802419,-0.8761519962039016,-0.26538113247209644,-0.8955429089533052,-0.35717748074490885,0.9999973194825545,0.001414578759344845,-0.0018330288156537516,-0.0014172304238101356,0.9999979501066487,-0.0014461121764023817,0.0018309794185718058,0.001448706124278422,0.9999972743787527
330,2,1771971794.896672,G:/S1/USA/2026-02-24_16-21-11snow/camera/right/1771971794896672000.jpg,-1.448163186868,-1.435663577453,1.071007590946,0.0028104353225026912,0.0040118515309508496,0.005953807982556403,0.00770982028983269,-1.4509736221905027,-1.4396754289839508,1.0650537829634437,-4.217994496,2.783209117,-0.349987108,0.3102264353429647,-0.8966337211312068,0.3610609100210083,0.25628692784690943,-0.08568027153437224,0.42639561941372495,-0.9004696923353845,-0.43440402990787486,-0.8293502245731819,-0.3513848940979265,-0.8952126822204708,0.3654295677577192,0.25505976672152125,-0.08199637239857946,0.4275044771511006,-0.900286908118316,-0.43803064790617535,-0.8268622334005649,-0.35274353072838305,0.9999886947767832,0.0028460429229428736,-0.0038092464224184905,-0.0028558978012058122,0.9999925829558026,-0.002584159656632066,0.003801863539766943,0.0025950092606125846,0.9999894058241627
331,2,1771971795.3967721,G:/S1/USA/2026-02-24_16-21-11snow/camera/right/1771971795396772096.jpg,-1.485515487055,-1.530206551862,1.058703607201,-0.002030643896315354,0.004919655380159593,0.007860985518130748,0.00949324059578379,-1.4834848431586847,-1.5351262072421596,1.0508426216828695,-4.250505717,2.687758338,-0.36419827,0.28088753825003254,-0.8281452278263002,0.5097076643184083,0.23318142842773434,0.03932874656159377,0.4678288742108122,-0.8829435962441418,-0.5591321233147133,-0.7220347923678726,-0.40747641316751526,-0.8281041625498575,0.5085387099511499,0.23586410589324394,0.03911534218125065,0.4721480208742187,-0.8806510298583667,-0.5592079094340878,-0.7200448783692432,-0.41087940707776865,0.9999957175504733,-0.0029139084487488456,-0.00027206298269202893,0.002912815881432301,0.9999880217850186,-0.003933419647837069,0.000283521348607698,0.003932610333789546,0.9999922270655945
332,2,1771971795.896734,G:/S1/USA/2026-02-24_16-21-11snow/camera/right/1771971795896733952.jpg,-1.522367265292,-1.589263180558,1.058394709303,0.0005032239443272246,0.006786973650902528,0.009579389411090378,0.011750784959546316,-1.5228704892363272,-1.5960501542089025,1.0488153198919097,-4.289891363,2.626834391,-0.366225571,0.2614431944290084,-0.859378049464333,0.47355598247027486,0.1929095631779106,0.051944468793890114,0.45615951823854595,-0.888380698845995,-0.5086955280524885,-0.7534342873714939,-0.416612090982019,-0.8592301538910083,0.4727557170730272,0.19551361747766385,0.05151148714924003,0.46017493080649063,-0.886332668781263,-0.5089893017894463,-0.7514925582013506,-0.4197485266583816,0.9999962783016995,-0.0026707578997260213,-0.000557166934336552,0.0026687021500322876,0.9999897472808299,-0.003658327767931123,0.000566931729646387,0.0036568272401434135,0.9999931530780355
333,2,1771971796.3967643,G:/S1/USA/2026-02-24_16-21-11snow/camera/right/1771971796396764160.jpg,-1.554852642162,-1.607069110421,1.063472341996,0.0007097740102741668,0.006853254093851291,0.010919507223659808,0.012911487475427023,-1.555562416172274,-1.6139223645148513,1.05255283477234,-4.32258329,2.608962181,-0.362488056,0.17863649473018303,-0.8778733177239575,0.45360067080075717,0.1535736614053127,0.0767218349931075,0.4497559531667843,-0.8898501798765496,-0.47270730697083674,-0.7693932765758617,-0.42962982659056426,-0.8784795917939118,0.45194034254059606,0.15499526955972232,0.07592347258133064,0.45233352119561676,-0.888611282796908,-0.47170884358128606,-0.7688590978762385,-0.43167864725990623,0.9999974273860376,-0.0020582752502893505,0.0009532703183122866,0.002060309606710681,0.9999955919472711,-0.00213803890313305,-0.0009488654436881597,0.0021399974347786383,0.9999972600289205
334,2,1771971796.896841,G:/S1/USA/2026-02-24_16-21-11snow/camera/right/1771971796896840960.jpg,-1.560740436951,-1.609236175301,1.065991978993,-0.0008524092192834232,0.005407154415594029,0.00996401440046929,0.01136861923559571,-1.5598880277317166,-1.614643329716594,1.0560279645925306,-4.326908902,2.608241216,-0.359012927,0.2546795704100554,-0.8828456099492279,0.4439873981459519,0.1531627215772911,0.06998419365115505,0.44683135869757407,-0.8918766447909023,-0.46441989797205335,-0.7766704109028923,-0.42555520346432063,-0.8823672931229212,0.4438788435750318,0.15620349629064414,0.06906939697271086,0.45052675547602505,-0.8900871086596368,-0.4654646908507185,-0.7745948714177874,-0.4281885177635041,0.9999952565590303,-0.0027270269179284503,-0.001431846230300047,0.0027224240565675703,0.9999911523750609,-0.0032068019667482964,0.0014405785971452836,0.003202888662849373,0.9999938330997439
335,2,1771971797.3968282,G:/S1/USA/2026-02-24_16-21-11snow/camera/right/1771971797396828160.jpg,-1.5591977188,-1.604920095245,1.068739112294,-0.003026220628906451,0.004154877410678548,0.008418488784316558,0.009863669246494913,-1.5561714981710935,-1.6090749726556786,1.0603206235096834,-4.323192372,2.613809573,-0.354720268,0.1460317671139253,-0.8775013496228983,0.45702503406594797,0.1453254955161404,0.07944210142455096,0.437368345147765,-0.8957666454964468,-0.47294855315482687,-0.7744914776159417,-0.4200983422593234,-0.8772532217042143,0.45719636339046055,0.14628147631232943,0.07988321243515831,0.4395295152852945,-0.8946689206427776,-0.473334403335122,-0.7731657587449223,-0.42210099753941865,0.9999994975897581,-0.0007616898845416263,-0.0006516507895501859,0.0007601607568850479,0.999996964882429,-0.0023435830587251595,0.0006534338952230547,0.0023430865219280974,0.9999970414804714
336,2,1771971797.8969102,G:/S1/USA/2026-02-24_16-21-11snow/camera/right/1771971797896910080.jpg,-1.552088137857,-1.605568582807,1.067578825315,-0.003410799691462074,0.005073443033223324,0.009356263253282537,0.01117645027776553,-1.5486773381655379,-1.6106420258402234,1.0582225620617174,-4.315698212,2.61224252,-0.356818329,0.1685864532925195,-0.8728911935005927,0.461695173256394,0.15779268456065926,0.07158558894450448,0.44108845600215074,-0.8946040897721781,-0.48263492182454,-0.7695963493763385,-0.4180729496894453,-0.8730148241352258,0.4610407778621204,0.15901735121813507,0.07161973851327899,0.4437239380107322,-0.8932970837809432,-0.48240618766287635,-0.7684728153842132,-0.42039719566147304,0.9999990283368564,-0.0013930882262523667,5.1288766285714665e-05,0.0013932164488147738,0.9999956724018642,-0.0025911629571241483,-4.7678825720655106e-05,0.0025912318957397825,0.9999966416163569
337,2,1771971798.396929,G:/S1/USA/2026-02-24_16-21-11snow/camera/right/1771971798396929024.jpg,-1.559704417846,-1.61247272782,1.06299583254,0.0005964009117533919,0.004054651924281227,0.007330601041969809,0.008398428895403388,-1.5603008187577534,-1.6165273797442812,1.0556652314980302,-4.327321693,2.606357166,-0.35937566,0.25992379327259113,-0.8576832157935865,0.4903430441604813,0.15473590530127235,0.09531822069211687,0.44734844630300996,-0.8892658794727097,-0.50526620523251,-0.7479592680311644,-0.4304218805035631,-0.8574242847525497,0.4906297432781356,0.1552612344643995,0.09731834287360594,0.450854689174108,-0.8872762756830893,-0.5053243869604096,-0.7456624600048932,-0.4343210329727737,0.9999997873938011,-0.0003142220493081865,-0.0005713815329839944,0.0003116537219583666,0.999989873624474,-0.004489490000633903,0.0005727864437084159,0.004489310972959068,0.9999897589488993
338,2,1771971798.8969722,G:/S1/USA/2026-02-24_16-21-11snow/camera/right/1771971798896972288.jpg,-1.571395926786,-1.613564581205,1.060999362231,-0.002197760230693291,0.005727284517361486,0.009686525691732228,0.011465632034520126,-1.5691981665553068,-1.6192918657223614,1.0513128365392679,-4.33621904,2.60359268,-0.363728055,0.1457229157620316,-0.8472995119484108,0.5076975773787515,0.15597021182178197,0.10877501851338106,0.45332031766906755,-0.8846856418727667,-0.5198572230905315,-0.7326280499081115,-0.4393228972958718,-0.8476726303667104,0.5070686774889241,0.1559886791944075,0.10974981767905764,0.4552778999195165,-0.8835592857099565,-0.5190434367628551,-0.7318492947011074,-0.4415773098777786,0.9999997324632653,-0.0003420168801017663,0.000646604865045607,0.00034359091804733825,0.9999969744800569,-0.002435770106853679,-0.0006457698342369979,0.002435991622754597,0.9999968244580255
339,2,1771971799.396946,G:/S1/USA/2026-02-24_16-21-11snow/camera/right/1771971799396945920.jpg,-1.562847310176,-1.611554866303,1.061889672595,0.006249270432210352,0.006101173230460333,0.010260396114246229,0.013474176195382909,-1.5690965806082104,-1.6176560395334603,1.0516292764807538,-4.336117454,2.605228506,-0.363411615,0.12833758556047253,-0.8493134101829471,0.5049046827527093,0.15407138805696635,0.1036771048456277,0.4457209559998647,-0.8891478433384382,-0.5176077561380268,-0.7391915115292876,-0.43090384086104994,-0.8489253221570531,0.504933288478642,0.15610308000384862,0.10263360837298888,0.4472407058491521,-0.8885055393546466,-0.5184516755039793,-0.7382534288560372,-0.43149708567894196,0.9999978603986154,-0.00175348849843892,-0.0010974863454156498,0.0017525450295457152,0.9999980944605497,-0.0008600355741160697,0.0010989923165998035,0.0008581103397441112,0.9999990279307943
340,2,1771971799.897061,G:/S1/USA/2026-02-24_16-21-11snow/camera/right/1771971799897061120.jpg,-1.577310925665,-1.615444767779,1.057410682973,-0.0005514568589903845,0.003987666226731967,0.008609464607950368,0.009504128967911593,-1.5767594688060096,-1.619432434005732,1.0488012183650495,-4.343780343,2.603452112,-0.366239673,0.23549784564944792,-0.8495752176373399,0.5036045548565922,0.1568579035438152,0.10495782568558015,0.45283671888281396,-0.8853941274137765,-0.5169195337804738,-0.7357454439948242,-0.43757609308214795,-0.8511989216213675,0.5016277088369357,0.15436980779163859,0.10697308973051378,0.4537680299910395,-0.8846758349992148,-0.5138259957457666,-0.7365217014352372,-0.43990752370335123,0.9999936325223576,0.0011373364624219914,0.0033825109773143475,-0.0011304360312007274,0.9999972777132278,-0.0020412448438246883,-0.0033848233513388273,0.0020374081339597154,0.9999921959390361
341,2,1771971800.3970733,G:/S1/USA/2026-02-24_16-21-11snow/camera/right/1771971800397073152.jpg,-1.576476130648,-1.619644778417,1.059391406617,-0.003799475173699385,0.0046882458125270254,0.011764184847802839,0.013221637777806087,-1.5726766554743006,-1.624333024229527,1.047627221769197,-4.339697529,2.598551521,-0.367413669,0.1617862664767843,-0.8507974843941031,0.5008715217951442,0.1589696801383281,0.09731790694700027,0.4474613974173822,-0.8889924199950968,-0.5164037814889826,-0.7408819180381582,-0.4294427994366412,-0.8518381662554149,0.4997615087491194,0.15687629802942182,0.09897422631646782,0.44766733845103013,-0.8887058324379488,-0.5143693624582132,-0.7415068364195806,-0.4308036333497624,0.9999966513018236,0.0012630358577047202,0.0022587885162337782,-0.001260483621681461,0.9999985660310046,-0.0011309805365835879,-0.002260213746173289,0.00112812958334165,0.9999968093736424
342,2,1771971800.897038,G:/S1/USA/2026-02-24_16-21-11snow/camera/right/1771971800897038080.jpg,-1.55879300618,-1.624280647119,1.062963127234,0.006513616153974944,0.004758909168832481,0.01168358287369875,0.014197905502048812,-1.5653066223339749,-1.6290395562878326,1.0512795443603014,-4.332327496,2.593844989,-0.363761347,0.23056220395370278,-0.8495929260397856,0.5001681490682288,0.1674027558937347,0.08741291127765377,0.44652238629097485,-0.8904924151743115,-0.5201450210903882,-0.7419228943756052,-0.4230834147496261,-0.8504375231631126,0.4988921568082837,0.16692104442331124,0.08914447031296369,0.4493675288585093,-0.8888881186179832,-0.518468207905568,-0.741063721877394,-0.42663248529432574,0.9999987132267554,-0.0002146273914917055,0.0015898049930560137,0.0002204930492195094,0.9999931665498184,-0.0036902894848794697,-0.0015890020919967856,0.003690635277264238,0.9999919271092151
