idx,sample_id,side,capture_fraction,cam_to_door_centre_m,gap_pixels,gap_luma_mean,gap_luma_p90,leaf_region_pixels,leaf_region_luma_mean,in_roi_list,vis6_gap_px,vis6_gap_n,vis6_gap_delta_p50,vis6_gap_beyond,vis6_gap_on,vis6_gap_near,vis6_quad_px,vis6_quad_n,vis6_quad_delta_p50,vis6_quad_beyond,vis6_quad_on,vis6_quad_near,vis6f_gap_px,vis6f_gap_n,vis6f_gap_delta_p50,vis6f_gap_beyond,vis6f_gap_on,vis6f_gap_near,vis6f_quad_px,vis6f_quad_n,vis6f_quad_delta_p50,vis6f_quad_beyond,vis6f_quad_on,vis6f_quad_near,lidar_los,vis6_leafpoly_vs_leafplane_px,vis6_leafpoly_vs_leafplane_n,vis6_leafpoly_vs_leafplane_delta_p50,vis6_leafpoly_vs_leafplane_beyond,vis6_leafpoly_vs_leafplane_on,vis6_leafpoly_vs_leafplane_near,vis6f_leafpoly_vs_leafplane_px,vis6f_leafpoly_vs_leafplane_n,vis6f_leafpoly_vs_leafplane_delta_p50,vis6f_leafpoly_vs_leafplane_beyond,vis6f_leafpoly_vs_leafplane_on,vis6f_leafpoly_vs_leafplane_near
0,img_313927f8276bed83888b9791::yaw_minus_35,carport,0.0,7.52,5918,67.4,78.1,0,nan,False,5918,4072,0.4936770305002902,3603,0,0,9928,6789,0.46851634413467913,4783,1143,51,5918,3802,0.48523400345688117,3333,0,0,9928,6104,0.4489896200060657,4098,1143,51,clear,,,,,,,,,,,,
1,img_1f7cf648acdfeca84393921f::yaw_minus_35,carport,0.0023,7.52,5798,67.2,78.1,0,nan,False,5798,3988,0.49290661577703565,3566,0,0,9797,6699,0.46929099243677364,4763,1057,54,5798,3746,0.4862568474402127,3324,0,0,9797,6040,0.4503610366869024,4104,1057,54,clear,,,,,,,,,,,,
2,img_8448119d6dd039f747f28fad::yaw_minus_35,carport,0.0045,7.52,5798,67.4,78.1,0,nan,False,5798,3989,0.4942293135687521,3582,0,0,9797,6702,0.4695500425272279,4775,1064,55,5798,3739,0.4873131620731268,3332,0,0,9797,6039,0.4510465027924395,4112,1064,55,clear,,,,,,,,,,,,
3,img_44688fc19520c97f04987182::yaw_minus_35,carport,0.0068,7.52,5798,67.3,78.8,0,nan,False,5798,3990,0.4938499374507517,3573,0,0,9797,6702,0.4696926049172192,4784,1053,57,5798,3740,0.48727919229720484,3323,0,0,9797,6032,0.4510136100266955,4114,1053,57,clear,,,,,,,,,,,,
4,img_4a2e56357884866047e5d674::yaw_minus_35,carport,0.009,7.52,5798,67.2,78.1,0,nan,False,5798,3989,0.4939097262953114,3574,0,0,9797,6698,0.4694029852978492,4764,1063,52,5798,3750,0.48719461170532874,3335,0,0,9797,6050,0.4513622827237329,4116,1063,52,clear,,,,,,,,,,,,
5,img_5f8884d4e0886ce2c7c3329d::yaw_minus_35,carport,0.0113,7.52,5798,67.2,78.2,0,nan,False,5798,3990,0.4935493206871122,3574,0,0,9797,6698,0.4694519437917877,4767,1057,50,5798,3743,0.4868285434601196,3327,0,0,9797,6039,0.45105262490429077,4108,1057,50,clear,,,,,,,,,,,,
6,img_246e9ec9e0ed774cd0cbefb4::yaw_minus_35,carport,0.0136,7.52,5798,67.2,78.2,0,nan,False,5798,3990,0.4928880382124756,3570,0,0,9797,6701,0.4688727391737739,4763,1058,54,5798,3744,0.4860799434682441,3324,0,0,9797,6039,0.4499813687852203,4101,1058,54,clear,,,,,,,,,,,,
7,img_0808a922b5bfb00ee7a01908::yaw_minus_35,carport,0.0158,7.52,5798,67.2,78.1,0,nan,False,5798,3990,0.49387766910736897,3570,0,0,9797,6702,0.46964928047223475,4772,1056,56,5798,3745,0.4872055687545105,3325,0,0,9797,6039,0.45103240573672565,4109,1056,56,clear,,,,,,,,,,,,
8,img_50b466a226a3e1103ba42d6f::yaw_minus_35,carport,0.0181,7.52,5798,67.3,78.1,0,nan,False,5798,3990,0.4930566321715357,3569,0,0,9797,6703,0.4691349460825949,4770,1054,55,5798,3740,0.48589044913150925,3319,0,0,9797,6035,0.4501428253437858,4102,1054,55,clear,,,,,,,,,,,,
9,img_5f5029f3630b2fb09e6d6efa::yaw_minus_35,carport,0.0204,7.52,5798,67.3,77.9,0,nan,False,5798,3989,0.4931159295554597,3570,0,0,9797,6702,0.46911395183029336,4773,1053,55,5798,3740,0.48606639861346723,3321,0,0,9797,6036,0.4503557793775985,4107,1053,55,clear,,,,,,,,,,,,
10,img_5563e8df2be4dc830dc08c92::yaw_minus_35,carport,0.0226,7.52,5798,67.2,78.2,0,nan,False,5798,3989,0.4939313338138325,3578,0,0,9797,6698,0.46903874287928726,4765,1064,53,5798,3747,0.48729806293255606,3336,0,0,9797,6046,0.45110391735981326,4113,1064,53,clear,,,,,,,,,,,,
11,img_998fac7e5f651da4c2cd8d17::yaw_minus_35,carport,0.0249,7.52,5798,67.3,78.1,0,nan,False,5798,3989,0.4948433892242816,3589,0,0,9797,6701,0.4697298253063158,4780,1060,52,5798,3741,0.48762920643448826,3341,0,0,9797,6045,0.45138110889228855,4124,1060,52,clear,,,,,,,,,,,,
12,img_4bdcc685ea71836c64354033::yaw_minus_35,carport,0.0271,7.52,6068,67.5,77.9,0,nan,False,6068,4179,0.49317376578795,3676,0,0,10079,6903,0.4672127124992871,4837,1217,58,6068,3876,0.48349878902302823,3373,0,0,10079,6185,0.4477015987906565,4119,1217,58,clear,,,,,,,,,,,,
13,img_80940ca2f4c06ff631233746::yaw_minus_35,carport,0.0294,7.52,5798,67.3,77.8,0,nan,False,5798,3989,0.4938277194106675,3583,0,0,9797,6702,0.46955416322802934,4781,1059,57,5798,3731,0.48629454500634584,3325,0,0,9797,6030,0.45059140722215263,4109,1059,57,clear,,,,,,,,,,,,
14,img_7cbdf15076430dd9350f81b8::yaw_minus_35,carport,0.0317,7.52,5918,67.2,77.8,0,nan,False,5918,4071,0.4939184823124654,3620,0,0,9928,6792,0.46854082587426715,4807,1135,55,5918,3790,0.4844166629737372,3339,0,0,9928,6098,0.4490748625681804,4113,1135,55,clear,,,,,,,,,,,,
15,img_4e3d57a9706d9cb78afd5c41::yaw_minus_35,carport,0.0339,7.52,5899,67.3,77.9,0,nan,False,5899,4058,0.4924088535655238,3598,0,0,9915,6782,0.46904815754102946,4813,1118,52,5899,3782,0.4836210003964623,3322,0,0,9915,6083,0.44890605087311375,4114,1118,52,clear,,,,,,,,,,,,
16,img_39a06855544f8de8351e1656::yaw_minus_35,carport,0.0362,7.52,5918,67.2,77.9,0,nan,False,5918,4071,0.49368690576515917,3618,0,0,9928,6793,0.46849939539264085,4805,1136,55,5918,3790,0.4842205677597682,3337,0,0,9928,6097,0.448860896233672,4109,1136,55,clear,,,,,,,,,,,,
17,img_cd4571ad8de26172a08ecd80::yaw_minus_35,carport,0.0385,7.52,5637,67.7,78.8,0,nan,False,5637,3847,0.49038533888246416,3400,0,0,9718,6616,0.46931392433921504,4719,1033,47,5637,3617,0.4844805532950156,3170,0,0,9718,5933,0.45042017729983197,4036,1033,47,clear,,,,,,,,,,,,
18,img_f2e31727fc02a2394640f8b4::yaw_minus_35,carport,0.0407,7.51,5947,59.3,71.9,0,nan,False,5947,3803,0.49283660331292545,3442,0,0,10472,6675,0.4699680649675866,4787,1042,29,5947,3567,0.4860140356153124,3206,0,0,10472,5959,0.4513012937135885,4071,1042,29,clear,,,,,,,,,,,,
19,img_1a415e4ff347474b2fe0e6fd::yaw_minus_35,carport,0.043,7.53,6626,52.6,66.9,0,nan,False,6626,3876,0.4956828549089982,3489,0,0,11688,6818,0.47270094806220575,4859,1145,0,6626,3638,0.48856170695033674,3251,0,0,11688,6140,0.45543614147025435,4181,1145,0,clear,,,,,,,,,,,,
20,img_77ed34b0126642eb21004da8::yaw_minus_35,carport,0.0452,7.63,8081,56.8,68.9,0,nan,False,8081,4226,0.5020810180905748,3768,0,0,13312,6964,0.48197328323864497,5023,1118,0,8081,3937,0.4943519825343152,3479,0,0,13312,6308,0.4642222730553338,4367,1118,0,clear,,,,,,,,,,,,
21,img_a845da47748e8a6ca297bb3a::yaw_minus_35,carport,0.0475,7.87,8162,37.1,53.9,0,nan,False,8162,4136,0.5191375198484836,3565,0,0,12959,6577,0.49566611987949827,4640,1155,0,8162,3849,0.5106656595147232,3278,0,0,12959,6114,0.48203007386202934,4177,1155,0,clear,,,,,,,,,,,,
22,img_57c2604724963389dad6b8fc::yaw_plus_35,carport,0.0475,7.88,9403,35.2,65.5,0,nan,False,9403,4541,0.501309128397418,3946,0,0,14517,6988,0.47682967020906775,4920,1265,0,9403,4197,0.49288353431614684,3602,0,0,14517,6401,0.4622689995428466,4333,1265,0,clear,,,,,,,,,,,,
23,img_864756b6e6d7af01e546481e::yaw_minus_35,carport,0.0498,8.17,7075,63.0,79.9,0,nan,False,7075,3436,0.5552532682355995,2993,0,0,11437,5565,0.524803890407755,3875,1016,0,7075,3197,0.5457359572058831,2754,0,0,11437,5251,0.5029002804271059,3561,1016,0,clear,,,,,,,,,,,,
24,img_b2ca7d398dbb3a51d6b172e1::yaw_plus_35,carport,0.0498,8.18,6253,40.3,70.1,0,nan,False,6253,3425,0.5323175031269507,2993,0,0,10461,5705,0.4957770248352018,3835,1184,0,6253,3200,0.5249217958882255,2768,0,0,10461,5398,0.47748555296251904,3528,1184,0,clear,,,,,,,,,,,,
25,img_3674d4aa9eeeccc919db54a9::yaw_minus_35,carport,0.052,8.47,5850,58.3,73.9,0,nan,False,5850,2858,0.5642277152994373,2511,0,0,10000,4877,0.5175667908456862,3342,936,0,5850,2686,0.5526945379796757,2339,0,0,10000,4646,0.4894221683241211,3111,936,0,clear,,,,,,,,,,,,
26,img_0e90c061ce70226ad4b32bed::yaw_plus_35,carport,0.052,8.49,4976,48.3,70.6,0,nan,False,4976,2759,0.5459312339602178,2459,0,0,8892,4909,0.5033108734283172,3303,996,0,4976,2620,0.5397165170006604,2320,0,0,8892,4698,0.47778362244213834,3092,996,0,clear,,,,,,,,,,,,
27,img_ce4c8b78f0d154af4ad15c0f::yaw_plus_35,carport,0.0543,8.74,4533,45.1,71.8,0,nan,False,4533,2455,0.5431780194261524,2176,0,0,8450,4574,0.4724760689783709,2965,1023,0,4533,2322,0.5331158840733146,2043,0,0,8450,4384,0.44820531656218243,2775,1023,0,clear,,,,,,,,,,,,
28,img_46f7e3520c57796e33d0dd24::yaw_plus_35,carport,0.0566,8.91,3070,37.1,69.0,0,nan,False,3070,1776,0.5485932170557053,1673,0,0,6775,3913,0.46337210079040325,2507,879,0,3070,1688,0.5356062416830287,1585,0,0,6775,3782,0.44348313948137896,2376,879,0,clear,,,,,,,,,,,,
29,img_4482606b56ce83da57f0a986::yaw_plus_35,carport,0.0588,9.09,2692,51.3,74.6,0,nan,False,2692,1548,0.5372100852344506,1447,0,0,6288,3612,0.43454260901998065,2232,884,0,2692,1471,0.5262946395258723,1370,0,0,6288,3508,0.4168361050726128,2128,884,0,clear,,,,,,,,,,,,
30,img_7e1c9e745aed152b1e706429::yaw_minus_35,carport,0.0611,9.17,4352,51.6,62.9,0,nan,False,4352,1989,0.552026991705473,1802,0,0,8584,3953,0.4726205029430979,2566,866,0,4352,1894,0.5402337452422348,1707,0,0,8584,3827,0.4530477358991014,2440,866,0,clear,,,,,,,,,,,,
31,img_4767ec0db6e2111433779ace::yaw_plus_35,carport,0.0611,9.17,4466,55.4,75.9,0,nan,False,4466,2115,0.5538000247980452,1926,0,0,8813,4152,0.4587201221347401,2645,975,0,4466,2020,0.5447217990779212,1831,0,0,8813,4011,0.4389792571859026,2504,975,0,clear,,,,,,,,,,,,
32,img_764fe29b4e1960f79bb29e3d::yaw_minus_35,carport,0.0633,9.21,3855,47.6,58.9,0,nan,False,3855,2021,0.5126394139517938,1822,0,0,8038,4223,0.47431071178045237,2787,867,0,3855,1947,0.5071571580467751,1748,0,0,8038,4094,0.4601573328959754,2658,867,0,clear,,,,,,,,,,,,
33,img_4dc8f84b30561037eb7ae084::yaw_minus_35,carport,0.0656,9.17,4134,31.8,44.6,0,nan,False,4134,2190,0.47373379582490127,2026,0,0,8442,4486,0.4471561503587891,3031,842,0,4134,2128,0.4711645427767346,1964,0,0,8442,4239,0.4363267073185231,2784,842,0,clear,,,,,,,,,,,,
34,img_e42f586216482cf4776c2f4f::yaw_minus_35,carport,0.0679,9.0,5296,28.3,41.3,0,nan,False,5296,2818,0.4326189612580862,2478,0,0,9674,5164,0.4139916504784198,3606,867,0,5296,2694,0.42870288936425993,2354,0,0,9674,4718,0.4038429543826396,3160,867,0,clear,,,,,,,,,,,,
35,img_f4e71c9e7ff3353987c9c41a::yaw_minus_35,carport,0.0701,8.82,6986,28.9,43.2,0,nan,False,6986,3716,0.39837249108031614,3228,0,7,11542,6153,0.3812770442855449,4404,870,91,6986,3281,0.3907297102559131,2827,0,7,11542,5344,0.37198010960540895,3688,831,91,clear,,,,,,,,,,,,
36,img_495d939ae647085d401c5718::yaw_minus_35,carport,0.0724,8.62,8469,30.7,41.7,0,nan,False,8469,4595,0.36122098731071794,3715,0,191,13021,7069,0.343694214289469,4822,934,423,8469,4030,0.35095340814240217,3187,0,191,13021,6135,0.334499630764558,4017,869,423,clear,,,,,,,,,,,,
37,img_c6c64c84f33e7ba57d01e36f::yaw_minus_35,carport,0.0747,8.39,10534,28.9,43.7,0,nan,False,10534,5649,0.3301126736357407,3729,26,459,15238,8159,0.314027210234439,4658,886,853,10534,4693,0.32001757100641903,3028,25,267,15238,6718,0.3086210387019701,3697,794,542,clear,,,,,,,,,,,,
38,img_c77512e4e0ce2d4fa776ea2d::yaw_minus_35,carport,0.0769,8.22,13090,41.5,84.2,0,nan,False,13090,7116,0.28646549350397166,3155,134,1242,17843,9688,0.2798645807336353,4069,864,1752,13090,6054,0.2791021289057536,2302,124,1105,17843,7719,0.27453826976248763,2805,641,1356,clear,,,,,,,,,,,,
39,img_f218d51dae29bd11fe08c9e2::yaw_minus_35,carport,0.0792,8.03,14698,52.4,105.9,0,nan,False,14698,7920,0.2595943101491418,3280,121,1879,19581,10561,0.2522161636095692,4122,651,2714,14698,5848,0.2550394562066045,2063,78,1263,19581,7655,0.2467705845779573,2427,479,1883,clear,,,,,,,,,,,,
40,img_3a1483836f813dc9ad7e4edb::yaw_minus_35,carport,0.0814,7.91,15705,44.7,104.5,0,nan,False,15705,8805,0.23007753640509598,3234,140,2792,20683,11579,0.2237739407935031,4089,602,3795,15705,5981,0.22412060957620206,1594,82,1931,20683,7706,0.21814457783526864,1935,347,2615,clear,,,,,,,,,,,,
41,img_88226fd046cc5356cc68c8ec::yaw_minus_35,carport,0.0837,7.87,18843,66.2,113.2,0,nan,True,18843,10032,0.20170895901968677,3041,188,4016,24111,12840,0.19642979776660185,3860,749,4978,18843,6206,0.17906450462375156,1119,91,2945,24111,7825,0.15178684732892656,1416,388,3521,clear,,,,,,,,,,,,
42,img_9f8e6e6735bab2261cf49998::yaw_minus_35,carport,0.086,7.77,21551,64.7,113.6,0,nan,True,21551,11434,0.19607222459839235,4106,265,4345,26890,14249,0.18713178511655393,4743,864,5414,21551,5863,0.13535310378568433,979,124,2857,26890,7413,0.0994524289369565,1198,367,3499,clear,,,,,,,,,,,,
43,img_552ccaef249d70922a2b9ae7::yaw_minus_35,carport,0.0882,7.75,23456,62.0,108.2,0,nan,True,23456,12526,0.180672867566968,4711,176,5424,28990,15476,0.17160214156286546,5275,549,6904,23456,4551,-2.4645120502919067,746,0,3014,28990,5863,-2.4690178511196432,785,29,3940,occluded,,,,,,,,,,,,
44,img_03470cda035b5adeddb4a5b3::yaw_minus_35,carport,0.0905,7.7,26479,76.4,103.2,0,nan,False,26479,13958,0.1736866625955522,4942,351,5937,32123,16977,0.16327985136298206,5466,926,7364,26479,3580,-4.032224497200126,180,102,2649,32123,4628,-4.088915597313322,194,249,3420,occluded,,,,,,,,,,,,
45,img_68f31368a376525690e48608::yaw_minus_35,carport,0.0928,7.58,25774,48.8,112.0,0,nan,False,25774,14503,0.17826103635476542,6173,281,5248,31434,17720,0.1704623041260689,6878,855,6462,25774,5302,-1.9512022169032281,519,104,3103,31434,6591,-1.9407988083998502,528,299,3720,occluded,,,,,,,,,,,,
46,img_92dd1fda516c07508a76a56c::yaw_minus_35,carport,0.095,7.49,26850,68.2,127.1,0,nan,False,26850,15454,0.16942648454810127,6527,512,5674,32563,18703,0.16218362242998907,7182,1315,6737,26850,5525,-1.8379201719195937,786,89,3195,32563,6728,-1.8326146947621575,795,290,3767,occluded,,,,,,,,,,,,
47,img_8c80111aab308428694788f4::yaw_minus_35,carport,0.0973,7.32,29637,71.9,121.9,0,nan,True,29637,17120,0.16488125176714785,7513,857,6425,35700,20651,0.15790534859471883,8337,1654,7706,29637,5208,-2.4264137053924397,396,184,3489,35700,6602,-2.442827446823052,414,337,4285,occluded,,,,,,,,,,,,
48,img_df46b1666c566e3ae900c93b::yaw_minus_35,carport,0.0995,7.16,31240,55.8,114.0,0,nan,True,31240,18011,0.15268727134049165,7445,1252,7562,37665,21742,0.14707615779471617,8320,2434,8758,31240,5224,-3.4133702865113067,121,161,3940,37665,6467,-3.329378660062649,132,491,4466,occluded,,,,,,,,,,,,
49,img_72d329aaeffd9ca5bb751d0f::yaw_minus_35,carport,0.1018,7.05,35847,75.9,128.0,0,nan,True,35847,19999,0.15438913590663628,8979,1812,7668,42925,23939,0.14779906506956486,9830,3189,9019,35847,4539,-3.2753753419807365,62,321,3229,42925,5880,-3.2665036506065332,68,628,3989,occluded,,,,,,,,,,,,
50,img_298eb4ad7a7fb190d39583ea::yaw_minus_35,carport,0.1041,6.87,40187,57.6,118.2,0,nan,False,40187,22550,0.620331189178275,11361,2585,7418,47624,26719,0.15308167150803254,12399,4180,8708,40187,4088,-3.180108219233327,50,578,2812,47624,5266,-3.119969208934909,58,1072,3343,occluded,,,,,,,,,,,,
51,img_bca1f40e65c0073ea5c3b207::yaw_minus_35,carport,0.1063,6.78,39686,59.8,125.2,0,nan,False,39686,23142,0.8639226691977591,12436,3138,6853,47018,27455,0.24196668534534016,13583,4863,8103,39686,4234,-2.5924185617954234,73,1012,2789,47018,5445,-2.122434941978045,100,1637,3253,occluded,,,,,,,,,,,,
52,img_65f505414e53514b40c87f66::yaw_minus_35,carport,0.1086,6.73,43872,62.9,130.2,0,nan,False,43872,24421,0.97308212078023,13761,3440,6687,51572,28654,0.7795091343397682,14904,5125,7933,43872,4655,-2.4253473415970506,259,1237,2955,51572,5895,-1.9877139970079245,262,1811,3534,occluded,,,,,,,,,,,,
53,img_20db9aea57590d693ed1f417::yaw_minus_35,carport,0.1109,6.57,44958,66.2,134.5,0,nan,False,44958,25272,1.0116793925420668,14556,3474,6819,53044,29818,0.8232473670543667,15870,5254,8102,44958,4464,-2.6834664497546084,174,1141,3024,53044,5724,-2.5884345349587603,181,1677,3660,occluded,,,,,,,,,,,,
54,img_7e5fa33d0d13a5a9e8727f84::yaw_minus_35,carport,0.1131,6.37,47593,79.7,140.7,0,nan,False,47593,26572,1.030749214895772,15753,3482,6977,56006,31268,0.9258561406233179,17179,5346,8224,47593,4545,-2.806250350683876,16,1091,3348,56006,5750,-2.7567717982046513,23,1623,3948,occluded,,,,,,,,,,,,
55,img_2cb25c84f93cba5efbbe84c5::yaw_minus_35,carport,0.1154,6.14,50478,78.3,137.3,0,nan,False,50478,28617,1.0456680813701462,17301,3700,7259,59328,33588,0.9870983531953348,18882,5741,8417,50478,5084,-2.9586841422446555,2,1127,3897,59328,6199,-2.8540046842210174,5,1650,4420,occluded,,,,,,,,,,,,
56,img_5bf2570751fa5012e024eb20::yaw_minus_35,carport,0.1176,5.93,53705,102.2,144.9,0,nan,False,53705,30121,1.0996490768332148,19183,3842,6764,62986,35282,1.011099228143367,20858,5924,8006,53705,4766,-2.962581880677357,0,1088,3646,62986,5927,-2.8508774106785566,6,1592,4252,occluded,,,,,,,,,,,,
57,img_59524914ac06cf1a2d6e317a::yaw_minus_35,carport,0.1199,5.72,56097,102.3,132.1,0,nan,False,56097,30362,1.1541604676305384,20082,3822,6281,65768,35465,1.037835383016084,21737,6050,7342,56097,4948,-2.6225359880210366,280,1080,3572,65768,6010,-2.4839490063404774,283,1608,4065,occluded,,,,,,,,,,,,
58,img_cc49a20a9f67e4bfb75ac5cd::yaw_minus_35,carport,0.1222,5.58,66504,86.1,101.1,0,nan,False,66504,31331,1.6367210786501367,22087,4117,5088,77600,36155,1.2111697357952487,23398,6284,6224,66504,4341,-1.455079830567886,718,1204,2412,77600,5448,-1.4606607897427848,718,1662,3033,occluded,,,,,,,,,,,,
59,img_43880861e0630f5d7ac7cc0d::yaw_minus_35,carport,0.1244,5.41,74322,72.7,85.7,0,nan,False,74322,32352,1.7921823450803078,22647,4289,5400,86250,37306,1.3278134076853898,24303,6608,6146,74322,4208,-1.4495984479750001,128,1303,2774,86250,5183,-1.4365045045013058,128,1909,3108,occluded,,,,,,,,,,,,
60,img_6ed6c4d41155b1fef7584c54::yaw_minus_35,carport,0.1267,5.24,87575,71.2,91.2,217,74.0,False,87575,32213,1.764228170050366,22080,4367,5760,101343,37105,1.3153520557959046,23710,6714,6378,87575,4306,-1.4277784884772116,95,1322,2885,101343,5369,-1.4037407709783487,95,2054,3138,occluded,217,69,0.031201604849298015,29,35,5,217,17,0.02047801238113145,0,12,5
61,img_2583dd744e4c06e135d8853a::yaw_minus_35,carport,0.1448,5.53,67102,26.4,33.9,6840,63.6,False,67102,26378,3.1413918849921783,22386,3604,195,90288,34848,2.8072658124861873,25517,7142,1124,67102,13282,2.7665217216929623,9504,3454,191,90288,18783,0.9190708385956068,10797,6267,1075,clear,6840,2503,-0.10939364678011465,47,1283,873,6840,1735,-0.20938106772472675,3,749,758
62,img_a4bc513964ab0170b07c28bc::yaw_minus_35,carport,0.1471,5.54,60097,29.0,38.8,12154,54.5,True,60097,23444,3.0841368028217033,19956,3299,0,88819,34044,2.7629661466241977,25022,7515,69,60097,12278,2.7630320497862146,8903,3213,0,88819,20677,0.6883258484795967,12038,7239,69,clear,12154,4409,-0.036774054741750994,170,2956,850,12154,4251,-0.03930788140843333,12,2956,850
63,img_e1287e860ec48f842b16e821::yaw_minus_35,carport,0.1561,6.09,28694,15.0,20.2,23524,40.4,True,28694,11142,3.7223892164066124,9201,1724,0,68067,26045,0.9760617138592744,17677,6319,0,28694,5866,2.296411655394062,3925,1724,0,68067,18245,0.4400845311115189,9877,6319,0,clear,23524,8880,-0.007007500734736549,903,6478,855,23524,8027,-0.010704943228095232,50,6478,855
64,img_d691623e566cde7f444905b2::yaw_minus_35,carport,0.1584,6.22,22018,13.5,16.3,21898,44.5,True,22018,9477,3.763628621354738,7888,1349,0,58567,25310,0.9055399518715332,17070,5813,0,22018,4876,2.3125914730871653,3287,1349,0,58567,17989,0.4287753801950869,9749,5813,0,clear,21898,9455,-0.005699125651313253,1025,6943,850,21898,8480,-0.009407213488873634,50,6943,850
65,img_8a5782154627496067ab070d::yaw_minus_35,carport,0.1606,6.38,16428,18.0,21.0,22402,49.0,True,16428,7208,3.731451694525084,5856,1061,0,52938,23203,0.8222357118048071,15194,5115,0,16428,3614,1.1713023546222412,2262,1061,0,52938,16867,0.37509643708318485,8858,5115,0,clear,22402,9824,-0.004747628679991678,1170,7153,865,22402,8695,-0.008616753104795372,41,7153,865
66,img_f5f133cabb2d110c4de5284e::yaw_minus_35,carport,0.1629,6.6,12499,19.6,24.2,22887,56.0,True,12499,5540,3.839267440614483,4487,651,0,48817,21778,0.738582551376636,13958,4409,0,12499,2543,0.7994711826115006,1490,651,0,48817,16031,0.336917432897887,8211,4409,0,clear,22887,10280,-0.004548518454458694,1276,7446,943,22887,9046,-0.008080018692625313,42,7446,943
67,img_1a38b2127348ddbd3e540b2f::yaw_minus_35,carport,0.1652,6.75,8108,22.4,26.8,22688,57.9,True,8108,3747,3.984336114873164,2920,302,0,43399,19927,0.6756798324178908,12484,3392,0,8108,1581,0.17064207436542222,754,302,0,43399,15027,0.31600453685586505,7584,3392,0,clear,22688,10416,-0.004447661936243907,1239,7540,1049,22688,9220,-0.007922083897905718,43,7540,1049
68,img_6f0133802dcbba5715db2a6b::yaw_minus_35,carport,0.1674,6.87,4111,26.7,33.1,23351,54.4,True,4111,1877,1.3673826332764536,1293,70,0,39240,18169,0.6283353729924093,11060,2389,0,4111,966,0.1697888119167814,382,70,0,39240,14537,0.3343585367605,7428,2389,0,clear,23351,10856,-0.004101601494665541,1301,7904,1097,23351,9595,-0.007369333415171653,40,7904,1097
69,img_a2ef0a0058461539f6d32279::yaw_minus_35,carport,0.1697,6.99,1877,98.1,137.8,24186,77.0,True,1877,846,0.1829605977820754,395,4,105,36614,17128,0.40149997517775216,9097,1704,1338,1877,274,0.17822518969172263,76,0,105,36614,9010,0.17292898567692117,2566,1417,1338,clear,24186,11371,-0.006043389029844803,1397,7574,1870,24186,5919,-0.015824627149208403,38,4171,1181
70,img_24d4e5bc6fa22cd9ea92ff2e::yaw_minus_35,carport,0.1719,6.97,1519,33.2,46.9,23637,85.6,False,1519,696,0.5359115834850603,363,4,2,34218,16489,0.507074591447406,9413,1348,1017,1519,595,0.19194967878116742,286,4,2,34218,8272,0.7432228430233958,5181,261,1017,clear,23637,11454,-0.004299569184023966,1747,7499,1813,23637,6015,-0.006278378596063838,19,4358,1638
71,img_789243cb60bd90423c2cc36f::yaw_minus_35,carport,0.1742,6.92,1271,30.1,44.9,21602,50.1,False,1271,596,0.4180049860018764,300,4,0,31466,15880,0.4808793275822052,9142,1554,0,1271,543,0.19968297706300753,247,4,0,31466,13578,0.3067872674218184,6840,1554,0,clear,21602,10957,-0.0040584653295798745,1824,7514,1114,21602,9198,-0.007893709148152794,65,7514,1114
72,img_5e8f6477648ca5ac8d8ba881::yaw_minus_35,carport,0.1765,6.88,1058,27.1,45.0,19844,50.6,True,1058,548,0.4549801711377315,282,4,0,29255,15680,0.4514629766470102,9072,1658,0,1058,496,0.2112495188753063,230,4,0,29255,13315,0.30312867141597444,6707,1658,0,clear,19844,10697,-0.0038703674555247147,1848,7277,1064,19844,8936,-0.007587632846963288,87,7277,1064
73,img_28ae3ec748a5e0d8c78031df::yaw_minus_35,carport,0.1787,6.78,1096,26.8,44.9,20136,47.6,True,1096,558,0.2254184507377217,260,3,0,29578,15825,0.4400304461532256,9285,1686,0,1096,508,0.22079481234113896,210,3,0,29578,13275,0.3104125970851648,6735,1686,0,clear,20136,10826,-0.003396402322572989,2177,7043,1041,20136,8749,-0.007436656736618197,100,7043,1041
74,img_5550c6ee126a8a927e97dac2::yaw_minus_35,carport,0.181,6.69,959,27.5,46.2,18705,48.3,True,959,509,0.24914919755549736,252,1,0,27934,15638,0.4219924980960794,9114,1694,0,959,465,0.23739946152620028,208,1,0,27934,12826,0.2737079336076298,6302,1694,0,clear,18705,10512,-0.00261557023372605,2220,6712,978,18705,8421,-0.00727800741841822,129,6712,978
75,img_b7f55877796392d83c722aba::yaw_minus_35,carport,0.1833,6.69,1096,22.7,39.2,21613,46.8,True,1096,551,0.4201772053714139,284,1,0,31333,16873,0.4333347906100924,10117,1721,0,1096,485,0.24863483232079542,218,1,0,31333,13575,0.3121825991117726,6819,1721,0,clear,21613,11689,-0.00035859684182515394,2712,7190,995,21613,9172,-0.006442781173788603,195,7190,995
76,img_864f94111ef95cfcf74e9828::yaw_minus_35,carport,0.1855,6.64,1522,33.4,49.3,28281,50.9,True,1522,656,0.42962408374521655,343,0,0,39340,18748,0.47097208797899937,11581,1826,0,1522,566,0.24601873311666766,253,0,0,39340,14554,0.3277462703360996,7387,1826,0,clear,28281,13530,0.003082494865252805,3595,7938,1077,28281,10179,-0.005830664302482802,244,7938,1077
77,img_05cc6ae9bfec314d854c8837::yaw_minus_35,carport,0.1878,6.57,1938,32.9,48.3,32282,50.6,True,1938,779,0.4993627233683755,440,0,0,44300,20131,0.49585725513275225,12692,1888,0,1938,657,0.24804356292340835,318,0,0,44300,15339,0.33631898691136275,7900,1888,0,clear,32282,14737,0.006411941572053159,4177,8479,1098,32282,10823,-0.005812411909766446,263,8479,1098
78,img_21571925b3bdee2457e819f8::yaw_plus_35,carport,0.1878,6.57,3310,30.4,58.3,39309,35.7,False,3310,848,0.2576627471318118,397,4,0,53449,19002,0.5579166927231274,12362,991,0,3310,701,0.24851899130270816,250,4,0,53449,14174,0.3536045552777365,7534,991,0,clear,39309,15258,0.010062245521213153,4412,8661,1069,39309,11215,-0.0071723010537603216,369,8661,1069
79,img_1fb3a72aca781ca07d397457::yaw_minus_35,carport,0.19,6.54,2075,31.5,50.2,33790,49.6,True,2075,804,0.4845437484877273,433,0,0,46389,20575,0.5166137928541721,13065,1888,0,2075,662,0.24216525610363382,291,0,0,46389,15490,0.3352458789673234,7980,1888,0,clear,33790,15075,0.008240219334853194,4412,8585,1084,33790,10934,-0.005550886046514769,271,8585,1084
80,img_9d11a004e9202f7dd1430bdc::yaw_plus_35,carport,0.19,6.54,2733,23.4,42.5,39242,35.4,False,2733,955,0.2564304404492539,454,39,0,53312,20782,0.5060688384686034,13227,1894,0,2733,808,0.24719890644393772,307,39,0,53312,15690,0.34453629697672294,8135,1894,0,clear,39242,15445,0.01134157255471635,4514,8735,1079,39242,11302,-0.0069265173485746345,371,8735,1079
81,img_0fd1829e4d452fc9e06670fe::yaw_minus_35,carport,0.1923,6.52,2772,32.2,52.4,38876,46.8,True,2772,984,0.40724218736538953,532,58,0,52958,21199,0.5263677246910738,13635,1901,0,2772,812,0.23987717910015194,360,58,0,52958,15782,0.33541497032956746,8218,1901,0,clear,38876,15658,0.00930937211024041,4703,8776,1134,38876,11214,-0.005547813169715532,259,8776,1134
82,img_a49f9bef3e593948cf72d9a1::yaw_plus_35,carport,0.1923,6.52,2596,22.4,41.2,37928,34.9,False,2596,934,0.2532416335969718,427,44,0,51806,20756,0.5079532295821263,13256,1816,0,2596,784,0.24471922838092208,277,44,0,51806,15623,0.3441767498742321,8123,1816,0,clear,37928,15345,0.009028011038220818,4469,8654,1089,37928,11209,-0.007533032686373176,333,8654,1089
83,img_2b4f13c695909781ea9270a7::yaw_plus_35,carport,0.1946,6.5,2194,18.9,32.2,33155,33.8,True,2194,854,0.2482163530011925,370,14,0,46189,20394,0.498629296891834,12894,1859,0,2194,713,0.2414577444078585,229,14,0,46189,15465,0.3390081204300479,7965,1859,0,clear,33155,14776,0.006683034779911168,4213,8426,1078,33155,10831,-0.007906965425603651,268,8426,1078
84,img_753e568dd0cb0b359ee23e57::yaw_plus_35,carport,0.1968,6.5,1883,19.8,33.0,29528,32.6,True,1883,782,0.24614703729247678,336,0,0,41665,19722,0.499227212488611,12429,1767,0,1883,660,0.23969241907883765,214,0,0,41665,15054,0.33801596741458795,7761,1767,0,clear,29528,14095,0.0029128535637932274,3900,8184,1041,29528,10413,-0.008316475980957527,218,8184,1041
85,img_dad684e3df7bafd45b805a5d::yaw_plus_35,carport,0.1991,6.49,2100,20.5,33.0,31109,32.7,True,2100,814,0.24382101984417037,338,0,0,43952,19880,0.496283734950941,12494,1838,0,2100,681,0.237150765599762,205,0,0,43952,15133,0.334606774730803,7747,1838,0,clear,31109,14205,0.002189348299858729,3920,8251,1067,31109,10480,-0.008647073752136691,195,8251,1067
86,img_954f086e75547572ac933571::yaw_plus_35,carport,0.2014,6.47,2333,20.6,31.9,33848,33.3,True,2333,853,0.25014256333414675,360,0,0,47650,20241,0.5034758017091612,12836,1795,0,2333,714,0.24275304674891895,221,0,0,47650,15358,0.3428088664474007,7953,1795,0,clear,33848,14531,0.005224111562472267,4072,8394,1031,33848,10685,-0.008243988905341837,226,8394,1031
87,img_e0bbacc0010098c4844951ac::yaw_plus_35,carport,0.2036,6.47,1770,19.5,29.9,27933,32.9,True,1770,722,0.26010169853686094,286,0,0,39944,18630,0.4550905252788837,11540,1768,0,1770,633,0.2546158210617344,197,0,0,39944,14587,0.3404556035022468,7497,1768,0,clear,27933,13162,0.005868509334814309,3549,7635,964,27933,9861,-0.007526721251804425,248,7635,964
88,img_b4812019b4dfa216489f95df::yaw_minus_35,carport,0.2059,6.5,1925,29.6,47.7,33155,50.6,True,1925,703,0.38137284585640074,369,0,0,45696,18686,0.4301007356221036,11477,1900,0,1925,580,0.2740898197647774,246,0,0,45696,14616,0.31573251280393855,7407,1900,0,clear,33155,13604,0.017423114227884895,4037,7464,1001,33155,10060,-0.004648274396878538,493,7464,1001
89,img_93526b49c3d4ea71e085b123::yaw_plus_35,carport,0.2059,6.49,1688,20.3,32.9,29119,34.1,True,1688,656,0.28706293287682927,281,0,0,40915,17884,0.4286072829388816,10961,1769,0,1688,559,0.27880047160851973,184,0,0,40915,14098,0.31009631156683515,7175,1769,0,clear,29119,12815,0.015302478987861967,3688,7064,942,29119,9688,-0.006415984691172216,561,7064,942
90,img_fe46c480df46c4db13c4fd6c::yaw_minus_35,carport,0.2081,6.4,721,33.1,50.0,16991,55.1,False,721,400,0.3123967033447763,250,0,0,25403,14848,0.4402597916739235,9215,1841,0,721,349,0.3060755818538974,199,0,0,25403,12413,0.31071042439534935,6780,1841,0,clear,16991,9977,0.0016114489153968847,2318,5938,822,16991,8183,-0.0050116722096467115,530,5938,822
91,img_39bde7ed1336ec78411af4c0::yaw_minus_35,carport,0.2104,6.39,392,32.1,52.5,11326,59.7,False,392,209,0.3608211118619691,207,0,0,18698,10783,0.3629482415237453,7990,1647,0,392,199,0.35983810643789216,197,0,0,18698,9712,0.3496642260683509,6919,1647,0,clear,11326,6559,0.0038791457081046588,1258,4209,485,11326,5804,-0.0020610576670700986,503,4209,485
92,img_98bb570ecf462a8b29f1009a::yaw_minus_35,carport,0.2127,6.39,261,40.6,65.9,8986,66.1,False,261,135,0.42349130020154124,135,0,0,15870,8602,0.41169961758264595,6259,1466,0,261,124,0.42098971647029115,124,0,0,15870,7912,0.40133490718160614,5583,1465,0,clear,8986,4896,0.021842471614437198,886,3299,244,8986,4617,0.012363978546609644,607,3299,244
93,img_5e80513ffc34b6196a43e365::yaw_minus_35,carport,0.2149,6.33,189,59.0,91.0,6833,73.8,False,189,88,0.5088346970679072,88,0,0,13273,6828,0.48525704757159716,4643,1383,71,189,72,0.5073706123499369,72,0,0,13273,6340,0.47567578824500156,4208,1352,71,clear,6833,3529,0.05233604043624762,777,2521,1,6833,3384,0.04993380297368777,643,2511,1
94,img_4beafc8e6c2ff2943ec8c75d::yaw_minus_35,carport,0.2172,6.35,61,53.5,85.1,3539,78.2,False,61,27,0.5368694511665248,22,0,5,10045,4506,0.4190835480233801,2619,947,188,61,25,0.5246264000703373,20,0,5,10045,3704,0.30861161704377427,1875,917,188,clear,3539,1584,0.06293615686417953,607,959,18,3539,1074,0.06009144344468531,115,941,18
95,img_1a62eea81648de2de47d1d27::yaw_minus_35,carport,0.2195,6.37,8,92.6,102.0,990,90.6,False,8,4,0.5260633560742107,4,0,0,7073,2994,0.2356030389768562,1356,678,111,8,4,0.5260633560742107,4,0,0,7073,2284,0.12258194419301516,763,638,105,no_lidar,990,418,0.0646929204585378,145,266,7,990,271,0.06276814749970061,0,264,7
96,img_5b91b0038b79183f5c7235e8::yaw_minus_35,carport,0.2217,6.35,0,nan,nan,0,nan,False,0,0,,,,,3703,1413,-0.31137604937853425,86,285,737,0,0,,,,,3703,787,-0.3788961159034594,1,132,523,no_lidar,,,,,,,,,,,,
97,img_d63e075dca6c1af17d7d7f52::yaw_minus_35,interior,0.224,6.39,0,nan,nan,0,nan,False,0,0,,,,,1237,398,-0.45242566887400937,22,63,247,0,0,,,,,1237,29,-3.487180325017622,0,0,29,no_lidar,,,,,,,,,,,,
98,img_8025ffd18b089ef27d299a02::yaw_plus_35,interior,0.2285,6.5,2229,156.1,175.7,0,nan,False,2229,752,-1.7988699820753373,35,0,703,8395,2852,-1.8214450757351246,84,103,2546,2229,109,-3.661624661768829,0,0,109,8395,391,-3.6369483943533867,0,0,391,occluded,,,,,,,,,,,,
99,img_729de0fdc89bc5da6f822671::yaw_plus_35,interior,0.2308,6.54,5077,123.5,176.0,0,nan,False,5077,1730,-1.7298540938030125,64,0,1550,11209,3915,-1.605429893854434,110,161,3460,5077,265,-3.67257610849708,0,0,265,11209,584,-3.6620332611167576,0,0,584,occluded,,,,,,,,,,,,
100,img_b66bfddd418c61e670dc3a5c::yaw_plus_35,interior,0.233,6.64,8312,157.9,177.2,0,nan,False,8312,2717,-1.3327166229371725,153,0,2347,14697,4849,-1.3347099443462698,224,287,4079,8312,744,-3.5617981675247754,0,0,744,14697,1312,-3.5091071488906858,0,0,1312,occluded,,,,,,,,,,,,
101,img_2528134f0c15a2a2a931c0df::yaw_plus_35,interior,0.2353,6.66,10642,166.6,180.9,0,nan,False,10642,3707,-1.2536626195699938,135,39,3193,16962,5928,-1.2042251456806614,215,459,4902,10642,843,-3.6456701532365745,0,0,843,16962,1351,-3.6382779121609374,0,0,1351,occluded,,,,,,,,,,,,
102,img_8cb5b725b7b6ad962fac04a5::yaw_plus_35,interior,0.2376,6.66,11740,158.6,175.5,0,nan,False,11740,4507,-1.330836035691175,194,36,3995,18004,6852,-1.335184055677157,320,565,5673,11740,1015,-3.6829438594279136,0,0,1015,18004,1606,-3.6645188145676424,0,0,1606,occluded,,,,,,,,,,,,
103,img_4fcd6a3db493c1c587d8b3a9::yaw_plus_35,interior,0.2398,6.7,14423,168.0,189.8,0,nan,False,14423,5461,-1.6114117673967545,244,92,4820,20795,7916,-1.8991113722751978,342,486,6774,14423,1200,-3.753265104150231,0,0,1200,20795,1797,-3.735964721810226,0,0,1797,occluded,,,,,,,,,,,,
104,img_d243f0bef95f3ab8666465b0::yaw_plus_35,interior,0.2421,6.68,15670,159.2,190.0,0,nan,False,15670,6392,-2.493975086234869,276,89,5856,21874,8918,-2.3686596555745836,401,441,7882,15670,1486,-3.8168089529147093,0,0,1486,21874,2059,-3.799413148934443,0,0,2059,occluded,,,,,,,,,,,,
105,img_ae76977466c8fa930454864c::yaw_plus_35,interior,0.2443,6.67,17413,165.5,194.0,0,nan,False,17413,7291,-1.701345052711769,391,83,6504,23796,10022,-1.7200917545411274,508,379,8751,17413,1641,-3.894193791631528,0,0,1641,23796,2243,-3.8828039419917664,0,0,2243,occluded,,,,,,,,,,,,
106,img_20a58f5ac4250200235962e2::yaw_plus_35,interior,0.2466,6.73,18366,136.1,165.2,0,nan,False,18366,7773,-1.5870742028028273,543,82,6812,24749,10547,-1.5317342706625103,770,408,8970,18366,1740,-3.985838230571073,0,0,1740,24749,2349,-3.971654863633158,0,0,2349,occluded,,,,,,,,,,,,
107,img_0c5af46cf601f1ba240045ea::yaw_plus_35,interior,0.2489,6.79,19802,154.6,193.7,0,nan,False,19802,8452,-1.3790809872930971,909,90,7131,26156,11173,-1.3857352305177715,1147,384,9244,19802,1816,-4.031631615279521,0,0,1816,26156,2446,-4.013898798706315,0,0,2446,occluded,,,,,,,,,,,,
108,img_575f482e53a2e9d903317aeb::yaw_plus_35,interior,0.2511,6.8,22051,165.9,190.6,0,nan,False,22051,9233,-1.2684857207053764,1097,83,7626,28387,11904,-1.317676222337731,1298,307,9793,22051,1827,-4.246355075423645,0,0,1827,28387,2527,-4.2563303430194654,0,0,2527,occluded,,,,,,,,,,,,
109,img_19b325eb7f251301eb6db660::yaw_plus_35,interior,0.2534,6.86,25206,169.2,192.9,0,nan,False,25206,9881,-1.6426253458202975,1134,98,8330,31760,12444,-1.6135653690938265,1434,300,10298,25206,2901,-4.247134174303169,0,0,2901,31760,3622,-4.233906755493329,0,0,3622,occluded,,,,,,,,,,,,
110,img_1371e2f1b988b88eea55fbdc::yaw_plus_35,interior,0.2602,7.07,26987,172.1,193.1,0,nan,False,26987,11039,-1.4748418053750605,1615,51,9005,33511,13737,-1.4750581802886442,1820,190,11152,26987,2873,-4.632428546628322,0,0,2873,33511,3579,-4.617900749641981,0,0,3579,occluded,,,,,,,,,,,,
111,img_eeceff5515532096691986e5::yaw_plus_35,interior,0.2624,7.25,27039,178.0,197.2,0,nan,False,27039,11075,-1.410849217607761,1722,32,8999,33403,13703,-1.42961993688548,1845,143,11229,27039,3041,-4.737415653673404,0,0,3041,33403,3721,-4.72366781670917,0,0,3721,occluded,,,,,,,,,,,,
112,img_36179b59758015708cbc0529::yaw_plus_35,interior,0.267,7.39,30599,181.3,201.8,0,nan,False,30599,11254,-1.3162266420906934,1529,54,9212,37115,13669,-1.3140115292577201,1711,213,10993,30599,2983,-5.084236486808501,0,0,2983,37115,3584,-5.08080642459614,0,0,3584,occluded,,,,,,,,,,,,
113,img_5d36f96d95329bc275b1e854::yaw_plus_35,interior,0.2715,7.68,29815,200.8,226.2,0,nan,False,29815,11005,-1.3732943404733708,1290,114,9237,36185,13380,-1.3709339427046698,1402,215,11058,29815,3311,-4.882294587486865,0,0,3311,36185,3991,-4.878313928344325,0,0,3991,occluded,,,,,,,,,,,,
114,img_69419e5adbf182700c58bb12::yaw_minus_35,interior,0.276,7.7,25438,172.5,221.8,0,nan,False,25438,12102,-1.6253298915373278,1462,260,10061,30901,14721,-1.697161830439076,1612,440,12095,25438,4735,-4.618442916964828,0,0,4735,30901,5720,-4.615943386137356,0,0,5720,occluded,,,,,,,,,,,,
115,img_2bd2f89c0ed9038a7ebb2598::yaw_minus_35,interior,0.2783,7.59,24035,162.7,219.8,0,nan,False,24035,13924,-1.330064273366946,2076,415,11056,29322,16972,-1.3652606226680501,2261,646,13383,24035,4902,-4.572390774800044,0,0,4902,29322,6051,-4.568717046294557,0,0,6051,occluded,,,,,,,,,,,,
116,img_53f96406e0c9d22b6885bb47::yaw_minus_35,interior,0.2805,7.44,24405,144.9,202.1,0,nan,False,24405,14206,-1.3486001597654758,2184,476,11244,29634,17207,-1.354355247205226,2415,766,13433,24405,5308,-4.5169305621457765,0,0,5308,29634,6274,-4.521988771341329,0,0,6274,occluded,,,,,,,,,,,,
117,img_7d6f42b0bce05fe141244829::yaw_minus_35,interior,0.2828,7.6,25513,137.4,181.8,0,nan,False,25513,12927,-1.7512809818561994,1581,458,10664,30757,15626,-1.7255413772281423,1798,728,12668,25513,6021,-4.455736248952674,0,0,6021,30757,7106,-4.458591621790362,0,0,7106,occluded,,,,,,,,,,,,
118,img_a1f74d52ddf18a7b95f8fb82::yaw_minus_35,interior,0.2851,7.92,28893,131.7,148.1,0,nan,False,28893,11533,-4.163061522832669,1126,434,9822,34765,13942,-4.148248686276961,1256,653,11751,28893,6505,-4.43474992425698,0,0,6505,34765,7772,-4.435582540410282,0,0,7772,occluded,,,,,,,,,,,,
119,img_ef51ea18654a5079d4e233ba::yaw_plus_35,interior,0.2896,8.67,26960,131.8,160.9,0,nan,False,26960,9566,-4.316036399052129,620,283,8633,32965,11721,-4.3113105293802025,685,424,10526,26960,6710,-4.396777288006478,0,0,6710,32965,8204,-4.392313668472354,0,0,8204,occluded,,,,,,,,,,,,
120,img_125efba8e64a1900654063c3::yaw_plus_35,interior,0.2919,9.11,20521,133.9,166.9,0,nan,False,20521,8520,-4.339463819941162,428,214,7864,25772,10731,-4.3303512139442635,467,331,9879,20521,6541,-4.4023203933743,0,0,6541,25772,8265,-4.396828797249247,0,0,8265,occluded,,,,,,,,,,,,
121,img_c54fcbe99fb2556e3eee453b::yaw_plus_35,interior,0.2941,9.45,19613,132.8,182.9,0,nan,False,19613,8134,-4.3319484916422795,392,183,7540,24751,10274,-4.324037581909833,431,282,9516,19613,6402,-4.369024561316662,0,0,6402,24751,8132,-4.365340082978216,0,0,8132,occluded,,,,,,,,,,,,
122,img_dee26d9c80b097e644b27948::yaw_minus_35,interior,0.2986,9.98,16948,124.6,176.7,0,nan,False,16948,7479,-4.2961336129235725,265,126,7075,21452,9478,-4.2950976510112975,298,188,8954,16948,6329,-4.312271421160629,0,0,6329,21452,8021,-4.313929158933647,0,0,8021,occluded,,,,,,,,,,,,
123,img_1a5eee9849f95e3f1ffef40d::yaw_minus_35,interior,0.3009,10.17,15542,120.6,171.4,0,nan,False,15542,7513,-4.228333552264074,277,134,7099,19850,9609,-4.226497971155569,309,164,9110,15542,6368,-4.247786339792902,0,0,6368,19850,8232,-4.2484438376548725,0,0,8232,occluded,,,,,,,,,,,,
124,img_575d0f2b73c72c0a37d1fdaf::yaw_minus_35,interior,0.3032,10.36,15237,119.8,160.5,0,nan,False,15237,7222,-4.165087885140333,221,77,6923,19546,9264,-4.164592065284222,246,97,8906,15237,6380,-4.175873034206328,0,0,6380,19546,8061,-4.176215038392529,0,0,8061,occluded,,,,,,,,,,,,
125,img_44aa2004a4a7e90eb9ff462e::yaw_minus_35,interior,0.3054,10.54,13965,173.0,197.9,0,nan,False,13965,7206,-4.1758278217040035,70,32,7104,18097,9338,-4.176975783809461,87,43,9194,13965,2997,-7.704265000086602,0,0,2997,18097,3996,-7.691790451563649,0,0,3996,occluded,,,,,,,,,,,,
126,img_78a3f1935a07eebf17609099::yaw_minus_35,interior,0.3077,10.63,13687,119.9,167.8,0,nan,False,13687,7423,-4.062818877289239,116,51,7256,17693,9628,-4.066711436597391,145,73,9397,13687,5997,-4.0787015748122,0,0,5997,17693,7413,-4.090575542416316,0,0,7413,occluded,,,,,,,,,,,,
127,img_c00a2dd81dbcbe2ba6d1a126::yaw_minus_35,interior,0.31,10.75,14054,117.8,167.4,0,nan,False,14054,7017,-3.9993132650909367,59,26,6932,18180,9081,-4.000449247548863,70,51,8952,14054,6786,-4.002348782766011,0,0,6786,18180,8710,-4.004780457239197,0,0,8710,occluded,,,,,,,,,,,,
128,img_18bab3dd6b4d34c67c53fdb6::yaw_minus_35,interior,0.3122,10.86,14211,117.5,165.7,0,nan,False,14211,6921,-3.951317954799338,48,21,6852,18437,8996,-3.952226327640596,64,41,8890,14211,6776,-3.9521689656763215,0,0,6776,18437,8784,-3.953278191669292,0,0,8784,occluded,,,,,,,,,,,,
129,img_3dd943e1fbc94dc8c092af49::yaw_minus_35,interior,0.3145,10.84,14631,118.5,151.0,0,nan,False,14631,7274,-3.8856265545438182,55,32,7187,18719,9294,-3.888801962017352,70,46,9177,14631,7111,-3.888081037462543,0,0,7111,18719,9085,-3.890837933311591,0,0,9085,occluded,,,,,,,,,,,,
130,img_af7bad065c75951e1c1e1c4f::yaw_minus_35,interior,0.3167,10.86,13965,117.8,148.3,0,nan,False,13965,7299,-3.8452605151726083,61,18,7220,18066,9447,-3.846252071767383,77,35,9329,13965,7134,-3.846361424367772,0,0,7134,18066,9216,-3.848221388722669,0,0,9216,occluded,,,,,,,,,,,,
131,img_46fb35a374a648bbf7d67b4a::yaw_minus_35,interior,0.319,10.92,13668,115.8,148.1,0,nan,False,13668,7619,-3.819945511528422,46,24,7549,17667,9860,-3.8196459465421517,65,51,9742,13668,7457,-3.820832635225784,0,0,7457,17667,9633,-3.8207181036034363,0,0,9633,occluded,,,,,,,,,,,,
132,img_e984e928226015a4b56c841d::yaw_minus_35,interior,0.3213,10.88,13628,118.2,149.3,0,nan,False,13628,8205,-3.7843135800875842,65,30,8110,17415,10474,-3.7862367372767336,98,62,10307,13628,8026,-3.786583502136109,0,0,8026,17415,10207,-3.7894352601151358,0,0,10207,occluded,,,,,,,,,,,,
133,img_eac8d6fea7b11f2aed473852::yaw_minus_35,interior,0.3235,10.81,14919,112.7,146.1,0,nan,False,14919,9267,-3.7642829458995397,121,33,9113,18829,11709,-3.7646865775296856,153,68,11480,14919,8986,-3.765535031839489,0,0,8986,18829,11332,-3.766212372573487,0,0,11332,occluded,,,,,,,,,,,,
134,img_f266fb814ed9e48ef6890df7::yaw_minus_35,interior,0.3258,10.66,21623,114.2,143.1,0,nan,False,21623,11730,-3.7468542926155806,251,77,11402,26343,14285,-3.746502910005187,297,142,13832,21623,11117,-3.7493371307163983,0,0,11117,26343,13519,-3.7496188795871728,0,0,13519,occluded,,,,,,,,,,,,
135,img_be5a270ff906e798953439de::yaw_plus_35,interior,0.3258,10.66,26174,97.0,131.0,0,nan,False,26174,12458,-3.738056859721252,280,84,12094,31420,14966,-3.7379057139885328,335,155,14463,26174,11785,-3.7405761522036105,0,0,11785,31420,14120,-3.7408929299810625,0,0,14120,occluded,,,,,,,,,,,,
136,img_c4432fd9be4c02760427f369::yaw_plus_35,interior,0.3281,10.36,18302,100.8,136.1,0,nan,False,18302,11272,-3.746221910630628,239,71,10962,22490,13852,-3.745499587756936,297,136,13403,18302,10642,-3.7492543444451414,0,0,10642,22490,13045,-3.749504814168997,0,0,13045,occluded,,,,,,,,,,,,
137,img_cc7973236912a72f232cc17b::yaw_plus_35,interior,0.3303,10.03,19681,105.9,139.7,0,nan,False,19681,11870,-3.7432776330614654,340,93,11437,24110,14557,-3.7421704968640235,414,166,13963,19681,11067,-3.752783236245069,0,0,11067,24110,13538,-3.753132224492962,0,0,13538,occluded,,,,,,,,,,,,
138,img_0e30201037f2d207322568eb::yaw_plus_35,interior,0.3326,9.69,21078,109.4,141.0,0,nan,False,21078,12529,-3.747758413358122,482,173,11874,25753,15316,-3.747117650329354,578,234,14475,21078,11380,-3.7531631193711146,0,0,11380,25753,13910,-3.7532933917417095,0,0,13910,occluded,,,,,,,,,,,,
139,img_3a21b7ae860b72ed8804abcc::yaw_plus_35,interior,0.3348,9.4,21923,110.0,142.1,0,nan,False,21923,13228,-3.7620610211583534,672,243,12313,26593,16039,-3.7594715335957414,827,324,14861,21923,11628,-3.7856123535427226,0,0,11628,26593,14084,-3.784028392057637,0,0,14084,occluded,,,,,,,,,,,,
140,img_2a01d8380fb472ce1a05426b::yaw_plus_35,interior,0.3371,9.11,24207,109.2,141.7,0,nan,False,24207,13994,-3.7795539334603943,875,260,12859,29297,16939,-3.7675971693470682,1050,396,15440,24207,11944,-3.792446102781444,0,0,11944,29297,14401,-3.7902495203286577,0,0,14401,occluded,,,,,,,,,,,,
141,img_d14ce879e6a132a7c0aaf3ea::yaw_plus_35,interior,0.3394,8.77,25817,109.6,140.3,0,nan,False,25817,14747,-3.371238602549944,1145,372,13230,31135,17797,-3.3782809014546267,1357,555,15810,25817,12119,-3.8100208336147663,0,0,12119,31135,14515,-3.806309846369121,0,0,14515,occluded,,,,,,,,,,,,
142,img_e33c0f642afa1aec24e17c11::yaw_plus_35,interior,0.3416,8.43,27836,106.5,138.3,0,nan,False,27836,16682,-3.218064193186411,1727,556,14399,33302,19998,-3.226993311983758,2048,818,17032,27836,12577,-3.832100038277302,0,0,12577,33302,14965,-3.8313764557163577,0,0,14965,occluded,,,,,,,,,,,,
143,img_02ea8d71b98fade9b737af1e::yaw_plus_35,interior,0.3439,8.05,33051,105.6,137.3,0,nan,False,33051,18716,-3.204593904301511,2601,755,15360,39064,22197,-3.206674325000982,3027,1078,17982,33051,12857,-3.8314009178136574,0,0,12857,39064,15128,-3.8229145177985133,0,0,15128,occluded,,,,,,,,,,,,
144,img_9b81a0f6a1bf887a91ae2d98::yaw_plus_35,interior,0.3462,7.71,39302,108.5,136.7,0,nan,False,39302,20863,-3.2002288949639945,3482,909,16468,46473,24797,-3.1985612295915438,4077,1381,19226,39302,12575,-3.5488154998132933,0,0,12575,46473,14663,-3.5764026546322434,0,0,14663,occluded,,,,,,,,,,,,
145,img_06fe18d7805639029a0909d7::yaw_minus_35,interior,0.3484,7.39,49433,84.0,114.8,0,nan,False,49433,22960,-3.205715585513677,4445,1054,17428,57649,26935,-3.192365955907161,5073,1603,19975,49433,10779,-3.922688558321755,0,0,10779,57649,12365,-3.925316599393577,0,0,12365,occluded,,,,,,,,,,,,
146,img_98f96242d8c202d61ed3e10a::yaw_plus_35,interior,0.3484,7.39,46942,109.3,139.9,0,nan,False,46942,22723,-3.198445332221345,4270,998,17435,54745,26727,-3.1926438943279267,4945,1536,20003,46942,11449,-3.659348709207501,0,0,11449,54745,13127,-3.889912249773846,0,0,13127,occluded,,,,,,,,,,,,
147,img_be3df20bb870c84751cfa689::yaw_plus_35,interior,0.3507,7.06,49194,111.0,140.4,0,nan,False,49194,24434,-1.2594274352297061,5794,1208,17271,57181,28626,-1.2522671323463812,6437,1870,19861,49194,5199,-4.040667271264089,0,0,5199,57181,6222,-4.044640342082588,0,0,6222,occluded,,,,,,,,,,,,
148,img_4de2b810d4947fd02c7d9da0::yaw_plus_35,interior,0.3529,6.81,50405,112.3,138.3,0,nan,False,50405,25640,-1.0521055340414343,7652,1367,16338,58399,29980,-1.0466889261128376,8435,2077,18912,50405,4751,-4.099855694260571,0,0,4751,58399,5620,-4.10215976784276,0,0,5620,occluded,,,,,,,,,,,,
149,img_b6beedc52cef4f2ac0a45e14::yaw_minus_35,interior,0.3552,6.58,45405,105.4,128.2,0,nan,False,45405,25637,-1.0164578889983353,9027,1612,14628,52916,30001,-1.0119423404678916,9805,2352,17181,45405,4510,-4.185905497619001,0,0,4510,52916,5269,-4.186099029027284,0,0,5269,occluded,,,,,,,,,,,,
150,img_b9f940b901e71cda50ef8ab3::yaw_minus_35,interior,0.3575,6.3,43790,109.1,130.1,0,nan,False,43790,25958,-0.9924719853688506,9465,1678,14388,50949,30278,-0.9348395322936733,10372,2562,16540,43790,3815,-4.209788425652615,0,0,3815,50949,4448,-4.2122566385404046,0,0,4448,occluded,,,,,,,,,,,,
151,img_a82e5ed8936520040da5595f::yaw_minus_35,interior,0.3597,6.08,44965,114.7,139.1,0,nan,False,44965,26608,-0.9154804958279952,10070,1680,14354,52214,30977,-0.8292399926815959,11013,2596,16455,44965,3205,-4.240289569694878,0,0,3205,52214,3748,-4.241979092576389,0,0,3748,occluded,,,,,,,,,,,,
152,img_b709d4e3277d2f8c8b7f9745::yaw_minus_35,interior,0.362,5.86,44535,123.2,149.1,0,nan,False,44535,26135,-0.8857750021365858,9818,1629,14106,51993,30597,-0.7985121661679466,10844,2581,16111,44535,2647,-4.268783839396942,0,0,2647,51993,3074,-4.27350744943054,0,0,3074,occluded,,,,,,,,,,,,
153,img_61f4cc2148cac254e5f04ce6::yaw_minus_35,interior,0.3643,5.69,49316,123.3,144.8,0,nan,False,49316,26114,-0.8008193023582431,10425,1687,13518,57505,30595,-0.6501259015136389,11375,2659,15644,49316,2327,-4.209969120705023,0,0,2327,57505,2718,-4.215986548473786,0,0,2718,occluded,,,,,,,,,,,,
154,img_649f98a511547e2d01b94687::yaw_minus_35,interior,0.3665,5.55,53001,123.5,146.0,0,nan,False,53001,27258,-0.14990336413487393,11750,1882,13255,61504,31796,-0.22354072208413234,12643,2729,15635,53001,2148,-4.141224819047486,0,0,2148,61504,2512,-4.1435408135962,0,0,2512,occluded,,,,,,,,,,,,
155,img_431341ddc18bf7bbfc873256::yaw_minus_35,interior,0.3688,5.45,60884,130.1,152.9,0,nan,False,60884,27431,-0.7753672404767968,11266,1845,13980,70130,31751,-0.7460939054165445,12124,2762,16109,60884,1961,-4.098390450836739,0,0,1961,70130,2261,-4.101538856414276,0,0,2261,occluded,,,,,,,,,,,,
156,img_9ee9430204cbc4d2cbd30ed3::yaw_minus_35,interior,0.371,5.33,73454,131.9,156.8,0,nan,False,73454,28055,-0.9118456200118397,11019,1938,14811,84162,32549,-0.8216270551461831,12058,2885,16874,73454,1627,-4.057577310043497,0,0,1627,84162,1886,-4.066067865023998,0,0,1886,occluded,,,,,,,,,,,,
157,img_6edd04890eae67b7aad63fbe::yaw_minus_35,interior,0.3756,5.2,85790,127.8,151.8,0,nan,False,85790,29258,-0.9210010517330929,11669,2334,15235,97575,33656,-0.7493080076867296,12945,3247,16994,85790,1656,-3.960175463871478,0,0,1656,97575,1850,-3.964187543572144,0,0,1850,occluded,,,,,,,,,,,,
158,img_8445df47b782669dc1b90367::yaw_plus_35,interior,0.3824,4.95,84911,144.5,161.9,0,nan,False,84911,32024,-0.11418685360569691,15576,3057,13391,97876,37355,-0.11439873546296653,17748,4364,14986,84911,1735,-3.7672488551248167,0,0,1735,97876,1984,-3.771140286188362,0,0,1984,occluded,,,,,,,,,,,,
159,img_a415e25dd2ef27ecc5a4e82a::yaw_plus_35,interior,0.3846,4.91,96246,151.2,172.2,525,161.3,False,96246,33192,-0.11166969712779018,16402,2944,13846,111194,38611,-0.11210170080643245,18633,4219,15518,96246,1922,-3.733259004202272,0,0,1922,111194,2558,-3.724666966808484,0,0,2558,occluded,525,172,1.29487517407625,88,54,30,525,30,-3.4630222386338327,0,0,30
160,img_02167f65b42e301e9acb4f89::yaw_plus_35,interior,0.3869,4.87,99914,155.7,212.9,612,94.1,True,99914,33518,1.2894743236448791,18922,3477,11119,115323,38751,1.2476848841900914,21577,4905,12015,99914,5695,-3.5242348920570503,349,1461,3885,115323,7012,-3.463628021744139,406,2468,4085,occluded,612,183,1.4142974326632292,113,70,0,612,70,-0.06702158117124268,0,70,0
161,img_de19e8fb18e453296b788e19::yaw_plus_35,interior,0.3937,5.12,70567,110.2,207.9,0,nan,False,70567,30198,1.4757457034002672,21876,3829,4493,82994,35782,1.4181784013923004,24927,5266,5463,70567,9954,-0.1196528716450227,3001,3368,3585,82994,12305,-0.12284927944813084,3430,4575,4196,clear,,,,,,,,,,,,
162,img_f8b73b376042c741c55a06cd::yaw_plus_35,interior,0.3959,5.22,59099,110.9,212.5,0,nan,False,59099,22524,1.770675188103501,18712,3812,0,69588,27123,1.5837560220970825,21570,5355,1,59099,6374,-0.11325821292000393,2567,3807,0,69588,8430,-0.1151315351288531,3103,5143,1,clear,,,,,,,,,,,,
163,img_00ec71ecfd73b6eb59d8f832::yaw_plus_35,interior,0.3982,5.3,67791,113.5,229.0,0,nan,False,67791,27996,2.0671354054538367,23974,4022,0,78810,33261,1.919656462939436,27392,5509,5,67791,7713,-0.1100517669381107,3696,4017,0,78810,10085,-0.11283896158970297,4280,5486,5,clear,,,,,,,,,,,,
164,img_876fed3a87ac79c0d63a1017::yaw_plus_35,interior,0.4118,6.78,48805,88.0,170.9,0,nan,False,48805,24849,1.3578608778164005,15258,3217,6374,57714,29696,1.3328789022964473,17042,4541,7768,48805,11164,-0.1237367902062041,3178,2862,5124,57714,14296,-0.12881080352818097,3537,4057,6379,clear,,,,,,,,,,,,
165,img_c0e1cf412031577bfe06ae4a::yaw_plus_35,interior,0.414,7.07,32621,88.5,179.1,0,nan,False,32621,19863,1.3454045905540415,12074,3140,4649,39477,24454,1.2813065260150913,13522,4333,6312,32621,9232,-0.1178150316954305,2939,2740,3553,39477,12482,-0.12508344159723173,3256,3832,5125,clear,,,,,,,,,,,,
166,img_77098503d4402a0360da6d34::yaw_plus_35,interior,0.4163,7.32,29861,95.6,175.9,0,nan,False,29861,16186,1.3331421826495293,9192,2665,4329,36355,19942,1.201379987398285,10226,3782,5736,29861,8481,-0.11864225510492865,2565,2456,3460,36355,11218,-0.1258168663136332,2824,3464,4742,clear,,,,,,,,,,,,
167,img_31fb7f1b070f7fce4248960d::yaw_plus_35,interior,0.4186,7.56,35727,97.1,177.9,0,nan,False,35727,14616,1.287048130527741,7969,2663,3984,43103,17805,-0.108058316620812,8774,3628,5154,35727,8430,-0.11808400101182137,2622,2486,3322,43103,10920,-0.12472031141770756,2894,3383,4402,clear,,,,,,,,,,,,
168,img_4b5896706fe6c5ae2a2b3dee::yaw_minus_35,interior,0.4231,8.07,36335,96.5,189.7,0,nan,False,36335,13396,1.3304462034049465,7574,2898,2924,43318,16102,1.192037929069035,8152,3763,3880,36335,7652,-0.11533187170577097,2701,2565,2386,43318,9834,-0.11993398027496927,2910,3325,3327,clear,,,,,,,,,,,,
169,img_ffa390bbaefb6eec5a6f87fb::yaw_minus_35,interior,0.4253,8.27,33019,89.2,184.1,0,nan,False,33019,13165,1.3343359236372923,7644,2915,2606,39917,16042,1.2112081771943322,8276,3796,3655,33019,7245,-0.11428028119549438,2712,2506,2027,39917,9585,-0.1189003717289232,2954,3289,3062,clear,,,,,,,,,,,,
170,img_296543e0b24fc5e6e262f386::yaw_minus_35,interior,0.4276,8.42,35418,76.8,180.3,0,nan,False,35418,13795,1.338760136708764,8483,3392,1920,42520,16733,1.322636991735056,9406,4411,2553,35418,7782,-0.11341131721094211,3144,3034,1604,42520,9642,-0.11631597943601246,3411,3869,2007,clear,,,,,,,,,,,,
171,img_8123b95a19d4d38c968b46a6::yaw_minus_35,interior,0.4299,8.57,31047,74.7,174.4,0,nan,False,31047,13061,1.3368694421598608,7988,3298,1775,37693,16076,1.3222522047731893,9051,4497,2162,31047,7894,-0.11405728114382185,3071,3105,1718,37693,9465,-0.11604899312395744,3403,3950,1750,clear,,,,,,,,,,,,
172,img_8f0e7759dc55f86773c50f2b::yaw_minus_35,interior,0.4321,8.72,27829,72.1,172.1,0,nan,False,27829,12602,1.3359347328352875,7668,3236,1698,33928,15568,1.3200563039115103,8703,4417,2081,27829,7582,-0.11418120666047482,2893,3077,1612,33928,9130,-0.11613627023522088,3211,3922,1632,clear,,,,,,,,,,,,
173,img_28d49635350a139c44d259ec::yaw_minus_35,interior,0.4344,8.87,25313,74.3,173.1,0,nan,False,25313,11780,1.3340975728398776,7041,3146,1593,31250,14760,1.2871001071392012,8033,4319,1972,25313,7366,-0.11446320539139254,2729,3066,1571,31250,9055,-0.11672068231555777,3032,3932,1655,clear,,,,,,,,,,,,
174,img_aedaf82ed3842144ec0c3951::yaw_minus_35,interior,0.4367,8.98,23708,77.8,176.2,0,nan,False,23708,7579,1.3324724344586496,4551,3026,2,29109,9616,1.2284409334015303,5166,4052,3,23708,4865,-0.11262917363752933,1874,2989,2,29109,6573,-0.11513037303394391,2160,4015,3,clear,,,,,,,,,,,,
175,img_4e8573cfcd31389b1a28d8e3::yaw_minus_35,interior,0.4389,9.14,24477,141.1,183.2,0,nan,False,24477,10644,-0.12377971623587047,3603,2140,4901,29905,13064,-0.12467007304280209,4109,3011,5493,24477,4325,-6.835289748022401,10,48,4267,29905,5622,-6.808034310614704,73,449,4747,occluded,,,,,,,,,,,,
176,img_87edfad3f6901cbaccb73eb1::yaw_minus_35,interior,0.4412,9.31,26751,87.1,184.1,0,nan,False,26751,9677,1.3440976208600368,5916,3031,730,32423,11868,1.3145421194193565,6417,3838,1346,26751,5920,-0.1117846405443732,2579,2627,714,32423,6925,-0.1140084756100812,2681,3042,1183,clear,,,,,,,,,,,,
177,img_f7140eacb75d560d184fb31f::yaw_minus_35,interior,0.4434,9.39,27377,96.2,173.9,0,nan,False,27377,9040,1.3295420539712488,4964,1943,2133,33262,11224,-0.11127521230673487,5331,2413,3457,27377,5688,-0.11861537704077918,1840,1722,2126,33262,7470,-0.12500578979810228,1907,2129,3412,clear,,,,,,,,,,,,
178,img_4af6cd6dac376ccdcc60db74::yaw_minus_35,interior,0.4457,9.36,27786,112.5,182.9,0,nan,False,27786,8612,-1.1958104519111927,2673,1426,4513,33636,10742,-2.691508090408891,2959,1838,5924,27786,6524,-3.471254256617631,834,1177,4513,33636,8361,-3.465840685630953,861,1564,5918,occluded,,,,,,,,,,,,
179,img_ba2f05a90b6e766693a2bd0d::yaw_minus_35,interior,0.448,9.36,27164,113.6,176.2,0,nan,False,27164,8788,-3.517692194077264,982,861,6945,32977,10917,-3.4982987998368174,1246,1265,8359,27164,7681,-3.5758134881875794,89,647,6945,32977,9315,-3.548737539455834,109,1007,8192,occluded,,,,,,,,,,,,
180,img_d1b98043d8de5060ebfdfffe::yaw_minus_35,interior,0.4502,9.34,25660,100.6,154.2,0,nan,False,25660,10102,-3.5832229622436538,630,734,8736,31230,12264,-3.568078266337448,839,1090,10297,25660,8343,-3.6887399049166216,0,26,8317,31230,9452,-3.690662909654571,0,41,9411,occluded,,,,,,,,,,,,
181,img_6140eac6fa52c2bec7a4cf37::yaw_minus_35,interior,0.4525,9.26,25752,94.1,140.1,0,nan,False,25752,10800,-3.725983205077438,117,125,10554,31269,13126,-3.7269109441021886,161,201,12754,25752,8976,-3.729000783084886,0,0,8976,31269,10549,-3.730251975760744,0,0,10549,occluded,,,,,,,,,,,,
182,img_4ce1f1404af327ce8e242a2e::yaw_minus_35,interior,0.4548,9.23,25993,99.7,143.8,0,nan,False,25993,10670,-4.643273875444352,131,151,10387,31604,12982,-4.48208631678815,148,177,12655,25993,6761,-5.259019761775834,0,0,6761,31604,8158,-5.23939771716387,0,0,8158,occluded,,,,,,,,,,,,
183,img_06c8139bc95f57cd809da4fb::yaw_minus_35,interior,0.457,9.27,23380,104.7,145.1,0,nan,False,23380,10475,-4.681657563009091,318,230,9926,28752,12912,-4.657208611827868,327,260,12285,23380,4892,-5.343048907629221,0,0,4892,28752,5902,-5.343789115040471,0,0,5902,occluded,,,,,,,,,,,,
184,img_9294bdfdfc421be19feca3a8::yaw_minus_35,interior,0.4593,9.26,22531,106.5,147.9,0,nan,False,22531,9936,-3.8416978068146914,728,301,8907,29237,12980,-3.8343552887629375,751,351,11727,22531,3658,-5.426752579283917,0,0,3658,29237,4524,-5.427286006148665,0,0,4524,occluded,,,,,,,,,,,,
185,img_e08b30473e1f1809ad33265e::yaw_minus_35,interior,0.4615,9.36,19221,111.9,148.8,0,nan,False,19221,8759,-3.840629857451015,723,305,7731,26814,12457,-3.835806815804764,768,363,11080,19221,2254,-5.495580535665412,0,0,2254,26814,3389,-5.502830956118716,0,0,3389,occluded,,,,,,,,,,,,
186,img_7075633227ed0e239cb80bdf::yaw_minus_35,interior,0.4638,9.48,17134,116.5,149.5,0,nan,False,17134,8119,-3.8808521147282775,613,247,7259,25153,12275,-3.877877763436107,688,310,11034,17134,2257,-5.524732733363704,0,0,2257,25153,3612,-5.520210209568358,0,0,3612,occluded,,,,,,,,,,,,
187,img_0fcf49cd7f81361297e23ec7::yaw_minus_35,interior,0.4661,9.52,16953,87.9,142.4,922,107.4,False,16953,7559,-3.945354438974997,490,227,6841,26064,12050,-3.9308433647185064,547,329,10898,16953,1475,-5.857301583568475,0,0,1475,26064,2580,-5.685797012377983,0,0,2580,occluded,922,468,-3.0841686422504058,0,106,353,922,116,-4.885388025557697,0,0,116
188,img_dbdbf05b0a89d3325091981a::yaw_minus_35,interior,0.4683,9.61,14244,100.0,142.6,1487,110.8,False,14244,6919,-3.9786459165813906,484,187,6248,23326,11924,-3.9612198068008873,548,286,10725,14244,2471,-5.628038870524122,0,0,2471,23326,4267,-5.601519101105165,0,0,4267,occluded,1487,825,-3.208605264276869,0,183,636,1487,281,-4.911439931251643,0,0,281
189,img_190257395cb0336ab5d50631::yaw_minus_35,interior,0.4706,9.77,12344,93.9,129.1,1964,95.7,False,12344,6464,-4.0042984911624195,494,169,5801,21363,11812,-3.9984319021135386,614,286,10549,12344,2583,-5.646512377608593,0,0,2583,21363,4853,-5.604450200307436,0,0,4853,occluded,1964,1175,-3.2548793625522165,4,274,881,1964,508,-4.859162154463381,0,0,508
190,img_c8bbc2a08c7cc7dc37c199cd::yaw_minus_35,interior,0.4729,9.83,11056,105.7,158.4,2544,131.4,False,11056,6228,-5.39234280979522,649,115,5463,20276,11961,-4.104750513869826,748,199,10630,11056,2113,-6.008288690591373,0,0,2113,20276,3425,-7.562022632202552,0,0,3425,occluded,2544,1602,-3.5343872954272726,3,310,1275,2544,309,-7.024129755929868,0,0,309
191,img_977b8a805006c0e5b74cbe6d::yaw_minus_35,interior,0.4751,9.89,9919,60.7,107.7,3251,63.0,False,9919,5645,-4.11202756831827,661,190,4791,19739,11635,-4.028780856789261,754,297,10084,9919,1616,-5.501662545670524,0,0,1616,19739,4313,-5.066398629840526,0,0,4313,occluded,3251,2029,-3.179503133712931,10,553,1443,3251,986,-4.1608774443836465,0,0,986
192,img_07354bc7c501761f73d5c2ad::yaw_minus_35,interior,0.4774,10.06,9932,55.9,96.7,4218,64.9,False,9932,5675,-4.074857267177418,807,266,4599,20925,12400,-4.013310506495969,889,426,10595,9932,2723,-5.118636063511291,0,0,2723,20925,4799,-4.958544471244688,0,0,4799,occluded,4218,2619,-3.173057378187629,23,772,1798,4218,887,-4.098184279563116,0,0,887
193,img_94927e44b477e8913c19b6ca::yaw_minus_35,interior,0.4796,10.13,9070,103.6,138.0,5094,127.4,False,9070,5044,-4.4222029317303555,407,217,4419,21023,12264,-4.161790217428531,510,375,10890,9070,1142,-7.77231694466808,0,0,1142,21023,2482,-7.68462029521866,0,0,2482,occluded,5094,3132,-3.544981779258486,41,716,2365,5094,541,-7.0037001716735965,0,0,541
194,img_afbad3a10e48842de673fe08::yaw_minus_35,interior,0.4819,10.07,8336,52.6,85.7,6485,50.7,False,8336,4218,-4.220047866240978,288,258,3656,21701,12079,-3.8940853445253936,424,603,10023,8336,3238,-4.292723085586965,0,0,3238,21701,7450,-4.1859269073656025,0,0,7450,occluded,6485,3877,-2.7640846920998356,66,1580,2227,6485,2018,-3.414127886699414,0,0,2018
195,img_3ca07cccfdd3e5371e570909::yaw_minus_35,interior,0.4842,10.07,8778,50.4,78.9,8792,47.7,False,8778,3953,-4.16474071124958,302,312,3263,24848,12588,-3.765176010357149,512,679,10131,8778,3037,-4.298787621657608,0,0,3037,24848,7124,-4.197711760715632,0,0,7124,occluded,8792,4813,-0.07677942026053586,129,2402,2262,8792,2136,-3.318774271399806,0,0,2136
196,img_3902505c4cb7ff45451f2bc1::yaw_minus_35,interior,0.4864,10.07,5940,40.0,55.9,8752,48.5,False,5940,2560,-3.968075224302833,358,226,1939,21691,11662,-3.2284468329158154,602,553,9087,5940,1731,-4.115948944243534,0,0,1731,21691,5837,-4.2716173401412885,0,0,5837,occluded,8752,5182,-0.041974609814445785,136,2689,2344,8752,2284,-3.4543977158282466,0,0,2284
197,img_4a98c51fd068bcc6903eb8bd::yaw_minus_35,interior,0.4887,10.05,4424,50.1,82.6,10184,43.2,False,4424,1812,-4.084533415262627,230,110,1417,21336,11491,-3.7698870156806024,482,449,9399,4424,1279,-4.5124355856467755,0,0,1279,21336,5928,-4.392467434658343,0,0,5928,occluded,10184,5977,-0.05043566365177021,240,2976,2738,10184,2668,-3.656842117236085,0,0,2668
198,img_b5ca4a382aa3fedf86678fdd::yaw_minus_35,interior,0.491,10.05,2641,44.4,50.2,10781,49.0,False,2641,1076,-4.27611660134277,204,49,744,19916,11355,-3.8792025131867156,455,287,9522,2641,680,-4.64811191209593,0,0,680,19916,6288,-4.4986814369817205,0,0,6288,occluded,10781,6588,-3.1685113422365347,176,2781,3607,10781,3478,-3.6243098066011354,0,0,3478
199,img_0f09b1c8a16caf36b2272fd5::yaw_minus_35,interior,0.4932,10.0,1860,40.4,52.9,12887,48.8,False,1860,800,-4.473526667180958,160,11,563,21699,12070,-3.804436218960838,488,212,10206,1860,543,-4.764366399074971,0,0,543,21699,6913,-4.578792278904746,0,0,6913,occluded,12887,7480,-3.164187886503111,224,2946,4282,12887,4103,-3.5702597282487307,0,0,4103
200,img_e57c4c5b365a33a7eb8e26d4::yaw_minus_35,interior,0.4955,9.83,555,49.6,51.3,15411,47.2,False,555,240,-4.399593990866261,38,0,179,22982,12616,-3.6898121663289096,414,162,10925,555,166,-4.905153153367743,0,0,166,22982,6514,-4.68984537455284,0,0,6514,occluded,15411,8710,-3.114375692884426,308,3205,5163,15411,4657,-3.67380612813475,0,0,4657
201,img_b2093a79c6bb26d7f93e593e::yaw_plus_35,interior,0.4955,9.83,586,66.7,109.9,18371,94.9,False,586,237,-4.364699561095048,21,7,179,26321,13031,-3.6831130792436166,422,181,11336,586,143,-4.702565041105181,0,0,143,26321,6463,-4.733269202063795,0,0,6463,occluded,18371,9326,-3.0928058586734855,321,3309,5667,18371,4759,-3.7358650244188656,0,0,4759
202,img_22d548c6b36b38776c5e943b::yaw_minus_35,interior,0.4977,9.65,205,52.5,60.3,17135,49.1,False,205,114,-3.389933187796526,2,4,95,23813,13338,-3.6293739164425958,487,132,11550,205,37,-4.765322989271921,0,0,37,23813,5518,-4.85119388955475,0,0,5518,occluded,17135,9566,-3.069858929257137,340,3126,6069,17135,4003,-3.976348414859814,0,0,4003
203,img_4cc3626700bd186e509ecde4::yaw_plus_35,interior,0.4977,9.65,99,101.5,109.3,19705,95.1,False,99,56,-3.3549723106427445,0,4,39,25891,13457,-3.625409101538372,452,136,11767,99,17,-4.811638307600537,0,0,17,25891,5246,-4.888924277210369,0,0,5246,no_lidar,19705,10168,-3.0376440735386225,413,3286,6427,19705,3963,-4.050192013986077,0,0,3963
204,img_8b86a5f7e66ce5098ea7120a::yaw_minus_35,interior,0.5023,9.21,0,nan,nan,15446,50.6,False,0,0,,,,,20887,12856,-3.7787700645797813,359,133,11415,0,0,,,,,20887,5183,-5.145293248186073,0,0,5183,no_lidar,15446,9534,-2.9654478842262746,401,2292,6783,15446,3785,-4.5436256792872545,0,0,3785
205,img_f2585d3a202c23e6a618ac51::yaw_minus_35,interior,0.5045,9.0,0,nan,nan,17508,48.2,False,0,0,,,,,23722,13354,-3.549323033799169,496,182,11124,0,0,,,,,23722,5081,-5.070694348092248,0,0,5081,no_lidar,17508,9902,-2.8499281315464975,564,2621,6588,17508,3720,-4.401138760596514,0,0,3720
206,img_7bb3380ce80f1bc1d599c623::yaw_minus_35,interior,0.5068,8.75,160,51.8,56.4,23565,49.0,False,160,69,-3.080661045144165,0,9,45,30872,14135,-3.2259165325339154,724,232,11181,160,17,-4.574755431036158,0,0,17,30872,4599,-4.942243738350591,0,0,4599,no_lidar,23565,10872,-2.688042357841565,837,3417,6369,23565,3554,-4.341404638552204,0,0,3554
207,img_601de3b87602df931f31758c::yaw_minus_35,interior,0.5091,8.53,535,49.3,53.9,29989,46.9,False,535,188,-3.012106103484541,4,21,104,39356,14358,-2.999295724933007,776,229,11308,535,70,-4.476565004233833,0,0,70,39356,4333,-4.834636813600595,0,0,4333,occluded,29989,11003,-2.041354932572804,895,4175,5686,29989,3270,-4.242118935778195,0,0,3270
208,img_15fb76ef6ac109612bfa8138::yaw_minus_35,interior,0.5113,8.37,338,43.3,44.9,32826,43.3,False,338,98,-2.950988542922527,0,5,57,42934,14158,-1.1404949998638418,709,231,11324,338,31,-4.4148770457775015,0,0,31,42934,3866,-4.75970569826561,0,0,3866,occluded,32826,10822,-0.1159543328148751,812,4672,5025,32826,2936,-4.163835038625804,0,0,2936
209,img_4c9783af531b33c68bea8192::yaw_minus_35,interior,0.5136,8.26,177,40.9,50.1,35432,43.1,False,177,51,-2.882834010015719,0,1,28,46338,13986,-1.129155968210405,783,208,11344,177,11,-4.304296141914248,0,0,11,46338,3518,-4.649732201526721,0,0,3518,no_lidar,35432,10559,-0.15149170261538103,853,4352,5014,35432,2707,-4.104007088665214,0,0,2707
210,img_5f72e3f2d8823789d5a9d3d9::yaw_minus_35,interior,0.5158,8.13,651,49.7,54.0,38423,46.1,False,651,173,-2.818477009240259,4,9,106,50101,14076,-1.1465836388007702,749,210,11548,651,60,-4.1984296715425815,0,0,60,50101,3434,-4.549347050618201,0,0,3434,occluded,38423,10772,-0.26454594347286564,856,4148,5374,38423,2625,-4.033801031772819,0,0,2625
211,img_3043344b3e94c3b01cca615b::yaw_minus_35,interior,0.5181,8.08,0,nan,nan,29975,47.1,False,0,0,,,,,40037,13562,-2.7426374335199313,800,188,11435,0,0,,,,,40037,3326,-4.476730390941192,0,0,3326,no_lidar,29975,10132,-2.527546013448632,826,3636,5268,29975,2428,-3.943137264454528,0,0,2428
212,img_6740b2dd81f92ad3ddabaecd::yaw_minus_35,interior,0.5204,8.07,393,43.5,48.9,34333,45.0,False,393,110,-0.3336618543252583,4,7,96,45389,13771,-1.7573346985119018,995,204,11615,393,21,-4.054506507919599,0,0,21,45389,3056,-4.4154630665962324,0,0,3056,occluded,34333,10430,-0.5547078756438961,986,3705,5278,34333,2354,-3.9066621077685495,0,0,2354
213,img_340ae29e89772b35f8739137::yaw_minus_35,interior,0.5226,7.99,1109,44.4,47.9,46579,45.6,False,1109,237,-2.1718006787962176,4,21,210,59623,14260,-1.0163670981308233,1162,219,11968,1109,50,-4.021871251112128,0,0,50,59623,2977,-4.386130806016367,0,0,2977,occluded,46579,11166,-0.22314949513925653,1183,3993,5405,46579,2317,-3.8630518389142443,0,0,2317
214,img_1577cf4d82720ebc65a2d403::yaw_minus_35,interior,0.5249,7.88,1117,44.6,51.9,49039,43.5,False,1117,214,-2.1244537171709155,7,18,189,63293,14269,-0.9935128333921419,1178,238,11924,1117,50,-3.970447480753212,0,0,50,63293,2801,-4.324066704707547,0,0,2801,occluded,49039,11241,-0.1942488591562661,1276,4092,5285,49039,2158,-3.846820566361147,0,0,2158
215,img_0bdb034725fc3184e49fe35e::yaw_plus_35,interior,0.5249,7.88,550,85.2,90.3,44613,82.2,False,550,136,-0.3378860052008039,2,19,115,56784,13991,-1.0199321331853,1005,264,11884,550,25,-3.93658329109721,0,0,25,56784,2779,-4.29612483529363,0,0,2779,occluded,44613,10855,-0.22898257762379082,1136,3808,5290,44613,2176,-3.830138704038387,0,0,2176
216,img_db86d5ac2b734eb4da28813c::yaw_minus_35,interior,0.543,7.88,0,nan,nan,26347,56.2,False,0,0,,,,,36245,12383,-2.4838505909303823,741,183,10863,0,0,,,,,36245,2660,-4.199406500455044,0,0,2660,no_lidar,26347,8930,-2.4030950841941525,666,2653,5071,26347,2001,-3.737534206645278,0,0,2001
217,img_56534ab6df13e69183a60733::yaw_minus_35,interior,0.5452,7.8,0,nan,nan,21810,54.0,False,0,0,,,,,30882,12127,-2.4387559435591566,892,148,10588,0,0,,,,,30882,2602,-4.096134694659286,0,0,2602,no_lidar,21810,8570,-2.060992588262633,755,2426,4797,21810,1800,-3.6843465377683193,0,0,1800
218,img_ee0485aae04823911b094b7b::yaw_minus_35,interior,0.5475,7.77,0,nan,nan,18177,54.5,False,0,0,,,,,26625,11445,-2.390608399730863,607,131,10343,0,0,,,,,26625,2575,-4.0676548022834895,0,0,2575,no_lidar,18177,7866,-2.082799157727632,528,2221,4448,18177,1743,-3.616028882075117,0,0,1743
219,img_f3d8c24aaa1e434fce0c84c9::yaw_minus_35,interior,0.5498,7.74,0,nan,nan,16213,53.0,False,0,0,,,,,23834,11124,-2.3529304432322937,375,152,10346,0,0,,,,,23834,2577,-4.017578984463496,0,0,2577,no_lidar,16213,7555,-2.076871028462711,297,2133,4455,16213,1786,-3.5989768056280873,0,0,1786
220,img_e7b6529d70d4db5e5f62f1d7::yaw_minus_35,interior,0.552,7.59,0,nan,nan,19070,52.6,False,0,0,,,,,27181,11288,-1.5559499117606488,365,135,10649,0,0,,,,,27181,2402,-4.012933322913929,0,0,2402,no_lidar,19070,7875,-1.374085963706145,303,2394,4464,19070,1708,-3.5559525330248087,0,0,1708
221,img_b6f60c640d307fe68e410087::yaw_plus_35,interior,0.552,7.59,0,nan,nan,21754,79.2,False,0,0,,,,,30301,11250,-1.4684235262187468,349,155,10604,0,0,,,,,30301,2335,-3.9800088179326805,0,0,2335,no_lidar,21754,7958,-1.32430775176219,327,2426,4468,21754,1640,-3.541998849802392,0,0,1640
222,img_f9abc9581a5c24b6086035c3::yaw_plus_35,interior,0.5543,7.52,0,nan,nan,13932,78.8,False,0,0,,,,,20092,10291,-1.7719350575779922,267,136,9795,0,0,,,,,20092,2285,-3.9771620706214943,0,0,2285,no_lidar,13932,7057,-1.4336853110184649,234,2080,4104,13932,1564,-3.5387261662537273,0,0,1564
223,img_0a619ec4779c27a97495a4d5::yaw_plus_35,interior,0.5566,7.51,0,nan,nan,11098,81.1,False,0,0,,,,,16951,8930,-2.5300658724364236,175,99,8539,0,0,,,,,16951,2376,-4.00536592048096,0,0,2376,no_lidar,11098,5838,-2.287246937147728,115,1495,3773,11098,1602,-3.5824332839265702,0,0,1602
224,img_a43232d113b6f9e20c343e11::yaw_plus_35,interior,0.5588,7.51,0,nan,nan,15692,87.6,False,0,0,,,,,22477,9241,-2.6630129492165446,422,88,8457,0,0,,,,,22477,2376,-4.088148050435761,0,0,2376,no_lidar,15692,6471,-2.398526187920509,373,1547,4245,15692,1690,-3.6699309484651113,0,0,1690
225,img_25873a17d1cb3eab2998efaa::yaw_minus_35,interior,0.5656,7.27,88,93.8,104.7,27459,91.8,False,88,31,-0.3048520733665949,1,4,17,35823,11971,-1.0892274149806696,759,148,9718,88,5,-4.182761537214008,0,0,5,35823,2606,-4.519539782546606,0,0,2606,no_lidar,27459,9082,-0.19102762760379566,825,3525,4436,27459,1973,-4.024091242257445,0,0,1973
226,img_19e8211ae6c6bb6328e3ac0c::yaw_plus_35,interior,0.5701,7.03,317,54.2,63.9,30914,93.6,False,317,111,-0.2575237846015437,4,19,39,40080,14790,-1.0684609654397788,1217,316,10637,317,16,-4.695282787580383,0,0,16,40080,2245,-5.025742720273214,0,0,2245,no_lidar,30914,11449,-0.08908195563488874,1351,4609,5205,30914,1754,-4.389299237257224,0,0,1754
227,img_2f10fcf8c5f46899fd84dae9::yaw_plus_35,interior,0.5724,6.9,206,123.4,131.2,28925,95.0,False,206,90,-0.2520278066087722,4,20,43,37522,17000,-1.0175169589647957,1433,347,12468,206,5,-4.8420190214203505,0,0,5,37522,1558,-5.007920942372478,0,0,1558,no_lidar,28925,13069,-0.0073414490722392145,1701,6590,4620,28925,1198,-4.293134415069977,0,0,1198
228,img_767138f6ff85ce73dc611a99::yaw_plus_35,interior,0.5747,6.7,517,94.6,107.7,29623,91.9,False,517,261,-0.24125508358910341,21,70,82,40068,18268,-0.7460476617935243,2250,633,12069,517,23,-4.627472258082573,0,0,23,40068,1411,-4.810921533417255,0,0,1411,occluded,29623,13479,0.0014534524438145624,1750,8103,3494,29623,1052,-4.035878846362147,0,0,1052
229,img_32de473ad787ca0a568e7a34::yaw_plus_35,interior,0.5769,6.58,3197,103.9,114.8,23867,99.3,False,3197,1405,-0.15077379030757765,593,104,446,36420,19435,-0.6284782626889358,2738,948,12040,3197,284,-4.4635646519613,0,0,284,36420,1902,-4.58941642949652,0,0,1902,occluded,23867,13134,0.0042524333264872816,1642,8409,2979,23867,1082,-3.811787880309706,0,0,1082
230,img_6f8a41645307886414fdb6d8::yaw_plus_35,interior,0.5792,6.54,4809,99.8,111.0,24824,99.0,False,4809,2074,2.1702370031430758,1067,138,490,39198,22757,-0.4715066360512292,4261,1339,12874,4809,361,-4.519294237116462,0,0,361,39198,2304,-4.521012807080659,0,0,2304,occluded,24824,15130,0.008883412276996072,2501,9722,2773,24824,1412,-3.56840336981019,0,0,1412
231,img_e2235c52dc2cc4282e7d40fd::yaw_plus_35,interior,0.5814,6.55,3299,99.7,116.0,30716,97.6,False,3299,1378,1.454196776088001,692,107,319,44632,24389,-0.4558862702939974,4727,1260,13717,3299,201,-4.466845942755903,0,0,201,44632,1546,-4.678254751046074,0,0,1546,occluded,30716,17282,0.009646566453632044,3296,10765,3028,30716,930,-3.9342951277821623,0,0,930
232,img_62ded7e2c0eb75337746a1b4::yaw_minus_35,interior,0.5837,6.56,868,96.0,104.1,38007,90.1,False,868,433,-0.2349394235197364,82,127,102,49688,25840,-0.46438573499162716,5032,1114,14623,868,21,-4.646997661472501,0,0,21,49688,1342,-4.832975208459059,0,0,1342,occluded,38007,19383,0.009571031711641531,3957,11382,3711,38007,1025,-4.0620595251107146,0,0,1025
233,img_7c194d874150e53dc7911d70::yaw_minus_35,interior,0.586,6.44,464,95.1,101.0,31145,88.4,False,464,291,-0.24110658716335287,46,97,84,40079,24080,-0.525196015684978,4348,839,14112,464,10,-4.871622168526107,0,0,10,40079,1141,-5.070888616570384,0,0,1141,no_lidar,31145,18635,0.010745527727963555,4510,9688,4065,31145,890,-4.3448175426267115,0,0,890
234,img_b18850b17273389e3aefd9cd::yaw_minus_35,interior,0.5882,6.25,56,81.9,85.8,28119,75.8,False,56,34,-0.2602522689634763,1,8,9,37134,21520,-0.42865515675684485,3921,742,11986,56,3,-4.61463385440611,0,0,3,37134,1283,-4.895355841356261,0,0,1283,no_lidar,28119,16305,0.006583533114599582,3714,7765,4343,28119,937,-4.378224284809194,0,0,937
235,img_3aa5f8a1a9bd140b901357b4::yaw_minus_35,interior,0.5905,6.07,41,65.2,68.5,28944,67.4,False,41,22,-0.27530151229294075,3,5,5,38670,20115,-0.36651254785282816,3714,690,11422,41,1,-4.3499852158227466,0,0,1,38670,1196,-4.6318570394443075,0,0,1196,no_lidar,28944,14730,0.01131683962674579,3543,7526,3078,28944,860,-4.138762492975127,0,0,860
236,img_2461a33a99ca0046b9a7c112::yaw_minus_35,interior,0.5928,5.74,0,nan,nan,32088,64.4,False,0,0,,,,,43062,19372,-0.33524985518300987,4029,661,11629,0,0,,,,,43062,926,-4.407265556082967,0,0,926,no_lidar,32088,14297,0.008423006677493738,3579,7044,2989,32088,666,-3.936278438066113,0,0,666
237,img_4ccf82bd2664b37fa8da5db0::yaw_minus_35,interior,0.595,5.52,0,nan,nan,32752,69.9,False,0,0,,,,,44604,17888,-0.37982019540169576,3488,590,11904,0,0,,,,,44604,843,-4.18359435342191,0,0,843,no_lidar,32752,12771,0.003044111622249268,3013,5960,2739,32752,582,-3.7522910662580444,0,0,582
238,img_3fa45fac1cc1abd6364f0bd3::yaw_minus_35,interior,0.5973,5.33,0,nan,nan,32233,59.4,False,0,0,,,,,44541,15926,-0.4509703826397127,2346,496,12081,0,0,,,,,44541,724,-4.006889722531833,0,0,724,no_lidar,32233,11485,-0.05398538406453035,2071,4889,3086,32233,501,-3.6115355514185135,0,0,501
239,img_94448b4974045a36f76fb520::yaw_minus_35,interior,0.6086,5.1,0,nan,nan,0,nan,False,0,0,,,,,3271,1103,-0.6232796569458054,70,123,817,0,0,,,,,3271,69,-3.78438449528654,0,0,69,no_lidar,,,,,,,,,,,,
240,img_d92232056a803e065181c4fc::yaw_minus_35,carport,0.6109,5.09,0,nan,nan,0,nan,False,0,0,,,,,5967,2110,-0.1699898167416909,366,440,778,0,0,,,,,5967,1584,-0.29443118283330394,30,377,778,no_lidar,,,,,,,,,,,,
241,img_3b6ed57064a70ad37a048c7b::yaw_minus_35,carport,0.6131,5.15,2095,78.5,88.0,0,nan,False,2095,905,0.5983376813772043,903,0,2,9490,4138,0.3641086831684057,2232,847,175,2095,391,0.5052032029412832,389,0,2,9490,2648,0.09846143013049602,786,841,175,clear,,,,,,,,,,,,
242,img_4a58d805e5b8e03110fdfac7::yaw_minus_35,carport,0.6154,5.16,3912,53.6,91.8,0,nan,False,3912,2034,0.6618311041326517,2034,0,0,11037,5738,0.5176865068504282,3641,1219,88,3912,1018,0.5015020990016579,1018,0,0,11037,3531,0.2070197865842056,1434,1219,88,clear,,,,,,,,,,,,
243,img_1871157e950c16814045b7fb::yaw_minus_35,carport,0.6176,5.02,7381,52.8,84.1,0,nan,False,7381,3420,1.3823464695004777,3334,0,0,15652,7245,0.6450372871460885,4994,1390,29,7381,1893,0.5396078694819826,1807,0,0,15652,4296,0.27442576943479,2045,1390,29,clear,,,,,,,,,,,,
244,img_26e10d650ada982eed86237e::yaw_minus_35,carport,0.6199,4.9,12739,55.3,81.8,0,nan,True,12739,4955,1.2620022630637244,4710,0,0,22588,8809,0.7228427464408451,6392,1540,0,12739,2900,0.5827555941561933,2655,0,0,22588,5340,0.3545571555748692,2923,1540,0,clear,,,,,,,,,,,,
245,img_c1d98062a4244b5006970c32::yaw_minus_35,carport,0.6222,4.89,13217,52.6,84.0,0,nan,True,13217,5827,0.7579606096045719,5480,0,0,22213,9834,0.7104136348685257,7257,1717,0,13217,3796,0.6257943885890125,3449,0,0,22213,6722,0.4445029611452833,4145,1717,0,clear,,,,,,,,,,,,
246,img_b03cab9432767781d37d0c40::yaw_minus_35,carport,0.6244,5.0,9866,55.3,86.1,0,nan,False,9866,4515,0.7127230792191606,4286,0,0,18346,8364,0.6688584547147505,6025,1541,0,9866,3298,0.6204247004160517,3069,0,0,18346,6212,0.45363426481783886,3873,1541,0,clear,,,,,,,,,,,,
247,img_fc66080d5ff5d4c012c31698::yaw_minus_35,carport,0.6267,5.24,8061,61.0,88.8,0,nan,False,8061,3806,0.6892861179132481,3596,0,0,15643,7388,0.6207788379892953,5155,1508,0,8061,3002,0.6142564365856398,2792,0,0,15643,5938,0.4587400508057522,3705,1508,0,clear,,,,,,,,,,,,
248,img_58caed980ab70c4132efecfd::yaw_minus_35,carport,0.629,5.52,7686,75.1,106.1,0,nan,False,7686,3697,0.6544676797798559,3509,0,0,15024,7268,0.6192692940675442,5188,1337,0,7686,3026,0.6054263034792782,2838,0,0,15024,6196,0.5154378394814478,4116,1337,0,clear,,,,,,,,,,,,
249,img_8c2af5819c98a4c49838403d::yaw_minus_35,carport,0.6312,5.72,9108,58.1,83.1,0,nan,False,9108,4621,0.6129927239728961,4236,0,0,15792,8033,0.58933184058065,5867,1341,0,9108,3922,0.5869008917633014,3537,0,0,15792,7017,0.5444302472369982,4851,1341,0,clear,,,,,,,,,,,,
250,img_9fc13fc6b2a89839552d140b::yaw_minus_35,carport,0.6335,5.89,9550,38.7,61.9,0,nan,False,9550,4984,0.588189828788642,4549,0,0,16189,8471,0.5698791136375974,6275,1318,0,9550,4287,0.5678254673631233,3852,0,0,16189,7480,0.5397293507142771,5284,1318,0,clear,,,,,,,,,,,,
251,img_f2e26c722981ec0176325e6b::yaw_minus_35,carport,0.6357,6.01,10851,38.1,58.4,0,nan,False,10851,5315,0.5954284731675399,4815,0,0,17662,8665,0.5758420203912227,6417,1392,0,10851,4553,0.5745267305016517,4053,0,0,17662,7609,0.5426346771958919,5361,1392,0,clear,,,,,,,,,,,,
252,img_f4bf71d79eb426e24a089014::yaw_minus_35,carport,0.638,6.02,10756,41.0,57.0,0,nan,False,10756,5239,0.6136866986359122,4734,0,0,17451,8538,0.5908106605802783,6258,1428,0,10756,4469,0.5897692051527006,3964,0,0,17451,7504,0.552864824941885,5224,1428,0,clear,,,,,,,,,,,,
253,img_9b00be96662f65f6e44b8ae9::yaw_minus_35,carport,0.6403,5.85,9760,42.7,60.7,0,nan,False,9760,4717,0.6723779715225389,4343,0,0,16477,7997,0.6364058516979529,5776,1463,0,9760,3923,0.6325783596650139,3549,0,0,16477,6870,0.5454640244268814,4649,1463,0,clear,,,,,,,,,,,,
254,img_99cab519f1ef124e4b6289fd::yaw_minus_35,carport,0.6425,5.56,9495,46.7,62.1,0,nan,False,9495,4494,0.7303731244176999,4203,0,0,16768,7981,0.6603229600655682,5659,1551,0,9495,3495,0.6435510554414758,3204,0,0,16768,6424,0.4903555155197137,4102,1551,0,clear,,,,,,,,,,,,
255,img_e89062940cc4d3083aa9a723::yaw_minus_35,carport,0.6448,5.17,15034,32.0,51.2,0,nan,False,15034,6088,0.7994263372938484,5595,2,0,23221,9414,0.7327708362726382,6969,1588,0,15034,4592,0.6841341272083863,4099,2,0,23221,7162,0.5344645099733936,4717,1588,0,clear,,,,,,,,,,,,
256,img_0cfe3b000d78b3cbe984aa45::yaw_minus_35,carport,0.6471,4.74,15131,41.2,65.6,0,nan,True,15131,6483,1.282613293427925,6014,0,0,23822,10219,0.7803071904040175,7575,1710,0,15131,3208,0.5552984484652859,2739,0,0,23822,5531,0.32591163330243056,2887,1710,0,clear,,,,,,,,,,,,
257,img_572c8b231f54c3e8ed7f76c5::yaw_minus_35,carport,0.6493,4.31,18656,51.9,81.3,0,nan,False,18656,7427,1.337736624649331,6930,2,0,28953,11536,0.931907107195092,8783,1790,0,18656,3081,0.5167477283198805,2584,2,0,28953,5424,0.2943524072733301,2671,1790,0,clear,,,,,,,,,,,,
258,img_bc2bea11a1cb64d9ca5716c4::yaw_minus_35,carport,0.6516,3.88,34609,53.9,77.1,0,nan,False,34609,11137,1.2360772790941983,10275,60,0,47609,15332,1.2076985329043983,12292,1980,0,34609,4862,0.5807647656989012,4000,60,0,47609,7103,0.3809424500558998,4063,1980,0,clear,,,,,,,,,,,,
259,img_a6e40bded3c9f2217bdca885::yaw_minus_35,interior,0.7421,2.07,496062,195.4,255.0,22524,164.8,False,496062,124306,2.961843755624628,117842,4865,550,553256,137687,2.939838595971083,129633,6320,642,496062,34186,1.5697736998763272,28079,4733,550,553256,36045,1.4971903698032674,28432,6122,642,clear,22524,5466,3.0087286360544465,4912,553,0,22524,593,-0.06468332805727028,39,553,0
260,img_d4b43c110801599d2031af14::yaw_minus_35,interior,0.7443,2.08,468042,199.5,255.0,18751,168.2,False,468042,108024,2.9271767192875373,101585,4864,535,520649,120996,2.9078400453791047,112970,6317,625,468042,28961,1.4094059830629688,22866,4736,535,520649,30757,1.3852335342694526,23159,6125,625,clear,18751,4424,2.8332430739042556,3907,516,0,18751,533,-0.06479673679985609,16,516,0
261,img_41472835d6d01c3b9eee86f3::yaw_minus_35,interior,0.7466,2.09,448515,199.9,255.0,17015,171.2,False,448515,120667,2.938886233058946,114109,4806,717,499059,133752,2.9202563350256465,125550,6300,819,448515,32701,1.5109304973961253,26526,4667,717,499059,34512,1.441364504886907,26786,6090,818,clear,17015,4738,3.0163372193258513,4245,492,0,17015,509,-0.06746902671639265,16,492,0
262,img_02c50c1e41ca50d8799dfef7::yaw_minus_35,interior,0.7489,2.11,448246,190.1,255.0,15792,164.9,False,448246,122690,2.9183488924009673,114910,4772,2027,497321,135729,2.9011207407243087,126212,6241,2251,448246,28366,1.3848015049150135,21367,4565,1806,497321,30141,1.3775589450841648,21588,5939,1964,clear,15792,4489,2.8280148681036676,4029,460,0,15792,475,-0.07464651405905753,15,460,0
263,img_809b1e32b82c29585751f38a::yaw_minus_35,interior,0.7511,2.12,436730,184.1,255.0,14902,170.4,False,436730,124080,2.8986613862805113,115284,4709,3141,484481,137114,2.8735633488709853,126569,6170,3365,436730,25154,1.3782828289595461,17468,4433,2788,484481,26840,1.3618338777265415,17589,5775,2979,clear,14902,3848,2.4363394429542415,3399,449,0,14902,454,-0.08227906054124601,5,449,0
264,img_25e709e621e208bb6d69963c::yaw_minus_35,interior,0.7534,2.14,410514,182.1,255.0,11949,170.7,False,410514,119164,2.8564235287777606,109860,4638,3738,454538,131879,2.817669636389683,120823,6112,3957,410514,23509,1.3568567009288066,15405,4341,3369,454538,25170,1.3256813465588513,15489,5686,3566,clear,11949,3176,2.0896040362220396,2766,410,0,11949,411,-0.08528780001667702,1,410,0
265,img_ae847fd97d3627e78b825c01::yaw_minus_35,interior,0.7557,2.25,363062,182.3,254.4,7055,166.0,False,363062,106435,2.778481821768523,96694,4633,4203,399984,118445,2.72737265386401,106909,6148,4439,363062,21783,1.3174269670338528,13252,4348,3802,399984,23458,1.2957588195854244,13324,5721,4004,clear,7055,2362,2.1383920675010195,2050,312,0,7055,312,-0.08268259045630111,0,312,0
266,img_ae7fcdb96cefc23a2e9b1cb8::yaw_minus_35,interior,0.7919,2.51,261840,170.2,255.0,3247,177.7,False,261840,98652,2.540293989147006,82772,3934,10643,291282,110235,2.304802671433034,89249,5976,11979,261840,18262,-0.809253943292173,5703,2420,9944,291282,20250,-0.8184863471709694,5725,3009,11106,occluded,3247,1150,2.297961638907519,903,155,92,3247,207,-0.11230301945747057,0,117,90
267,img_db74abe8fe99e50cd417fb92::yaw_minus_35,interior,0.7941,2.64,255380,170.5,255.0,3713,167.8,False,255380,91402,2.596934302873601,72947,3655,12290,284668,101873,2.4320929237552953,79672,5449,13350,255380,18331,-0.9306405811149427,4730,1774,11611,284668,20006,-0.9155367886065848,4808,2225,12522,occluded,3713,1178,2.262606028332643,940,157,81,3713,189,-0.12121785420536257,1,110,78
268,img_bde382b774c98e42606ebea1::yaw_minus_35,interior,0.7964,2.71,230093,167.7,254.7,2662,198.6,False,230093,97454,2.2399889791024226,73457,4304,16142,256706,108082,2.1035780133207966,80231,5546,17678,230093,21034,-1.017865953971882,3837,1200,15317,256706,23444,-1.0040626121410738,4012,1483,16678,occluded,2662,1024,2.2148914707003384,789,135,99,2662,200,-0.1358405318142366,11,99,90
269,img_c3ccda95371ed93a9732b302::yaw_minus_35,interior,0.7986,2.76,198804,162.3,253.2,756,184.1,False,198804,86160,1.837529513044729,60914,3755,17197,221935,97123,1.8326251143959214,68269,4704,18666,198804,20217,-1.0665148766356536,1748,680,16746,221935,22579,-1.0548730937925215,1961,833,18100,occluded,756,357,2.49312696754975,268,39,47,756,74,-1.342467820887936,8,20,46
270,img_dbcbd71faaeb6348cda02573::yaw_minus_35,interior,0.8009,2.84,166667,156.7,230.7,0,nan,False,166667,77344,1.8130785880773066,51470,2664,18152,185945,86093,1.7944950505536457,56655,3533,19790,166667,20055,-1.1115676974167306,1159,319,17603,185945,22279,-1.1031975285504512,1230,489,19034,occluded,,,,,,,,,,,,
271,img_c722df52e100f0a4d6d722c4::yaw_minus_35,interior,0.8032,2.83,171388,156.2,227.8,0,nan,False,171388,72082,1.8010366425817594,45793,2126,18352,190712,80297,1.7801320101952767,50435,2883,20232,171388,19298,-1.145455473399535,590,224,17485,190712,21501,-1.1415267413075356,649,313,19156,occluded,,,,,,,,,,,,
272,img_441e03f73d0b76f84c505db3::yaw_minus_35,interior,0.8054,2.78,174754,166.0,237.6,0,nan,False,174754,70890,1.8380089131772621,44572,1741,18368,194161,78733,1.8133391422579384,48906,2438,20467,174754,18424,-1.1726125496491868,667,117,16813,194161,20488,-1.176281882612217,682,184,18679,occluded,,,,,,,,,,,,
273,img_1a265d9e130f6059a7c5e9a6::yaw_minus_35,interior,0.8077,2.73,179361,170.4,245.5,0,nan,False,179361,69533,1.8715958465527018,43937,1670,17533,199264,77298,1.8455698330176726,48255,2319,19672,179361,17095,-1.1524503585002135,756,136,15374,199264,19160,-1.1628052607083856,760,177,17304,occluded,,,,,,,,,,,,
274,img_443900e4c8ed5b29fb38d36a::yaw_plus_35,interior,0.819,2.43,232977,174.8,252.3,467,196.6,False,232977,75732,2.031223305096009,51691,1789,15579,257577,82957,2.00863694480549,56057,2477,17135,232977,12956,-1.0357970252105573,915,190,10626,257577,14283,-1.0398902581983753,931,267,11693,occluded,467,99,2.1065657924628214,83,0,8,467,15,-1.297082305750357,0,0,8
275,img_39270baa183005e40c561a87::yaw_plus_35,interior,0.8213,2.38,211887,171.7,249.9,12,213.2,False,211887,80566,2.0675068846611224,56567,1830,15274,234155,88231,2.047663394052512,61412,2532,16766,211887,12079,-1.066162723836607,577,164,10128,234155,13319,-1.072431998402124,591,240,11121,occluded,12,3,1.7768408942526124,3,0,0,12,0,,,,
276,img_d733262793847c605e65099a::yaw_plus_35,interior,0.8235,2.34,214399,171.1,248.9,0,nan,False,214399,79949,2.1886284813193337,58349,1693,14034,235661,86885,2.177371669739293,62956,2333,15263,214399,9581,-1.2508641903622766,551,25,8690,235661,10434,-1.263910691195317,554,42,9434,occluded,,,,,,,,,,,,
277,img_d04d0ca787fbef2b28f090d4::yaw_plus_35,interior,0.8258,2.33,215034,168.3,237.4,15,204.7,False,215034,89613,2.1489551785510166,65264,1929,15207,236210,97965,2.1337865789853203,70893,2590,16669,215034,11600,-1.037827109562094,571,170,9644,236210,12755,-1.0489768658940912,573,222,10601,occluded,15,8,2.3277224940546715,8,0,0,15,0,,,,
278,img_fb8d4e5c370423a144a63ab7::yaw_plus_35,interior,0.8281,2.4,209402,160.6,232.4,60,209.3,False,209402,73158,2.1385866050468696,50194,1719,15352,231346,80145,2.1162479742978477,54853,2395,16507,209402,9947,-1.0392460761093307,226,163,8820,231346,11021,-1.041858218684757,279,235,9628,occluded,60,22,2.2352411916853496,22,0,0,60,0,,,,
279,img_736215cb0d2336e90c45f014::yaw_plus_35,interior,0.8371,2.42,193676,169.2,211.0,172,108.8,False,193676,78013,2.1171457615876963,55187,1769,14712,213906,85307,2.105095721834056,59925,2427,16090,193676,11449,-1.2310925667310246,465,120,10135,213906,12621,-1.244403212034055,478,160,11163,occluded,172,59,2.10675726510094,47,0,6,172,9,-1.4737632506186942,0,0,6
280,img_e077fcb4955280ec1710e251::yaw_plus_35,interior,0.8394,2.38,298368,165.0,209.9,2157,127.0,False,298368,108054,2.1270442417733237,81287,2319,16668,323441,116966,2.1201754536545057,87611,2903,18059,298368,15156,-1.1634247409100005,347,204,13271,323441,16455,-1.171095662055424,351,270,14440,occluded,2157,936,2.382190035896893,749,7,126,2157,111,-1.421612221478071,0,0,111
281,img_783c40ea973d77f89e68bd01::yaw_minus_35,interior,0.8416,2.3,282147,168.6,203.0,5133,143.8,False,282147,90205,2.0482680911660345,67200,2676,13877,309950,98600,2.0399322956905097,72871,3367,15332,282147,12788,-1.1593063197834632,94,208,11535,309950,14099,-1.1650312219279018,103,245,12737,occluded,5133,1239,2.1174654910972297,900,42,251,5133,250,-1.462343108504364,0,0,250
282,img_8ef82436b387ffb945bf91a5::yaw_minus_35,interior,0.8439,2.23,282752,153.6,207.8,4110,199.3,False,282752,114074,2.291179437644322,89725,4349,15250,309985,126004,2.2852959514622873,98827,5244,16179,282752,17702,-1.0657254412092174,2454,506,13920,309985,19545,-1.049657744322433,2813,670,14733,occluded,4110,2192,3.8833799588387627,1936,145,78,4110,341,-0.1285950717899773,132,125,78
283,img_ff7bb1d8e38e09e81058a33b::yaw_minus_35,interior,0.8462,2.14,367364,183.6,254.2,4606,204.6,False,367364,111987,2.485647365273616,93233,4604,10973,398736,122891,2.4142347875703125,101271,5845,11716,367364,21980,-0.14253220273587663,9316,1755,10271,398736,23684,-0.14771099217532369,9684,2050,10880,clear,4606,2045,3.0125882541385587,1803,204,36,4606,326,-0.11588668260991386,112,178,36
284,img_4a55ba7140adf532c2944b6d::yaw_plus_35,interior,0.8665,1.45,824767,193.5,255.0,48358,172.4,False,824767,134312,3.3728341854432884,128921,3690,1,920166,157715,3.1696868733473718,144109,5130,3041,824767,60918,3.491920706033644,55603,3683,1,920166,67544,3.1517937139230545,55677,4525,2956,clear,48358,13919,1.7942923721200186,8599,3812,3,48358,4736,-0.06699007337231577,12,3691,3
285,img_362f09e7739015207616d3d1::yaw_plus_35,interior,0.9231,7.9,36015,67.2,172.8,0,nan,False,36015,10965,1.5956144126050962,7418,3545,2,43272,14321,1.4127959221642534,8943,4885,21,36015,5248,-0.11363034669080152,1783,3463,2,43272,7549,-0.11597511709503472,2263,4796,21,clear,,,,,,,,,,,,
286,img_62bb470e8f17d63e54df8e2e::yaw_plus_35,interior,0.9253,8.34,25408,79.4,187.0,0,nan,False,25408,14092,1.357083005504987,8970,3314,1808,31362,17850,1.3319067553947948,10474,4680,2275,25408,8614,-0.11334228579457495,3549,3257,1808,31362,11286,-0.11651189175085808,3971,4623,2275,clear,,,,,,,,,,,,
287,img_c97b935806f8446352f5c059::yaw_plus_35,interior,0.9276,8.73,21107,88.5,193.0,0,nan,False,21107,10533,1.3342533811044746,6403,2827,1303,26751,13714,1.272089347390387,7383,4190,1745,21107,6711,-0.1133952000692755,2709,2699,1303,26751,8354,-0.11550739605336258,2941,3629,1744,clear,,,,,,,,,,,,
288,img_e76aadc0656e16023b5889f4::yaw_plus_35,interior,0.9299,9.15,22268,110.6,190.7,0,nan,False,22268,9520,-0.11157602135272704,4454,2153,2913,27986,12168,-0.11526393233792298,5084,3036,3792,22268,5220,-1.1769156891843888,1068,1239,2913,27986,6739,-1.1755042391225956,1149,1780,3791,occluded,,,,,,,,,,,,
289,img_fa65b3aa880c9101e305af46::yaw_minus_35,interior,0.9344,10.02,19335,119.2,190.5,0,nan,False,19335,8425,-0.11738263818636696,3247,1822,3356,24026,10606,-0.12155916248564402,3673,2457,4321,19335,4947,-1.2955858755009189,524,1067,3356,24026,6380,-1.2946191697915328,557,1494,4318,occluded,,,,,,,,,,,,
290,img_2fe71151d4c449e1d3233bb5::yaw_minus_35,interior,0.9367,10.52,14622,121.3,188.7,0,nan,False,14622,7846,-0.12152322746564614,2777,1503,3566,18637,10126,-0.12440310369179475,3195,2149,4692,14622,4701,-6.77227970928463,243,894,3564,18637,6309,-6.769405179470494,283,1335,4685,occluded,,,,,,,,,,,,
291,img_13691d7391a8be50b061c1b3::yaw_minus_35,interior,0.9389,10.97,13284,116.3,182.2,0,nan,False,13284,8251,-0.11664899985203547,3231,1689,3331,17020,10726,-0.12162271094836985,3686,2416,4504,13284,4920,-1.295726366363187,532,1059,3329,17020,6693,-1.295420221695716,594,1583,4500,occluded,,,,,,,,,,,,
292,img_86575fe5a65f1c1856691512::yaw_minus_35,interior,0.9412,11.38,15407,104.7,166.3,0,nan,False,15407,6179,-0.1230297335596564,1738,1643,2798,19264,7984,-0.12524807133100246,1981,2218,3691,15407,3851,-6.816226886240933,79,974,2798,19264,5240,-6.803448781723097,142,1401,3688,occluded,,,,,,,,,,,,
293,img_5ef19597a38170b745e3d0e8::yaw_minus_35,interior,0.9434,11.81,17595,79.3,149.3,0,nan,False,17595,8717,-0.10964524120052133,4201,2012,2504,21687,10975,-0.11402681648860202,4674,2663,3539,17595,5771,-0.1213168009068415,1659,1608,2504,21687,7292,-0.12442266286096793,1758,2086,3436,clear,,,,,,,,,,,,
294,img_beb01b280b14e79f616ea854::yaw_plus_35,interior,0.9434,11.82,17611,95.1,176.7,0,nan,False,17611,5677,-0.12169138883318276,1542,1701,2434,21741,7442,-0.12437708759312471,1775,2224,3353,17611,3712,-6.797665035516114,110,1168,2434,21741,5084,-6.794069544295547,189,1545,3349,occluded,,,,,,,,,,,,
295,img_c945937fd972cd35ccc3f927::yaw_minus_35,interior,0.9457,12.14,15351,65.9,136.3,0,nan,False,15351,8144,1.2683939702713483,4353,2681,1110,19014,10246,-0.11008284130111434,4901,3579,1447,15351,5370,-0.11429877913823727,1946,2422,1002,19014,6220,-0.11544619931763123,2142,2933,1123,clear,,,,,,,,,,,,
296,img_a81fedc93cf86c096628e077::yaw_plus_35,interior,0.9457,12.14,17892,75.1,177.5,0,nan,False,17892,8378,1.2647735887987102,4440,2696,1242,21913,10463,-0.11084454043650993,4882,3307,2252,17892,5122,-0.11374888804389816,1921,1990,1211,21913,6315,-0.11664965473036304,2064,2245,1996,clear,,,,,,,,,,,,
297,img_49cecc6b7a7ebcfb56922fe8::yaw_plus_35,interior,0.948,12.48,14238,81.6,171.4,0,nan,False,14238,7752,1.2274161950604796,4033,2565,1154,17782,9876,-0.11216644510557572,4436,3281,1832,14238,4635,-0.11410564342041063,1644,2144,847,17782,6544,-0.11827633370324708,1868,2832,1517,clear,,,,,,,,,,,,
298,img_dfbaef61d9e8160adafd7543::yaw_plus_35,interior,0.9502,12.76,12064,79.3,171.7,0,nan,False,12064,7010,1.209217366732724,3549,2196,1265,15428,9103,-0.11344519911281559,3908,2890,2030,12064,4020,-0.11373035250516494,1492,1690,838,15428,5910,-0.11873970878261098,1687,2353,1596,clear,,,,,,,,,,,,
299,img_75a30ee17616282a88941ad2::yaw_plus_35,interior,0.9525,13.03,12510,74.7,165.0,0,nan,False,12510,7134,-0.10742057205373978,3537,1903,1694,15899,9160,-0.11382868303519533,3897,2612,2466,12510,4201,-0.11489182761073913,1433,1483,1285,15899,6037,-0.12176565978917786,1645,2153,2055,clear,,,,,,,,,,,,
300,img_a70b864456069a8a04299a32::yaw_plus_35,interior,0.9548,13.33,12992,75.3,159.8,0,nan,False,12992,7050,-0.11067404527577995,3309,1780,1961,16494,8994,-0.11528710869456393,3620,2454,2738,12992,4497,-0.11612398744980723,1474,1438,1585,16494,6181,-0.12385540103629467,1660,1997,2356,clear,,,,,,,,,,,,
301,img_c1e12f0629dd3d406e51c28a::yaw_plus_35,interior,0.957,13.58,15024,82.3,159.7,0,nan,False,15024,7013,-0.11287227444835679,3057,1718,2238,18762,8804,-0.11739106256479737,3337,2292,2982,15024,4953,-0.11805256885254245,1546,1415,1992,18762,6500,-0.12643146453270138,1717,1893,2733,clear,,,,,,,,,,,,
302,img_4d9c2a8e76e687e5179a2990::yaw_plus_35,interior,0.9593,13.68,15698,84.5,152.2,0,nan,False,15698,6943,-0.11631983245268884,2620,1602,2721,19587,8733,-0.12260207027084924,2868,2202,3537,15698,5272,-0.12926430653821086,1337,1376,2559,19587,6846,-0.18569077389568633,1495,1872,3373,clear,,,,,,,,,,,,
303,img_738d35da53c08f4a598d2f51::yaw_plus_35,interior,0.9615,13.8,11298,91.7,156.5,0,nan,False,11298,6082,-0.12645053693121966,1844,1337,2901,14491,7909,-0.13789998321162145,2047,1936,3779,11298,4857,-3.664170371350659,849,1154,2854,14491,6473,-3.663351689432929,969,1657,3732,occluded,,,,,,,,,,,,
304,img_654224d56a5a5fc52b21d876::yaw_plus_35,interior,0.9638,13.94,8466,97.6,163.8,0,nan,False,8466,5159,-3.672948211841346,1173,959,3027,11308,7016,-3.6658241682426853,1334,1617,3975,8466,4134,-3.677263704369664,445,662,3027,11308,5879,-3.6740507513569103,555,1274,3975,occluded,,,,,,,,,,,,
305,img_103dec49eddc71b8b42bba6d::yaw_plus_35,interior,0.9661,13.96,7742,104.3,154.0,0,nan,False,7742,4992,-3.6953396634432076,476,609,3907,10413,6804,-3.692053370352138,599,1181,4939,7742,4321,-3.698356995706998,75,339,3907,10413,6032,-3.6952787860540797,148,860,4939,occluded,,,,,,,,,,,,
306,img_f029e0f1f983d146f96286a0::yaw_plus_35,interior,0.9683,13.81,7950,103.4,148.8,0,nan,False,7950,5454,-3.7125284575298156,232,412,4810,10719,7357,-3.709450016301389,328,989,5963,7950,4811,-3.7151747728810935,0,2,4809,10719,6389,-3.713333688940976,26,332,5960,occluded,,,,,,,,,,,,
307,img_304b50c95ed848aecc410e2d::yaw_plus_35,interior,0.9706,13.56,9055,105.3,149.0,0,nan,False,9055,6045,-3.7271470361507593,36,136,5873,12024,7978,-3.723813367436944,126,715,7084,9055,5873,-3.7277968507666195,0,0,5873,12024,7097,-3.727223019083283,1,7,7080,occluded,,,,,,,,,,,,
308,img_1b406da0e87bb6871507e4a4::yaw_plus_35,interior,0.9729,13.36,11334,105.6,144.1,0,nan,False,11334,6779,-3.740314774523849,6,2,6771,14562,8708,-3.7408035854321557,31,167,8480,11334,6760,-3.740370667766168,0,0,6760,14562,8464,-3.741615248330854,0,0,8464,occluded,,,,,,,,,,,,
309,img_bce41815c3435d5918fa786f::yaw_plus_35,interior,0.9751,13.21,13311,102.9,137.7,0,nan,False,13311,7121,-3.745633971771989,11,4,7106,16877,9036,-3.747727646616621,14,8,9014,13311,7087,-3.7457936165129695,0,0,7087,16877,8990,-3.747920448474292,0,0,8990,occluded,,,,,,,,,,,,
310,img_72b0880469760869c633c6c8::yaw_plus_35,interior,0.9774,13.1,12085,103.0,137.8,0,nan,False,12085,6981,-3.7476442169440123,11,5,6965,15570,8990,-3.749887715740387,17,8,8961,12085,6946,-3.74790423663595,0,0,6946,15570,8937,-3.7500968721217856,0,0,8937,occluded,,,,,,,,,,,,
311,img_017105047612fa06bd54d2a9::yaw_plus_35,interior,0.9796,13.0,11446,103.1,138.1,0,nan,False,11446,7162,-3.747081153618619,9,5,7148,14824,9272,-3.749874394248878,17,10,9245,11446,7117,-3.747388596718272,0,0,7117,14824,9213,-3.7501770118768274,0,0,9213,occluded,,,,,,,,,,,,
312,img_ace39114ea6e3dc2c06be34b::yaw_plus_35,interior,0.9819,12.74,10624,103.4,137.1,0,nan,False,10624,7160,-3.7391539324155865,22,5,7133,13875,9345,-3.7426532940166624,31,7,9307,10624,7120,-3.7396371489094884,0,0,7120,13875,9282,-3.743001044393494,0,0,9282,occluded,,,,,,,,,,,,
313,img_85e78662bf093fa213534df1::yaw_minus_35,interior,0.9842,12.37,14775,74.4,91.7,0,nan,False,14775,8707,-3.7414472964426224,87,11,8609,18384,10844,-3.743224421779357,119,17,10705,14775,8517,-3.742927666603533,0,0,8517,18384,10576,-3.744795921120617,0,0,10576,occluded,,,,,,,,,,,,
314,img_d9a7c8becf1e2afe7e043c05::yaw_plus_35,interior,0.9842,12.36,14797,102.7,136.7,0,nan,False,14797,8772,-3.7368523586858124,81,18,8673,18250,10817,-3.7384382796235798,114,23,10677,14797,8574,-3.73795264635529,0,0,8574,18250,10544,-3.740369224723149,0,0,10544,occluded,,,,,,,,,,,,
315,img_b49a7a00f760704e50863571::yaw_minus_35,interior,0.9864,12.22,15165,71.6,81.9,0,nan,False,15165,8857,-3.7491357049131118,158,25,8674,18824,10995,-3.7505221851789194,172,34,10788,15165,8509,-3.751158986237604,0,0,8509,18824,10605,-3.7527566316638232,0,0,10605,occluded,,,,,,,,,,,,
316,img_8bdef04bbeeb5f84aab07251::yaw_plus_35,interior,0.9864,12.22,15004,97.4,125.2,0,nan,False,15004,8918,-3.743559672235265,158,23,8737,18481,10944,-3.7451954966683143,168,27,10749,15004,8589,-3.7455051423936485,0,0,8589,18481,10565,-3.747268637493473,0,0,10565,occluded,,,,,,,,,,,,
317,img_0270831497d17f59f1c3de3e::yaw_minus_35,interior,0.9887,12.19,14265,73.1,82.9,0,nan,False,14265,8810,-3.749584455147162,154,28,8628,17625,10853,-3.7512832158818235,164,34,10653,14265,8481,-3.751667831809657,0,0,8481,17625,10477,-3.753451179250728,0,0,10477,occluded,,,,,,,,,,,,
318,img_f62c18a51fe6eeab821492db::yaw_plus_35,interior,0.9887,12.2,16397,97.1,123.7,0,nan,False,16397,9193,-3.7435525152996636,169,20,9004,20104,11268,-3.744916439119791,180,23,11063,16397,8853,-3.745562908912186,0,0,8853,20104,10854,-3.7469653049180813,0,0,10854,occluded,,,,,,,,,,,,
319,img_4d472e322a81763c2fd0b666::yaw_minus_35,interior,0.991,12.19,13311,76.6,87.9,0,nan,False,13311,8493,-3.7502277015532606,144,22,8327,16702,10673,-3.751818822380031,155,27,10490,13311,8192,-3.7520984960337325,0,0,8192,16702,10323,-3.753790631292185,0,0,10323,occluded,,,,,,,,,,,,
320,img_90c01a0a342d72f043a54865::yaw_minus_35,interior,0.9932,12.19,13309,79.8,91.3,0,nan,False,13309,8495,-3.750128785190398,143,25,8327,16702,10676,-3.7517264005627897,151,31,10492,13309,8208,-3.751892309843809,0,0,8208,16702,10340,-3.7536178033568337,0,0,10340,occluded,,,,,,,,,,,,
321,img_98fbe7ea8fe6d8ecf2b8b9d7::yaw_minus_35,interior,0.9955,12.19,13309,79.7,91.0,0,nan,False,13309,8493,-3.750008780876163,136,23,8334,16702,10674,-3.7516111889356925,145,28,10498,13309,8208,-3.751821014152032,0,0,8208,16702,10340,-3.7534612810745838,0,0,10340,occluded,,,,,,,,,,,,
322,img_cbaa2ed931cc075f3b1eb8f6::yaw_minus_35,interior,0.9977,12.19,13309,79.6,90.9,0,nan,False,13309,8497,-3.7500600814992318,140,25,8332,16702,10678,-3.7516839013139665,148,32,10496,13309,8209,-3.7518602840703856,0,0,8209,16702,10342,-3.753534503082424,0,0,10342,occluded,,,,,,,,,,,,
323,img_1bc6af48816e6b6269928548::yaw_minus_35,interior,1.0,12.19,13309,79.6,91.0,0,nan,False,13309,8495,-3.7497180259238974,138,22,8335,16702,10676,-3.751451670546907,149,28,10495,13309,8204,-3.7516606854988224,0,0,8204,16702,10334,-3.753366246593946,0,0,10334,occluded,,,,,,,,,,,,
