cam_signed_dist_to_plane_m,cam_to_door_centre_m,camera_id,face_id,image_id,in_roi_list,quad_any_inside,quad_fully_inside,sample_id,vis6_delta_p05,vis6_delta_p50,vis6_delta_p95,vis6_n_behind,vis6_n_front,vis6_n_lidar_in_quad,vis6_n_on_leaf,vis6_quad_pixels,vis6_quad_pixels_in_dilated_support,vis6_range_p05,vis6_range_p50,vis6_range_p95,vis6_t_plane_p50,vis6f_delta_p05,vis6f_delta_p50,vis6f_delta_p95,vis6f_n_behind,vis6f_n_front,vis6f_n_lidar_in_quad,vis6f_n_on_leaf,vis6f_quad_pixels,vis6f_quad_pixels_in_dilated_support,vis6f_range_p05,vis6f_range_p50,vis6f_range_p95,vis6f_t_plane_p50
-2.4196118316835173,2.4579847066660037,right,pitch_up_56,img_00bf665bae8b75617aac7789,False,False,False,img_00bf665bae8b75617aac7789::pitch_up_56,,,,,,,,,,,,,,,,,,,,,,,,,,
-2.4196118316835173,2.4579847066660037,right,yaw_minus_35,img_00bf665bae8b75617aac7789,False,False,False,img_00bf665bae8b75617aac7789::yaw_minus_35,,,,,,,,,,,,,,,,,,,,,,,,,,
-5.274288466063256,5.300948747464869,right,pitch_up_56,img_00ec71ecfd73b6eb59d8f832,False,False,False,img_00ec71ecfd73b6eb59d8f832::pitch_up_56,,,,,,,,,,,,,,,,,,,,,,,,,,
-5.274288466063256,5.300948747464869,right,yaw_minus_35,img_00ec71ecfd73b6eb59d8f832,False,False,False,img_00ec71ecfd73b6eb59d8f832::yaw_minus_35,,,,,,,,,,,,,,,,,,,,,,,,,,
-5.274288466063256,5.300948747464869,right,yaw_plus_35,img_00ec71ecfd73b6eb59d8f832,False,True,True,img_00ec71ecfd73b6eb59d8f832::yaw_plus_35,-0.12546877104495469,1.919656462939436,20.958980806437363,27392,5,33261,5509,78810,64164,5.216405391693115,7.313841819763184,26.2814998626709,5.339117520417736,-0.13316163425823485,-0.11283896158970297,2.563371173882184,4280,5,10085,5486,78810,60563,5.1987762451171875,5.320339202880859,7.868268108367917,5.334715467830484
-12.696038274881712,13.004806059046318,left,pitch_up_56,img_017105047612fa06bd54d2a9,False,False,False,img_017105047612fa06bd54d2a9::pitch_up_56,,,,,,,,,,,,,,,,,,,,,,,,,,
-12.696038274881712,13.004806059046318,left,yaw_minus_35,img_017105047612fa06bd54d2a9,False,False,False,img_017105047612fa06bd54d2a9::yaw_minus_35,,,,,,,,,,,,,,,,,,,,,,,,,,
-12.696038274881712,13.004806059046318,left,yaw_plus_35,img_017105047612fa06bd54d2a9,False,True,True,img_017105047612fa06bd54d2a9::yaw_plus_35,-3.7932763299900345,-3.749874394248878,-3.071483115248954,17,9245,9272,10,14824,14824,9.20087628364563,9.27807331085205,9.90323977470398,13.01480797462943,-3.7933224737745967,-3.7501770118768274,-3.075437889848594,0,9213,9213,0,14824,14824,9.200734519958496,9.2777738571167,9.895127105712891,13.015018754005052
-10.081298495051051,10.08293817203463,left,pitch_up_56,img_01a908951bd4dc96cb442bce,False,False,False,img_01a908951bd4dc96cb442bce::pitch_up_56,,,,,,,,,,,,,,,,,,,,,,,,,,
-10.081298495051051,10.08293817203463,left,yaw_plus_35,img_01a908951bd4dc96cb442bce,False,False,False,img_01a908951bd4dc96cb442bce::yaw_plus_35,,,,,,,,,,,,,,,,,,,,,,,,,,
-4.813913894096298,4.865324054328607,right,pitch_up_56,img_02167f65b42e301e9acb4f89,False,False,False,img_02167f65b42e301e9acb4f89::pitch_up_56,,,,,,,,,,,,,,,,,,,,,,,,,,
-4.813913894096298,4.865324054328607,right,yaw_minus_35,img_02167f65b42e301e9acb4f89,True,False,False,img_02167f65b42e301e9acb4f89::yaw_minus_35,,,,,,,,,,,,,,,,,,,,,,,,,,
-4.813913894096298,4.865324054328607,right,yaw_plus_35,img_02167f65b42e301e9acb4f89,True,True,True,img_02167f65b42e301e9acb4f89::yaw_plus_35,-3.6639415346196142,1.2476848841900914,20.731296170675137,21577,12015,38751,4905,115323,115078,1.2352825999259949,6.1935272216796875,25.57858657836914,4.900256705787165,-3.747184344388508,-3.463628021744139,0.8471485022094378,406,4085,7012,2468,115323,110192,1.1656817972660065,1.4208056330680847,5.884798264503479,4.923390432675385
-2.098080728003914,2.1230589445846926,right,pitch_down_56,img_024ff4947bc3d3decbcf878c,False,False,False,img_024ff4947bc3d3decbcf878c::pitch_down_56,,,,,,,,,,,,,,,,,,,,,,,,,,
-2.098080728003914,2.1230589445846926,right,yaw_minus_35,img_024ff4947bc3d3decbcf878c,False,False,False,img_024ff4947bc3d3decbcf878c::yaw_minus_35,,,,,,,,,,,,,,,,,,,,,,,,,,
-2.098080728003914,2.1230589445846926,right,yaw_plus_35,img_024ff4947bc3d3decbcf878c,False,False,False,img_024ff4947bc3d3decbcf878c::yaw_plus_35,,,,,,,,,,,,,,,,,,,,,,,,,,
-11.825253295281833,12.19376010153038,right,yaw_minus_35,img_0270831497d17f59f1c3de3e,False,True,True,img_0270831497d17f59f1c3de3e::yaw_minus_35,-3.826936397208838,-3.7512832158818235,-2.7477927073947166,164,10653,10853,34,17625,17625,8.372474098205567,8.462976455688477,9.331583404541016,12.205427448417279,-3.8275311387685265,-3.753451179250728,-3.0644293198559467,0,10477,10477,0,17625,17625,8.371937561035157,8.460432052612305,9.126590156555176,12.208186307133339
-2.0717236804168953,2.108010207930094,left,pitch_down_56,img_02c50c1e41ca50d8799dfef7,False,True,False,img_02c50c1e41ca50d8799dfef7::pitch_down_56,,,,,,,,,,,,,,,,,,,,,,,,,,
-2.0717236804168953,2.108010207930094,left,pitch_up_56,img_02c50c1e41ca50d8799dfef7,False,False,False,img_02c50c1e41ca50d8799dfef7::pitch_up_56,,,,,,,,,,,,,,,,,,,,,,,,,,
-2.0717236804168953,2.108010207930094,left,yaw_minus_35,img_02c50c1e41ca50d8799dfef7,False,True,True,img_02c50c1e41ca50d8799dfef7::yaw_minus_35,-0.11467917952933968,2.9011207407243087,21.325632266054562,126212,2251,135729,6241,497321,493910,2.09234676361084,5.058171272277832,23.434174346923825,2.1580272368632634,-1.1864145933132302,1.3775589450841648,6.1738514472635675,21588,1964,30141,5939,497321,470774,1.0962095260620117,3.5584988594055176,8.308281898498535,2.1688054934986805
-2.0717236804168953,2.108010207930094,left,yaw_plus_35,img_02c50c1e41ca50d8799dfef7,False,False,False,img_02c50c1e41ca50d8799dfef7::yaw_plus_35,,,,,,,,,,,,,,,,,,,,,,,,,,
-7.523714399920504,8.053246766055576,left,pitch_up_56,img_02ea8d71b98fade9b737af1e,False,False,False,img_02ea8d71b98fade9b737af1e::pitch_up_56,,,,,,,,,,,,,,,,,,,,,,,,,,
-7.523714399920504,8.053246766055576,left,yaw_plus_35,img_02ea8d71b98fade9b737af1e,False,True,True,img_02ea8d71b98fade9b737af1e::yaw_plus_35,-3.9880204098102365,-3.206674325000982,2.7592852306474915,3027,17982,22197,1078,39064,39064,4.094322967529297,4.851944923400879,10.826418113708499,8.065242730495463,-4.0127586898385,-3.8229145177985133,-3.143239432169266,0,15128,15128,0,39064,39064,4.089054608345032,4.253412485122681,4.936199116706848,8.070547256734017
5.222847610232494,7.698909680119369,right,pitch_up_56,img_03470cda035b5adeddb4a5b3,False,False,False,img_03470cda035b5adeddb4a5b3::pitch_up_56,,,,,,,,,,,,,,,,,,,,,,,,,,
5.222847610232494,7.698909680119369,right,yaw_minus_35,img_03470cda035b5adeddb4a5b3,False,True,True,img_03470cda035b5adeddb4a5b3::yaw_minus_35,-4.732445766115719,0.16327985136298206,4.638364572123351,5466,7364,16977,926,32123,32123,2.811658763885498,7.891884803771973,12.344981384277343,7.700415696996773,-4.833609757230908,-4.088915597313322,0.2893845205988326,194,3420,4628,249,32123,31617,2.7544679164886476,3.8007900714874268,8.31944637298584,7.796292686015315
5.222847610232494,7.698909680119369,right,yaw_plus_35,img_03470cda035b5adeddb4a5b3,False,False,False,img_03470cda035b5adeddb4a5b3::yaw_plus_35,,,,,,,,,,,,,,,,,,,,,,,,,,
-1.662381891718249,1.7047145145761209,left,pitch_down_56,img_03d3b8c62d66fac93b032a26,False,False,False,img_03d3b8c62d66fac93b032a26::pitch_down_56,,,,,,,,,,,,,,,,,,,,,,,,,,
-1.662381891718249,1.7047145145761209,left,pitch_up_56,img_03d3b8c62d66fac93b032a26,False,False,False,img_03d3b8c62d66fac93b032a26::pitch_up_56,,,,,,,,,,,,,,,,,,,,,,,,,,
-1.662381891718249,1.7047145145761209,left,yaw_minus_35,img_03d3b8c62d66fac93b032a26,False,False,False,img_03d3b8c62d66fac93b032a26::yaw_minus_35,,,,,,,,,,,,,,,,,,,,,,,,,,
-1.662381891718249,1.7047145145761209,left,yaw_plus_35,img_03d3b8c62d66fac93b032a26,False,False,False,img_03d3b8c62d66fac93b032a26::yaw_plus_35,,,,,,,,,,,,,,,,,,,,,,,,,,
-5.004228019591,5.891509727598813,left,pitch_up_56,img_0466fd896d0aec73619005f8,False,False,False,img_0466fd896d0aec73619005f8::pitch_up_56,,,,,,,,,,,,,,,,,,,,,,,,,,
-5.004228019591,5.891509727598813,left,yaw_plus_35,img_0466fd896d0aec73619005f8,False,False,False,img_0466fd896d0aec73619005f8::yaw_plus_35,,,,,,,,,,,,,,,,,,,,,,,,,,
3.37595450664079,6.5687193311936,right,pitch_up_56,img_05cc6ae9bfec314d854c8837,False,False,False,img_05cc6ae9bfec314d854c8837::pitch_up_56,,,,,,,,,,,,,,,,,,,,,,,,,,
3.37595450664079,6.5687193311936,right,yaw_minus_35,img_05cc6ae9bfec314d854c8837,True,True,True,img_05cc6ae9bfec314d854c8837::yaw_minus_35,0.06966906761351499,0.49585725513275225,3.9440445780748914,12692,0,20131,1888,44300,44300,6.592331171035767,7.137319087982178,10.751807689666748,6.562388914205287,0.04770473206255084,0.33631898691136275,1.026398997998442,7900,0,15339,1888,44300,44300,6.5444395542144775,7.0577311515808105,7.340863418579101,6.614940764346386
-1.8306992055304367,1.8995571521386274,left,pitch_down_56,img_066ac1dbdc61cd379421eeef,False,False,False,img_066ac1dbdc61cd379421eeef::pitch_down_56,,,,,,,,,,,,,,,,,,,,,,,,,,
-1.8306992055304367,1.8995571521386274,left,pitch_up_56,img_066ac1dbdc61cd379421eeef,False,False,False,img_066ac1dbdc61cd379421eeef::pitch_up_56,,,,,,,,,,,,,,,,,,,,,,,,,,
-1.8306992055304367,1.8995571521386274,left,yaw_minus_35,img_066ac1dbdc61cd379421eeef,False,False,False,img_066ac1dbdc61cd379421eeef::yaw_minus_35,,,,,,,,,,,,,,,,,,,,,,,,,,
-1.8306992055304367,1.8995571521386274,left,yaw_plus_35,img_066ac1dbdc61cd379421eeef,False,False,False,img_066ac1dbdc61cd379421eeef::yaw_plus_35,,,,,,,,,,,,,,,,,,,,,,,,,,
-8.994776774224052,9.270470177173658,right,pitch_up_56,img_06c8139bc95f57cd809da4fb,False,False,False,img_06c8139bc95f57cd809da4fb::pitch_up_56,,,,,,,,,,,,,,,,,,,,,,,,,,
-8.994776774224052,9.270470177173658,right,yaw_minus_35,img_06c8139bc95f57cd809da4fb,False,True,True,img_06c8139bc95f57cd809da4fb::yaw_minus_35,-5.7112587866416655,-4.657208611827868,-0.5205700464362042,327,12285,12912,260,28752,28752,3.5518677830696106,4.657973766326904,8.684368896484372,9.287854701880452,-6.164080006266674,-5.343789115040471,-4.591735255892884,0,5902,5902,0,28752,28752,3.1079731225967406,3.9435242414474487,4.68777265548706,9.296574650758558
-6.716874702064624,7.386624552243759,right,yaw_minus_35,img_06fe18d7805639029a0909d7,False,True,True,img_06fe18d7805639029a0909d7::yaw_minus_35,-4.0942822772971725,-3.192365955907161,3.1229360681454477,5073,19975,26935,1603,57649,57649,3.339923095703125,4.23028564453125,10.557022190093994,7.404599239375665,-4.11387696452943,-3.925316599393577,-3.2186632933057564,0,12365,12365,0,57649,57649,3.3200550079345703,3.466851234436035,4.202702426910401,7.4226341604051225
-9.030174269857431,10.064435785017574,right,yaw_minus_35,img_07354bc7c501761f73d5c2ad,False,True,True,img_07354bc7c501761f73d5c2ad::yaw_minus_35,-5.629876819678065,-4.013310506495969,12.809137255013447,889,10595,12400,426,20925,20925,4.560863089561463,6.099830389022827,22.95746402740471,10.068266214094232,-5.77753284651208,-4.958544471244688,-3.7360755491653963,0,4799,4799,0,20925,20347,4.46713490486145,5.061127185821533,6.359166765213012,10.10665086110028
-4.889502366478591,4.937828089042807,left,pitch_up_56,img_074273e7808b362c2a94f76a,False,False,False,img_074273e7808b362c2a94f76a::pitch_up_56,,,,,,,,,,,,,,,,,,,,,,,,,,
-4.889502366478591,4.937828089042807,left,yaw_plus_35,img_074273e7808b362c2a94f76a,False,False,False,img_074273e7808b362c2a94f76a::yaw_plus_35,,,,,,,,,,,,,,,,,,,,,,,,,,
-0.4070455530852186,6.468610419183956,right,pitch_up_56,img_07ad9afb8ee9b4439797e520,False,False,False,img_07ad9afb8ee9b4439797e520::pitch_up_56,,,,,,,,,,,,,,,,,,,,,,,,,,
-0.4070455530852186,6.468610419183956,right,yaw_minus_35,img_07ad9afb8ee9b4439797e520,False,True,False,img_07ad9afb8ee9b4439797e520::yaw_minus_35,,,,,,,,,,,,,,,,,,,,,,,,,,
-0.4070455530852186,6.468610419183956,right,yaw_plus_35,img_07ad9afb8ee9b4439797e520,False,True,False,img_07ad9afb8ee9b4439797e520::yaw_plus_35,,,,,,,,,,,,,,,,,,,,,,,,,,
1.9015484038334753,7.523978282947147,right,pitch_up_56,img_0808a922b5bfb00ee7a01908,False,False,False,img_0808a922b5bfb00ee7a01908::pitch_up_56,,,,,,,,,,,,,,,,,,,,,,,,,,
1.9015484038334753,7.523978282947147,right,yaw_minus_35,img_0808a922b5bfb00ee7a01908,False,True,True,img_0808a922b5bfb00ee7a01908::yaw_minus_35,-0.06449023290717011,0.46964928047223475,3.0208187893448946,4772,56,6702,1056,9797,9797,7.052156615257263,7.987483739852905,10.283982515335081,7.493786586549606,-0.06852880081215389,0.45103240573672565,0.9831840455135548,4109,56,6039,1056,9797,9797,7.027562046051026,7.965719223022461,8.696834468841553,7.51640536956875
1.9015484038334753,7.523978282947147,right,yaw_plus_35,img_0808a922b5bfb00ee7a01908,False,False,False,img_0808a922b5bfb00ee7a01908::yaw_plus_35,,,,,,,,,,,,,,,,,,,,,,,,,,
-10.542331928800772,10.922747366249473,left,pitch_up_56,img_0898f79cccd2c021fa397a68,False,False,False,img_0898f79cccd2c021fa397a68::pitch_up_56,,,,,,,,,,,,,,,,,,,,,,,,,,
-10.542331928800772,10.922747366249473,left,yaw_plus_35,img_0898f79cccd2c021fa397a68,False,False,False,img_0898f79cccd2c021fa397a68::yaw_plus_35,,,,,,,,,,,,,,,,,,,,,,,,,,
-11.844274390093926,12.194468247544572,left,pitch_up_56,img_08be8925fb80bbea018fd25a,False,False,False,img_08be8925fb80bbea018fd25a::pitch_up_56,,,,,,,,,,,,,,,,,,,,,,,,,,
-11.844274390093926,12.194468247544572,left,yaw_plus_35,img_08be8925fb80bbea018fd25a,False,True,False,img_08be8925fb80bbea018fd25a::yaw_plus_35,,,,,,,,,,,,,,,,,,,,,,,,,,
-2.7384908295938315,2.7481401159223555,left,pitch_down_56,img_09089484c86c6333a69d214c,False,False,False,img_09089484c86c6333a69d214c::pitch_down_56,,,,,,,,,,,,,,,,,,,,,,,,,,
-2.7384908295938315,2.7481401159223555,left,yaw_minus_35,img_09089484c86c6333a69d214c,False,False,False,img_09089484c86c6333a69d214c::yaw_minus_35,,,,,,,,,,,,,,,,,,,,,,,,,,
-3.1013786610771152,7.511463610376992,left,pitch_down_56,img_0a619ec4779c27a97495a4d5,False,False,False,img_0a619ec4779c27a97495a4d5::pitch_down_56,,,,,,,,,,,,,,,,,,,,,,,,,,
-3.1013786610771152,7.511463610376992,left,pitch_up_56,img_0a619ec4779c27a97495a4d5,False,False,False,img_0a619ec4779c27a97495a4d5::pitch_up_56,,,,,,,,,,,,,,,,,,,,,,,,,,
-3.1013786610771152,7.511463610376992,left,yaw_minus_35,img_0a619ec4779c27a97495a4d5,False,False,False,img_0a619ec4779c27a97495a4d5::yaw_minus_35,,,,,,,,,,,,,,,,,,,,,,,,,,
-3.1013786610771152,7.511463610376992,left,yaw_plus_35,img_0a619ec4779c27a97495a4d5,False,True,True,img_0a619ec4779c27a97495a4d5::yaw_plus_35,-4.292241990827434,-2.5300658724364236,-0.3195539228922556,175,8539,8930,99,16951,16951,3.4617273569107057,4.824583530426025,7.102350616455078,7.50395247480629,-4.4387827586293245,-4.00536592048096,-3.6429675410690816,0,2376,2376,0,16951,16951,3.4526883959770203,3.4910643100738525,3.546765983104706,7.4998017413242275
-2.14802552549129,2.1809261047170265,right,pitch_down_56,img_0b5c7e5b6ece9c8468b97f45,False,False,False,img_0b5c7e5b6ece9c8468b97f45::pitch_down_56,,,,,,,,,,,,,,,,,,,,,,,,,,
-2.14802552549129,2.1809261047170265,right,yaw_minus_35,img_0b5c7e5b6ece9c8468b97f45,False,False,False,img_0b5c7e5b6ece9c8468b97f45::yaw_minus_35,,,,,,,,,,,,,,,,,,,,,,,,,,
-2.14802552549129,2.1809261047170265,right,yaw_plus_35,img_0b5c7e5b6ece9c8468b97f45,False,False,False,img_0b5c7e5b6ece9c8468b97f45::yaw_plus_35,,,,,,,,,,,,,,,,,,,,,,,,,,
-2.02736977720968,2.0510956602289325,right,pitch_down_56,img_0baaa27b93015822440b687d,False,False,False,img_0baaa27b93015822440b687d::pitch_down_56,,,,,,,,,,,,,,,,,,,,,,,,,,
-2.02736977720968,2.0510956602289325,right,yaw_minus_35,img_0baaa27b93015822440b687d,False,False,False,img_0baaa27b93015822440b687d::yaw_minus_35,,,,,,,,,,,,,,,,,,,,,,,,,,
-2.02736977720968,2.0510956602289325,right,yaw_plus_35,img_0baaa27b93015822440b687d,False,False,False,img_0baaa27b93015822440b687d::yaw_plus_35,,,,,,,,,,,,,,,,,,,,,,,,,,
-4.159378255222195,7.878473350955777,left,pitch_down_56,img_0bdb034725fc3184e49fe35e,False,False,False,img_0bdb034725fc3184e49fe35e::pitch_down_56,,,,,,,,,,,,,,,,,,,,,,,,,,
-4.159378255222195,7.878473350955777,left,pitch_up_56,img_0bdb034725fc3184e49fe35e,False,False,False,img_0bdb034725fc3184e49fe35e::pitch_up_56,,,,,,,,,,,,,,,,,,,,,,,,,,
-4.159378255222195,7.878473350955777,left,yaw_minus_35,img_0bdb034725fc3184e49fe35e,False,False,False,img_0bdb034725fc3184e49fe35e::yaw_minus_35,,,,,,,,,,,,,,,,,,,,,,,,,,
-4.159378255222195,7.878473350955777,left,yaw_plus_35,img_0bdb034725fc3184e49fe35e,False,True,True,img_0bdb034725fc3184e49fe35e::yaw_plus_35,-4.516391514900577,-1.0199321331853,4.318643713150446,1005,11884,13991,264,56784,56784,3.532533645629883,7.180678367614746,12.231675148010254,7.863920909519494,-4.715974576910821,-4.29612483529363,-3.9292048054333764,0,2779,2779,0,56784,56717,3.5034390449523927,3.56778621673584,3.6499616622924806,7.86381016973741
-3.21732309478448,6.785871827957418,right,pitch_up_56,img_0c5af46cf601f1ba240045ea,False,False,False,img_0c5af46cf601f1ba240045ea::pitch_up_56,,,,,,,,,,,,,,,,,,,,,,,,,,
-3.21732309478448,6.785871827957418,right,yaw_plus_35,img_0c5af46cf601f1ba240045ea,False,True,True,img_0c5af46cf601f1ba240045ea::yaw_plus_35,-4.293253859321038,-1.3857352305177715,2.740641504879652,1147,9244,11173,384,26156,26156,2.5852078437805175,5.419129848480225,9.707844161987305,6.759389616071876,-4.553007260819882,-4.013898798706315,-3.5665558174542795,0,2446,2446,0,26156,26134,2.5517609119415283,2.6632721424102783,3.013127326965332,6.764053533473767
-8.934837914796761,9.31152888492417,left,pitch_up_56,img_0c6b408f60b2b130e10c33e8,False,False,False,img_0c6b408f60b2b130e10c33e8::pitch_up_56,,,,,,,,,,,,,,,,,,,,,,,,,,
-8.934837914796761,9.31152888492417,left,yaw_plus_35,img_0c6b408f60b2b130e10c33e8,False,False,False,img_0c6b408f60b2b130e10c33e8::yaw_plus_35,,,,,,,,,,,,,,,,,,,,,,,,,,
0.6564698769671515,4.735367016683974,right,pitch_down_56,img_0cfe3b000d78b3cbe984aa45,False,False,False,img_0cfe3b000d78b3cbe984aa45::pitch_down_56,,,,,,,,,,,,,,,,,,,,,,,,,,
0.6564698769671515,4.735367016683974,right,pitch_up_56,img_0cfe3b000d78b3cbe984aa45,False,False,False,img_0cfe3b000d78b3cbe984aa45::pitch_up_56,,,,,,,,,,,,,,,,,,,,,,,,,,
0.6564698769671515,4.735367016683974,right,yaw_minus_35,img_0cfe3b000d78b3cbe984aa45,True,True,True,img_0cfe3b000d78b3cbe984aa45::yaw_minus_35,-0.10998090125625798,0.7803071904040175,3.9414929501725458,7575,0,10219,1710,23822,23822,4.238671064376831,5.298743724822998,8.475234031677246,4.703169879982642,-0.12977239004769903,0.32591163330243056,1.4079232389564975,2887,0,5531,1710,23822,23816,4.225912094116211,5.184956073760986,6.274296998977661,4.7667807531825845
0.6564698769671515,4.735367016683974,right,yaw_plus_35,img_0cfe3b000d78b3cbe984aa45,False,False,False,img_0cfe3b000d78b3cbe984aa45::yaw_plus_35,,,,,,,,,,,,,,,,,,,,,,,,,,
-5.841733997435573,8.756777041159413,left,pitch_up_56,img_0d0e8da31b5f41cd32b8700d,False,False,False,img_0d0e8da31b5f41cd32b8700d::pitch_up_56,,,,,,,,,,,,,,,,,,,,,,,,,,
-5.841733997435573,8.756777041159413,left,yaw_minus_35,img_0d0e8da31b5f41cd32b8700d,False,False,False,img_0d0e8da31b5f41cd32b8700d::yaw_minus_35,,,,,,,,,,,,,,,,,,,,,,,,,,
-5.841733997435573,8.756777041159413,left,yaw_plus_35,img_0d0e8da31b5f41cd32b8700d,False,True,False,img_0d0e8da31b5f41cd32b8700d::yaw_plus_35,,,,,,,,,,,,,,,,,,,,,,,,,,
-9.377776073646869,9.68701892549509,left,pitch_up_56,img_0e30201037f2d207322568eb,False,False,False,img_0e30201037f2d207322568eb::pitch_up_56,,,,,,,,,,,,,,,,,,,,,,,,,,
-9.377776073646869,9.68701892549509,left,yaw_minus_35,img_0e30201037f2d207322568eb,False,False,False,img_0e30201037f2d207322568eb::yaw_minus_35,,,,,,,,,,,,,,,,,,,,,,,,,,
-9.377776073646869,9.68701892549509,left,yaw_plus_35,img_0e30201037f2d207322568eb,False,True,True,img_0e30201037f2d207322568eb::yaw_plus_35,-3.8432163617983686,-3.747117650329354,-0.12784460442126777,578,14475,15316,234,25753,25753,5.865126609802246,5.9687981605529785,9.521935224533081,9.69982567276593,-3.8458162571033805,-3.7532933917417095,-3.064910457801703,0,13910,13910,0,25753,25753,5.86315758228302,5.955059766769409,6.639751267433167,9.702182866518108
1.765785304976519,8.486505890185384,left,yaw_plus_35,img_0e90c061ce70226ad4b32bed,False,True,True,img_0e90c061ce70226ad4b32bed::yaw_plus_35,-0.08058486319952322,0.5033108734283172,1.508850008955378,3303,0,4909,996,8892,8892,7.995274639129638,8.949797630310059,10.134314918518067,8.451673186391329,-0.08163262379707312,0.47778362244213834,0.9297689055456655,3092,0,4698,996,8892,8892,7.99423885345459,8.947214603424072,9.710804462432861,8.448115102597086
-2.40518686163629,2.434706681590267,left,pitch_down_56,img_0ea21c0b2a26ae88b3f41c1b,False,False,False,img_0ea21c0b2a26ae88b3f41c1b::pitch_down_56,,,,,,,,,,,,,,,,,,,,,,,,,,
-2.40518686163629,2.434706681590267,left,pitch_up_56,img_0ea21c0b2a26ae88b3f41c1b,False,True,False,img_0ea21c0b2a26ae88b3f41c1b::pitch_up_56,,,,,,,,,,,,,,,,,,,,,,,,,,
-2.40518686163629,2.434706681590267,left,yaw_minus_35,img_0ea21c0b2a26ae88b3f41c1b,False,True,False,img_0ea21c0b2a26ae88b3f41c1b::yaw_minus_35,,,,,,,,,,,,,,,,,,,,,,,,,,
-2.40518686163629,2.434706681590267,left,yaw_plus_35,img_0ea21c0b2a26ae88b3f41c1b,False,True,False,img_0ea21c0b2a26ae88b3f41c1b::yaw_plus_35,,,,,,,,,,,,,,,,,,,,,,,,,,
-7.842529344349069,10.001529975897467,right,yaw_minus_35,img_0f09b1c8a16caf36b2272fd5,False,True,True,img_0f09b1c8a16caf36b2272fd5::yaw_minus_35,-4.76286028180416,-3.804436218960838,-0.09275468664937382,488,10206,12070,212,21699,21699,5.23563973903656,6.067363262176514,10.128510093688964,9.995745410746302,-4.790083217033076,-4.578792278904746,-3.6632722010813867,0,6913,6913,0,21699,21699,5.218284702301025,5.452462673187256,6.138364315032959,9.989755285811539
-8.926121399547934,9.520650235392493,right,pitch_up_56,img_0fcf49cd7f81361297e23ec7,False,False,False,img_0fcf49cd7f81361297e23ec7::pitch_up_56,,,,,,,,,,,,,,,,,,,,,,,,,,
-8.926121399547934,9.520650235392493,right,yaw_minus_35,img_0fcf49cd7f81361297e23ec7,False,True,True,img_0fcf49cd7f81361297e23ec7::yaw_minus_35,-6.406826206538331,-3.9308433647185064,-0.12062462605199081,547,10898,12050,329,26064,26064,3.1412585020065307,5.620536804199219,9.542502069473265,9.534888240903838,-8.115873224644622,-5.685797012377983,-5.376411090966946,0,2580,2580,0,26064,25890,1.5288937866687775,3.8131183385849,4.077504754066467,9.497789937914124
3.393632244229356,6.517454792644664,right,pitch_up_56,img_0fd1829e4d452fc9e06670fe,False,False,False,img_0fd1829e4d452fc9e06670fe::pitch_up_56,,,,,,,,,,,,,,,,,,,,,,,,,,
3.393632244229356,6.517454792644664,right,yaw_minus_35,img_0fd1829e4d452fc9e06670fe,True,True,True,img_0fd1829e4d452fc9e06670fe::yaw_minus_35,0.07416285602903337,0.5263677246910738,4.220269506157875,13635,0,21199,1901,52958,52958,6.554452562332154,7.101703643798828,10.791684246063232,6.511860547813671,0.05122349436804795,0.33541497032956746,1.035089277250113,8218,0,15782,1901,52958,52958,6.505585741996765,7.0088951587677,7.296631908416748,6.567352029370493
-8.97624884595314,10.151869594875341,left,pitch_up_56,img_0ff5a27bcf3781c5964f8ee6,False,False,False,img_0ff5a27bcf3781c5964f8ee6::pitch_up_56,,,,,,,,,,,,,,,,,,,,,,,,,,
-8.97624884595314,10.151869594875341,left,yaw_minus_35,img_0ff5a27bcf3781c5964f8ee6,False,False,False,img_0ff5a27bcf3781c5964f8ee6::yaw_minus_35,,,,,,,,,,,,,,,,,,,,,,,,,,
-8.97624884595314,10.151869594875341,left,yaw_plus_35,img_0ff5a27bcf3781c5964f8ee6,False,False,False,img_0ff5a27bcf3781c5964f8ee6::yaw_plus_35,,,,,,,,,,,,,,,,,,,,,,,,,,
-13.781556322684041,13.961992973404557,left,pitch_up_56,img_103dec49eddc71b8b42bba6d,False,False,False,img_103dec49eddc71b8b42bba6d::pitch_up_56,,,,,,,,,,,,,,,,,,,,,,,,,,
-13.781556322684041,13.961992973404557,left,yaw_minus_35,img_103dec49eddc71b8b42bba6d,False,False,False,img_103dec49eddc71b8b42bba6d::yaw_minus_35,,,,,,,,,,,,,,,,,,,,,,,,,,
-13.781556322684041,13.961992973404557,left,yaw_plus_35,img_103dec49eddc71b8b42bba6d,False,True,True,img_103dec49eddc71b8b42bba6d::yaw_plus_35,-3.734726979823116,-3.692053370352138,1.3490650985421615,599,4939,6804,1181,10413,10413,10.200015687942505,10.265599727630615,15.360443067550658,13.969120783227204,-3.73527696634827,-3.6952787860540797,-0.11735313430087038,148,4939,6032,860,10413,10402,10.19883041381836,10.261578559875488,13.922354888916015,13.961272109114912
1.5650779232337353,9.097145075209852,right,pitch_up_56,img_10530dbf7d673c59270af5e2,False,False,False,img_10530dbf7d673c59270af5e2::pitch_up_56,,,,,,,,,,,,,,,,,,,,,,,,,,
1.5650779232337353,9.097145075209852,right,yaw_minus_35,img_10530dbf7d673c59270af5e2,False,False,False,img_10530dbf7d673c59270af5e2::yaw_minus_35,,,,,,,,,,,,,,,,,,,,,,,,,,
1.5650779232337353,9.097145075209852,right,yaw_plus_35,img_10530dbf7d673c59270af5e2,False,False,False,img_10530dbf7d673c59270af5e2::yaw_plus_35,,,,,,,,,,,,,,,,,,,,,,,,,,
-1.3925853903710714,1.527629698705543,left,pitch_down_56,img_10c63029b85d03efbb6fd32d,False,False,False,img_10c63029b85d03efbb6fd32d::pitch_down_56,,,,,,,,,,,,,,,,,,,,,,,,,,
-1.3925853903710714,1.527629698705543,left,pitch_up_56,img_10c63029b85d03efbb6fd32d,False,False,False,img_10c63029b85d03efbb6fd32d::pitch_up_56,,,,,,,,,,,,,,,,,,,,,,,,,,
-1.3925853903710714,1.527629698705543,left,yaw_minus_35,img_10c63029b85d03efbb6fd32d,False,False,False,img_10c63029b85d03efbb6fd32d::yaw_minus_35,,,,,,,,,,,,,,,,,,,,,,,,,,
-1.3925853903710714,1.527629698705543,left,yaw_plus_35,img_10c63029b85d03efbb6fd32d,False,False,False,img_10c63029b85d03efbb6fd32d::yaw_plus_35,,,,,,,,,,,,,,,,,,,,,,,,,,
-9.283205817252368,9.403146180700626,left,pitch_up_56,img_110381b7bba614dd62d9fdec,False,False,False,img_110381b7bba614dd62d9fdec::pitch_up_56,,,,,,,,,,,,,,,,,,,,,,,,,,
-9.283205817252368,9.403146180700626,left,yaw_plus_35,img_110381b7bba614dd62d9fdec,False,False,False,img_110381b7bba614dd62d9fdec::yaw_plus_35,,,,,,,,,,,,,,,,,,,,,,,,,,
-1.4615009137786954,1.5630580185988006,left,pitch_down_56,img_11466a5a9c6d1f4586f1c7d2,False,False,False,img_11466a5a9c6d1f4586f1c7d2::pitch_down_56,,,,,,,,,,,,,,,,,,,,,,,,,,
-1.4615009137786954,1.5630580185988006,left,pitch_up_56,img_11466a5a9c6d1f4586f1c7d2,False,False,False,img_11466a5a9c6d1f4586f1c7d2::pitch_up_56,,,,,,,,,,,,,,,,,,,,,,,,,,
-1.4615009137786954,1.5630580185988006,left,yaw_minus_35,img_11466a5a9c6d1f4586f1c7d2,False,False,False,img_11466a5a9c6d1f4586f1c7d2::yaw_minus_35,,,,,,,,,,,,,,,,,,,,,,,,,,
-1.4615009137786954,1.5630580185988006,left,yaw_plus_35,img_11466a5a9c6d1f4586f1c7d2,False,False,False,img_11466a5a9c6d1f4586f1c7d2::yaw_plus_35,,,,,,,,,,,,,,,,,,,,,,,,,,
-5.04235552565314,5.0844458322507515,left,pitch_up_56,img_114e1796fe707593c85a2478,False,False,False,img_114e1796fe707593c85a2478::pitch_up_56,,,,,,,,,,,,,,,,,,,,,,,,,,
-5.04235552565314,5.0844458322507515,left,yaw_plus_35,img_114e1796fe707593c85a2478,False,False,False,img_114e1796fe707593c85a2478::yaw_plus_35,,,,,,,,,,,,,,,,,,,,,,,,,,
-7.504009819028845,9.108971909822824,right,pitch_up_56,img_125efba8e64a1900654063c3,False,False,False,img_125efba8e64a1900654063c3::pitch_up_56,,,,,,,,,,,,,,,,,,,,,,,,,,
-7.504009819028845,9.108971909822824,right,yaw_minus_35,img_125efba8e64a1900654063c3,False,False,False,img_125efba8e64a1900654063c3::yaw_minus_35,,,,,,,,,,,,,,,,,,,,,,,,,,
-7.504009819028845,9.108971909822824,right,yaw_plus_35,img_125efba8e64a1900654063c3,False,True,True,img_125efba8e64a1900654063c3::yaw_plus_35,-4.545242055497147,-4.3303512139442635,-0.13061548758134034,467,9879,10731,331,25772,25772,4.588220119476318,4.782675743103027,9.213191509246826,9.11042247719101,-4.557074971353568,-4.396828797249247,-4.09214790170602,0,8265,8265,0,25772,25772,4.582376861572266,4.730943202972412,5.000699138641357,9.107582623245731
-9.438132523887996,9.457955483125163,left,pitch_up_56,img_12a22b7454c54ed6dd944f06,False,False,False,img_12a22b7454c54ed6dd944f06::pitch_up_56,,,,,,,,,,,,,,,,,,,,,,,,,,
-9.438132523887996,9.457955483125163,left,yaw_plus_35,img_12a22b7454c54ed6dd944f06,False,False,False,img_12a22b7454c54ed6dd944f06::yaw_plus_35,,,,,,,,,,,,,,,,,,,,,,,,,,
-0.07386417692167391,5.163176850293913,left,pitch_down_56,img_12ce6a109336320a768745d0,False,False,False,img_12ce6a109336320a768745d0::pitch_down_56,,,,,,,,,,,,,,,,,,,,,,,,,,
-0.07386417692167391,5.163176850293913,left,yaw_minus_35,img_12ce6a109336320a768745d0,False,False,False,img_12ce6a109336320a768745d0::yaw_minus_35,,,,,,,,,,,,,,,,,,,,,,,,,,
-10.967709796831867,10.970539635203142,right,pitch_up_56,img_13691d7391a8be50b061c1b3,False,False,False,img_13691d7391a8be50b061c1b3::pitch_up_56,,,,,,,,,,,,,,,,,,,,,,,,,,
-10.967709796831867,10.970539635203142,right,yaw_minus_35,img_13691d7391a8be50b061c1b3,False,True,True,img_13691d7391a8be50b061c1b3::yaw_minus_35,-6.867560029662955,-0.12162271094836985,8.940725331443751,3686,4504,10726,2416,17020,17020,4.127382040023804,10.864074230194092,19.947113037109375,10.987037967422948,-6.873222500892506,-1.295420221695716,1.3714178517205557,594,4500,6693,1583,17020,16880,4.124818897247314,9.685258865356445,12.346336936950683,10.98595272132103
-4.464680964154924,7.067751059668191,right,pitch_up_56,img_1371e2f1b988b88eea55fbdc,False,False,False,img_1371e2f1b988b88eea55fbdc::pitch_up_56,,,,,,,,,,,,,,,,,,,,,,,,,,
-4.464680964154924,7.067751059668191,right,yaw_minus_35,img_1371e2f1b988b88eea55fbdc,False,False,False,img_1371e2f1b988b88eea55fbdc::yaw_minus_35,,,,,,,,,,,,,,,,,,,,,,,,,,
-4.464680964154924,7.067751059668191,right,yaw_plus_35,img_1371e2f1b988b88eea55fbdc,False,True,True,img_1371e2f1b988b88eea55fbdc::yaw_plus_35,-4.887692880445859,-1.4750581802886442,2.133798719973771,1820,11152,13737,190,33511,33511,2.3009435653686525,5.726762771606445,9.432064056396484,7.061362452903423,-5.075312163048075,-4.617900749641981,-4.197457220850526,0,3579,3579,0,33511,33511,2.256426954269409,2.465855121612549,2.5955164194107057,7.049494363236401
-2.316104607657316,2.5800434093469087,right,yaw_minus_35,img_1447a95d9944f177d0c884ab,False,False,False,img_1447a95d9944f177d0c884ab::yaw_minus_35,,,,,,,,,,,,,,,,,,,,,,,,,,
-0.8633425134963031,5.14716727622953,left,pitch_down_56,img_15207674b99f1db132d932c6,False,False,False,img_15207674b99f1db132d932c6::pitch_down_56,,,,,,,,,,,,,,,,,,,,,,,,,,
-0.8633425134963031,5.14716727622953,left,pitch_up_56,img_15207674b99f1db132d932c6,False,False,False,img_15207674b99f1db132d932c6::pitch_up_56,,,,,,,,,,,,,,,,,,,,,,,,,,
-0.8633425134963031,5.14716727622953,left,yaw_minus_35,img_15207674b99f1db132d932c6,False,False,False,img_15207674b99f1db132d932c6::yaw_minus_35,,,,,,,,,,,,,,,,,,,,,,,,,,
-0.8633425134963031,5.14716727622953,left,yaw_plus_35,img_15207674b99f1db132d932c6,False,False,False,img_15207674b99f1db132d932c6::yaw_plus_35,,,,,,,,,,,,,,,,,,,,,,,,,,
-4.227689879130801,7.877580852663187,right,pitch_up_56,img_1577cf4d82720ebc65a2d403,False,False,False,img_1577cf4d82720ebc65a2d403::pitch_up_56,,,,,,,,,,,,,,,,,,,,,,,,,,
-4.227689879130801,7.877580852663187,right,yaw_minus_35,img_1577cf4d82720ebc65a2d403,False,True,True,img_1577cf4d82720ebc65a2d403::yaw_minus_35,-4.547832872381645,-0.9935128333921419,11.677797519709285,1178,11924,14269,238,63293,62345,3.5088828563690186,7.186612606048584,19.606509399414033,7.872073406653397,-4.764699792664993,-4.324066704707547,-3.9557728199281206,0,2801,2801,0,63293,62107,3.4711108207702637,3.5376362800598145,3.6141998767852783,7.8636229462715646
-5.347253588954024,8.372549140275936,right,pitch_up_56,img_15fb76ef6ac109612bfa8138,False,False,False,img_15fb76ef6ac109612bfa8138::pitch_up_56,,,,,,,,,,,,,,,,,,,,,,,,,,
-5.347253588954024,8.372549140275936,right,yaw_minus_35,img_15fb76ef6ac109612bfa8138,False,True,True,img_15fb76ef6ac109612bfa8138::yaw_minus_35,-5.038018753377922,-1.1404949998638418,0.38670956574222876,709,11324,14158,231,42934,42934,3.5491753101348875,7.5239503383636475,8.741732215881338,8.365530435640142,-5.164888012188008,-4.75970569826561,-4.381290492795759,0,3866,3866,0,42934,42934,3.529337465763092,3.6242583990097046,3.716627061367035,8.380553230794916
5.351050029057973,5.511468471790808,right,pitch_up_56,img_1618118629bef1789633f0dd,False,False,False,img_1618118629bef1789633f0dd::pitch_up_56,,,,,,,,,,,,,,,,,,,,,,,,,,
5.351050029057973,5.511468471790808,right,yaw_minus_35,img_1618118629bef1789633f0dd,False,True,False,img_1618118629bef1789633f0dd::yaw_minus_35,,,,,,,,,,,,,,,,,,,,,,,,,,
5.351050029057973,5.511468471790808,right,yaw_plus_35,img_1618118629bef1789633f0dd,False,True,False,img_1618118629bef1789633f0dd::yaw_plus_35,,,,,,,,,,,,,,,,,,,,,,,,,,
-2.358328325290196,2.39497432197787,right,pitch_up_56,img_1625062b5dbc6697b950a64d,False,False,False,img_1625062b5dbc6697b950a64d::pitch_up_56,,,,,,,,,,,,,,,,,,,,,,,,,,
-2.358328325290196,2.39497432197787,right,yaw_minus_35,img_1625062b5dbc6697b950a64d,False,False,False,img_1625062b5dbc6697b950a64d::yaw_minus_35,,,,,,,,,,,,,,,,,,,,,,,,,,
-4.04697936122298,7.883465659812483,left,pitch_up_56,img_17448ab8d9da2c0b067a56a8,False,False,False,img_17448ab8d9da2c0b067a56a8::pitch_up_56,,,,,,,,,,,,,,,,,,,,,,,,,,
-4.04697936122298,7.883465659812483,left,yaw_minus_35,img_17448ab8d9da2c0b067a56a8,False,False,False,img_17448ab8d9da2c0b067a56a8::yaw_minus_35,,,,,,,,,,,,,,,,,,,,,,,,,,
-4.04697936122298,7.883465659812483,left,yaw_plus_35,img_17448ab8d9da2c0b067a56a8,False,True,False,img_17448ab8d9da2c0b067a56a8::yaw_plus_35,,,,,,,,,,,,,,,,,,,,,,,,,,
-4.923538305006754,5.735840936816905,left,pitch_up_56,img_18576273c5c20fc7e1f342c8,False,False,False,img_18576273c5c20fc7e1f342c8::pitch_up_56,,,,,,,,,,,,,,,,,,,,,,,,,,
-4.923538305006754,5.735840936816905,left,yaw_plus_35,img_18576273c5c20fc7e1f342c8,False,False,False,img_18576273c5c20fc7e1f342c8::yaw_plus_35,,,,,,,,,,,,,,,,,,,,,,,,,,
0.6258062093671151,5.019203386052141,right,pitch_down_56,img_1871157e950c16814045b7fb,False,False,False,img_1871157e950c16814045b7fb::pitch_down_56,,,,,,,,,,,,,,,,,,,,,,,,,,
0.6258062093671151,5.019203386052141,right,pitch_up_56,img_1871157e950c16814045b7fb,False,True,False,img_1871157e950c16814045b7fb::pitch_up_56,,,,,,,,,,,,,,,,,,,,,,,,,,
0.6258062093671151,5.019203386052141,right,yaw_minus_35,img_1871157e950c16814045b7fb,False,True,True,img_1871157e950c16814045b7fb::yaw_minus_35,-0.13633297512866846,0.6450372871460885,3.5574322680599595,4994,29,7245,1390,15652,15652,4.508352661132813,5.533604621887207,8.721657180786133,4.982890690512315,-0.1562341623137935,0.27442576943479,1.4571364631080224,2045,29,4296,1390,15652,15652,4.499682545661926,5.458434104919434,6.555321097373962,4.995748783951569
0.6258062093671151,5.019203386052141,right,yaw_plus_35,img_1871157e950c16814045b7fb,False,False,False,img_1871157e950c16814045b7fb::yaw_plus_35,,,,,,,,,,,,,,,,,,,,,,,,,,
-10.029921895043945,10.862124316197063,right,pitch_up_56,img_18bab3dd6b4d34c67c53fdb6,False,False,False,img_18bab3dd6b4d34c67c53fdb6::pitch_up_56,,,,,,,,,,,,,,,,,,,,,,,,,,
-10.029921895043945,10.862124316197063,right,yaw_minus_35,img_18bab3dd6b4d34c67c53fdb6,False,True,True,img_18bab3dd6b4d34c67c53fdb6::yaw_minus_35,-4.102740396697012,-3.952226327640596,-3.184535933318601,64,8890,8996,41,18437,18437,6.7449846267700195,6.938443660736084,7.709039330482483,10.871665989528463,-4.104424659301509,-3.953278191669292,-3.2076040586253436,0,8784,8784,0,18437,18437,6.7431717872619625,6.932428359985352,7.668079042434693,10.871834193574767
0.5198069611564542,2.108213145532032,left,yaw_plus_35,img_18d28fb7e23a0e8d27ec413d,False,False,False,img_18d28fb7e23a0e8d27ec413d::yaw_plus_35,,,,,,,,,,,,,,,,,,,,,,,,,,
-9.029170742396987,9.768936998820758,right,yaw_minus_35,img_190257395cb0336ab5d50631,False,True,True,img_190257395cb0336ab5d50631::yaw_minus_35,-6.009471092597765,-3.9984319021135386,1.959371837262799,614,10549,11812,286,21363,21363,3.827888405323029,5.809580326080322,11.798108053207377,9.780224187762437,-6.280170433786729,-5.604450200307436,-4.803519854810978,0,4853,4853,0,21363,21362,3.5807216644287108,4.166213512420654,5.0331404685974,9.769956631871054
-1.431522792140553,1.5051427315523909,right,pitch_down_56,img_1966204401da23120883fd70,False,True,False,img_1966204401da23120883fd70::pitch_down_56,,,,,,,,,,,,,,,,,,,,,,,,,,
-1.431522792140553,1.5051427315523909,right,pitch_up_56,img_1966204401da23120883fd70,False,False,False,img_1966204401da23120883fd70::pitch_up_56,,,,,,,,,,,,,,,,,,,,,,,,,,
-1.431522792140553,1.5051427315523909,right,yaw_minus_35,img_1966204401da23120883fd70,False,True,False,img_1966204401da23120883fd70::yaw_minus_35,,,,,,,,,,,,,,,,,,,,,,,,,,
-1.431522792140553,1.5051427315523909,right,yaw_plus_35,img_1966204401da23120883fd70,False,True,False,img_1966204401da23120883fd70::yaw_plus_35,,,,,,,,,,,,,,,,,,,,,,,,,,
-3.739634382397269,6.858183618128691,right,pitch_up_56,img_19b325eb7f251301eb6db660,False,False,False,img_19b325eb7f251301eb6db660::pitch_up_56,,,,,,,,,,,,,,,,,,,,,,,,,,
-3.739634382397269,6.858183618128691,right,yaw_minus_35,img_19b325eb7f251301eb6db660,False,False,False,img_19b325eb7f251301eb6db660::yaw_minus_35,,,,,,,,,,,,,,,,,,,,,,,,,,
-3.739634382397269,6.858183618128691,right,yaw_plus_35,img_19b325eb7f251301eb6db660,False,True,True,img_19b325eb7f251301eb6db660::yaw_plus_35,-4.541951038179921,-1.6135653690938265,2.4612518957079494,1434,10298,12444,300,31760,31760,2.4485933899879457,5.396646976470947,9.611811447143555,6.840022578403021,-4.7147140800172425,-4.233906755493329,-3.748212055930315,0,3622,3622,0,31760,31760,2.412612724304199,2.6219266653060913,2.8964498400688172,6.812965506153123
-4.833631761174559,7.030554120291968,left,pitch_down_56,img_19e8211ae6c6bb6328e3ac0c,False,False,False,img_19e8211ae6c6bb6328e3ac0c::pitch_down_56,,,,,,,,,,,,,,,,,,,,,,,,,,
-4.833631761174559,7.030554120291968,left,pitch_up_56,img_19e8211ae6c6bb6328e3ac0c,False,False,False,img_19e8211ae6c6bb6328e3ac0c::pitch_up_56,,,,,,,,,,,,,,,,,,,,,,,,,,
-4.833631761174559,7.030554120291968,left,yaw_minus_35,img_19e8211ae6c6bb6328e3ac0c,False,False,False,img_19e8211ae6c6bb6328e3ac0c::yaw_minus_35,,,,,,,,,,,,,,,,,,,,,,,,,,
-4.833631761174559,7.030554120291968,left,yaw_plus_35,img_19e8211ae6c6bb6328e3ac0c,False,True,True,img_19e8211ae6c6bb6328e3ac0c::yaw_plus_35,-5.171283057246056,-1.0684609654397788,4.4507506820585485,1217,10637,14790,316,40080,40080,1.9703636944293976,6.167871713638306,11.471913385391234,7.032631782028769,-5.405189890002885,-5.025742720273214,-4.694259263626093,0,2245,2245,0,40080,40069,1.9312709093093872,2.007175922393799,2.0812137126922607,7.035908401485431
-1.8595339085073248,2.734032145142964,left,pitch_down_56,img_1a265d9e130f6059a7c5e9a6,False,False,False,img_1a265d9e130f6059a7c5e9a6::pitch_down_56,,,,,,,,,,,,,,,,,,,,,,,,,,
-1.8595339085073248,2.734032145142964,left,pitch_up_56,img_1a265d9e130f6059a7c5e9a6,False,False,False,img_1a265d9e130f6059a7c5e9a6::pitch_up_56,,,,,,,,,,,,,,,,,,,,,,,,,,
-1.8595339085073248,2.734032145142964,left,yaw_minus_35,img_1a265d9e130f6059a7c5e9a6,False,True,True,img_1a265d9e130f6059a7c5e9a6::yaw_minus_35,-1.3616063399734886,1.8455698330176726,8.714623965823305,48255,19672,77298,2319,199264,199185,1.4186182618141174,4.526606559753418,11.41162204742431,2.726005778503147,-1.5029284956060118,-1.1628052607083856,-0.10167155981024449,760,17304,19160,177,199264,194890,1.3269187033176422,1.6323102712631226,2.5790340304374686,2.731627506671614
-1.8595339085073248,2.734032145142964,left,yaw_plus_35,img_1a265d9e130f6059a7c5e9a6,False,False,False,img_1a265d9e130f6059a7c5e9a6::yaw_plus_35,,,,,,,,,,,,,,,,,,,,,,,,,,
5.1215178990610895,6.747761476187747,right,pitch_up_56,img_1a38b2127348ddbd3e540b2f,False,False,False,img_1a38b2127348ddbd3e540b2f::pitch_up_56,,,,,,,,,,,,,,,,,,,,,,,,,,
5.1215178990610895,6.747761476187747,right,yaw_minus_35,img_1a38b2127348ddbd3e540b2f,True,True,True,img_1a38b2127348ddbd3e540b2f::yaw_minus_35,0.09261475914305146,0.6756798324178908,4.649735134954885,12484,0,19927,3392,43399,43399,6.78645076751709,7.478067874908447,11.181722259521484,6.755024895380748,0.07236159945531154,0.31600453685586505,1.289994405865141,7584,0,15027,3392,43399,43102,6.741863107681274,7.236847877502441,7.913830089569092,6.802423170645681
5.1215178990610895,6.747761476187747,right,yaw_plus_35,img_1a38b2127348ddbd3e540b2f,False,False,False,img_1a38b2127348ddbd3e540b2f::yaw_plus_35,,,,,,,,,,,,,,,,,,,,,,,,,,
1.8938405741934252,7.528431255879325,right,pitch_up_56,img_1a415e4ff347474b2fe0e6fd,False,False,False,img_1a415e4ff347474b2fe0e6fd::pitch_up_56,,,,,,,,,,,,,,,,,,,,,,,,,,
1.8938405741934252,7.528431255879325,right,yaw_minus_35,img_1a415e4ff347474b2fe0e6fd,False,True,True,img_1a415e4ff347474b2fe0e6fd::yaw_minus_35,-0.05479853607759848,0.47270094806220575,3.185579676656434,4859,0,6818,1145,11688,11688,7.071934247016907,7.990640878677368,10.38705425262451,7.498141773678641,-0.057795151352715644,0.45543614147025435,0.9682872099062133,4181,0,6140,1145,11688,11688,7.053657603263855,7.973491191864014,8.704946899414063,7.518216539035162
1.8938405741934252,7.528431255879325,right,yaw_plus_35,img_1a415e4ff347474b2fe0e6fd,False,False,False,img_1a415e4ff347474b2fe0e6fd::yaw_plus_35,,,,,,,,,,,,,,,,,,,,,,,,,,
-8.711335570216509,10.165686353786214,right,pitch_up_56,img_1a5eee9849f95e3f1ffef40d,False,False,False,img_1a5eee9849f95e3f1ffef40d::pitch_up_56,,,,,,,,,,,,,,,,,,,,,,,,,,
-8.711335570216509,10.165686353786214,right,yaw_minus_35,img_1a5eee9849f95e3f1ffef40d,False,True,True,img_1a5eee9849f95e3f1ffef40d::yaw_minus_35,-4.4072265352636535,-4.226497971155569,-0.21883410251044386,309,9110,9609,164,19850,19850,5.773764801025391,5.953471660614014,9.758120346069337,10.172999603146334,-4.423248722869871,-4.2484438376548725,-3.991421027826464,0,8232,8232,0,19850,19850,5.754709482192993,5.929733514785767,6.16517448425293,10.177225878679934
0.6524444351413765,6.374130827833101,right,pitch_up_56,img_1a62eea81648de2de47d1d27,False,False,False,img_1a62eea81648de2de47d1d27::pitch_up_56,,,,,,,,,,,,,,,,,,,,,,,,,,
0.6524444351413765,6.374130827833101,right,yaw_minus_35,img_1a62eea81648de2de47d1d27,False,True,True,img_1a62eea81648de2de47d1d27::yaw_minus_35,-0.28695565600597256,0.2356030389768562,3.531790400982556,1356,111,2994,678,7073,7073,5.851808071136475,6.838287353515625,10.085455083847046,6.375737452451435,-0.29660599967051987,0.12258194419301516,0.6283052235595447,763,105,2284,638,7073,7048,5.844858717918396,6.831336498260498,6.911800765991211,6.347993198576337
-1.6204710837873924,1.651957947847201,left,pitch_down_56,img_1a7c8c71cb3bf1efb9603846,False,False,False,img_1a7c8c71cb3bf1efb9603846::pitch_down_56,,,,,,,,,,,,,,,,,,,,,,,,,,
-1.6204710837873924,1.651957947847201,left,pitch_up_56,img_1a7c8c71cb3bf1efb9603846,False,False,False,img_1a7c8c71cb3bf1efb9603846::pitch_up_56,,,,,,,,,,,,,,,,,,,,,,,,,,
-1.6204710837873924,1.651957947847201,left,yaw_minus_35,img_1a7c8c71cb3bf1efb9603846,False,False,False,img_1a7c8c71cb3bf1efb9603846::yaw_minus_35,,,,,,,,,,,,,,,,,,,,,,,,,,
-1.6204710837873924,1.651957947847201,left,yaw_plus_35,img_1a7c8c71cb3bf1efb9603846,False,False,False,img_1a7c8c71cb3bf1efb9603846::yaw_plus_35,,,,,,,,,,,,,,,,,,,,,,,,,,
0.10637768428595895,0.14923591332950675,left,pitch_down_56,img_1aa7b18f3768436540234cc0,False,False,False,img_1aa7b18f3768436540234cc0::pitch_down_56,,,,,,,,,,,,,,,,,,,,,,,,,,
0.10637768428595895,0.14923591332950675,left,pitch_up_56,img_1aa7b18f3768436540234cc0,False,False,False,img_1aa7b18f3768436540234cc0::pitch_up_56,,,,,,,,,,,,,,,,,,,,,,,,,,
0.10637768428595895,0.14923591332950675,left,yaw_minus_35,img_1aa7b18f3768436540234cc0,False,False,False,img_1aa7b18f3768436540234cc0::yaw_minus_35,,,,,,,,,,,,,,,,,,,,,,,,,,
0.10637768428595895,0.14923591332950675,left,yaw_plus_35,img_1aa7b18f3768436540234cc0,False,False,False,img_1aa7b18f3768436540234cc0::yaw_plus_35,,,,,,,,,,,,,,,,,,,,,,,,,,
-13.06612450226836,13.355035903675418,left,pitch_up_56,img_1b406da0e87bb6871507e4a4,False,False,False,img_1b406da0e87bb6871507e4a4::pitch_up_56,,,,,,,,,,,,,,,,,,,,,,,,,,
-13.06612450226836,13.355035903675418,left,yaw_minus_35,img_1b406da0e87bb6871507e4a4,False,False,False,img_1b406da0e87bb6871507e4a4::yaw_minus_35,,,,,,,,,,,,,,,,,,,,,,,,,,
-13.06612450226836,13.355035903675418,left,yaw_plus_35,img_1b406da0e87bb6871507e4a4,False,True,True,img_1b406da0e87bb6871507e4a4::yaw_plus_35,-3.7817515962508836,-3.7408035854321557,-3.0532825254324845,31,8480,8708,167,14562,14562,9.559488344192506,9.631848335266113,10.274555349349976,13.36490095990963,-3.7818704087630093,-3.741615248330854,-3.2057630525022485,0,8464,8464,0,14562,14562,9.558495807647706,9.630167484283447,10.151951551437378,13.362799689178445
-11.821140821744697,12.188893867717985,right,yaw_minus_35,img_1bc6af48816e6b6269928548,False,True,True,img_1bc6af48816e6b6269928548::yaw_minus_35,-3.8275974971442017,-3.751451670546907,-2.959122685694927,149,10495,10676,28,16702,16702,8.367595195770264,8.457945823669434,9.205023527145386,12.201076002793435,-3.8283744311451016,-3.753366246593946,-3.065206099997753,0,10334,10334,0,16702,16702,8.367024040222168,8.455560207366943,9.116422843933105,12.203891146270335
-3.9722953690685525,7.319451012091339,left,pitch_down_56,img_1bdd12683633f0e9db0e63a8,False,False,False,img_1bdd12683633f0e9db0e63a8::pitch_down_56,,,,,,,,,,,,,,,,,,,,,,,,,,
-3.9722953690685525,7.319451012091339,left,pitch_up_56,img_1bdd12683633f0e9db0e63a8,False,False,False,img_1bdd12683633f0e9db0e63a8::pitch_up_56,,,,,,,,,,,,,,,,,,,,,,,,,,
-3.9722953690685525,7.319451012091339,left,yaw_minus_35,img_1bdd12683633f0e9db0e63a8,False,True,False,img_1bdd12683633f0e9db0e63a8::yaw_minus_35,,,,,,,,,,,,,,,,,,,,,,,,,,
-3.9722953690685525,7.319451012091339,left,yaw_plus_35,img_1bdd12683633f0e9db0e63a8,False,True,False,img_1bdd12683633f0e9db0e63a8::yaw_plus_35,,,,,,,,,,,,,,,,,,,,,,,,,,
-1.3140998570949338,5.233071909707794,left,pitch_down_56,img_1c8b089945f81db8f6c8dded,False,False,False,img_1c8b089945f81db8f6c8dded::pitch_down_56,,,,,,,,,,,,,,,,,,,,,,,,,,
-1.3140998570949338,5.233071909707794,left,pitch_up_56,img_1c8b089945f81db8f6c8dded,False,False,False,img_1c8b089945f81db8f6c8dded::pitch_up_56,,,,,,,,,,,,,,,,,,,,,,,,,,
-1.3140998570949338,5.233071909707794,left,yaw_minus_35,img_1c8b089945f81db8f6c8dded,False,False,False,img_1c8b089945f81db8f6c8dded::yaw_minus_35,,,,,,,,,,,,,,,,,,,,,,,,,,
-1.3140998570949338,5.233071909707794,left,yaw_plus_35,img_1c8b089945f81db8f6c8dded,False,False,False,img_1c8b089945f81db8f6c8dded::yaw_plus_35,,,,,,,,,,,,,,,,,,,,,,,,,,
-1.7618052404084517,1.9876431754386967,right,pitch_down_56,img_1c9c566ccc6d3b5e801f396d,False,False,False,img_1c9c566ccc6d3b5e801f396d::pitch_down_56,,,,,,,,,,,,,,,,,,,,,,,,,,
-1.7618052404084517,1.9876431754386967,right,pitch_up_56,img_1c9c566ccc6d3b5e801f396d,False,False,False,img_1c9c566ccc6d3b5e801f396d::pitch_up_56,,,,,,,,,,,,,,,,,,,,,,,,,,
-1.7618052404084517,1.9876431754386967,right,yaw_minus_35,img_1c9c566ccc6d3b5e801f396d,False,True,False,img_1c9c566ccc6d3b5e801f396d::yaw_minus_35,,,,,,,,,,,,,,,,,,,,,,,,,,
-1.7618052404084517,1.9876431754386967,right,yaw_plus_35,img_1c9c566ccc6d3b5e801f396d,False,True,False,img_1c9c566ccc6d3b5e801f396d::yaw_plus_35,,,,,,,,,,,,,,,,,,,,,,,,,,
-2.305045214114415,2.33340101464409,left,pitch_down_56,img_1dbea71c3cf92e7aa3fc5df4,False,False,False,img_1dbea71c3cf92e7aa3fc5df4::pitch_down_56,,,,,,,,,,,,,,,,,,,,,,,,,,
-2.305045214114415,2.33340101464409,left,pitch_up_56,img_1dbea71c3cf92e7aa3fc5df4,False,True,False,img_1dbea71c3cf92e7aa3fc5df4::pitch_up_56,,,,,,,,,,,,,,,,,,,,,,,,,,
-2.305045214114415,2.33340101464409,left,yaw_minus_35,img_1dbea71c3cf92e7aa3fc5df4,False,True,False,img_1dbea71c3cf92e7aa3fc5df4::yaw_minus_35,,,,,,,,,,,,,,,,,,,,,,,,,,
-2.305045214114415,2.33340101464409,left,yaw_plus_35,img_1dbea71c3cf92e7aa3fc5df4,False,True,False,img_1dbea71c3cf92e7aa3fc5df4::yaw_plus_35,,,,,,,,,,,,,,,,,,,,,,,,,,
-1.8760893997299162,1.991972284138471,left,pitch_down_56,img_1de04bfc85f49dfaa0d0a760,False,False,False,img_1de04bfc85f49dfaa0d0a760::pitch_down_56,,,,,,,,,,,,,,,,,,,,,,,,,,
-1.8760893997299162,1.991972284138471,left,pitch_up_56,img_1de04bfc85f49dfaa0d0a760,False,False,False,img_1de04bfc85f49dfaa0d0a760::pitch_up_56,,,,,,,,,,,,,,,,,,,,,,,,,,
-1.8760893997299162,1.991972284138471,left,yaw_plus_35,img_1de04bfc85f49dfaa0d0a760,False,False,False,img_1de04bfc85f49dfaa0d0a760::yaw_plus_35,,,,,,,,,,,,,,,,,,,,,,,,,,
-0.8893179490366805,1.0361816668691497,right,pitch_down_56,img_1f5dcabe54d22d5e520d4af1,False,False,False,img_1f5dcabe54d22d5e520d4af1::pitch_down_56,,,,,,,,,,,,,,,,,,,,,,,,,,
-0.8893179490366805,1.0361816668691497,right,pitch_up_56,img_1f5dcabe54d22d5e520d4af1,False,False,False,img_1f5dcabe54d22d5e520d4af1::pitch_up_56,,,,,,,,,,,,,,,,,,,,,,,,,,
-0.8893179490366805,1.0361816668691497,right,yaw_minus_35,img_1f5dcabe54d22d5e520d4af1,False,False,False,img_1f5dcabe54d22d5e520d4af1::yaw_minus_35,,,,,,,,,,,,,,,,,,,,,,,,,,
-0.8893179490366805,1.0361816668691497,right,yaw_plus_35,img_1f5dcabe54d22d5e520d4af1,False,False,False,img_1f5dcabe54d22d5e520d4af1::yaw_plus_35,,,,,,,,,,,,,,,,,,,,,,,,,,
1.901479079103276,7.523926614812448,right,pitch_up_56,img_1f7cf648acdfeca84393921f,False,False,False,img_1f7cf648acdfeca84393921f::pitch_up_56,,,,,,,,,,,,,,,,,,,,,,,,,,
1.901479079103276,7.523926614812448,right,yaw_minus_35,img_1f7cf648acdfeca84393921f,False,True,True,img_1f7cf648acdfeca84393921f::yaw_minus_35,-0.06429636364918974,0.46929099243677364,3.0031607777720204,4763,54,6699,1057,9797,9797,7.054116821289062,7.986238479614258,10.222173213958738,7.493594133705883,-0.06816866416527718,0.4503610366869024,0.9811489227191798,4104,54,6040,1057,9797,9797,7.028944396972657,7.965124845504761,8.697650480270386,7.5161826106498495
1.901479079103276,7.523926614812448,right,yaw_plus_35,img_1f7cf648acdfeca84393921f,False,False,False,img_1f7cf648acdfeca84393921f::yaw_plus_35,,,,,,,,,,,,,,,,,,,,,,,,,,
3.3842891287672687,6.5362740467189155,right,pitch_up_56,img_1fb3a72aca781ca07d397457,False,False,False,img_1fb3a72aca781ca07d397457::pitch_up_56,,,,,,,,,,,,,,,,,,,,,,,,,,
3.3842891287672687,6.5362740467189155,right,yaw_minus_35,img_1fb3a72aca781ca07d397457,True,True,True,img_1fb3a72aca781ca07d397457::yaw_minus_35,0.07268637285539842,0.5166137928541721,4.054333062060695,13065,0,20575,1888,46389,46389,6.5791693210601805,7.112382888793945,10.74718751907348,6.533335225401084,0.04952123179660282,0.3352458789673234,1.034347722123491,7980,0,15490,1888,46389,46389,6.534729266166687,7.026922702789307,7.316683506965637,6.586725507829343
-4.926460431291492,6.559229894060461,left,pitch_up_56,img_204ab088850d639090e9ac4e,False,False,False,img_204ab088850d639090e9ac4e::pitch_up_56,,,,,,,,,,,,,,,,,,,,,,,,,,
-4.926460431291492,6.559229894060461,left,yaw_minus_35,img_204ab088850d639090e9ac4e,False,False,False,img_204ab088850d639090e9ac4e::yaw_minus_35,,,,,,,,,,,,,,,,,,,,,,,,,,
-4.926460431291492,6.559229894060461,left,yaw_plus_35,img_204ab088850d639090e9ac4e,False,True,False,img_204ab088850d639090e9ac4e::yaw_plus_35,,,,,,,,,,,,,,,,,,,,,,,,,,
-2.9843881797099074,6.725544499725922,right,pitch_up_56,img_20a58f5ac4250200235962e2,False,False,False,img_20a58f5ac4250200235962e2::pitch_up_56,,,,,,,,,,,,,,,,,,,,,,,,,,
-2.9843881797099074,6.725544499725922,right,yaw_minus_35,img_20a58f5ac4250200235962e2,False,False,False,img_20a58f5ac4250200235962e2::yaw_minus_35,,,,,,,,,,,,,,,,,,,,,,,,,,
-2.9843881797099074,6.725544499725922,right,yaw_plus_35,img_20a58f5ac4250200235962e2,False,True,True,img_20a58f5ac4250200235962e2::yaw_plus_35,-4.228636040846851,-1.5317342706625103,2.7330440004735443,770,8970,10547,408,24749,24749,2.594955062866211,5.1020121574401855,9.521324920654298,6.699526599782809,-4.4736626986609584,-3.971654863633158,-3.4940186018083104,0,2349,2349,0,24749,24718,2.5725260257720945,2.669055461883545,3.0189337730407715,6.6975972234402645
5.868149082368845,6.572236799708261,right,pitch_up_56,img_20db9aea57590d693ed1f417,False,False,False,img_20db9aea57590d693ed1f417::pitch_up_56,,,,,,,,,,,,,,,,,,,,,,,,,,
5.868149082368845,6.572236799708261,right,yaw_minus_35,img_20db9aea57590d693ed1f417,False,True,True,img_20db9aea57590d693ed1f417::yaw_minus_35,-3.104438066829378,0.8232473670543667,3.9351764374049396,15870,8102,29818,5254,53044,53044,3.488884425163269,7.484691381454468,10.568790817260743,6.590547477081465,-3.211545838541869,-2.5884345349587603,0.15882699339775283,181,3660,5724,1677,53044,50924,3.3699334263801575,4.088872909545898,7.009240174293517,6.647098501033655
5.868149082368845,6.572236799708261,right,yaw_plus_35,img_20db9aea57590d693ed1f417,False,False,False,img_20db9aea57590d693ed1f417::yaw_plus_35,,,,,,,,,,,,,,,,,,,,,,,,,,
3.3056738453351007,6.57479343707821,left,yaw_plus_35,img_21571925b3bdee2457e819f8,False,True,True,img_21571925b3bdee2457e819f8::yaw_plus_35,0.1460420192751525,0.5579166927231274,4.208846722213896,12362,0,19002,991,53449,51877,6.603858137130738,7.147702693939209,10.819227695465088,6.545179991532622,0.12494068662925005,0.3536045552777365,1.0220699351384561,7534,0,14174,991,53449,51856,6.558940792083741,7.065990924835205,7.333329606056213,6.589595936276908
-4.183580366790842,6.2803810696939575,left,pitch_up_56,img_21b946b919113ef2ad217f20,False,False,False,img_21b946b919113ef2ad217f20::pitch_up_56,,,,,,,,,,,,,,,,,,,,,,,,,,
-4.183580366790842,6.2803810696939575,left,yaw_minus_35,img_21b946b919113ef2ad217f20,False,False,False,img_21b946b919113ef2ad217f20::yaw_minus_35,,,,,,,,,,,,,,,,,,,,,,,,,,
-4.183580366790842,6.2803810696939575,left,yaw_plus_35,img_21b946b919113ef2ad217f20,False,False,False,img_21b946b919113ef2ad217f20::yaw_plus_35,,,,,,,,,,,,,,,,,,,,,,,,,,
-9.038783487806382,9.809291834061062,left,pitch_up_56,img_21d4e3abf4b931012a5defa6,False,False,False,img_21d4e3abf4b931012a5defa6::pitch_up_56,,,,,,,,,,,,,,,,,,,,,,,,,,
-9.038783487806382,9.809291834061062,left,yaw_minus_35,img_21d4e3abf4b931012a5defa6,False,False,False,img_21d4e3abf4b931012a5defa6::yaw_minus_35,,,,,,,,,,,,,,,,,,,,,,,,,,
-9.038783487806382,9.809291834061062,left,yaw_plus_35,img_21d4e3abf4b931012a5defa6,False,False,False,img_21d4e3abf4b931012a5defa6::yaw_plus_35,,,,,,,,,,,,,,,,,,,,,,,,,,
-7.208327261900527,9.647771145396412,right,yaw_minus_35,img_22d548c6b36b38776c5e943b,False,True,True,img_22d548c6b36b38776c5e943b::yaw_minus_35,-5.0064135282750355,-3.6293739164425958,-0.1559704554537416,487,11550,13338,132,23813,23813,4.6673047065734865,5.914052486419678,9.732458209991455,9.649789021861558,-5.039959180728544,-4.85119388955475,-3.9900571460376457,0,5518,5518,0,23813,23813,4.640157985687256,4.805055856704712,5.761881923675537,9.720681482501114
-9.006727978830195,9.53555149219101,left,pitch_up_56,img_22e44fb6ad093ee3fb1939ad,False,False,False,img_22e44fb6ad093ee3fb1939ad::pitch_up_56,,,,,,,,,,,,,,,,,,,,,,,,,,
-9.006727978830195,9.53555149219101,left,yaw_minus_35,img_22e44fb6ad093ee3fb1939ad,False,False,False,img_22e44fb6ad093ee3fb1939ad::yaw_minus_35,,,,,,,,,,,,,,,,,,,,,,,,,,
-9.006727978830195,9.53555149219101,left,yaw_plus_35,img_22e44fb6ad093ee3fb1939ad,False,False,False,img_22e44fb6ad093ee3fb1939ad::yaw_plus_35,,,,,,,,,,,,,,,,,,,,,,,,,,
-1.8417387109039565,2.0539285289645908,left,pitch_down_56,img_231b7c7f9d8a8a43c94a9fd3,False,False,False,img_231b7c7f9d8a8a43c94a9fd3::pitch_down_56,,,,,,,,,,,,,,,,,,,,,,,,,,
-1.8417387109039565,2.0539285289645908,left,pitch_up_56,img_231b7c7f9d8a8a43c94a9fd3,False,False,False,img_231b7c7f9d8a8a43c94a9fd3::pitch_up_56,,,,,,,,,,,,,,,,,,,,,,,,,,
-1.8417387109039565,2.0539285289645908,left,yaw_plus_35,img_231b7c7f9d8a8a43c94a9fd3,False,False,False,img_231b7c7f9d8a8a43c94a9fd3::yaw_plus_35,,,,,,,,,,,,,,,,,,,,,,,,,,
-0.26046499093858877,0.37514480910955766,right,pitch_down_56,img_23c65376ef8846d50e306c49,False,False,False,img_23c65376ef8846d50e306c49::pitch_down_56,,,,,,,,,,,,,,,,,,,,,,,,,,
-0.26046499093858877,0.37514480910955766,right,pitch_up_56,img_23c65376ef8846d50e306c49,False,False,False,img_23c65376ef8846d50e306c49::pitch_up_56,,,,,,,,,,,,,,,,,,,,,,,,,,
-0.26046499093858877,0.37514480910955766,right,yaw_minus_35,img_23c65376ef8846d50e306c49,False,False,False,img_23c65376ef8846d50e306c49::yaw_minus_35,,,,,,,,,,,,,,,,,,,,,,,,,,
-0.26046499093858877,0.37514480910955766,right,yaw_plus_35,img_23c65376ef8846d50e306c49,False,False,False,img_23c65376ef8846d50e306c49::yaw_plus_35,,,,,,,,,,,,,,,,,,,,,,,,,,
-8.220679836010735,10.06644851283347,left,pitch_up_56,img_23dfbf209861f4b03fe77515,False,False,False,img_23dfbf209861f4b03fe77515::pitch_up_56,,,,,,,,,,,,,,,,,,,,,,,,,,
-8.220679836010735,10.06644851283347,left,yaw_minus_35,img_23dfbf209861f4b03fe77515,False,False,False,img_23dfbf209861f4b03fe77515::yaw_minus_35,,,,,,,,,,,,,,,,,,,,,,,,,,
-8.220679836010735,10.06644851283347,left,yaw_plus_35,img_23dfbf209861f4b03fe77515,False,False,False,img_23dfbf209861f4b03fe77515::yaw_plus_35,,,,,,,,,,,,,,,,,,,,,,,,,,
3.2202883906666298,6.480026772044559,right,pitch_up_56,img_23f736d972ccf1608ccbe107,False,False,False,img_23f736d972ccf1608ccbe107::pitch_up_56,,,,,,,,,,,,,,,,,,,,,,,,,,
3.2202883906666298,6.480026772044559,right,yaw_minus_35,img_23f736d972ccf1608ccbe107,False,False,False,img_23f736d972ccf1608ccbe107::yaw_minus_35,,,,,,,,,,,,,,,,,,,,,,,,,,
-1.7732135556316901,1.805716896802148,right,pitch_down_56,img_24360a542c1b719c91d5a0e8,False,False,False,img_24360a542c1b719c91d5a0e8::pitch_down_56,,,,,,,,,,,,,,,,,,,,,,,,,,
-1.7732135556316901,1.805716896802148,right,pitch_up_56,img_24360a542c1b719c91d5a0e8,False,False,False,img_24360a542c1b719c91d5a0e8::pitch_up_56,,,,,,,,,,,,,,,,,,,,,,,,,,
-1.7732135556316901,1.805716896802148,right,yaw_minus_35,img_24360a542c1b719c91d5a0e8,False,False,False,img_24360a542c1b719c91d5a0e8::yaw_minus_35,,,,,,,,,,,,,,,,,,,,,,,,,,
-1.7732135556316901,1.805716896802148,right,yaw_plus_35,img_24360a542c1b719c91d5a0e8,False,False,False,img_24360a542c1b719c91d5a0e8::yaw_plus_35,,,,,,,,,,,,,,,,,,,,,,,,,,
-11.844294268327983,12.194477230662164,left,pitch_up_56,img_245cad044e9f3a264ef1987a,False,False,False,img_245cad044e9f3a264ef1987a::pitch_up_56,,,,,,,,,,,,,,,,,,,,,,,,,,
-11.844294268327983,12.194477230662164,left,yaw_plus_35,img_245cad044e9f3a264ef1987a,False,True,False,img_245cad044e9f3a264ef1987a::yaw_plus_35,,,,,,,,,,,,,,,,,,,,,,,,,,
-3.2748858792717863,5.739005267840197,right,pitch_up_56,img_2461a33a99ca0046b9a7c112,False,False,False,img_2461a33a99ca0046b9a7c112::pitch_up_56,,,,,,,,,,,,,,,,,,,,,,,,,,
-3.2748858792717863,5.739005267840197,right,yaw_minus_35,img_2461a33a99ca0046b9a7c112,False,True,True,img_2461a33a99ca0046b9a7c112::yaw_minus_35,-3.591169419606569,-0.33524985518300987,14.301665779581596,4029,11629,19372,661,43062,43062,2.528805673122406,5.237498998641968,20.17739868164063,5.726116205020821,-4.830122307872268,-4.407265556082967,-4.109368019693405,0,926,926,0,43062,40963,1.2632018327713013,1.294026494026184,1.3282284140586853,5.708467044470954
-3.2748858792717863,5.739005267840197,right,yaw_plus_35,img_2461a33a99ca0046b9a7c112,False,False,False,img_2461a33a99ca0046b9a7c112::yaw_plus_35,,,,,,,,,,,,,,,,,,,,,,,,,,
1.9015166388909055,7.523957863674569,right,pitch_up_56,img_246e9ec9e0ed774cd0cbefb4,False,False,False,img_246e9ec9e0ed774cd0cbefb4::pitch_up_56,,,,,,,,,,,,,,,,,,,,,,,,,,
1.9015166388909055,7.523957863674569,right,yaw_minus_35,img_246e9ec9e0ed774cd0cbefb4,False,True,True,img_246e9ec9e0ed774cd0cbefb4::yaw_minus_35,-0.06526645315178481,0.4688727391737739,3.002811036074707,4763,54,6701,1058,9797,9797,7.051061153411865,7.986242294311523,10.22197437286377,7.493225322869151,-0.06911996182463413,0.4499813687852203,0.9832918744434296,4101,54,6039,1058,9797,9797,7.027232074737549,7.965027332305908,8.703207969665527,7.51586769953804
1.9015166388909055,7.523957863674569,right,yaw_plus_35,img_246e9ec9e0ed774cd0cbefb4,False,False,False,img_246e9ec9e0ed774cd0cbefb4::yaw_plus_35,,,,,,,,,,,,,,,,,,,,,,,,,,
4.632550540915667,6.9693095282518644,right,pitch_up_56,img_24d4e5bc6fa22cd9ea92ff2e,False,False,False,img_24d4e5bc6fa22cd9ea92ff2e::pitch_up_56,,,,,,,,,,,,,,,,,,,,,,,,,,
4.632550540915667,6.9693095282518644,right,yaw_minus_35,img_24d4e5bc6fa22cd9ea92ff2e,False,True,True,img_24d4e5bc6fa22cd9ea92ff2e::yaw_minus_35,-4.9883760852243055,0.507074591447406,3.7453765892743136,9413,1017,16489,1348,34218,34218,2.1362771511077883,7.551206588745117,10.616122817993162,6.970492107445068,-5.096332139621342,0.7432228430233958,1.2844966100383344,5181,1017,8272,261,34218,34181,2.0968712329864503,7.6735522747039795,8.0101393699646,6.864489565051032
4.632550540915667,6.9693095282518644,right,yaw_plus_35,img_24d4e5bc6fa22cd9ea92ff2e,False,False,False,img_24d4e5bc6fa22cd9ea92ff2e::yaw_plus_35,,,,,,,,,,,,,,,,,,,,,,,,,,
-1.6118753419575023,6.65852228851113,right,pitch_up_56,img_2528134f0c15a2a2a931c0df,False,False,False,img_2528134f0c15a2a2a931c0df::pitch_up_56,,,,,,,,,,,,,,,,,,,,,,,,,,
-1.6118753419575023,6.65852228851113,right,yaw_minus_35,img_2528134f0c15a2a2a931c0df,False,False,False,img_2528134f0c15a2a2a931c0df::yaw_minus_35,,,,,,,,,,,,,,,,,,,,,,,,,,
-1.6118753419575023,6.65852228851113,right,yaw_plus_35,img_2528134f0c15a2a2a931c0df,False,True,True,img_2528134f0c15a2a2a931c0df::yaw_plus_35,-3.9143868223727405,-1.2042251456806614,0.005291080219824935,215,4902,5928,459,16962,16962,2.863126218318939,5.361737966537476,6.351720619201647,6.6436023678481515,-4.161386063796623,-3.6382779121609374,-3.176907598511937,0,1351,1351,0,16962,16932,2.8503198623657227,2.908407688140869,3.3833760023117065,6.662566596926519
5.300369797005174,5.533424097033327,right,pitch_up_56,img_2583dd744e4c06e135d8853a,False,False,False,img_2583dd744e4c06e135d8853a::pitch_up_56,,,,,,,,,,,,,,,,,,,,,,,,,,
5.300369797005174,5.533424097033327,right,yaw_minus_35,img_2583dd744e4c06e135d8853a,False,True,True,img_2583dd744e4c06e135d8853a::yaw_minus_35,0.08626841404184492,2.8072658124861873,3.8182032945590225,25517,1124,34848,7142,90288,90288,5.608235216140747,8.315645694732666,9.371972703933716,5.562006200428324,-1.8529460496432235,0.9190708385956068,3.6453170282436838,10797,1075,18783,6267,90288,87838,3.790098237991333,6.518920421600342,9.206211376190184,5.544734340377024
5.300369797005174,5.533424097033327,right,yaw_plus_35,img_2583dd744e4c06e135d8853a,False,False,False,img_2583dd744e4c06e135d8853a::yaw_plus_35,,,,,,,,,,,,,,,,,,,,,,,,,,
-4.32132018487388,7.269864425074496,left,pitch_down_56,img_25873a17d1cb3eab2998efaa,False,False,False,img_25873a17d1cb3eab2998efaa::pitch_down_56,,,,,,,,,,,,,,,,,,,,,,,,,,
-4.32132018487388,7.269864425074496,left,pitch_up_56,img_25873a17d1cb3eab2998efaa,False,False,False,img_25873a17d1cb3eab2998efaa::pitch_up_56,,,,,,,,,,,,,,,,,,,,,,,,,,
-4.32132018487388,7.269864425074496,left,yaw_minus_35,img_25873a17d1cb3eab2998efaa,False,True,True,img_25873a17d1cb3eab2998efaa::yaw_minus_35,-4.7529950604251265,-1.0892274149806696,2.8111025425466627,759,9718,11971,148,35823,35823,2.6975302696228027,6.495670795440674,10.235762119293213,7.26126807531975,-4.931620960031698,-4.519539782546606,-4.1719087538449156,0,2606,2606,0,35823,35822,2.6733898520469666,2.7248213291168213,2.8100955486297607,7.24305541176988
-4.32132018487388,7.269864425074496,left,yaw_plus_35,img_25873a17d1cb3eab2998efaa,False,False,False,img_25873a17d1cb3eab2998efaa::yaw_plus_35,,,,,,,,,,,,,,,,,,,,,,,,,,
-2.083625229021854,2.144038030349822,left,pitch_down_56,img_25e709e621e208bb6d69963c,False,True,False,img_25e709e621e208bb6d69963c::pitch_down_56,,,,,,,,,,,,,,,,,,,,,,,,,,
-2.083625229021854,2.144038030349822,left,pitch_up_56,img_25e709e621e208bb6d69963c,False,False,False,img_25e709e621e208bb6d69963c::pitch_up_56,,,,,,,,,,,,,,,,,,,,,,,,,,
-2.083625229021854,2.144038030349822,left,yaw_minus_35,img_25e709e621e208bb6d69963c,False,True,True,img_25e709e621e208bb6d69963c::yaw_minus_35,-0.12397099608493564,2.817669636389683,21.939452845426583,120823,3957,131879,6112,454538,452198,2.0684094190597535,4.989223003387451,24.113321304321282,2.1935351029309853,-1.2672595309475192,1.3256813465588513,2.9115663584127534,15489,3566,25170,5686,454538,432574,1.0232366681098939,3.53830623626709,5.074247360229487,2.211732708144615
-2.083625229021854,2.144038030349822,left,yaw_plus_35,img_25e709e621e208bb6d69963c,False,False,False,img_25e709e621e208bb6d69963c::yaw_plus_35,,,,,,,,,,,,,,,,,,,,,,,,,,
0.681051478007279,4.897365441897535,right,pitch_down_56,img_26e10d650ada982eed86237e,False,False,False,img_26e10d650ada982eed86237e::pitch_down_56,,,,,,,,,,,,,,,,,,,,,,,,,,
0.681051478007279,4.897365441897535,right,pitch_up_56,img_26e10d650ada982eed86237e,True,True,False,img_26e10d650ada982eed86237e::pitch_up_56,,,,,,,,,,,,,,,,,,,,,,,,,,
0.681051478007279,4.897365441897535,right,yaw_minus_35,img_26e10d650ada982eed86237e,True,True,True,img_26e10d650ada982eed86237e::yaw_minus_35,-0.11221487283503837,0.7228427464408451,3.769553555921072,6392,0,8809,1540,22588,22588,4.390711879730224,5.435190200805664,8.60962142944336,4.861784117301113,-0.127142081657572,0.3545571555748692,1.398330252696694,2923,0,5340,1540,22588,22588,4.380465936660767,5.340534687042236,6.439391779899597,4.913780904067159
0.681051478007279,4.897365441897535,right,yaw_plus_35,img_26e10d650ada982eed86237e,False,False,False,img_26e10d650ada982eed86237e::yaw_plus_35,,,,,,,,,,,,,,,,,,,,,,,,,,
-9.381089985680205,9.426949383852087,left,pitch_up_56,img_26f74b29376a0bc5d2f9d8b7,False,False,False,img_26f74b29376a0bc5d2f9d8b7::pitch_up_56,,,,,,,,,,,,,,,,,,,,,,,,,,
-9.381089985680205,9.426949383852087,left,yaw_plus_35,img_26f74b29376a0bc5d2f9d8b7,False,False,False,img_26f74b29376a0bc5d2f9d8b7::yaw_plus_35,,,,,,,,,,,,,,,,,,,,,,,,,,
-2.468159302238533,2.507647012316725,right,yaw_minus_35,img_27c0b49a4b63e69324d8c3d1,False,False,False,img_27c0b49a4b63e69324d8c3d1::yaw_minus_35,,,,,,,,,,,,,,,,,,,,,,,,,,
-9.014319485808429,9.867315032720882,left,pitch_up_56,img_282eaf688d90268d18f5fd7a,False,False,False,img_282eaf688d90268d18f5fd7a::pitch_up_56,,,,,,,,,,,,,,,,,,,,,,,,,,
-9.014319485808429,9.867315032720882,left,yaw_minus_35,img_282eaf688d90268d18f5fd7a,False,False,False,img_282eaf688d90268d18f5fd7a::yaw_minus_35,,,,,,,,,,,,,,,,,,,,,,,,,,
-9.014319485808429,9.867315032720882,left,yaw_plus_35,img_282eaf688d90268d18f5fd7a,False,False,False,img_282eaf688d90268d18f5fd7a::yaw_plus_35,,,,,,,,,,,,,,,,,,,,,,,,,,
-0.45972418192445064,5.156938892699115,left,pitch_down_56,img_289ddac6eecdcfcb171a9cff,False,False,False,img_289ddac6eecdcfcb171a9cff::pitch_down_56,,,,,,,,,,,,,,,,,,,,,,,,,,
-0.45972418192445064,5.156938892699115,left,yaw_minus_35,img_289ddac6eecdcfcb171a9cff,False,False,False,img_289ddac6eecdcfcb171a9cff::yaw_minus_35,,,,,,,,,,,,,,,,,,,,,,,,,,
-0.45972418192445064,5.156938892699115,left,yaw_plus_35,img_289ddac6eecdcfcb171a9cff,False,False,False,img_289ddac6eecdcfcb171a9cff::yaw_plus_35,,,,,,,,,,,,,,,,,,,,,,,,,,
3.7988553869624173,6.775847705456525,right,pitch_up_56,img_28ae3ec748a5e0d8c78031df,False,False,False,img_28ae3ec748a5e0d8c78031df::pitch_up_56,,,,,,,,,,,,,,,,,,,,,,,,,,
3.7988553869624173,6.775847705456525,right,yaw_minus_35,img_28ae3ec748a5e0d8c78031df,True,True,True,img_28ae3ec748a5e0d8c78031df::yaw_minus_35,0.05954497596981501,0.4400304461532256,3.573657750339176,9285,0,15825,1686,29578,29578,6.788502883911133,7.3132476806640625,10.120235443115234,6.77332235446627,0.048257451858976806,0.3104125970851648,1.1197860202415735,6735,0,13275,1686,29578,29578,6.757538223266602,7.25992488861084,7.609085035324096,6.803996103546116
-8.854752383557864,8.86839233391849,right,pitch_up_56,img_28d49635350a139c44d259ec,False,False,False,img_28d49635350a139c44d259ec::pitch_up_56,,,,,,,,,,,,,,,,,,,,,,,,,,
-8.854752383557864,8.86839233391849,right,yaw_minus_35,img_28d49635350a139c44d259ec,False,True,True,img_28d49635350a139c44d259ec::yaw_minus_35,-1.2588319501850318,1.2871001071392012,20.655044258278284,8033,1972,14760,4319,31250,31250,7.603648161888122,10.180042743682861,29.544495010375975,8.889411101467266,-1.2792715386938815,-0.11672068231555777,1.5456008315378749,3032,1655,9055,3932,31250,31084,7.585407495498657,8.790009498596191,10.451195430755615,8.888437083515681
-8.397093576788716,8.417195417715774,right,pitch_up_56,img_296543e0b24fc5e6e262f386,False,True,False,img_296543e0b24fc5e6e262f386::pitch_up_56,,,,,,,,,,,,,,,,,,,,,,,,,,
-8.397093576788716,8.417195417715774,right,yaw_minus_35,img_296543e0b24fc5e6e262f386,False,True,True,img_296543e0b24fc5e6e262f386::yaw_minus_35,-1.2839940877316967,1.322636991735056,20.714253226473136,9406,2553,16733,4411,42520,42514,7.121696186065674,9.750429153442383,29.154669189453124,8.438035261832963,-1.2963351279122155,-0.11631597943601246,1.543602824831428,3411,2007,9642,3869,42520,42052,7.113604879379272,8.347515106201172,9.995363187789916,8.43662286612167
5.867332730123404,6.869601473707796,right,pitch_up_56,img_298eb4ad7a7fb190d39583ea,False,False,False,img_298eb4ad7a7fb190d39583ea::pitch_up_56,,,,,,,,,,,,,,,,,,,,,,,,,,
5.867332730123404,6.869601473707796,right,yaw_minus_35,img_298eb4ad7a7fb190d39583ea,False,True,True,img_298eb4ad7a7fb190d39583ea::yaw_minus_35,-3.254416820725189,0.15308167150803254,4.083317808861007,12399,8708,26719,4180,47624,47624,3.5904223680496217,7.2503557205200195,10.975140571594238,6.88454053017966,-3.36800204540087,-3.119969208934909,0.1569091099451867,58,3343,5266,1072,47624,46139,3.478837788105011,3.76393723487854,7.302797317504883,6.91085650537914
5.867332730123404,6.869601473707796,right,yaw_plus_35,img_298eb4ad7a7fb190d39583ea,False,False,False,img_298eb4ad7a7fb190d39583ea::yaw_plus_35,,,,,,,,,,,,,,,,,,,,,,,,,,
-10.348260578789949,10.911018190830593,left,pitch_up_56,img_29f0cdf6a31f8207e452d529,False,False,False,img_29f0cdf6a31f8207e452d529::pitch_up_56,,,,,,,,,,,,,,,,,,,,,,,,,,
-10.348260578789949,10.911018190830593,left,yaw_plus_35,img_29f0cdf6a31f8207e452d529,False,False,False,img_29f0cdf6a31f8207e452d529::yaw_plus_35,,,,,,,,,,,,,,,,,,,,,,,,,,
-8.691288045804704,9.106818169116428,left,pitch_up_56,img_2a01d8380fb472ce1a05426b,False,False,False,img_2a01d8380fb472ce1a05426b::pitch_up_56,,,,,,,,,,,,,,,,,,,,,,,,,,
-8.691288045804704,9.106818169116428,left,yaw_minus_35,img_2a01d8380fb472ce1a05426b,False,False,False,img_2a01d8380fb472ce1a05426b::yaw_minus_35,,,,,,,,,,,,,,,,,,,,,,,,,,
-8.691288045804704,9.106818169116428,left,yaw_plus_35,img_2a01d8380fb472ce1a05426b,False,True,True,img_2a01d8380fb472ce1a05426b::yaw_plus_35,-3.9014633680163047,-3.7675971693470682,1.2947044140452322,1050,15440,16939,396,29297,29297,5.231701040267945,5.368060111999512,10.432631683349609,9.120225478119231,-3.9071736952752314,-3.7902495203286577,-3.0939610944010916,0,14401,14401,0,29297,29297,5.230405330657959,5.341925621032715,6.038601398468018,9.124143130697293
-0.6402064023101448,0.840460412623915,left,pitch_down_56,img_2a2ffa54460f316927e5ffa5,False,False,False,img_2a2ffa54460f316927e5ffa5::pitch_down_56,,,,,,,,,,,,,,,,,,,,,,,,,,
-0.6402064023101448,0.840460412623915,left,pitch_up_56,img_2a2ffa54460f316927e5ffa5,False,False,False,img_2a2ffa54460f316927e5ffa5::pitch_up_56,,,,,,,,,,,,,,,,,,,,,,,,,,
-0.6402064023101448,0.840460412623915,left,yaw_minus_35,img_2a2ffa54460f316927e5ffa5,False,False,False,img_2a2ffa54460f316927e5ffa5::yaw_minus_35,,,,,,,,,,,,,,,,,,,,,,,,,,
-0.6402064023101448,0.840460412623915,left,yaw_plus_35,img_2a2ffa54460f316927e5ffa5,False,False,False,img_2a2ffa54460f316927e5ffa5::yaw_plus_35,,,,,,,,,,,,,,,,,,,,,,,,,,
-10.104877841058546,10.917937259173847,left,yaw_plus_35,img_2a571292a4944bb3c65b1e06,False,False,False,img_2a571292a4944bb3c65b1e06::yaw_plus_35,,,,,,,,,,,,,,,,,,,,,,,,,,
-1.7266257850400262,2.7246283011161885,left,pitch_down_56,img_2b03f8db151c2afacd17aa26,False,False,False,img_2b03f8db151c2afacd17aa26::pitch_down_56,,,,,,,,,,,,,,,,,,,,,,,,,,
-1.7266257850400262,2.7246283011161885,left,pitch_up_56,img_2b03f8db151c2afacd17aa26,False,False,False,img_2b03f8db151c2afacd17aa26::pitch_up_56,,,,,,,,,,,,,,,,,,,,,,,,,,
-1.7266257850400262,2.7246283011161885,left,yaw_minus_35,img_2b03f8db151c2afacd17aa26,False,True,False,img_2b03f8db151c2afacd17aa26::yaw_minus_35,,,,,,,,,,,,,,,,,,,,,,,,,,
-1.7266257850400262,2.7246283011161885,left,yaw_plus_35,img_2b03f8db151c2afacd17aa26,False,True,False,img_2b03f8db151c2afacd17aa26::yaw_plus_35,,,,,,,,,,,,,,,,,,,,,,,,,,
3.3513008219048803,6.5039435563423185,left,pitch_up_56,img_2b4f13c695909781ea9270a7,False,False,False,img_2b4f13c695909781ea9270a7::pitch_up_56,,,,,,,,,,,,,,,,,,,,,,,,,,
3.3513008219048803,6.5039435563423185,left,yaw_plus_35,img_2b4f13c695909781ea9270a7,True,True,True,img_2b4f13c695909781ea9270a7::yaw_plus_35,0.07446864935211997,0.498629296891834,3.8176672790861503,12894,0,20394,1859,46189,46189,6.546074533462525,7.075966119766235,10.642309570312499,6.503278957498457,0.054355343042963786,0.3390081204300479,1.0310328993499618,7965,0,15465,1859,46189,46189,6.505240154266358,6.994275093078613,7.284768581390381,6.556230310396823
-5.924790586808061,7.587590026921983,right,pitch_up_56,img_2bd2f89c0ed9038a7ebb2598,False,False,False,img_2bd2f89c0ed9038a7ebb2598::pitch_up_56,,,,,,,,,,,,,,,,,,,,,,,,,,
-5.924790586808061,7.587590026921983,right,yaw_minus_35,img_2bd2f89c0ed9038a7ebb2598,False,True,True,img_2bd2f89c0ed9038a7ebb2598::yaw_minus_35,-4.746406178496492,-1.3652606226680501,2.943119902996061,2261,13383,16972,646,29322,29322,2.8977041482925414,6.2166924476623535,10.726979827880859,7.593577213930181,-4.814538349080042,-4.568717046294557,-4.071723225587986,0,6051,6051,0,29322,29322,2.872597336769104,3.014899969100952,3.6084794998168945,7.633485667039484
-2.3166412311163542,2.3679865216531097,right,yaw_minus_35,img_2c358f7a9417c85d1593883a,False,False,False,img_2c358f7a9417c85d1593883a::yaw_minus_35,,,,,,,,,,,,,,,,,,,,,,,,,,
5.6118309892887135,6.138018915756743,right,pitch_up_56,img_2cb25c84f93cba5efbbe84c5,False,False,False,img_2cb25c84f93cba5efbbe84c5::pitch_up_56,,,,,,,,,,,,,,,,,,,,,,,,,,
5.6118309892887135,6.138018915756743,right,yaw_minus_35,img_2cb25c84f93cba5efbbe84c5,False,True,True,img_2cb25c84f93cba5efbbe84c5::yaw_minus_35,-3.063080299364921,0.9870983531953348,3.838059785124963,18882,8417,33588,5741,59328,59328,3.1255526661872866,7.158997297286987,10.046220302581787,6.159716057574153,-3.1451605741142776,-2.8540046842210174,0.14423147969023598,5,4420,6199,1650,59328,56835,3.0139753580093385,3.4052388668060303,6.5203673362731935,6.205303638835163
5.6118309892887135,6.138018915756743,right,yaw_plus_35,img_2cb25c84f93cba5efbbe84c5,False,False,False,img_2cb25c84f93cba5efbbe84c5::yaw_plus_35,,,,,,,,,,,,,,,,,,,,,,,,,,
-0.6412836351612987,0.8481985576478629,right,pitch_down_56,img_2d1f1a8a27f682dc4d1d2341,False,False,False,img_2d1f1a8a27f682dc4d1d2341::pitch_down_56,,,,,,,,,,,,,,,,,,,,,,,,,,
-0.6412836351612987,0.8481985576478629,right,pitch_up_56,img_2d1f1a8a27f682dc4d1d2341,False,False,False,img_2d1f1a8a27f682dc4d1d2341::pitch_up_56,,,,,,,,,,,,,,,,,,,,,,,,,,
-0.6412836351612987,0.8481985576478629,right,yaw_minus_35,img_2d1f1a8a27f682dc4d1d2341,False,False,False,img_2d1f1a8a27f682dc4d1d2341::yaw_minus_35,,,,,,,,,,,,,,,,,,,,,,,,,,
-0.6412836351612987,0.8481985576478629,right,yaw_plus_35,img_2d1f1a8a27f682dc4d1d2341,False,False,False,img_2d1f1a8a27f682dc4d1d2341::yaw_plus_35,,,,,,,,,,,,,,,,,,,,,,,,,,
-9.071213910784419,9.288481380311879,left,pitch_up_56,img_2e26d35424d8cce53de1db47,False,False,False,img_2e26d35424d8cce53de1db47::pitch_up_56,,,,,,,,,,,,,,,,,,,,,,,,,,
-9.071213910784419,9.288481380311879,left,yaw_plus_35,img_2e26d35424d8cce53de1db47,False,False,False,img_2e26d35424d8cce53de1db47::yaw_plus_35,,,,,,,,,,,,,,,,,,,,,,,,,,
0.43979248807574933,1.891798030616141,right,pitch_down_56,img_2e52f81e7ee67150f3fdea5c,False,False,False,img_2e52f81e7ee67150f3fdea5c::pitch_down_56,,,,,,,,,,,,,,,,,,,,,,,,,,
0.43979248807574933,1.891798030616141,right,pitch_up_56,img_2e52f81e7ee67150f3fdea5c,False,True,False,img_2e52f81e7ee67150f3fdea5c::pitch_up_56,,,,,,,,,,,,,,,,,,,,,,,,,,
0.43979248807574933,1.891798030616141,right,yaw_minus_35,img_2e52f81e7ee67150f3fdea5c,False,True,False,img_2e52f81e7ee67150f3fdea5c::yaw_minus_35,,,,,,,,,,,,,,,,,,,,,,,,,,
0.43979248807574933,1.891798030616141,right,yaw_plus_35,img_2e52f81e7ee67150f3fdea5c,False,False,False,img_2e52f81e7ee67150f3fdea5c::yaw_plus_35,,,,,,,,,,,,,,,,,,,,,,,,,,
-5.033963120987119,6.896343903774905,left,pitch_up_56,img_2f10fcf8c5f46899fd84dae9,False,False,False,img_2f10fcf8c5f46899fd84dae9::pitch_up_56,,,,,,,,,,,,,,,,,,,,,,,,,,
-5.033963120987119,6.896343903774905,left,yaw_minus_35,img_2f10fcf8c5f46899fd84dae9,False,False,False,img_2f10fcf8c5f46899fd84dae9::yaw_minus_35,,,,,,,,,,,,,,,,,,,,,,,,,,
-5.033963120987119,6.896343903774905,left,yaw_plus_35,img_2f10fcf8c5f46899fd84dae9,False,True,True,img_2f10fcf8c5f46899fd84dae9::yaw_plus_35,-4.989634460730754,-1.0175169589647957,4.51961491975434,1433,12468,17000,347,37522,37522,1.904815572500229,6.017251253128052,11.429333400726316,6.903319917075238,-5.228886412660913,-5.007920942372478,-4.835207214143699,0,1558,1558,0,37522,37519,1.8161431789398192,1.8970369696617126,1.964807152748108,6.905428606536746
-9.375185593698255,10.588492960230365,left,yaw_plus_35,img_2f7b071dd4a79eebbbade4ce,False,False,False,img_2f7b071dd4a79eebbbade4ce::yaw_plus_35,,,,,,,,,,,,,,,,,,,,,,,,,,
-0.897574131098295,1.0380005392878717,left,pitch_down_56,img_2f8a2aae4ed7883e440a4072,False,False,False,img_2f8a2aae4ed7883e440a4072::pitch_down_56,,,,,,,,,,,,,,,,,,,,,,,,,,
-0.897574131098295,1.0380005392878717,left,pitch_up_56,img_2f8a2aae4ed7883e440a4072,False,False,False,img_2f8a2aae4ed7883e440a4072::pitch_up_56,,,,,,,,,,,,,,,,,,,,,,,,,,
-0.897574131098295,1.0380005392878717,left,yaw_minus_35,img_2f8a2aae4ed7883e440a4072,False,False,False,img_2f8a2aae4ed7883e440a4072::yaw_minus_35,,,,,,,,,,,,,,,,,,,,,,,,,,
-0.897574131098295,1.0380005392878717,left,yaw_plus_35,img_2f8a2aae4ed7883e440a4072,False,False,False,img_2f8a2aae4ed7883e440a4072::yaw_plus_35,,,,,,,,,,,,,,,,,,,,,,,,,,
0.4684746266765447,2.343041575788298,right,pitch_down_56,img_2fe423406c20124d89e4eefe,False,False,False,img_2fe423406c20124d89e4eefe::pitch_down_56,,,,,,,,,,,,,,,,,,,,,,,,,,
0.4684746266765447,2.343041575788298,right,pitch_up_56,img_2fe423406c20124d89e4eefe,False,True,False,img_2fe423406c20124d89e4eefe::pitch_up_56,,,,,,,,,,,,,,,,,,,,,,,,,,
0.4684746266765447,2.343041575788298,right,yaw_minus_35,img_2fe423406c20124d89e4eefe,False,True,False,img_2fe423406c20124d89e4eefe::yaw_minus_35,,,,,,,,,,,,,,,,,,,,,,,,,,
0.4684746266765447,2.343041575788298,right,yaw_plus_35,img_2fe423406c20124d89e4eefe,False,False,False,img_2fe423406c20124d89e4eefe::yaw_plus_35,,,,,,,,,,,,,,,,,,,,,,,,,,
-10.518171234275172,10.520209487505205,right,pitch_up_56,img_2fe71151d4c449e1d3233bb5,False,False,False,img_2fe71151d4c449e1d3233bb5::pitch_up_56,,,,,,,,,,,,,,,,,,,,,,,,,,
-10.518171234275172,10.520209487505205,right,yaw_minus_35,img_2fe71151d4c449e1d3233bb5,False,True,True,img_2fe71151d4c449e1d3233bb5::yaw_minus_35,-6.867725956636777,-0.12440310369179475,9.36240898963583,3195,4692,10126,2149,18637,18637,3.6759976744651794,10.408978462219238,19.915685176849365,10.536454507935934,-6.873731305507936,-6.769405179470494,-0.10782920470779628,283,4685,6309,1335,18637,18382,3.6736266136169435,3.7711374759674072,10.453179168701173,10.535433377512192
-5.094297308662792,5.097805768763398,right,yaw_plus_35,img_3039370f245c728e2420d10a,False,False,False,img_3039370f245c728e2420d10a::yaw_plus_35,,,,,,,,,,,,,,,,,,,,,,,,,,
-4.668023049859797,8.076621813987344,right,pitch_up_56,img_3043344b3e94c3b01cca615b,False,True,False,img_3043344b3e94c3b01cca615b::pitch_up_56,,,,,,,,,,,,,,,,,,,,,,,,,,
-4.668023049859797,8.076621813987344,right,yaw_minus_35,img_3043344b3e94c3b01cca615b,False,True,True,img_3043344b3e94c3b01cca615b::yaw_minus_35,-4.74981788288073,-2.7426374335199313,2.1629934837986675,800,11435,13562,188,40037,40037,3.539295506477356,5.051717042922974,10.376470708847032,8.068471977011134,-4.913891907967204,-4.476730390941192,-4.102447136054774,0,3326,3326,0,40037,40037,3.505676805973053,3.599942445755005,3.677334249019623,8.077709399835737
-13.305499639310238,13.559040683757033,left,pitch_up_56,img_304b50c95ed848aecc410e2d,False,False,False,img_304b50c95ed848aecc410e2d::pitch_up_56,,,,,,,,,,,,,,,,,,,,,,,,,,
-13.305499639310238,13.559040683757033,left,yaw_minus_35,img_304b50c95ed848aecc410e2d,False,False,False,img_304b50c95ed848aecc410e2d::yaw_minus_35,,,,,,,,,,,,,,,,,,,,,,,,,,
-13.305499639310238,13.559040683757033,left,yaw_plus_35,img_304b50c95ed848aecc410e2d,False,True,True,img_304b50c95ed848aecc410e2d::yaw_plus_35,-3.7645863012776943,-3.723813367436944,-0.12293497450893921,126,7084,7978,715,12024,12024,9.775695991516113,9.84843397140503,13.526925182342529,13.568719839380577,-3.7652219648563903,-3.727223019083283,-3.4429332307732112,1,7080,7097,7,12024,12024,9.773488998413086,9.838348388671875,10.145575141906738,13.559573479560877
1.9009971483748807,7.524186876895046,right,pitch_up_56,img_313927f8276bed83888b9791,False,False,False,img_313927f8276bed83888b9791::pitch_up_56,,,,,,,,,,,,,,,,,,,,,,,,,,
1.9009971483748807,7.524186876895046,right,yaw_minus_35,img_313927f8276bed83888b9791,False,True,True,img_313927f8276bed83888b9791::yaw_minus_35,-0.06435800700904207,0.46851634413467913,2.9945204182368803,4783,51,6789,1143,9928,9928,7.046076869964599,7.984140872955322,10.224175834655762,7.497053543521847,-0.06728451128507462,0.4489896200060657,0.9868241241089744,4098,51,6104,1143,9928,9928,7.024100232124328,7.964789390563965,8.704440164566039,7.517694833672637
1.9009971483748807,7.524186876895046,right,yaw_plus_35,img_313927f8276bed83888b9791,False,False,False,img_313927f8276bed83888b9791::yaw_plus_35,,,,,,,,,,,,,,,,,,,,,,,,,,
-1.3400684940089658,1.4043915765545405,left,pitch_down_56,img_31da46dee68cbffb8b8d1ac3,False,False,False,img_31da46dee68cbffb8b8d1ac3::pitch_down_56,,,,,,,,,,,,,,,,,,,,,,,,,,
-1.3400684940089658,1.4043915765545405,left,pitch_up_56,img_31da46dee68cbffb8b8d1ac3,False,False,False,img_31da46dee68cbffb8b8d1ac3::pitch_up_56,,,,,,,,,,,,,,,,,,,,,,,,,,
-1.3400684940089658,1.4043915765545405,left,yaw_minus_35,img_31da46dee68cbffb8b8d1ac3,False,False,False,img_31da46dee68cbffb8b8d1ac3::yaw_minus_35,,,,,,,,,,,,,,,,,,,,,,,,,,
-1.3400684940089658,1.4043915765545405,left,yaw_plus_35,img_31da46dee68cbffb8b8d1ac3,False,False,False,img_31da46dee68cbffb8b8d1ac3::yaw_plus_35,,,,,,,,,,,,,,,,,,,,,,,,,,
-7.528572643475602,7.56308261212375,right,pitch_up_56,img_31fb7f1b070f7fce4248960d,False,False,False,img_31fb7f1b070f7fce4248960d::pitch_up_56,,,,,,,,,,,,,,,,,,,,,,,,,,
-7.528572643475602,7.56308261212375,right,yaw_minus_35,img_31fb7f1b070f7fce4248960d,False,False,False,img_31fb7f1b070f7fce4248960d::yaw_minus_35,,,,,,,,,,,,,,,,,,,,,,,,,,
-7.528572643475602,7.56308261212375,right,yaw_plus_35,img_31fb7f1b070f7fce4248960d,False,True,True,img_31fb7f1b070f7fce4248960d::yaw_plus_35,-3.6799032208331806,-0.108058316620812,20.76870126697992,8774,5154,17805,3628,43103,43090,3.878841829299927,7.548828125,28.345575714111327,7.58401465831954,-3.6883218096379724,-0.12472031141770756,1.428095909341757,2894,4402,10920,3383,43103,42503,3.8723092913627624,7.481911897659302,9.00452675819397,7.583201150687483
-9.197210616438067,9.198310983437683,left,pitch_up_56,img_322efdb132cc0b10097d5d2f,False,False,False,img_322efdb132cc0b10097d5d2f::pitch_up_56,,,,,,,,,,,,,,,,,,,,,,,,,,
-9.197210616438067,9.198310983437683,left,yaw_plus_35,img_322efdb132cc0b10097d5d2f,False,False,False,img_322efdb132cc0b10097d5d2f::yaw_plus_35,,,,,,,,,,,,,,,,,,,,,,,,,,
-5.163812524781032,6.581849670189576,left,pitch_up_56,img_32de473ad787ca0a568e7a34,False,False,False,img_32de473ad787ca0a568e7a34::pitch_up_56,,,,,,,,,,,,,,,,,,,,,,,,,,
-5.163812524781032,6.581849670189576,left,yaw_minus_35,img_32de473ad787ca0a568e7a34,False,False,False,img_32de473ad787ca0a568e7a34::yaw_minus_35,,,,,,,,,,,,,,,,,,,,,,,,,,
-5.163812524781032,6.581849670189576,left,yaw_plus_35,img_32de473ad787ca0a568e7a34,False,True,True,img_32de473ad787ca0a568e7a34::yaw_plus_35,-4.581508053054684,-0.6284782626889358,4.741353257352169,2738,12040,19435,948,36420,36420,1.9586981534957886,5.908392906188965,11.564073371887206,6.579770580021789,-4.834273762913608,-4.58941642949652,-4.3311623025594885,0,1902,1902,0,36420,36378,1.8656174957752227,1.9551921486854553,2.4183569073677065,6.701185641945983
-4.845413335111129,5.390063902144141,left,pitch_up_56,img_32e9de537a5b3fe60feaa235,False,False,False,img_32e9de537a5b3fe60feaa235::pitch_up_56,,,,,,,,,,,,,,,,,,,,,,,,,,
-4.845413335111129,5.390063902144141,left,yaw_plus_35,img_32e9de537a5b3fe60feaa235,False,False,False,img_32e9de537a5b3fe60feaa235::yaw_plus_35,,,,,,,,,,,,,,,,,,,,,,,,,,
-8.902721263798348,8.91302694210927,left,pitch_up_56,img_332391c32c9690fa8c9a0d25,False,False,False,img_332391c32c9690fa8c9a0d25::pitch_up_56,,,,,,,,,,,,,,,,,,,,,,,,,,
-8.902721263798348,8.91302694210927,left,yaw_plus_35,img_332391c32c9690fa8c9a0d25,False,False,False,img_332391c32c9690fa8c9a0d25::yaw_plus_35,,,,,,,,,,,,,,,,,,,,,,,,,,
0.630143725236852,0.6826492093743934,left,pitch_down_56,img_33375a69985ab3e518251da0,False,False,False,img_33375a69985ab3e518251da0::pitch_down_56,,,,,,,,,,,,,,,,,,,,,,,,,,
0.630143725236852,0.6826492093743934,left,pitch_up_56,img_33375a69985ab3e518251da0,False,False,False,img_33375a69985ab3e518251da0::pitch_up_56,,,,,,,,,,,,,,,,,,,,,,,,,,
0.630143725236852,0.6826492093743934,left,yaw_plus_35,img_33375a69985ab3e518251da0,False,False,False,img_33375a69985ab3e518251da0::yaw_plus_35,,,,,,,,,,,,,,,,,,,,,,,,,,
-5.855202667466808,7.717438433690514,right,pitch_up_56,img_336e1066e62f9bd81c7fb187,False,False,False,img_336e1066e62f9bd81c7fb187::pitch_up_56,,,,,,,,,,,,,,,,,,,,,,,,,,
-5.855202667466808,7.717438433690514,right,yaw_minus_35,img_336e1066e62f9bd81c7fb187,False,True,False,img_336e1066e62f9bd81c7fb187::yaw_minus_35,,,,,,,,,,,,,,,,,,,,,,,,,,
-4.967252378949654,5.01323416110878,right,pitch_up_56,img_3393210d231014661a40fa97,False,False,False,img_3393210d231014661a40fa97::pitch_up_56,,,,,,,,,,,,,,,,,,,,,,,,,,
-4.967252378949654,5.01323416110878,right,yaw_minus_35,img_3393210d231014661a40fa97,False,True,False,img_3393210d231014661a40fa97::yaw_minus_35,,,,,,,,,,,,,,,,,,,,,,,,,,
-4.967252378949654,5.01323416110878,right,yaw_plus_35,img_3393210d231014661a40fa97,False,True,False,img_3393210d231014661a40fa97::yaw_plus_35,,,,,,,,,,,,,,,,,,,,,,,,,,
-4.38505226968431,7.991950761770343,right,pitch_up_56,img_340ae29e89772b35f8739137,False,False,False,img_340ae29e89772b35f8739137::pitch_up_56,,,,,,,,,,,,,,,,,,,,,,,,,,
-4.38505226968431,7.991950761770343,right,yaw_minus_35,img_340ae29e89772b35f8739137,False,True,True,img_340ae29e89772b35f8739137::yaw_minus_35,-4.619162467603203,-1.0163670981308233,11.284121381592591,1162,11968,14260,219,59623,59623,3.5734254240989687,7.270400285720825,19.336260890960684,7.985509218127905,-4.800026963892708,-4.386130806016367,-4.006762634980447,0,2977,2977,0,59623,59585,3.5347569465637205,3.6170239448547363,3.6909432411193848,8.003014074374699
-8.955607617261537,9.652991410210458,left,pitch_up_56,img_34740bb45b5ff4b8f0691b68,False,False,False,img_34740bb45b5ff4b8f0691b68::pitch_up_56,,,,,,,,,,,,,,,,,,,,,,,,,,
-8.955607617261537,9.652991410210458,left,yaw_plus_35,img_34740bb45b5ff4b8f0691b68,False,False,False,img_34740bb45b5ff4b8f0691b68::yaw_plus_35,,,,,,,,,,,,,,,,,,,,,,,,,,
-2.1890774673139735,2.2969219986818388,left,pitch_down_56,img_349bb000c52f5a9444858a63,False,False,False,img_349bb000c52f5a9444858a63::pitch_down_56,,,,,,,,,,,,,,,,,,,,,,,,,,
-2.1890774673139735,2.2969219986818388,left,pitch_up_56,img_349bb000c52f5a9444858a63,False,False,False,img_349bb000c52f5a9444858a63::pitch_up_56,,,,,,,,,,,,,,,,,,,,,,,,,,
-2.1890774673139735,2.2969219986818388,left,yaw_minus_35,img_349bb000c52f5a9444858a63,False,True,False,img_349bb000c52f5a9444858a63::yaw_minus_35,,,,,,,,,,,,,,,,,,,,,,,,,,
-2.1890774673139735,2.2969219986818388,left,yaw_plus_35,img_349bb000c52f5a9444858a63,False,True,False,img_349bb000c52f5a9444858a63::yaw_plus_35,,,,,,,,,,,,,,,,,,,,,,,,,,
-1.4728570721782757,2.3944509558999467,left,pitch_down_56,img_357e0e61ad2c2c039b3d8981,False,False,False,img_357e0e61ad2c2c039b3d8981::pitch_down_56,,,,,,,,,,,,,,,,,,,,,,,,,,
-1.4728570721782757,2.3944509558999467,left,pitch_up_56,img_357e0e61ad2c2c039b3d8981,False,False,False,img_357e0e61ad2c2c039b3d8981::pitch_up_56,,,,,,,,,,,,,,,,,,,,,,,,,,
-1.4728570721782757,2.3944509558999467,left,yaw_minus_35,img_357e0e61ad2c2c039b3d8981,False,True,False,img_357e0e61ad2c2c039b3d8981::yaw_minus_35,,,,,,,,,,,,,,,,,,,,,,,,,,
-1.4728570721782757,2.3944509558999467,left,yaw_plus_35,img_357e0e61ad2c2c039b3d8981,False,True,False,img_357e0e61ad2c2c039b3d8981::yaw_plus_35,,,,,,,,,,,,,,,,,,,,,,,,,,
-5.133393742676793,7.394978137291365,right,pitch_up_56,img_36179b59758015708cbc0529,False,False,False,img_36179b59758015708cbc0529::pitch_up_56,,,,,,,,,,,,,,,,,,,,,,,,,,
-5.133393742676793,7.394978137291365,right,yaw_minus_35,img_36179b59758015708cbc0529,False,False,False,img_36179b59758015708cbc0529::yaw_minus_35,,,,,,,,,,,,,,,,,,,,,,,,,,
-5.133393742676793,7.394978137291365,right,yaw_plus_35,img_36179b59758015708cbc0529,False,True,True,img_36179b59758015708cbc0529::yaw_plus_35,-5.348487126385102,-1.3140115292577201,1.9360965351976638,1711,10993,13669,213,37115,37115,2.233160066604614,6.163293361663818,9.561025619506836,7.393227185962526,-5.430463069721496,-5.08080642459614,-4.5916047040735,0,3584,3584,0,37115,37115,2.2070793747901916,2.293697714805603,2.5804195642471313,7.412919889447932
-7.889908768944164,7.901609336317166,right,pitch_up_56,img_362f09e7739015207616d3d1,False,False,False,img_362f09e7739015207616d3d1::pitch_up_56,,,,,,,,,,,,,,,,,,,,,,,,,,
-7.889908768944164,7.901609336317166,right,yaw_plus_35,img_362f09e7739015207616d3d1,False,True,True,img_362f09e7739015207616d3d1::yaw_plus_35,-0.13004689416086457,1.4127959221642534,20.75790684682676,8943,21,14321,4885,43272,29993,7.7923054695129395,9.329215049743652,28.68490982055664,7.936604142063495,-0.1647249046097242,-0.11597511709503472,1.4403520878243279,2263,21,7549,4796,43272,29467,7.7820556640625,7.834187030792236,9.364726448059082,7.934010144122315
1.6913001392772458,8.474568383320506,right,pitch_up_56,img_3674d4aa9eeeccc919db54a9,False,False,False,img_3674d4aa9eeeccc919db54a9::pitch_up_56,,,,,,,,,,,,,,,,,,,,,,,,,,
1.6913001392772458,8.474568383320506,right,yaw_minus_35,img_3674d4aa9eeeccc919db54a9,False,True,True,img_3674d4aa9eeeccc919db54a9::yaw_minus_35,-0.07780141042735558,0.5175667908456862,1.6700163365512957,3342,0,4877,936,10000,10000,7.982573413848877,8.937875747680664,10.185785102844239,8.446724809959566,-0.07954676596997201,0.4894221683241211,0.9838236917763159,3111,0,4646,936,10000,10000,7.981675028800964,8.93491268157959,9.770427465438843,8.440967408328099
1.6913001392772458,8.474568383320506,right,yaw_plus_35,img_3674d4aa9eeeccc919db54a9,False,False,False,img_3674d4aa9eeeccc919db54a9::yaw_plus_35,,,,,,,,,,,,,,,,,,,,,,,,,,
-2.4575418197626826,2.5161637370560537,right,yaw_minus_35,img_36d8bec5f2733d9cb65049e8,False,False,False,img_36d8bec5f2733d9cb65049e8::yaw_minus_35,,,,,,,,,,,,,,,,,,,,,,,,,,
-5.155576719485124,6.557469675109336,right,yaw_minus_35,img_36e74cf7a944d9e1fac9aac6,False,True,False,img_36e74cf7a944d9e1fac9aac6::yaw_minus_35,,,,,,,,,,,,,,,,,,,,,,,,,,
0.7341812620355408,4.741203347859162,left,yaw_plus_35,img_3856b29d30a5f8fae4c2ddaf,False,True,False,img_3856b29d30a5f8fae4c2ddaf::yaw_plus_35,,,,,,,,,,,,,,,,,,,,,,,,,,
-4.8680885840402786,5.163179197822246,left,pitch_up_56,img_38fa922ad61d7da7aa5839a9,False,False,False,img_38fa922ad61d7da7aa5839a9::pitch_up_56,,,,,,,,,,,,,,,,,,,,,,,,,,
-4.8680885840402786,5.163179197822246,left,yaw_plus_35,img_38fa922ad61d7da7aa5839a9,False,False,False,img_38fa922ad61d7da7aa5839a9::yaw_plus_35,,,,,,,,,,,,,,,,,,,,,,,,,,
-8.48707428731241,10.067096841165231,right,yaw_minus_35,img_3902505c4cb7ff45451f2bc1,False,True,True,img_3902505c4cb7ff45451f2bc1::yaw_minus_35,-4.404438077468615,-3.2284468329158154,1.709032098639893,602,9087,11662,553,21691,21691,5.636147999763489,6.943592309951782,11.89533591270446,10.052663764379993,-4.430834514900639,-4.2716173401412885,-3.6185317656919542,0,5837,5837,0,21691,21691,5.622744178771972,5.84129524230957,6.542135429382324,10.092691929635624
-1.4684869302369523,2.378377160575273,left,pitch_down_56,img_39270baa183005e40c561a87,False,False,False,img_39270baa183005e40c561a87::pitch_down_56,,,,,,,,,,,,,,,,,,,,,,,,,,
-1.4684869302369523,2.378377160575273,left,pitch_up_56,img_39270baa183005e40c561a87,False,False,False,img_39270baa183005e40c561a87::pitch_up_56,,,,,,,,,,,,,,,,,,,,,,,,,,
-1.4684869302369523,2.378377160575273,left,yaw_minus_35,img_39270baa183005e40c561a87,False,False,False,img_39270baa183005e40c561a87::yaw_minus_35,,,,,,,,,,,,,,,,,,,,,,,,,,
-1.4684869302369523,2.378377160575273,left,yaw_plus_35,img_39270baa183005e40c561a87,False,True,True,img_39270baa183005e40c561a87::yaw_plus_35,-1.3630376746849957,2.047663394052512,9.876589026814987,61412,16766,88231,2532,234155,233588,1.0412266254425049,4.441956996917725,12.079188346862793,2.3417416478859496,-1.6852012927634246,-1.072431998402124,0.1663878899315587,591,11121,13319,240,234155,226043,0.9185212790966034,1.243665099143982,2.8786829471588127,2.3518882774313887
-1.433367918171239,1.5863278704844206,left,pitch_down_56,img_3991b4dd0731c1ce6d644839,False,False,False,img_3991b4dd0731c1ce6d644839::pitch_down_56,,,,,,,,,,,,,,,,,,,,,,,,,,
-1.433367918171239,1.5863278704844206,left,pitch_up_56,img_3991b4dd0731c1ce6d644839,False,False,False,img_3991b4dd0731c1ce6d644839::pitch_up_56,,,,,,,,,,,,,,,,,,,,,,,,,,
-1.433367918171239,1.5863278704844206,left,yaw_minus_35,img_3991b4dd0731c1ce6d644839,False,False,False,img_3991b4dd0731c1ce6d644839::yaw_minus_35,,,,,,,,,,,,,,,,,,,,,,,,,,
-1.433367918171239,1.5863278704844206,left,yaw_plus_35,img_3991b4dd0731c1ce6d644839,False,False,False,img_3991b4dd0731c1ce6d644839::yaw_plus_35,,,,,,,,,,,,,,,,,,,,,,,,,,
1.9018684217053303,7.523838830073806,right,pitch_up_56,img_39a06855544f8de8351e1656,False,False,False,img_39a06855544f8de8351e1656::pitch_up_56,,,,,,,,,,,,,,,,,,,,,,,,,,
1.9018684217053303,7.523838830073806,right,yaw_minus_35,img_39a06855544f8de8351e1656,False,True,True,img_39a06855544f8de8351e1656::yaw_minus_35,-0.0648867177365945,0.46849939539264085,3.012755950284018,4805,55,6793,1136,9928,9928,7.043766880035401,7.9844231605529785,10.229234695434567,7.495668584847642,-0.06742787389981028,0.448860896233672,0.9663361503732163,4109,55,6097,1136,9928,9928,7.0205159187316895,7.963634014129639,8.703918266296387,7.517864636518853
1.9018684217053303,7.523838830073806,right,yaw_plus_35,img_39a06855544f8de8351e1656,False,False,False,img_39a06855544f8de8351e1656::yaw_plus_35,,,,,,,,,,,,,,,,,,,,,,,,,,
2.133230643946653,6.390183867766857,right,pitch_up_56,img_39bde7ed1336ec78411af4c0,False,False,False,img_39bde7ed1336ec78411af4c0::pitch_up_56,,,,,,,,,,,,,,,,,,,,,,,,,,
2.133230643946653,6.390183867766857,right,yaw_minus_35,img_39bde7ed1336ec78411af4c0,False,True,True,img_39bde7ed1336ec78411af4c0::yaw_minus_35,-0.04795364852677446,0.3629482415237453,2.991580350323274,7990,0,10783,1647,18698,18698,5.991075658798218,6.86670446395874,9.155677795410156,6.3846398440196594,-0.05973874273816717,0.3496642260683509,0.8610934439466286,6919,0,9712,1647,18698,18698,5.9736172437667845,6.857006311416626,7.306102681159972,6.4139877038367485
-2.4548426064920523,2.493463739839458,right,pitch_up_56,img_39d39b7da0de74e43e25c19f,False,False,False,img_39d39b7da0de74e43e25c19f::pitch_up_56,,,,,,,,,,,,,,,,,,,,,,,,,,
-2.4548426064920523,2.493463739839458,right,yaw_minus_35,img_39d39b7da0de74e43e25c19f,False,False,False,img_39d39b7da0de74e43e25c19f::yaw_minus_35,,,,,,,,,,,,,,,,,,,,,,,,,,
4.199668638673197,7.905437416642696,right,pitch_up_56,img_3a1483836f813dc9ad7e4edb,False,False,False,img_3a1483836f813dc9ad7e4edb::pitch_up_56,,,,,,,,,,,,,,,,,,,,,,,,,,
4.199668638673197,7.905437416642696,right,yaw_minus_35,img_3a1483836f813dc9ad7e4edb,False,True,True,img_3a1483836f813dc9ad7e4edb::yaw_minus_35,-3.8157970882165793,0.2237739407935031,4.520472401497414,4089,3795,11579,602,20683,20683,4.003531265258789,8.287748336791992,12.22240858078003,7.899804664402187,-3.985123353136186,0.21814457783526864,1.3133396001052646,1935,2615,7706,347,20683,20637,3.9660831093788147,8.105661392211914,8.985033750534058,7.93245361821012
4.199668638673197,7.905437416642696,right,yaw_plus_35,img_3a1483836f813dc9ad7e4edb,False,False,False,img_3a1483836f813dc9ad7e4edb::yaw_plus_35,,,,,,,,,,,,,,,,,,,,,,,,,,
-9.028535516216133,9.400207667804864,left,pitch_up_56,img_3a21b7ae860b72ed8804abcc,False,False,False,img_3a21b7ae860b72ed8804abcc::pitch_up_56,,,,,,,,,,,,,,,,,,,,,,,,,,
-9.028535516216133,9.400207667804864,left,yaw_minus_35,img_3a21b7ae860b72ed8804abcc,False,False,False,img_3a21b7ae860b72ed8804abcc::yaw_minus_35,,,,,,,,,,,,,,,,,,,,,,,,,,
-9.028535516216133,9.400207667804864,left,yaw_plus_35,img_3a21b7ae860b72ed8804abcc,False,True,True,img_3a21b7ae860b72ed8804abcc::yaw_plus_35,-3.873272476891062,-3.7594715335957414,1.235362318831324,827,14861,16039,324,26593,26593,5.5427158832550045,5.666162490844727,10.65035696029663,9.413371188801346,-3.876121005575406,-3.784028392057637,-3.0780463245749647,0,14084,14084,0,26593,26593,5.540463924407959,5.643584966659546,6.342906045913696,9.416346076850076
-1.7666782369219685,1.9072249524770652,right,pitch_down_56,img_3a3f6e458912e59d4d103169,False,False,False,img_3a3f6e458912e59d4d103169::pitch_down_56,,,,,,,,,,,,,,,,,,,,,,,,,,
-1.7666782369219685,1.9072249524770652,right,pitch_up_56,img_3a3f6e458912e59d4d103169,False,False,False,img_3a3f6e458912e59d4d103169::pitch_up_56,,,,,,,,,,,,,,,,,,,,,,,,,,
-1.7666782369219685,1.9072249524770652,right,yaw_minus_35,img_3a3f6e458912e59d4d103169,False,False,False,img_3a3f6e458912e59d4d103169::yaw_minus_35,,,,,,,,,,,,,,,,,,,,,,,,,,
-1.7666782369219685,1.9072249524770652,right,yaw_plus_35,img_3a3f6e458912e59d4d103169,False,False,False,img_3a3f6e458912e59d4d103169::yaw_plus_35,,,,,,,,,,,,,,,,,,,,,,,,,,
-10.213978093175445,10.89043642096959,left,pitch_up_56,img_3a67c36eb4b7f4b5eacf371d,False,False,False,img_3a67c36eb4b7f4b5eacf371d::pitch_up_56,,,,,,,,,,,,,,,,,,,,,,,,,,
-10.213978093175445,10.89043642096959,left,yaw_plus_35,img_3a67c36eb4b7f4b5eacf371d,False,False,False,img_3a67c36eb4b7f4b5eacf371d::yaw_plus_35,,,,,,,,,,,,,,,,,,,,,,,,,,
-4.8974530964848135,5.513447417123859,left,pitch_up_56,img_3a6ce437da18165267558062,False,False,False,img_3a6ce437da18165267558062::pitch_up_56,,,,,,,,,,,,,,,,,,,,,,,,,,
-4.8974530964848135,5.513447417123859,left,yaw_plus_35,img_3a6ce437da18165267558062,False,False,False,img_3a6ce437da18165267558062::yaw_plus_35,,,,,,,,,,,,,,,,,,,,,,,,,,
-1.796025901174629,1.9223117842839974,right,pitch_down_56,img_3a87ece1cbe89f05808cde41,False,False,False,img_3a87ece1cbe89f05808cde41::pitch_down_56,,,,,,,,,,,,,,,,,,,,,,,,,,
-1.796025901174629,1.9223117842839974,right,pitch_up_56,img_3a87ece1cbe89f05808cde41,False,False,False,img_3a87ece1cbe89f05808cde41::pitch_up_56,,,,,,,,,,,,,,,,,,,,,,,,,,
-1.796025901174629,1.9223117842839974,right,yaw_minus_35,img_3a87ece1cbe89f05808cde41,False,True,False,img_3a87ece1cbe89f05808cde41::yaw_minus_35,,,,,,,,,,,,,,,,,,,,,,,,,,
-1.796025901174629,1.9223117842839974,right,yaw_plus_35,img_3a87ece1cbe89f05808cde41,False,True,False,img_3a87ece1cbe89f05808cde41::yaw_plus_35,,,,,,,,,,,,,,,,,,,,,,,,,,
-3.7899652864485365,6.065330202825059,right,pitch_up_56,img_3aa5f8a1a9bd140b901357b4,False,False,False,img_3aa5f8a1a9bd140b901357b4::pitch_up_56,,,,,,,,,,,,,,,,,,,,,,,,,,
-3.7899652864485365,6.065330202825059,right,yaw_minus_35,img_3aa5f8a1a9bd140b901357b4,False,True,True,img_3aa5f8a1a9bd140b901357b4::yaw_minus_35,-4.399113244963419,-0.36651254785282816,6.255054911755663,3714,11422,20115,690,38670,38670,1.4303810477256775,5.547863960266113,12.434445095062255,6.039966879311016,-5.041428577570045,-4.6318570394443075,-4.333332867066599,0,1196,1196,0,38670,37893,1.3532282412052155,1.388722002506256,1.4464395940303802,6.022476119153188
0.47059995434036406,5.153892148626669,right,pitch_down_56,img_3b6ed57064a70ad37a048c7b,False,False,False,img_3b6ed57064a70ad37a048c7b::pitch_down_56,,,,,,,,,,,,,,,,,,,,,,,,,,
0.47059995434036406,5.153892148626669,right,pitch_up_56,img_3b6ed57064a70ad37a048c7b,False,False,False,img_3b6ed57064a70ad37a048c7b::pitch_up_56,,,,,,,,,,,,,,,,,,,,,,,,,,
0.47059995434036406,5.153892148626669,right,yaw_minus_35,img_3b6ed57064a70ad37a048c7b,False,True,True,img_3b6ed57064a70ad37a048c7b::yaw_minus_35,-0.2683371889568082,0.3641086831684057,2.3101954695159304,2232,175,4138,847,9490,9490,4.620213341712952,5.603601694107056,7.647128748893733,5.101769036805374,-0.6767745251373111,0.09846143013049602,0.5926324007910272,786,175,2648,841,9490,9478,4.2183643817901615,5.585895538330078,5.715043473243713,5.036466995534861
0.47059995434036406,5.153892148626669,right,yaw_plus_35,img_3b6ed57064a70ad37a048c7b,False,False,False,img_3b6ed57064a70ad37a048c7b::yaw_plus_35,,,,,,,,,,,,,,,,,,,,,,,,,,
0.5677606201159857,1.6596966542616718,left,yaw_plus_35,img_3b78593293b36ba29767fecd,False,False,False,img_3b78593293b36ba29767fecd::yaw_plus_35,,,,,,,,,,,,,,,,,,,,,,,,,,
-4.767632893561397,4.986792986727451,right,pitch_up_56,img_3bda781d868a9fac1d656701,False,False,False,img_3bda781d868a9fac1d656701::pitch_up_56,,,,,,,,,,,,,,,,,,,,,,,,,,
-4.767632893561397,4.986792986727451,right,yaw_minus_35,img_3bda781d868a9fac1d656701,False,True,False,img_3bda781d868a9fac1d656701::yaw_minus_35,,,,,,,,,,,,,,,,,,,,,,,,,,
-4.767632893561397,4.986792986727451,right,yaw_plus_35,img_3bda781d868a9fac1d656701,False,True,False,img_3bda781d868a9fac1d656701::yaw_plus_35,,,,,,,,,,,,,,,,,,,,,,,,,,
-8.672260623378907,10.071367073939408,right,yaw_minus_35,img_3ca07cccfdd3e5371e570909,False,True,True,img_3ca07cccfdd3e5371e570909::yaw_minus_35,-4.987700114891284,-3.765176010357149,-0.08423533885566192,512,10131,12588,679,24848,24848,5.253255724906921,6.28499174118042,10.150177907943725,10.061409785090154,-5.064438827392665,-4.197711760715632,-3.543668664137321,0,7124,7124,0,24848,24848,5.204804253578186,5.8852698802948,6.502015233039855,10.11931824716337
-1.8010521754909163,2.2635958197210493,left,pitch_down_56,img_3d1b5a29d5f1e5eadcddf16e,False,False,False,img_3d1b5a29d5f1e5eadcddf16e::pitch_down_56,,,,,,,,,,,,,,,,,,,,,,,,,,
-1.8010521754909163,2.2635958197210493,left,pitch_up_56,img_3d1b5a29d5f1e5eadcddf16e,False,False,False,img_3d1b5a29d5f1e5eadcddf16e::pitch_up_56,,,,,,,,,,,,,,,,,,,,,,,,,,
-1.8010521754909163,2.2635958197210493,left,yaw_minus_35,img_3d1b5a29d5f1e5eadcddf16e,False,False,False,img_3d1b5a29d5f1e5eadcddf16e::yaw_minus_35,,,,,,,,,,,,,,,,,,,,,,,,,,
-1.8010521754909163,2.2635958197210493,left,yaw_plus_35,img_3d1b5a29d5f1e5eadcddf16e,False,False,False,img_3d1b5a29d5f1e5eadcddf16e::yaw_plus_35,,,,,,,,,,,,,,,,,,,,,,,,,,
-10.145501425537223,10.83904076640797,right,pitch_up_56,img_3dd943e1fbc94dc8c092af49,False,False,False,img_3dd943e1fbc94dc8c092af49::pitch_up_56,,,,,,,,,,,,,,,,,,,,,,,,,,
-10.145501425537223,10.83904076640797,right,yaw_minus_35,img_3dd943e1fbc94dc8c092af49,False,True,True,img_3dd943e1fbc94dc8c092af49::yaw_minus_35,-4.0176353435871555,-3.888801962017352,-3.1521843850080242,70,9177,9294,46,18719,18719,6.7721901655197145,6.9643025398254395,7.718584418296814,10.849711079745681,-4.018713316313667,-3.890837933311591,-3.1675606789128934,0,9085,9085,0,18719,18719,6.769993591308594,6.962615966796875,7.697448062896728,10.850086556281067
-3.658257680220532,3.663488335677697,left,pitch_down_56,img_3ecb1a5cb53e875c9a44c043,False,False,False,img_3ecb1a5cb53e875c9a44c043::pitch_down_56,,,,,,,,,,,,,,,,,,,,,,,,,,
0.60677459659947,0.8792047640276643,right,pitch_down_56,img_3f3cab25aa79e21874774641,False,False,False,img_3f3cab25aa79e21874774641::pitch_down_56,,,,,,,,,,,,,,,,,,,,,,,,,,
0.60677459659947,0.8792047640276643,right,pitch_up_56,img_3f3cab25aa79e21874774641,False,True,False,img_3f3cab25aa79e21874774641::pitch_up_56,,,,,,,,,,,,,,,,,,,,,,,,,,
0.60677459659947,0.8792047640276643,right,yaw_minus_35,img_3f3cab25aa79e21874774641,False,False,False,img_3f3cab25aa79e21874774641::yaw_minus_35,,,,,,,,,,,,,,,,,,,,,,,,,,
0.60677459659947,0.8792047640276643,right,yaw_plus_35,img_3f3cab25aa79e21874774641,False,False,False,img_3f3cab25aa79e21874774641::yaw_plus_35,,,,,,,,,,,,,,,,,,,,,,,,,,
0.517988727499628,1.9162806770159544,left,yaw_plus_35,img_3f546d37732238c9dca340d3,False,False,False,img_3f546d37732238c9dca340d3::yaw_plus_35,,,,,,,,,,,,,,,,,,,,,,,,,,
-2.272125862492439,5.33253450077428,right,pitch_down_56,img_3fa45fac1cc1abd6364f0bd3,False,False,False,img_3fa45fac1cc1abd6364f0bd3::pitch_down_56,,,,,,,,,,,,,,,,,,,,,,,,,,
-2.272125862492439,5.33253450077428,right,pitch_up_56,img_3fa45fac1cc1abd6364f0bd3,False,False,False,img_3fa45fac1cc1abd6364f0bd3::pitch_up_56,,,,,,,,,,,,,,,,,,,,,,,,,,
-2.272125862492439,5.33253450077428,right,yaw_minus_35,img_3fa45fac1cc1abd6364f0bd3,False,True,True,img_3fa45fac1cc1abd6364f0bd3::yaw_minus_35,-3.2552163691024214,-0.4509703826397127,12.160013746274341,2346,12081,15926,496,44541,44541,2.472202956676483,4.806298494338989,17.594006538391113,5.296424137135547,-4.443622134779991,-4.006889722531833,-3.6975626936262778,0,724,724,0,44541,40702,1.2693692862987518,1.2861562371253967,1.307443416118622,5.2969211019964035
-2.272125862492439,5.33253450077428,right,yaw_plus_35,img_3fa45fac1cc1abd6364f0bd3,False,False,False,img_3fa45fac1cc1abd6364f0bd3::yaw_plus_35,,,,,,,,,,,,,,,,,,,,,,,,,,
-0.08251480935003985,0.15633512465930058,right,pitch_down_56,img_40f2bb33f03616da71c7aa76,False,False,False,img_40f2bb33f03616da71c7aa76::pitch_down_56,,,,,,,,,,,,,,,,,,,,,,,,,,
-0.08251480935003985,0.15633512465930058,right,pitch_up_56,img_40f2bb33f03616da71c7aa76,False,False,False,img_40f2bb33f03616da71c7aa76::pitch_up_56,,,,,,,,,,,,,,,,,,,,,,,,,,
-0.08251480935003985,0.15633512465930058,right,yaw_minus_35,img_40f2bb33f03616da71c7aa76,False,False,False,img_40f2bb33f03616da71c7aa76::yaw_minus_35,,,,,,,,,,,,,,,,,,,,,,,,,,
-0.08251480935003985,0.15633512465930058,right,yaw_plus_35,img_40f2bb33f03616da71c7aa76,False,False,False,img_40f2bb33f03616da71c7aa76::yaw_plus_35,,,,,,,,,,,,,,,,,,,,,,,,,,
-3.3458733139401975,7.787182417066201,left,pitch_down_56,img_4136eead8b3734fcaedcc071,False,False,False,img_4136eead8b3734fcaedcc071::pitch_down_56,,,,,,,,,,,,,,,,,,,,,,,,,,
-3.3458733139401975,7.787182417066201,left,pitch_up_56,img_4136eead8b3734fcaedcc071,False,False,False,img_4136eead8b3734fcaedcc071::pitch_up_56,,,,,,,,,,,,,,,,,,,,,,,,,,
-3.3458733139401975,7.787182417066201,left,yaw_minus_35,img_4136eead8b3734fcaedcc071,False,False,False,img_4136eead8b3734fcaedcc071::yaw_minus_35,,,,,,,,,,,,,,,,,,,,,,,,,,
-3.3458733139401975,7.787182417066201,left,yaw_plus_35,img_4136eead8b3734fcaedcc071,False,False,False,img_4136eead8b3734fcaedcc071::yaw_plus_35,,,,,,,,,,,,,,,,,,,,,,,,,,
-2.0625022192224,2.0865197074867305,left,pitch_down_56,img_41472835d6d01c3b9eee86f3,False,True,False,img_41472835d6d01c3b9eee86f3::pitch_down_56,,,,,,,,,,,,,,,,,,,,,,,,,,
-2.0625022192224,2.0865197074867305,left,pitch_up_56,img_41472835d6d01c3b9eee86f3,False,False,False,img_41472835d6d01c3b9eee86f3::pitch_up_56,,,,,,,,,,,,,,,,,,,,,,,,,,
-2.0625022192224,2.0865197074867305,left,yaw_minus_35,img_41472835d6d01c3b9eee86f3,False,True,True,img_41472835d6d01c3b9eee86f3::yaw_minus_35,0.08301073757750636,2.9202563350256465,21.68650629449901,125550,819,133752,6300,499059,494509,2.5061741948127745,5.070545196533203,23.814182758331295,2.1375576361062385,-0.13309453271511337,1.441364504886907,7.68966507918884,26786,818,34512,6090,499059,471085,1.9652002513408662,3.6292816400527954,9.803271198272697,2.152274586692789
-2.0625022192224,2.0865197074867305,left,yaw_plus_35,img_41472835d6d01c3b9eee86f3,False,False,False,img_41472835d6d01c3b9eee86f3::yaw_plus_35,,,,,,,,,,,,,,,,,,,,,,,,,,
-2.195521085442003,2.2270674471326983,right,pitch_down_56,img_42034df9dc9f931dfaad45d6,False,False,False,img_42034df9dc9f931dfaad45d6::pitch_down_56,,,,,,,,,,,,,,,,,,,,,,,,,,
-2.195521085442003,2.2270674471326983,right,pitch_up_56,img_42034df9dc9f931dfaad45d6,False,False,False,img_42034df9dc9f931dfaad45d6::pitch_up_56,,,,,,,,,,,,,,,,,,,,,,,,,,
-2.195521085442003,2.2270674471326983,right,yaw_minus_35,img_42034df9dc9f931dfaad45d6,False,False,False,img_42034df9dc9f931dfaad45d6::yaw_minus_35,,,,,,,,,,,,,,,,,,,,,,,,,,
-2.195521085442003,2.2270674471326983,right,yaw_plus_35,img_42034df9dc9f931dfaad45d6,False,False,False,img_42034df9dc9f931dfaad45d6::yaw_plus_35,,,,,,,,,,,,,,,,,,,,,,,,,,
0.5724462119226954,0.6695000084012485,right,pitch_down_56,img_4208ccff31ff4f5807b3f287,False,False,False,img_4208ccff31ff4f5807b3f287::pitch_down_56,,,,,,,,,,,,,,,,,,,,,,,,,,
0.5724462119226954,0.6695000084012485,right,pitch_up_56,img_4208ccff31ff4f5807b3f287,False,False,False,img_4208ccff31ff4f5807b3f287::pitch_up_56,,,,,,,,,,,,,,,,,,,,,,,,,,
0.5724462119226954,0.6695000084012485,right,yaw_minus_35,img_4208ccff31ff4f5807b3f287,False,False,False,img_4208ccff31ff4f5807b3f287::yaw_minus_35,,,,,,,,,,,,,,,,,,,,,,,,,,
0.5724462119226954,0.6695000084012485,right,yaw_plus_35,img_4208ccff31ff4f5807b3f287,False,True,False,img_4208ccff31ff4f5807b3f287::yaw_plus_35,,,,,,,,,,,,,,,,,,,,,,,,,,
0.09941032854764154,0.1901890572543672,right,pitch_down_56,img_426186dbb8206cf129f21911,False,False,False,img_426186dbb8206cf129f21911::pitch_down_56,,,,,,,,,,,,,,,,,,,,,,,,,,
0.09941032854764154,0.1901890572543672,right,pitch_up_56,img_426186dbb8206cf129f21911,False,False,False,img_426186dbb8206cf129f21911::pitch_up_56,,,,,,,,,,,,,,,,,,,,,,,,,,
0.09941032854764154,0.1901890572543672,right,yaw_minus_35,img_426186dbb8206cf129f21911,False,False,False,img_426186dbb8206cf129f21911::yaw_minus_35,,,,,,,,,,,,,,,,,,,,,,,,,,
0.09941032854764154,0.1901890572543672,right,yaw_plus_35,img_426186dbb8206cf129f21911,False,False,False,img_426186dbb8206cf129f21911::yaw_plus_35,,,,,,,,,,,,,,,,,,,,,,,,,,
-4.818207537163061,5.454673205224429,right,pitch_up_56,img_431341ddc18bf7bbfc873256,False,False,False,img_431341ddc18bf7bbfc873256::pitch_up_56,,,,,,,,,,,,,,,,,,,,,,,,,,
-4.818207537163061,5.454673205224429,right,yaw_minus_35,img_431341ddc18bf7bbfc873256,False,True,True,img_431341ddc18bf7bbfc873256::yaw_minus_35,-4.022167232574714,-0.7460939054165445,9.387325253933431,12124,16109,31751,2762,70130,70130,1.3861591219902039,4.594096660614014,14.84189510345459,5.476551085515628,-4.2876608046487465,-4.101538856414276,-3.8434835104194285,0,2261,2261,0,70130,69854,1.3007725477218628,1.3517673015594482,1.5760517120361328,5.478919077013241
5.249641040998911,5.41049052438058,right,pitch_up_56,img_43880861e0630f5d7ac7cc0d,False,False,False,img_43880861e0630f5d7ac7cc0d::pitch_up_56,,,,,,,,,,,,,,,,,,,,,,,,,,
5.249641040998911,5.41049052438058,right,yaw_minus_35,img_43880861e0630f5d7ac7cc0d,False,True,True,img_43880861e0630f5d7ac7cc0d::yaw_minus_35,-1.486170359349673,1.3278134076853898,3.743566918798593,24303,6146,37306,6608,86250,85581,3.950860321521759,6.7682273387908936,9.224153280258179,5.445823682139139,-2.944915063034784,-1.4365045045013058,0.13807082738475127,128,3108,5183,1909,86250,79694,2.476944923400879,4.036302089691162,5.765422105789185,5.469943964718649
5.249641040998911,5.41049052438058,right,yaw_plus_35,img_43880861e0630f5d7ac7cc0d,False,False,False,img_43880861e0630f5d7ac7cc0d::yaw_plus_35,,,,,,,,,,,,,,,,,,,,,,,,,,
-3.908530909542095,3.9126327207731535,right,pitch_down_56,img_43c0ea71b530e898a1a8a3bd,False,False,False,img_43c0ea71b530e898a1a8a3bd::pitch_down_56,,,,,,,,,,,,,,,,,,,,,,,,,,
-3.908530909542095,3.9126327207731535,right,yaw_plus_35,img_43c0ea71b530e898a1a8a3bd,False,False,False,img_43c0ea71b530e898a1a8a3bd::yaw_plus_35,,,,,,,,,,,,,,,,,,,,,,,,,,
-9.657191979554295,9.659414606340281,left,pitch_up_56,img_4409c7a08d9668bf891b56e4,False,False,False,img_4409c7a08d9668bf891b56e4::pitch_up_56,,,,,,,,,,,,,,,,,,,,,,,,,,
-9.657191979554295,9.659414606340281,left,yaw_plus_35,img_4409c7a08d9668bf891b56e4,False,False,False,img_4409c7a08d9668bf891b56e4::yaw_plus_35,,,,,,,,,,,,,,,,,,,,,,,,,,
-1.947585460696592,2.7786196382806496,left,pitch_down_56,img_441e03f73d0b76f84c505db3,False,False,False,img_441e03f73d0b76f84c505db3::pitch_down_56,,,,,,,,,,,,,,,,,,,,,,,,,,
-1.947585460696592,2.7786196382806496,left,pitch_up_56,img_441e03f73d0b76f84c505db3,False,False,False,img_441e03f73d0b76f84c505db3::pitch_up_56,,,,,,,,,,,,,,,,,,,,,,,,,,
-1.947585460696592,2.7786196382806496,left,yaw_minus_35,img_441e03f73d0b76f84c505db3,False,True,True,img_441e03f73d0b76f84c505db3::yaw_minus_35,-1.3587372423666089,1.8133391422579384,9.865035521297115,48906,20467,78733,2438,194161,193991,1.492689275741577,4.542867183685303,12.547790336608866,2.778337316874886,-1.4861572034564818,-1.176281882612217,-0.16613662455295156,682,18679,20488,184,194161,190405,1.3888873159885406,1.665967345237732,2.417344510555267,2.785322450226702
-1.947585460696592,2.7786196382806496,left,yaw_plus_35,img_441e03f73d0b76f84c505db3,False,False,False,img_441e03f73d0b76f84c505db3::yaw_plus_35,,,,,,,,,,,,,,,,,,,,,,,,,,
-1.498656354475545,2.4274062289414102,left,pitch_down_56,img_443900e4c8ed5b29fb38d36a,False,False,False,img_443900e4c8ed5b29fb38d36a::pitch_down_56,,,,,,,,,,,,,,,,,,,,,,,,,,
-1.498656354475545,2.4274062289414102,left,pitch_up_56,img_443900e4c8ed5b29fb38d36a,False,False,False,img_443900e4c8ed5b29fb38d36a::pitch_up_56,,,,,,,,,,,,,,,,,,,,,,,,,,
-1.498656354475545,2.4274062289414102,left,yaw_minus_35,img_443900e4c8ed5b29fb38d36a,False,False,False,img_443900e4c8ed5b29fb38d36a::yaw_minus_35,,,,,,,,,,,,,,,,,,,,,,,,,,
-1.498656354475545,2.4274062289414102,left,yaw_plus_35,img_443900e4c8ed5b29fb38d36a,False,True,True,img_443900e4c8ed5b29fb38d36a::yaw_plus_35,-1.3966436768861263,2.00863694480549,9.187640606842054,56057,17135,82957,2477,257577,256792,1.0776657342910767,4.4316725730896,11.44573669433593,2.3949913280856645,-1.6713928549815424,-1.0398902581983753,0.4997431288450252,931,11693,14283,267,257577,248212,0.9661083817481995,1.3151485919952393,3.18542537689209,2.4114677421066206
1.9014774744806824,7.523929923712539,right,pitch_up_56,img_44688fc19520c97f04987182,False,False,False,img_44688fc19520c97f04987182::pitch_up_56,,,,,,,,,,,,,,,,,,,,,,,,,,
1.9014774744806824,7.523929923712539,right,yaw_minus_35,img_44688fc19520c97f04987182,False,True,True,img_44688fc19520c97f04987182::yaw_minus_35,-0.06450386779966037,0.4696926049172192,3.0188438928209216,4784,57,6702,1053,9797,9797,7.052980232238769,7.987771034240723,10.284825849533082,7.493804887689887,-0.06846443760691975,0.4510136100266955,1.01494504495993,4114,57,6032,1053,9797,9797,7.027840566635132,7.965751886367798,8.710228776931762,7.516638538187699
1.9014774744806824,7.523929923712539,right,yaw_plus_35,img_44688fc19520c97f04987182,False,False,False,img_44688fc19520c97f04987182::yaw_plus_35,,,,,,,,,,,,,,,,,,,,,,,,,,
1.6467675840121032,9.085875906000943,left,yaw_plus_35,img_4482606b56ce83da57f0a986,False,True,True,img_4482606b56ce83da57f0a986::yaw_plus_35,-0.09976639311966248,0.43454260901998065,1.120394711744422,2232,0,3612,884,6288,6288,8.582560729980468,9.54185962677002,10.504658460617065,9.062571711255615,-0.1002707952610347,0.4168361050726128,1.019608207626483,2128,0,3508,884,6288,6288,8.58216052055359,9.54030704498291,10.333640670776367,9.062571711255615
-9.299175534808612,10.535744666085272,right,pitch_up_56,img_44aa2004a4a7e90eb9ff462e,False,False,False,img_44aa2004a4a7e90eb9ff462e::pitch_up_56,,,,,,,,,,,,,,,,,,,,,,,,,,
-9.299175534808612,10.535744666085272,right,yaw_minus_35,img_44aa2004a4a7e90eb9ff462e,False,True,True,img_44aa2004a4a7e90eb9ff462e::yaw_minus_35,-7.8345776299308065,-4.176975783809461,-1.4790628738436458,87,9194,9338,43,18097,18097,2.808596110343933,6.327696323394775,9.058183145523065,10.543428181099188,-7.862582711992923,-7.691790451563649,-4.04562301682553,0,3996,3996,0,18097,18055,2.7966690063476562,2.864843010902405,6.321676731109619,10.534897906846094
-1.5791564950829695,1.8224031766252076,left,pitch_down_56,img_44fb2a201f01c452448f0215,False,False,False,img_44fb2a201f01c452448f0215::pitch_down_56,,,,,,,,,,,,,,,,,,,,,,,,,,
-1.5791564950829695,1.8224031766252076,left,pitch_up_56,img_44fb2a201f01c452448f0215,False,False,False,img_44fb2a201f01c452448f0215::pitch_up_56,,,,,,,,,,,,,,,,,,,,,,,,,,
-1.5791564950829695,1.8224031766252076,left,yaw_minus_35,img_44fb2a201f01c452448f0215,False,False,False,img_44fb2a201f01c452448f0215::yaw_minus_35,,,,,,,,,,,,,,,,,,,,,,,,,,
-1.5791564950829695,1.8224031766252076,left,yaw_plus_35,img_44fb2a201f01c452448f0215,False,False,False,img_44fb2a201f01c452448f0215::yaw_plus_35,,,,,,,,,,,,,,,,,,,,,,,,,,
-5.551010426806903,8.535453363625617,left,pitch_up_56,img_451e741ae2b46e2f2b3dc3ea,False,False,False,img_451e741ae2b46e2f2b3dc3ea::pitch_up_56,,,,,,,,,,,,,,,,,,,,,,,,,,
-5.551010426806903,8.535453363625617,left,yaw_minus_35,img_451e741ae2b46e2f2b3dc3ea,False,False,False,img_451e741ae2b46e2f2b3dc3ea::yaw_minus_35,,,,,,,,,,,,,,,,,,,,,,,,,,
-5.551010426806903,8.535453363625617,left,yaw_plus_35,img_451e741ae2b46e2f2b3dc3ea,False,True,False,img_451e741ae2b46e2f2b3dc3ea::yaw_plus_35,,,,,,,,,,,,,,,,,,,,,,,,,,
-1.1483060776119496,1.2379809725049313,left,pitch_down_56,img_45b060488b1c090ac0309083,False,False,False,img_45b060488b1c090ac0309083::pitch_down_56,,,,,,,,,,,,,,,,,,,,,,,,,,
-1.1483060776119496,1.2379809725049313,left,pitch_up_56,img_45b060488b1c090ac0309083,False,False,False,img_45b060488b1c090ac0309083::pitch_up_56,,,,,,,,,,,,,,,,,,,,,,,,,,
-1.1483060776119496,1.2379809725049313,left,yaw_minus_35,img_45b060488b1c090ac0309083,False,False,False,img_45b060488b1c090ac0309083::yaw_minus_35,,,,,,,,,,,,,,,,,,,,,,,,,,
-1.1483060776119496,1.2379809725049313,left,yaw_plus_35,img_45b060488b1c090ac0309083,False,False,False,img_45b060488b1c090ac0309083::yaw_plus_35,,,,,,,,,,,,,,,,,,,,,,,,,,
-8.795433774873594,10.225983511720429,left,yaw_plus_35,img_4684934416f0dd355c57cc5e,False,False,False,img_4684934416f0dd355c57cc5e::yaw_plus_35,,,,,,,,,,,,,,,,,,,,,,,,,,
3.462799893546447,6.499352224511722,right,pitch_up_56,img_46a0d026a1d62e44f0b7636f,False,False,False,img_46a0d026a1d62e44f0b7636f::pitch_up_56,,,,,,,,,,,,,,,,,,,,,,,,,,
3.462799893546447,6.499352224511722,right,yaw_minus_35,img_46a0d026a1d62e44f0b7636f,False,False,False,img_46a0d026a1d62e44f0b7636f::yaw_minus_35,,,,,,,,,,,,,,,,,,,,,,,,,,
1.7327135206642672,8.9084301696575,left,yaw_plus_35,img_46f7e3520c57796e33d0dd24,False,True,True,img_46f7e3520c57796e33d0dd24::yaw_plus_35,-0.09345972076969068,0.46337210079040325,1.1635882440421694,2507,0,3913,879,6775,6775,8.409828758239746,9.366676330566406,10.329093933105469,8.87797135375819,-0.0946234408916605,0.44348313948137896,0.9559234093007337,2376,0,3782,879,6775,6775,8.408522653579713,9.364653587341309,10.113110733032226,8.875903616247573
-10.435773945649707,10.923038746470619,right,pitch_up_56,img_46fb35a374a648bbf7d67b4a,False,False,False,img_46fb35a374a648bbf7d67b4a::pitch_up_56,,,,,,,,,,,,,,,,,,,,,,,,,,
-10.435773945649707,10.923038746470619,right,yaw_minus_35,img_46fb35a374a648bbf7d67b4a,False,True,True,img_46fb35a374a648bbf7d67b4a::yaw_minus_35,-3.8978626588764587,-3.8196459465421517,-3.0971139900136735,65,9742,9860,51,17667,17667,7.041879439353943,7.122588872909546,7.852305674552918,10.93496007414676,-3.898061432607519,-3.8207181036034363,-3.1088210923490807,0,9633,9633,0,17667,17667,7.041720581054688,7.119948863983154,7.82348222732544,10.935626493844609
1.7950688760278684,9.16858316239247,left,yaw_plus_35,img_4767ec0db6e2111433779ace,False,True,True,img_4767ec0db6e2111433779ace::yaw_plus_35,-0.0886383549212801,0.4587201221347401,1.2023260163982528,2645,0,4152,975,8813,8813,8.665593528747559,9.625846862792969,10.601714134216309,9.132105761289552,-0.08991775240157551,0.4389792571859026,0.9529663494614695,2504,0,4011,975,8813,8813,8.664875984191895,9.623435974121094,10.385887622833252,9.128660269139361
-8.754828288535037,8.766709890790782,left,pitch_up_56,img_476b4f00ba8277b62f95bb54,False,False,False,img_476b4f00ba8277b62f95bb54::pitch_up_56,,,,,,,,,,,,,,,,,,,,,,,,,,
-8.754828288535037,8.766709890790782,left,yaw_plus_35,img_476b4f00ba8277b62f95bb54,False,False,False,img_476b4f00ba8277b62f95bb54::yaw_plus_35,,,,,,,,,,,,,,,,,,,,,,,,,,
-1.5670824602583848,1.60807124519047,left,pitch_down_56,img_4777fe5d9cdf240d46e60bea,False,False,False,img_4777fe5d9cdf240d46e60bea::pitch_down_56,,,,,,,,,,,,,,,,,,,,,,,,,,
-1.5670824602583848,1.60807124519047,left,pitch_up_56,img_4777fe5d9cdf240d46e60bea,False,False,False,img_4777fe5d9cdf240d46e60bea::pitch_up_56,,,,,,,,,,,,,,,,,,,,,,,,,,
-1.5670824602583848,1.60807124519047,left,yaw_minus_35,img_4777fe5d9cdf240d46e60bea,False,False,False,img_4777fe5d9cdf240d46e60bea::yaw_minus_35,,,,,,,,,,,,,,,,,,,,,,,,,,
-1.5670824602583848,1.60807124519047,left,yaw_plus_35,img_4777fe5d9cdf240d46e60bea,False,False,False,img_4777fe5d9cdf240d46e60bea::yaw_plus_35,,,,,,,,,,,,,,,,,,,,,,,,,,
-1.504672045204543,1.5814138386594703,left,pitch_down_56,img_485cd4c5ca8d267f58fcc97d,False,False,False,img_485cd4c5ca8d267f58fcc97d::pitch_down_56,,,,,,,,,,,,,,,,,,,,,,,,,,
-1.504672045204543,1.5814138386594703,left,pitch_up_56,img_485cd4c5ca8d267f58fcc97d,False,False,False,img_485cd4c5ca8d267f58fcc97d::pitch_up_56,,,,,,,,,,,,,,,,,,,,,,,,,,
-1.504672045204543,1.5814138386594703,left,yaw_minus_35,img_485cd4c5ca8d267f58fcc97d,False,False,False,img_485cd4c5ca8d267f58fcc97d::yaw_minus_35,,,,,,,,,,,,,,,,,,,,,,,,,,
-1.504672045204543,1.5814138386594703,left,yaw_plus_35,img_485cd4c5ca8d267f58fcc97d,False,False,False,img_485cd4c5ca8d267f58fcc97d::yaw_plus_35,,,,,,,,,,,,,,,,,,,,,,,,,,
3.1005240166366557,8.624947572144912,right,pitch_up_56,img_495d939ae647085d401c5718,False,False,False,img_495d939ae647085d401c5718::pitch_up_56,,,,,,,,,,,,,,,,,,,,,,,,,,
3.1005240166366557,8.624947572144912,right,yaw_minus_35,img_495d939ae647085d401c5718,False,True,True,img_495d939ae647085d401c5718::yaw_minus_35,-3.2211538023985233,0.343694214289469,2.5256582537011947,4822,423,7069,934,13021,13021,5.213362312316895,9.097249984741211,10.916576766967767,8.60474492542401,-3.297274860468854,0.334499630764558,1.3304729105980968,4017,423,6135,869,13021,13011,5.095064735412597,9.083155632019043,9.775502777099609,8.628714935457733
3.1005240166366557,8.624947572144912,right,yaw_plus_35,img_495d939ae647085d401c5718,False,False,False,img_495d939ae647085d401c5718::yaw_plus_35,,,,,,,,,,,,,,,,,,,,,,,,,,
-12.456880050697643,12.47501445247161,left,pitch_up_56,img_49cecc6b7a7ebcfb56922fe8,False,False,False,img_49cecc6b7a7ebcfb56922fe8::pitch_up_56,,,,,,,,,,,,,,,,,,,,,,,,,,
-12.456880050697643,12.47501445247161,left,yaw_minus_35,img_49cecc6b7a7ebcfb56922fe8,False,False,False,img_49cecc6b7a7ebcfb56922fe8::yaw_minus_35,,,,,,,,,,,,,,,,,,,,,,,,,,
-12.456880050697643,12.47501445247161,left,yaw_plus_35,img_49cecc6b7a7ebcfb56922fe8,False,True,True,img_49cecc6b7a7ebcfb56922fe8::yaw_plus_35,-3.6650916286784576,-0.11216644510557572,3.3532061701588596,4436,1832,9876,3281,17782,17782,8.808638572692871,12.393031597137451,15.85697865486145,12.490503697244257,-3.6752558209629442,-0.11827633370324708,1.492601409430446,1868,1517,6544,2832,17782,17764,8.79696683883667,12.381727695465088,13.98111720085144,12.491827805534301
-1.8011041592254164,5.242216258365251,right,pitch_down_56,img_4a2a9f47a7d72128ad9d9b23,False,False,False,img_4a2a9f47a7d72128ad9d9b23::pitch_down_56,,,,,,,,,,,,,,,,,,,,,,,,,,
-1.8011041592254164,5.242216258365251,right,pitch_up_56,img_4a2a9f47a7d72128ad9d9b23,False,False,False,img_4a2a9f47a7d72128ad9d9b23::pitch_up_56,,,,,,,,,,,,,,,,,,,,,,,,,,
-1.8011041592254164,5.242216258365251,right,yaw_minus_35,img_4a2a9f47a7d72128ad9d9b23,False,True,False,img_4a2a9f47a7d72128ad9d9b23::yaw_minus_35,,,,,,,,,,,,,,,,,,,,,,,,,,
-1.8011041592254164,5.242216258365251,right,yaw_plus_35,img_4a2a9f47a7d72128ad9d9b23,False,True,False,img_4a2a9f47a7d72128ad9d9b23::yaw_plus_35,,,,,,,,,,,,,,,,,,,,,,,,,,
1.901597969824915,7.524023733147578,right,pitch_up_56,img_4a2e56357884866047e5d674,False,False,False,img_4a2e56357884866047e5d674::pitch_up_56,,,,,,,,,,,,,,,,,,,,,,,,,,
1.901597969824915,7.524023733147578,right,yaw_minus_35,img_4a2e56357884866047e5d674,False,True,True,img_4a2e56357884866047e5d674::yaw_minus_35,-0.06565010576609587,0.4694029852978492,2.9748420475678965,4764,52,6698,1063,9797,9797,7.050211668014526,7.98640251159668,10.20045585632324,7.491995799983634,-0.0684916507975526,0.4513622827237329,1.009435210768063,4116,52,6050,1063,9797,9797,7.027454829216003,7.965453863143921,8.716595983505249,7.514777516713061
1.901597969824915,7.524023733147578,right,yaw_plus_35,img_4a2e56357884866047e5d674,False,False,False,img_4a2e56357884866047e5d674::yaw_plus_35,,,,,,,,,,,,,,,,,,,,,,,,,,
-1.312024937355992,1.4506737754484378,right,pitch_down_56,img_4a55ba7140adf532c2944b6d,False,True,False,img_4a55ba7140adf532c2944b6d::pitch_down_56,,,,,,,,,,,,,,,,,,,,,,,,,,
-1.312024937355992,1.4506737754484378,right,pitch_up_56,img_4a55ba7140adf532c2944b6d,False,False,False,img_4a55ba7140adf532c2944b6d::pitch_up_56,,,,,,,,,,,,,,,,,,,,,,,,,,
-1.312024937355992,1.4506737754484378,right,yaw_minus_35,img_4a55ba7140adf532c2944b6d,False,False,False,img_4a55ba7140adf532c2944b6d::yaw_minus_35,,,,,,,,,,,,,,,,,,,,,,,,,,
-1.312024937355992,1.4506737754484378,right,yaw_plus_35,img_4a55ba7140adf532c2944b6d,False,True,True,img_4a55ba7140adf532c2944b6d::yaw_plus_35,-0.14690385504693762,3.1696868733473718,18.256403165158083,144109,3041,157715,5130,920166,829208,1.285517978668213,4.628602027893066,19.737098693847656,1.4814813649972276,-0.27285836365878685,3.1517937139230545,7.412577023636171,55677,2956,67544,4525,920166,786933,1.150545060634613,4.7233946323394775,9.0084481716156,1.5500574864541923
0.5894712991564963,5.158632569742762,right,pitch_down_56,img_4a58d805e5b8e03110fdfac7,False,False,False,img_4a58d805e5b8e03110fdfac7::pitch_down_56,,,,,,,,,,,,,,,,,,,,,,,,,,
0.5894712991564963,5.158632569742762,right,pitch_up_56,img_4a58d805e5b8e03110fdfac7,False,False,False,img_4a58d805e5b8e03110fdfac7::pitch_up_56,,,,,,,,,,,,,,,,,,,,,,,,,,
0.5894712991564963,5.158632569742762,right,yaw_minus_35,img_4a58d805e5b8e03110fdfac7,False,True,True,img_4a58d805e5b8e03110fdfac7::yaw_minus_35,-0.16088400086328467,0.5176865068504282,2.687838518738233,3641,88,5738,1219,11037,11037,4.6421455383300785,5.628389358520508,7.810693359375,5.120588668263842,-0.19011936916621952,0.2070197865842056,0.7288786099520483,1434,88,3531,1219,11037,11037,4.634109258651733,5.59774112701416,5.75489068031311,5.1133770659609
0.5894712991564963,5.158632569742762,right,yaw_plus_35,img_4a58d805e5b8e03110fdfac7,False,False,False,img_4a58d805e5b8e03110fdfac7::yaw_plus_35,,,,,,,,,,,,,,,,,,,,,,,,,,
-8.25512282090505,10.05276965314016,right,yaw_minus_35,img_4a98c51fd068bcc6903eb8bd,False,True,True,img_4a98c51fd068bcc6903eb8bd::yaw_minus_35,-4.5450993627101015,-3.7698870156806024,-0.06643743271097069,482,9399,11491,449,21336,21336,5.507309913635254,6.4051666259765625,10.164302825927734,10.039104704248908,-4.561847879939153,-4.392467434658343,-3.8294189981821556,0,5928,5928,0,21336,21336,5.493010306358338,5.691511154174805,6.2143505096435545,10.061896340289316
-9.319405298573349,9.360105404943088,right,pitch_up_56,img_4af6cd6dac376ccdcc60db74,False,False,False,img_4af6cd6dac376ccdcc60db74::pitch_up_56,,,,,,,,,,,,,,,,,,,,,,,,,,
-9.319405298573349,9.360105404943088,right,yaw_minus_35,img_4af6cd6dac376ccdcc60db74,False,True,True,img_4af6cd6dac376ccdcc60db74::yaw_minus_35,-3.688504241933773,-2.691508090408891,10.66842898869785,2959,5924,10742,1838,33636,32878,5.669389247894287,6.654957056045532,20.053285980224608,9.374798903981006,-3.6906009130863,-3.465840685630953,1.9173974365640483,861,5918,8361,1564,33636,32193,5.66692590713501,5.898114204406738,11.2946138381958,9.368631552282915
-5.28969955186003,8.381649603990262,left,pitch_up_56,img_4b22a1c9aabd064214d20b5a,False,False,False,img_4b22a1c9aabd064214d20b5a::pitch_up_56,,,,,,,,,,,,,,,,,,,,,,,,,,
-5.28969955186003,8.381649603990262,left,yaw_minus_35,img_4b22a1c9aabd064214d20b5a,False,False,False,img_4b22a1c9aabd064214d20b5a::yaw_minus_35,,,,,,,,,,,,,,,,,,,,,,,,,,
-5.28969955186003,8.381649603990262,left,yaw_plus_35,img_4b22a1c9aabd064214d20b5a,False,True,False,img_4b22a1c9aabd064214d20b5a::yaw_plus_35,,,,,,,,,,,,,,,,,,,,,,,,,,
-8.041701715399624,8.069842736288747,right,pitch_up_56,img_4b5896706fe6c5ae2a2b3dee,False,False,False,img_4b5896706fe6c5ae2a2b3dee::pitch_up_56,,,,,,,,,,,,,,,,,,,,,,,,,,
-8.041701715399624,8.069842736288747,right,yaw_minus_35,img_4b5896706fe6c5ae2a2b3dee,False,True,True,img_4b5896706fe6c5ae2a2b3dee::yaw_minus_35,-3.676460714311847,1.192037929069035,20.753940724583153,8152,3880,16102,3763,43318,43318,4.389304757118225,9.320588111877441,28.84368200302124,8.091758998197381,-3.684139089639416,-0.11993398027496927,1.46543723536192,2910,3327,9834,3325,43318,42623,4.382242560386658,7.991750478744507,9.56102056503296,8.090710657306548
1.9018581664643366,7.5238475858515494,right,pitch_up_56,img_4bdcc685ea71836c64354033,False,False,False,img_4bdcc685ea71836c64354033::pitch_up_56,,,,,,,,,,,,,,,,,,,,,,,,,,
1.9018581664643366,7.5238475858515494,right,yaw_minus_35,img_4bdcc685ea71836c64354033,False,True,True,img_4bdcc685ea71836c64354033::yaw_minus_35,-0.06458569579137867,0.4672127124992871,3.1048819430395085,4837,58,6903,1217,10079,10079,7.042474174499512,7.986372470855713,10.331454086303712,7.499952117423646,-0.06738644977916249,0.4477015987906565,0.9518187922315487,4119,58,6185,1217,10079,10079,7.019620037078857,7.964837074279785,8.71573314666748,7.5211518925958725
1.9018581664643366,7.5238475858515494,right,yaw_plus_35,img_4bdcc685ea71836c64354033,False,False,False,img_4bdcc685ea71836c64354033::yaw_plus_35,,,,,,,,,,,,,,,,,,,,,,,,,,
0.9876001089552409,6.3505186263433195,right,pitch_up_56,img_4beafc8e6c2ff2943ec8c75d,False,False,False,img_4beafc8e6c2ff2943ec8c75d::pitch_up_56,,,,,,,,,,,,,,,,,,,,,,,,,,
0.9876001089552409,6.3505186263433195,right,yaw_minus_35,img_4beafc8e6c2ff2943ec8c75d,False,True,True,img_4beafc8e6c2ff2943ec8c75d::yaw_minus_35,-0.19797760626603766,0.4190835480233801,3.2848299952239968,2619,188,4506,947,10045,10045,5.839060306549072,6.825630187988281,10.067754983901978,6.360612711131154,-1.045233601666906,0.30861161704377427,1.1583327505744332,1875,188,3704,917,10045,10044,5.103243637084961,6.816795349121094,7.774567914009094,6.379778161981209
-2.11506187699995,2.139523329424517,right,pitch_down_56,img_4bfbec80c6152c3ca53f80df,False,False,False,img_4bfbec80c6152c3ca53f80df::pitch_down_56,,,,,,,,,,,,,,,,,,,,,,,,,,
-2.11506187699995,2.139523329424517,right,yaw_minus_35,img_4bfbec80c6152c3ca53f80df,False,False,False,img_4bfbec80c6152c3ca53f80df::yaw_minus_35,,,,,,,,,,,,,,,,,,,,,,,,,,
-2.11506187699995,2.139523329424517,right,yaw_plus_35,img_4bfbec80c6152c3ca53f80df,False,False,False,img_4bfbec80c6152c3ca53f80df::yaw_plus_35,,,,,,,,,,,,,,,,,,,,,,,,,,
-2.244209334888273,5.390901332908633,left,pitch_down_56,img_4c8368637cb715bc93aab9aa,False,False,False,img_4c8368637cb715bc93aab9aa::pitch_down_56,,,,,,,,,,,,,,,,,,,,,,,,,,
-2.244209334888273,5.390901332908633,left,pitch_up_56,img_4c8368637cb715bc93aab9aa,False,False,False,img_4c8368637cb715bc93aab9aa::pitch_up_56,,,,,,,,,,,,,,,,,,,,,,,,,,
-2.244209334888273,5.390901332908633,left,yaw_minus_35,img_4c8368637cb715bc93aab9aa,False,False,False,img_4c8368637cb715bc93aab9aa::yaw_minus_35,,,,,,,,,,,,,,,,,,,,,,,,,,
-2.244209334888273,5.390901332908633,left,yaw_plus_35,img_4c8368637cb715bc93aab9aa,False,False,False,img_4c8368637cb715bc93aab9aa::yaw_plus_35,,,,,,,,,,,,,,,,,,,,,,,,,,
-5.108221191454936,8.25846899280225,right,pitch_up_56,img_4c9783af531b33c68bea8192,False,True,False,img_4c9783af531b33c68bea8192::pitch_up_56,,,,,,,,,,,,,,,,,,,,,,,,,,
-5.108221191454936,8.25846899280225,right,yaw_minus_35,img_4c9783af531b33c68bea8192,False,True,True,img_4c9783af531b33c68bea8192::yaw_minus_35,-4.916520275268914,-1.129155968210405,1.8786006732423597,783,11344,13986,208,46338,46338,3.554320752620697,7.437234878540039,10.447878360748291,8.243857733731627,-5.064973615404172,-4.649732201526721,-4.28160980145599,0,3518,3518,0,46338,46338,3.522243583202362,3.6039700508117676,3.703666889667511,8.254296361105899
-4.886250343904018,4.926743077947475,right,pitch_up_56,img_4c9b79ac5540a2016119f618,False,False,False,img_4c9b79ac5540a2016119f618::pitch_up_56,,,,,,,,,,,,,,,,,,,,,,,,,,
-4.886250343904018,4.926743077947475,right,yaw_minus_35,img_4c9b79ac5540a2016119f618,False,True,False,img_4c9b79ac5540a2016119f618::yaw_minus_35,,,,,,,,,,,,,,,,,,,,,,,,,,
-4.886250343904018,4.926743077947475,right,yaw_plus_35,img_4c9b79ac5540a2016119f618,False,True,False,img_4c9b79ac5540a2016119f618::yaw_plus_35,,,,,,,,,,,,,,,,,,,,,,,,,,
-7.155427506047086,9.647635629840858,left,pitch_up_56,img_4cc3626700bd186e509ecde4,False,False,False,img_4cc3626700bd186e509ecde4::pitch_up_56,,,,,,,,,,,,,,,,,,,,,,,,,,
-7.155427506047086,9.647635629840858,left,yaw_minus_35,img_4cc3626700bd186e509ecde4,False,False,False,img_4cc3626700bd186e509ecde4::yaw_minus_35,,,,,,,,,,,,,,,,,,,,,,,,,,
-7.155427506047086,9.647635629840858,left,yaw_plus_35,img_4cc3626700bd186e509ecde4,False,True,True,img_4cc3626700bd186e509ecde4::yaw_plus_35,-5.034150830713532,-3.625409101538372,-0.15760909416763105,452,11767,13457,136,25891,25891,4.624327945709228,5.9328532218933105,9.596636009216306,9.654405277789833,-5.076654360572533,-4.888924277210369,-4.055675631498375,0,5246,5246,0,25891,25891,4.593768119812012,4.7517876625061035,5.754161596298218,9.719937446438536
-2.7546226169381063,5.5166945125061195,right,pitch_down_56,img_4ccf82bd2664b37fa8da5db0,False,False,False,img_4ccf82bd2664b37fa8da5db0::pitch_down_56,,,,,,,,,,,,,,,,,,,,,,,,,,
-2.7546226169381063,5.5166945125061195,right,pitch_up_56,img_4ccf82bd2664b37fa8da5db0,False,False,False,img_4ccf82bd2664b37fa8da5db0::pitch_up_56,,,,,,,,,,,,,,,,,,,,,,,,,,
-2.7546226169381063,5.5166945125061195,right,yaw_minus_35,img_4ccf82bd2664b37fa8da5db0,False,True,True,img_4ccf82bd2664b37fa8da5db0::yaw_minus_35,-3.422865451189565,-0.37982019540169576,13.970832774191207,3488,11904,17888,590,44604,44604,2.487930512428284,5.013634443283081,19.824451541900633,5.488561733637867,-4.613083594984307,-4.18359435342191,-3.8708154844813807,0,843,843,0,44604,41406,1.271321666240692,1.2956703901290894,1.3312406063079834,5.478110147921143
-2.7546226169381063,5.5166945125061195,right,yaw_plus_35,img_4ccf82bd2664b37fa8da5db0,False,False,False,img_4ccf82bd2664b37fa8da5db0::yaw_plus_35,,,,,,,,,,,,,,,,,,,,,,,,,,
-9.024077356275129,9.228775854614915,right,pitch_up_56,img_4ce1f1404af327ce8e242a2e,False,False,False,img_4ce1f1404af327ce8e242a2e::pitch_up_56,,,,,,,,,,,,,,,,,,,,,,,,,,
-9.024077356275129,9.228775854614915,right,yaw_minus_35,img_4ce1f1404af327ce8e242a2e,False,True,True,img_4ce1f1404af327ce8e242a2e::yaw_minus_35,-6.096453704993218,-4.48208631678815,-3.005024634410211,148,12655,12982,177,31604,31604,3.22906699180603,4.714600086212158,6.253618431091306,9.246688357197273,-6.145732757486669,-5.23939771716387,-3.486229715317621,0,8158,8158,0,31604,31597,3.109694802761078,3.9723528623580933,5.8677528381347654,9.264141813704581
-11.821117263512228,12.188863807285902,right,yaw_minus_35,img_4d472e322a81763c2fd0b666,False,True,True,img_4d472e322a81763c2fd0b666::yaw_minus_35,-3.8275083109547516,-3.751818822380031,-3.0322192120979445,155,10490,10673,27,16702,16702,8.367037963867187,8.45731258392334,9.198286247253417,12.20055541404918,-3.8280200680033256,-3.753790631292185,-3.065261307845809,0,10323,10323,0,16702,16702,8.366504859924316,8.454883575439453,9.110233306884766,12.203402535474822
-13.608658545386417,13.683693776352559,left,pitch_up_56,img_4d9c2a8e76e687e5179a2990,False,False,False,img_4d9c2a8e76e687e5179a2990::pitch_up_56,,,,,,,,,,,,,,,,,,,,,,,,,,
-13.608658545386417,13.683693776352559,left,yaw_plus_35,img_4d9c2a8e76e687e5179a2990,False,True,True,img_4d9c2a8e76e687e5179a2990::yaw_plus_35,-3.6909458695819732,-0.12260207027084924,20.713638617096457,2868,3537,8733,2202,19587,19587,9.981831359863282,13.599388122558594,34.40240325927734,13.693801424112198,-3.6928373714811986,-0.18569077389568633,1.4822956529190985,1495,3373,6846,1872,19587,19551,9.980289697647095,13.556927680969238,15.189733028411865,13.692047252850703
2.3461585069056614,9.166842597160876,right,pitch_up_56,img_4dc8f84b30561037eb7ae084,False,True,False,img_4dc8f84b30561037eb7ae084::pitch_up_56,,,,,,,,,,,,,,,,,,,,,,,,,,
2.3461585069056614,9.166842597160876,right,yaw_minus_35,img_4dc8f84b30561037eb7ae084,False,True,True,img_4dc8f84b30561037eb7ae084::yaw_minus_35,-0.056543792825160644,0.4471561503587891,1.7011404582944016,3031,0,4486,842,8442,8442,8.694557905197144,9.628838539123535,10.713524103164673,9.137829430287542,-0.0584416418382375,0.4363267073185231,0.8719668041154478,2784,0,4239,842,8442,8442,8.689947700500488,9.624319076538086,9.96585054397583,9.146785105974619
2.3461585069056614,9.166842597160876,right,yaw_plus_35,img_4dc8f84b30561037eb7ae084,False,False,False,img_4dc8f84b30561037eb7ae084::yaw_plus_35,,,,,,,,,,,,,,,,,,,,,,,,,,
-6.046835376012193,6.81406994459133,left,pitch_up_56,img_4de2b810d4947fd02c7d9da0,False,False,False,img_4de2b810d4947fd02c7d9da0::pitch_up_56,,,,,,,,,,,,,,,,,,,,,,,,,,
-6.046835376012193,6.81406994459133,left,yaw_plus_35,img_4de2b810d4947fd02c7d9da0,False,True,True,img_4de2b810d4947fd02c7d9da0::yaw_plus_35,-4.164156753888104,-1.0466889261128376,7.027343051745893,8435,18912,29980,2077,58399,58399,2.6898236870765686,5.67332649230957,13.911044645309442,6.829136609343717,-4.237095868435745,-4.10215976784276,-3.8459581635994935,0,5620,5620,0,58399,58399,2.654398226737976,2.7361466884613037,2.914625883102417,6.82665704748449
1.9016032240493241,7.523766233908399,right,pitch_up_56,img_4e3d57a9706d9cb78afd5c41,False,False,False,img_4e3d57a9706d9cb78afd5c41::pitch_up_56,,,,,,,,,,,,,,,,,,,,,,,,,,
1.9016032240493241,7.523766233908399,right,yaw_minus_35,img_4e3d57a9706d9cb78afd5c41,False,True,True,img_4e3d57a9706d9cb78afd5c41::yaw_minus_35,-0.06458362766552325,0.46904815754102946,3.0132769350611412,4813,52,6782,1118,9915,9915,7.05162410736084,7.984944581985474,10.291230726242064,7.496504232139861,-0.06737036716763951,0.44890605087311375,0.9378874395274571,4114,52,6083,1118,9915,9915,7.028424072265625,7.964338779449463,8.70506076812744,7.518262298132745
1.9016032240493241,7.523766233908399,right,yaw_plus_35,img_4e3d57a9706d9cb78afd5c41,False,False,False,img_4e3d57a9706d9cb78afd5c41::yaw_plus_35,,,,,,,,,,,,,,,,,,,,,,,,,,
-2.3709928105193363,2.4000129820896743,left,pitch_down_56,img_4e61dfa73359cbec43694b5d,False,False,False,img_4e61dfa73359cbec43694b5d::pitch_down_56,,,,,,,,,,,,,,,,,,,,,,,,,,
-2.3709928105193363,2.4000129820896743,left,pitch_up_56,img_4e61dfa73359cbec43694b5d,False,True,False,img_4e61dfa73359cbec43694b5d::pitch_up_56,,,,,,,,,,,,,,,,,,,,,,,,,,
-2.3709928105193363,2.4000129820896743,left,yaw_minus_35,img_4e61dfa73359cbec43694b5d,False,True,False,img_4e61dfa73359cbec43694b5d::yaw_minus_35,,,,,,,,,,,,,,,,,,,,,,,,,,
-2.3709928105193363,2.4000129820896743,left,yaw_plus_35,img_4e61dfa73359cbec43694b5d,False,True,False,img_4e61dfa73359cbec43694b5d::yaw_plus_35,,,,,,,,,,,,,,,,,,,,,,,,,,
-9.138818369883928,9.139955288639397,right,pitch_up_56,img_4e8573cfcd31389b1a28d8e3,False,False,False,img_4e8573cfcd31389b1a28d8e3::pitch_up_56,,,,,,,,,,,,,,,,,,,,,,,,,,
-9.138818369883928,9.139955288639397,right,yaw_minus_35,img_4e8573cfcd31389b1a28d8e3,False,True,True,img_4e8573cfcd31389b1a28d8e3::yaw_minus_35,-6.864557904287222,-0.12467007304280209,8.698575780733037,4109,5493,13064,3011,29905,29905,2.296411907672882,9.033619403839111,17.876472759246806,9.156692730179802,-6.8778393349939,-6.808034310614704,-0.12176778130003828,73,4747,5622,449,29905,29782,2.2916974902153013,2.3578699827194214,9.0501793384552,9.155435980854431
-6.477600855665333,9.221827064255336,left,pitch_up_56,img_4f76dde4fe751d7ed49ed11b,False,False,False,img_4f76dde4fe751d7ed49ed11b::pitch_up_56,,,,,,,,,,,,,,,,,,,,,,,,,,
-6.477600855665333,9.221827064255336,left,yaw_minus_35,img_4f76dde4fe751d7ed49ed11b,False,False,False,img_4f76dde4fe751d7ed49ed11b::yaw_minus_35,,,,,,,,,,,,,,,,,,,,,,,,,,
-6.477600855665333,9.221827064255336,left,yaw_plus_35,img_4f76dde4fe751d7ed49ed11b,False,False,False,img_4f76dde4fe751d7ed49ed11b::yaw_plus_35,,,,,,,,,,,,,,,,,,,,,,,,,,
-2.2438916202417327,2.2717464399422047,left,pitch_down_56,img_4fc4ba78911aae895973bd93,False,False,False,img_4fc4ba78911aae895973bd93::pitch_down_56,,,,,,,,,,,,,,,,,,,,,,,,,,
-2.2438916202417327,2.2717464399422047,left,pitch_up_56,img_4fc4ba78911aae895973bd93,False,True,False,img_4fc4ba78911aae895973bd93::pitch_up_56,,,,,,,,,,,,,,,,,,,,,,,,,,
-2.2438916202417327,2.2717464399422047,left,yaw_minus_35,img_4fc4ba78911aae895973bd93,False,True,False,img_4fc4ba78911aae895973bd93::yaw_minus_35,,,,,,,,,,,,,,,,,,,,,,,,,,
-2.2438916202417327,2.2717464399422047,left,yaw_plus_35,img_4fc4ba78911aae895973bd93,False,True,False,img_4fc4ba78911aae895973bd93::yaw_plus_35,,,,,,,,,,,,,,,,,,,,,,,,,,
-2.1946052081773266,6.6968864567872695,right,pitch_up_56,img_4fcd6a3db493c1c587d8b3a9,False,False,False,img_4fcd6a3db493c1c587d8b3a9::pitch_up_56,,,,,,,,,,,,,,,,,,,,,,,,,,
-2.1946052081773266,6.6968864567872695,right,yaw_minus_35,img_4fcd6a3db493c1c587d8b3a9,False,False,False,img_4fcd6a3db493c1c587d8b3a9::yaw_minus_35,,,,,,,,,,,,,,,,,,,,,,,,,,
-2.1946052081773266,6.6968864567872695,right,yaw_plus_35,img_4fcd6a3db493c1c587d8b3a9,False,True,True,img_4fcd6a3db493c1c587d8b3a9::yaw_plus_35,-4.001277077885403,-1.8991113722751978,0.04717104899843938,342,6774,7916,486,20795,20795,2.788975179195404,4.881531476974487,7.135128140449524,6.6710423323298205,-4.241012320639641,-3.735964721810226,-3.2437084852604676,0,1797,1797,0,20795,20790,2.7732619285583495,2.8389976024627686,3.225738668441772,6.662248655055649
-2.414875840644954,2.4456448824240495,left,pitch_down_56,img_50788709c27115356ae913b1,False,False,False,img_50788709c27115356ae913b1::pitch_down_56,,,,,,,,,,,,,,,,,,,,,,,,,,
-2.414875840644954,2.4456448824240495,left,pitch_up_56,img_50788709c27115356ae913b1,False,True,False,img_50788709c27115356ae913b1::pitch_up_56,,,,,,,,,,,,,,,,,,,,,,,,,,
-2.414875840644954,2.4456448824240495,left,yaw_minus_35,img_50788709c27115356ae913b1,False,True,False,img_50788709c27115356ae913b1::yaw_minus_35,,,,,,,,,,,,,,,,,,,,,,,,,,
-2.414875840644954,2.4456448824240495,left,yaw_plus_35,img_50788709c27115356ae913b1,False,True,False,img_50788709c27115356ae913b1::yaw_plus_35,,,,,,,,,,,,,,,,,,,,,,,,,,
-1.752597049192751,1.8293111384655287,right,pitch_down_56,img_50b23cb80cabf1841bac6f5c,False,False,False,img_50b23cb80cabf1841bac6f5c::pitch_down_56,,,,,,,,,,,,,,,,,,,,,,,,,,
-1.752597049192751,1.8293111384655287,right,pitch_up_56,img_50b23cb80cabf1841bac6f5c,False,False,False,img_50b23cb80cabf1841bac6f5c::pitch_up_56,,,,,,,,,,,,,,,,,,,,,,,,,,
-1.752597049192751,1.8293111384655287,right,yaw_minus_35,img_50b23cb80cabf1841bac6f5c,False,True,False,img_50b23cb80cabf1841bac6f5c::yaw_minus_35,,,,,,,,,,,,,,,,,,,,,,,,,,
-1.752597049192751,1.8293111384655287,right,yaw_plus_35,img_50b23cb80cabf1841bac6f5c,False,True,False,img_50b23cb80cabf1841bac6f5c::yaw_plus_35,,,,,,,,,,,,,,,,,,,,,,,,,,
1.9014842921965078,7.523920365864135,right,pitch_up_56,img_50b466a226a3e1103ba42d6f,False,False,False,img_50b466a226a3e1103ba42d6f::pitch_up_56,,,,,,,,,,,,,,,,,,,,,,,,,,
1.9014842921965078,7.523920365864135,right,yaw_minus_35,img_50b466a226a3e1103ba42d6f,False,True,True,img_50b466a226a3e1103ba42d6f::yaw_minus_35,-0.06418976404426155,0.4691349460825949,3.0249905778577264,4770,55,6703,1054,9797,9797,7.052142000198364,7.986750602722168,10.291048717498777,7.493148365828858,-0.06844671107316076,0.4501428253437858,0.9521256267984868,4102,55,6035,1054,9797,9797,7.027910995483398,7.964918613433838,8.693105602264405,7.515645763028089
1.9014842921965078,7.523920365864135,right,yaw_plus_35,img_50b466a226a3e1103ba42d6f,False,False,False,img_50b466a226a3e1103ba42d6f::yaw_plus_35,,,,,,,,,,,,,,,,,,,,,,,,,,
-2.165236453386813,2.2223043793279067,right,pitch_down_56,img_5140482a9cf7118888ff9760,False,False,False,img_5140482a9cf7118888ff9760::pitch_down_56,,,,,,,,,,,,,,,,,,,,,,,,,,
-2.165236453386813,2.2223043793279067,right,yaw_minus_35,img_5140482a9cf7118888ff9760,False,False,False,img_5140482a9cf7118888ff9760::yaw_minus_35,,,,,,,,,,,,,,,,,,,,,,,,,,
-1.715092364884205,1.9242589942995156,left,pitch_down_56,img_524aae58b9d36d472cff225d,False,False,False,img_524aae58b9d36d472cff225d::pitch_down_56,,,,,,,,,,,,,,,,,,,,,,,,,,
-1.715092364884205,1.9242589942995156,left,pitch_up_56,img_524aae58b9d36d472cff225d,False,False,False,img_524aae58b9d36d472cff225d::pitch_up_56,,,,,,,,,,,,,,,,,,,,,,,,,,
-1.715092364884205,1.9242589942995156,left,yaw_minus_35,img_524aae58b9d36d472cff225d,False,False,False,img_524aae58b9d36d472cff225d::yaw_minus_35,,,,,,,,,,,,,,,,,,,,,,,,,,
-1.715092364884205,1.9242589942995156,left,yaw_plus_35,img_524aae58b9d36d472cff225d,False,False,False,img_524aae58b9d36d472cff225d::yaw_plus_35,,,,,,,,,,,,,,,,,,,,,,,,,,
-7.829435794013392,7.853571230422836,left,pitch_up_56,img_5296101fce9f36e01239e372,False,False,False,img_5296101fce9f36e01239e372::pitch_up_56,,,,,,,,,,,,,,,,,,,,,,,,,,
-7.829435794013392,7.853571230422836,left,yaw_plus_35,img_5296101fce9f36e01239e372,False,False,False,img_5296101fce9f36e01239e372::yaw_plus_35,,,,,,,,,,,,,,,,,,,,,,,,,,
-2.170633677493176,2.3306988700951323,left,pitch_down_56,img_5375dc7ac212760e86ea04e4,False,False,False,img_5375dc7ac212760e86ea04e4::pitch_down_56,,,,,,,,,,,,,,,,,,,,,,,,,,
-2.170633677493176,2.3306988700951323,left,pitch_up_56,img_5375dc7ac212760e86ea04e4,False,False,False,img_5375dc7ac212760e86ea04e4::pitch_up_56,,,,,,,,,,,,,,,,,,,,,,,,,,
-2.170633677493176,2.3306988700951323,left,yaw_minus_35,img_5375dc7ac212760e86ea04e4,False,True,False,img_5375dc7ac212760e86ea04e4::yaw_minus_35,,,,,,,,,,,,,,,,,,,,,,,,,,
-2.170633677493176,2.3306988700951323,left,yaw_plus_35,img_5375dc7ac212760e86ea04e4,False,True,False,img_5375dc7ac212760e86ea04e4::yaw_plus_35,,,,,,,,,,,,,,,,,,,,,,,,,,
5.2082363139251076,5.251050478947002,right,pitch_up_56,img_53e20a3aa805e1f7b110ddf9,False,False,False,img_53e20a3aa805e1f7b110ddf9::pitch_up_56,,,,,,,,,,,,,,,,,,,,,,,,,,
5.2082363139251076,5.251050478947002,right,yaw_minus_35,img_53e20a3aa805e1f7b110ddf9,False,True,False,img_53e20a3aa805e1f7b110ddf9::yaw_minus_35,,,,,,,,,,,,,,,,,,,,,,,,,,
5.2082363139251076,5.251050478947002,right,yaw_plus_35,img_53e20a3aa805e1f7b110ddf9,False,True,False,img_53e20a3aa805e1f7b110ddf9::yaw_plus_35,,,,,,,,,,,,,,,,,,,,,,,,,,
-5.869097752037239,7.435683555215557,right,pitch_up_56,img_53f96406e0c9d22b6885bb47,False,False,False,img_53f96406e0c9d22b6885bb47::pitch_up_56,,,,,,,,,,,,,,,,,,,,,,,,,,
-5.869097752037239,7.435683555215557,right,yaw_minus_35,img_53f96406e0c9d22b6885bb47,False,True,True,img_53f96406e0c9d22b6885bb47::yaw_minus_35,-4.717541535835521,-1.354355247205226,3.095982954748278,2415,13433,17207,766,29634,29634,2.790603518486023,6.0839433670043945,10.700397014617918,7.442976189004991,-4.7545374479309785,-4.521988771341329,-4.033218129032241,0,6274,6274,0,29634,29634,2.7622575759887695,2.9100347757339478,3.4489548087120054,7.483340586731643
-1.4134149218665977,1.5334594651261289,left,pitch_down_56,img_5411aa9b437446a0c0642a33,False,False,False,img_5411aa9b437446a0c0642a33::pitch_down_56,,,,,,,,,,,,,,,,,,,,,,,,,,
-1.4134149218665977,1.5334594651261289,left,pitch_up_56,img_5411aa9b437446a0c0642a33,False,False,False,img_5411aa9b437446a0c0642a33::pitch_up_56,,,,,,,,,,,,,,,,,,,,,,,,,,
-1.4134149218665977,1.5334594651261289,left,yaw_minus_35,img_5411aa9b437446a0c0642a33,False,False,False,img_5411aa9b437446a0c0642a33::yaw_minus_35,,,,,,,,,,,,,,,,,,,,,,,,,,
-1.4134149218665977,1.5334594651261289,left,yaw_plus_35,img_5411aa9b437446a0c0642a33,False,False,False,img_5411aa9b437446a0c0642a33::yaw_plus_35,,,,,,,,,,,,,,,,,,,,,,,,,,
5.0380257371630455,7.745632750473295,right,pitch_up_56,img_552ccaef249d70922a2b9ae7,True,True,False,img_552ccaef249d70922a2b9ae7::pitch_up_56,,,,,,,,,,,,,,,,,,,,,,,,,,
5.0380257371630455,7.745632750473295,right,yaw_minus_35,img_552ccaef249d70922a2b9ae7,True,True,True,img_552ccaef249d70922a2b9ae7::yaw_minus_35,-5.118047856343329,0.17160214156286546,4.683197478856887,5275,6904,15476,549,28990,28990,2.830745816230774,7.802746772766113,12.398781061172485,7.743838625380967,-5.2237020202066065,-2.4690178511196432,1.2517645723708233,785,3940,5863,29,28990,28809,2.802837300300598,5.073154449462891,8.847230339050292,7.717021625662814
5.0380257371630455,7.745632750473295,right,yaw_plus_35,img_552ccaef249d70922a2b9ae7,False,False,False,img_552ccaef249d70922a2b9ae7::yaw_plus_35,,,,,,,,,,,,,,,,,,,,,,,,,,
3.5057985139047103,6.687972811418596,right,pitch_up_56,img_5550c6ee126a8a927e97dac2,False,False,False,img_5550c6ee126a8a927e97dac2::pitch_up_56,,,,,,,,,,,,,,,,,,,,,,,,,,
3.5057985139047103,6.687972811418596,right,yaw_minus_35,img_5550c6ee126a8a927e97dac2,True,True,True,img_5550c6ee126a8a927e97dac2::yaw_minus_35,0.05631704813963206,0.4219924980960794,3.539549658724251,9114,0,15638,1694,27934,27934,6.6945531368255615,7.216073751449585,9.941474008560181,6.684017606404813,0.04290249910648258,0.2737079336076298,1.0306134450532796,6302,0,12826,1694,27934,27934,6.660682797431946,7.166836738586426,7.4494287967681885,6.72348429394397
1.9015866146521203,7.524047762897984,right,pitch_up_56,img_5563e8df2be4dc830dc08c92,False,False,False,img_5563e8df2be4dc830dc08c92::pitch_up_56,,,,,,,,,,,,,,,,,,,,,,,,,,
1.9015866146521203,7.524047762897984,right,yaw_minus_35,img_5563e8df2be4dc830dc08c92,False,True,True,img_5563e8df2be4dc830dc08c92::yaw_minus_35,-0.06547871823151255,0.46903874287928726,2.974938697206303,4765,53,6698,1064,9797,9797,7.047258400917054,7.9866578578948975,10.200482416152951,7.4919087944802545,-0.06852738393348723,0.45110391735981326,0.9894840172934498,4113,53,6046,1064,9797,9797,7.024024963378906,7.965328693389893,8.711996793746948,7.514753743393193
1.9015866146521203,7.524047762897984,right,yaw_plus_35,img_5563e8df2be4dc830dc08c92,False,False,False,img_5563e8df2be4dc830dc08c92::yaw_plus_35,,,,,,,,,,,,,,,,,,,,,,,,,,
-4.811610727261247,8.138775616973408,left,pitch_up_56,img_5574682a334b8acf3720ae26,False,False,False,img_5574682a334b8acf3720ae26::pitch_up_56,,,,,,,,,,,,,,,,,,,,,,,,,,
-4.811610727261247,8.138775616973408,left,yaw_minus_35,img_5574682a334b8acf3720ae26,False,False,False,img_5574682a334b8acf3720ae26::yaw_minus_35,,,,,,,,,,,,,,,,,,,,,,,,,,
-4.811610727261247,8.138775616973408,left,yaw_plus_35,img_5574682a334b8acf3720ae26,False,False,False,img_5574682a334b8acf3720ae26::yaw_plus_35,,,,,,,,,,,,,,,,,,,,,,,,,,
0.4830921974313507,2.914224471161615,right,pitch_down_56,img_55c5e08398906fce5cdae7a1,False,False,False,img_55c5e08398906fce5cdae7a1::pitch_down_56,,,,,,,,,,,,,,,,,,,,,,,,,,
0.4830921974313507,2.914224471161615,right,pitch_up_56,img_55c5e08398906fce5cdae7a1,False,True,False,img_55c5e08398906fce5cdae7a1::pitch_up_56,,,,,,,,,,,,,,,,,,,,,,,,,,
0.4830921974313507,2.914224471161615,right,yaw_minus_35,img_55c5e08398906fce5cdae7a1,False,True,False,img_55c5e08398906fce5cdae7a1::yaw_minus_35,,,,,,,,,,,,,,,,,,,,,,,,,,
0.4830921974313507,2.914224471161615,right,yaw_plus_35,img_55c5e08398906fce5cdae7a1,False,False,False,img_55c5e08398906fce5cdae7a1::yaw_plus_35,,,,,,,,,,,,,,,,,,,,,,,,,,
-8.44771458188395,8.463892728402307,left,pitch_up_56,img_55fe11611681b29c521c95c5,False,False,False,img_55fe11611681b29c521c95c5::pitch_up_56,,,,,,,,,,,,,,,,,,,,,,,,,,
-8.44771458188395,8.463892728402307,left,yaw_plus_35,img_55fe11611681b29c521c95c5,False,False,False,img_55fe11611681b29c521c95c5::yaw_plus_35,,,,,,,,,,,,,,,,,,,,,,,,,,
-1.4078672732522768,2.404050871379375,left,pitch_down_56,img_56187043b1e7cbb8149b6379,False,False,False,img_56187043b1e7cbb8149b6379::pitch_down_56,,,,,,,,,,,,,,,,,,,,,,,,,,
-1.4078672732522768,2.404050871379375,left,pitch_up_56,img_56187043b1e7cbb8149b6379,False,False,False,img_56187043b1e7cbb8149b6379::pitch_up_56,,,,,,,,,,,,,,,,,,,,,,,,,,
-1.4078672732522768,2.404050871379375,left,yaw_minus_35,img_56187043b1e7cbb8149b6379,False,True,False,img_56187043b1e7cbb8149b6379::yaw_minus_35,,,,,,,,,,,,,,,,,,,,,,,,,,
-1.4078672732522768,2.404050871379375,left,yaw_plus_35,img_56187043b1e7cbb8149b6379,False,True,False,img_56187043b1e7cbb8149b6379::yaw_plus_35,,,,,,,,,,,,,,,,,,,,,,,,,,
-3.622901083966668,7.8036489901936585,right,pitch_up_56,img_56534ab6df13e69183a60733,False,False,False,img_56534ab6df13e69183a60733::pitch_up_56,,,,,,,,,,,,,,,,,,,,,,,,,,
-3.622901083966668,7.8036489901936585,right,yaw_minus_35,img_56534ab6df13e69183a60733,False,True,True,img_56534ab6df13e69183a60733::yaw_minus_35,-4.349893073353717,-2.4387559435591566,11.319946848185186,892,10588,12127,148,30882,30882,3.6416041374206545,5.293673992156982,18.99069290161132,7.797941781926528,-4.5457041376733685,-4.096134694659286,-3.75617073472087,0,2602,2602,0,30882,30882,3.616122603416443,3.6679296493530273,3.732211101055145,7.76582370763165
0.6830612957303676,0.9229868754521393,left,yaw_plus_35,img_57251049682317c7fee99ae1,False,False,False,img_57251049682317c7fee99ae1::yaw_plus_35,,,,,,,,,,,,,,,,,,,,,,,,,,
0.5771922594143242,4.305225867760749,right,pitch_down_56,img_572c8b231f54c3e8ed7f76c5,False,False,False,img_572c8b231f54c3e8ed7f76c5::pitch_down_56,,,,,,,,,,,,,,,,,,,,,,,,,,
0.5771922594143242,4.305225867760749,right,pitch_up_56,img_572c8b231f54c3e8ed7f76c5,False,False,False,img_572c8b231f54c3e8ed7f76c5::pitch_up_56,,,,,,,,,,,,,,,,,,,,,,,,,,
0.5771922594143242,4.305225867760749,right,yaw_minus_35,img_572c8b231f54c3e8ed7f76c5,False,True,True,img_572c8b231f54c3e8ed7f76c5::yaw_minus_35,-0.11189977683996433,0.931907107195092,4.026684586758265,8783,0,11536,1790,28953,28953,3.810341715812683,4.945496559143066,8.071836233139038,4.270288160245681,-0.13799474934823897,0.2943524072733301,1.4208627545319326,2671,0,5424,1790,28953,28929,3.794028604030609,4.750135660171509,5.8039474248886105,4.313796552141671
0.5771922594143242,4.305225867760749,right,yaw_plus_35,img_572c8b231f54c3e8ed7f76c5,False,False,False,img_572c8b231f54c3e8ed7f76c5::yaw_plus_35,,,,,,,,,,,,,,,,,,,,,,,,,,
0.2889915403764467,0.34396456736807784,left,pitch_down_56,img_5748713b2a9018e0c4489afb,False,False,False,img_5748713b2a9018e0c4489afb::pitch_down_56,,,,,,,,,,,,,,,,,,,,,,,,,,
0.2889915403764467,0.34396456736807784,left,pitch_up_56,img_5748713b2a9018e0c4489afb,False,False,False,img_5748713b2a9018e0c4489afb::pitch_up_56,,,,,,,,,,,,,,,,,,,,,,,,,,
0.2889915403764467,0.34396456736807784,left,yaw_minus_35,img_5748713b2a9018e0c4489afb,False,False,False,img_5748713b2a9018e0c4489afb::yaw_minus_35,,,,,,,,,,,,,,,,,,,,,,,,,,
0.2889915403764467,0.34396456736807784,left,yaw_plus_35,img_5748713b2a9018e0c4489afb,False,False,False,img_5748713b2a9018e0c4489afb::yaw_plus_35,,,,,,,,,,,,,,,,,,,,,,,,,,
-9.025790966281733,10.357667965680081,right,pitch_up_56,img_575d0f2b73c72c0a37d1fdaf,False,False,False,img_575d0f2b73c72c0a37d1fdaf::pitch_up_56,,,,,,,,,,,,,,,,,,,,,,,,,,
-9.025790966281733,10.357667965680081,right,yaw_minus_35,img_575d0f2b73c72c0a37d1fdaf,False,True,True,img_575d0f2b73c72c0a37d1fdaf::yaw_minus_35,-4.351603977734976,-4.164592065284222,-1.0181732898124942,246,8906,9264,97,19546,19546,6.023992443084717,6.210477828979492,9.242505073547363,10.364098430395192,-4.3574307826132515,-4.176215038392529,-3.896473115977896,0,8061,8061,0,19546,19546,6.010022163391113,6.187083721160889,6.485437393188477,10.368670834823636
-3.4786012634979375,6.802428690702079,right,pitch_up_56,img_575f482e53a2e9d903317aeb,False,False,False,img_575f482e53a2e9d903317aeb::pitch_up_56,,,,,,,,,,,,,,,,,,,,,,,,,,
-3.4786012634979375,6.802428690702079,right,yaw_minus_35,img_575f482e53a2e9d903317aeb,False,False,False,img_575f482e53a2e9d903317aeb::yaw_minus_35,,,,,,,,,,,,,,,,,,,,,,,,,,
-3.4786012634979375,6.802428690702079,right,yaw_plus_35,img_575f482e53a2e9d903317aeb,False,True,True,img_575f482e53a2e9d903317aeb::yaw_plus_35,-4.433674519875111,-1.317676222337731,2.559408687144199,1298,9793,11904,307,28387,28387,2.5043329119682314,5.498638153076172,9.51151614189148,6.78098669043809,-4.6455426471802825,-4.2563303430194654,-3.636477680884092,0,2527,2527,0,28387,28386,2.4663092851638795,2.565068244934082,2.950519394874573,6.848868004158721
-5.418634861330171,5.42695818170074,right,yaw_plus_35,img_579db4a7b14316cffd5a2b3f,False,False,False,img_579db4a7b14316cffd5a2b3f::yaw_plus_35,,,,,,,,,,,,,,,,,,,,,,,,,,
1.9120860348057933,7.876706237708746,left,yaw_plus_35,img_57c2604724963389dad6b8fc,False,True,True,img_57c2604724963389dad6b8fc::yaw_plus_35,-0.06516191683861017,0.47682967020906775,3.2272079407475824,4920,0,6988,1265,14517,14517,7.393775463104248,8.346869945526123,10.810487461090087,7.848043590658522,-0.06749527325421667,0.4622689995428466,0.9316811430794996,4333,0,6401,1265,14517,14517,7.388809680938721,8.337811470031738,9.025724411010742,7.850264518846957
-5.917963652560411,5.941053983961556,right,pitch_up_56,img_582ed6d44277f03d95c67651,False,False,False,img_582ed6d44277f03d95c67651::pitch_up_56,,,,,,,,,,,,,,,,,,,,,,,,,,
-5.917963652560411,5.941053983961556,right,yaw_plus_35,img_582ed6d44277f03d95c67651,False,False,False,img_582ed6d44277f03d95c67651::yaw_plus_35,,,,,,,,,,,,,,,,,,,,,,,,,,
-4.839351475526978,4.84177221439456,right,yaw_plus_35,img_587cbd925df8e3060b13d134,False,False,False,img_587cbd925df8e3060b13d134::yaw_plus_35,,,,,,,,,,,,,,,,,,,,,,,,,,
0.9325863478564504,5.52264239228864,right,pitch_down_56,img_58caed980ab70c4132efecfd,False,False,False,img_58caed980ab70c4132efecfd::pitch_down_56,,,,,,,,,,,,,,,,,,,,,,,,,,
0.9325863478564504,5.52264239228864,right,pitch_up_56,img_58caed980ab70c4132efecfd,False,False,False,img_58caed980ab70c4132efecfd::pitch_up_56,,,,,,,,,,,,,,,,,,,,,,,,,,
0.9325863478564504,5.52264239228864,right,yaw_minus_35,img_58caed980ab70c4132efecfd,False,True,True,img_58caed980ab70c4132efecfd::yaw_minus_35,-0.09214314675560699,0.6192692940675442,3.634046431803588,5188,0,7268,1337,15024,15024,5.028493094444275,5.996513843536377,9.242873907089233,5.491338620599501,-0.09990890480337677,0.5154378394814478,1.2395553637441385,4116,0,6196,1337,15024,15024,5.024646162986755,5.985813856124878,7.048550844192505,5.509638281711839
0.9325863478564504,5.52264239228864,right,yaw_plus_35,img_58caed980ab70c4132efecfd,False,False,False,img_58caed980ab70c4132efecfd::yaw_plus_35,,,,,,,,,,,,,,,,,,,,,,,,,,
-7.7607913067663095,7.7879776180923805,right,pitch_up_56,img_58f765e4917dce185f3d11f7,False,False,False,img_58f765e4917dce185f3d11f7::pitch_up_56,,,,,,,,,,,,,,,,,,,,,,,,,,
-7.7607913067663095,7.7879776180923805,right,yaw_minus_35,img_58f765e4917dce185f3d11f7,False,True,False,img_58f765e4917dce185f3d11f7::yaw_minus_35,,,,,,,,,,,,,,,,,,,,,,,,,,
-7.7607913067663095,7.7879776180923805,right,yaw_plus_35,img_58f765e4917dce185f3d11f7,False,True,False,img_58f765e4917dce185f3d11f7::yaw_plus_35,,,,,,,,,,,,,,,,,,,,,,,,,,
5.24182646266695,5.2599963343139935,right,yaw_minus_35,img_592f2c020773fd3d0eba846b,False,True,False,img_592f2c020773fd3d0eba846b::yaw_minus_35,,,,,,,,,,,,,,,,,,,,,,,,,,
5.24182646266695,5.2599963343139935,right,yaw_plus_35,img_592f2c020773fd3d0eba846b,False,True,False,img_592f2c020773fd3d0eba846b::yaw_plus_35,,,,,,,,,,,,,,,,,,,,,,,,,,
5.380531460026887,5.717680705328374,right,pitch_up_56,img_59524914ac06cf1a2d6e317a,False,False,False,img_59524914ac06cf1a2d6e317a::pitch_up_56,,,,,,,,,,,,,,,,,,,,,,,,,,
5.380531460026887,5.717680705328374,right,yaw_minus_35,img_59524914ac06cf1a2d6e317a,False,True,True,img_59524914ac06cf1a2d6e317a::yaw_minus_35,-2.937494888773046,1.037835383016084,3.729602846348546,21737,7342,35465,6050,65768,65768,2.768267107009888,6.815509796142578,9.520542907714843,5.7429931502382745,-3.0241403696903406,-2.4839490063404774,0.22430113440199745,283,4065,6010,1608,65768,63274,2.690403771400452,3.1755290031433105,6.20958218574524,5.751512749002508
5.380531460026887,5.717680705328374,right,yaw_plus_35,img_59524914ac06cf1a2d6e317a,False,False,False,img_59524914ac06cf1a2d6e317a::yaw_plus_35,,,,,,,,,,,,,,,,,,,,,,,,,,
0.6223513700957297,0.6765443736303718,right,pitch_down_56,img_595254c320c27cdb74e35158,False,False,False,img_595254c320c27cdb74e35158::pitch_down_56,,,,,,,,,,,,,,,,,,,,,,,,,,
0.6223513700957297,0.6765443736303718,right,pitch_up_56,img_595254c320c27cdb74e35158,False,False,False,img_595254c320c27cdb74e35158::pitch_up_56,,,,,,,,,,,,,,,,,,,,,,,,,,
0.6223513700957297,0.6765443736303718,right,yaw_minus_35,img_595254c320c27cdb74e35158,False,False,False,img_595254c320c27cdb74e35158::yaw_minus_35,,,,,,,,,,,,,,,,,,,,,,,,,,
0.6223513700957297,0.6765443736303718,right,yaw_plus_35,img_595254c320c27cdb74e35158,True,False,False,img_595254c320c27cdb74e35158::yaw_plus_35,,,,,,,,,,,,,,,,,,,,,,,,,,
-1.560509103435173,1.885029092767051,right,pitch_down_56,img_59814f6dd62bb0daf23334d6,False,False,False,img_59814f6dd62bb0daf23334d6::pitch_down_56,,,,,,,,,,,,,,,,,,,,,,,,,,
-1.560509103435173,1.885029092767051,right,pitch_up_56,img_59814f6dd62bb0daf23334d6,False,False,False,img_59814f6dd62bb0daf23334d6::pitch_up_56,,,,,,,,,,,,,,,,,,,,,,,,,,
-1.560509103435173,1.885029092767051,right,yaw_minus_35,img_59814f6dd62bb0daf23334d6,False,False,False,img_59814f6dd62bb0daf23334d6::yaw_minus_35,,,,,,,,,,,,,,,,,,,,,,,,,,
-1.560509103435173,1.885029092767051,right,yaw_plus_35,img_59814f6dd62bb0daf23334d6,False,False,False,img_59814f6dd62bb0daf23334d6::yaw_plus_35,,,,,,,,,,,,,,,,,,,,,,,,,,
0.6043193034123286,1.0160611007692473,right,pitch_down_56,img_5a69ae6aa259126ae595c8c1,False,False,False,img_5a69ae6aa259126ae595c8c1::pitch_down_56,,,,,,,,,,,,,,,,,,,,,,,,,,
0.6043193034123286,1.0160611007692473,right,pitch_up_56,img_5a69ae6aa259126ae595c8c1,False,True,False,img_5a69ae6aa259126ae595c8c1::pitch_up_56,,,,,,,,,,,,,,,,,,,,,,,,,,
0.6043193034123286,1.0160611007692473,right,yaw_minus_35,img_5a69ae6aa259126ae595c8c1,False,True,False,img_5a69ae6aa259126ae595c8c1::yaw_minus_35,,,,,,,,,,,,,,,,,,,,,,,,,,
0.6043193034123286,1.0160611007692473,right,yaw_plus_35,img_5a69ae6aa259126ae595c8c1,False,False,False,img_5a69ae6aa259126ae595c8c1::yaw_plus_35,,,,,,,,,,,,,,,,,,,,,,,,,,
0.27841633922118847,6.34878756420938,right,pitch_up_56,img_5b91b0038b79183f5c7235e8,False,False,False,img_5b91b0038b79183f5c7235e8::pitch_up_56,,,,,,,,,,,,,,,,,,,,,,,,,,
0.27841633922118847,6.34878756420938,right,yaw_minus_35,img_5b91b0038b79183f5c7235e8,False,True,True,img_5b91b0038b79183f5c7235e8::yaw_minus_35,-0.7367107062976627,-0.31137604937853425,0.35606131896138526,86,737,1413,285,3703,3703,5.660933208465576,5.881984710693359,6.899723720550537,6.3947797839536,-0.7804188269969422,-0.3788961159034594,0.11568888647047115,1,523,787,132,3703,3698,5.650704669952392,5.850807189941406,6.85879340171814,6.368454890399442
-2.3099198058549244,2.3432778154537623,right,pitch_up_56,img_5bdabac3f28d924130023096,False,False,False,img_5bdabac3f28d924130023096::pitch_up_56,,,,,,,,,,,,,,,,,,,,,,,,,,
-2.3099198058549244,2.3432778154537623,right,yaw_minus_35,img_5bdabac3f28d924130023096,False,False,False,img_5bdabac3f28d924130023096::yaw_minus_35,,,,,,,,,,,,,,,,,,,,,,,,,,
5.492722643533254,5.93050392187112,right,pitch_up_56,img_5bf2570751fa5012e024eb20,False,False,False,img_5bf2570751fa5012e024eb20::pitch_up_56,,,,,,,,,,,,,,,,,,,,,,,,,,
5.492722643533254,5.93050392187112,right,yaw_minus_35,img_5bf2570751fa5012e024eb20,False,True,True,img_5bf2570751fa5012e024eb20::yaw_minus_35,-3.0138166902761734,1.011099228143367,3.7930739654196763,20858,8006,35282,5924,62986,62986,2.9406182169914246,7.004681348800659,9.80160608291626,5.953983284080611,-3.0904067090410456,-2.8508774106785566,0.14212489627294883,6,4252,5927,1592,62986,60608,2.8539791822433473,3.145256519317627,6.300300168991089,5.965264094862666
5.492722643533254,5.93050392187112,right,yaw_plus_35,img_5bf2570751fa5012e024eb20,False,False,False,img_5bf2570751fa5012e024eb20::yaw_plus_35,,,,,,,,,,,,,,,,,,,,,,,,,,
-4.787347257958544,5.271166115949893,right,pitch_up_56,img_5cb86470777358c38d50242e,False,False,False,img_5cb86470777358c38d50242e::pitch_up_56,,,,,,,,,,,,,,,,,,,,,,,,,,
-4.787347257958544,5.271166115949893,right,yaw_minus_35,img_5cb86470777358c38d50242e,False,True,False,img_5cb86470777358c38d50242e::yaw_minus_35,,,,,,,,,,,,,,,,,,,,,,,,,,
-4.787347257958544,5.271166115949893,right,yaw_plus_35,img_5cb86470777358c38d50242e,False,True,False,img_5cb86470777358c38d50242e::yaw_plus_35,,,,,,,,,,,,,,,,,,,,,,,,,,
-5.663255371593479,7.682604198306219,right,pitch_up_56,img_5d36f96d95329bc275b1e854,False,False,False,img_5d36f96d95329bc275b1e854::pitch_up_56,,,,,,,,,,,,,,,,,,,,,,,,,,
-5.663255371593479,7.682604198306219,right,yaw_minus_35,img_5d36f96d95329bc275b1e854,False,False,False,img_5d36f96d95329bc275b1e854::yaw_minus_35,,,,,,,,,,,,,,,,,,,,,,,,,,
-5.663255371593479,7.682604198306219,right,yaw_plus_35,img_5d36f96d95329bc275b1e854,False,True,True,img_5d36f96d95329bc275b1e854::yaw_plus_35,-5.018933398559877,-1.3709339427046698,1.8183896387855092,1402,11058,13380,215,36185,36185,2.722525119781494,6.310391187667847,9.681067895889282,7.681245095870066,-5.093389865115595,-4.878313928344325,-4.586950601697543,0,3991,3991,0,36185,36185,2.6942578554153442,2.811033010482788,3.0777403116226196,7.701389342113805
-3.2490211568208327,5.7810284723456276,left,pitch_down_56,img_5e316fa8cb258a2918d30eed,False,False,False,img_5e316fa8cb258a2918d30eed::pitch_down_56,,,,,,,,,,,,,,,,,,,,,,,,,,
-3.2490211568208327,5.7810284723456276,left,pitch_up_56,img_5e316fa8cb258a2918d30eed,False,False,False,img_5e316fa8cb258a2918d30eed::pitch_up_56,,,,,,,,,,,,,,,,,,,,,,,,,,
-3.2490211568208327,5.7810284723456276,left,yaw_minus_35,img_5e316fa8cb258a2918d30eed,False,False,False,img_5e316fa8cb258a2918d30eed::yaw_minus_35,,,,,,,,,,,,,,,,,,,,,,,,,,
-3.2490211568208327,5.7810284723456276,left,yaw_plus_35,img_5e316fa8cb258a2918d30eed,False,False,False,img_5e316fa8cb258a2918d30eed::yaw_plus_35,,,,,,,,,,,,,,,,,,,,,,,,,,
1.3912871750959317,6.326465005433956,right,pitch_up_56,img_5e80513ffc34b6196a43e365,False,False,False,img_5e80513ffc34b6196a43e365::pitch_up_56,,,,,,,,,,,,,,,,,,,,,,,,,,
1.3912871750959317,6.326465005433956,right,yaw_minus_35,img_5e80513ffc34b6196a43e365,False,True,True,img_5e80513ffc34b6196a43e365::yaw_minus_35,-0.10848671937013661,0.48525704757159716,1.438056018427516,4643,71,6828,1383,13273,13273,5.855260014533997,6.791755199432373,7.837887716293335,6.318254756996329,-0.1108478520263132,0.47567578824500156,0.8554227084055418,4208,71,6340,1352,13273,13273,5.85206618309021,6.78775429725647,7.4953006267547595,6.312165524686957
4.084090669571903,6.879844193436749,right,pitch_up_56,img_5e8f6477648ca5ac8d8ba881,False,False,False,img_5e8f6477648ca5ac8d8ba881::pitch_up_56,,,,,,,,,,,,,,,,,,,,,,,,,,
4.084090669571903,6.879844193436749,right,yaw_minus_35,img_5e8f6477648ca5ac8d8ba881,True,True,True,img_5e8f6477648ca5ac8d8ba881::yaw_minus_35,0.06150894260662905,0.4514629766470102,3.645533487695489,9072,0,15680,1658,29255,29255,6.880711460113526,7.430546760559082,10.327008247375488,6.878733042849962,0.04935655431806013,0.30312867141597444,1.1477747759247274,6707,0,13315,1658,29255,29255,6.849474287033081,7.366770267486572,7.7644177913665775,6.906746640792901
4.084090669571903,6.879844193436749,right,yaw_plus_35,img_5e8f6477648ca5ac8d8ba881,False,False,False,img_5e8f6477648ca5ac8d8ba881::yaw_plus_35,,,,,,,,,,,,,,,,,,,,,,,,,,
-11.804308887744773,11.810222173471555,right,yaw_minus_35,img_5ef19597a38170b745e3d0e8,False,True,True,img_5ef19597a38170b745e3d0e8::yaw_minus_35,-6.866399236747151,-0.11402681648860202,3.340587246742212,4674,3539,10975,2663,21687,21687,4.971871185302734,11.716073989868164,15.169372463226319,11.826794766479857,-6.871468620184234,-0.12442266286096793,1.6649795439863422,1758,3436,7292,2086,21687,21492,4.96842200756073,11.690898418426514,13.501245498657225,11.825199316041484
-4.203741867083011,7.883562813697511,right,pitch_up_56,img_5f0968e8c59bf8c0f031ebb5,False,True,False,img_5f0968e8c59bf8c0f031ebb5::pitch_up_56,,,,,,,,,,,,,,,,,,,,,,,,,,
-4.203741867083011,7.883562813697511,right,yaw_minus_35,img_5f0968e8c59bf8c0f031ebb5,False,False,False,img_5f0968e8c59bf8c0f031ebb5::yaw_minus_35,,,,,,,,,,,,,,,,,,,,,,,,,,
-11.844168987403874,12.194349412361214,left,pitch_up_56,img_5f4b3c215e0cb99dc6bba658,False,False,False,img_5f4b3c215e0cb99dc6bba658::pitch_up_56,,,,,,,,,,,,,,,,,,,,,,,,,,
-11.844168987403874,12.194349412361214,left,yaw_plus_35,img_5f4b3c215e0cb99dc6bba658,False,True,False,img_5f4b3c215e0cb99dc6bba658::yaw_plus_35,,,,,,,,,,,,,,,,,,,,,,,,,,
1.9015821821914038,7.524029897500403,right,pitch_up_56,img_5f5029f3630b2fb09e6d6efa,False,False,False,img_5f5029f3630b2fb09e6d6efa::pitch_up_56,,,,,,,,,,,,,,,,,,,,,,,,,,
1.9015821821914038,7.524029897500403,right,yaw_minus_35,img_5f5029f3630b2fb09e6d6efa,False,True,True,img_5f5029f3630b2fb09e6d6efa::yaw_minus_35,-0.06440692285733589,0.46911395183029336,3.0029424451239706,4773,55,6702,1053,9797,9797,7.051887321472168,7.9870147705078125,10.225716400146483,7.492938393566083,-0.06867471671647984,0.4503557793775985,0.9578030859464921,4107,55,6036,1053,9797,9797,7.0275667905807495,7.964916229248047,8.696423053741455,7.515702440925859
1.9015821821914038,7.524029897500403,right,yaw_plus_35,img_5f5029f3630b2fb09e6d6efa,False,False,False,img_5f5029f3630b2fb09e6d6efa::yaw_plus_35,,,,,,,,,,,,,,,,,,,,,,,,,,
-4.8717882864474165,8.128948606379298,right,pitch_up_56,img_5f72e3f2d8823789d5a9d3d9,False,True,False,img_5f72e3f2d8823789d5a9d3d9::pitch_up_56,,,,,,,,,,,,,,,,,,,,,,,,,,
-4.8717882864474165,8.128948606379298,right,yaw_minus_35,img_5f72e3f2d8823789d5a9d3d9,False,True,True,img_5f72e3f2d8823789d5a9d3d9::yaw_minus_35,-4.815419715231608,-1.1465836388007702,1.6182075235941433,749,11548,14076,210,50101,50101,3.517136871814728,7.310436010360718,9.900709390640259,8.11606128214698,-4.9876071653468905,-4.549347050618201,-4.1873357414932855,0,3434,3434,0,50101,50101,3.4757065653800963,3.560587763786316,3.6569145798683165,8.112075394448837
1.9016307068207086,7.52407432208778,right,pitch_up_56,img_5f8884d4e0886ce2c7c3329d,False,False,False,img_5f8884d4e0886ce2c7c3329d::pitch_up_56,,,,,,,,,,,,,,,,,,,,,,,,,,
1.9016307068207086,7.52407432208778,right,yaw_minus_35,img_5f8884d4e0886ce2c7c3329d,False,True,True,img_5f8884d4e0886ce2c7c3329d::yaw_minus_35,-0.06382495684205186,0.4694519437917877,2.9878950367841792,4767,50,6698,1057,9797,9797,7.052169346809388,7.987299680709839,10.206678533554078,7.492811431401961,-0.06786180099891642,0.45105262490429077,1.0099871643723595,4108,50,6039,1057,9797,9797,7.028853034973144,7.965824127197266,8.716783046722412,7.515343824995824
1.9016307068207086,7.52407432208778,right,yaw_plus_35,img_5f8884d4e0886ce2c7c3329d,False,False,False,img_5f8884d4e0886ce2c7c3329d::yaw_plus_35,,,,,,,,,,,,,,,,,,,,,,,,,,
-2.7376172868523794,2.747225398364755,right,pitch_down_56,img_5fd035bec4171d6b6ba5975a,False,False,False,img_5fd035bec4171d6b6ba5975a::pitch_down_56,,,,,,,,,,,,,,,,,,,,,,,,,,
-2.7376172868523794,2.747225398364755,right,yaw_minus_35,img_5fd035bec4171d6b6ba5975a,False,False,False,img_5fd035bec4171d6b6ba5975a::yaw_minus_35,,,,,,,,,,,,,,,,,,,,,,,,,,
-2.7376172868523794,2.747225398364755,right,yaw_plus_35,img_5fd035bec4171d6b6ba5975a,False,False,False,img_5fd035bec4171d6b6ba5975a::yaw_plus_35,,,,,,,,,,,,,,,,,,,,,,,,,,
0.5521746331008863,0.7020746465567995,right,pitch_down_56,img_6016a762546377de75ffa928,False,False,False,img_6016a762546377de75ffa928::pitch_down_56,,,,,,,,,,,,,,,,,,,,,,,,,,
0.5521746331008863,0.7020746465567995,right,pitch_up_56,img_6016a762546377de75ffa928,False,False,False,img_6016a762546377de75ffa928::pitch_up_56,,,,,,,,,,,,,,,,,,,,,,,,,,
0.5521746331008863,0.7020746465567995,right,yaw_minus_35,img_6016a762546377de75ffa928,False,False,False,img_6016a762546377de75ffa928::yaw_minus_35,,,,,,,,,,,,,,,,,,,,,,,,,,
0.5521746331008863,0.7020746465567995,right,yaw_plus_35,img_6016a762546377de75ffa928,False,False,False,img_6016a762546377de75ffa928::yaw_plus_35,,,,,,,,,,,,,,,,,,,,,,,,,,
-5.605104901309712,8.52533434780732,right,pitch_up_56,img_601de3b87602df931f31758c,False,False,False,img_601de3b87602df931f31758c::pitch_up_56,,,,,,,,,,,,,,,,,,,,,,,,,,
-5.605104901309712,8.52533434780732,right,yaw_minus_35,img_601de3b87602df931f31758c,False,True,True,img_601de3b87602df931f31758c::yaw_minus_35,-5.161258985289793,-2.999295724933007,1.8252084125031667,776,11308,14358,229,39356,39356,3.592390847206116,5.605950593948364,10.537647962570183,8.519606065853448,-5.269875495024634,-4.834636813600595,-4.4630939108572205,0,4333,4333,0,39356,39356,3.56590313911438,3.6853291988372803,3.787673807144165,8.519170464625507
-9.108118212051954,9.25775700525675,right,pitch_up_56,img_6140eac6fa52c2bec7a4cf37,False,False,False,img_6140eac6fa52c2bec7a4cf37::pitch_up_56,,,,,,,,,,,,,,,,,,,,,,,,,,
-9.108118212051954,9.25775700525675,right,yaw_minus_35,img_6140eac6fa52c2bec7a4cf37,False,True,True,img_6140eac6fa52c2bec7a4cf37::yaw_minus_35,-5.853225631529236,-3.7269109441021886,-2.7540468668306057,161,12754,13126,201,31269,31269,3.3883758187294006,5.568129301071167,6.507441759109497,9.275452538966789,-5.936227825308821,-3.730251975760744,-3.065563507570288,0,10549,10549,0,31269,31241,3.3118151664733886,5.567502498626709,6.220746898651123,9.284487487958522
-5.244775615453061,6.566728685013433,right,yaw_minus_35,img_615171763cd60793081fb097,False,False,False,img_615171763cd60793081fb097::yaw_minus_35,,,,,,,,,,,,,,,,,,,,,,,,,,
-8.451189785361146,10.078870747905087,left,pitch_up_56,img_6173ff107b2e5193068fdc8c,False,False,False,img_6173ff107b2e5193068fdc8c::pitch_up_56,,,,,,,,,,,,,,,,,,,,,,,,,,
-8.451189785361146,10.078870747905087,left,yaw_minus_35,img_6173ff107b2e5193068fdc8c,False,False,False,img_6173ff107b2e5193068fdc8c::yaw_minus_35,,,,,,,,,,,,,,,,,,,,,,,,,,
-8.451189785361146,10.078870747905087,left,yaw_plus_35,img_6173ff107b2e5193068fdc8c,False,False,False,img_6173ff107b2e5193068fdc8c::yaw_plus_35,,,,,,,,,,,,,,,,,,,,,,,,,,
-1.5467528884420414,2.38522567100647,right,pitch_down_56,img_61807e09bce534e140ff3497,False,False,False,img_61807e09bce534e140ff3497::pitch_down_56,,,,,,,,,,,,,,,,,,,,,,,,,,
-1.5467528884420414,2.38522567100647,right,pitch_up_56,img_61807e09bce534e140ff3497,False,False,False,img_61807e09bce534e140ff3497::pitch_up_56,,,,,,,,,,,,,,,,,,,,,,,,,,
-1.5467528884420414,2.38522567100647,right,yaw_minus_35,img_61807e09bce534e140ff3497,False,True,False,img_61807e09bce534e140ff3497::yaw_minus_35,,,,,,,,,,,,,,,,,,,,,,,,,,
-4.85036098266865,5.6907177285253185,right,pitch_up_56,img_61f4cc2148cac254e5f04ce6,False,False,False,img_61f4cc2148cac254e5f04ce6::pitch_up_56,,,,,,,,,,,,,,,,,,,,,,,,,,
-4.85036098266865,5.6907177285253185,right,yaw_minus_35,img_61f4cc2148cac254e5f04ce6,False,True,True,img_61f4cc2148cac254e5f04ce6::yaw_minus_35,-4.1974160940934135,-0.6501259015136389,8.24106493287035,11375,15644,30595,2659,57505,57505,1.4635475277900696,4.889599800109863,13.984188556671123,5.7028394421516575,-4.450107710236925,-4.215986548473786,-3.9692885008449212,0,2718,2718,0,57505,57493,1.372779804468155,1.4550551176071167,1.684022730588913,5.7075982285936036
-4.013939248266373,6.965027368853991,right,pitch_up_56,img_622228827b821ea7fad563a5,False,False,False,img_622228827b821ea7fad563a5::pitch_up_56,,,,,,,,,,,,,,,,,,,,,,,,,,
-4.013939248266373,6.965027368853991,right,yaw_minus_35,img_622228827b821ea7fad563a5,False,True,False,img_622228827b821ea7fad563a5::yaw_minus_35,,,,,,,,,,,,,,,,,,,,,,,,,,
-4.013939248266373,6.965027368853991,right,yaw_plus_35,img_622228827b821ea7fad563a5,False,True,False,img_622228827b821ea7fad563a5::yaw_plus_35,,,,,,,,,,,,,,,,,,,,,,,,,,
-8.335270745282427,8.342626043468249,right,pitch_up_56,img_62bb470e8f17d63e54df8e2e,False,False,False,img_62bb470e8f17d63e54df8e2e::pitch_up_56,,,,,,,,,,,,,,,,,,,,,,,,,,
-8.335270745282427,8.342626043468249,right,yaw_minus_35,img_62bb470e8f17d63e54df8e2e,False,False,False,img_62bb470e8f17d63e54df8e2e::yaw_minus_35,,,,,,,,,,,,,,,,,,,,,,,,,,
-8.335270745282427,8.342626043468249,right,yaw_plus_35,img_62bb470e8f17d63e54df8e2e,False,True,True,img_62bb470e8f17d63e54df8e2e::yaw_plus_35,-1.2493217167152935,1.3319067553947948,14.952419425556895,10474,2275,17850,4680,31362,31362,7.091127061843872,9.683592796325684,23.30849332809448,8.363122975511368,-1.2774454782411806,-0.11651189175085808,2.6212623242425357,3971,2275,11286,4623,31362,31224,7.0646607875823975,8.266582489013672,10.974177122116089,8.359015777136527
-4.9718061603097965,6.556048150146114,right,yaw_minus_35,img_62ded7e2c0eb75337746a1b4,False,True,True,img_62ded7e2c0eb75337746a1b4::yaw_minus_35,-4.640326314383269,-0.46438573499162716,4.86447973200855,5032,14623,25840,1114,49688,49688,1.814303982257843,6.0128493309021,11.545964813232422,6.559817044958729,-5.036772852979462,-4.832975208459059,-4.6468833657560165,0,1342,1342,0,49688,49130,1.6781569242477417,1.7418314814567566,1.8105161905288696,6.57252919816145
-2.300827823965206,2.342732371604649,right,yaw_minus_35,img_6400739caa04d0ac69c41527,False,False,False,img_6400739caa04d0ac69c41527::yaw_minus_35,,,,,,,,,,,,,,,,,,,,,,,,,,
-4.831675079383405,5.550190676788001,right,pitch_up_56,img_649f98a511547e2d01b94687,False,False,False,img_649f98a511547e2d01b94687::pitch_up_56,,,,,,,,,,,,,,,,,,,,,,,,,,
-4.831675079383405,5.550190676788001,right,yaw_minus_35,img_649f98a511547e2d01b94687,False,True,True,img_649f98a511547e2d01b94687::yaw_minus_35,-4.104242902124939,-0.22354072208413234,9.641936641379424,12643,15635,31796,2729,61504,61504,1.4169923663139343,5.163889169692993,15.29639983177185,5.565839364858865,-4.353805151680461,-4.1435408135962,-3.8929371278121465,0,2512,2512,0,61504,61471,1.3262376844882966,1.3971955180168152,1.619066494703293,5.5666134744361875
0.39802473644989167,2.6593206792122275,right,pitch_down_56,img_64fe4e65c3736b0d7b32fecb,False,False,False,img_64fe4e65c3736b0d7b32fecb::pitch_down_56,,,,,,,,,,,,,,,,,,,,,,,,,,
0.39802473644989167,2.6593206792122275,right,pitch_up_56,img_64fe4e65c3736b0d7b32fecb,False,True,False,img_64fe4e65c3736b0d7b32fecb::pitch_up_56,,,,,,,,,,,,,,,,,,,,,,,,,,
0.39802473644989167,2.6593206792122275,right,yaw_minus_35,img_64fe4e65c3736b0d7b32fecb,False,True,False,img_64fe4e65c3736b0d7b32fecb::yaw_minus_35,,,,,,,,,,,,,,,,,,,,,,,,,,
0.39802473644989167,2.6593206792122275,right,yaw_plus_35,img_64fe4e65c3736b0d7b32fecb,False,False,False,img_64fe4e65c3736b0d7b32fecb::yaw_plus_35,,,,,,,,,,,,,,,,,,,,,,,,,,
-13.813339876392279,13.935443396552618,left,pitch_up_56,img_654224d56a5a5fc52b21d876,False,False,False,img_654224d56a5a5fc52b21d876::pitch_up_56,,,,,,,,,,,,,,,,,,,,,,,,,,
-13.813339876392279,13.935443396552618,left,yaw_minus_35,img_654224d56a5a5fc52b21d876,False,False,False,img_654224d56a5a5fc52b21d876::yaw_minus_35,,,,,,,,,,,,,,,,,,,,,,,,,,
-13.813339876392279,13.935443396552618,left,yaw_plus_35,img_654224d56a5a5fc52b21d876,False,True,True,img_654224d56a5a5fc52b21d876::yaw_plus_35,-3.7157040874933633,-3.6658241682426853,2.7946767554169876,1334,3975,7016,1617,11308,11308,10.204910516738892,10.257370948791504,16.756946563720703,13.942591699740504,-3.7165307711850937,-3.6740507513569103,1.338569117696736,555,3975,5879,1274,11308,11246,10.198134231567384,10.246885299682617,15.312076950073243,13.934072336143528
-3.7575159716001156,6.097866709552469,left,pitch_down_56,img_6546170e68807f8e8a52ad34,False,False,False,img_6546170e68807f8e8a52ad34::pitch_down_56,,,,,,,,,,,,,,,,,,,,,,,,,,
-3.7575159716001156,6.097866709552469,left,pitch_up_56,img_6546170e68807f8e8a52ad34,False,False,False,img_6546170e68807f8e8a52ad34::pitch_up_56,,,,,,,,,,,,,,,,,,,,,,,,,,
-3.7575159716001156,6.097866709552469,left,yaw_minus_35,img_6546170e68807f8e8a52ad34,False,False,False,img_6546170e68807f8e8a52ad34::yaw_minus_35,,,,,,,,,,,,,,,,,,,,,,,,,,
-3.7575159716001156,6.097866709552469,left,yaw_plus_35,img_6546170e68807f8e8a52ad34,False,False,False,img_6546170e68807f8e8a52ad34::yaw_plus_35,,,,,,,,,,,,,,,,,,,,,,,,,,
5.952414938310763,6.733673969126624,right,pitch_up_56,img_65f505414e53514b40c87f66,False,False,False,img_65f505414e53514b40c87f66::pitch_up_56,,,,,,,,,,,,,,,,,,,,,,,,,,
5.952414938310763,6.733673969126624,right,yaw_minus_35,img_65f505414e53514b40c87f66,False,True,True,img_65f505414e53514b40c87f66::yaw_minus_35,-3.136063651480054,0.7795091343397682,3.9698575531070137,14904,7933,28654,5125,51572,51572,3.6147161722183228,7.5972511768341064,10.765846061706544,6.751186992880342,-3.2450092815268543,-1.9877139970079245,0.2429230570128094,262,3534,5895,1811,51572,49592,3.499413347244263,4.69971227645874,7.271708059310913,6.806148087434288
5.952414938310763,6.733673969126624,right,yaw_plus_35,img_65f505414e53514b40c87f66,False,False,False,img_65f505414e53514b40c87f66::yaw_plus_35,,,,,,,,,,,,,,,,,,,,,,,,,,
-5.22552191259045,6.10262281003881,left,pitch_up_56,img_662459e85d0d8812f926ab99,False,False,False,img_662459e85d0d8812f926ab99::pitch_up_56,,,,,,,,,,,,,,,,,,,,,,,,,,
-5.22552191259045,6.10262281003881,left,yaw_plus_35,img_662459e85d0d8812f926ab99,False,False,False,img_662459e85d0d8812f926ab99::yaw_plus_35,,,,,,,,,,,,,,,,,,,,,,,,,,
-1.4498550430589572,1.6765943994679917,right,pitch_down_56,img_669111f98083cce643c39165,False,True,False,img_669111f98083cce643c39165::pitch_down_56,,,,,,,,,,,,,,,,,,,,,,,,,,
-1.4498550430589572,1.6765943994679917,right,pitch_up_56,img_669111f98083cce643c39165,False,False,False,img_669111f98083cce643c39165::pitch_up_56,,,,,,,,,,,,,,,,,,,,,,,,,,
-1.4498550430589572,1.6765943994679917,right,yaw_minus_35,img_669111f98083cce643c39165,False,False,False,img_669111f98083cce643c39165::yaw_minus_35,,,,,,,,,,,,,,,,,,,,,,,,,,
-1.4498550430589572,1.6765943994679917,right,yaw_plus_35,img_669111f98083cce643c39165,False,True,False,img_669111f98083cce643c39165::yaw_plus_35,,,,,,,,,,,,,,,,,,,,,,,,,,
-4.518544249154323,8.07026648746715,right,pitch_up_56,img_6740b2dd81f92ad3ddabaecd,False,False,False,img_6740b2dd81f92ad3ddabaecd::pitch_up_56,,,,,,,,,,,,,,,,,,,,,,,,,,
-4.518544249154323,8.07026648746715,right,yaw_minus_35,img_6740b2dd81f92ad3ddabaecd,False,True,True,img_6740b2dd81f92ad3ddabaecd::yaw_minus_35,-4.651065512938076,-1.7573346985119018,4.164677879651996,995,11615,13771,204,45389,45389,3.613534092903137,6.041584491729736,12.441422462463379,8.062846932888297,-4.825731050672043,-4.4154630665962324,-4.039146370500667,0,3056,3056,0,45389,45388,3.586354374885559,3.654721260070801,3.7377761006355286,8.0702034817364
-3.0458558709007706,3.0519285388722595,left,pitch_down_56,img_6775eeb93e9fdc907d461bdf,False,False,False,img_6775eeb93e9fdc907d461bdf::pitch_down_56,,,,,,,,,,,,,,,,,,,,,,,,,,
-3.0458558709007706,3.0519285388722595,left,yaw_minus_35,img_6775eeb93e9fdc907d461bdf,False,False,False,img_6775eeb93e9fdc907d461bdf::yaw_minus_35,,,,,,,,,,,,,,,,,,,,,,,,,,
-6.0108506204927465,6.816033732773628,right,yaw_minus_35,img_6819a75fda93260e77669bee,False,True,False,img_6819a75fda93260e77669bee::yaw_minus_35,,,,,,,,,,,,,,,,,,,,,,,,,,
5.405698777857006,7.579617759287839,right,pitch_up_56,img_68f31368a376525690e48608,False,False,False,img_68f31368a376525690e48608::pitch_up_56,,,,,,,,,,,,,,,,,,,,,,,,,,
5.405698777857006,7.579617759287839,right,yaw_minus_35,img_68f31368a376525690e48608,False,True,True,img_68f31368a376525690e48608::yaw_minus_35,-3.3123061383942582,0.1704623041260689,4.7104755312085445,6878,6462,17720,855,31434,31434,4.41099362373352,7.918243408203125,12.129539442062377,7.58417546489747,-3.785697639485739,-1.9407988083998502,0.7565794337603893,528,3720,6591,299,31434,31060,3.790012001991272,5.802596092224121,8.47774362564087,7.630917265233976
5.405698777857006,7.579617759287839,right,yaw_plus_35,img_68f31368a376525690e48608,False,False,False,img_68f31368a376525690e48608::yaw_plus_35,,,,,,,,,,,,,,,,,,,,,,,,,,
-4.211557862574436,7.896561107136712,right,pitch_up_56,img_692d5bbdcde19c70d8b4d819,False,False,False,img_692d5bbdcde19c70d8b4d819::pitch_up_56,,,,,,,,,,,,,,,,,,,,,,,,,,
-4.211557862574436,7.896561107136712,right,yaw_minus_35,img_692d5bbdcde19c70d8b4d819,False,False,False,img_692d5bbdcde19c70d8b4d819::yaw_minus_35,,,,,,,,,,,,,,,,,,,,,,,,,,
-5.957713875644221,7.700543768785748,right,pitch_up_56,img_69419e5adbf182700c58bb12,False,False,False,img_69419e5adbf182700c58bb12::pitch_up_56,,,,,,,,,,,,,,,,,,,,,,,,,,
-5.957713875644221,7.700543768785748,right,yaw_minus_35,img_69419e5adbf182700c58bb12,False,True,True,img_69419e5adbf182700c58bb12::yaw_minus_35,-4.799223250977798,-1.697161830439076,1.8922318114315804,1612,12095,14721,440,30901,30901,2.958815097808838,6.077925682067871,9.699668884277344,7.702384773131655,-4.839342046566398,-4.615943386137356,-4.104923583064632,0,5720,5720,0,30901,30901,2.929045832157135,3.0707573890686035,3.6782671093940733,7.735510679832116
-4.2378203032515325,7.007224029904214,right,pitch_up_56,img_6945a13d80ea37856cdb03cf,False,False,False,img_6945a13d80ea37856cdb03cf::pitch_up_56,,,,,,,,,,,,,,,,,,,,,,,,,,
-4.2378203032515325,7.007224029904214,right,yaw_minus_35,img_6945a13d80ea37856cdb03cf,False,True,False,img_6945a13d80ea37856cdb03cf::yaw_minus_35,,,,,,,,,,,,,,,,,,,,,,,,,,
-4.2378203032515325,7.007224029904214,right,yaw_plus_35,img_6945a13d80ea37856cdb03cf,False,True,False,img_6945a13d80ea37856cdb03cf::yaw_plus_35,,,,,,,,,,,,,,,,,,,,,,,,,,
-7.798198329412466,10.007682590297685,left,pitch_up_56,img_6957fc6391e712cf9f28468c,False,False,False,img_6957fc6391e712cf9f28468c::pitch_up_56,,,,,,,,,,,,,,,,,,,,,,,,,,
-7.798198329412466,10.007682590297685,left,yaw_minus_35,img_6957fc6391e712cf9f28468c,False,False,False,img_6957fc6391e712cf9f28468c::yaw_minus_35,,,,,,,,,,,,,,,,,,,,,,,,,,
-7.798198329412466,10.007682590297685,left,yaw_plus_35,img_6957fc6391e712cf9f28468c,False,True,False,img_6957fc6391e712cf9f28468c::yaw_plus_35,,,,,,,,,,,,,,,,,,,,,,,,,,
-5.45529776147129,6.323061535087595,left,pitch_up_56,img_69e4bef02a10ed141acc261e,False,False,False,img_69e4bef02a10ed141acc261e::pitch_up_56,,,,,,,,,,,,,,,,,,,,,,,,,,
-5.45529776147129,6.323061535087595,left,yaw_plus_35,img_69e4bef02a10ed141acc261e,False,False,False,img_69e4bef02a10ed141acc261e::yaw_plus_35,,,,,,,,,,,,,,,,,,,,,,,,,,
-4.898984632278855,4.982599255343757,left,pitch_up_56,img_6a2408035c3724c55335982f,False,False,False,img_6a2408035c3724c55335982f::pitch_up_56,,,,,,,,,,,,,,,,,,,,,,,,,,
-4.898984632278855,4.982599255343757,left,yaw_plus_35,img_6a2408035c3724c55335982f,False,False,False,img_6a2408035c3724c55335982f::yaw_plus_35,,,,,,,,,,,,,,,,,,,,,,,,,,
-6.001610434259984,7.631098972175444,left,pitch_up_56,img_6ca3ccb0981185a28e1f93dc,False,False,False,img_6ca3ccb0981185a28e1f93dc::pitch_up_56,,,,,,,,,,,,,,,,,,,,,,,,,,
-6.001610434259984,7.631098972175444,left,yaw_plus_35,img_6ca3ccb0981185a28e1f93dc,False,False,False,img_6ca3ccb0981185a28e1f93dc::yaw_plus_35,,,,,,,,,,,,,,,,,,,,,,,,,,
-2.319230240984558,2.3887414192784,left,pitch_down_56,img_6d2459e72635c43c38ab9b72,False,False,False,img_6d2459e72635c43c38ab9b72::pitch_down_56,,,,,,,,,,,,,,,,,,,,,,,,,,
-2.319230240984558,2.3887414192784,left,pitch_up_56,img_6d2459e72635c43c38ab9b72,False,False,False,img_6d2459e72635c43c38ab9b72::pitch_up_56,,,,,,,,,,,,,,,,,,,,,,,,,,
-2.319230240984558,2.3887414192784,left,yaw_minus_35,img_6d2459e72635c43c38ab9b72,False,True,False,img_6d2459e72635c43c38ab9b72::yaw_minus_35,,,,,,,,,,,,,,,,,,,,,,,,,,
-2.319230240984558,2.3887414192784,left,yaw_plus_35,img_6d2459e72635c43c38ab9b72,False,True,False,img_6d2459e72635c43c38ab9b72::yaw_plus_35,,,,,,,,,,,,,,,,,,,,,,,,,,
-4.274900100507313,4.2791347533011335,left,pitch_down_56,img_6d97759db67f18d871487e44,False,False,False,img_6d97759db67f18d871487e44::pitch_down_56,,,,,,,,,,,,,,,,,,,,,,,,,,
5.148915610518558,5.243693757842893,right,pitch_up_56,img_6ed6c4d41155b1fef7584c54,False,False,False,img_6ed6c4d41155b1fef7584c54::pitch_up_56,,,,,,,,,,,,,,,,,,,,,,,,,,
5.148915610518558,5.243693757842893,right,yaw_minus_35,img_6ed6c4d41155b1fef7584c54,False,True,True,img_6ed6c4d41155b1fef7584c54::yaw_minus_35,-1.5189323278893805,1.3153520557959046,6.898909718847073,23710,6378,37105,6714,101343,100704,3.7617876052856447,6.587994575500488,12.11569023132324,5.280505938629621,-2.9011998723541224,-1.4037407709783487,0.13773760593187576,95,3138,5369,2054,101343,93583,2.35557279586792,3.8663759231567383,5.575966739654541,5.288032988731819
5.148915610518558,5.243693757842893,right,yaw_plus_35,img_6ed6c4d41155b1fef7584c54,False,False,False,img_6ed6c4d41155b1fef7584c54::yaw_plus_35,,,,,,,,,,,,,,,,,,,,,,,,,,
-4.812262833319013,5.204446029312647,right,pitch_up_56,img_6edd04890eae67b7aad63fbe,False,False,False,img_6edd04890eae67b7aad63fbe::pitch_up_56,,,,,,,,,,,,,,,,,,,,,,,,,,
-4.812262833319013,5.204446029312647,right,yaw_minus_35,img_6edd04890eae67b7aad63fbe,False,True,True,img_6edd04890eae67b7aad63fbe::yaw_minus_35,-3.86591484866298,-0.7493080076867296,5.8348380365311225,12945,16994,33656,3247,97575,97575,1.3129542171955109,4.3408074378967285,11.119721412658691,5.228500483470155,-4.079558498149484,-3.964187543572144,-3.8511838191887833,0,1850,1850,0,97575,93167,1.2381122887134552,1.2678983211517334,1.3179783403873444,5.233538656016794
-4.812262833319013,5.204446029312647,right,yaw_plus_35,img_6edd04890eae67b7aad63fbe,False,False,False,img_6edd04890eae67b7aad63fbe::yaw_plus_35,,,,,,,,,,,,,,,,,,,,,,,,,,
5.005660130348399,6.869536622344659,right,pitch_up_56,img_6f0133802dcbba5715db2a6b,False,False,False,img_6f0133802dcbba5715db2a6b::pitch_up_56,,,,,,,,,,,,,,,,,,,,,,,,,,
5.005660130348399,6.869536622344659,right,yaw_minus_35,img_6f0133802dcbba5715db2a6b,True,True,True,img_6f0133802dcbba5715db2a6b::yaw_minus_35,0.08789869549745984,0.6283353729924093,4.5038972539392015,11060,0,18169,2389,39240,39240,6.892863845825195,7.539368152618408,11.130542182922364,6.8753924522551815,0.07259144681260549,0.3343585367605,1.2859463023416993,7428,0,14537,2389,39240,39039,6.856250953674317,7.371974945068359,7.992247772216797,6.909882913613368
5.005660130348399,6.869536622344659,right,yaw_plus_35,img_6f0133802dcbba5715db2a6b,False,False,False,img_6f0133802dcbba5715db2a6b::yaw_plus_35,,,,,,,,,,,,,,,,,,,,,,,,,,
-5.178542722145054,6.544125283564787,left,pitch_up_56,img_6f8a41645307886414fdb6d8,False,False,False,img_6f8a41645307886414fdb6d8::pitch_up_56,,,,,,,,,,,,,,,,,,,,,,,,,,
-5.178542722145054,6.544125283564787,left,yaw_minus_35,img_6f8a41645307886414fdb6d8,False,False,False,img_6f8a41645307886414fdb6d8::yaw_minus_35,,,,,,,,,,,,,,,,,,,,,,,,,,
-5.178542722145054,6.544125283564787,left,yaw_plus_35,img_6f8a41645307886414fdb6d8,False,True,True,img_6f8a41645307886414fdb6d8::yaw_plus_35,-4.524148330641701,-0.4715066360512292,6.516592690052154,4261,12874,22757,1339,39198,39198,1.9816691875457764,5.996224880218506,13.05938415527344,6.540591314900158,-4.8125732781153525,-4.521012807080659,-4.214957922561172,0,2304,2304,0,39198,39158,1.8604403734207153,1.9827870726585388,2.38493150472641,6.636858178209906
-2.7315074507356663,5.564494657793867,left,pitch_down_56,img_70695d79bf115291f89af020,False,False,False,img_70695d79bf115291f89af020::pitch_down_56,,,,,,,,,,,,,,,,,,,,,,,,,,
-2.7315074507356663,5.564494657793867,left,pitch_up_56,img_70695d79bf115291f89af020,False,False,False,img_70695d79bf115291f89af020::pitch_up_56,,,,,,,,,,,,,,,,,,,,,,,,,,
-2.7315074507356663,5.564494657793867,left,yaw_minus_35,img_70695d79bf115291f89af020,False,False,False,img_70695d79bf115291f89af020::yaw_minus_35,,,,,,,,,,,,,,,,,,,,,,,,,,
-2.7315074507356663,5.564494657793867,left,yaw_plus_35,img_70695d79bf115291f89af020,False,False,False,img_70695d79bf115291f89af020::yaw_plus_35,,,,,,,,,,,,,,,,,,,,,,,,,,
-8.980039058053434,9.484914667295799,right,pitch_up_56,img_7075633227ed0e239cb80bdf,False,False,False,img_7075633227ed0e239cb80bdf::pitch_up_56,,,,,,,,,,,,,,,,,,,,,,,,,,
-8.980039058053434,9.484914667295799,right,yaw_minus_35,img_7075633227ed0e239cb80bdf,False,True,True,img_7075633227ed0e239cb80bdf::yaw_minus_35,-5.849833463828701,-3.877877763436107,2.034326406109427,688,11034,12275,310,25153,25153,3.5956316709518434,5.6610426902771,11.51195306777954,9.497755642445913,-6.3598951234840095,-5.520210209568358,-4.858595298989978,0,3612,3612,0,25153,24795,3.1387669444084167,3.96488618850708,4.681887865066528,9.47291504924383
-8.143839793363098,9.71022902400795,right,pitch_up_56,img_714f4ac0cedca8648afe46e2,False,False,False,img_714f4ac0cedca8648afe46e2::pitch_up_56,,,,,,,,,,,,,,,,,,,,,,,,,,
-8.143839793363098,9.71022902400795,right,yaw_minus_35,img_714f4ac0cedca8648afe46e2,False,True,False,img_714f4ac0cedca8648afe46e2::yaw_minus_35,,,,,,,,,,,,,,,,,,,,,,,,,,
-1.590042515313082,1.6352898143020977,right,pitch_down_56,img_71a7ea5f418376a993b7afdc,False,False,False,img_71a7ea5f418376a993b7afdc::pitch_down_56,,,,,,,,,,,,,,,,,,,,,,,,,,
-1.590042515313082,1.6352898143020977,right,pitch_up_56,img_71a7ea5f418376a993b7afdc,False,False,False,img_71a7ea5f418376a993b7afdc::pitch_up_56,,,,,,,,,,,,,,,,,,,,,,,,,,
-1.590042515313082,1.6352898143020977,right,yaw_minus_35,img_71a7ea5f418376a993b7afdc,False,True,False,img_71a7ea5f418376a993b7afdc::yaw_minus_35,,,,,,,,,,,,,,,,,,,,,,,,,,
-1.590042515313082,1.6352898143020977,right,yaw_plus_35,img_71a7ea5f418376a993b7afdc,False,True,False,img_71a7ea5f418376a993b7afdc::yaw_plus_35,,,,,,,,,,,,,,,,,,,,,,,,,,
-1.0245398514610597,6.540305027854974,right,pitch_up_56,img_729de0fdc89bc5da6f822671,False,False,False,img_729de0fdc89bc5da6f822671::pitch_up_56,,,,,,,,,,,,,,,,,,,,,,,,,,
-1.0245398514610597,6.540305027854974,right,yaw_minus_35,img_729de0fdc89bc5da6f822671,False,False,False,img_729de0fdc89bc5da6f822671::yaw_minus_35,,,,,,,,,,,,,,,,,,,,,,,,,,
-1.0245398514610597,6.540305027854974,right,yaw_plus_35,img_729de0fdc89bc5da6f822671,False,True,True,img_729de0fdc89bc5da6f822671::yaw_plus_35,-3.8073192990263314,-1.605429893854434,-0.03261986411929573,110,3460,3915,161,11209,11209,2.8108789920806885,4.835606098175049,6.132954168319702,6.503711931268792,-4.123849456150333,-3.6620332611167576,-3.2869693050470397,0,584,584,0,11209,11206,2.7991432666778566,2.816271424293518,2.994679868221283,6.510332764741302
-1.616922674896685,1.947072825380224,right,pitch_down_56,img_72ad41ba4c78ddfc7ef4dd7c,False,False,False,img_72ad41ba4c78ddfc7ef4dd7c::pitch_down_56,,,,,,,,,,,,,,,,,,,,,,,,,,
-1.616922674896685,1.947072825380224,right,pitch_up_56,img_72ad41ba4c78ddfc7ef4dd7c,False,False,False,img_72ad41ba4c78ddfc7ef4dd7c::pitch_up_56,,,,,,,,,,,,,,,,,,,,,,,,,,
-1.616922674896685,1.947072825380224,right,yaw_minus_35,img_72ad41ba4c78ddfc7ef4dd7c,False,False,False,img_72ad41ba4c78ddfc7ef4dd7c::yaw_minus_35,,,,,,,,,,,,,,,,,,,,,,,,,,
-1.616922674896685,1.947072825380224,right,yaw_plus_35,img_72ad41ba4c78ddfc7ef4dd7c,False,False,False,img_72ad41ba4c78ddfc7ef4dd7c::yaw_plus_35,,,,,,,,,,,,,,,,,,,,,,,,,,
-12.795684747104472,13.103914264954248,left,pitch_up_56,img_72b0880469760869c633c6c8,False,False,False,img_72b0880469760869c633c6c8::pitch_up_56,,,,,,,,,,,,,,,,,,,,,,,,,,
-12.795684747104472,13.103914264954248,left,yaw_minus_35,img_72b0880469760869c633c6c8,False,False,False,img_72b0880469760869c633c6c8::yaw_minus_35,,,,,,,,,,,,,,,,,,,,,,,,,,
-12.795684747104472,13.103914264954248,left,yaw_plus_35,img_72b0880469760869c633c6c8,False,True,True,img_72b0880469760869c633c6c8::yaw_plus_35,-3.7914672705916495,-3.749887715740387,-3.07626884708676,17,8961,8990,8,15570,15570,9.298426151275635,9.376659393310547,9.995514917373656,13.113575210237897,-3.7914865512545264,-3.7500968721217856,-3.081746937776695,0,8937,8937,0,15570,15570,9.2983642578125,9.376357078552246,9.986944580078125,13.113855857038484
5.8725062163823365,7.0452663772221245,right,pitch_up_56,img_72d329aaeffd9ca5bb751d0f,False,False,False,img_72d329aaeffd9ca5bb751d0f::pitch_up_56,,,,,,,,,,,,,,,,,,,,,,,,,,
5.8725062163823365,7.0452663772221245,right,yaw_minus_35,img_72d329aaeffd9ca5bb751d0f,True,True,True,img_72d329aaeffd9ca5bb751d0f::yaw_minus_35,-3.359701769039242,0.14779906506956486,4.148082898354045,9830,9019,23939,3189,42925,42925,3.627050495147705,7.35809850692749,11.183422470092772,7.05827558768758,-3.453039936992783,-3.2665036506065332,0.16022854362989541,68,3989,5880,628,42925,41903,3.5285949230194094,3.8012619018554688,7.479404377937317,7.057347715089796
5.8725062163823365,7.0452663772221245,right,yaw_plus_35,img_72d329aaeffd9ca5bb751d0f,False,False,False,img_72d329aaeffd9ca5bb751d0f::yaw_plus_35,,,,,,,,,,,,,,,,,,,,,,,,,,
-1.4098144538690338,2.375954795446998,right,pitch_up_56,img_72da77466142f9222ca9b432,False,False,False,img_72da77466142f9222ca9b432::pitch_up_56,,,,,,,,,,,,,,,,,,,,,,,,,,
-1.4098144538690338,2.375954795446998,right,yaw_minus_35,img_72da77466142f9222ca9b432,False,False,False,img_72da77466142f9222ca9b432::yaw_minus_35,,,,,,,,,,,,,,,,,,,,,,,,,,
-9.8660704481343,10.813611633042996,left,yaw_plus_35,img_730764b3a74203f26ba4ada6,False,False,False,img_730764b3a74203f26ba4ada6::yaw_plus_35,,,,,,,,,,,,,,,,,,,,,,,,,,
5.245800681521121,5.2561675719578025,right,yaw_minus_35,img_732560e3ddae6ed22512b874,False,True,False,img_732560e3ddae6ed22512b874::yaw_minus_35,,,,,,,,,,,,,,,,,,,,,,,,,,
5.245800681521121,5.2561675719578025,right,yaw_plus_35,img_732560e3ddae6ed22512b874,False,True,False,img_732560e3ddae6ed22512b874::yaw_plus_35,,,,,,,,,,,,,,,,,,,,,,,,,,
-1.5351712816528642,2.4191052974064506,left,pitch_down_56,img_736215cb0d2336e90c45f014,False,False,False,img_736215cb0d2336e90c45f014::pitch_down_56,,,,,,,,,,,,,,,,,,,,,,,,,,
-1.5351712816528642,2.4191052974064506,left,pitch_up_56,img_736215cb0d2336e90c45f014,False,False,False,img_736215cb0d2336e90c45f014::pitch_up_56,,,,,,,,,,,,,,,,,,,,,,,,,,
-1.5351712816528642,2.4191052974064506,left,yaw_minus_35,img_736215cb0d2336e90c45f014,False,False,False,img_736215cb0d2336e90c45f014::yaw_minus_35,,,,,,,,,,,,,,,,,,,,,,,,,,
-1.5351712816528642,2.4191052974064506,left,yaw_plus_35,img_736215cb0d2336e90c45f014,False,True,True,img_736215cb0d2336e90c45f014::yaw_plus_35,-1.40579447547332,2.105095721834056,10.005976726949942,59925,16090,85307,2427,213906,199198,1.0892030477523804,4.6136627197265625,12.282668209075926,2.401438280220447,-1.6331572420084792,-1.244403212034055,-0.08796121250080358,478,11163,12621,160,213906,192656,0.9749213457107544,1.1888753175735474,2.459080457687378,2.4508263622564543
-13.706855240799303,13.802125658558479,left,pitch_up_56,img_738d35da53c08f4a598d2f51,False,False,False,img_738d35da53c08f4a598d2f51::pitch_up_56,,,,,,,,,,,,,,,,,,,,,,,,,,
-13.706855240799303,13.802125658558479,left,yaw_plus_35,img_738d35da53c08f4a598d2f51,False,True,True,img_738d35da53c08f4a598d2f51::yaw_plus_35,-3.7027078467701218,-0.13789998321162145,2.9608400906480634,2047,3779,7909,1936,14491,14490,10.09079818725586,13.697440147399902,16.796659088134763,13.81022017143822,-3.70510348958931,-3.663351689432929,1.4347598907011185,969,3732,6473,1657,14491,14483,10.089529037475586,10.128877639770508,15.260010910034179,13.805957402737468
-2.470365575911738,2.5195136758549292,right,yaw_minus_35,img_73f4d80d0df342e9c22fd43b,False,False,False,img_73f4d80d0df342e9c22fd43b::yaw_minus_35,,,,,,,,,,,,,,,,,,,,,,,,,,
-1.7711780868422928,1.8853540386796916,left,pitch_down_56,img_745b8376779d3a40a84872e7,False,False,False,img_745b8376779d3a40a84872e7::pitch_down_56,,,,,,,,,,,,,,,,,,,,,,,,,,
-1.7711780868422928,1.8853540386796916,left,pitch_up_56,img_745b8376779d3a40a84872e7,False,False,False,img_745b8376779d3a40a84872e7::pitch_up_56,,,,,,,,,,,,,,,,,,,,,,,,,,
-1.7711780868422928,1.8853540386796916,left,yaw_minus_35,img_745b8376779d3a40a84872e7,False,False,False,img_745b8376779d3a40a84872e7::yaw_minus_35,,,,,,,,,,,,,,,,,,,,,,,,,,
-1.7711780868422928,1.8853540386796916,left,yaw_plus_35,img_745b8376779d3a40a84872e7,False,False,False,img_745b8376779d3a40a84872e7::yaw_plus_35,,,,,,,,,,,,,,,,,,,,,,,,,,
-1.334881643333746,5.167454838872162,right,pitch_down_56,img_74943b1f05f275dfa3e64b53,False,False,False,img_74943b1f05f275dfa3e64b53::pitch_down_56,,,,,,,,,,,,,,,,,,,,,,,,,,
-1.334881643333746,5.167454838872162,right,pitch_up_56,img_74943b1f05f275dfa3e64b53,False,False,False,img_74943b1f05f275dfa3e64b53::pitch_up_56,,,,,,,,,,,,,,,,,,,,,,,,,,
-1.334881643333746,5.167454838872162,right,yaw_minus_35,img_74943b1f05f275dfa3e64b53,False,True,False,img_74943b1f05f275dfa3e64b53::yaw_minus_35,,,,,,,,,,,,,,,,,,,,,,,,,,
-1.334881643333746,5.167454838872162,right,yaw_plus_35,img_74943b1f05f275dfa3e64b53,False,True,False,img_74943b1f05f275dfa3e64b53::yaw_plus_35,,,,,,,,,,,,,,,,,,,,,,,,,,
-1.9820415661425939,2.0050555971745503,right,pitch_down_56,img_74b928466746e82240803e26,False,False,False,img_74b928466746e82240803e26::pitch_down_56,,,,,,,,,,,,,,,,,,,,,,,,,,
-1.9820415661425939,2.0050555971745503,right,yaw_minus_35,img_74b928466746e82240803e26,False,False,False,img_74b928466746e82240803e26::yaw_minus_35,,,,,,,,,,,,,,,,,,,,,,,,,,
-1.9820415661425939,2.0050555971745503,right,yaw_plus_35,img_74b928466746e82240803e26,False,False,False,img_74b928466746e82240803e26::yaw_plus_35,,,,,,,,,,,,,,,,,,,,,,,,,,
-2.449976955432593,2.461032381966992,left,pitch_down_56,img_74efacc1aeb4fe0934adf511,False,False,False,img_74efacc1aeb4fe0934adf511::pitch_down_56,,,,,,,,,,,,,,,,,,,,,,,,,,
-2.449976955432593,2.461032381966992,left,yaw_minus_35,img_74efacc1aeb4fe0934adf511,False,False,False,img_74efacc1aeb4fe0934adf511::yaw_minus_35,,,,,,,,,,,,,,,,,,,,,,,,,,
-2.449976955432593,2.461032381966992,left,yaw_plus_35,img_74efacc1aeb4fe0934adf511,False,False,False,img_74efacc1aeb4fe0934adf511::yaw_plus_35,,,,,,,,,,,,,,,,,,,,,,,,,,
3.3802608630478783,6.499060207529397,left,pitch_up_56,img_753e568dd0cb0b359ee23e57,False,False,False,img_753e568dd0cb0b359ee23e57::pitch_up_56,,,,,,,,,,,,,,,,,,,,,,,,,,
3.3802608630478783,6.499060207529397,left,yaw_plus_35,img_753e568dd0cb0b359ee23e57,True,True,True,img_753e568dd0cb0b359ee23e57::yaw_plus_35,0.07961202367659652,0.499227212488611,3.7261231079254427,12429,0,19722,1767,41665,41665,6.552231121063232,7.068657875061035,10.57730121612549,6.4997220221990535,0.05981710806287622,0.33801596741458795,1.0341792547217659,7761,0,15054,1767,41665,41665,6.516604161262512,6.989754676818848,7.275614857673645,6.550606611729842
-4.192904796317571,7.873622632991856,right,pitch_up_56,img_754e03fcb0ec2dfff08a5e4f,False,True,False,img_754e03fcb0ec2dfff08a5e4f::pitch_up_56,,,,,,,,,,,,,,,,,,,,,,,,,,
-4.192904796317571,7.873622632991856,right,yaw_minus_35,img_754e03fcb0ec2dfff08a5e4f,False,True,False,img_754e03fcb0ec2dfff08a5e4f::yaw_minus_35,,,,,,,,,,,,,,,,,,,,,,,,,,
-5.051924625899955,8.270355885743665,left,pitch_up_56,img_756290dd6ae53ced57388fae,False,False,False,img_756290dd6ae53ced57388fae::pitch_up_56,,,,,,,,,,,,,,,,,,,,,,,,,,
-5.051924625899955,8.270355885743665,left,yaw_minus_35,img_756290dd6ae53ced57388fae,False,False,False,img_756290dd6ae53ced57388fae::yaw_minus_35,,,,,,,,,,,,,,,,,,,,,,,,,,
-5.051924625899955,8.270355885743665,left,yaw_plus_35,img_756290dd6ae53ced57388fae,False,False,False,img_756290dd6ae53ced57388fae::yaw_plus_35,,,,,,,,,,,,,,,,,,,,,,,,,,
-12.990448059198464,13.025261546379337,left,pitch_up_56,img_75a30ee17616282a88941ad2,False,False,False,img_75a30ee17616282a88941ad2::pitch_up_56,,,,,,,,,,,,,,,,,,,,,,,,,,
-12.990448059198464,13.025261546379337,left,yaw_minus_35,img_75a30ee17616282a88941ad2,False,False,False,img_75a30ee17616282a88941ad2::yaw_minus_35,,,,,,,,,,,,,,,,,,,,,,,,,,
-12.990448059198464,13.025261546379337,left,yaw_plus_35,img_75a30ee17616282a88941ad2,False,True,True,img_75a30ee17616282a88941ad2::yaw_plus_35,-3.679447716763716,-0.11382868303519533,20.615173012551764,3897,2466,9160,2612,15899,15899,9.336564064025879,12.945075511932373,33.658247566223146,13.038511844589788,-3.6829541809197943,-0.12176565978917786,1.4441569638914973,1645,2055,6037,2153,15899,15831,9.332855987548829,12.93263053894043,14.486487770080567,13.038958651335252
2.06525859566322,9.212980203365046,right,pitch_up_56,img_764fe29b4e1960f79bb29e3d,False,False,False,img_764fe29b4e1960f79bb29e3d::pitch_up_56,,,,,,,,,,,,,,,,,,,,,,,,,,
2.06525859566322,9.212980203365046,right,yaw_minus_35,img_764fe29b4e1960f79bb29e3d,False,True,True,img_764fe29b4e1960f79bb29e3d::yaw_minus_35,-0.06707507150155952,0.47431071178045237,0.9442268989168592,2787,0,4223,867,8038,8038,8.72969455718994,9.673294067382812,10.48418388366699,9.192335778138482,-0.0680684105955435,0.4601573328959754,0.8710964830875575,2658,0,4094,867,8038,8038,8.728671026229858,9.671357154846191,10.184427881240843,9.19015052970682
2.06525859566322,9.212980203365046,right,yaw_plus_35,img_764fe29b4e1960f79bb29e3d,False,False,False,img_764fe29b4e1960f79bb29e3d::yaw_plus_35,,,,,,,,,,,,,,,,,,,,,,,,,,
-5.105779973006494,6.695559791860968,left,pitch_up_56,img_767138f6ff85ce73dc611a99,False,False,False,img_767138f6ff85ce73dc611a99::pitch_up_56,,,,,,,,,,,,,,,,,,,,,,,,,,
-5.105779973006494,6.695559791860968,left,yaw_minus_35,img_767138f6ff85ce73dc611a99,False,False,False,img_767138f6ff85ce73dc611a99::yaw_minus_35,,,,,,,,,,,,,,,,,,,,,,,,,,
-5.105779973006494,6.695559791860968,left,yaw_plus_35,img_767138f6ff85ce73dc611a99,False,True,True,img_767138f6ff85ce73dc611a99::yaw_plus_35,-4.744037143807113,-0.7460476617935243,4.510221994418596,2250,12069,18268,633,40068,40068,1.9206107258796692,5.964176416397095,11.472472858428954,6.702849024466041,-4.992852889787032,-4.810921533417255,-4.625480604493093,0,1411,1411,0,40068,39951,1.8443780541419983,1.9001960754394531,1.9871278405189514,6.710687726911951
-1.8658377276868041,2.1971682924779445,left,pitch_down_56,img_769f7332c72ccca1e08d266b,False,False,False,img_769f7332c72ccca1e08d266b::pitch_down_56,,,,,,,,,,,,,,,,,,,,,,,,,,
-1.8658377276868041,2.1971682924779445,left,pitch_up_56,img_769f7332c72ccca1e08d266b,False,False,False,img_769f7332c72ccca1e08d266b::pitch_up_56,,,,,,,,,,,,,,,,,,,,,,,,,,
-1.8658377276868041,2.1971682924779445,left,yaw_plus_35,img_769f7332c72ccca1e08d266b,False,False,False,img_769f7332c72ccca1e08d266b::yaw_plus_35,,,,,,,,,,,,,,,,,,,,,,,,,,
-9.158372092523718,9.319690152769047,left,pitch_up_56,img_76ca13299aa4657ab76c685e,False,False,False,img_76ca13299aa4657ab76c685e::pitch_up_56,,,,,,,,,,,,,,,,,,,,,,,,,,
-9.158372092523718,9.319690152769047,left,yaw_plus_35,img_76ca13299aa4657ab76c685e,False,False,False,img_76ca13299aa4657ab76c685e::yaw_plus_35,,,,,,,,,,,,,,,,,,,,,,,,,,
-7.285880458486522,7.320685980565959,right,pitch_up_56,img_77098503d4402a0360da6d34,False,False,False,img_77098503d4402a0360da6d34::pitch_up_56,,,,,,,,,,,,,,,,,,,,,,,,,,
-7.285880458486522,7.320685980565959,right,yaw_minus_35,img_77098503d4402a0360da6d34,False,False,False,img_77098503d4402a0360da6d34::yaw_minus_35,,,,,,,,,,,,,,,,,,,,,,,,,,
-7.285880458486522,7.320685980565959,right,yaw_plus_35,img_77098503d4402a0360da6d34,False,True,True,img_77098503d4402a0360da6d34::yaw_plus_35,-3.677940144404977,1.201379987398285,20.773997373733394,10226,5736,19942,3782,36355,36331,3.6378014087677,8.575437068939209,28.109536552429198,7.34126394898835,-3.6887261953953656,-0.1258168663136332,1.4046359449769932,2824,4742,11218,3464,36355,35851,3.6297797322273255,7.237969636917114,8.732282829284667,7.340062015135313
-4.146779004743476,7.897167366306899,left,pitch_down_56,img_77219089d0772978b6821983,False,False,False,img_77219089d0772978b6821983::pitch_down_56,,,,,,,,,,,,,,,,,,,,,,,,,,
-4.146779004743476,7.897167366306899,left,pitch_up_56,img_77219089d0772978b6821983,False,True,False,img_77219089d0772978b6821983::pitch_up_56,,,,,,,,,,,,,,,,,,,,,,,,,,
-4.146779004743476,7.897167366306899,left,yaw_minus_35,img_77219089d0772978b6821983,False,False,False,img_77219089d0772978b6821983::yaw_minus_35,,,,,,,,,,,,,,,,,,,,,,,,,,
-4.146779004743476,7.897167366306899,left,yaw_plus_35,img_77219089d0772978b6821983,False,False,False,img_77219089d0772978b6821983::yaw_plus_35,,,,,,,,,,,,,,,,,,,,,,,,,,
1.8927686376160413,7.629940963148305,right,pitch_up_56,img_77ed34b0126642eb21004da8,False,False,False,img_77ed34b0126642eb21004da8::pitch_up_56,,,,,,,,,,,,,,,,,,,,,,,,,,
1.8927686376160413,7.629940963148305,right,yaw_minus_35,img_77ed34b0126642eb21004da8,False,True,True,img_77ed34b0126642eb21004da8::yaw_minus_35,-0.055635298482322244,0.48197328323864497,3.153171887396445,5023,0,6964,1118,13312,13312,7.16943142414093,8.09639310836792,10.50378141403198,7.598026645881754,-0.05908404444153135,0.4642222730553338,1.0040678059529349,4367,0,6308,1118,13312,13312,7.152602648735046,8.08273696899414,8.816556882858276,7.610517785048611
1.8927686376160413,7.629940963148305,right,yaw_plus_35,img_77ed34b0126642eb21004da8,False,False,False,img_77ed34b0126642eb21004da8::yaw_plus_35,,,,,,,,,,,,,,,,,,,,,,,,,,
-0.8890667760111768,5.080636557914502,right,pitch_down_56,img_780059d915b011a5bd08b6b7,False,False,False,img_780059d915b011a5bd08b6b7::pitch_down_56,,,,,,,,,,,,,,,,,,,,,,,,,,
-0.8890667760111768,5.080636557914502,right,pitch_up_56,img_780059d915b011a5bd08b6b7,False,False,False,img_780059d915b011a5bd08b6b7::pitch_up_56,,,,,,,,,,,,,,,,,,,,,,,,,,
-0.8890667760111768,5.080636557914502,right,yaw_minus_35,img_780059d915b011a5bd08b6b7,False,True,False,img_780059d915b011a5bd08b6b7::yaw_minus_35,,,,,,,,,,,,,,,,,,,,,,,,,,
-0.8890667760111768,5.080636557914502,right,yaw_plus_35,img_780059d915b011a5bd08b6b7,False,True,False,img_780059d915b011a5bd08b6b7::yaw_plus_35,,,,,,,,,,,,,,,,,,,,,,,,,,
-1.6203458695157043,2.2983410661768837,right,pitch_down_56,img_783c40ea973d77f89e68bd01,False,False,False,img_783c40ea973d77f89e68bd01::pitch_down_56,,,,,,,,,,,,,,,,,,,,,,,,,,
-1.6203458695157043,2.2983410661768837,right,pitch_up_56,img_783c40ea973d77f89e68bd01,False,False,False,img_783c40ea973d77f89e68bd01::pitch_up_56,,,,,,,,,,,,,,,,,,,,,,,,,,
-1.6203458695157043,2.2983410661768837,right,yaw_minus_35,img_783c40ea973d77f89e68bd01,False,True,True,img_783c40ea973d77f89e68bd01::yaw_minus_35,-1.2562433140003813,2.0399322956905097,13.391407674181428,72871,15332,98600,3367,309950,257288,1.1067340552806855,4.498669862747192,15.505193853378294,2.265925864215781,-1.5040833108939107,-1.1650312219279018,-0.21435961012823132,103,12737,14099,245,309950,247553,0.9354248046875,1.1828334331512451,1.8423313736915572,2.287713227947049
4.354464698878829,6.9151558537804725,right,pitch_up_56,img_789243cb60bd90423c2cc36f,False,False,False,img_789243cb60bd90423c2cc36f::pitch_up_56,,,,,,,,,,,,,,,,,,,,,,,,,,
4.354464698878829,6.9151558537804725,right,yaw_minus_35,img_789243cb60bd90423c2cc36f,False,True,True,img_789243cb60bd90423c2cc36f::yaw_minus_35,0.07396658697748078,0.4808793275822052,3.691481554440664,9142,0,15880,1554,31466,31466,6.932045936584473,7.48249888420105,10.452109146118165,6.916457161081841,0.06362545051719763,0.3067872674218184,1.2142752747166916,6840,0,13578,1554,31466,31466,6.903788709640503,7.411247968673706,7.871681833267212,6.937151856181982
4.354464698878829,6.9151558537804725,right,yaw_plus_35,img_789243cb60bd90423c2cc36f,False,False,False,img_789243cb60bd90423c2cc36f::yaw_plus_35,,,,,,,,,,,,,,,,,,,,,,,,,,
-9.506580723900301,10.62613829358987,right,pitch_up_56,img_78a3f1935a07eebf17609099,False,False,False,img_78a3f1935a07eebf17609099::pitch_up_56,,,,,,,,,,,,,,,,,,,,,,,,,,
-9.506580723900301,10.62613829358987,right,yaw_minus_35,img_78a3f1935a07eebf17609099,False,True,True,img_78a3f1935a07eebf17609099::yaw_minus_35,-4.281324056488122,-4.066711436597391,-1.085731579580765,145,9397,9628,73,17693,17693,6.35910279750824,6.578603506088257,9.443825101852417,10.636063550461248,-4.301049943277587,-4.090575542416316,-3.336985930130793,0,7413,7413,0,17693,17657,6.380333995819091,6.586033821105957,7.375411796569824,10.67726413830262
-4.846330201079684,5.06039608455186,left,yaw_plus_35,img_790005ba0043de4a43aaf92c,False,False,False,img_790005ba0043de4a43aaf92c::yaw_plus_35,,,,,,,,,,,,,,,,,,,,,,,,,,
5.31555870113776,5.360447770591132,right,pitch_up_56,img_7a41592105a1e385ea290380,False,False,False,img_7a41592105a1e385ea290380::pitch_up_56,,,,,,,,,,,,,,,,,,,,,,,,,,
5.31555870113776,5.360447770591132,right,yaw_minus_35,img_7a41592105a1e385ea290380,False,True,False,img_7a41592105a1e385ea290380::yaw_minus_35,,,,,,,,,,,,,,,,,,,,,,,,,,
5.31555870113776,5.360447770591132,right,yaw_plus_35,img_7a41592105a1e385ea290380,False,True,False,img_7a41592105a1e385ea290380::yaw_plus_35,,,,,,,,,,,,,,,,,,,,,,,,,,
-5.90312714361998,8.752873257478004,right,yaw_minus_35,img_7bb3380ce80f1bc1d599c623,False,True,True,img_7bb3380ce80f1bc1d599c623::yaw_minus_35,-5.263795186614096,-3.2259165325339154,1.4960642793169339,724,11181,14135,232,30872,30872,3.7275561809539797,5.40415096282959,10.48313894271848,8.752339903397806,-5.376372491941827,-4.942243738350591,-4.565031273653732,0,4599,4599,0,30872,30872,3.691858649253845,3.8014841079711914,3.924306130409241,8.746080619093126
-2.1378786534651972,2.1597620839578164,right,pitch_down_56,img_7bd154c88477cf14f3e327e8,False,False,False,img_7bd154c88477cf14f3e327e8::pitch_down_56,,,,,,,,,,,,,,,,,,,,,,,,,,
-2.1378786534651972,2.1597620839578164,right,yaw_minus_35,img_7bd154c88477cf14f3e327e8,False,False,False,img_7bd154c88477cf14f3e327e8::yaw_minus_35,,,,,,,,,,,,,,,,,,,,,,,,,,
-2.1378786534651972,2.1597620839578164,right,yaw_plus_35,img_7bd154c88477cf14f3e327e8,False,False,False,img_7bd154c88477cf14f3e327e8::yaw_plus_35,,,,,,,,,,,,,,,,,,,,,,,,,,
-4.656241698662655,6.437188384860831,right,yaw_minus_35,img_7c194d874150e53dc7911d70,False,True,True,img_7c194d874150e53dc7911d70::yaw_minus_35,-4.134049508551472,-0.525196015684978,4.7450132778166525,4348,14112,24080,839,40079,40079,2.621845173835754,5.874485969543457,11.346911525726318,6.439175121056738,-5.2854275450085035,-5.070888616570384,-4.869001458415254,0,1141,1141,0,40079,39864,1.3235156536102295,1.3773764371871948,1.4568501710891724,6.446680521680324
0.5835945880988926,0.6378323606078762,right,pitch_down_56,img_7c4bd9a8b55c8f86fa134466,False,False,False,img_7c4bd9a8b55c8f86fa134466::pitch_down_56,,,,,,,,,,,,,,,,,,,,,,,,,,
0.5835945880988926,0.6378323606078762,right,pitch_up_56,img_7c4bd9a8b55c8f86fa134466,False,False,False,img_7c4bd9a8b55c8f86fa134466::pitch_up_56,,,,,,,,,,,,,,,,,,,,,,,,,,
0.5835945880988926,0.6378323606078762,right,yaw_minus_35,img_7c4bd9a8b55c8f86fa134466,False,True,False,img_7c4bd9a8b55c8f86fa134466::yaw_minus_35,,,,,,,,,,,,,,,,,,,,,,,,,,
0.5835945880988926,0.6378323606078762,right,yaw_plus_35,img_7c4bd9a8b55c8f86fa134466,True,False,False,img_7c4bd9a8b55c8f86fa134466::yaw_plus_35,,,,,,,,,,,,,,,,,,,,,,,,,,
-11.00100148046183,11.00257707044291,left,pitch_up_56,img_7c515910e5b2babce47b2d20,False,False,False,img_7c515910e5b2babce47b2d20::pitch_up_56,,,,,,,,,,,,,,,,,,,,,,,,,,
-11.00100148046183,11.00257707044291,left,yaw_plus_35,img_7c515910e5b2babce47b2d20,False,False,False,img_7c515910e5b2babce47b2d20::yaw_plus_35,,,,,,,,,,,,,,,,,,,,,,,,,,
1.9017704479840951,7.523813860285868,right,pitch_up_56,img_7cbdf15076430dd9350f81b8,False,False,False,img_7cbdf15076430dd9350f81b8::pitch_up_56,,,,,,,,,,,,,,,,,,,,,,,,,,
1.9017704479840951,7.523813860285868,right,yaw_minus_35,img_7cbdf15076430dd9350f81b8,False,True,True,img_7cbdf15076430dd9350f81b8::yaw_minus_35,-0.06516587278540156,0.46854082587426715,3.011492415736011,4807,55,6792,1135,9928,9928,7.041527247428894,7.983747482299805,10.242063617706298,7.4954804635046,-0.06772033865055675,0.4490748625681804,0.9527208721086988,4113,55,6098,1135,9928,9928,7.019654107093811,7.963326930999756,8.709546613693236,7.517217654488288
1.9017704479840951,7.523813860285868,right,yaw_plus_35,img_7cbdf15076430dd9350f81b8,False,False,False,img_7cbdf15076430dd9350f81b8::yaw_plus_35,,,,,,,,,,,,,,,,,,,,,,,,,,
-1.5101977940630515,1.7840887746894485,right,pitch_down_56,img_7cbe47c2fcf912025e6a1750,False,False,False,img_7cbe47c2fcf912025e6a1750::pitch_down_56,,,,,,,,,,,,,,,,,,,,,,,,,,
-1.5101977940630515,1.7840887746894485,right,pitch_up_56,img_7cbe47c2fcf912025e6a1750,False,False,False,img_7cbe47c2fcf912025e6a1750::pitch_up_56,,,,,,,,,,,,,,,,,,,,,,,,,,
-1.5101977940630515,1.7840887746894485,right,yaw_minus_35,img_7cbe47c2fcf912025e6a1750,False,False,False,img_7cbe47c2fcf912025e6a1750::yaw_minus_35,,,,,,,,,,,,,,,,,,,,,,,,,,
-1.5101977940630515,1.7840887746894485,right,yaw_plus_35,img_7cbe47c2fcf912025e6a1750,False,False,False,img_7cbe47c2fcf912025e6a1750::yaw_plus_35,,,,,,,,,,,,,,,,,,,,,,,,,,
-2.4723226589333223,2.5146485726543335,right,yaw_minus_35,img_7ce21959ed0341af67a18655,False,False,False,img_7ce21959ed0341af67a18655::yaw_minus_35,,,,,,,,,,,,,,,,,,,,,,,,,,
-6.069963287935318,7.5996483644901005,right,pitch_up_56,img_7d6f42b0bce05fe141244829,False,False,False,img_7d6f42b0bce05fe141244829::pitch_up_56,,,,,,,,,,,,,,,,,,,,,,,,,,
-6.069963287935318,7.5996483644901005,right,yaw_minus_35,img_7d6f42b0bce05fe141244829,False,True,True,img_7d6f42b0bce05fe141244829::yaw_minus_35,-4.651103477994361,-1.7255413772281423,2.046846694581383,1798,12668,15626,728,30757,30757,3.0040122270584106,5.889237403869629,9.677360534667969,7.604868628189934,-4.693755647841651,-4.458591621790362,-3.878661436845098,0,7106,7106,0,30757,30757,2.9811666011810303,3.134982943534851,3.6354817152023315,7.624713948739355
-3.3305020591298273,3.336444401644145,right,pitch_down_56,img_7dcdf9e8d78797e6f40a6690,False,False,False,img_7dcdf9e8d78797e6f40a6690::pitch_down_56,,,,,,,,,,,,,,,,,,,,,,,,,,
-3.3305020591298273,3.336444401644145,right,yaw_plus_35,img_7dcdf9e8d78797e6f40a6690,False,False,False,img_7dcdf9e8d78797e6f40a6690::yaw_plus_35,,,,,,,,,,,,,,,,,,,,,,,,,,
1.7070736445304515,9.166018011134273,right,pitch_up_56,img_7e1c9e745aed152b1e706429,False,False,False,img_7e1c9e745aed152b1e706429::pitch_up_56,,,,,,,,,,,,,,,,,,,,,,,,,,
1.7070736445304515,9.166018011134273,right,yaw_minus_35,img_7e1c9e745aed152b1e706429,False,True,True,img_7e1c9e745aed152b1e706429::yaw_minus_35,-0.08529792050242689,0.4726205029430979,1.2268808840501937,2566,0,3953,866,8584,8584,8.664295959472657,9.623722076416016,10.628154945373533,9.136799379317338,-0.08656273816967416,0.4530477358991014,1.0212870840628665,2440,0,3827,866,8584,8584,8.66394100189209,9.621679306030273,10.463636684417725,9.138385211011595
1.7070736445304515,9.166018011134273,right,yaw_plus_35,img_7e1c9e745aed152b1e706429,False,False,False,img_7e1c9e745aed152b1e706429::yaw_plus_35,,,,,,,,,,,,,,,,,,,,,,,,,,
5.745841453579585,6.373631460573201,right,pitch_up_56,img_7e5fa33d0d13a5a9e8727f84,False,False,False,img_7e5fa33d0d13a5a9e8727f84::pitch_up_56,,,,,,,,,,,,,,,,,,,,,,,,,,
5.745841453579585,6.373631460573201,right,yaw_minus_35,img_7e5fa33d0d13a5a9e8727f84,False,True,True,img_7e5fa33d0d13a5a9e8727f84::yaw_minus_35,-3.091355333578022,0.9258561406233179,3.906180452264234,17179,8224,31268,5346,56006,56006,3.3265888810157778,7.342389345169067,10.349925422668457,6.394456895466024,-3.1937742475484416,-2.7567717982046513,0.146818989156643,23,3948,5750,1623,56006,53797,3.203470015525818,3.7603001594543457,6.772085380554199,6.456468082467751
5.745841453579585,6.373631460573201,right,yaw_plus_35,img_7e5fa33d0d13a5a9e8727f84,False,False,False,img_7e5fa33d0d13a5a9e8727f84::yaw_plus_35,,,,,,,,,,,,,,,,,,,,,,,,,,
-1.9219405819490252,1.9449946013870274,right,pitch_down_56,img_7eb69cbcb3cfc4f6f4283b99,False,False,False,img_7eb69cbcb3cfc4f6f4283b99::pitch_down_56,,,,,,,,,,,,,,,,,,,,,,,,,,
-1.9219405819490252,1.9449946013870274,right,pitch_up_56,img_7eb69cbcb3cfc4f6f4283b99,False,False,False,img_7eb69cbcb3cfc4f6f4283b99::pitch_up_56,,,,,,,,,,,,,,,,,,,,,,,,,,
-1.9219405819490252,1.9449946013870274,right,yaw_minus_35,img_7eb69cbcb3cfc4f6f4283b99,False,False,False,img_7eb69cbcb3cfc4f6f4283b99::yaw_minus_35,,,,,,,,,,,,,,,,,,,,,,,,,,
-1.9219405819490252,1.9449946013870274,right,yaw_plus_35,img_7eb69cbcb3cfc4f6f4283b99,False,False,False,img_7eb69cbcb3cfc4f6f4283b99::yaw_plus_35,,,,,,,,,,,,,,,,,,,,,,,,,,
-0.728059574033872,6.495215138572081,right,pitch_up_56,img_8025ffd18b089ef27d299a02,False,False,False,img_8025ffd18b089ef27d299a02::pitch_up_56,,,,,,,,,,,,,,,,,,,,,,,,,,
-0.728059574033872,6.495215138572081,right,yaw_minus_35,img_8025ffd18b089ef27d299a02,False,False,False,img_8025ffd18b089ef27d299a02::yaw_minus_35,,,,,,,,,,,,,,,,,,,,,,,,,,
-0.728059574033872,6.495215138572081,right,yaw_plus_35,img_8025ffd18b089ef27d299a02,False,True,True,img_8025ffd18b089ef27d299a02::yaw_plus_35,-3.7402020780056304,-1.8214450757351246,0.06497352922979985,84,2546,2852,103,8395,8395,2.787624716758728,4.654689788818359,6.431574344634971,6.4621426423745145,-4.070933081384826,-3.6369483943533867,-3.2801144707360814,0,391,391,0,8395,8378,2.7807226181030273,2.7926981449127197,2.969433069229126,6.450483648322258
-5.429419921002174,5.445402841739511,right,pitch_up_56,img_8034bee18078f34322ce32c4,False,False,False,img_8034bee18078f34322ce32c4::pitch_up_56,,,,,,,,,,,,,,,,,,,,,,,,,,
-5.429419921002174,5.445402841739511,right,yaw_minus_35,img_8034bee18078f34322ce32c4,False,False,False,img_8034bee18078f34322ce32c4::yaw_minus_35,,,,,,,,,,,,,,,,,,,,,,,,,,
-5.429419921002174,5.445402841739511,right,yaw_plus_35,img_8034bee18078f34322ce32c4,False,True,False,img_8034bee18078f34322ce32c4::yaw_plus_35,,,,,,,,,,,,,,,,,,,,,,,,,,
-4.965558472072347,5.003044296151109,left,pitch_up_56,img_8090a41117eb65d08a63dfb6,False,False,False,img_8090a41117eb65d08a63dfb6::pitch_up_56,,,,,,,,,,,,,,,,,,,,,,,,,,
-4.965558472072347,5.003044296151109,left,yaw_plus_35,img_8090a41117eb65d08a63dfb6,False,False,False,img_8090a41117eb65d08a63dfb6::yaw_plus_35,,,,,,,,,,,,,,,,,,,,,,,,,,
1.9015327039637453,7.523778258666851,right,pitch_up_56,img_80940ca2f4c06ff631233746,False,False,False,img_80940ca2f4c06ff631233746::pitch_up_56,,,,,,,,,,,,,,,,,,,,,,,,,,
1.9015327039637453,7.523778258666851,right,yaw_minus_35,img_80940ca2f4c06ff631233746,False,True,True,img_80940ca2f4c06ff631233746::yaw_minus_35,-0.0645325034300706,0.46955416322802934,3.0089743428953226,4781,57,6702,1059,9797,9797,7.0503119945526125,7.987774133682251,10.223780345916747,7.492325958180063,-0.06871826280747766,0.45059140722215263,0.9700442488927749,4109,57,6030,1059,9797,9797,7.024207019805909,7.9655232429504395,8.70102801322937,7.515319174590305
1.9015327039637453,7.523778258666851,right,yaw_plus_35,img_80940ca2f4c06ff631233746,False,False,False,img_80940ca2f4c06ff631233746::yaw_plus_35,,,,,,,,,,,,,,,,,,,,,,,,,,
-2.060731879299719,2.115963182415858,left,pitch_down_56,img_809b1e32b82c29585751f38a,False,True,False,img_809b1e32b82c29585751f38a::pitch_down_56,,,,,,,,,,,,,,,,,,,,,,,,,,
-2.060731879299719,2.115963182415858,left,pitch_up_56,img_809b1e32b82c29585751f38a,False,False,False,img_809b1e32b82c29585751f38a::pitch_up_56,,,,,,,,,,,,,,,,,,,,,,,,,,
-2.060731879299719,2.115963182415858,left,yaw_minus_35,img_809b1e32b82c29585751f38a,False,True,True,img_809b1e32b82c29585751f38a::yaw_minus_35,-0.11972433655793044,2.8735633488709853,21.86338742972634,126569,3365,137114,6170,484481,480592,2.0713773131370545,5.0183656215667725,24.006688785552978,2.163858265873042,-1.2479462436800597,1.3618338777265415,2.933264829933411,17589,2979,26840,5775,484481,457884,1.0194547414779662,3.538575291633606,5.084664940834045,2.180049662919573
-2.060731879299719,2.115963182415858,left,yaw_plus_35,img_809b1e32b82c29585751f38a,False,False,False,img_809b1e32b82c29585751f38a::yaw_plus_35,,,,,,,,,,,,,,,,,,,,,,,,,,
0.6491889234895103,0.6993376322856797,right,pitch_down_56,img_80df250f9970d79b3541dfbf,False,False,False,img_80df250f9970d79b3541dfbf::pitch_down_56,,,,,,,,,,,,,,,,,,,,,,,,,,
0.6491889234895103,0.6993376322856797,right,pitch_up_56,img_80df250f9970d79b3541dfbf,False,False,False,img_80df250f9970d79b3541dfbf::pitch_up_56,,,,,,,,,,,,,,,,,,,,,,,,,,
0.6491889234895103,0.6993376322856797,right,yaw_minus_35,img_80df250f9970d79b3541dfbf,False,False,False,img_80df250f9970d79b3541dfbf::yaw_minus_35,,,,,,,,,,,,,,,,,,,,,,,,,,
0.6491889234895103,0.6993376322856797,right,yaw_plus_35,img_80df250f9970d79b3541dfbf,False,True,False,img_80df250f9970d79b3541dfbf::yaw_plus_35,,,,,,,,,,,,,,,,,,,,,,,,,,
-8.549765071971635,8.566239588120709,right,pitch_up_56,img_8123b95a19d4d38c968b46a6,False,False,False,img_8123b95a19d4d38c968b46a6::pitch_up_56,,,,,,,,,,,,,,,,,,,,,,,,,,
-8.549765071971635,8.566239588120709,right,yaw_minus_35,img_8123b95a19d4d38c968b46a6,False,True,True,img_8123b95a19d4d38c968b46a6::yaw_minus_35,-1.2585361078343449,1.3222522047731893,20.69046714800783,9051,2162,16076,4497,37693,37687,7.297653317451477,9.900467872619629,29.277071475982666,8.586695764795657,-1.2789490785644702,-0.11604899312395744,1.5421970211598204,3403,1750,9465,3950,37693,37352,7.279593372344971,8.494791030883789,10.144098091125487,8.584617153498497
-9.374142549641496,9.380826246430274,left,pitch_up_56,img_82d9fb8847d38ab47a5fd588,False,False,False,img_82d9fb8847d38ab47a5fd588::pitch_up_56,,,,,,,,,,,,,,,,,,,,,,,,,,
-9.374142549641496,9.380826246430274,left,yaw_plus_35,img_82d9fb8847d38ab47a5fd588,False,False,False,img_82d9fb8847d38ab47a5fd588::yaw_plus_35,,,,,,,,,,,,,,,,,,,,,,,,,,
-4.4630437405235694,8.080687796625723,left,pitch_up_56,img_838c23e27b7d0914a3d56cc1,False,False,False,img_838c23e27b7d0914a3d56cc1::pitch_up_56,,,,,,,,,,,,,,,,,,,,,,,,,,
-4.4630437405235694,8.080687796625723,left,yaw_minus_35,img_838c23e27b7d0914a3d56cc1,False,False,False,img_838c23e27b7d0914a3d56cc1::yaw_minus_35,,,,,,,,,,,,,,,,,,,,,,,,,,
-4.4630437405235694,8.080687796625723,left,yaw_plus_35,img_838c23e27b7d0914a3d56cc1,False,True,False,img_838c23e27b7d0914a3d56cc1::yaw_plus_35,,,,,,,,,,,,,,,,,,,,,,,,,,
-4.811334596146102,4.947627790409121,right,pitch_up_56,img_8445df47b782669dc1b90367,False,False,False,img_8445df47b782669dc1b90367::pitch_up_56,,,,,,,,,,,,,,,,,,,,,,,,,,
-4.811334596146102,4.947627790409121,right,yaw_minus_35,img_8445df47b782669dc1b90367,False,False,False,img_8445df47b782669dc1b90367::yaw_minus_35,,,,,,,,,,,,,,,,,,,,,,,,,,
-4.811334596146102,4.947627790409121,right,yaw_plus_35,img_8445df47b782669dc1b90367,False,True,True,img_8445df47b782669dc1b90367::yaw_plus_35,-3.70472309494677,-0.11439873546296653,6.4537649814014175,17748,14986,37355,4364,97876,97876,1.238688349723816,4.9553446769714355,11.48144302368159,4.981519744803165,-3.8607124951931304,-3.771140286188362,-3.7023883614443234,0,1984,1984,0,97876,94220,1.1808221101760865,1.2061330676078796,1.2395340144634246,4.977878294394675
1.9015896029536274,7.523936335533417,right,pitch_up_56,img_8448119d6dd039f747f28fad,False,False,False,img_8448119d6dd039f747f28fad::pitch_up_56,,,,,,,,,,,,,,,,,,,,,,,,,,
1.9015896029536274,7.523936335533417,right,yaw_minus_35,img_8448119d6dd039f747f28fad,False,True,True,img_8448119d6dd039f747f28fad::yaw_minus_35,-0.06504676786055663,0.4695500425272279,2.999580172293834,4775,55,6702,1064,9797,9797,7.047293949127197,7.987738847732544,10.223661804199217,7.491850763685897,-0.06849354311275624,0.4510465027924395,0.9816678965639258,4112,55,6039,1064,9797,9797,7.023730945587158,7.96523380279541,8.7031849861145,7.514385065283862
1.9015896029536274,7.523936335533417,right,yaw_plus_35,img_8448119d6dd039f747f28fad,False,False,False,img_8448119d6dd039f747f28fad::yaw_plus_35,,,,,,,,,,,,,,,,,,,,,,,,,,
-3.340491073206154,3.345959038039316,left,pitch_down_56,img_844c2dcd66a9f0b1ea61b610,False,False,False,img_844c2dcd66a9f0b1ea61b610::pitch_down_56,,,,,,,,,,,,,,,,,,,,,,,,,,
-2.2446170086867556,2.292922866949064,left,pitch_down_56,img_84697fc9c6f4c5bed7b7f5e7,False,False,False,img_84697fc9c6f4c5bed7b7f5e7::pitch_down_56,,,,,,,,,,,,,,,,,,,,,,,,,,
-2.2446170086867556,2.292922866949064,left,pitch_up_56,img_84697fc9c6f4c5bed7b7f5e7,False,False,False,img_84697fc9c6f4c5bed7b7f5e7::pitch_up_56,,,,,,,,,,,,,,,,,,,,,,,,,,
-2.2446170086867556,2.292922866949064,left,yaw_minus_35,img_84697fc9c6f4c5bed7b7f5e7,False,True,False,img_84697fc9c6f4c5bed7b7f5e7::yaw_minus_35,,,,,,,,,,,,,,,,,,,,,,,,,,
-2.2446170086867556,2.292922866949064,left,yaw_plus_35,img_84697fc9c6f4c5bed7b7f5e7,False,True,False,img_84697fc9c6f4c5bed7b7f5e7::yaw_plus_35,,,,,,,,,,,,,,,,,,,,,,,,,,
-2.393713494767921,2.4445075538807957,left,pitch_down_56,img_84c4dd47f20c39c3503715c4,False,False,False,img_84c4dd47f20c39c3503715c4::pitch_down_56,,,,,,,,,,,,,,,,,,,,,,,,,,
-2.393713494767921,2.4445075538807957,left,pitch_up_56,img_84c4dd47f20c39c3503715c4,False,True,False,img_84c4dd47f20c39c3503715c4::pitch_up_56,,,,,,,,,,,,,,,,,,,,,,,,,,
-2.393713494767921,2.4445075538807957,left,yaw_minus_35,img_84c4dd47f20c39c3503715c4,False,True,False,img_84c4dd47f20c39c3503715c4::yaw_minus_35,,,,,,,,,,,,,,,,,,,,,,,,,,
-2.393713494767921,2.4445075538807957,left,yaw_plus_35,img_84c4dd47f20c39c3503715c4,False,True,False,img_84c4dd47f20c39c3503715c4::yaw_plus_35,,,,,,,,,,,,,,,,,,,,,,,,,,
-9.107472750280008,10.418040910653072,left,yaw_plus_35,img_84dc5ebb65e295c784cd23a8,False,False,False,img_84dc5ebb65e295c784cd23a8::yaw_plus_35,,,,,,,,,,,,,,,,,,,,,,,,,,
-4.100667603257469,7.862675757624003,left,pitch_up_56,img_854fa679dccac7d7e0b62e14,False,False,False,img_854fa679dccac7d7e0b62e14::pitch_up_56,,,,,,,,,,,,,,,,,,,,,,,,,,
-4.100667603257469,7.862675757624003,left,yaw_minus_35,img_854fa679dccac7d7e0b62e14,False,False,False,img_854fa679dccac7d7e0b62e14::yaw_minus_35,,,,,,,,,,,,,,,,,,,,,,,,,,
-4.100667603257469,7.862675757624003,left,yaw_plus_35,img_854fa679dccac7d7e0b62e14,False,True,False,img_854fa679dccac7d7e0b62e14::yaw_plus_35,,,,,,,,,,,,,,,,,,,,,,,,,,
2.4647879719087227,6.428239076469406,left,yaw_plus_35,img_85721e8fec7e71b7c7f73a5a,False,False,False,img_85721e8fec7e71b7c7f73a5a::yaw_plus_35,,,,,,,,,,,,,,,,,,,,,,,,,,
-9.027920106867622,9.033031417401423,left,pitch_up_56,img_85a543b7c72c048e16fcfee4,False,False,False,img_85a543b7c72c048e16fcfee4::pitch_up_56,,,,,,,,,,,,,,,,,,,,,,,,,,
-9.027920106867622,9.033031417401423,left,yaw_plus_35,img_85a543b7c72c048e16fcfee4,False,False,False,img_85a543b7c72c048e16fcfee4::yaw_plus_35,,,,,,,,,,,,,,,,,,,,,,,,,,
-12.035251305459088,12.368175903012393,right,yaw_minus_35,img_85e78662bf093fa213534df1,False,True,True,img_85e78662bf093fa213534df1::yaw_minus_35,-3.81079703115351,-3.743224421779357,-3.0498230273794724,119,10705,10844,17,18384,18384,8.566074180603028,8.638635635375977,9.305247497558593,12.380802386700658,-3.811213633377443,-3.744795921120617,-3.062777549949008,0,10576,10576,0,18384,18384,8.565523147583008,8.636598110198975,9.27885389328003,12.382210297786092
1.7224209099682073,8.170295088542211,right,pitch_up_56,img_864756b6e6d7af01e546481e,False,False,False,img_864756b6e6d7af01e546481e::pitch_up_56,,,,,,,,,,,,,,,,,,,,,,,,,,
1.7224209099682073,8.170295088542211,right,yaw_minus_35,img_864756b6e6d7af01e546481e,False,True,True,img_864756b6e6d7af01e546481e::yaw_minus_35,-0.07251623214361533,0.524803890407755,2.3145428085200166,3875,0,5565,1016,11437,11437,7.683241081237793,8.637322425842285,10.540918731689466,8.143891573627672,-0.07343110557763977,0.5029002804271059,0.9547890552869358,3561,0,5251,1016,11437,11437,7.680683374404907,8.63313102722168,9.45989465713501,8.137393786191286
1.7224209099682073,8.170295088542211,right,yaw_plus_35,img_864756b6e6d7af01e546481e,False,False,False,img_864756b6e6d7af01e546481e::yaw_plus_35,,,,,,,,,,,,,,,,,,,,,,,,,,
3.355575019699803,6.643334772839441,right,pitch_up_56,img_864f94111ef95cfcf74e9828,False,False,False,img_864f94111ef95cfcf74e9828::pitch_up_56,,,,,,,,,,,,,,,,,,,,,,,,,,
3.355575019699803,6.643334772839441,right,yaw_minus_35,img_864f94111ef95cfcf74e9828,True,True,True,img_864f94111ef95cfcf74e9828::yaw_minus_35,0.06450720780467174,0.47097208797899937,3.587910526194731,11581,0,18748,1826,39340,39340,6.659643578529358,7.195166349411011,9.918606901168815,6.636458196558181,0.04630128431131491,0.3277462703360996,1.010823300417662,7387,0,14554,1826,39340,39340,6.615851831436157,7.129013776779175,7.405432915687561,6.686299518541146
-11.378596719508169,11.381281791494162,right,yaw_minus_35,img_86575fe5a65f1c1856691512,False,True,True,img_86575fe5a65f1c1856691512::yaw_minus_35,-6.871462388870685,-0.12524807133100246,3.304966939719433,1981,3691,7984,2218,19264,14794,4.535328817367554,11.268845081329346,14.6970956325531,11.400666526077838,-6.875495472626273,-6.803448781723097,-0.11092684920494866,142,3688,5240,1401,19264,14445,4.533565425872803,4.597616910934448,11.299718952178955,11.400500673258577
-4.125886560272923,7.868578680671674,left,pitch_down_56,img_873f8a46b4f56524c493f90f,False,False,False,img_873f8a46b4f56524c493f90f::pitch_down_56,,,,,,,,,,,,,,,,,,,,,,,,,,
-4.125886560272923,7.868578680671674,left,pitch_up_56,img_873f8a46b4f56524c493f90f,False,False,False,img_873f8a46b4f56524c493f90f::pitch_up_56,,,,,,,,,,,,,,,,,,,,,,,,,,
-4.125886560272923,7.868578680671674,left,yaw_minus_35,img_873f8a46b4f56524c493f90f,False,False,False,img_873f8a46b4f56524c493f90f::yaw_minus_35,,,,,,,,,,,,,,,,,,,,,,,,,,
-4.125886560272923,7.868578680671674,left,yaw_plus_35,img_873f8a46b4f56524c493f90f,False,True,False,img_873f8a46b4f56524c493f90f::yaw_plus_35,,,,,,,,,,,,,,,,,,,,,,,,,,
-6.7450554968118865,6.778563588291816,right,pitch_up_56,img_876fed3a87ac79c0d63a1017,False,False,False,img_876fed3a87ac79c0d63a1017::pitch_up_56,,,,,,,,,,,,,,,,,,,,,,,,,,
-6.7450554968118865,6.778563588291816,right,yaw_minus_35,img_876fed3a87ac79c0d63a1017,False,False,False,img_876fed3a87ac79c0d63a1017::yaw_minus_35,,,,,,,,,,,,,,,,,,,,,,,,,,
-6.7450554968118865,6.778563588291816,right,yaw_plus_35,img_876fed3a87ac79c0d63a1017,False,True,True,img_876fed3a87ac79c0d63a1017::yaw_plus_35,-3.668530649971532,1.3328789022964473,20.80076115513707,17042,7768,29696,4541,57714,57601,3.110680401325226,8.121533393859863,27.59176778793335,6.801131662358234,-3.6843754496551524,-0.12881080352818097,1.4299727783540725,3537,6379,14296,4057,57714,56437,3.091109573841095,6.689471244812012,8.21567416191101,6.795716970970577
-9.309641721391591,9.314573403393277,right,pitch_up_56,img_87edfad3f6901cbaccb73eb1,False,False,False,img_87edfad3f6901cbaccb73eb1::pitch_up_56,,,,,,,,,,,,,,,,,,,,,,,,,,
-9.309641721391591,9.314573403393277,right,yaw_minus_35,img_87edfad3f6901cbaccb73eb1,False,True,True,img_87edfad3f6901cbaccb73eb1::yaw_minus_35,-1.2839833102557328,1.3145421194193565,10.842811433608524,6417,1346,11868,3838,32423,32413,8.05566463470459,10.640771389007568,20.194522380828857,9.33306153520359,-1.298948800568759,-0.1140084756100812,2.093902083878261,2681,1183,6925,3042,32423,31908,8.04430332183838,9.23962688446045,11.415995788574216,9.331423611911008
4.525959755537375,7.871335666929642,right,pitch_up_56,img_88226fd046cc5356cc68c8ec,False,False,False,img_88226fd046cc5356cc68c8ec::pitch_up_56,,,,,,,,,,,,,,,,,,,,,,,,,,
4.525959755537375,7.871335666929642,right,yaw_minus_35,img_88226fd046cc5356cc68c8ec,True,True,True,img_88226fd046cc5356cc68c8ec::yaw_minus_35,-3.8812100221097823,0.19642979776660185,4.375056492729747,3860,4978,12840,749,24111,24111,3.8535894632339476,8.080061435699463,12.256811475753784,7.866271688420333,-4.057276769482711,0.15178684732892656,1.22351409360317,1416,3521,7825,388,24111,24066,3.7969051361083985,7.84871244430542,8.897685241699218,7.858707248340306
4.525959755537375,7.871335666929642,right,yaw_plus_35,img_88226fd046cc5356cc68c8ec,False,False,False,img_88226fd046cc5356cc68c8ec::yaw_plus_35,,,,,,,,,,,,,,,,,,,,,,,,,,
-3.966608164304726,7.920744165956522,left,pitch_up_56,img_88f56dd83ab43bbefa88be99,False,False,False,img_88f56dd83ab43bbefa88be99::pitch_up_56,,,,,,,,,,,,,,,,,,,,,,,,,,
-3.966608164304726,7.920744165956522,left,yaw_minus_35,img_88f56dd83ab43bbefa88be99,False,False,False,img_88f56dd83ab43bbefa88be99::yaw_minus_35,,,,,,,,,,,,,,,,,,,,,,,,,,
-3.966608164304726,7.920744165956522,left,yaw_plus_35,img_88f56dd83ab43bbefa88be99,False,True,False,img_88f56dd83ab43bbefa88be99::yaw_plus_35,,,,,,,,,,,,,,,,,,,,,,,,,,
-0.41551448502884547,0.6222864369767582,right,pitch_down_56,img_899fdb6f39652cc58649d147,False,False,False,img_899fdb6f39652cc58649d147::pitch_down_56,,,,,,,,,,,,,,,,,,,,,,,,,,
-0.41551448502884547,0.6222864369767582,right,pitch_up_56,img_899fdb6f39652cc58649d147,False,False,False,img_899fdb6f39652cc58649d147::pitch_up_56,,,,,,,,,,,,,,,,,,,,,,,,,,
-0.41551448502884547,0.6222864369767582,right,yaw_minus_35,img_899fdb6f39652cc58649d147,False,False,False,img_899fdb6f39652cc58649d147::yaw_minus_35,,,,,,,,,,,,,,,,,,,,,,,,,,
-0.41551448502884547,0.6222864369767582,right,yaw_plus_35,img_899fdb6f39652cc58649d147,False,False,False,img_899fdb6f39652cc58649d147::yaw_plus_35,,,,,,,,,,,,,,,,,,,,,,,,,,
3.4555857339087774,6.509535596678071,right,pitch_up_56,img_89a641da0fa44949a2822d47,False,False,False,img_89a641da0fa44949a2822d47::pitch_up_56,,,,,,,,,,,,,,,,,,,,,,,,,,
3.4555857339087774,6.509535596678071,right,yaw_minus_35,img_89a641da0fa44949a2822d47,False,False,False,img_89a641da0fa44949a2822d47::yaw_minus_35,,,,,,,,,,,,,,,,,,,,,,,,,,
-6.977948014491998,6.995728536755284,right,yaw_plus_35,img_89dbae486825e8e491b2f107,False,False,False,img_89dbae486825e8e491b2f107::yaw_plus_35,,,,,,,,,,,,,,,,,,,,,,,,,,
5.123190501907931,6.380414306132962,right,pitch_up_56,img_8a5782154627496067ab070d,False,False,False,img_8a5782154627496067ab070d::pitch_up_56,,,,,,,,,,,,,,,,,,,,,,,,,,
5.123190501907931,6.380414306132962,right,yaw_minus_35,img_8a5782154627496067ab070d,True,True,True,img_8a5782154627496067ab070d::yaw_minus_35,0.10120210331715393,0.8222357118048071,4.417324946201379,15194,0,23203,5115,52938,52938,6.446087074279785,7.230182647705078,10.670143604278564,6.3928173207628,0.07529556353941144,0.37509643708318485,3.4501221997355653,8858,0,16867,5115,52938,52754,6.397964191436768,6.893043518066406,9.687904453277584,6.440203083001199
5.123190501907931,6.380414306132962,right,yaw_plus_35,img_8a5782154627496067ab070d,False,False,False,img_8a5782154627496067ab070d::yaw_plus_35,,,,,,,,,,,,,,,,,,,,,,,,,,
-9.585318581290352,9.58811207056039,right,pitch_up_56,img_8a836ae7085e580269664f4b,False,False,False,img_8a836ae7085e580269664f4b::pitch_up_56,,,,,,,,,,,,,,,,,,,,,,,,,,
-9.585318581290352,9.58811207056039,right,yaw_minus_35,img_8a836ae7085e580269664f4b,False,True,False,img_8a836ae7085e580269664f4b::yaw_minus_35,,,,,,,,,,,,,,,,,,,,,,,,,,
-9.585318581290352,9.58811207056039,right,yaw_plus_35,img_8a836ae7085e580269664f4b,False,True,False,img_8a836ae7085e580269664f4b::yaw_plus_35,,,,,,,,,,,,,,,,,,,,,,,,,,
-6.526528172441431,9.211213595265718,right,yaw_minus_35,img_8b86a5f7e66ce5098ea7120a,False,True,True,img_8b86a5f7e66ce5098ea7120a::yaw_minus_35,-5.302060266945672,-3.7787700645797813,-0.17510492588644677,359,11415,12856,133,20887,20887,4.043153643608093,5.547496557235718,8.8447265625,9.216533417468737,-5.332250384016768,-5.145293248186073,-4.785451226576378,0,5183,5183,0,20887,20887,4.029615163803101,4.1127848625183105,4.186993837356567,9.183062851458212
-11.871257838983134,12.218773858642258,left,pitch_up_56,img_8bdef04bbeeb5f84aab07251,False,False,False,img_8bdef04bbeeb5f84aab07251::pitch_up_56,,,,,,,,,,,,,,,,,,,,,,,,,,
-11.871257838983134,12.218773858642258,left,yaw_plus_35,img_8bdef04bbeeb5f84aab07251,False,True,True,img_8bdef04bbeeb5f84aab07251::yaw_plus_35,-3.820937515082322,-3.7451954966683143,-2.873323928231226,168,10749,10944,27,18481,18481,8.407769298553466,8.49141263961792,9.26236772537232,12.230013363826977,-3.8216902343710655,-3.747268637493473,-3.0610187373082347,0,10565,10565,0,18481,18481,8.407460403442382,8.488870620727539,9.143281173706054,12.232730371062196
1.102594393501851,5.717801819284305,right,pitch_down_56,img_8c2af5819c98a4c49838403d,False,False,False,img_8c2af5819c98a4c49838403d::pitch_down_56,,,,,,,,,,,,,,,,,,,,,,,,,,
1.102594393501851,5.717801819284305,right,pitch_up_56,img_8c2af5819c98a4c49838403d,False,True,False,img_8c2af5819c98a4c49838403d::pitch_up_56,,,,,,,,,,,,,,,,,,,,,,,,,,
1.102594393501851,5.717801819284305,right,yaw_minus_35,img_8c2af5819c98a4c49838403d,False,True,True,img_8c2af5819c98a4c49838403d::yaw_minus_35,-0.07790456981419673,0.58933184058065,3.5962976030398823,5867,0,8033,1341,15792,15792,5.231830596923828,6.195040702819824,9.436892127990717,5.689293783551931,-0.08183202714063942,0.5444302472369982,1.1025524405437366,4851,0,7017,1341,15792,15792,5.227285861968994,6.1833109855651855,7.163503646850586,5.696469824199672
1.102594393501851,5.717801819284305,right,yaw_plus_35,img_8c2af5819c98a4c49838403d,False,False,False,img_8c2af5819c98a4c49838403d::yaw_plus_35,,,,,,,,,,,,,,,,,,,,,,,,,,
-4.274089756988381,4.27784828770203,right,pitch_down_56,img_8c3e6079842882b7a563f29e,False,False,False,img_8c3e6079842882b7a563f29e::pitch_down_56,,,,,,,,,,,,,,,,,,,,,,,,,,
-4.274089756988381,4.27784828770203,right,yaw_plus_35,img_8c3e6079842882b7a563f29e,False,False,False,img_8c3e6079842882b7a563f29e::yaw_plus_35,,,,,,,,,,,,,,,,,,,,,,,,,,
5.682419529641908,7.3211353213462935,right,pitch_up_56,img_8c80111aab308428694788f4,False,False,False,img_8c80111aab308428694788f4::pitch_up_56,,,,,,,,,,,,,,,,,,,,,,,,,,
5.682419529641908,7.3211353213462935,right,yaw_minus_35,img_8c80111aab308428694788f4,True,True,True,img_8c80111aab308428694788f4::yaw_minus_35,-3.6823726208918353,0.15790534859471883,4.376226786586352,8337,7706,20651,1654,35700,35700,3.7963963747024536,7.641669273376465,11.59287166595459,7.329090376213699,-3.7891696852452896,-2.442827446823052,0.946320892957916,414,4285,6602,337,35700,35222,3.737920081615448,4.753181219100952,8.234222412109375,7.3543237977063365
5.682419529641908,7.3211353213462935,right,yaw_plus_35,img_8c80111aab308428694788f4,False,False,False,img_8c80111aab308428694788f4::yaw_plus_35,,,,,,,,,,,,,,,,,,,,,,,,,,
-1.8954142795784357,6.658551086984132,right,pitch_up_56,img_8cb5b725b7b6ad962fac04a5,False,False,False,img_8cb5b725b7b6ad962fac04a5::pitch_up_56,,,,,,,,,,,,,,,,,,,,,,,,,,
-1.8954142795784357,6.658551086984132,right,yaw_minus_35,img_8cb5b725b7b6ad962fac04a5,False,False,False,img_8cb5b725b7b6ad962fac04a5::yaw_minus_35,,,,,,,,,,,,,,,,,,,,,,,,,,
-1.8954142795784357,6.658551086984132,right,yaw_plus_35,img_8cb5b725b7b6ad962fac04a5,False,True,True,img_8cb5b725b7b6ad962fac04a5::yaw_plus_35,-3.9354557766593943,-1.335184055677157,0.12095950998321661,320,5673,6852,565,18004,18004,2.8118898391723635,5.327712535858154,7.148435497283935,6.635972469674763,-4.1933304996346275,-3.6645188145676424,-3.177763290035102,0,1606,1606,0,18004,18003,2.798958718776703,2.857751965522766,3.346057176589966,6.634181776949118
-8.95455409631925,9.923349326748644,left,pitch_up_56,img_8cd89f371a942c3c6c92b440,False,False,False,img_8cd89f371a942c3c6c92b440::pitch_up_56,,,,,,,,,,,,,,,,,,,,,,,,,,
-8.95455409631925,9.923349326748644,left,yaw_minus_35,img_8cd89f371a942c3c6c92b440,False,False,False,img_8cd89f371a942c3c6c92b440::yaw_minus_35,,,,,,,,,,,,,,,,,,,,,,,,,,
-8.95455409631925,9.923349326748644,left,yaw_plus_35,img_8cd89f371a942c3c6c92b440,False,False,False,img_8cd89f371a942c3c6c92b440::yaw_plus_35,,,,,,,,,,,,,,,,,,,,,,,,,,
-1.5257809060558496,1.7275527764589207,left,pitch_down_56,img_8d2055f12af7808e4abb1128,False,False,False,img_8d2055f12af7808e4abb1128::pitch_down_56,,,,,,,,,,,,,,,,,,,,,,,,,,
-1.5257809060558496,1.7275527764589207,left,pitch_up_56,img_8d2055f12af7808e4abb1128,False,False,False,img_8d2055f12af7808e4abb1128::pitch_up_56,,,,,,,,,,,,,,,,,,,,,,,,,,
-1.5257809060558496,1.7275527764589207,left,yaw_minus_35,img_8d2055f12af7808e4abb1128,False,False,False,img_8d2055f12af7808e4abb1128::yaw_minus_35,,,,,,,,,,,,,,,,,,,,,,,,,,
-1.5257809060558496,1.7275527764589207,left,yaw_plus_35,img_8d2055f12af7808e4abb1128,False,False,False,img_8d2055f12af7808e4abb1128::yaw_plus_35,,,,,,,,,,,,,,,,,,,,,,,,,,
-4.953882793808048,7.336981031719224,right,pitch_up_56,img_8d2653f0e92eb51552d9d708,False,False,False,img_8d2653f0e92eb51552d9d708::pitch_up_56,,,,,,,,,,,,,,,,,,,,,,,,,,
-4.953882793808048,7.336981031719224,right,yaw_minus_35,img_8d2653f0e92eb51552d9d708,False,True,False,img_8d2653f0e92eb51552d9d708::yaw_minus_35,,,,,,,,,,,,,,,,,,,,,,,,,,
-4.953882793808048,7.336981031719224,right,yaw_plus_35,img_8d2653f0e92eb51552d9d708,False,True,False,img_8d2653f0e92eb51552d9d708::yaw_plus_35,,,,,,,,,,,,,,,,,,,,,,,,,,
-7.479564231891924,7.49720143189039,right,pitch_up_56,img_8e7406ac1d20129cfb445559,False,False,False,img_8e7406ac1d20129cfb445559::pitch_up_56,,,,,,,,,,,,,,,,,,,,,,,,,,
-7.479564231891924,7.49720143189039,right,yaw_plus_35,img_8e7406ac1d20129cfb445559,False,False,False,img_8e7406ac1d20129cfb445559::yaw_plus_35,,,,,,,,,,,,,,,,,,,,,,,,,,
-1.7258946889349716,2.2251709278064915,right,pitch_down_56,img_8ef82436b387ffb945bf91a5,False,False,False,img_8ef82436b387ffb945bf91a5::pitch_down_56,,,,,,,,,,,,,,,,,,,,,,,,,,
-1.7258946889349716,2.2251709278064915,right,pitch_up_56,img_8ef82436b387ffb945bf91a5,False,False,False,img_8ef82436b387ffb945bf91a5::pitch_up_56,,,,,,,,,,,,,,,,,,,,,,,,,,
-1.7258946889349716,2.2251709278064915,right,yaw_minus_35,img_8ef82436b387ffb945bf91a5,False,True,True,img_8ef82436b387ffb945bf91a5::yaw_minus_35,-1.1703742949167266,2.2852959514622873,14.989152221939827,98827,16179,126004,5244,309985,309073,1.0583119213581085,4.574801206588745,17.234993457794186,2.2297096096167213,-1.3959421593713222,-1.049657744322433,1.8610767879646677,2813,14733,19545,670,309985,298379,0.9346385478973389,1.1518181562423706,4.366961288452148,2.26648360476763
-1.7258946889349716,2.2251709278064915,right,yaw_plus_35,img_8ef82436b387ffb945bf91a5,False,False,False,img_8ef82436b387ffb945bf91a5::yaw_plus_35,,,,,,,,,,,,,,,,,,,,,,,,,,
-4.865001092270424,5.336071600479533,left,yaw_plus_35,img_8efe5cca9c8833e14b9d60ff,False,False,False,img_8efe5cca9c8833e14b9d60ff::yaw_plus_35,,,,,,,,,,,,,,,,,,,,,,,,,,
-8.70937581086571,8.72499133742083,right,pitch_up_56,img_8f0e7759dc55f86773c50f2b,False,False,False,img_8f0e7759dc55f86773c50f2b::pitch_up_56,,,,,,,,,,,,,,,,,,,,,,,,,,
-8.70937581086571,8.72499133742083,right,yaw_minus_35,img_8f0e7759dc55f86773c50f2b,False,True,True,img_8f0e7759dc55f86773c50f2b::yaw_minus_35,-1.257408136306115,1.3200563039115103,20.687640505991915,8703,2081,15568,4417,33928,33928,7.459650731086731,10.06046724319458,29.435096263885498,8.746160651803098,-1.2781697375344323,-0.11613627023522088,1.5430122237587192,3211,1632,9130,3922,33928,33662,7.441095137596131,8.650791645050049,10.307418775558471,8.745039436956075
-11.821145608242922,12.188896778278629,right,yaw_minus_35,img_90c01a0a342d72f043a54865,False,True,True,img_90c01a0a342d72f043a54865::yaw_minus_35,-3.8279649442159274,-3.7517264005627897,-3.0357183290453364,151,10492,10676,31,16702,16702,8.367448329925537,8.457823276519775,9.189661741256714,12.200846222910965,-3.8284424371648615,-3.7536178033568337,-3.0644666710512687,0,10340,10340,0,16702,16702,8.366975545883179,8.455440044403076,9.114441061019898,12.20356061897317
-1.5040365245401062,2.4615097142524234,right,yaw_minus_35,img_90c4c943ac74ab146341b73c,False,False,False,img_90c4c943ac74ab146341b73c::yaw_minus_35,,,,,,,,,,,,,,,,,,,,,,,,,,
-7.121197944589104,7.717750017705023,right,yaw_minus_35,img_90eea4dd5eaa99d0803f2f7d,False,True,False,img_90eea4dd5eaa99d0803f2f7d::yaw_minus_35,,,,,,,,,,,,,,,,,,,,,,,,,,
-8.897817316204803,9.255409104128008,right,pitch_up_56,img_9294bdfdfc421be19feca3a8,False,False,False,img_9294bdfdfc421be19feca3a8::pitch_up_56,,,,,,,,,,,,,,,,,,,,,,,,,,
-8.897817316204803,9.255409104128008,right,yaw_minus_35,img_9294bdfdfc421be19feca3a8,False,True,True,img_9294bdfdfc421be19feca3a8::yaw_minus_35,-5.794840505401096,-3.8343552887629375,1.8095638365653983,751,11727,12980,351,29237,29237,3.5049962043762206,5.406945466995239,11.025853061676022,9.270791702670753,-6.251793317601045,-5.427286006148665,-4.709576118043455,0,4524,4524,0,29237,29143,3.014577066898346,3.86637020111084,4.634207940101623,9.300478801083583
5.6067021277427465,7.494156767086679,right,pitch_up_56,img_92dd1fda516c07508a76a56c,False,False,False,img_92dd1fda516c07508a76a56c::pitch_up_56,,,,,,,,,,,,,,,,,,,,,,,,,,
5.6067021277427465,7.494156767086679,right,yaw_minus_35,img_92dd1fda516c07508a76a56c,False,True,True,img_92dd1fda516c07508a76a56c::yaw_minus_35,-3.4041832404388566,0.16218362242998907,4.488068859648318,7182,6737,18703,1315,32563,32563,4.161513471603394,7.828944683074951,11.840877628326416,7.500128095760129,-3.687811781772103,-1.8326146947621575,0.9699310041863035,795,3767,6728,290,32563,32178,3.8177815437316895,5.772018194198608,8.415897178649903,7.526618956581801
5.6067021277427465,7.494156767086679,right,yaw_plus_35,img_92dd1fda516c07508a76a56c,False,False,False,img_92dd1fda516c07508a76a56c::yaw_plus_35,,,,,,,,,,,,,,,,,,,,,,,,,,
2.8659853724357456,6.494448440588242,left,pitch_up_56,img_93526b49c3d4ea71e085b123,False,False,False,img_93526b49c3d4ea71e085b123::pitch_up_56,,,,,,,,,,,,,,,,,,,,,,,,,,
2.8659853724357456,6.494448440588242,left,yaw_plus_35,img_93526b49c3d4ea71e085b123,True,True,True,img_93526b49c3d4ea71e085b123::yaw_plus_35,0.06399531101189315,0.4286072829388816,3.8340063607281403,10961,0,17884,1769,40915,40915,6.514372205734253,7.0232250690460205,10.54625973701477,6.491338006210013,0.04541736051485761,0.31009631156683515,0.9886033650674579,7175,0,14098,1769,40915,40915,6.478013420104981,6.977537631988525,7.342967295646667,6.5537037261564866
-0.1176889592090995,5.100380098476099,right,pitch_down_56,img_94448b4974045a36f76fb520,False,False,False,img_94448b4974045a36f76fb520::pitch_down_56,,,,,,,,,,,,,,,,,,,,,,,,,,
-0.1176889592090995,5.100380098476099,right,pitch_up_56,img_94448b4974045a36f76fb520,False,False,False,img_94448b4974045a36f76fb520::pitch_up_56,,,,,,,,,,,,,,,,,,,,,,,,,,
-0.1176889592090995,5.100380098476099,right,yaw_minus_35,img_94448b4974045a36f76fb520,False,True,True,img_94448b4974045a36f76fb520::yaw_minus_35,-3.540403531857349,-0.6232796569458054,0.3510005621337909,70,817,1103,123,3271,3271,1.4318582653999328,4.50779390335083,5.612367963790893,5.231571353047058,-4.321396098610096,-3.78438449528654,-3.4167992215980694,0,69,69,0,3271,3174,1.402635884284973,1.4128040075302124,1.4463944673538207,5.226462339807017
-0.1176889592090995,5.100380098476099,right,yaw_plus_35,img_94448b4974045a36f76fb520,False,False,False,img_94448b4974045a36f76fb520::yaw_plus_35,,,,,,,,,,,,,,,,,,,,,,,,,,
-8.995706613597436,10.133177060932214,right,yaw_minus_35,img_94927e44b477e8913c19b6ca,False,True,True,img_94927e44b477e8913c19b6ca::yaw_minus_35,-7.77372023757928,-4.161790217428531,-0.13053122712229318,510,10890,12264,375,21023,21023,2.3889660954475405,5.982074499130249,10.17414402961731,10.132588141915907,-7.8381921907569865,-7.68462029521866,-7.484834924309124,0,2482,2482,0,21023,20749,2.3674297094345094,2.4227631092071533,2.52290643453598,10.144679709716687
-6.51415146986823,6.546537564558318,right,pitch_up_56,img_94e02476ceafeb0eb6a0b463,False,False,False,img_94e02476ceafeb0eb6a0b463::pitch_up_56,,,,,,,,,,,,,,,,,,,,,,,,,,
-6.51415146986823,6.546537564558318,right,yaw_plus_35,img_94e02476ceafeb0eb6a0b463,False,False,False,img_94e02476ceafeb0eb6a0b463::yaw_plus_35,,,,,,,,,,,,,,,,,,,,,,,,,,
-4.615179717473778,6.455358834853599,left,pitch_up_56,img_953b301eedea931f01d7519b,False,False,False,img_953b301eedea931f01d7519b::pitch_up_56,,,,,,,,,,,,,,,,,,,,,,,,,,
-4.615179717473778,6.455358834853599,left,yaw_minus_35,img_953b301eedea931f01d7519b,False,False,False,img_953b301eedea931f01d7519b::yaw_minus_35,,,,,,,,,,,,,,,,,,,,,,,,,,
-4.615179717473778,6.455358834853599,left,yaw_plus_35,img_953b301eedea931f01d7519b,False,False,False,img_953b301eedea931f01d7519b::yaw_plus_35,,,,,,,,,,,,,,,,,,,,,,,,,,
3.318480568524891,6.466395644666978,left,pitch_up_56,img_954f086e75547572ac933571,False,False,False,img_954f086e75547572ac933571::pitch_up_56,,,,,,,,,,,,,,,,,,,,,,,,,,
3.318480568524891,6.466395644666978,left,yaw_plus_35,img_954f086e75547572ac933571,True,True,True,img_954f086e75547572ac933571::yaw_plus_35,0.07970419719931243,0.5034758017091612,3.8755581079219876,12836,0,20241,1795,47650,47650,6.522410869598389,7.03846549987793,10.608223915100098,6.466200596466991,0.0599173431521443,0.3428088664474007,1.0209120017847066,7953,0,15358,1795,47650,47650,6.483522248268128,6.958343029022217,7.244455432891845,6.5188664189313155
-9.037553127393183,9.329056174128327,left,pitch_up_56,img_9633e8945f2c59ccce41f434,False,False,False,img_9633e8945f2c59ccce41f434::pitch_up_56,,,,,,,,,,,,,,,,,,,,,,,,,,
-9.037553127393183,9.329056174128327,left,yaw_plus_35,img_9633e8945f2c59ccce41f434,False,False,False,img_9633e8945f2c59ccce41f434::yaw_plus_35,,,,,,,,,,,,,,,,,,,,,,,,,,
-8.946720316207111,9.40589855330507,left,pitch_up_56,img_963a1658563cdcae13dded91,False,False,False,img_963a1658563cdcae13dded91::pitch_up_56,,,,,,,,,,,,,,,,,,,,,,,,,,
-8.946720316207111,9.40589855330507,left,yaw_plus_35,img_963a1658563cdcae13dded91,False,False,False,img_963a1658563cdcae13dded91::yaw_plus_35,,,,,,,,,,,,,,,,,,,,,,,,,,
-9.588216534075245,10.680179523338284,left,pitch_up_56,img_96ec06089b236e99424a6f3b,False,False,False,img_96ec06089b236e99424a6f3b::pitch_up_56,,,,,,,,,,,,,,,,,,,,,,,,,,
-9.588216534075245,10.680179523338284,left,yaw_plus_35,img_96ec06089b236e99424a6f3b,False,False,False,img_96ec06089b236e99424a6f3b::yaw_plus_35,,,,,,,,,,,,,,,,,,,,,,,,,,
0.6361662459918536,0.694324904749043,right,pitch_down_56,img_975693a59615e9b56e83fb87,False,False,False,img_975693a59615e9b56e83fb87::pitch_down_56,,,,,,,,,,,,,,,,,,,,,,,,,,
0.6361662459918536,0.694324904749043,right,pitch_up_56,img_975693a59615e9b56e83fb87,False,False,False,img_975693a59615e9b56e83fb87::pitch_up_56,,,,,,,,,,,,,,,,,,,,,,,,,,
0.6361662459918536,0.694324904749043,right,yaw_minus_35,img_975693a59615e9b56e83fb87,False,False,False,img_975693a59615e9b56e83fb87::yaw_minus_35,,,,,,,,,,,,,,,,,,,,,,,,,,
0.6361662459918536,0.694324904749043,right,yaw_plus_35,img_975693a59615e9b56e83fb87,False,True,False,img_975693a59615e9b56e83fb87::yaw_plus_35,,,,,,,,,,,,,,,,,,,,,,,,,,
-8.95149597060967,9.888944286818825,right,yaw_minus_35,img_977b8a805006c0e5b74cbe6d,False,True,True,img_977b8a805006c0e5b74cbe6d::yaw_minus_35,-7.823562570964153,-4.028780856789261,11.393659049912655,754,10084,11635,297,19739,19739,2.219029760360718,5.867907524108887,21.444822883605944,9.899287761698215,-7.896964077176348,-5.066398629840526,-3.657207164976638,0,4313,4313,0,19739,19612,2.1147529602050783,4.726199626922607,6.150831699371337,9.847567049122917
0.27712470209669293,5.148979109884665,left,pitch_down_56,img_979bfd5fa0f6aaab6792aa9a,False,False,False,img_979bfd5fa0f6aaab6792aa9a::pitch_down_56,,,,,,,,,,,,,,,,,,,,,,,,,,
0.27712470209669293,5.148979109884665,left,yaw_minus_35,img_979bfd5fa0f6aaab6792aa9a,False,False,False,img_979bfd5fa0f6aaab6792aa9a::yaw_minus_35,,,,,,,,,,,,,,,,,,,,,,,,,,
1.776109833153433,6.387734506873079,right,pitch_up_56,img_98bb570ecf462a8b29f1009a,False,False,False,img_98bb570ecf462a8b29f1009a::pitch_up_56,,,,,,,,,,,,,,,,,,,,,,,,,,
1.776109833153433,6.387734506873079,right,yaw_minus_35,img_98bb570ecf462a8b29f1009a,False,True,True,img_98bb570ecf462a8b29f1009a::yaw_minus_35,-0.07677669608761169,0.41169961758264595,2.0368546339217697,6259,0,8602,1466,15870,15870,5.949901032447815,6.856071710586548,8.137225484848022,6.381759745446654,-0.08013727976564473,0.40133490718160614,0.8153459532633609,5583,0,7912,1465,15870,15870,5.9443957805633545,6.851101398468018,7.404185938835144,6.3949467756785525
-6.750024460704504,7.385992304577281,left,pitch_up_56,img_98f96242d8c202d61ed3e10a,False,False,False,img_98f96242d8c202d61ed3e10a::pitch_up_56,,,,,,,,,,,,,,,,,,,,,,,,,,
-6.750024460704504,7.385992304577281,left,yaw_plus_35,img_98f96242d8c202d61ed3e10a,False,True,True,img_98f96242d8c202d61ed3e10a::yaw_plus_35,-4.064438483548318,-3.1926438943279267,3.0943518718933203,4945,20003,26727,1536,54745,54745,3.3548762083053587,4.216917991638184,10.488441085815426,7.400040545640811,-4.084556352910747,-3.889912249773846,-3.193215282697043,0,13127,13127,0,54745,54745,3.3420867204666136,3.5098929405212402,4.215883445739746,7.415780393495392
-11.821139326193906,12.18889469731968,right,yaw_minus_35,img_98fbe7ea8fe6d8ecf2b8b9d7,False,True,True,img_98fbe7ea8fe6d8ecf2b8b9d7::yaw_minus_35,-3.8276937091280883,-3.7516111889356925,-3.035870730921163,145,10498,10674,28,16702,16702,8.3675865650177,8.457677364349365,9.187832832336426,12.200913427937063,-3.828423960881652,-3.7534612810745838,-3.0644612418164634,0,10340,10340,0,16702,16702,8.367026090621948,8.455265998840332,9.114482021331787,12.203664837477659
-4.564752040882262,4.568437778767159,right,pitch_down_56,img_99068fd6187eaec18010aec9,False,False,False,img_99068fd6187eaec18010aec9::pitch_down_56,,,,,,,,,,,,,,,,,,,,,,,,,,
-4.564752040882262,4.568437778767159,right,yaw_plus_35,img_99068fd6187eaec18010aec9,False,False,False,img_99068fd6187eaec18010aec9::yaw_plus_35,,,,,,,,,,,,,,,,,,,,,,,,,,
-8.596057712761674,8.608927291930769,left,pitch_up_56,img_9962d88cb31eac6975120aa9,False,False,False,img_9962d88cb31eac6975120aa9::pitch_up_56,,,,,,,,,,,,,,,,,,,,,,,,,,
-8.596057712761674,8.608927291930769,left,yaw_plus_35,img_9962d88cb31eac6975120aa9,False,False,False,img_9962d88cb31eac6975120aa9::yaw_plus_35,,,,,,,,,,,,,,,,,,,,,,,,,,
1.9016615746520977,7.52385173895189,right,pitch_up_56,img_998fac7e5f651da4c2cd8d17,False,False,False,img_998fac7e5f651da4c2cd8d17::pitch_up_56,,,,,,,,,,,,,,,,,,,,,,,,,,
1.9016615746520977,7.52385173895189,right,yaw_minus_35,img_998fac7e5f651da4c2cd8d17,False,True,True,img_998fac7e5f651da4c2cd8d17::yaw_minus_35,-0.06511059330481217,0.4697298253063158,3.000048663491893,4780,52,6701,1060,9797,9797,7.0412726402282715,7.986762523651123,10.22417163848877,7.490852832675754,-0.0681187781544054,0.45138110889228855,0.990350025482454,4124,52,6045,1060,9797,9797,7.02107572555542,7.964984893798828,8.71132164001465,7.513187207298266
1.9016615746520977,7.52385173895189,right,yaw_plus_35,img_998fac7e5f651da4c2cd8d17,False,False,False,img_998fac7e5f651da4c2cd8d17::yaw_plus_35,,,,,,,,,,,,,,,,,,,,,,,,,,
-11.844246190440877,12.194429710822215,left,pitch_up_56,img_99b7912c3fb02b71077e5347,False,False,False,img_99b7912c3fb02b71077e5347::pitch_up_56,,,,,,,,,,,,,,,,,,,,,,,,,,
-11.844246190440877,12.194429710822215,left,yaw_plus_35,img_99b7912c3fb02b71077e5347,False,True,False,img_99b7912c3fb02b71077e5347::yaw_plus_35,,,,,,,,,,,,,,,,,,,,,,,,,,
0.8391697342881741,5.560588152456465,right,pitch_down_56,img_99cab519f1ef124e4b6289fd,False,False,False,img_99cab519f1ef124e4b6289fd::pitch_down_56,,,,,,,,,,,,,,,,,,,,,,,,,,
0.8391697342881741,5.560588152456465,right,pitch_up_56,img_99cab519f1ef124e4b6289fd,False,False,False,img_99cab519f1ef124e4b6289fd::pitch_up_56,,,,,,,,,,,,,,,,,,,,,,,,,,
0.8391697342881741,5.560588152456465,right,yaw_minus_35,img_99cab519f1ef124e4b6289fd,False,True,True,img_99cab519f1ef124e4b6289fd::yaw_minus_35,-0.10307887413205563,0.6603229600655682,3.750648187747341,5659,0,7981,1551,16768,16768,5.059319972991943,6.049383163452148,9.284685134887695,5.527164078267878,-0.10996967640310622,0.4903555155197137,1.3570956857516379,4102,0,6424,1551,16768,16768,5.054799652099609,6.021088123321533,7.2032321214675905,5.553287456542705
0.8391697342881741,5.560588152456465,right,yaw_plus_35,img_99cab519f1ef124e4b6289fd,False,False,False,img_99cab519f1ef124e4b6289fd::yaw_plus_35,,,,,,,,,,,,,,,,,,,,,,,,,,
-1.6994347785809372,1.7294578496049124,left,pitch_down_56,img_99d41f95d5644a7003fc4ed6,False,False,False,img_99d41f95d5644a7003fc4ed6::pitch_down_56,,,,,,,,,,,,,,,,,,,,,,,,,,
-1.6994347785809372,1.7294578496049124,left,pitch_up_56,img_99d41f95d5644a7003fc4ed6,False,False,False,img_99d41f95d5644a7003fc4ed6::pitch_up_56,,,,,,,,,,,,,,,,,,,,,,,,,,
-1.6994347785809372,1.7294578496049124,left,yaw_minus_35,img_99d41f95d5644a7003fc4ed6,False,False,False,img_99d41f95d5644a7003fc4ed6::yaw_minus_35,,,,,,,,,,,,,,,,,,,,,,,,,,
-1.6994347785809372,1.7294578496049124,left,yaw_plus_35,img_99d41f95d5644a7003fc4ed6,False,False,False,img_99d41f95d5644a7003fc4ed6::yaw_plus_35,,,,,,,,,,,,,,,,,,,,,,,,,,
-1.512802391548063,1.5594390495771762,right,pitch_down_56,img_99ff5b55953852c01f3971b3,False,False,False,img_99ff5b55953852c01f3971b3::pitch_down_56,,,,,,,,,,,,,,,,,,,,,,,,,,
-1.512802391548063,1.5594390495771762,right,pitch_up_56,img_99ff5b55953852c01f3971b3,False,False,False,img_99ff5b55953852c01f3971b3::pitch_up_56,,,,,,,,,,,,,,,,,,,,,,,,,,
-1.512802391548063,1.5594390495771762,right,yaw_minus_35,img_99ff5b55953852c01f3971b3,False,False,False,img_99ff5b55953852c01f3971b3::yaw_minus_35,,,,,,,,,,,,,,,,,,,,,,,,,,
-1.512802391548063,1.5594390495771762,right,yaw_plus_35,img_99ff5b55953852c01f3971b3,False,False,False,img_99ff5b55953852c01f3971b3::yaw_plus_35,,,,,,,,,,,,,,,,,,,,,,,,,,
-9.019118981212708,10.088777179631542,left,pitch_up_56,img_9a02444f21bdbcb3a9eda962,False,False,False,img_9a02444f21bdbcb3a9eda962::pitch_up_56,,,,,,,,,,,,,,,,,,,,,,,,,,
-9.019118981212708,10.088777179631542,left,yaw_minus_35,img_9a02444f21bdbcb3a9eda962,False,False,False,img_9a02444f21bdbcb3a9eda962::yaw_minus_35,,,,,,,,,,,,,,,,,,,,,,,,,,
-9.019118981212708,10.088777179631542,left,yaw_plus_35,img_9a02444f21bdbcb3a9eda962,False,False,False,img_9a02444f21bdbcb3a9eda962::yaw_plus_35,,,,,,,,,,,,,,,,,,,,,,,,,,
1.007988268258698,5.851134622912968,right,pitch_down_56,img_9b00be96662f65f6e44b8ae9,False,False,False,img_9b00be96662f65f6e44b8ae9::pitch_down_56,,,,,,,,,,,,,,,,,,,,,,,,,,
1.007988268258698,5.851134622912968,right,pitch_up_56,img_9b00be96662f65f6e44b8ae9,False,False,False,img_9b00be96662f65f6e44b8ae9::pitch_up_56,,,,,,,,,,,,,,,,,,,,,,,,,,
1.007988268258698,5.851134622912968,right,yaw_minus_35,img_9b00be96662f65f6e44b8ae9,False,True,True,img_9b00be96662f65f6e44b8ae9::yaw_minus_35,-0.08747045040306603,0.6364058516979529,3.6732600357122482,5776,0,7997,1463,16477,16477,5.354674053192139,6.327696323394775,9.582101821899414,5.821170430205323,-0.09290065756847334,0.5454640244268814,1.2561268135451693,4649,0,6870,1463,16477,16477,5.351388716697693,6.315718412399292,7.40210657119751,5.835481689804081
1.007988268258698,5.851134622912968,right,yaw_plus_35,img_9b00be96662f65f6e44b8ae9,False,False,False,img_9b00be96662f65f6e44b8ae9::yaw_plus_35,,,,,,,,,,,,,,,,,,,,,,,,,,
-7.149762955355365,7.712907941161387,left,pitch_up_56,img_9b81a0f6a1bf887a91ae2d98,False,False,False,img_9b81a0f6a1bf887a91ae2d98::pitch_up_56,,,,,,,,,,,,,,,,,,,,,,,,,,
-7.149762955355365,7.712907941161387,left,yaw_plus_35,img_9b81a0f6a1bf887a91ae2d98,False,True,True,img_9b81a0f6a1bf887a91ae2d98::yaw_plus_35,-4.010919611764991,-3.1985612295915438,3.03461669751685,4077,19226,24797,1381,46473,46473,3.728300094604492,4.527413845062256,10.729664993286129,7.72556906040231,-4.03722940331094,-3.5764026546322434,-3.1605370027618536,0,14663,14663,0,46473,46473,3.7143391609191894,4.2218451499938965,4.585272645950317,7.734357529855172
-4.033884498572364,7.916450283614077,right,pitch_up_56,img_9b8b69704375b186076619ee,False,True,False,img_9b8b69704375b186076619ee::pitch_up_56,,,,,,,,,,,,,,,,,,,,,,,,,,
-4.033884498572364,7.916450283614077,right,yaw_minus_35,img_9b8b69704375b186076619ee,False,True,False,img_9b8b69704375b186076619ee::yaw_minus_35,,,,,,,,,,,,,,,,,,,,,,,,,,
0.4408771020160407,2.081034696860628,right,pitch_down_56,img_9c271c30d50fb06f24be9e36,False,False,False,img_9c271c30d50fb06f24be9e36::pitch_down_56,,,,,,,,,,,,,,,,,,,,,,,,,,
0.4408771020160407,2.081034696860628,right,pitch_up_56,img_9c271c30d50fb06f24be9e36,False,True,False,img_9c271c30d50fb06f24be9e36::pitch_up_56,,,,,,,,,,,,,,,,,,,,,,,,,,
0.4408771020160407,2.081034696860628,right,yaw_minus_35,img_9c271c30d50fb06f24be9e36,False,True,False,img_9c271c30d50fb06f24be9e36::yaw_minus_35,,,,,,,,,,,,,,,,,,,,,,,,,,
0.4408771020160407,2.081034696860628,right,yaw_plus_35,img_9c271c30d50fb06f24be9e36,False,False,False,img_9c271c30d50fb06f24be9e36::yaw_plus_35,,,,,,,,,,,,,,,,,,,,,,,,,,
5.113190887280446,5.7405220644791335,right,pitch_up_56,img_9cc72b24cfc01e68bb74537b,False,False,False,img_9cc72b24cfc01e68bb74537b::pitch_up_56,,,,,,,,,,,,,,,,,,,,,,,,,,
5.113190887280446,5.7405220644791335,right,yaw_minus_35,img_9cc72b24cfc01e68bb74537b,False,True,False,img_9cc72b24cfc01e68bb74537b::yaw_minus_35,,,,,,,,,,,,,,,,,,,,,,,,,,
5.113190887280446,5.7405220644791335,right,yaw_plus_35,img_9cc72b24cfc01e68bb74537b,True,True,False,img_9cc72b24cfc01e68bb74537b::yaw_plus_35,,,,,,,,,,,,,,,,,,,,,,,,,,
3.3163814969833103,6.542192525095607,left,yaw_plus_35,img_9d11a004e9202f7dd1430bdc,False,True,True,img_9d11a004e9202f7dd1430bdc::yaw_plus_35,0.07506900433023465,0.5060688384686034,4.0183618681850914,13227,0,20782,1894,53312,53312,6.5815294742584225,7.1145806312561035,10.737160587310791,6.539415377898679,0.053281299557877526,0.34453629697672294,1.0220679201305978,8135,0,15690,1894,53312,53312,6.535939288139343,7.032885789871216,7.320646786689758,6.5915099594527575
0.5245134490438295,2.514138056117914,left,yaw_plus_35,img_9d2169dd4ead7e93fd64a667,False,False,False,img_9d2169dd4ead7e93fd64a667::yaw_plus_35,,,,,,,,,,,,,,,,,,,,,,,,,,
-4.766099300269463,5.326247090543209,right,pitch_up_56,img_9ee9430204cbc4d2cbd30ed3,False,False,False,img_9ee9430204cbc4d2cbd30ed3::pitch_up_56,,,,,,,,,,,,,,,,,,,,,,,,,,
-4.766099300269463,5.326247090543209,right,yaw_minus_35,img_9ee9430204cbc4d2cbd30ed3,False,True,True,img_9ee9430204cbc4d2cbd30ed3::yaw_minus_35,-3.9227121296402214,-0.8216270551461831,7.265621533341512,12058,16874,32549,2885,84162,84162,1.4155311584472656,4.401645183563232,12.655311012268063,5.351091320233937,-4.241767506848479,-4.066067865023998,-3.796813545153168,0,1886,1886,0,84162,82165,1.2186316549777985,1.2718570828437805,1.4651362597942352,5.335176343519883
-4.766099300269463,5.326247090543209,right,yaw_plus_35,img_9ee9430204cbc4d2cbd30ed3,False,False,False,img_9ee9430204cbc4d2cbd30ed3::yaw_plus_35,,,,,,,,,,,,,,,,,,,,,,,,,,
0.5277619046210413,1.1655311123867114,right,pitch_down_56,img_9eeaefa15ae4a16e7247811e,False,False,False,img_9eeaefa15ae4a16e7247811e::pitch_down_56,,,,,,,,,,,,,,,,,,,,,,,,,,
0.5277619046210413,1.1655311123867114,right,pitch_up_56,img_9eeaefa15ae4a16e7247811e,False,True,False,img_9eeaefa15ae4a16e7247811e::pitch_up_56,,,,,,,,,,,,,,,,,,,,,,,,,,
0.5277619046210413,1.1655311123867114,right,yaw_minus_35,img_9eeaefa15ae4a16e7247811e,False,True,False,img_9eeaefa15ae4a16e7247811e::yaw_minus_35,,,,,,,,,,,,,,,,,,,,,,,,,,
0.5277619046210413,1.1655311123867114,right,yaw_plus_35,img_9eeaefa15ae4a16e7247811e,False,False,False,img_9eeaefa15ae4a16e7247811e::yaw_plus_35,,,,,,,,,,,,,,,,,,,,,,,,,,
4.77500319893325,7.765378281821912,right,pitch_up_56,img_9f8e6e6735bab2261cf49998,False,False,False,img_9f8e6e6735bab2261cf49998::pitch_up_56,,,,,,,,,,,,,,,,,,,,,,,,,,
4.77500319893325,7.765378281821912,right,yaw_minus_35,img_9f8e6e6735bab2261cf49998,True,True,True,img_9f8e6e6735bab2261cf49998::yaw_minus_35,-3.6789431263717813,0.18713178511655393,4.591099367769448,4743,5414,14249,864,26890,26890,4.032882595062256,8.077670097351074,12.323568344116211,7.761736406384935,-3.966453861894929,0.0994524289369565,1.3291209693517587,1198,3499,7413,367,26890,26721,3.6537476062774656,7.674233913421631,8.870112037658691,7.76341634635068
4.77500319893325,7.765378281821912,right,yaw_plus_35,img_9f8e6e6735bab2261cf49998,False,False,False,img_9f8e6e6735bab2261cf49998::yaw_plus_35,,,,,,,,,,,,,,,,,,,,,,,,,,
1.2067584152022244,5.886201387752973,right,pitch_down_56,img_9fc13fc6b2a89839552d140b,False,False,False,img_9fc13fc6b2a89839552d140b::pitch_down_56,,,,,,,,,,,,,,,,,,,,,,,,,,
1.2067584152022244,5.886201387752973,right,pitch_up_56,img_9fc13fc6b2a89839552d140b,False,True,False,img_9fc13fc6b2a89839552d140b::pitch_up_56,,,,,,,,,,,,,,,,,,,,,,,,,,
1.2067584152022244,5.886201387752973,right,yaw_minus_35,img_9fc13fc6b2a89839552d140b,False,True,True,img_9fc13fc6b2a89839552d140b::yaw_minus_35,-0.0705760881463755,0.5698791136375974,3.6034905049266044,6275,0,8471,1318,16189,16189,5.407002687454224,6.367613315582275,9.542399883270264,5.856753910285429,-0.07384857051322036,0.5397293507142771,1.040764241163829,5284,0,7480,1318,16189,16189,5.401410436630249,6.355468273162842,7.255690002441406,5.853884851374533
1.2067584152022244,5.886201387752973,right,yaw_plus_35,img_9fc13fc6b2a89839552d140b,False,False,False,img_9fc13fc6b2a89839552d140b::yaw_plus_35,,,,,,,,,,,,,,,,,,,,,,,,,,
-10.574092547922874,10.575220292053771,left,pitch_up_56,img_9fdb192a6cce5207a022ddf4,False,False,False,img_9fdb192a6cce5207a022ddf4::pitch_up_56,,,,,,,,,,,,,,,,,,,,,,,,,,
-10.574092547922874,10.575220292053771,left,yaw_plus_35,img_9fdb192a6cce5207a022ddf4,False,False,False,img_9fdb192a6cce5207a022ddf4::yaw_plus_35,,,,,,,,,,,,,,,,,,,,,,,,,,
0.47707848924495333,2.6821959512651405,left,yaw_plus_35,img_9ffea0abbf2eabd75d38e11e,False,False,False,img_9ffea0abbf2eabd75d38e11e::yaw_plus_35,,,,,,,,,,,,,,,,,,,,,,,,,,
-0.5011821974257233,5.089755742323659,right,pitch_down_56,img_a022d4ac11daef96817ffead,False,False,False,img_a022d4ac11daef96817ffead::pitch_down_56,,,,,,,,,,,,,,,,,,,,,,,,,,
-0.5011821974257233,5.089755742323659,right,pitch_up_56,img_a022d4ac11daef96817ffead,False,False,False,img_a022d4ac11daef96817ffead::pitch_up_56,,,,,,,,,,,,,,,,,,,,,,,,,,
-0.5011821974257233,5.089755742323659,right,yaw_minus_35,img_a022d4ac11daef96817ffead,False,True,False,img_a022d4ac11daef96817ffead::yaw_minus_35,,,,,,,,,,,,,,,,,,,,,,,,,,
-0.5011821974257233,5.089755742323659,right,yaw_plus_35,img_a022d4ac11daef96817ffead,False,True,False,img_a022d4ac11daef96817ffead::yaw_plus_35,,,,,,,,,,,,,,,,,,,,,,,,,,
5.31567020252063,5.336952117771071,right,yaw_minus_35,img_a14105de462c87fe3f894b4d,False,True,False,img_a14105de462c87fe3f894b4d::yaw_minus_35,,,,,,,,,,,,,,,,,,,,,,,,,,
5.31567020252063,5.336952117771071,right,yaw_plus_35,img_a14105de462c87fe3f894b4d,False,True,False,img_a14105de462c87fe3f894b4d::yaw_plus_35,,,,,,,,,,,,,,,,,,,,,,,,,,
-6.398810135130155,7.920170967220924,right,pitch_up_56,img_a1f74d52ddf18a7b95f8fb82,False,False,False,img_a1f74d52ddf18a7b95f8fb82::pitch_up_56,,,,,,,,,,,,,,,,,,,,,,,,,,
-6.398810135130155,7.920170967220924,right,yaw_minus_35,img_a1f74d52ddf18a7b95f8fb82,False,True,True,img_a1f74d52ddf18a7b95f8fb82::yaw_minus_35,-4.63389144816441,-4.148248686276961,1.6573944606195647,1256,11751,13942,653,34765,34765,3.359812819957733,3.7575631141662598,9.719479036331176,7.924139793846417,-4.654601286667574,-4.435582540410282,-3.8254569109246406,0,7772,7772,0,34765,34765,3.349815285205841,3.485085129737854,3.970427358150482,7.9214028993485694
-5.892354850949513,5.903729767584807,right,yaw_plus_35,img_a21e76e673caa3f2f9ac6c92,False,False,False,img_a21e76e673caa3f2f9ac6c92::yaw_plus_35,,,,,,,,,,,,,,,,,,,,,,,,,,
-1.3902058625024694,2.358259370935648,right,pitch_up_56,img_a2dfad8a426ffd116653cba3,False,False,False,img_a2dfad8a426ffd116653cba3::pitch_up_56,,,,,,,,,,,,,,,,,,,,,,,,,,
-1.3902058625024694,2.358259370935648,right,yaw_minus_35,img_a2dfad8a426ffd116653cba3,False,False,False,img_a2dfad8a426ffd116653cba3::yaw_minus_35,,,,,,,,,,,,,,,,,,,,,,,,,,
-0.08899664105566152,0.12492589340331209,left,pitch_down_56,img_a2e7e9dbb51942d5d12a742f,False,False,False,img_a2e7e9dbb51942d5d12a742f::pitch_down_56,,,,,,,,,,,,,,,,,,,,,,,,,,
-0.08899664105566152,0.12492589340331209,left,pitch_up_56,img_a2e7e9dbb51942d5d12a742f,False,False,False,img_a2e7e9dbb51942d5d12a742f::pitch_up_56,,,,,,,,,,,,,,,,,,,,,,,,,,
-0.08899664105566152,0.12492589340331209,left,yaw_minus_35,img_a2e7e9dbb51942d5d12a742f,False,False,False,img_a2e7e9dbb51942d5d12a742f::yaw_minus_35,,,,,,,,,,,,,,,,,,,,,,,,,,
-0.08899664105566152,0.12492589340331209,left,yaw_plus_35,img_a2e7e9dbb51942d5d12a742f,False,False,False,img_a2e7e9dbb51942d5d12a742f::yaw_plus_35,,,,,,,,,,,,,,,,,,,,,,,,,,
4.871803222639262,6.987431382068701,right,pitch_up_56,img_a2ef0a0058461539f6d32279,False,False,False,img_a2ef0a0058461539f6d32279::pitch_up_56,,,,,,,,,,,,,,,,,,,,,,,,,,
4.871803222639262,6.987431382068701,right,yaw_minus_35,img_a2ef0a0058461539f6d32279,True,True,True,img_a2ef0a0058461539f6d32279::yaw_minus_35,-4.616745381825083,0.40149997517775216,3.948885849209235,9097,1338,17128,1704,36614,36614,2.188587653636932,7.521888256072998,10.800586271286011,6.991084631064386,-4.669882657219131,0.17292898567692117,0.6947194921377292,2566,1338,9010,1417,36614,36379,2.153050494194031,7.391404390335083,7.694556832313538,7.134875214979898
4.871803222639262,6.987431382068701,right,yaw_plus_35,img_a2ef0a0058461539f6d32279,False,False,False,img_a2ef0a0058461539f6d32279::yaw_plus_35,,,,,,,,,,,,,,,,,,,,,,,,,,
0.6513249027188077,3.892795134833166,left,yaw_plus_35,img_a34bf12eed338786d18daa62,False,False,False,img_a34bf12eed338786d18daa62::yaw_plus_35,,,,,,,,,,,,,,,,,,,,,,,,,,
-11.390882847379261,11.392274404138115,left,pitch_up_56,img_a3cc951b233b580ed90eef07,False,False,False,img_a3cc951b233b580ed90eef07::pitch_up_56,,,,,,,,,,,,,,,,,,,,,,,,,,
-11.390882847379261,11.392274404138115,left,yaw_minus_35,img_a3cc951b233b580ed90eef07,False,False,False,img_a3cc951b233b580ed90eef07::yaw_minus_35,,,,,,,,,,,,,,,,,,,,,,,,,,
-11.390882847379261,11.392274404138115,left,yaw_plus_35,img_a3cc951b233b580ed90eef07,False,False,False,img_a3cc951b233b580ed90eef07::yaw_plus_35,,,,,,,,,,,,,,,,,,,,,,,,,,
-4.820867495520017,4.9088077417911045,right,pitch_up_56,img_a415e25dd2ef27ecc5a4e82a,False,False,False,img_a415e25dd2ef27ecc5a4e82a::pitch_up_56,,,,,,,,,,,,,,,,,,,,,,,,,,
-4.820867495520017,4.9088077417911045,right,yaw_minus_35,img_a415e25dd2ef27ecc5a4e82a,False,False,False,img_a415e25dd2ef27ecc5a4e82a::yaw_minus_35,,,,,,,,,,,,,,,,,,,,,,,,,,
-4.820867495520017,4.9088077417911045,right,yaw_plus_35,img_a415e25dd2ef27ecc5a4e82a,False,True,True,img_a415e25dd2ef27ecc5a4e82a::yaw_plus_35,-3.6635004586567033,-0.11210170080643245,11.793328739995673,18633,15518,38611,4219,111194,111194,1.2356751561164856,4.927300930023193,16.755085945129395,4.944275160063541,-3.8080981726942102,-3.724666966808484,-3.4713617244038053,0,2558,2558,0,111194,105993,1.1847627401351928,1.2076926231384277,1.5473293721675874,4.966358140902314
-3.4501731589638087,7.509668102611225,left,pitch_down_56,img_a43232d113b6f9e20c343e11,False,False,False,img_a43232d113b6f9e20c343e11::pitch_down_56,,,,,,,,,,,,,,,,,,,,,,,,,,
-3.4501731589638087,7.509668102611225,left,pitch_up_56,img_a43232d113b6f9e20c343e11,False,False,False,img_a43232d113b6f9e20c343e11::pitch_up_56,,,,,,,,,,,,,,,,,,,,,,,,,,
-3.4501731589638087,7.509668102611225,left,yaw_minus_35,img_a43232d113b6f9e20c343e11,False,False,False,img_a43232d113b6f9e20c343e11::yaw_minus_35,,,,,,,,,,,,,,,,,,,,,,,,,,
-3.4501731589638087,7.509668102611225,left,yaw_plus_35,img_a43232d113b6f9e20c343e11,False,True,True,img_a43232d113b6f9e20c343e11::yaw_plus_35,-4.3600208615065315,-2.6630129492165446,-0.007271217085987658,422,8457,9241,88,22477,22477,3.367338180541992,4.682713508605957,7.67617130279541,7.506130781684241,-4.526126776504646,-4.088148050435761,-3.7391588474918036,0,2376,2376,0,22477,22477,3.35184508562088,3.3918241262435913,3.447544813156128,7.482579172050659
3.3252306481582172,6.519671470930662,left,pitch_up_56,img_a49f9bef3e593948cf72d9a1,False,False,False,img_a49f9bef3e593948cf72d9a1::pitch_up_56,,,,,,,,,,,,,,,,,,,,,,,,,,
3.3252306481582172,6.519671470930662,left,yaw_plus_35,img_a49f9bef3e593948cf72d9a1,False,True,True,img_a49f9bef3e593948cf72d9a1::yaw_plus_35,0.07917961455708822,0.5079532295821263,3.944605714532176,13256,0,20756,1816,51806,51806,6.575368523597717,7.093797445297241,10.696845769882202,6.519130248252065,0.0581302229885317,0.3441767498742321,1.0207729449509795,8123,0,15623,1816,51806,51806,6.53360652923584,7.010624885559082,7.297112703323364,6.573588367345525
5.202790425047123,5.543485561204596,right,pitch_up_56,img_a4bc513964ab0170b07c28bc,False,False,False,img_a4bc513964ab0170b07c28bc::pitch_up_56,,,,,,,,,,,,,,,,,,,,,,,,,,
5.202790425047123,5.543485561204596,right,yaw_minus_35,img_a4bc513964ab0170b07c28bc,True,True,True,img_a4bc513964ab0170b07c28bc::yaw_minus_35,0.11692805365369666,2.7629661466241977,3.875536691683456,25022,69,34044,7515,88819,88819,5.679030776023865,8.23539400100708,9.420799064636231,5.568363556263036,0.11077258110496775,0.6883258484795967,3.7152327661969924,12038,69,20677,7239,88819,87420,5.630043983459473,6.303161144256592,9.270261955261232,5.576908420126976
5.202790425047123,5.543485561204596,right,yaw_plus_35,img_a4bc513964ab0170b07c28bc,True,False,False,img_a4bc513964ab0170b07c28bc::yaw_plus_35,,,,,,,,,,,,,,,,,,,,,,,,,,
0.41098790288011067,2.7605505647911914,right,pitch_down_56,img_a55455197d4f2ef471861034,False,False,False,img_a55455197d4f2ef471861034::pitch_down_56,,,,,,,,,,,,,,,,,,,,,,,,,,
0.41098790288011067,2.7605505647911914,right,pitch_up_56,img_a55455197d4f2ef471861034,False,True,False,img_a55455197d4f2ef471861034::pitch_up_56,,,,,,,,,,,,,,,,,,,,,,,,,,
0.41098790288011067,2.7605505647911914,right,yaw_minus_35,img_a55455197d4f2ef471861034,False,True,False,img_a55455197d4f2ef471861034::yaw_minus_35,,,,,,,,,,,,,,,,,,,,,,,,,,
0.41098790288011067,2.7605505647911914,right,yaw_plus_35,img_a55455197d4f2ef471861034,False,False,False,img_a55455197d4f2ef471861034::yaw_plus_35,,,,,,,,,,,,,,,,,,,,,,,,,,
-1.4412238293134227,2.383423852459645,left,pitch_down_56,img_a582079f26f392696e22c9e8,False,False,False,img_a582079f26f392696e22c9e8::pitch_down_56,,,,,,,,,,,,,,,,,,,,,,,,,,
-1.4412238293134227,2.383423852459645,left,pitch_up_56,img_a582079f26f392696e22c9e8,False,False,False,img_a582079f26f392696e22c9e8::pitch_up_56,,,,,,,,,,,,,,,,,,,,,,,,,,
-1.4412238293134227,2.383423852459645,left,yaw_minus_35,img_a582079f26f392696e22c9e8,False,True,False,img_a582079f26f392696e22c9e8::yaw_minus_35,,,,,,,,,,,,,,,,,,,,,,,,,,
-1.4412238293134227,2.383423852459645,left,yaw_plus_35,img_a582079f26f392696e22c9e8,False,True,False,img_a582079f26f392696e22c9e8::yaw_plus_35,,,,,,,,,,,,,,,,,,,,,,,,,,
-4.19052228293125,7.864574695499242,right,pitch_up_56,img_a6864217916e2f53d62d8977,False,True,False,img_a6864217916e2f53d62d8977::pitch_up_56,,,,,,,,,,,,,,,,,,,,,,,,,,
-4.19052228293125,7.864574695499242,right,yaw_minus_35,img_a6864217916e2f53d62d8977,False,True,False,img_a6864217916e2f53d62d8977::yaw_minus_35,,,,,,,,,,,,,,,,,,,,,,,,,,
-2.0393642883759595,2.0666940105175464,left,pitch_down_56,img_a6e40bded3c9f2217bdca885,False,True,False,img_a6e40bded3c9f2217bdca885::pitch_down_56,,,,,,,,,,,,,,,,,,,,,,,,,,
-2.0393642883759595,2.0666940105175464,left,pitch_up_56,img_a6e40bded3c9f2217bdca885,False,False,False,img_a6e40bded3c9f2217bdca885::pitch_up_56,,,,,,,,,,,,,,,,,,,,,,,,,,
-2.0393642883759595,2.0666940105175464,left,yaw_minus_35,img_a6e40bded3c9f2217bdca885,False,True,True,img_a6e40bded3c9f2217bdca885::yaw_minus_35,0.13782003687377958,2.939838595971083,21.58388948384247,129633,642,137687,6320,553256,547480,2.542785954475403,5.0742645263671875,23.6821907043457,2.11351612806857,-0.13042509718324577,1.4971903698032674,7.271827749397853,28432,642,36045,6122,553256,518302,1.945917010307312,3.6615676879882812,9.373445320129393,2.132833355927572
-2.0393642883759595,2.0666940105175464,left,yaw_plus_35,img_a6e40bded3c9f2217bdca885,False,False,False,img_a6e40bded3c9f2217bdca885::yaw_plus_35,,,,,,,,,,,,,,,,,,,,,,,,,,
-13.281744930817867,13.327386176683618,left,pitch_up_56,img_a70b864456069a8a04299a32,False,False,False,img_a70b864456069a8a04299a32::pitch_up_56,,,,,,,,,,,,,,,,,,,,,,,,,,
-13.281744930817867,13.327386176683618,left,yaw_plus_35,img_a70b864456069a8a04299a32,False,True,True,img_a70b864456069a8a04299a32::yaw_plus_35,-3.681967573975003,-0.11528710869456393,20.69187184723128,3620,2738,8994,2454,16494,16494,9.635718059539794,13.246959209442139,34.03739147186279,13.34005920441983,-3.6848974708580577,-0.12385540103629467,1.4914991580637587,1660,2356,6181,1997,16494,16419,9.632147789001465,13.234969139099121,14.838961601257324,13.339859489637075
-1.6978809884472779,1.9448044893056682,right,pitch_down_56,img_a7702c940d1875989ae07bb5,False,False,False,img_a7702c940d1875989ae07bb5::pitch_down_56,,,,,,,,,,,,,,,,,,,,,,,,,,
-1.6978809884472779,1.9448044893056682,right,pitch_up_56,img_a7702c940d1875989ae07bb5,False,False,False,img_a7702c940d1875989ae07bb5::pitch_up_56,,,,,,,,,,,,,,,,,,,,,,,,,,
-1.6978809884472779,1.9448044893056682,right,yaw_minus_35,img_a7702c940d1875989ae07bb5,False,False,False,img_a7702c940d1875989ae07bb5::yaw_minus_35,,,,,,,,,,,,,,,,,,,,,,,,,,
-1.6978809884472779,1.9448044893056682,right,yaw_plus_35,img_a7702c940d1875989ae07bb5,False,False,False,img_a7702c940d1875989ae07bb5::yaw_plus_35,,,,,,,,,,,,,,,,,,,,,,,,,,
-12.135331132731919,12.144792325439015,left,pitch_up_56,img_a81fedc93cf86c096628e077,False,False,False,img_a81fedc93cf86c096628e077::pitch_up_56,,,,,,,,,,,,,,,,,,,,,,,,,,
-12.135331132731919,12.144792325439015,left,yaw_plus_35,img_a81fedc93cf86c096628e077,False,True,True,img_a81fedc93cf86c096628e077::yaw_plus_35,-6.838681297815093,-0.11084454043650993,3.3461189030087692,4882,2252,10463,3307,21913,21913,5.342361402511597,12.061445236206055,15.513741588592529,12.160942117816228,-6.859090315579223,-0.11664965473036304,1.723952749977592,2064,1996,6315,2245,21913,21867,5.321879720687866,12.044498443603516,13.890503787994385,12.157814812094331
-5.163591110003308,6.077998127766362,right,yaw_minus_35,img_a82e5ed8936520040da5595f,False,True,True,img_a82e5ed8936520040da5595f::yaw_minus_35,-4.269351639219842,-0.8292399926815959,8.747491311197374,11013,16455,30977,2596,52214,52214,1.8136394739151,5.149822235107422,14.885638618469232,6.087408115167499,-4.4551969261430315,-4.241979092576389,-3.9822830062839816,0,3748,3748,0,52214,52214,1.7416650414466859,1.832305133342743,2.0579834580421448,6.09404200736096
1.8349190317298998,7.87032792351469,right,pitch_up_56,img_a845da47748e8a6ca297bb3a,False,False,False,img_a845da47748e8a6ca297bb3a::pitch_up_56,,,,,,,,,,,,,,,,,,,,,,,,,,
1.8349190317298998,7.87032792351469,right,yaw_minus_35,img_a845da47748e8a6ca297bb3a,False,True,True,img_a845da47748e8a6ca297bb3a::yaw_minus_35,-0.062159237835634686,0.49566611987949827,2.8793334700245237,4640,0,6577,1155,12959,12959,7.3960165023803714,8.338418960571289,10.563345146179199,7.849195422454828,-0.06431893665421691,0.48203007386202934,0.9288417344985475,4177,0,6114,1155,12959,12959,7.387446665763855,8.331300258636475,9.063798522949217,7.848996045897582
1.8349190317298998,7.87032792351469,right,yaw_plus_35,img_a845da47748e8a6ca297bb3a,False,False,False,img_a845da47748e8a6ca297bb3a::yaw_plus_35,,,,,,,,,,,,,,,,,,,,,,,,,,
-5.737969566193194,6.590729222040648,left,pitch_up_56,img_a8804fb8fac29a211615de16,False,False,False,img_a8804fb8fac29a211615de16::pitch_up_56,,,,,,,,,,,,,,,,,,,,,,,,,,
-5.737969566193194,6.590729222040648,left,yaw_plus_35,img_a8804fb8fac29a211615de16,False,True,False,img_a8804fb8fac29a211615de16::yaw_plus_35,,,,,,,,,,,,,,,,,,,,,,,,,,
-0.2608872325925775,0.3532762714853316,left,pitch_down_56,img_a90635e58244461b86267963,False,False,False,img_a90635e58244461b86267963::pitch_down_56,,,,,,,,,,,,,,,,,,,,,,,,,,
-0.2608872325925775,0.3532762714853316,left,pitch_up_56,img_a90635e58244461b86267963,False,False,False,img_a90635e58244461b86267963::pitch_up_56,,,,,,,,,,,,,,,,,,,,,,,,,,
-0.2608872325925775,0.3532762714853316,left,yaw_minus_35,img_a90635e58244461b86267963,False,False,False,img_a90635e58244461b86267963::yaw_minus_35,,,,,,,,,,,,,,,,,,,,,,,,,,
-0.2608872325925775,0.3532762714853316,left,yaw_plus_35,img_a90635e58244461b86267963,False,False,False,img_a90635e58244461b86267963::yaw_plus_35,,,,,,,,,,,,,,,,,,,,,,,,,,
0.445662254949458,2.494406816106249,right,pitch_down_56,img_a910ffa64c6d26f6ee830d8c,False,False,False,img_a910ffa64c6d26f6ee830d8c::pitch_down_56,,,,,,,,,,,,,,,,,,,,,,,,,,
0.445662254949458,2.494406816106249,right,pitch_up_56,img_a910ffa64c6d26f6ee830d8c,False,True,False,img_a910ffa64c6d26f6ee830d8c::pitch_up_56,,,,,,,,,,,,,,,,,,,,,,,,,,
0.445662254949458,2.494406816106249,right,yaw_minus_35,img_a910ffa64c6d26f6ee830d8c,False,True,False,img_a910ffa64c6d26f6ee830d8c::yaw_minus_35,,,,,,,,,,,,,,,,,,,,,,,,,,
0.445662254949458,2.494406816106249,right,yaw_plus_35,img_a910ffa64c6d26f6ee830d8c,False,False,False,img_a910ffa64c6d26f6ee830d8c::yaw_plus_35,,,,,,,,,,,,,,,,,,,,,,,,,,
1.6557443463996524,8.922077842696991,right,pitch_up_56,img_a9801515c4acedf4f042d6ee,False,False,False,img_a9801515c4acedf4f042d6ee::pitch_up_56,,,,,,,,,,,,,,,,,,,,,,,,,,
1.6557443463996524,8.922077842696991,right,yaw_minus_35,img_a9801515c4acedf4f042d6ee,False,False,False,img_a9801515c4acedf4f042d6ee::yaw_minus_35,,,,,,,,,,,,,,,,,,,,,,,,,,
1.6557443463996524,8.922077842696991,right,yaw_plus_35,img_a9801515c4acedf4f042d6ee,False,False,False,img_a9801515c4acedf4f042d6ee::yaw_plus_35,,,,,,,,,,,,,,,,,,,,,,,,,,
-4.323010459477808,7.9937916230025285,left,pitch_up_56,img_a994d67bd8f7baf8bc80fc12,False,False,False,img_a994d67bd8f7baf8bc80fc12::pitch_up_56,,,,,,,,,,,,,,,,,,,,,,,,,,
-4.323010459477808,7.9937916230025285,left,yaw_minus_35,img_a994d67bd8f7baf8bc80fc12,False,False,False,img_a994d67bd8f7baf8bc80fc12::yaw_minus_35,,,,,,,,,,,,,,,,,,,,,,,,,,
-4.323010459477808,7.9937916230025285,left,yaw_plus_35,img_a994d67bd8f7baf8bc80fc12,False,True,False,img_a994d67bd8f7baf8bc80fc12::yaw_plus_35,,,,,,,,,,,,,,,,,,,,,,,,,,
0.6475475777528594,0.7303550933547017,left,yaw_plus_35,img_a9e7f0e0c40e93878609f3f3,False,False,False,img_a9e7f0e0c40e93878609f3f3::yaw_plus_35,,,,,,,,,,,,,,,,,,,,,,,,,,
-1.4918819984844935,1.5335241019823225,right,pitch_down_56,img_abcaa5cd6df859ada3b95e63,False,False,False,img_abcaa5cd6df859ada3b95e63::pitch_down_56,,,,,,,,,,,,,,,,,,,,,,,,,,
-1.4918819984844935,1.5335241019823225,right,pitch_up_56,img_abcaa5cd6df859ada3b95e63,False,False,False,img_abcaa5cd6df859ada3b95e63::pitch_up_56,,,,,,,,,,,,,,,,,,,,,,,,,,
-1.4918819984844935,1.5335241019823225,right,yaw_minus_35,img_abcaa5cd6df859ada3b95e63,False,True,False,img_abcaa5cd6df859ada3b95e63::yaw_minus_35,,,,,,,,,,,,,,,,,,,,,,,,,,
-1.4918819984844935,1.5335241019823225,right,yaw_plus_35,img_abcaa5cd6df859ada3b95e63,False,True,False,img_abcaa5cd6df859ada3b95e63::yaw_plus_35,,,,,,,,,,,,,,,,,,,,,,,,,,
-12.438952945572101,12.73797598317621,left,pitch_up_56,img_ace39114ea6e3dc2c06be34b,False,False,False,img_ace39114ea6e3dc2c06be34b::pitch_up_56,,,,,,,,,,,,,,,,,,,,,,,,,,
-12.438952945572101,12.73797598317621,left,yaw_plus_35,img_ace39114ea6e3dc2c06be34b,False,True,True,img_ace39114ea6e3dc2c06be34b::yaw_plus_35,-3.79424814427499,-3.7426532940166624,-3.0610126308017125,31,9307,9345,7,13875,13875,8.945370292663574,9.011180877685547,9.64141902923584,12.747927571713163,-3.794370779749931,-3.743001044393494,-3.0660246633727444,0,9282,9282,0,13875,13875,8.94531307220459,9.010942459106445,9.634558486938477,12.74829430027107
-1.7909043092489698,2.7292695460051104,left,pitch_down_56,img_ad64d81e52a8a7bcc90a5256,False,False,False,img_ad64d81e52a8a7bcc90a5256::pitch_down_56,,,,,,,,,,,,,,,,,,,,,,,,,,
-1.7909043092489698,2.7292695460051104,left,pitch_up_56,img_ad64d81e52a8a7bcc90a5256,False,False,False,img_ad64d81e52a8a7bcc90a5256::pitch_up_56,,,,,,,,,,,,,,,,,,,,,,,,,,
-1.7909043092489698,2.7292695460051104,left,yaw_minus_35,img_ad64d81e52a8a7bcc90a5256,False,True,False,img_ad64d81e52a8a7bcc90a5256::yaw_minus_35,,,,,,,,,,,,,,,,,,,,,,,,,,
-1.7909043092489698,2.7292695460051104,left,yaw_plus_35,img_ad64d81e52a8a7bcc90a5256,False,True,False,img_ad64d81e52a8a7bcc90a5256::yaw_plus_35,,,,,,,,,,,,,,,,,,,,,,,,,,
-2.7051647168199233,6.6665341695513725,right,pitch_up_56,img_ae76977466c8fa930454864c,False,False,False,img_ae76977466c8fa930454864c::pitch_up_56,,,,,,,,,,,,,,,,,,,,,,,,,,
-2.7051647168199233,6.6665341695513725,right,yaw_minus_35,img_ae76977466c8fa930454864c,False,False,False,img_ae76977466c8fa930454864c::yaw_minus_35,,,,,,,,,,,,,,,,,,,,,,,,,,
-2.7051647168199233,6.6665341695513725,right,yaw_plus_35,img_ae76977466c8fa930454864c,False,True,True,img_ae76977466c8fa930454864c::yaw_plus_35,-4.142237761364231,-1.7200917545411274,0.47251154604270446,508,8751,10022,379,23796,23796,2.620458519458771,4.864752531051636,7.194317555427525,6.63717994150715,-4.3752844722502235,-3.8828039419917664,-3.409463526507906,0,2243,2243,0,23796,23796,2.600610947608948,2.78214955329895,3.0304291248321533,6.646358201214182
-2.2406333968742786,2.507927917191712,left,pitch_down_56,img_ae7fcdb96cefc23a2e9b1cb8,False,False,False,img_ae7fcdb96cefc23a2e9b1cb8::pitch_down_56,,,,,,,,,,,,,,,,,,,,,,,,,,
-2.2406333968742786,2.507927917191712,left,pitch_up_56,img_ae7fcdb96cefc23a2e9b1cb8,False,False,False,img_ae7fcdb96cefc23a2e9b1cb8::pitch_up_56,,,,,,,,,,,,,,,,,,,,,,,,,,
-2.2406333968742786,2.507927917191712,left,yaw_minus_35,img_ae7fcdb96cefc23a2e9b1cb8,False,True,True,img_ae7fcdb96cefc23a2e9b1cb8::yaw_minus_35,-1.1042388628315731,2.304802671433034,17.11642739298095,89249,11979,110235,5976,291282,290566,1.4220897436141968,4.873017311096191,19.71624317169189,2.5601686833857755,-1.41183045479418,-0.8184863471709694,2.523489646481303,5725,11106,20250,3009,291282,280540,1.3040923774242401,1.6064508557319641,4.998393630981445,2.5380710369825437
-2.2406333968742786,2.507927917191712,left,yaw_plus_35,img_ae7fcdb96cefc23a2e9b1cb8,False,False,False,img_ae7fcdb96cefc23a2e9b1cb8::yaw_plus_35,,,,,,,,,,,,,,,,,,,,,,,,,,
-2.19016054678013,2.2464327766100736,left,pitch_down_56,img_ae847fd97d3627e78b825c01,False,False,False,img_ae847fd97d3627e78b825c01::pitch_down_56,,,,,,,,,,,,,,,,,,,,,,,,,,
-2.19016054678013,2.2464327766100736,left,pitch_up_56,img_ae847fd97d3627e78b825c01,False,False,False,img_ae847fd97d3627e78b825c01::pitch_up_56,,,,,,,,,,,,,,,,,,,,,,,,,,
-2.19016054678013,2.2464327766100736,left,yaw_minus_35,img_ae847fd97d3627e78b825c01,False,True,True,img_ae847fd97d3627e78b825c01::yaw_minus_35,-0.12909052384919695,2.72737265386401,21.78624285812859,106909,4439,118445,6148,399984,397831,2.1181105613708495,5.011841297149658,24.065667343139637,2.2987674030053924,-1.2673559159654892,1.2957588195854244,2.835440162156397,13324,4004,23458,5721,399984,381622,1.1001770079135895,3.6178457736968994,5.050885868072508,2.3109970278777516
-2.19016054678013,2.2464327766100736,left,yaw_plus_35,img_ae847fd97d3627e78b825c01,False,False,False,img_ae847fd97d3627e78b825c01::yaw_plus_35,,,,,,,,,,,,,,,,,,,,,,,,,,
-8.974837891677543,8.982285271027784,right,pitch_up_56,img_aedaf82ed3842144ec0c3951,False,False,False,img_aedaf82ed3842144ec0c3951::pitch_up_56,,,,,,,,,,,,,,,,,,,,,,,,,,
-8.974837891677543,8.982285271027784,right,yaw_minus_35,img_aedaf82ed3842144ec0c3951,False,True,True,img_aedaf82ed3842144ec0c3951::yaw_minus_35,-0.132720410190573,1.2284409334015303,14.887452515622899,5166,3,9616,4052,29109,22064,8.868690967559814,10.240313053131104,23.876418590545654,9.010028239214131,-0.16729771932250015,-0.11513037303394391,1.4740185546301199,2160,3,6573,4015,29109,21922,8.855177116394042,8.907621383666992,10.48048210144043,9.00806443658794
-1.8309658617501587,1.8582621247681446,right,pitch_down_56,img_af0c87414478c62a4258fbee,False,False,False,img_af0c87414478c62a4258fbee::pitch_down_56,,,,,,,,,,,,,,,,,,,,,,,,,,
-1.8309658617501587,1.8582621247681446,right,pitch_up_56,img_af0c87414478c62a4258fbee,False,False,False,img_af0c87414478c62a4258fbee::pitch_up_56,,,,,,,,,,,,,,,,,,,,,,,,,,
-1.8309658617501587,1.8582621247681446,right,yaw_minus_35,img_af0c87414478c62a4258fbee,False,False,False,img_af0c87414478c62a4258fbee::yaw_minus_35,,,,,,,,,,,,,,,,,,,,,,,,,,
-1.8309658617501587,1.8582621247681446,right,yaw_plus_35,img_af0c87414478c62a4258fbee,False,False,False,img_af0c87414478c62a4258fbee::yaw_plus_35,,,,,,,,,,,,,,,,,,,,,,,,,,
-1.5495288819412076,2.521051046660644,left,pitch_down_56,img_af58ddf11594de171687a482,False,False,False,img_af58ddf11594de171687a482::pitch_down_56,,,,,,,,,,,,,,,,,,,,,,,,,,
-1.5495288819412076,2.521051046660644,left,pitch_up_56,img_af58ddf11594de171687a482,False,False,False,img_af58ddf11594de171687a482::pitch_up_56,,,,,,,,,,,,,,,,,,,,,,,,,,
-1.5495288819412076,2.521051046660644,left,yaw_minus_35,img_af58ddf11594de171687a482,False,True,False,img_af58ddf11594de171687a482::yaw_minus_35,,,,,,,,,,,,,,,,,,,,,,,,,,
-1.5495288819412076,2.521051046660644,left,yaw_plus_35,img_af58ddf11594de171687a482,False,True,False,img_af58ddf11594de171687a482::yaw_plus_35,,,,,,,,,,,,,,,,,,,,,,,,,,
-10.277879764829864,10.857844596475141,right,pitch_up_56,img_af7bad065c75951e1c1e1c4f,False,False,False,img_af7bad065c75951e1c1e1c4f::pitch_up_56,,,,,,,,,,,,,,,,,,,,,,,,,,
-10.277879764829864,10.857844596475141,right,yaw_minus_35,img_af7bad065c75951e1c1e1c4f,False,True,True,img_af7bad065c75951e1c1e1c4f::yaw_minus_35,-3.951354726962117,-3.846252071767383,-3.1192955097928667,77,9329,9447,35,18066,18066,6.917642593383789,7.029078006744385,7.768766164779663,10.869058434515106,-3.9520036330096753,-3.848221388722669,-3.136264721462322,0,9216,9216,0,18066,18066,6.916237235069275,7.026666641235352,7.729302883148193,10.869686660809883
-1.8778788562458004,1.9005701719878236,left,pitch_down_56,img_afa4fada790a296589f9fe98,False,True,False,img_afa4fada790a296589f9fe98::pitch_down_56,,,,,,,,,,,,,,,,,,,,,,,,,,
-1.8778788562458004,1.9005701719878236,left,pitch_up_56,img_afa4fada790a296589f9fe98,False,False,False,img_afa4fada790a296589f9fe98::pitch_up_56,,,,,,,,,,,,,,,,,,,,,,,,,,
-1.8778788562458004,1.9005701719878236,left,yaw_minus_35,img_afa4fada790a296589f9fe98,False,True,False,img_afa4fada790a296589f9fe98::yaw_minus_35,,,,,,,,,,,,,,,,,,,,,,,,,,
-1.8778788562458004,1.9005701719878236,left,yaw_plus_35,img_afa4fada790a296589f9fe98,False,False,False,img_afa4fada790a296589f9fe98::yaw_plus_35,,,,,,,,,,,,,,,,,,,,,,,,,,
-2.4101564179005317,2.4512851502958215,left,pitch_down_56,img_afaf7f3f1d8bcc555be40c0f,False,False,False,img_afaf7f3f1d8bcc555be40c0f::pitch_down_56,,,,,,,,,,,,,,,,,,,,,,,,,,
-2.4101564179005317,2.4512851502958215,left,pitch_up_56,img_afaf7f3f1d8bcc555be40c0f,False,True,False,img_afaf7f3f1d8bcc555be40c0f::pitch_up_56,,,,,,,,,,,,,,,,,,,,,,,,,,
-2.4101564179005317,2.4512851502958215,left,yaw_minus_35,img_afaf7f3f1d8bcc555be40c0f,False,True,False,img_afaf7f3f1d8bcc555be40c0f::yaw_minus_35,,,,,,,,,,,,,,,,,,,,,,,,,,
-2.4101564179005317,2.4512851502958215,left,yaw_plus_35,img_afaf7f3f1d8bcc555be40c0f,False,True,False,img_afaf7f3f1d8bcc555be40c0f::yaw_plus_35,,,,,,,,,,,,,,,,,,,,,,,,,,
-8.797560946050497,10.07314551107706,right,yaw_minus_35,img_afbad3a10e48842de673fe08,False,True,True,img_afbad3a10e48842de673fe08::yaw_minus_35,-5.138821337692436,-3.8940853445253936,-0.1310376965305462,424,10023,12079,603,21701,21701,5.073134183883667,6.245105266571045,10.120742225646973,10.067332160677934,-5.215819725540635,-4.1859269073656025,-3.696948583595983,0,7450,7450,0,21701,21701,5.020888161659241,5.861865520477295,6.353729152679443,10.102389336173962
3.396893024278782,6.474640178767387,right,pitch_up_56,img_affda59b9b625a3dde9beb85,False,False,False,img_affda59b9b625a3dde9beb85::pitch_up_56,,,,,,,,,,,,,,,,,,,,,,,,,,
3.396893024278782,6.474640178767387,right,yaw_minus_35,img_affda59b9b625a3dde9beb85,False,True,False,img_affda59b9b625a3dde9beb85::yaw_minus_35,,,,,,,,,,,,,,,,,,,,,,,,,,
0.7824808201633813,5.001001245833789,right,pitch_down_56,img_b03cab9432767781d37d0c40,False,False,False,img_b03cab9432767781d37d0c40::pitch_down_56,,,,,,,,,,,,,,,,,,,,,,,,,,
0.7824808201633813,5.001001245833789,right,pitch_up_56,img_b03cab9432767781d37d0c40,False,True,False,img_b03cab9432767781d37d0c40::pitch_up_56,,,,,,,,,,,,,,,,,,,,,,,,,,
0.7824808201633813,5.001001245833789,right,yaw_minus_35,img_b03cab9432767781d37d0c40,False,True,True,img_b03cab9432767781d37d0c40::yaw_minus_35,-0.09639252182118926,0.6688584547147505,3.740354043021961,6025,0,8364,1541,18346,18346,4.502365136146546,5.489014387130737,8.72605390548706,4.9642599926133055,-0.1079721183451241,0.45363426481783886,1.2898703132717113,3873,0,6212,1541,18346,18346,4.495307803153992,5.45795750617981,6.529277777671814,5.002016025294228
0.7824808201633813,5.001001245833789,right,yaw_plus_35,img_b03cab9432767781d37d0c40,False,False,False,img_b03cab9432767781d37d0c40::yaw_plus_35,,,,,,,,,,,,,,,,,,,,,,,,,,
-2.1318730708315927,2.154352120044369,right,pitch_down_56,img_b0dff84e59a8923bb4475ce6,False,False,False,img_b0dff84e59a8923bb4475ce6::pitch_down_56,,,,,,,,,,,,,,,,,,,,,,,,,,
-2.1318730708315927,2.154352120044369,right,yaw_minus_35,img_b0dff84e59a8923bb4475ce6,False,False,False,img_b0dff84e59a8923bb4475ce6::yaw_minus_35,,,,,,,,,,,,,,,,,,,,,,,,,,
-2.1318730708315927,2.154352120044369,right,yaw_plus_35,img_b0dff84e59a8923bb4475ce6,False,False,False,img_b0dff84e59a8923bb4475ce6::yaw_plus_35,,,,,,,,,,,,,,,,,,,,,,,,,,
-3.8036698887836033,7.89079727087293,left,pitch_up_56,img_b11bf686109a135a518900ea,False,False,False,img_b11bf686109a135a518900ea::pitch_up_56,,,,,,,,,,,,,,,,,,,,,,,,,,
-3.8036698887836033,7.89079727087293,left,yaw_minus_35,img_b11bf686109a135a518900ea,False,False,False,img_b11bf686109a135a518900ea::yaw_minus_35,,,,,,,,,,,,,,,,,,,,,,,,,,
-3.8036698887836033,7.89079727087293,left,yaw_plus_35,img_b11bf686109a135a518900ea,False,False,False,img_b11bf686109a135a518900ea::yaw_plus_35,,,,,,,,,,,,,,,,,,,,,,,,,,
-8.011171809090959,10.0645894084982,left,pitch_up_56,img_b163f81048a3ba50a89567c5,False,False,False,img_b163f81048a3ba50a89567c5::pitch_up_56,,,,,,,,,,,,,,,,,,,,,,,,,,
-8.011171809090959,10.0645894084982,left,yaw_minus_35,img_b163f81048a3ba50a89567c5,False,False,False,img_b163f81048a3ba50a89567c5::yaw_minus_35,,,,,,,,,,,,,,,,,,,,,,,,,,
-8.011171809090959,10.0645894084982,left,yaw_plus_35,img_b163f81048a3ba50a89567c5,False,False,False,img_b163f81048a3ba50a89567c5::yaw_plus_35,,,,,,,,,,,,,,,,,,,,,,,,,,
-4.216119588172485,6.250049891910758,right,pitch_up_56,img_b18850b17273389e3aefd9cd,False,False,False,img_b18850b17273389e3aefd9cd::pitch_up_56,,,,,,,,,,,,,,,,,,,,,,,,,,
-4.216119588172485,6.250049891910758,right,yaw_minus_35,img_b18850b17273389e3aefd9cd,False,True,True,img_b18850b17273389e3aefd9cd::yaw_minus_35,-4.68090057491472,-0.42865515675684485,4.909442212343199,3921,11986,21520,742,37134,37134,1.3489497900009155,5.721008777618408,11.152286911010743,6.23356494244258,-5.3046459770422745,-4.895355841356261,-4.614179983419525,0,1283,1283,0,37134,36730,1.258364987373352,1.301795482635498,1.3686423778533936,6.199929122693232
-2.38458935828229,2.4621856274248652,right,yaw_minus_35,img_b1c500990871617a4fbe2492,False,False,False,img_b1c500990871617a4fbe2492::yaw_minus_35,,,,,,,,,,,,,,,,,,,,,,,,,,
-2.462529254588331,2.476990426752244,right,pitch_down_56,img_b1eaa3cc3bdadd20836fdc60,False,False,False,img_b1eaa3cc3bdadd20836fdc60::pitch_down_56,,,,,,,,,,,,,,,,,,,,,,,,,,
-2.462529254588331,2.476990426752244,right,yaw_minus_35,img_b1eaa3cc3bdadd20836fdc60,False,False,False,img_b1eaa3cc3bdadd20836fdc60::yaw_minus_35,,,,,,,,,,,,,,,,,,,,,,,,,,
-2.462529254588331,2.476990426752244,right,yaw_plus_35,img_b1eaa3cc3bdadd20836fdc60,False,False,False,img_b1eaa3cc3bdadd20836fdc60::yaw_plus_35,,,,,,,,,,,,,,,,,,,,,,,,,,
-7.471215173812732,9.826895942256478,left,pitch_up_56,img_b2093a79c6bb26d7f93e593e,False,False,False,img_b2093a79c6bb26d7f93e593e::pitch_up_56,,,,,,,,,,,,,,,,,,,,,,,,,,
-7.471215173812732,9.826895942256478,left,yaw_minus_35,img_b2093a79c6bb26d7f93e593e,False,False,False,img_b2093a79c6bb26d7f93e593e::yaw_minus_35,,,,,,,,,,,,,,,,,,,,,,,,,,
-7.471215173812732,9.826895942256478,left,yaw_plus_35,img_b2093a79c6bb26d7f93e593e,False,True,True,img_b2093a79c6bb26d7f93e593e::yaw_plus_35,-4.905792274691921,-3.6831130792436166,-0.15428004008061347,422,11336,13031,181,26321,26321,4.917359352111816,6.0294413566589355,9.815686225891113,9.827211073538717,-4.937314930292061,-4.733269202063795,-3.7795213409611765,0,6463,6463,0,26321,26321,4.898646497726441,5.1051106452941895,5.983782815933227,9.855682564275803
-1.7468855049753276,1.7744981830590973,left,pitch_down_56,img_b217e9690565a9a90ac89dcd,False,False,False,img_b217e9690565a9a90ac89dcd::pitch_down_56,,,,,,,,,,,,,,,,,,,,,,,,,,
-1.7468855049753276,1.7744981830590973,left,pitch_up_56,img_b217e9690565a9a90ac89dcd,False,False,False,img_b217e9690565a9a90ac89dcd::pitch_up_56,,,,,,,,,,,,,,,,,,,,,,,,,,
-1.7468855049753276,1.7744981830590973,left,yaw_minus_35,img_b217e9690565a9a90ac89dcd,False,False,False,img_b217e9690565a9a90ac89dcd::yaw_minus_35,,,,,,,,,,,,,,,,,,,,,,,,,,
-1.7468855049753276,1.7744981830590973,left,yaw_plus_35,img_b217e9690565a9a90ac89dcd,False,False,False,img_b217e9690565a9a90ac89dcd::yaw_plus_35,,,,,,,,,,,,,,,,,,,,,,,,,,
0.6822516879756302,1.0577659624509912,left,yaw_plus_35,img_b251ac174beee6a14aba41c5,False,False,False,img_b251ac174beee6a14aba41c5::yaw_plus_35,,,,,,,,,,,,,,,,,,,,,,,,,,
1.7915865201629593,8.177784640852039,left,yaw_plus_35,img_b2ca7d398dbb3a51d6b172e1,False,True,True,img_b2ca7d398dbb3a51d6b172e1::yaw_plus_35,-0.07737824959306536,0.4957770248352018,2.132582846116166,3835,0,5705,1184,10461,10461,7.685508441925049,8.642324447631836,10.218123245239267,8.14822320769561,-0.07857461710753877,0.47748555296251904,0.908233641903221,3528,0,5398,1184,10461,10461,7.684208059310913,8.638137340545654,9.376156330108643,8.144005373326543
-3.9183724753365254,3.9229672464384175,left,pitch_down_56,img_b32a46a681c9c410d35408e6,False,False,False,img_b32a46a681c9c410d35408e6::pitch_down_56,,,,,,,,,,,,,,,,,,,,,,,,,,
0.6058256161136502,1.20303657960965,left,yaw_plus_35,img_b38496117cb29adcbf2b8c36,False,False,False,img_b38496117cb29adcbf2b8c36::yaw_plus_35,,,,,,,,,,,,,,,,,,,,,,,,,,
2.9492227835721962,6.495770541807127,right,pitch_up_56,img_b4812019b4dfa216489f95df,False,False,False,img_b4812019b4dfa216489f95df::pitch_up_56,,,,,,,,,,,,,,,,,,,,,,,,,,
2.9492227835721962,6.495770541807127,right,yaw_minus_35,img_b4812019b4dfa216489f95df,True,True,True,img_b4812019b4dfa216489f95df::yaw_minus_35,0.056439587267254065,0.4301007356221036,3.862311904674734,11477,0,18686,1900,45696,45696,6.504802942276001,7.030945062637329,10.571556329727173,6.489196261914823,0.037686656172313704,0.31573251280393855,1.0131595845883234,7407,0,14616,1900,45696,45696,6.461066961288452,6.979859113693237,7.330282211303711,6.550455853061846
-11.85438917322692,12.219673967905738,right,yaw_minus_35,img_b49a7a00f760704e50863571,False,True,True,img_b49a7a00f760704e50863571::yaw_minus_35,-3.8251429002718034,-3.7505221851789194,-2.8318441594982957,172,10788,10995,34,18824,18824,8.401728630065918,8.489640235900879,9.289208126068104,12.232136897953607,-3.825949998579721,-3.7527566316638232,-3.065197327592135,0,10605,10605,0,18824,18824,8.401220321655273,8.48720645904541,9.142355918884277,12.235018681499742
-9.337140853416711,9.42052378266636,left,pitch_up_56,img_b4d42ee9e22aa2aad4ed310f,False,False,False,img_b4d42ee9e22aa2aad4ed310f::pitch_up_56,,,,,,,,,,,,,,,,,,,,,,,,,,
-9.337140853416711,9.42052378266636,left,yaw_plus_35,img_b4d42ee9e22aa2aad4ed310f,False,False,False,img_b4d42ee9e22aa2aad4ed310f::yaw_plus_35,,,,,,,,,,,,,,,,,,,,,,,,,,
-8.049073624124377,10.053537497674581,right,yaw_minus_35,img_b5ca4a382aa3fedf86678fdd,False,True,True,img_b5ca4a382aa3fedf86678fdd::yaw_minus_35,-4.6608323585423905,-3.8792025131867156,-0.08937331744991278,455,9522,11355,287,19916,19916,5.387163829803467,6.066506385803223,10.165243244171142,10.041934934315757,-4.683511767383945,-4.4986814369817205,-3.7879856598428643,0,6288,6288,0,19916,19916,5.37493314743042,5.5909104347229,6.104194593429566,10.040926185646718
-0.41899159477801584,0.6115176997704657,left,pitch_down_56,img_b60e7cefcb6bc5ac435ea8ab,False,False,False,img_b60e7cefcb6bc5ac435ea8ab::pitch_down_56,,,,,,,,,,,,,,,,,,,,,,,,,,
-0.41899159477801584,0.6115176997704657,left,pitch_up_56,img_b60e7cefcb6bc5ac435ea8ab,False,False,False,img_b60e7cefcb6bc5ac435ea8ab::pitch_up_56,,,,,,,,,,,,,,,,,,,,,,,,,,
-0.41899159477801584,0.6115176997704657,left,yaw_minus_35,img_b60e7cefcb6bc5ac435ea8ab,False,False,False,img_b60e7cefcb6bc5ac435ea8ab::yaw_minus_35,,,,,,,,,,,,,,,,,,,,,,,,,,
-0.41899159477801584,0.6115176997704657,left,yaw_plus_35,img_b60e7cefcb6bc5ac435ea8ab,False,False,False,img_b60e7cefcb6bc5ac435ea8ab::yaw_plus_35,,,,,,,,,,,,,,,,,,,,,,,,,,
-1.310465215566858,6.638535301674429,right,pitch_up_56,img_b66bfddd418c61e670dc3a5c,False,False,False,img_b66bfddd418c61e670dc3a5c::pitch_up_56,,,,,,,,,,,,,,,,,,,,,,,,,,
-1.310465215566858,6.638535301674429,right,yaw_minus_35,img_b66bfddd418c61e670dc3a5c,False,False,False,img_b66bfddd418c61e670dc3a5c::yaw_minus_35,,,,,,,,,,,,,,,,,,,,,,,,,,
-1.310465215566858,6.638535301674429,right,yaw_plus_35,img_b66bfddd418c61e670dc3a5c,False,True,True,img_b66bfddd418c61e670dc3a5c::yaw_plus_35,-3.8497337357469457,-1.3347099443462698,0.13119034625246,224,4079,4849,287,14697,14697,2.8858478546142576,5.322064399719238,7.106149482727049,6.623119438295927,-4.080844799463564,-3.5091071488906858,-2.9982049794740835,0,1312,1312,0,14697,14670,2.875473153591156,3.0584867000579834,3.4115310192108157,6.539091857206392
-11.844157692671924,12.19435110377454,left,pitch_up_56,img_b6ba74c87f4094b04dbb2f59,False,False,False,img_b6ba74c87f4094b04dbb2f59::pitch_up_56,,,,,,,,,,,,,,,,,,,,,,,,,,
-11.844157692671924,12.19435110377454,left,yaw_plus_35,img_b6ba74c87f4094b04dbb2f59,False,True,False,img_b6ba74c87f4094b04dbb2f59::yaw_plus_35,,,,,,,,,,,,,,,,,,,,,,,,,,
-5.685884308989684,6.578920198353068,right,yaw_minus_35,img_b6beedc52cef4f2ac0a45e14,False,True,True,img_b6beedc52cef4f2ac0a45e14::yaw_minus_35,-4.2584843489692,-1.0119423404678916,9.443557765768116,9805,17181,30001,2352,52916,52916,2.3552732467651367,5.522279262542725,16.06406593322754,6.591434662532566,-4.357179077558659,-4.186099029027284,-3.934405910865641,0,5269,5269,0,52916,52916,2.311254787445068,2.404561996459961,2.6225568294525146,6.597709541212012
-2.9716584112894813,7.5896610883654905,left,pitch_down_56,img_b6f60c640d307fe68e410087,False,False,False,img_b6f60c640d307fe68e410087::pitch_down_56,,,,,,,,,,,,,,,,,,,,,,,,,,
-2.9716584112894813,7.5896610883654905,left,pitch_up_56,img_b6f60c640d307fe68e410087,False,False,False,img_b6f60c640d307fe68e410087::pitch_up_56,,,,,,,,,,,,,,,,,,,,,,,,,,
-2.9716584112894813,7.5896610883654905,left,yaw_minus_35,img_b6f60c640d307fe68e410087,False,False,False,img_b6f60c640d307fe68e410087::yaw_minus_35,,,,,,,,,,,,,,,,,,,,,,,,,,
-2.9716584112894813,7.5896610883654905,left,yaw_plus_35,img_b6f60c640d307fe68e410087,False,True,True,img_b6f60c640d307fe68e410087::yaw_plus_35,-4.218075712185292,-1.4684235262187468,-0.2570690796663378,349,10604,11250,155,30301,30301,3.588651156425476,5.872287034988403,7.479862451553344,7.566719864698205,-4.410563029555955,-3.9800088179326805,-3.6148864676794323,0,2335,2335,0,30301,30301,3.5634880542755125,3.6059086322784424,3.6587826013565063,7.591335177943031
-4.933897175441748,5.855619901247887,right,pitch_up_56,img_b709d4e3277d2f8c8b7f9745,False,False,False,img_b709d4e3277d2f8c8b7f9745::pitch_up_56,,,,,,,,,,,,,,,,,,,,,,,,,,
-4.933897175441748,5.855619901247887,right,yaw_minus_35,img_b709d4e3277d2f8c8b7f9745,False,True,True,img_b709d4e3277d2f8c8b7f9745::yaw_minus_35,-4.27429410458151,-0.7985121661679466,7.079724449722099,10844,16111,30597,2581,51993,51993,1.576218318939209,4.960582256317139,13.033646774291975,5.861766082433092,-4.491877655753095,-4.27350744943054,-3.9994196245335316,0,3074,3074,0,51993,51993,1.4964138388633728,1.5771666169166565,1.8026173055171966,5.881132533409442
3.367247363210126,6.688939482520456,right,pitch_up_56,img_b7f55877796392d83c722aba,False,False,False,img_b7f55877796392d83c722aba::pitch_up_56,,,,,,,,,,,,,,,,,,,,,,,,,,
3.367247363210126,6.688939482520456,right,yaw_minus_35,img_b7f55877796392d83c722aba,True,True,True,img_b7f55877796392d83c722aba::yaw_minus_35,0.061987764903591015,0.4333347906100924,3.530804951561148,10117,0,16873,1721,31333,31333,6.704293632507325,7.224470138549805,9.90323486328125,6.684086336826378,0.04590609659335359,0.3121825991117726,1.0060476215982819,6819,0,13575,1721,31333,31333,6.666663408279419,7.17228889465332,7.444164991378784,6.73067774611368
-2.0248330825339234,2.0529158450742164,left,pitch_down_56,img_b831b33deb3ad98c70a7934d,False,True,False,img_b831b33deb3ad98c70a7934d::pitch_down_56,,,,,,,,,,,,,,,,,,,,,,,,,,
-2.0248330825339234,2.0529158450742164,left,pitch_up_56,img_b831b33deb3ad98c70a7934d,False,False,False,img_b831b33deb3ad98c70a7934d::pitch_up_56,,,,,,,,,,,,,,,,,,,,,,,,,,
-2.0248330825339234,2.0529158450742164,left,yaw_minus_35,img_b831b33deb3ad98c70a7934d,False,True,False,img_b831b33deb3ad98c70a7934d::yaw_minus_35,,,,,,,,,,,,,,,,,,,,,,,,,,
-2.0248330825339234,2.0529158450742164,left,yaw_plus_35,img_b831b33deb3ad98c70a7934d,False,False,False,img_b831b33deb3ad98c70a7934d::yaw_plus_35,,,,,,,,,,,,,,,,,,,,,,,,,,
0.488458396986827,1.6345667114958478,right,pitch_down_56,img_b94d750c916e200cf37c2ad4,False,False,False,img_b94d750c916e200cf37c2ad4::pitch_down_56,,,,,,,,,,,,,,,,,,,,,,,,,,
0.488458396986827,1.6345667114958478,right,pitch_up_56,img_b94d750c916e200cf37c2ad4,False,True,False,img_b94d750c916e200cf37c2ad4::pitch_up_56,,,,,,,,,,,,,,,,,,,,,,,,,,
0.488458396986827,1.6345667114958478,right,yaw_minus_35,img_b94d750c916e200cf37c2ad4,False,True,False,img_b94d750c916e200cf37c2ad4::yaw_minus_35,,,,,,,,,,,,,,,,,,,,,,,,,,
0.488458396986827,1.6345667114958478,right,yaw_plus_35,img_b94d750c916e200cf37c2ad4,False,False,False,img_b94d750c916e200cf37c2ad4::yaw_plus_35,,,,,,,,,,,,,,,,,,,,,,,,,,
-5.396115632171534,6.303798651279401,right,yaw_minus_35,img_b9f940b901e71cda50ef8ab3,False,True,True,img_b9f940b901e71cda50ef8ab3::yaw_minus_35,-4.283072702575589,-0.9348395322936733,8.691873438466736,10372,16540,30278,2562,50949,50949,2.056917977333069,5.3295674324035645,15.059199285507157,6.316798990830162,-4.40602346845403,-4.2122566385404046,-3.9666507766406984,0,4448,4448,0,50949,50949,1.990859365463257,2.083893895149231,2.311739206314087,6.324794083113601
-9.279924151682403,9.35616226276141,right,pitch_up_56,img_ba2f05a90b6e766693a2bd0d,False,False,False,img_ba2f05a90b6e766693a2bd0d::pitch_up_56,,,,,,,,,,,,,,,,,,,,,,,,,,
-9.279924151682403,9.35616226276141,right,yaw_minus_35,img_ba2f05a90b6e766693a2bd0d,False,True,True,img_ba2f05a90b6e766693a2bd0d::yaw_minus_35,-3.7093885473097243,-3.4982987998368174,9.571307450969655,1246,8359,10917,1265,32977,32050,5.646501064300537,5.85897159576416,19.00239562988281,9.366645927473517,-3.7105995158312455,-3.548737539455834,-0.12049369661144545,109,8192,9315,1007,32977,31097,5.645523738861084,5.830204486846924,9.319575119018555,9.362463386856744
-2.1782138625719805,2.202127047180582,left,pitch_down_56,img_bb2a68f657118be7ff0b05ea,False,False,False,img_bb2a68f657118be7ff0b05ea::pitch_down_56,,,,,,,,,,,,,,,,,,,,,,,,,,
-2.1782138625719805,2.202127047180582,left,pitch_up_56,img_bb2a68f657118be7ff0b05ea,False,False,False,img_bb2a68f657118be7ff0b05ea::pitch_up_56,,,,,,,,,,,,,,,,,,,,,,,,,,
-2.1782138625719805,2.202127047180582,left,yaw_minus_35,img_bb2a68f657118be7ff0b05ea,False,False,False,img_bb2a68f657118be7ff0b05ea::yaw_minus_35,,,,,,,,,,,,,,,,,,,,,,,,,,
-2.1782138625719805,2.202127047180582,left,yaw_plus_35,img_bb2a68f657118be7ff0b05ea,False,False,False,img_bb2a68f657118be7ff0b05ea::yaw_plus_35,,,,,,,,,,,,,,,,,,,,,,,,,,
0.5747540064134589,3.882170337655968,right,pitch_down_56,img_bc2bea11a1cb64d9ca5716c4,False,False,False,img_bc2bea11a1cb64d9ca5716c4::pitch_down_56,,,,,,,,,,,,,,,,,,,,,,,,,,
0.5747540064134589,3.882170337655968,right,pitch_up_56,img_bc2bea11a1cb64d9ca5716c4,False,True,False,img_bc2bea11a1cb64d9ca5716c4::pitch_up_56,,,,,,,,,,,,,,,,,,,,,,,,,,
0.5747540064134589,3.882170337655968,right,yaw_minus_35,img_bc2bea11a1cb64d9ca5716c4,False,True,True,img_bc2bea11a1cb64d9ca5716c4::yaw_minus_35,-0.09155563486759243,1.2076985329043983,4.18546205003888,12292,0,15332,1980,47609,47577,3.4022024035453797,4.993421792984009,7.992272329330438,3.8551877915164465,-0.11909424337967356,0.3809424500558998,1.3169800318571412,4063,0,7103,1980,47609,47511,3.379453420639038,4.341554641723633,5.333173036575317,3.892293129099781
0.5747540064134589,3.882170337655968,right,yaw_plus_35,img_bc2bea11a1cb64d9ca5716c4,False,False,False,img_bc2bea11a1cb64d9ca5716c4::yaw_plus_35,,,,,,,,,,,,,,,,,,,,,,,,,,
-3.709060600407293,7.461639466335919,left,pitch_down_56,img_bc2f93ba4d934d3232b673e3,False,False,False,img_bc2f93ba4d934d3232b673e3::pitch_down_56,,,,,,,,,,,,,,,,,,,,,,,,,,
-3.709060600407293,7.461639466335919,left,pitch_up_56,img_bc2f93ba4d934d3232b673e3,False,False,False,img_bc2f93ba4d934d3232b673e3::pitch_up_56,,,,,,,,,,,,,,,,,,,,,,,,,,
-3.709060600407293,7.461639466335919,left,yaw_minus_35,img_bc2f93ba4d934d3232b673e3,False,True,False,img_bc2f93ba4d934d3232b673e3::yaw_minus_35,,,,,,,,,,,,,,,,,,,,,,,,,,
-3.709060600407293,7.461639466335919,left,yaw_plus_35,img_bc2f93ba4d934d3232b673e3,False,True,False,img_bc2f93ba4d934d3232b673e3::yaw_plus_35,,,,,,,,,,,,,,,,,,,,,,,,,,
5.917709869190448,6.7818458535153345,right,pitch_up_56,img_bca1f40e65c0073ea5c3b207,False,False,False,img_bca1f40e65c0073ea5c3b207::pitch_up_56,,,,,,,,,,,,,,,,,,,,,,,,,,
5.917709869190448,6.7818458535153345,right,yaw_minus_35,img_bca1f40e65c0073ea5c3b207,False,True,True,img_bca1f40e65c0073ea5c3b207::yaw_minus_35,-3.180982100235138,0.24196668534534016,4.008758099260155,13583,8103,27455,4863,47018,47018,3.6161700010299684,7.239396572113037,10.841214561462403,6.797918671794338,-3.292999436904083,-2.122434941978045,0.156115527526873,100,3253,5445,1637,47018,45299,3.4923649787902833,4.679933071136475,7.212220478057861,6.838419754041565
5.917709869190448,6.7818458535153345,right,yaw_plus_35,img_bca1f40e65c0073ea5c3b207,False,False,False,img_bca1f40e65c0073ea5c3b207::yaw_plus_35,,,,,,,,,,,,,,,,,,,,,,,,,,
-1.3830358688939586,1.482084766983147,right,pitch_down_56,img_bcc1fa7629c0cbff22cd2e32,False,False,False,img_bcc1fa7629c0cbff22cd2e32::pitch_down_56,,,,,,,,,,,,,,,,,,,,,,,,,,
-1.3830358688939586,1.482084766983147,right,pitch_up_56,img_bcc1fa7629c0cbff22cd2e32,False,False,False,img_bcc1fa7629c0cbff22cd2e32::pitch_up_56,,,,,,,,,,,,,,,,,,,,,,,,,,
-1.3830358688939586,1.482084766983147,right,yaw_minus_35,img_bcc1fa7629c0cbff22cd2e32,False,True,False,img_bcc1fa7629c0cbff22cd2e32::yaw_minus_35,,,,,,,,,,,,,,,,,,,,,,,,,,
-1.3830358688939586,1.482084766983147,right,yaw_plus_35,img_bcc1fa7629c0cbff22cd2e32,False,True,False,img_bcc1fa7629c0cbff22cd2e32::yaw_plus_35,,,,,,,,,,,,,,,,,,,,,,,,,,
-12.905046713969778,13.209044729110195,left,pitch_up_56,img_bce41815c3435d5918fa786f,False,False,False,img_bce41815c3435d5918fa786f::pitch_up_56,,,,,,,,,,,,,,,,,,,,,,,,,,
-12.905046713969778,13.209044729110195,left,yaw_plus_35,img_bce41815c3435d5918fa786f,False,True,True,img_bce41815c3435d5918fa786f::yaw_plus_35,-3.7893015234985206,-3.747727646616621,-3.0733873175661035,14,9014,9036,8,16877,16877,9.406735897064209,9.483148097991943,10.102880239486694,13.218965519750524,-3.7893442506365527,-3.747920448474292,-3.0778018544149424,0,8990,8990,0,16877,16877,9.406656074523926,9.482892513275146,10.096192693710327,13.219240649338643
-2.2205565432953924,2.705511983127263,left,pitch_down_56,img_bde382b774c98e42606ebea1,False,False,False,img_bde382b774c98e42606ebea1::pitch_down_56,,,,,,,,,,,,,,,,,,,,,,,,,,
-2.2205565432953924,2.705511983127263,left,pitch_up_56,img_bde382b774c98e42606ebea1,False,False,False,img_bde382b774c98e42606ebea1::pitch_up_56,,,,,,,,,,,,,,,,,,,,,,,,,,
-2.2205565432953924,2.705511983127263,left,yaw_minus_35,img_bde382b774c98e42606ebea1,False,True,True,img_bde382b774c98e42606ebea1::yaw_minus_35,-1.1557743742904256,2.1035780133207966,16.61427781056647,80231,17678,108082,5546,256706,255878,1.5384663820266724,4.889005184173584,19.171479797363283,2.7277718485996054,-1.3335749991305637,-1.0040626121410738,1.7393679534658741,4012,16678,23444,1483,256706,247551,1.4652587950229645,1.6710277795791626,4.655756878852844,2.729208729738519
-2.2205565432953924,2.705511983127263,left,yaw_plus_35,img_bde382b774c98e42606ebea1,False,False,False,img_bde382b774c98e42606ebea1::yaw_plus_35,,,,,,,,,,,,,,,,,,,,,,,,,,
-5.379740081357926,7.515124538335452,right,pitch_up_56,img_be28532475a779685710f991,False,False,False,img_be28532475a779685710f991::pitch_up_56,,,,,,,,,,,,,,,,,,,,,,,,,,
-5.379740081357926,7.515124538335452,right,yaw_minus_35,img_be28532475a779685710f991,False,True,False,img_be28532475a779685710f991::yaw_minus_35,,,,,,,,,,,,,,,,,,,,,,,,,,
-5.379740081357926,7.515124538335452,right,yaw_plus_35,img_be28532475a779685710f991,False,True,False,img_be28532475a779685710f991::yaw_plus_35,,,,,,,,,,,,,,,,,,,,,,,,,,
-6.370792043041579,7.059888524337064,left,pitch_up_56,img_be3df20bb870c84751cfa689,False,False,False,img_be3df20bb870c84751cfa689::pitch_up_56,,,,,,,,,,,,,,,,,,,,,,,,,,
-6.370792043041579,7.059888524337064,left,yaw_plus_35,img_be3df20bb870c84751cfa689,False,True,True,img_be3df20bb870c84751cfa689::yaw_plus_35,-4.108065131268125,-1.2522671323463812,3.665826521926605,6437,19861,28626,1870,57181,57181,2.995926260948181,5.855136156082153,10.718199253082275,7.075110343214275,-4.171413122444773,-4.044640342082588,-3.750527268562779,0,6222,6222,0,57181,57181,2.9577075839042664,3.038840413093567,3.2341285467147824,7.0862420274518785
-10.38230139370715,10.66025194573611,left,pitch_up_56,img_be5a270ff906e798953439de,False,False,False,img_be5a270ff906e798953439de::pitch_up_56,,,,,,,,,,,,,,,,,,,,,,,,,,
-10.38230139370715,10.66025194573611,left,yaw_plus_35,img_be5a270ff906e798953439de,False,True,True,img_be5a270ff906e798953439de::yaw_plus_35,-3.8014507836906257,-3.7379057139885328,-1.331356367551511,335,14463,14966,155,31420,31420,6.852867960929871,6.950426816940308,9.324093341827393,10.672867629449478,-3.8022407459564547,-3.7408929299810625,-3.0561563184398506,0,14120,14120,0,31420,31420,6.8520166873931885,6.943007707595825,7.602134537696839,10.674751289923156
-2.4109895879761387,2.443100156013602,left,pitch_down_56,img_be7fbc047b987740dd2c4760,False,False,False,img_be7fbc047b987740dd2c4760::pitch_down_56,,,,,,,,,,,,,,,,,,,,,,,,,,
-2.4109895879761387,2.443100156013602,left,pitch_up_56,img_be7fbc047b987740dd2c4760,False,True,False,img_be7fbc047b987740dd2c4760::pitch_up_56,,,,,,,,,,,,,,,,,,,,,,,,,,
-2.4109895879761387,2.443100156013602,left,yaw_minus_35,img_be7fbc047b987740dd2c4760,False,True,False,img_be7fbc047b987740dd2c4760::yaw_minus_35,,,,,,,,,,,,,,,,,,,,,,,,,,
-2.4109895879761387,2.443100156013602,left,yaw_plus_35,img_be7fbc047b987740dd2c4760,False,True,False,img_be7fbc047b987740dd2c4760::yaw_plus_35,,,,,,,,,,,,,,,,,,,,,,,,,,
-11.813213279102362,11.816761166417818,left,pitch_up_56,img_beb01b280b14e79f616ea854,False,False,False,img_beb01b280b14e79f616ea854::pitch_up_56,,,,,,,,,,,,,,,,,,,,,,,,,,
-11.813213279102362,11.816761166417818,left,yaw_minus_35,img_beb01b280b14e79f616ea854,False,False,False,img_beb01b280b14e79f616ea854::yaw_minus_35,,,,,,,,,,,,,,,,,,,,,,,,,,
-11.813213279102362,11.816761166417818,left,yaw_plus_35,img_beb01b280b14e79f616ea854,False,True,True,img_beb01b280b14e79f616ea854::yaw_plus_35,-6.871751014977669,-0.12437708759312471,3.3072785122278345,1775,3353,7442,2224,21741,15375,4.970964503288269,11.704552173614502,15.135048484802246,11.836522218229106,-6.874909273050254,-6.794069544295547,-0.10987834102656775,189,3349,5084,1545,21741,14963,4.969450306892395,5.0455193519592285,11.732831668853759,11.836488994485439
-9.785705762955624,10.754674479408022,right,pitch_up_56,img_c00a2dd81dbcbe2ba6d1a126,False,False,False,img_c00a2dd81dbcbe2ba6d1a126::pitch_up_56,,,,,,,,,,,,,,,,,,,,,,,,,,
-9.785705762955624,10.754674479408022,right,yaw_minus_35,img_c00a2dd81dbcbe2ba6d1a126,False,True,True,img_c00a2dd81dbcbe2ba6d1a126::yaw_minus_35,-4.195492389413758,-4.000449247548863,-3.2270499147584193,70,8952,9081,51,18180,18180,6.5755486488342285,6.756026744842529,7.593152046203613,10.763419134666385,-4.1974541862210195,-4.004780457239197,-3.269511008017045,0,8710,8710,0,18180,18180,6.571650886535645,6.748659372329712,7.526153969764709,10.76760219390518
-1.9273219865459064,1.9523766314879174,left,pitch_down_56,img_c04b37a9ccae6e3f6a62ef81,False,True,False,img_c04b37a9ccae6e3f6a62ef81::pitch_down_56,,,,,,,,,,,,,,,,,,,,,,,,,,
-1.9273219865459064,1.9523766314879174,left,pitch_up_56,img_c04b37a9ccae6e3f6a62ef81,False,False,False,img_c04b37a9ccae6e3f6a62ef81::pitch_up_56,,,,,,,,,,,,,,,,,,,,,,,,,,
-1.9273219865459064,1.9523766314879174,left,yaw_minus_35,img_c04b37a9ccae6e3f6a62ef81,False,True,False,img_c04b37a9ccae6e3f6a62ef81::yaw_minus_35,,,,,,,,,,,,,,,,,,,,,,,,,,
-1.9273219865459064,1.9523766314879174,left,yaw_plus_35,img_c04b37a9ccae6e3f6a62ef81,False,False,False,img_c04b37a9ccae6e3f6a62ef81::yaw_plus_35,,,,,,,,,,,,,,,,,,,,,,,,,,
-7.03795901556817,7.069279201019009,right,pitch_up_56,img_c0e1cf412031577bfe06ae4a,False,False,False,img_c0e1cf412031577bfe06ae4a::pitch_up_56,,,,,,,,,,,,,,,,,,,,,,,,,,
-7.03795901556817,7.069279201019009,right,yaw_minus_35,img_c0e1cf412031577bfe06ae4a,False,False,False,img_c0e1cf412031577bfe06ae4a::yaw_minus_35,,,,,,,,,,,,,,,,,,,,,,,,,,
-7.03795901556817,7.069279201019009,right,yaw_plus_35,img_c0e1cf412031577bfe06ae4a,False,True,True,img_c0e1cf412031577bfe06ae4a::yaw_plus_35,-3.6705402336700383,1.2813065260150913,20.79843245771912,13522,6312,24454,4333,39477,39473,3.398340141773224,8.395477294921875,27.8861946105957,7.091154406214551,-3.683629231572388,-0.12508344159723173,1.4099719463275087,3256,5125,12482,3832,39477,38869,3.381689929962158,6.987322092056274,8.49092960357666,7.088476427014982
-1.7894877222035968,5.305272804211744,left,pitch_down_56,img_c1c7ee83afa5320441b43b8c,False,False,False,img_c1c7ee83afa5320441b43b8c::pitch_down_56,,,,,,,,,,,,,,,,,,,,,,,,,,
-1.7894877222035968,5.305272804211744,left,pitch_up_56,img_c1c7ee83afa5320441b43b8c,False,False,False,img_c1c7ee83afa5320441b43b8c::pitch_up_56,,,,,,,,,,,,,,,,,,,,,,,,,,
-1.7894877222035968,5.305272804211744,left,yaw_minus_35,img_c1c7ee83afa5320441b43b8c,False,False,False,img_c1c7ee83afa5320441b43b8c::yaw_minus_35,,,,,,,,,,,,,,,,,,,,,,,,,,
-1.7894877222035968,5.305272804211744,left,yaw_plus_35,img_c1c7ee83afa5320441b43b8c,False,False,False,img_c1c7ee83afa5320441b43b8c::yaw_plus_35,,,,,,,,,,,,,,,,,,,,,,,,,,
0.7643852535813087,4.88511150743721,right,pitch_down_56,img_c1d98062a4244b5006970c32,False,False,False,img_c1d98062a4244b5006970c32::pitch_down_56,,,,,,,,,,,,,,,,,,,,,,,,,,
0.7643852535813087,4.88511150743721,right,pitch_up_56,img_c1d98062a4244b5006970c32,True,True,False,img_c1d98062a4244b5006970c32::pitch_up_56,,,,,,,,,,,,,,,,,,,,,,,,,,
0.7643852535813087,4.88511150743721,right,yaw_minus_35,img_c1d98062a4244b5006970c32,True,True,True,img_c1d98062a4244b5006970c32::yaw_minus_35,-0.09556013874443181,0.7104136348685257,3.8770210102542,7257,0,9834,1717,22213,22213,4.385650086402893,5.400137186050415,8.621553516387939,4.849633285864192,-0.10813259211450052,0.4445029611452833,1.2916317999938087,4145,0,6722,1717,22213,22213,4.376228904724121,5.3389811515808105,6.418492937088013,4.901974652889873
0.7643852535813087,4.88511150743721,right,yaw_plus_35,img_c1d98062a4244b5006970c32,False,False,False,img_c1d98062a4244b5006970c32::yaw_plus_35,,,,,,,,,,,,,,,,,,,,,,,,,,
-13.525761410709999,13.581470364053136,left,pitch_up_56,img_c1e12f0629dd3d406e51c28a,False,False,False,img_c1e12f0629dd3d406e51c28a::pitch_up_56,,,,,,,,,,,,,,,,,,,,,,,,,,
-13.525761410709999,13.581470364053136,left,yaw_minus_35,img_c1e12f0629dd3d406e51c28a,False,False,False,img_c1e12f0629dd3d406e51c28a::yaw_minus_35,,,,,,,,,,,,,,,,,,,,,,,,,,
-13.525761410709999,13.581470364053136,left,yaw_plus_35,img_c1e12f0629dd3d406e51c28a,False,True,True,img_c1e12f0629dd3d406e51c28a::yaw_plus_35,-3.684710970273307,-0.11739106256479737,20.725988303525753,3337,2982,8804,2292,18762,18762,9.887001705169677,13.501200199127197,34.32576961517334,13.593447795858543,-3.686931660802718,-0.12643146453270138,1.5186753104432575,1717,2733,6500,1893,18762,18736,9.884214878082275,13.48548412322998,15.11987919807434,13.591443123580216
-2.1733242165084445,2.7639904735447667,left,pitch_down_56,img_c3ccda95371ed93a9732b302,False,False,False,img_c3ccda95371ed93a9732b302::pitch_down_56,,,,,,,,,,,,,,,,,,,,,,,,,,
-2.1733242165084445,2.7639904735447667,left,pitch_up_56,img_c3ccda95371ed93a9732b302,False,False,False,img_c3ccda95371ed93a9732b302::pitch_up_56,,,,,,,,,,,,,,,,,,,,,,,,,,
-2.1733242165084445,2.7639904735447667,left,yaw_minus_35,img_c3ccda95371ed93a9732b302,False,True,True,img_c3ccda95371ed93a9732b302::yaw_minus_35,-1.209581744208089,1.8326251143959214,13.310915959264653,68269,18666,97123,4704,221935,221733,1.5615515947341918,4.7736897468566895,16.117075538635255,2.781789658013788,-1.3943655269778996,-1.0548730937925215,1.7378065905145288,1961,18100,22579,833,221935,215218,1.4962995290756225,1.6952537298202515,4.6969744682312005,2.7672231073873443
-2.1733242165084445,2.7639904735447667,left,yaw_plus_35,img_c3ccda95371ed93a9732b302,False,False,False,img_c3ccda95371ed93a9732b302::yaw_plus_35,,,,,,,,,,,,,,,,,,,,,,,,,,
-10.074472200189977,10.362684257794841,left,pitch_up_56,img_c4432fd9be4c02760427f369,False,False,False,img_c4432fd9be4c02760427f369::pitch_up_56,,,,,,,,,,,,,,,,,,,,,,,,,,
-10.074472200189977,10.362684257794841,left,yaw_minus_35,img_c4432fd9be4c02760427f369,False,False,False,img_c4432fd9be4c02760427f369::yaw_minus_35,,,,,,,,,,,,,,,,,,,,,,,,,,
-10.074472200189977,10.362684257794841,left,yaw_plus_35,img_c4432fd9be4c02760427f369,False,True,True,img_c4432fd9be4c02760427f369::yaw_plus_35,-3.813343766701853,-3.745499587756936,-1.331515535306729,297,13403,13852,136,22490,22490,6.550101184844971,6.643443822860718,9.006471920013418,10.374995485919737,-3.8147293881120605,-3.749504814168997,-3.0609799212394213,0,13045,13045,0,22490,22490,6.549455356597901,6.63966703414917,7.3041074752807615,10.37705395780728
-1.95980597391124,1.9867223259311348,left,pitch_down_56,img_c49faa1d11365b47610f1cef,False,True,False,img_c49faa1d11365b47610f1cef::pitch_down_56,,,,,,,,,,,,,,,,,,,,,,,,,,
-1.95980597391124,1.9867223259311348,left,pitch_up_56,img_c49faa1d11365b47610f1cef,False,False,False,img_c49faa1d11365b47610f1cef::pitch_up_56,,,,,,,,,,,,,,,,,,,,,,,,,,
-1.95980597391124,1.9867223259311348,left,yaw_minus_35,img_c49faa1d11365b47610f1cef,False,True,False,img_c49faa1d11365b47610f1cef::yaw_minus_35,,,,,,,,,,,,,,,,,,,,,,,,,,
-1.95980597391124,1.9867223259311348,left,yaw_plus_35,img_c49faa1d11365b47610f1cef,False,False,False,img_c49faa1d11365b47610f1cef::yaw_plus_35,,,,,,,,,,,,,,,,,,,,,,,,,,
-6.155955072769718,9.005245170519935,left,pitch_up_56,img_c4fce4edb71733e79d9ea3ae,False,False,False,img_c4fce4edb71733e79d9ea3ae::pitch_up_56,,,,,,,,,,,,,,,,,,,,,,,,,,
-6.155955072769718,9.005245170519935,left,yaw_minus_35,img_c4fce4edb71733e79d9ea3ae,False,False,False,img_c4fce4edb71733e79d9ea3ae::yaw_minus_35,,,,,,,,,,,,,,,,,,,,,,,,,,
-6.155955072769718,9.005245170519935,left,yaw_plus_35,img_c4fce4edb71733e79d9ea3ae,False,True,False,img_c4fce4edb71733e79d9ea3ae::yaw_plus_35,,,,,,,,,,,,,,,,,,,,,,,,,,
-7.868804275966514,9.448630299256447,right,pitch_up_56,img_c54fcbe99fb2556e3eee453b,False,False,False,img_c54fcbe99fb2556e3eee453b::pitch_up_56,,,,,,,,,,,,,,,,,,,,,,,,,,
-7.868804275966514,9.448630299256447,right,yaw_minus_35,img_c54fcbe99fb2556e3eee453b,False,False,False,img_c54fcbe99fb2556e3eee453b::yaw_minus_35,,,,,,,,,,,,,,,,,,,,,,,,,,
-7.868804275966514,9.448630299256447,right,yaw_plus_35,img_c54fcbe99fb2556e3eee453b,False,True,True,img_c54fcbe99fb2556e3eee453b::yaw_plus_35,-4.512885808218591,-4.324037581909833,-0.13107751134574253,431,9516,10274,282,24751,24751,4.949987316131592,5.150902032852173,9.535098695755005,9.450000585231631,-4.541090362158713,-4.365340082978216,-4.0727298382582555,0,8132,8132,0,24751,24751,4.926162648200989,5.103982210159302,5.352526926994324,9.448365303041289
-1.7100457606306456,1.7446983271511072,right,pitch_down_56,img_c61c2887cae73f809045af53,False,False,False,img_c61c2887cae73f809045af53::pitch_down_56,,,,,,,,,,,,,,,,,,,,,,,,,,
-1.7100457606306456,1.7446983271511072,right,pitch_up_56,img_c61c2887cae73f809045af53,False,False,False,img_c61c2887cae73f809045af53::pitch_up_56,,,,,,,,,,,,,,,,,,,,,,,,,,
-1.7100457606306456,1.7446983271511072,right,yaw_minus_35,img_c61c2887cae73f809045af53,False,False,False,img_c61c2887cae73f809045af53::yaw_minus_35,,,,,,,,,,,,,,,,,,,,,,,,,,
-1.7100457606306456,1.7446983271511072,right,yaw_plus_35,img_c61c2887cae73f809045af53,False,False,False,img_c61c2887cae73f809045af53::yaw_plus_35,,,,,,,,,,,,,,,,,,,,,,,,,,
3.3612362694670637,8.393013396663282,right,pitch_up_56,img_c6c64c84f33e7ba57d01e36f,False,False,False,img_c6c64c84f33e7ba57d01e36f::pitch_up_56,,,,,,,,,,,,,,,,,,,,,,,,,,
3.3612362694670637,8.393013396663282,right,yaw_minus_35,img_c6c64c84f33e7ba57d01e36f,False,True,True,img_c6c64c84f33e7ba57d01e36f::yaw_minus_35,-3.9426402499105806,0.314027210234439,2.381048700235186,4658,853,8159,886,15238,15238,4.708340263366699,8.86711311340332,10.611028861999511,8.377685919755589,-4.908986867068119,0.3086210387019701,1.387193004408225,3697,542,6718,794,15238,15124,3.6585432052612306,8.856364727020264,9.6036386013031,8.400514836824678
3.3612362694670637,8.393013396663282,right,yaw_plus_35,img_c6c64c84f33e7ba57d01e36f,False,False,False,img_c6c64c84f33e7ba57d01e36f::yaw_plus_35,,,,,,,,,,,,,,,,,,,,,,,,,,
-3.6439184964007048,3.649194256859309,right,pitch_down_56,img_c6f511fd619078aef91932cc,False,False,False,img_c6f511fd619078aef91932cc::pitch_down_56,,,,,,,,,,,,,,,,,,,,,,,,,,
-3.6439184964007048,3.649194256859309,right,yaw_plus_35,img_c6f511fd619078aef91932cc,False,False,False,img_c6f511fd619078aef91932cc::yaw_plus_35,,,,,,,,,,,,,,,,,,,,,,,,,,
-2.0643633401034873,2.8310056665864924,left,pitch_down_56,img_c722df52e100f0a4d6d722c4,False,False,False,img_c722df52e100f0a4d6d722c4::pitch_down_56,,,,,,,,,,,,,,,,,,,,,,,,,,
-2.0643633401034873,2.8310056665864924,left,pitch_up_56,img_c722df52e100f0a4d6d722c4,False,False,False,img_c722df52e100f0a4d6d722c4::pitch_up_56,,,,,,,,,,,,,,,,,,,,,,,,,,
-2.0643633401034873,2.8310056665864924,left,yaw_minus_35,img_c722df52e100f0a4d6d722c4,False,True,True,img_c722df52e100f0a4d6d722c4::yaw_minus_35,-1.3264117347295463,1.7801320101952767,10.384104282705378,50435,20232,80297,2883,190712,190712,1.5672090291976928,4.593764305114746,13.218005943298339,2.8336133715480374,-1.4313339414752844,-1.1415267413075356,-0.15493787461677266,649,19156,21501,313,190712,185862,1.4744120836257935,1.7196301221847534,2.928039312362671,2.830829699424703
-2.0643633401034873,2.8310056665864924,left,yaw_plus_35,img_c722df52e100f0a4d6d722c4,False,False,False,img_c722df52e100f0a4d6d722c4::yaw_plus_35,,,,,,,,,,,,,,,,,,,,,,,,,,
3.6426962919271286,8.217872088726695,right,pitch_up_56,img_c77512e4e0ce2d4fa776ea2d,False,False,False,img_c77512e4e0ce2d4fa776ea2d::pitch_up_56,,,,,,,,,,,,,,,,,,,,,,,,,,
3.6426962919271286,8.217872088726695,right,yaw_minus_35,img_c77512e4e0ce2d4fa776ea2d,False,True,True,img_c77512e4e0ce2d4fa776ea2d::yaw_minus_35,-3.7069970536243044,0.2798645807336353,3.286771175254871,4069,1752,9688,864,17843,17843,4.522673320770264,8.673412799835205,11.237504768371583,8.205856694726574,-3.7907166128967242,0.27453826976248763,1.3115099782577089,2805,1356,7719,641,17843,17765,4.508522653579712,8.660015106201172,9.342668151855468,8.238758954274218
3.6426962919271286,8.217872088726695,right,yaw_plus_35,img_c77512e4e0ce2d4fa776ea2d,False,False,False,img_c77512e4e0ce2d4fa776ea2d::yaw_plus_35,,,,,,,,,,,,,,,,,,,,,,,,,,
-2.1372505075710593,2.1882334135896655,right,pitch_down_56,img_c7ece5aea1a2713fff288e22,False,False,False,img_c7ece5aea1a2713fff288e22::pitch_down_56,,,,,,,,,,,,,,,,,,,,,,,,,,
-2.1372505075710593,2.1882334135896655,right,yaw_minus_35,img_c7ece5aea1a2713fff288e22,False,False,False,img_c7ece5aea1a2713fff288e22::yaw_minus_35,,,,,,,,,,,,,,,,,,,,,,,,,,
-2.1372505075710593,2.1882334135896655,right,yaw_plus_35,img_c7ece5aea1a2713fff288e22,False,False,False,img_c7ece5aea1a2713fff288e22::yaw_plus_35,,,,,,,,,,,,,,,,,,,,,,,,,,
-9.009594061093336,9.8306756320571,right,yaw_minus_35,img_c8bbc2a08c7cc7dc37c199cd,False,True,True,img_c8bbc2a08c7cc7dc37c199cd::yaw_minus_35,-7.76917078972517,-4.104750513869826,12.24032210800812,748,10630,11961,199,20276,20276,2.0292255878448486,5.731557846069336,22.13395118713379,9.838325507226196,-7.798305859200231,-7.562022632202552,-5.571124690314123,0,3425,3425,0,20276,20211,2.0050800800323487,2.1700987815856934,4.382637214660644,9.852286229416313
-12.122692430277926,12.135580825303547,right,yaw_minus_35,img_c945937fd972cd35ccc3f927,False,True,True,img_c945937fd972cd35ccc3f927::yaw_minus_35,-1.2803115249962453,-0.11008284130111434,9.357769697703777,4901,1447,10246,3579,19014,19014,10.854887962341309,12.059747219085693,21.522512912750244,12.151814426703218,-1.2878830925530163,-0.11544619931763123,1.6172969106136381,2142,1123,6220,2933,19014,19001,10.847408771514893,12.045519351959229,13.775217676162718,12.151008015170582
-8.727604324546514,8.733385838771555,right,pitch_up_56,img_c97b935806f8446352f5c059,False,False,False,img_c97b935806f8446352f5c059::pitch_up_56,,,,,,,,,,,,,,,,,,,,,,,,,,
-8.727604324546514,8.733385838771555,right,yaw_minus_35,img_c97b935806f8446352f5c059,False,False,False,img_c97b935806f8446352f5c059::yaw_minus_35,,,,,,,,,,,,,,,,,,,,,,,,,,
-8.727604324546514,8.733385838771555,right,yaw_plus_35,img_c97b935806f8446352f5c059,False,True,True,img_c97b935806f8446352f5c059::yaw_plus_35,-1.256098693459081,1.272089347390387,13.942927719122638,7383,1745,13714,4190,26751,26751,7.477409243583679,10.034111022949219,22.698052787780753,8.752324744903913,-1.2807761580813697,-0.11550739605336258,1.8894472800912772,2941,1744,8354,3629,26751,26662,7.453418660163879,8.657589435577393,10.642848587036125,8.746737191953894
-2.4723647610191284,2.5130146963560205,right,yaw_minus_35,img_c9d1fab35661b2bd69281bfa,False,False,False,img_c9d1fab35661b2bd69281bfa::yaw_minus_35,,,,,,,,,,,,,,,,,,,,,,,,,,
-11.821115449701338,12.188871610463732,right,yaw_minus_35,img_cbaa2ed931cc075f3b1eb8f6,False,True,True,img_cbaa2ed931cc075f3b1eb8f6::yaw_minus_35,-3.8280619936196945,-3.7516839013139665,-3.033051319072081,148,10496,10678,32,16702,16702,8.36747603416443,8.45771312713623,9.195306777954102,12.200815505871567,-3.8285183463380443,-3.753534503082424,-3.0645126495439317,0,10342,10342,0,16702,16702,8.366989612579346,8.455321311950684,9.11501431465149,12.20352366784272
-1.3352647966017086,1.4536505091219447,right,pitch_down_56,img_cc38ed44cf7d949c28bae20e,False,False,False,img_cc38ed44cf7d949c28bae20e::pitch_down_56,,,,,,,,,,,,,,,,,,,,,,,,,,
-1.3352647966017086,1.4536505091219447,right,pitch_up_56,img_cc38ed44cf7d949c28bae20e,False,False,False,img_cc38ed44cf7d949c28bae20e::pitch_up_56,,,,,,,,,,,,,,,,,,,,,,,,,,
-1.3352647966017086,1.4536505091219447,right,yaw_minus_35,img_cc38ed44cf7d949c28bae20e,False,True,False,img_cc38ed44cf7d949c28bae20e::yaw_minus_35,,,,,,,,,,,,,,,,,,,,,,,,,,
-1.3352647966017086,1.4536505091219447,right,yaw_plus_35,img_cc38ed44cf7d949c28bae20e,False,True,False,img_cc38ed44cf7d949c28bae20e::yaw_plus_35,,,,,,,,,,,,,,,,,,,,,,,,,,
5.343873216508614,5.575719989911862,right,pitch_up_56,img_cc49a20a9f67e4bfb75ac5cd,False,False,False,img_cc49a20a9f67e4bfb75ac5cd::pitch_up_56,,,,,,,,,,,,,,,,,,,,,,,,,,
5.343873216508614,5.575719989911862,right,yaw_minus_35,img_cc49a20a9f67e4bfb75ac5cd,False,True,True,img_cc49a20a9f67e4bfb75ac5cd::yaw_minus_35,-1.5808195482882559,1.2111697357952487,3.6885804763787453,23398,6224,36155,6284,77600,77600,3.9930779457092287,6.82148551940918,9.340540313720703,5.606131594707407,-2.9810343697761343,-1.4606607897427848,3.0932078382151733,718,3033,5448,1662,77600,73619,2.6045117020606994,4.2137134075164795,8.616367769241332,5.626933740647185
5.343873216508614,5.575719989911862,right,yaw_plus_35,img_cc49a20a9f67e4bfb75ac5cd,False,False,False,img_cc49a20a9f67e4bfb75ac5cd::yaw_plus_35,,,,,,,,,,,,,,,,,,,,,,,,,,
-9.73627548120532,10.030184500564856,left,pitch_up_56,img_cc7973236912a72f232cc17b,False,False,False,img_cc7973236912a72f232cc17b::pitch_up_56,,,,,,,,,,,,,,,,,,,,,,,,,,
-9.73627548120532,10.030184500564856,left,yaw_minus_35,img_cc7973236912a72f232cc17b,False,False,False,img_cc7973236912a72f232cc17b::yaw_minus_35,,,,,,,,,,,,,,,,,,,,,,,,,,
-9.73627548120532,10.030184500564856,left,yaw_plus_35,img_cc7973236912a72f232cc17b,False,True,True,img_cc7973236912a72f232cc17b::yaw_plus_35,-3.8243304012763755,-3.7421704968640235,-1.114334428506105,414,13963,14557,166,24110,24110,6.214657020568848,6.311735153198242,8.886253547668456,10.042980167706746,-3.826004182143696,-3.753132224492962,-3.062819982680658,0,13538,13538,0,24110,24110,6.2139015913009645,6.306827068328857,6.9761991739273075,10.045337013873054
0.7092899556851068,0.7610253667268192,left,pitch_down_56,img_cc8461f788875306eb810405,False,False,False,img_cc8461f788875306eb810405::pitch_down_56,,,,,,,,,,,,,,,,,,,,,,,,,,
0.7092899556851068,0.7610253667268192,left,yaw_plus_35,img_cc8461f788875306eb810405,False,False,False,img_cc8461f788875306eb810405::yaw_plus_35,,,,,,,,,,,,,,,,,,,,,,,,,,
1.9029223850801273,7.518612598709163,right,pitch_up_56,img_cd4571ad8de26172a08ecd80,False,False,False,img_cd4571ad8de26172a08ecd80::pitch_up_56,,,,,,,,,,,,,,,,,,,,,,,,,,
1.9029223850801273,7.518612598709163,right,yaw_minus_35,img_cd4571ad8de26172a08ecd80,False,True,True,img_cd4571ad8de26172a08ecd80::yaw_minus_35,-0.06180678917534399,0.46931392433921504,3.032014095777441,4719,47,6616,1033,9718,9718,7.0818750858306885,7.984044075012207,10.237831830978394,7.495379766782362,-0.06517979255339731,0.45042017729983197,0.9625008360938211,4036,47,5933,1033,9718,9718,7.049010562896728,7.9613037109375,8.70216064453125,7.518146743661493
1.9029223850801273,7.518612598709163,right,yaw_plus_35,img_cd4571ad8de26172a08ecd80,False,False,False,img_cd4571ad8de26172a08ecd80::yaw_plus_35,,,,,,,,,,,,,,,,,,,,,,,,,,
-2.241893957981622,2.4061554768310955,right,yaw_minus_35,img_cd82e547ec1029199a8abeed,False,False,False,img_cd82e547ec1029199a8abeed::yaw_minus_35,,,,,,,,,,,,,,,,,,,,,,,,,,
-2.2317304397023032,2.26933076141488,left,pitch_down_56,img_cde176116532a2d3ea90b8fd,False,False,False,img_cde176116532a2d3ea90b8fd::pitch_down_56,,,,,,,,,,,,,,,,,,,,,,,,,,
-2.2317304397023032,2.26933076141488,left,pitch_up_56,img_cde176116532a2d3ea90b8fd,False,False,False,img_cde176116532a2d3ea90b8fd::pitch_up_56,,,,,,,,,,,,,,,,,,,,,,,,,,
-2.2317304397023032,2.26933076141488,left,yaw_minus_35,img_cde176116532a2d3ea90b8fd,False,True,False,img_cde176116532a2d3ea90b8fd::yaw_minus_35,,,,,,,,,,,,,,,,,,,,,,,,,,
-2.2317304397023032,2.26933076141488,left,yaw_plus_35,img_cde176116532a2d3ea90b8fd,False,True,False,img_cde176116532a2d3ea90b8fd::yaw_plus_35,,,,,,,,,,,,,,,,,,,,,,,,,,
1.803461188896991,8.744707211444872,left,yaw_plus_35,img_ce4c8b78f0d154af4ad15c0f,False,True,True,img_ce4c8b78f0d154af4ad15c0f::yaw_plus_35,-0.08660827616916703,0.4724760689783709,1.3706760292075035,2965,0,4574,1023,8450,8450,8.246074676513672,9.203582763671875,10.279403018951413,8.715201341716615,-0.08850883495871571,0.44820531656218243,0.910218038071587,2775,0,4384,1023,8450,8450,8.245301771163941,9.201203346252441,9.90896849632263,8.714237067606494
-8.775442928816314,10.090871918107336,left,pitch_up_56,img_cf9d47bf271465783b283e59,False,False,False,img_cf9d47bf271465783b283e59::pitch_up_56,,,,,,,,,,,,,,,,,,,,,,,,,,
-8.775442928816314,10.090871918107336,left,yaw_minus_35,img_cf9d47bf271465783b283e59,False,False,False,img_cf9d47bf271465783b283e59::yaw_minus_35,,,,,,,,,,,,,,,,,,,,,,,,,,
-8.775442928816314,10.090871918107336,left,yaw_plus_35,img_cf9d47bf271465783b283e59,False,False,False,img_cf9d47bf271465783b283e59::yaw_plus_35,,,,,,,,,,,,,,,,,,,,,,,,,,
-6.233556407924259,6.260412617615425,right,pitch_up_56,img_cfa7bd7ddd9ffe59243cc69d,False,False,False,img_cfa7bd7ddd9ffe59243cc69d::pitch_up_56,,,,,,,,,,,,,,,,,,,,,,,,,,
-6.233556407924259,6.260412617615425,right,yaw_plus_35,img_cfa7bd7ddd9ffe59243cc69d,False,False,False,img_cfa7bd7ddd9ffe59243cc69d::yaw_plus_35,,,,,,,,,,,,,,,,,,,,,,,,,,
-1.4263229113611513,2.329819894088021,left,pitch_down_56,img_d04d0ca787fbef2b28f090d4,False,False,False,img_d04d0ca787fbef2b28f090d4::pitch_down_56,,,,,,,,,,,,,,,,,,,,,,,,,,
-1.4263229113611513,2.329819894088021,left,pitch_up_56,img_d04d0ca787fbef2b28f090d4,False,False,False,img_d04d0ca787fbef2b28f090d4::pitch_up_56,,,,,,,,,,,,,,,,,,,,,,,,,,
-1.4263229113611513,2.329819894088021,left,yaw_minus_35,img_d04d0ca787fbef2b28f090d4,False,False,False,img_d04d0ca787fbef2b28f090d4::yaw_minus_35,,,,,,,,,,,,,,,,,,,,,,,,,,
-1.4263229113611513,2.329819894088021,left,yaw_plus_35,img_d04d0ca787fbef2b28f090d4,False,True,True,img_d04d0ca787fbef2b28f090d4::yaw_plus_35,-1.3331625528186901,2.1337865789853203,11.087467473367658,70893,16669,97965,2590,236210,235855,1.0142895698547363,4.516146183013916,13.297304344177247,2.2875384162675436,-1.7216308228421977,-1.0489768658940912,0.051456157180062,573,10601,12755,222,236210,228193,0.8710132896900177,1.1915819644927979,2.75896382331848,2.2847667341028197
0.4780414601739835,0.5456220826795346,right,pitch_down_56,img_d0d851b2ccfa742fa1bd8d68,False,False,False,img_d0d851b2ccfa742fa1bd8d68::pitch_down_56,,,,,,,,,,,,,,,,,,,,,,,,,,
0.4780414601739835,0.5456220826795346,right,pitch_up_56,img_d0d851b2ccfa742fa1bd8d68,True,False,False,img_d0d851b2ccfa742fa1bd8d68::pitch_up_56,,,,,,,,,,,,,,,,,,,,,,,,,,
0.4780414601739835,0.5456220826795346,right,yaw_minus_35,img_d0d851b2ccfa742fa1bd8d68,False,False,False,img_d0d851b2ccfa742fa1bd8d68::yaw_minus_35,,,,,,,,,,,,,,,,,,,,,,,,,,
0.4780414601739835,0.5456220826795346,right,yaw_plus_35,img_d0d851b2ccfa742fa1bd8d68,True,False,False,img_d0d851b2ccfa742fa1bd8d68::yaw_plus_35,,,,,,,,,,,,,,,,,,,,,,,,,,
-1.9004005481606474,1.9662827264087908,right,pitch_down_56,img_d13775f3817c9aa225ed22ac,False,False,False,img_d13775f3817c9aa225ed22ac::pitch_down_56,,,,,,,,,,,,,,,,,,,,,,,,,,
-1.9004005481606474,1.9662827264087908,right,pitch_up_56,img_d13775f3817c9aa225ed22ac,False,False,False,img_d13775f3817c9aa225ed22ac::pitch_up_56,,,,,,,,,,,,,,,,,,,,,,,,,,
-1.9004005481606474,1.9662827264087908,right,yaw_minus_35,img_d13775f3817c9aa225ed22ac,False,False,False,img_d13775f3817c9aa225ed22ac::yaw_minus_35,,,,,,,,,,,,,,,,,,,,,,,,,,
-1.9004005481606474,1.9662827264087908,right,yaw_plus_35,img_d13775f3817c9aa225ed22ac,False,False,False,img_d13775f3817c9aa225ed22ac::yaw_plus_35,,,,,,,,,,,,,,,,,,,,,,,,,,
-8.317211552791424,8.77298499317208,left,pitch_up_56,img_d14ce879e6a132a7c0aaf3ea,False,False,False,img_d14ce879e6a132a7c0aaf3ea::pitch_up_56,,,,,,,,,,,,,,,,,,,,,,,,,,
-8.317211552791424,8.77298499317208,left,yaw_minus_35,img_d14ce879e6a132a7c0aaf3ea,False,False,False,img_d14ce879e6a132a7c0aaf3ea::yaw_minus_35,,,,,,,,,,,,,,,,,,,,,,,,,,
-8.317211552791424,8.77298499317208,left,yaw_plus_35,img_d14ce879e6a132a7c0aaf3ea,False,True,True,img_d14ce879e6a132a7c0aaf3ea::yaw_plus_35,-3.9322282401407844,-3.3782809014546267,1.409119948114084,1357,15810,17797,555,31135,31135,4.880912590026855,5.426783084869385,10.22696590423584,8.785698086259949,-3.939816859896461,-3.806309846369121,-3.1066960786656423,0,14515,14515,0,31135,31135,4.878003549575806,4.987634658813477,5.690656042098999,8.789433726102827
-9.228298658093903,9.338600743343514,right,pitch_up_56,img_d1b98043d8de5060ebfdfffe,False,False,False,img_d1b98043d8de5060ebfdfffe::pitch_up_56,,,,,,,,,,,,,,,,,,,,,,,,,,
-9.228298658093903,9.338600743343514,right,yaw_minus_35,img_d1b98043d8de5060ebfdfffe,False,True,True,img_d1b98043d8de5060ebfdfffe::yaw_minus_35,-3.7464861525945268,-3.568078266337448,2.6445244590987085,839,10297,12264,1090,31230,31230,5.607925748825073,5.808506965637207,12.079908847808843,9.353635189213275,-3.7622894900292425,-3.690662909654571,-2.8257077573055187,0,9411,9452,41,31230,29998,5.598718070983887,5.6617255210876465,6.506826591491699,9.349129282712344
0.715147027540262,0.7636104879027787,left,pitch_down_56,img_d21054a6b72eec0a64282c9c,False,False,False,img_d21054a6b72eec0a64282c9c::pitch_down_56,,,,,,,,,,,,,,,,,,,,,,,,,,
0.715147027540262,0.7636104879027787,left,pitch_up_56,img_d21054a6b72eec0a64282c9c,False,False,False,img_d21054a6b72eec0a64282c9c::pitch_up_56,,,,,,,,,,,,,,,,,,,,,,,,,,
0.715147027540262,0.7636104879027787,left,yaw_plus_35,img_d21054a6b72eec0a64282c9c,False,False,False,img_d21054a6b72eec0a64282c9c::yaw_plus_35,,,,,,,,,,,,,,,,,,,,,,,,,,
-10.497685331781335,10.967981031931124,left,pitch_up_56,img_d21f5584847186fb48689a7a,False,False,False,img_d21f5584847186fb48689a7a::pitch_up_56,,,,,,,,,,,,,,,,,,,,,,,,,,
-10.497685331781335,10.967981031931124,left,yaw_plus_35,img_d21f5584847186fb48689a7a,False,False,False,img_d21f5584847186fb48689a7a::yaw_plus_35,,,,,,,,,,,,,,,,,,,,,,,,,,
0.5127730625302263,3.479870738863174,right,pitch_down_56,img_d21fa2720d52a4374c4fd316,False,False,False,img_d21fa2720d52a4374c4fd316::pitch_down_56,,,,,,,,,,,,,,,,,,,,,,,,,,
0.5127730625302263,3.479870738863174,right,pitch_up_56,img_d21fa2720d52a4374c4fd316,False,True,False,img_d21fa2720d52a4374c4fd316::pitch_up_56,,,,,,,,,,,,,,,,,,,,,,,,,,
0.5127730625302263,3.479870738863174,right,yaw_minus_35,img_d21fa2720d52a4374c4fd316,False,True,False,img_d21fa2720d52a4374c4fd316::yaw_minus_35,,,,,,,,,,,,,,,,,,,,,,,,,,
0.5127730625302263,3.479870738863174,right,yaw_plus_35,img_d21fa2720d52a4374c4fd316,False,False,False,img_d21fa2720d52a4374c4fd316::yaw_plus_35,,,,,,,,,,,,,,,,,,,,,,,,,,
-2.416982799225474,2.4489393150592815,left,pitch_down_56,img_d22b97313624830c9ce567d4,False,False,False,img_d22b97313624830c9ce567d4::pitch_down_56,,,,,,,,,,,,,,,,,,,,,,,,,,
-2.416982799225474,2.4489393150592815,left,pitch_up_56,img_d22b97313624830c9ce567d4,False,True,False,img_d22b97313624830c9ce567d4::pitch_up_56,,,,,,,,,,,,,,,,,,,,,,,,,,
-2.416982799225474,2.4489393150592815,left,yaw_minus_35,img_d22b97313624830c9ce567d4,False,True,False,img_d22b97313624830c9ce567d4::yaw_minus_35,,,,,,,,,,,,,,,,,,,,,,,,,,
-2.416982799225474,2.4489393150592815,left,yaw_plus_35,img_d22b97313624830c9ce567d4,False,True,False,img_d22b97313624830c9ce567d4::yaw_plus_35,,,,,,,,,,,,,,,,,,,,,,,,,,
-2.432888079545518,6.682691011322419,right,pitch_up_56,img_d243f0bef95f3ab8666465b0,False,False,False,img_d243f0bef95f3ab8666465b0::pitch_up_56,,,,,,,,,,,,,,,,,,,,,,,,,,
-2.432888079545518,6.682691011322419,right,yaw_minus_35,img_d243f0bef95f3ab8666465b0,False,False,False,img_d243f0bef95f3ab8666465b0::yaw_minus_35,,,,,,,,,,,,,,,,,,,,,,,,,,
-2.432888079545518,6.682691011322419,right,yaw_plus_35,img_d243f0bef95f3ab8666465b0,False,True,True,img_d243f0bef95f3ab8666465b0::yaw_plus_35,-4.078493301074085,-2.3686596555745836,0.0496049536631659,401,7882,8918,441,21874,21874,2.7116944670677183,4.305626630783081,7.073621892929072,6.6608456904618185,-4.309950459529327,-3.799413148934443,-3.3262395531831075,0,2059,2059,0,21874,21862,2.6938861131668093,2.7705509662628174,3.1446628808975214,6.660478612058966
-1.6232586609465258,1.6580955171177072,right,pitch_down_56,img_d34ebd3e7b1ab9e604af32bc,False,False,False,img_d34ebd3e7b1ab9e604af32bc::pitch_down_56,,,,,,,,,,,,,,,,,,,,,,,,,,
-1.6232586609465258,1.6580955171177072,right,pitch_up_56,img_d34ebd3e7b1ab9e604af32bc,False,False,False,img_d34ebd3e7b1ab9e604af32bc::pitch_up_56,,,,,,,,,,,,,,,,,,,,,,,,,,
-1.6232586609465258,1.6580955171177072,right,yaw_minus_35,img_d34ebd3e7b1ab9e604af32bc,False,False,False,img_d34ebd3e7b1ab9e604af32bc::yaw_minus_35,,,,,,,,,,,,,,,,,,,,,,,,,,
-1.6232586609465258,1.6580955171177072,right,yaw_plus_35,img_d34ebd3e7b1ab9e604af32bc,False,False,False,img_d34ebd3e7b1ab9e604af32bc::yaw_plus_35,,,,,,,,,,,,,,,,,,,,,,,,,,
-1.6187362939036687,1.9025293217607462,left,pitch_down_56,img_d415319caa70877985cc76c3,False,False,False,img_d415319caa70877985cc76c3::pitch_down_56,,,,,,,,,,,,,,,,,,,,,,,,,,
-1.6187362939036687,1.9025293217607462,left,pitch_up_56,img_d415319caa70877985cc76c3,False,False,False,img_d415319caa70877985cc76c3::pitch_up_56,,,,,,,,,,,,,,,,,,,,,,,,,,
-1.6187362939036687,1.9025293217607462,left,yaw_minus_35,img_d415319caa70877985cc76c3,False,False,False,img_d415319caa70877985cc76c3::yaw_minus_35,,,,,,,,,,,,,,,,,,,,,,,,,,
-1.6187362939036687,1.9025293217607462,left,yaw_plus_35,img_d415319caa70877985cc76c3,False,False,False,img_d415319caa70877985cc76c3::yaw_plus_35,,,,,,,,,,,,,,,,,,,,,,,,,,
0.4930839213025515,3.146500003859253,right,pitch_down_56,img_d4396334be5e1583896c837d,False,False,False,img_d4396334be5e1583896c837d::pitch_down_56,,,,,,,,,,,,,,,,,,,,,,,,,,
0.4930839213025515,3.146500003859253,right,pitch_up_56,img_d4396334be5e1583896c837d,False,True,False,img_d4396334be5e1583896c837d::pitch_up_56,,,,,,,,,,,,,,,,,,,,,,,,,,
0.4930839213025515,3.146500003859253,right,yaw_minus_35,img_d4396334be5e1583896c837d,False,True,False,img_d4396334be5e1583896c837d::yaw_minus_35,,,,,,,,,,,,,,,,,,,,,,,,,,
0.4930839213025515,3.146500003859253,right,yaw_plus_35,img_d4396334be5e1583896c837d,False,False,False,img_d4396334be5e1583896c837d::yaw_plus_35,,,,,,,,,,,,,,,,,,,,,,,,,,
0.5106464072885251,0.5721689872505928,left,pitch_down_56,img_d458c189bfed47078603fdd4,False,False,False,img_d458c189bfed47078603fdd4::pitch_down_56,,,,,,,,,,,,,,,,,,,,,,,,,,
0.5106464072885251,0.5721689872505928,left,pitch_up_56,img_d458c189bfed47078603fdd4,False,False,False,img_d458c189bfed47078603fdd4::pitch_up_56,,,,,,,,,,,,,,,,,,,,,,,,,,
0.5106464072885251,0.5721689872505928,left,yaw_minus_35,img_d458c189bfed47078603fdd4,False,False,False,img_d458c189bfed47078603fdd4::yaw_minus_35,,,,,,,,,,,,,,,,,,,,,,,,,,
0.5106464072885251,0.5721689872505928,left,yaw_plus_35,img_d458c189bfed47078603fdd4,False,False,False,img_d458c189bfed47078603fdd4::yaw_plus_35,,,,,,,,,,,,,,,,,,,,,,,,,,
-4.595037822505403,7.161274622719641,left,pitch_up_56,img_d49c62f7d279e50fc3606d70,False,False,False,img_d49c62f7d279e50fc3606d70::pitch_up_56,,,,,,,,,,,,,,,,,,,,,,,,,,
-4.595037822505403,7.161274622719641,left,yaw_minus_35,img_d49c62f7d279e50fc3606d70,False,True,False,img_d49c62f7d279e50fc3606d70::yaw_minus_35,,,,,,,,,,,,,,,,,,,,,,,,,,
-4.595037822505403,7.161274622719641,left,yaw_plus_35,img_d49c62f7d279e50fc3606d70,False,True,False,img_d49c62f7d279e50fc3606d70::yaw_plus_35,,,,,,,,,,,,,,,,,,,,,,,,,,
-2.0567624098175235,2.0814546596876036,left,pitch_down_56,img_d4b43c110801599d2031af14,False,True,False,img_d4b43c110801599d2031af14::pitch_down_56,,,,,,,,,,,,,,,,,,,,,,,,,,
-2.0567624098175235,2.0814546596876036,left,pitch_up_56,img_d4b43c110801599d2031af14,False,False,False,img_d4b43c110801599d2031af14::pitch_up_56,,,,,,,,,,,,,,,,,,,,,,,,,,
-2.0567624098175235,2.0814546596876036,left,yaw_minus_35,img_d4b43c110801599d2031af14,False,True,True,img_d4b43c110801599d2031af14::yaw_minus_35,-0.10908176913460388,2.9078400453791047,22.054401664990696,112970,625,120996,6317,520649,483193,2.2427172660827637,5.045321702957153,24.193115234375,2.13200912243642,-0.13313923517129841,1.3852335342694526,7.848210850680679,23159,625,30757,6125,520649,456844,1.9592801094055177,3.555039644241333,9.958967208862303,2.156206026789787
-2.0567624098175235,2.0814546596876036,left,yaw_plus_35,img_d4b43c110801599d2031af14,False,False,False,img_d4b43c110801599d2031af14::yaw_plus_35,,,,,,,,,,,,,,,,,,,,,,,,,,
-2.4158381075198214,2.4497756506845345,left,pitch_down_56,img_d542368d10f026e374aefea0,False,False,False,img_d542368d10f026e374aefea0::pitch_down_56,,,,,,,,,,,,,,,,,,,,,,,,,,
-2.4158381075198214,2.4497756506845345,left,pitch_up_56,img_d542368d10f026e374aefea0,False,True,False,img_d542368d10f026e374aefea0::pitch_up_56,,,,,,,,,,,,,,,,,,,,,,,,,,
-2.4158381075198214,2.4497756506845345,left,yaw_minus_35,img_d542368d10f026e374aefea0,False,True,False,img_d542368d10f026e374aefea0::yaw_minus_35,,,,,,,,,,,,,,,,,,,,,,,,,,
-2.4158381075198214,2.4497756506845345,left,yaw_plus_35,img_d542368d10f026e374aefea0,False,True,False,img_d542368d10f026e374aefea0::yaw_plus_35,,,,,,,,,,,,,,,,,,,,,,,,,,
-1.334336408836141,1.4065877904001785,right,pitch_down_56,img_d5f2691253c920066b1d8ab4,False,False,False,img_d5f2691253c920066b1d8ab4::pitch_down_56,,,,,,,,,,,,,,,,,,,,,,,,,,
-1.334336408836141,1.4065877904001785,right,pitch_up_56,img_d5f2691253c920066b1d8ab4,False,False,False,img_d5f2691253c920066b1d8ab4::pitch_up_56,,,,,,,,,,,,,,,,,,,,,,,,,,
-1.334336408836141,1.4065877904001785,right,yaw_minus_35,img_d5f2691253c920066b1d8ab4,False,False,False,img_d5f2691253c920066b1d8ab4::yaw_minus_35,,,,,,,,,,,,,,,,,,,,,,,,,,
-1.334336408836141,1.4065877904001785,right,yaw_plus_35,img_d5f2691253c920066b1d8ab4,False,False,False,img_d5f2691253c920066b1d8ab4::yaw_plus_35,,,,,,,,,,,,,,,,,,,,,,,,,,
-0.05563013991411303,6.392470345999167,right,pitch_up_56,img_d63e075dca6c1af17d7d7f52,False,False,False,img_d63e075dca6c1af17d7d7f52::pitch_up_56,,,,,,,,,,,,,,,,,,,,,,,,,,
-0.05563013991411303,6.392470345999167,right,yaw_minus_35,img_d63e075dca6c1af17d7d7f52,False,True,True,img_d63e075dca6c1af17d7d7f52::yaw_minus_35,-3.21073130208421,-0.45242566887400937,0.34137286825079055,22,247,398,63,1237,1225,2.723764932155609,5.571497678756714,6.869846057891846,6.023074536858775,-3.9404971972108114,-3.487180325017622,-2.894068748323778,0,29,29,0,1237,1205,2.6974723815917967,2.7147159576416016,2.73399019241333,6.190652462468794
-0.05563013991411303,6.392470345999167,right,yaw_plus_35,img_d63e075dca6c1af17d7d7f52,False,False,False,img_d63e075dca6c1af17d7d7f52::yaw_plus_35,,,,,,,,,,,,,,,,,,,,,,,,,,
5.147492195495176,6.2238589736411125,right,pitch_up_56,img_d691623e566cde7f444905b2,False,False,False,img_d691623e566cde7f444905b2::pitch_up_56,,,,,,,,,,,,,,,,,,,,,,,,,,
5.147492195495176,6.2238589736411125,right,yaw_minus_35,img_d691623e566cde7f444905b2,True,True,True,img_d691623e566cde7f444905b2::yaw_minus_35,0.11580701839263052,0.9055399518715332,4.335241980298436,17070,0,25310,5813,58567,58567,6.308436894416809,7.15958833694458,10.509445428848267,6.238652148957728,0.0861592098860955,0.4287753801950869,3.965418578430391,9749,0,17989,5813,58567,58228,6.257007789611817,6.76979923248291,10.05672206878662,6.286783270325091
5.147492195495176,6.2238589736411125,right,yaw_plus_35,img_d691623e566cde7f444905b2,False,False,False,img_d691623e566cde7f444905b2::yaw_plus_35,,,,,,,,,,,,,,,,,,,,,,,,,,
-1.445163006513965,2.339705537127112,left,pitch_down_56,img_d733262793847c605e65099a,False,False,False,img_d733262793847c605e65099a::pitch_down_56,,,,,,,,,,,,,,,,,,,,,,,,,,
-1.445163006513965,2.339705537127112,left,pitch_up_56,img_d733262793847c605e65099a,False,False,False,img_d733262793847c605e65099a::pitch_up_56,,,,,,,,,,,,,,,,,,,,,,,,,,
-1.445163006513965,2.339705537127112,left,yaw_minus_35,img_d733262793847c605e65099a,False,False,False,img_d733262793847c605e65099a::yaw_minus_35,,,,,,,,,,,,,,,,,,,,,,,,,,
-1.445163006513965,2.339705537127112,left,yaw_plus_35,img_d733262793847c605e65099a,False,True,True,img_d733262793847c605e65099a::yaw_plus_35,-1.367592686309711,2.177371669739293,9.93359743475267,62956,15263,86885,2333,235661,210419,1.0025110483169555,4.620477199554443,12.092325210571294,2.3297410807484815,-1.7202944712018229,-1.263910691195317,0.5904735855671845,554,9434,10434,42,235661,202461,0.8767486602067948,1.0408174991607666,3.2291321516036997,2.3875292956045104
-8.111877329026827,8.136313869050257,left,pitch_up_56,img_d7e512cbedb4f9b8349c4ef8,False,False,False,img_d7e512cbedb4f9b8349c4ef8::pitch_up_56,,,,,,,,,,,,,,,,,,,,,,,,,,
-8.111877329026827,8.136313869050257,left,yaw_plus_35,img_d7e512cbedb4f9b8349c4ef8,False,False,False,img_d7e512cbedb4f9b8349c4ef8::yaw_plus_35,,,,,,,,,,,,,,,,,,,,,,,,,,
-1.5165217781810285,1.557595018461118,left,pitch_down_56,img_d83918b5d04a40dd88d821b9,False,False,False,img_d83918b5d04a40dd88d821b9::pitch_down_56,,,,,,,,,,,,,,,,,,,,,,,,,,
-1.5165217781810285,1.557595018461118,left,pitch_up_56,img_d83918b5d04a40dd88d821b9,False,False,False,img_d83918b5d04a40dd88d821b9::pitch_up_56,,,,,,,,,,,,,,,,,,,,,,,,,,
-1.5165217781810285,1.557595018461118,left,yaw_minus_35,img_d83918b5d04a40dd88d821b9,False,False,False,img_d83918b5d04a40dd88d821b9::yaw_minus_35,,,,,,,,,,,,,,,,,,,,,,,,,,
-1.5165217781810285,1.557595018461118,left,yaw_plus_35,img_d83918b5d04a40dd88d821b9,False,False,False,img_d83918b5d04a40dd88d821b9::yaw_plus_35,,,,,,,,,,,,,,,,,,,,,,,,,,
0.23250766782820542,5.090995814169049,right,pitch_down_56,img_d92232056a803e065181c4fc,False,False,False,img_d92232056a803e065181c4fc::pitch_down_56,,,,,,,,,,,,,,,,,,,,,,,,,,
0.23250766782820542,5.090995814169049,right,pitch_up_56,img_d92232056a803e065181c4fc,False,False,False,img_d92232056a803e065181c4fc::pitch_up_56,,,,,,,,,,,,,,,,,,,,,,,,,,
0.23250766782820542,5.090995814169049,right,yaw_minus_35,img_d92232056a803e065181c4fc,False,True,True,img_d92232056a803e065181c4fc::yaw_minus_35,-1.3101608930276736,-0.1699898167416909,2.3156494407507315,366,778,2110,440,5967,5967,3.9190109610557555,4.599810361862183,7.309047842025756,5.027312295868069,-1.4153264786235764,-0.29443118283330394,0.19050827149634386,30,778,1584,377,5967,5967,3.911099398136139,4.580777883529663,5.545361495018005,4.9387479659581786
0.23250766782820542,5.090995814169049,right,yaw_plus_35,img_d92232056a803e065181c4fc,False,False,False,img_d92232056a803e065181c4fc::yaw_plus_35,,,,,,,,,,,,,,,,,,,,,,,,,,
-10.517109859697706,10.83042665283064,left,pitch_up_56,img_d94379474e894655ae5606ba,False,False,False,img_d94379474e894655ae5606ba::pitch_up_56,,,,,,,,,,,,,,,,,,,,,,,,,,
-10.517109859697706,10.83042665283064,left,yaw_plus_35,img_d94379474e894655ae5606ba,False,False,False,img_d94379474e894655ae5606ba::yaw_plus_35,,,,,,,,,,,,,,,,,,,,,,,,,,
-12.04748933447037,12.363027564350235,left,pitch_up_56,img_d9a7c8becf1e2afe7e043c05,False,False,False,img_d9a7c8becf1e2afe7e043c05::pitch_up_56,,,,,,,,,,,,,,,,,,,,,,,,,,
-12.04748933447037,12.363027564350235,left,yaw_plus_35,img_d9a7c8becf1e2afe7e043c05,False,True,True,img_d9a7c8becf1e2afe7e043c05::yaw_plus_35,-3.805980214350518,-3.7384382796235798,-3.044777449704153,114,10677,10817,23,18250,18250,8.570764541625977,8.639167785644531,9.301920509338379,12.373920613748327,-3.8063653352305615,-3.740369224723149,-3.0574400403182187,0,10544,10544,0,18250,18250,8.57047610282898,8.636662483215332,9.277144241333009,12.37584368570374
-3.0004916820478735,7.536702522325905,right,pitch_down_56,img_da125fffd75e75e75f384c08,False,False,False,img_da125fffd75e75e75f384c08::pitch_down_56,,,,,,,,,,,,,,,,,,,,,,,,,,
-3.0004916820478735,7.536702522325905,right,yaw_minus_35,img_da125fffd75e75e75f384c08,False,False,False,img_da125fffd75e75e75f384c08::yaw_minus_35,,,,,,,,,,,,,,,,,,,,,,,,,,
3.3867171496400275,6.486623693179813,left,pitch_up_56,img_dad684e3df7bafd45b805a5d,False,False,False,img_dad684e3df7bafd45b805a5d::pitch_up_56,,,,,,,,,,,,,,,,,,,,,,,,,,
3.3867171496400275,6.486623693179813,left,yaw_plus_35,img_dad684e3df7bafd45b805a5d,True,True,True,img_dad684e3df7bafd45b805a5d::yaw_plus_35,0.07585450098830765,0.496283734950941,3.6882217936712123,12494,0,19880,1838,43952,43952,6.535707187652588,7.056438207626343,10.39138078689575,6.48755410809264,0.05546317196911073,0.334606774730803,1.032984660388104,7747,0,15133,1838,43952,43952,6.498035049438476,6.9759016036987305,7.263391971588135,6.5385698566447426
-2.282134410292426,2.6377197815703624,left,pitch_down_56,img_db74abe8fe99e50cd417fb92,False,False,False,img_db74abe8fe99e50cd417fb92::pitch_down_56,,,,,,,,,,,,,,,,,,,,,,,,,,
-2.282134410292426,2.6377197815703624,left,pitch_up_56,img_db74abe8fe99e50cd417fb92,False,False,False,img_db74abe8fe99e50cd417fb92::pitch_up_56,,,,,,,,,,,,,,,,,,,,,,,,,,
-2.282134410292426,2.6377197815703624,left,yaw_minus_35,img_db74abe8fe99e50cd417fb92,False,True,True,img_db74abe8fe99e50cd417fb92::yaw_minus_35,-1.1174399106494504,2.4320929237552953,16.521037136996384,79672,13350,101873,5449,284668,269227,1.5280976057052613,5.134226322174072,19.129767608642577,2.688135359872332,-1.3890537923160529,-0.9155367886065848,1.925267269792055,4808,12522,20006,2225,284668,259318,1.4359698295593262,1.6620813012123108,4.6479305028915405,2.670987247680579
-2.282134410292426,2.6377197815703624,left,yaw_plus_35,img_db74abe8fe99e50cd417fb92,False,False,False,img_db74abe8fe99e50cd417fb92::yaw_plus_35,,,,,,,,,,,,,,,,,,,,,,,,,,
-3.8666509573753833,7.879888450229322,right,pitch_up_56,img_db86d5ac2b734eb4da28813c,False,False,False,img_db86d5ac2b734eb4da28813c::pitch_up_56,,,,,,,,,,,,,,,,,,,,,,,,,,
-3.8666509573753833,7.879888450229322,right,yaw_minus_35,img_db86d5ac2b734eb4da28813c,False,True,True,img_db86d5ac2b734eb4da28813c::yaw_minus_35,-4.439065201268155,-2.4838505909303823,2.167898375265119,741,10863,12383,183,36245,36245,3.6379352807998657,5.4006524085998535,10.454549503326415,7.869300108738695,-4.6225297726611485,-4.199406500455044,-3.836251783674106,0,2660,2660,0,36245,36245,3.6135154962539673,3.6742535829544067,3.7514425992965696,7.876462124193138
-2.258722693290215,2.3744266766042577,right,yaw_minus_35,img_db885bf185aea1b124e987d6,False,False,False,img_db885bf185aea1b124e987d6::yaw_minus_35,,,,,,,,,,,,,,,,,,,,,,,,,,
-2.1363746892726803,2.8363482220944967,left,pitch_down_56,img_dbcbd71faaeb6348cda02573,False,False,False,img_dbcbd71faaeb6348cda02573::pitch_down_56,,,,,,,,,,,,,,,,,,,,,,,,,,
-2.1363746892726803,2.8363482220944967,left,pitch_up_56,img_dbcbd71faaeb6348cda02573,False,False,False,img_dbcbd71faaeb6348cda02573::pitch_up_56,,,,,,,,,,,,,,,,,,,,,,,,,,
-2.1363746892726803,2.8363482220944967,left,yaw_minus_35,img_dbcbd71faaeb6348cda02573,False,True,True,img_dbcbd71faaeb6348cda02573::yaw_minus_35,-1.2791061282541851,1.7944950505536457,10.815543712849092,56655,19790,86093,3533,185945,185819,1.5938543319702148,4.705946445465088,13.783607864379881,2.8424986804076044,-1.4011527041018277,-1.1031975285504512,0.4084049591852887,1230,19034,22279,489,185945,181026,1.5273802042007447,1.7349659204483032,3.5041022539138793,2.836958309409765
-2.1363746892726803,2.8363482220944967,left,yaw_plus_35,img_dbcbd71faaeb6348cda02573,False,False,False,img_dbcbd71faaeb6348cda02573::yaw_plus_35,,,,,,,,,,,,,,,,,,,,,,,,,,
-8.938691741665092,9.608737847145424,right,pitch_up_56,img_dbdbf05b0a89d3325091981a,False,False,False,img_dbdbf05b0a89d3325091981a::pitch_up_56,,,,,,,,,,,,,,,,,,,,,,,,,,
-8.938691741665092,9.608737847145424,right,yaw_minus_35,img_dbdbf05b0a89d3325091981a,False,True,True,img_dbdbf05b0a89d3325091981a::yaw_minus_35,-6.043956274031625,-3.9612198068008873,-0.11911535945905803,548,10725,11924,286,23326,23326,3.5268635749816895,5.681518793106079,9.63337459564209,9.622360073083419,-6.346984703792007,-5.601519101105165,-5.155546118147805,0,4267,4267,0,23326,23324,3.29200918674469,4.0067830085754395,4.535220718383789,9.620406265088008
-4.112975551884602,7.878549961464345,right,pitch_up_56,img_dc18fca2079f0373be58c3e3,False,True,False,img_dc18fca2079f0373be58c3e3::pitch_up_56,,,,,,,,,,,,,,,,,,,,,,,,,,
-4.112975551884602,7.878549961464345,right,yaw_minus_35,img_dc18fca2079f0373be58c3e3,False,True,False,img_dc18fca2079f0373be58c3e3::yaw_minus_35,,,,,,,,,,,,,,,,,,,,,,,,,,
0.6280128550274708,0.7554462398635363,left,pitch_up_56,img_dc90c819e52ff1c3d1b227fd,False,False,False,img_dc90c819e52ff1c3d1b227fd::pitch_up_56,,,,,,,,,,,,,,,,,,,,,,,,,,
0.6280128550274708,0.7554462398635363,left,yaw_plus_35,img_dc90c819e52ff1c3d1b227fd,False,False,False,img_dc90c819e52ff1c3d1b227fd::yaw_plus_35,,,,,,,,,,,,,,,,,,,,,,,,,,
-6.418722153969137,6.436841464805621,right,yaw_plus_35,img_dcbc2d6867bbac2c09510fa0,False,False,False,img_dcbc2d6867bbac2c09510fa0::yaw_plus_35,,,,,,,,,,,,,,,,,,,,,,,,,,
-5.071637879828337,5.119555001614092,right,pitch_up_56,img_de19e8fb18e453296b788e19,False,False,False,img_de19e8fb18e453296b788e19::pitch_up_56,,,,,,,,,,,,,,,,,,,,,,,,,,
-5.071637879828337,5.119555001614092,right,yaw_minus_35,img_de19e8fb18e453296b788e19,False,False,False,img_de19e8fb18e453296b788e19::yaw_minus_35,,,,,,,,,,,,,,,,,,,,,,,,,,
-5.071637879828337,5.119555001614092,right,yaw_plus_35,img_de19e8fb18e453296b788e19,False,True,True,img_de19e8fb18e453296b788e19::yaw_plus_35,-1.275052881698237,1.4181784013923004,20.8838071257327,24927,5463,35782,5266,82994,82751,3.810251700878143,6.571106910705566,25.99993486404419,5.142006804455965,-3.62985312739791,-0.12284927944813084,1.4435241617397403,3430,4196,12305,4575,82994,79766,1.4949386835098266,5.065816402435303,6.561473274230957,5.121534062822222
-8.428166093611308,9.980540716638117,right,pitch_up_56,img_dee26d9c80b097e644b27948,False,False,False,img_dee26d9c80b097e644b27948::pitch_up_56,,,,,,,,,,,,,,,,,,,,,,,,,,
-8.428166093611308,9.980540716638117,right,yaw_minus_35,img_dee26d9c80b097e644b27948,False,True,True,img_dee26d9c80b097e644b27948::yaw_minus_35,-4.461494097201082,-4.2950976510112975,-0.14233773963588528,298,8954,9478,188,21452,21452,5.535543203353882,5.71564507484436,9.831689834594727,9.985184248339799,-4.479013779762347,-4.313929158933647,-4.058294845503902,0,8021,8021,0,21452,21452,5.515002727508545,5.680099010467529,5.881655693054199,9.98563814864692
-1.6582996874964908,2.6508348847877095,left,pitch_down_56,img_df257f89026fc472276ed04c,False,False,False,img_df257f89026fc472276ed04c::pitch_down_56,,,,,,,,,,,,,,,,,,,,,,,,,,
-1.6582996874964908,2.6508348847877095,left,pitch_up_56,img_df257f89026fc472276ed04c,False,False,False,img_df257f89026fc472276ed04c::pitch_up_56,,,,,,,,,,,,,,,,,,,,,,,,,,
-1.6582996874964908,2.6508348847877095,left,yaw_minus_35,img_df257f89026fc472276ed04c,False,True,False,img_df257f89026fc472276ed04c::yaw_minus_35,,,,,,,,,,,,,,,,,,,,,,,,,,
-1.6582996874964908,2.6508348847877095,left,yaw_plus_35,img_df257f89026fc472276ed04c,False,True,False,img_df257f89026fc472276ed04c::yaw_plus_35,,,,,,,,,,,,,,,,,,,,,,,,,,
-5.951384574205437,7.487438752993268,left,pitch_up_56,img_df3950cdb921076b35a98310,False,False,False,img_df3950cdb921076b35a98310::pitch_up_56,,,,,,,,,,,,,,,,,,,,,,,,,,
-5.951384574205437,7.487438752993268,left,yaw_plus_35,img_df3950cdb921076b35a98310,False,False,False,img_df3950cdb921076b35a98310::yaw_plus_35,,,,,,,,,,,,,,,,,,,,,,,,,,
5.776768536658214,7.157259500538972,right,pitch_up_56,img_df46b1666c566e3ae900c93b,False,False,False,img_df46b1666c566e3ae900c93b::pitch_up_56,,,,,,,,,,,,,,,,,,,,,,,,,,
5.776768536658214,7.157259500538972,right,yaw_minus_35,img_df46b1666c566e3ae900c93b,True,True,True,img_df46b1666c566e3ae900c93b::yaw_minus_35,-3.5239172303199098,0.14707615779471617,4.239011010614825,8320,8758,21742,2434,37665,37665,3.645531785488129,7.4194252490997314,11.323639917373658,7.166939996427089,-3.573029479407923,-3.329378660062649,0.16634186401447434,132,4466,6467,491,37665,36826,3.6099812269210814,3.8312184810638428,7.611402606964111,7.174192708726876
5.776768536658214,7.157259500538972,right,yaw_plus_35,img_df46b1666c566e3ae900c93b,False,False,False,img_df46b1666c566e3ae900c93b::yaw_plus_35,,,,,,,,,,,,,,,,,,,,,,,,,,
-12.736389133238006,12.760653163852872,left,pitch_up_56,img_dfbaef61d9e8160adafd7543,False,False,False,img_dfbaef61d9e8160adafd7543::pitch_up_56,,,,,,,,,,,,,,,,,,,,,,,,,,
-12.736389133238006,12.760653163852872,left,yaw_minus_35,img_dfbaef61d9e8160adafd7543,False,False,False,img_dfbaef61d9e8160adafd7543::yaw_minus_35,,,,,,,,,,,,,,,,,,,,,,,,,,
-12.736389133238006,12.760653163852872,left,yaw_plus_35,img_dfbaef61d9e8160adafd7543,False,True,True,img_dfbaef61d9e8160adafd7543::yaw_plus_35,-3.6773801624894933,-0.11344519911281559,3.336271042684267,3908,2030,9103,2890,15428,15428,9.076074028015137,12.67713737487793,16.12579460144043,12.775373700845739,-3.680887381472568,-0.11873970878261098,1.465399200403944,1687,1596,5910,2353,15428,15388,9.07228512763977,12.668307304382324,14.239098978042602,12.77735691892357
-4.791540937140005,5.096215432314532,right,pitch_up_56,img_dfe7b5527c55d8ae2d07efc4,False,False,False,img_dfe7b5527c55d8ae2d07efc4::pitch_up_56,,,,,,,,,,,,,,,,,,,,,,,,,,
-4.791540937140005,5.096215432314532,right,yaw_minus_35,img_dfe7b5527c55d8ae2d07efc4,False,True,False,img_dfe7b5527c55d8ae2d07efc4::yaw_minus_35,,,,,,,,,,,,,,,,,,,,,,,,,,
-4.791540937140005,5.096215432314532,right,yaw_plus_35,img_dfe7b5527c55d8ae2d07efc4,False,True,False,img_dfe7b5527c55d8ae2d07efc4::yaw_plus_35,,,,,,,,,,,,,,,,,,,,,,,,,,
-1.6020857213851545,2.3767685715586833,left,pitch_down_56,img_e077fcb4955280ec1710e251,False,False,False,img_e077fcb4955280ec1710e251::pitch_down_56,,,,,,,,,,,,,,,,,,,,,,,,,,
-1.6020857213851545,2.3767685715586833,left,pitch_up_56,img_e077fcb4955280ec1710e251,False,False,False,img_e077fcb4955280ec1710e251::pitch_up_56,,,,,,,,,,,,,,,,,,,,,,,,,,
-1.6020857213851545,2.3767685715586833,left,yaw_minus_35,img_e077fcb4955280ec1710e251,False,False,False,img_e077fcb4955280ec1710e251::yaw_minus_35,,,,,,,,,,,,,,,,,,,,,,,,,,
-1.6020857213851545,2.3767685715586833,left,yaw_plus_35,img_e077fcb4955280ec1710e251,False,True,True,img_e077fcb4955280ec1710e251::yaw_plus_35,-1.2853643182097552,2.1201754536545057,13.495321890434774,87611,18059,116966,2903,323441,322880,1.1445161402225494,4.6336798667907715,15.620288848876953,2.3490977745478685,-1.525552909883109,-1.171095662055424,-0.16432096453155234,351,14440,16455,270,323441,312626,0.9744006156921386,1.2680041790008545,2.0143141031265257,2.353822663304384
-4.6132041490319144,8.091167417648176,left,pitch_up_56,img_e0818eba31b6c55f3d2e736b,False,False,False,img_e0818eba31b6c55f3d2e736b::pitch_up_56,,,,,,,,,,,,,,,,,,,,,,,,,,
-4.6132041490319144,8.091167417648176,left,yaw_minus_35,img_e0818eba31b6c55f3d2e736b,False,False,False,img_e0818eba31b6c55f3d2e736b::yaw_minus_35,,,,,,,,,,,,,,,,,,,,,,,,,,
-4.6132041490319144,8.091167417648176,left,yaw_plus_35,img_e0818eba31b6c55f3d2e736b,False,False,False,img_e0818eba31b6c55f3d2e736b::yaw_plus_35,,,,,,,,,,,,,,,,,,,,,,,,,,
-8.91832850792766,9.358057032383114,right,pitch_up_56,img_e08b30473e1f1809ad33265e,False,False,False,img_e08b30473e1f1809ad33265e::pitch_up_56,,,,,,,,,,,,,,,,,,,,,,,,,,
-8.91832850792766,9.358057032383114,right,yaw_minus_35,img_e08b30473e1f1809ad33265e,False,True,True,img_e08b30473e1f1809ad33265e::yaw_minus_35,-5.777232807007307,-3.835806815804764,2.089159771525754,768,11080,12457,363,26814,26814,3.576145362854004,5.551270961761475,11.425592803955077,9.372195287354911,-6.326568026871881,-5.502830956118716,-4.745451208873364,0,3389,3389,0,26814,26552,3.053322744369507,3.9199514389038086,4.667737770080566,9.394408692029193
3.13922190625593,6.469117695709377,left,pitch_up_56,img_e0bbacc0010098c4844951ac,False,False,False,img_e0bbacc0010098c4844951ac::pitch_up_56,,,,,,,,,,,,,,,,,,,,,,,,,,
3.13922190625593,6.469117695709377,left,yaw_plus_35,img_e0bbacc0010098c4844951ac,True,True,True,img_e0bbacc0010098c4844951ac::yaw_plus_35,0.07272258105778166,0.4550905252788837,3.544606910341907,11540,0,18630,1768,39944,39944,6.512949752807617,7.016899108886719,9.798735904693574,6.469121878713478,0.053709782226160234,0.3404556035022468,1.0110927988852008,7497,0,14587,1768,39944,39944,6.479921960830689,6.957841873168945,7.243888092041016,6.5209426338159355
-4.165180672296688,7.856377267822404,right,pitch_up_56,img_e118f3ea231cf2ce3d66f996,False,True,False,img_e118f3ea231cf2ce3d66f996::pitch_up_56,,,,,,,,,,,,,,,,,,,,,,,,,,
-4.165180672296688,7.856377267822404,right,yaw_minus_35,img_e118f3ea231cf2ce3d66f996,False,True,False,img_e118f3ea231cf2ce3d66f996::yaw_minus_35,,,,,,,,,,,,,,,,,,,,,,,,,,
5.150011702178921,6.094362948661795,right,pitch_up_56,img_e1287e860ec48f842b16e821,False,False,False,img_e1287e860ec48f842b16e821::pitch_up_56,,,,,,,,,,,,,,,,,,,,,,,,,,
5.150011702178921,6.094362948661795,right,yaw_minus_35,img_e1287e860ec48f842b16e821,True,True,True,img_e1287e860ec48f842b16e821::yaw_minus_35,0.11642324727022313,0.9760617138592744,4.276213162792241,17677,0,26045,6319,68067,68067,6.180124759674072,7.095371246337891,10.350214576721191,6.10948172596855,0.08519610155671664,0.4400845311115189,4.188286222484096,9877,0,18245,6319,68067,67475,6.130826759338379,6.645231246948242,10.099018859863282,6.15950550961149
5.150011702178921,6.094362948661795,right,yaw_plus_35,img_e1287e860ec48f842b16e821,True,False,False,img_e1287e860ec48f842b16e821::yaw_plus_35,,,,,,,,,,,,,,,,,,,,,,,,,,
-3.5608911469426285,7.816005627544005,left,pitch_down_56,img_e1b141cf1dba63ec9d10fcb9,False,False,False,img_e1b141cf1dba63ec9d10fcb9::pitch_down_56,,,,,,,,,,,,,,,,,,,,,,,,,,
-3.5608911469426285,7.816005627544005,left,pitch_up_56,img_e1b141cf1dba63ec9d10fcb9,False,False,False,img_e1b141cf1dba63ec9d10fcb9::pitch_up_56,,,,,,,,,,,,,,,,,,,,,,,,,,
-3.5608911469426285,7.816005627544005,left,yaw_minus_35,img_e1b141cf1dba63ec9d10fcb9,False,False,False,img_e1b141cf1dba63ec9d10fcb9::yaw_minus_35,,,,,,,,,,,,,,,,,,,,,,,,,,
-3.5608911469426285,7.816005627544005,left,yaw_plus_35,img_e1b141cf1dba63ec9d10fcb9,False,False,False,img_e1b141cf1dba63ec9d10fcb9::yaw_plus_35,,,,,,,,,,,,,,,,,,,,,,,,,,
-1.3531341347300376,1.5190293155908536,right,pitch_down_56,img_e1b2fb3c5e8472dcbba00e23,False,True,False,img_e1b2fb3c5e8472dcbba00e23::pitch_down_56,,,,,,,,,,,,,,,,,,,,,,,,,,
-1.3531341347300376,1.5190293155908536,right,pitch_up_56,img_e1b2fb3c5e8472dcbba00e23,False,False,False,img_e1b2fb3c5e8472dcbba00e23::pitch_up_56,,,,,,,,,,,,,,,,,,,,,,,,,,
-1.3531341347300376,1.5190293155908536,right,yaw_minus_35,img_e1b2fb3c5e8472dcbba00e23,False,False,False,img_e1b2fb3c5e8472dcbba00e23::yaw_minus_35,,,,,,,,,,,,,,,,,,,,,,,,,,
-1.3531341347300376,1.5190293155908536,right,yaw_plus_35,img_e1b2fb3c5e8472dcbba00e23,False,True,False,img_e1b2fb3c5e8472dcbba00e23::yaw_plus_35,,,,,,,,,,,,,,,,,,,,,,,,,,
0.5629037673686725,2.9276155321626507,left,yaw_plus_35,img_e1eba2f46bf75c270241b3a7,False,False,False,img_e1eba2f46bf75c270241b3a7::yaw_plus_35,,,,,,,,,,,,,,,,,,,,,,,,,,
-5.10028573178308,6.548913240284857,left,pitch_up_56,img_e2235c52dc2cc4282e7d40fd,False,False,False,img_e2235c52dc2cc4282e7d40fd::pitch_up_56,,,,,,,,,,,,,,,,,,,,,,,,,,
-5.10028573178308,6.548913240284857,left,yaw_minus_35,img_e2235c52dc2cc4282e7d40fd,False,False,False,img_e2235c52dc2cc4282e7d40fd::yaw_minus_35,,,,,,,,,,,,,,,,,,,,,,,,,,
-5.10028573178308,6.548913240284857,left,yaw_plus_35,img_e2235c52dc2cc4282e7d40fd,False,True,True,img_e2235c52dc2cc4282e7d40fd::yaw_plus_35,-4.554551089219016,-0.4558862702939974,6.469379351842819,4727,13717,24389,1260,44632,44632,1.922746229171753,6.008321285247803,13.010031890869138,6.549536673743846,-4.893444162283741,-4.678254751046074,-4.4394731075617475,0,1546,1546,0,44632,44491,1.7887554466724396,1.8661093711853027,2.3694695234298706,6.615534561974226
-7.92141847199211,8.429227808514668,left,pitch_up_56,img_e33c0f642afa1aec24e17c11,False,False,False,img_e33c0f642afa1aec24e17c11::pitch_up_56,,,,,,,,,,,,,,,,,,,,,,,,,,
-7.92141847199211,8.429227808514668,left,yaw_minus_35,img_e33c0f642afa1aec24e17c11,False,False,False,img_e33c0f642afa1aec24e17c11::yaw_minus_35,,,,,,,,,,,,,,,,,,,,,,,,,,
-7.92141847199211,8.429227808514668,left,yaw_plus_35,img_e33c0f642afa1aec24e17c11,False,True,True,img_e33c0f642afa1aec24e17c11::yaw_plus_35,-3.971826981920042,-3.226993311983758,1.8533239725408437,2048,17032,19998,818,33302,33302,4.486805701255799,5.215975522994995,10.358413124084464,8.44115483256308,-3.98332093189118,-3.8313764557163577,-3.1281794332809696,0,14965,14965,0,33302,33302,4.479522609710694,4.621614933013916,5.323393058776856,8.445052844225462
2.5894825834426562,8.996903917797713,right,pitch_up_56,img_e42f586216482cf4776c2f4f,False,False,False,img_e42f586216482cf4776c2f4f::pitch_up_56,,,,,,,,,,,,,,,,,,,,,,,,,,
2.5894825834426562,8.996903917797713,right,yaw_minus_35,img_e42f586216482cf4776c2f4f,False,True,True,img_e42f586216482cf4776c2f4f::yaw_minus_35,0.01375906291324514,0.4139916504784198,2.907180785736351,3606,0,5164,867,9674,9674,8.954152917861938,9.465857028961182,11.688668632507323,8.978474664076131,-0.027770236362555926,0.4038429543826396,1.1173465504273994,3160,0,4718,867,9674,9674,8.649513530731202,9.457084655761719,9.947604990005493,9.004976622572334
2.5894825834426562,8.996903917797713,right,yaw_plus_35,img_e42f586216482cf4776c2f4f,False,False,False,img_e42f586216482cf4776c2f4f::yaw_plus_35,,,,,,,,,,,,,,,,,,,,,,,,,,
-4.139287166787249,7.890238274843389,left,pitch_up_56,img_e48dfaec6a6a7416d851faf8,False,False,False,img_e48dfaec6a6a7416d851faf8::pitch_up_56,,,,,,,,,,,,,,,,,,,,,,,,,,
-4.139287166787249,7.890238274843389,left,yaw_minus_35,img_e48dfaec6a6a7416d851faf8,False,False,False,img_e48dfaec6a6a7416d851faf8::yaw_minus_35,,,,,,,,,,,,,,,,,,,,,,,,,,
-4.139287166787249,7.890238274843389,left,yaw_plus_35,img_e48dfaec6a6a7416d851faf8,False,False,False,img_e48dfaec6a6a7416d851faf8::yaw_plus_35,,,,,,,,,,,,,,,,,,,,,,,,,,
-2.2693509449453746,2.3261024811932036,right,pitch_down_56,img_e551d37320249fc3f94c8b16,False,False,False,img_e551d37320249fc3f94c8b16::pitch_down_56,,,,,,,,,,,,,,,,,,,,,,,,,,
-2.2693509449453746,2.3261024811932036,right,yaw_minus_35,img_e551d37320249fc3f94c8b16,False,False,False,img_e551d37320249fc3f94c8b16::yaw_minus_35,,,,,,,,,,,,,,,,,,,,,,,,,,
-7.52309184756583,9.82591588935522,right,yaw_minus_35,img_e57c4c5b365a33a7eb8e26d4,False,True,True,img_e57c4c5b365a33a7eb8e26d4::yaw_minus_35,-4.882024705544911,-3.6898121663289096,-0.15444386484382777,414,10925,12616,162,22982,22982,4.96148955821991,6.0101847648620605,9.885643482208252,9.82236768858792,-4.91076573375855,-4.68984537455284,-3.719460386524784,0,6514,6514,0,22982,22982,4.935688781738281,5.144157886505127,5.9940591812133786,9.839499165927569
5.068909514385496,5.870187932399426,right,pitch_up_56,img_e59222a5e5b43cad84439894,False,False,False,img_e59222a5e5b43cad84439894::pitch_up_56,,,,,,,,,,,,,,,,,,,,,,,,,,
5.068909514385496,5.870187932399426,right,yaw_minus_35,img_e59222a5e5b43cad84439894,False,True,False,img_e59222a5e5b43cad84439894::yaw_minus_35,,,,,,,,,,,,,,,,,,,,,,,,,,
5.068909514385496,5.870187932399426,right,yaw_plus_35,img_e59222a5e5b43cad84439894,True,True,False,img_e59222a5e5b43cad84439894::yaw_plus_35,,,,,,,,,,,,,,,,,,,,,,,,,,
-1.8882899332576093,1.939223038447818,left,pitch_down_56,img_e5e870cda39b6866c67e7fa1,False,False,False,img_e5e870cda39b6866c67e7fa1::pitch_down_56,,,,,,,,,,,,,,,,,,,,,,,,,,
-1.8882899332576093,1.939223038447818,left,pitch_up_56,img_e5e870cda39b6866c67e7fa1,False,False,False,img_e5e870cda39b6866c67e7fa1::pitch_up_56,,,,,,,,,,,,,,,,,,,,,,,,,,
-1.8882899332576093,1.939223038447818,left,yaw_minus_35,img_e5e870cda39b6866c67e7fa1,False,False,False,img_e5e870cda39b6866c67e7fa1::yaw_minus_35,,,,,,,,,,,,,,,,,,,,,,,,,,
-1.8882899332576093,1.939223038447818,left,yaw_plus_35,img_e5e870cda39b6866c67e7fa1,False,False,False,img_e5e870cda39b6866c67e7fa1::yaw_plus_35,,,,,,,,,,,,,,,,,,,,,,,,,,
5.166330186321338,5.645385924878107,right,pitch_up_56,img_e6dc6c821682e92c7098c3fc,False,False,False,img_e6dc6c821682e92c7098c3fc::pitch_up_56,,,,,,,,,,,,,,,,,,,,,,,,,,
5.166330186321338,5.645385924878107,right,yaw_minus_35,img_e6dc6c821682e92c7098c3fc,True,True,False,img_e6dc6c821682e92c7098c3fc::yaw_minus_35,,,,,,,,,,,,,,,,,,,,,,,,,,
5.166330186321338,5.645385924878107,right,yaw_plus_35,img_e6dc6c821682e92c7098c3fc,True,True,False,img_e6dc6c821682e92c7098c3fc::yaw_plus_35,,,,,,,,,,,,,,,,,,,,,,,,,,
-9.149886165904254,9.153244115463671,right,pitch_up_56,img_e76aadc0656e16023b5889f4,False,False,False,img_e76aadc0656e16023b5889f4::pitch_up_56,,,,,,,,,,,,,,,,,,,,,,,,,,
-9.149886165904254,9.153244115463671,right,yaw_minus_35,img_e76aadc0656e16023b5889f4,False,False,False,img_e76aadc0656e16023b5889f4::yaw_minus_35,,,,,,,,,,,,,,,,,,,,,,,,,,
-9.149886165904254,9.153244115463671,right,yaw_plus_35,img_e76aadc0656e16023b5889f4,False,True,True,img_e76aadc0656e16023b5889f4::yaw_plus_35,-6.86068287891818,-0.11526393233792298,10.28805955499904,5084,3792,12168,3036,27986,27986,2.3179770827293398,9.073711395263672,19.46751642227173,9.170671268881973,-6.872224889421281,-1.1755042391225956,1.7301121071705277,1149,3791,6739,1780,27986,27748,2.311684012413025,7.978929042816162,10.931794548034667,9.167189972782735
-3.0400293554082776,7.585735165902023,right,pitch_up_56,img_e7b6529d70d4db5e5f62f1d7,False,False,False,img_e7b6529d70d4db5e5f62f1d7::pitch_up_56,,,,,,,,,,,,,,,,,,,,,,,,,,
-3.0400293554082776,7.585735165902023,right,yaw_minus_35,img_e7b6529d70d4db5e5f62f1d7,False,True,True,img_e7b6529d70d4db5e5f62f1d7::yaw_minus_35,-4.250543366957171,-1.5559499117606488,-0.26792827076385195,365,10649,11288,135,27181,27181,3.561951768398285,5.8044593334198,7.4310197830200195,7.5624381004855525,-4.440390311528858,-4.012933322913929,-3.625233407727964,0,2402,2402,0,27181,27181,3.532987093925476,3.587715268135071,3.6439612746238708,7.602129683979058
0.7654648285265333,5.167072504612196,right,pitch_down_56,img_e89062940cc4d3083aa9a723,False,False,False,img_e89062940cc4d3083aa9a723::pitch_down_56,,,,,,,,,,,,,,,,,,,,,,,,,,
0.7654648285265333,5.167072504612196,right,pitch_up_56,img_e89062940cc4d3083aa9a723,False,False,False,img_e89062940cc4d3083aa9a723::pitch_up_56,,,,,,,,,,,,,,,,,,,,,,,,,,
0.7654648285265333,5.167072504612196,right,yaw_minus_35,img_e89062940cc4d3083aa9a723,False,True,True,img_e89062940cc4d3083aa9a723::yaw_minus_35,-0.10207409070322049,0.7327708362726382,3.893029912641702,6969,0,9414,1588,23221,23221,4.672938942909241,5.693199634552002,8.906422233581543,5.140932489055583,-0.1118206644610396,0.5344645099733936,1.369631638407281,4717,0,7162,1588,23221,23221,4.666180300712585,5.63295316696167,6.770421147346497,5.15416825335916
0.7654648285265333,5.167072504612196,right,yaw_plus_35,img_e89062940cc4d3083aa9a723,False,False,False,img_e89062940cc4d3083aa9a723::yaw_plus_35,,,,,,,,,,,,,,,,,,,,,,,,,,
-10.48186702039101,10.881882316831671,right,yaw_minus_35,img_e984e928226015a4b56c841d,False,True,True,img_e984e928226015a4b56c841d::yaw_minus_35,-3.8639524364523306,-3.7862367372767336,-3.072565610659771,98,10307,10474,62,17415,17415,7.026647210121155,7.115367889404297,7.838194179534912,10.895447382767667,-3.864433779270007,-3.7894352601151358,-3.0877664882127096,0,10207,10207,0,17415,17415,7.0263025760650635,7.113605499267578,7.8094398021698,10.896258704671677
-3.1795342934268636,7.745213618675124,left,pitch_down_56,img_e98965ec0ffeff99f4f502d2,False,False,False,img_e98965ec0ffeff99f4f502d2::pitch_down_56,,,,,,,,,,,,,,,,,,,,,,,,,,
-3.1795342934268636,7.745213618675124,left,pitch_up_56,img_e98965ec0ffeff99f4f502d2,False,False,False,img_e98965ec0ffeff99f4f502d2::pitch_up_56,,,,,,,,,,,,,,,,,,,,,,,,,,
-3.1795342934268636,7.745213618675124,left,yaw_minus_35,img_e98965ec0ffeff99f4f502d2,False,False,False,img_e98965ec0ffeff99f4f502d2::yaw_minus_35,,,,,,,,,,,,,,,,,,,,,,,,,,
-3.1795342934268636,7.745213618675124,left,yaw_plus_35,img_e98965ec0ffeff99f4f502d2,False,True,False,img_e98965ec0ffeff99f4f502d2::yaw_plus_35,,,,,,,,,,,,,,,,,,,,,,,,,,
-1.6862180920853262,2.313999311255546,left,pitch_down_56,img_e9e61ec207e9b17024332b8e,False,False,False,img_e9e61ec207e9b17024332b8e::pitch_down_56,,,,,,,,,,,,,,,,,,,,,,,,,,
-1.6862180920853262,2.313999311255546,left,pitch_up_56,img_e9e61ec207e9b17024332b8e,False,False,False,img_e9e61ec207e9b17024332b8e::pitch_up_56,,,,,,,,,,,,,,,,,,,,,,,,,,
-1.6862180920853262,2.313999311255546,left,yaw_minus_35,img_e9e61ec207e9b17024332b8e,False,False,False,img_e9e61ec207e9b17024332b8e::yaw_minus_35,,,,,,,,,,,,,,,,,,,,,,,,,,
-1.6862180920853262,2.313999311255546,left,yaw_plus_35,img_e9e61ec207e9b17024332b8e,False,True,False,img_e9e61ec207e9b17024332b8e::yaw_plus_35,,,,,,,,,,,,,,,,,,,,,,,,,,
5.30083022918582,5.397498001921309,right,pitch_up_56,img_ea1f81bdd6efac58674c0e1b,False,False,False,img_ea1f81bdd6efac58674c0e1b::pitch_up_56,,,,,,,,,,,,,,,,,,,,,,,,,,
5.30083022918582,5.397498001921309,right,yaw_minus_35,img_ea1f81bdd6efac58674c0e1b,False,True,False,img_ea1f81bdd6efac58674c0e1b::yaw_minus_35,,,,,,,,,,,,,,,,,,,,,,,,,,
5.30083022918582,5.397498001921309,right,yaw_plus_35,img_ea1f81bdd6efac58674c0e1b,False,True,False,img_ea1f81bdd6efac58674c0e1b::yaw_plus_35,,,,,,,,,,,,,,,,,,,,,,,,,,
1.7276554718399555,8.74652360715793,right,pitch_up_56,img_ea26996fa398f540eb0ce21a,False,False,False,img_ea26996fa398f540eb0ce21a::pitch_up_56,,,,,,,,,,,,,,,,,,,,,,,,,,
1.7276554718399555,8.74652360715793,right,yaw_minus_35,img_ea26996fa398f540eb0ce21a,False,False,False,img_ea26996fa398f540eb0ce21a::yaw_minus_35,,,,,,,,,,,,,,,,,,,,,,,,,,
1.7276554718399555,8.74652360715793,right,yaw_plus_35,img_ea26996fa398f540eb0ce21a,False,False,False,img_ea26996fa398f540eb0ce21a::yaw_plus_35,,,,,,,,,,,,,,,,,,,,,,,,,,
-10.473973694547535,10.805093862648464,right,yaw_minus_35,img_eac8d6fea7b11f2aed473852,False,True,True,img_eac8d6fea7b11f2aed473852::yaw_minus_35,-3.831677418772837,-3.7646865775296856,-3.051902327660877,153,11480,11709,68,18829,18829,6.981035423278809,7.064612865447998,7.769172286987304,10.819304774474084,-3.8324140230069954,-3.766212372573487,-3.0727038970750065,0,11332,11332,0,18829,18829,6.980036354064941,7.060354232788086,7.738611483573914,10.820411121063863
3.2918186200335775,6.65378536847551,left,yaw_plus_35,img_ebb44aa4fd7128a21d824082,False,True,False,img_ebb44aa4fd7128a21d824082::yaw_plus_35,,,,,,,,,,,,,,,,,,,,,,,,,,
-4.889655725839747,5.269604881135898,left,pitch_up_56,img_eca6b916bacacf912bf06b66,False,False,False,img_eca6b916bacacf912bf06b66::pitch_up_56,,,,,,,,,,,,,,,,,,,,,,,,,,
-4.889655725839747,5.269604881135898,left,yaw_plus_35,img_eca6b916bacacf912bf06b66,False,False,False,img_eca6b916bacacf912bf06b66::yaw_plus_35,,,,,,,,,,,,,,,,,,,,,,,,,,
-3.405912834202872,7.77489657626573,right,pitch_up_56,img_ee0485aae04823911b094b7b,False,False,False,img_ee0485aae04823911b094b7b::pitch_up_56,,,,,,,,,,,,,,,,,,,,,,,,,,
-3.405912834202872,7.77489657626573,right,yaw_minus_35,img_ee0485aae04823911b094b7b,False,True,True,img_ee0485aae04823911b094b7b::yaw_minus_35,-4.3270452201269585,-2.390608399730863,1.493589019799294,607,10343,11445,131,26625,26625,3.670076608657837,5.264894962310791,9.245826530456544,7.758828331845257,-4.500156237122327,-4.0676548022834895,-3.7017748220366737,0,2575,2575,0,26625,26625,3.6417694330215453,3.701204299926758,3.7591609001159667,7.771565632278385
-8.301753960348611,8.324531561777818,left,pitch_up_56,img_eeaaf4a5a026cc79fff21b37,False,False,False,img_eeaaf4a5a026cc79fff21b37::pitch_up_56,,,,,,,,,,,,,,,,,,,,,,,,,,
-8.301753960348611,8.324531561777818,left,yaw_plus_35,img_eeaaf4a5a026cc79fff21b37,False,False,False,img_eeaaf4a5a026cc79fff21b37::yaw_plus_35,,,,,,,,,,,,,,,,,,,,,,,,,,
-4.740913304750397,7.246449001689034,right,pitch_up_56,img_eeceff5515532096691986e5,False,False,False,img_eeceff5515532096691986e5::pitch_up_56,,,,,,,,,,,,,,,,,,,,,,,,,,
-4.740913304750397,7.246449001689034,right,yaw_minus_35,img_eeceff5515532096691986e5,False,False,False,img_eeceff5515532096691986e5::yaw_minus_35,,,,,,,,,,,,,,,,,,,,,,,,,,
-4.740913304750397,7.246449001689034,right,yaw_plus_35,img_eeceff5515532096691986e5,False,True,True,img_eeceff5515532096691986e5::yaw_plus_35,-5.015379900835087,-1.42961993688548,2.076974589653396,1845,11229,13703,143,33403,33403,2.3487065076828,5.920856952667236,9.562882041931152,7.241359074799214,-5.20339395829785,-4.72366781670917,-4.312546746153701,0,3721,3721,0,33403,33403,2.3057119846343994,2.5163092613220215,2.668947219848633,7.216981073864157
0.5080325002232493,1.3820065649383402,right,pitch_down_56,img_eee76b0c1f95c447b6eb24bc,False,False,False,img_eee76b0c1f95c447b6eb24bc::pitch_down_56,,,,,,,,,,,,,,,,,,,,,,,,,,
0.5080325002232493,1.3820065649383402,right,pitch_up_56,img_eee76b0c1f95c447b6eb24bc,False,True,False,img_eee76b0c1f95c447b6eb24bc::pitch_up_56,,,,,,,,,,,,,,,,,,,,,,,,,,
0.5080325002232493,1.3820065649383402,right,yaw_minus_35,img_eee76b0c1f95c447b6eb24bc,False,True,False,img_eee76b0c1f95c447b6eb24bc::yaw_minus_35,,,,,,,,,,,,,,,,,,,,,,,,,,
0.5080325002232493,1.3820065649383402,right,yaw_plus_35,img_eee76b0c1f95c447b6eb24bc,False,False,False,img_eee76b0c1f95c447b6eb24bc::yaw_plus_35,,,,,,,,,,,,,,,,,,,,,,,,,,
3.310592741511481,6.714498811558566,left,yaw_plus_35,img_ef40b78b1d380170b13f632c,False,False,False,img_ef40b78b1d380170b13f632c::yaw_plus_35,,,,,,,,,,,,,,,,,,,,,,,,,,
-7.134559775944787,8.673730293451348,right,pitch_up_56,img_ef51ea18654a5079d4e233ba,False,False,False,img_ef51ea18654a5079d4e233ba::pitch_up_56,,,,,,,,,,,,,,,,,,,,,,,,,,
-7.134559775944787,8.673730293451348,right,yaw_minus_35,img_ef51ea18654a5079d4e233ba,False,False,False,img_ef51ea18654a5079d4e233ba::yaw_minus_35,,,,,,,,,,,,,,,,,,,,,,,,,,
-7.134559775944787,8.673730293451348,right,yaw_plus_35,img_ef51ea18654a5079d4e233ba,False,True,True,img_ef51ea18654a5079d4e233ba::yaw_plus_35,-4.555314934667079,-4.3113105293802025,1.540685551835237,685,10526,11721,424,32965,32965,4.158877372741699,4.369148254394531,10.212739944458008,8.676199328484984,-4.566042484797805,-4.392313668472354,-4.08451065560122,0,8204,8204,0,32965,32965,4.149590539932251,4.297769069671631,4.57101719379425,8.67520789620836
3.422219123997115,6.508905578549991,right,pitch_up_56,img_ef78b6a90549d802aaf81efd,False,False,False,img_ef78b6a90549d802aaf81efd::pitch_up_56,,,,,,,,,,,,,,,,,,,,,,,,,,
3.422219123997115,6.508905578549991,right,yaw_minus_35,img_ef78b6a90549d802aaf81efd,False,True,False,img_ef78b6a90549d802aaf81efd::yaw_minus_35,,,,,,,,,,,,,,,,,,,,,,,,,,
-13.585223860771762,13.808449277336944,left,pitch_up_56,img_f029e0f1f983d146f96286a0,False,False,False,img_f029e0f1f983d146f96286a0::pitch_up_56,,,,,,,,,,,,,,,,,,,,,,,,,,
-13.585223860771762,13.808449277336944,left,yaw_minus_35,img_f029e0f1f983d146f96286a0,False,False,False,img_f029e0f1f983d146f96286a0::yaw_minus_35,,,,,,,,,,,,,,,,,,,,,,,,,,
-13.585223860771762,13.808449277336944,left,yaw_plus_35,img_f029e0f1f983d146f96286a0,False,True,True,img_f029e0f1f983d146f96286a0::yaw_plus_35,-3.751108633242408,-3.709450016301389,-0.11177354484517503,328,5963,7357,989,10719,10719,10.035283279418945,10.106257438659668,13.788286209106445,13.817783785839072,-3.751844961087145,-3.713333688940976,-0.1321237713181589,26,5960,6389,332,10719,10718,10.033699989318848,10.098832130432129,13.75980739593506,13.808004419020685
-6.776835406699213,8.279417017016687,right,pitch_up_56,img_f04af7535fdbb03e8401bbe0,False,False,False,img_f04af7535fdbb03e8401bbe0::pitch_up_56,,,,,,,,,,,,,,,,,,,,,,,,,,
-6.776835406699213,8.279417017016687,right,yaw_minus_35,img_f04af7535fdbb03e8401bbe0,False,True,False,img_f04af7535fdbb03e8401bbe0::yaw_minus_35,,,,,,,,,,,,,,,,,,,,,,,,,,
-4.9073788881627545,5.60110224411295,left,pitch_up_56,img_f0ff00b70da5711d5c787073,False,False,False,img_f0ff00b70da5711d5c787073::pitch_up_56,,,,,,,,,,,,,,,,,,,,,,,,,,
-4.9073788881627545,5.60110224411295,left,yaw_plus_35,img_f0ff00b70da5711d5c787073,False,False,False,img_f0ff00b70da5711d5c787073::yaw_plus_35,,,,,,,,,,,,,,,,,,,,,,,,,,
0.2682366742648006,0.3416141809280667,right,pitch_down_56,img_f1799d46a7022022561e4cd1,False,False,False,img_f1799d46a7022022561e4cd1::pitch_down_56,,,,,,,,,,,,,,,,,,,,,,,,,,
0.2682366742648006,0.3416141809280667,right,pitch_up_56,img_f1799d46a7022022561e4cd1,True,False,False,img_f1799d46a7022022561e4cd1::pitch_up_56,,,,,,,,,,,,,,,,,,,,,,,,,,
0.2682366742648006,0.3416141809280667,right,yaw_minus_35,img_f1799d46a7022022561e4cd1,False,False,False,img_f1799d46a7022022561e4cd1::yaw_minus_35,,,,,,,,,,,,,,,,,,,,,,,,,,
0.2682366742648006,0.3416141809280667,right,yaw_plus_35,img_f1799d46a7022022561e4cd1,True,False,False,img_f1799d46a7022022561e4cd1::yaw_plus_35,,,,,,,,,,,,,,,,,,,,,,,,,,
-6.337250727379182,7.062820490815897,right,yaw_minus_35,img_f183b48604735a8c86b10b9b,False,True,False,img_f183b48604735a8c86b10b9b::yaw_minus_35,,,,,,,,,,,,,,,,,,,,,,,,,,
3.899951272303547,8.0261642412917,right,pitch_up_56,img_f218d51dae29bd11fe08c9e2,False,False,False,img_f218d51dae29bd11fe08c9e2::pitch_up_56,,,,,,,,,,,,,,,,,,,,,,,,,,
3.899951272303547,8.0261642412917,right,yaw_minus_35,img_f218d51dae29bd11fe08c9e2,False,True,True,img_f218d51dae29bd11fe08c9e2::yaw_minus_35,-3.789381574762716,0.2522161636095692,4.168961031198605,4122,2714,10561,651,19581,19581,4.216794967651367,8.462279319763184,12.059409141540527,8.017156629346823,-3.898126139052257,0.2467705845779573,1.377432135133687,2427,1883,7655,479,19581,19559,4.197197151184082,8.432808876037598,9.225599193572998,8.021572207018012
3.899951272303547,8.0261642412917,right,yaw_plus_35,img_f218d51dae29bd11fe08c9e2,False,False,False,img_f218d51dae29bd11fe08c9e2::yaw_plus_35,,,,,,,,,,,,,,,,,,,,,,,,,,
-6.208499624455748,8.998741574044207,right,yaw_minus_35,img_f2585d3a202c23e6a618ac51,False,True,True,img_f2585d3a202c23e6a618ac51::yaw_minus_35,-5.416864731173712,-3.549323033799169,-0.13978620142730394,496,11124,13354,182,23722,23722,3.8458078622817995,5.476191282272339,8.85567660331726,9.00127086433726,-5.488890878548128,-5.070694348092248,-4.6723667133645606,0,5081,5081,0,23722,23722,3.8221230506896973,3.947530746459961,4.0645904541015625,9.015141662519099
-10.366425458682919,10.661780678673916,right,yaw_minus_35,img_f266fb814ed9e48ef6890df7,False,True,True,img_f266fb814ed9e48ef6890df7::yaw_minus_35,-3.8107951014376105,-3.746502910005187,-1.4542157672548541,297,13832,14285,142,26343,26343,6.847820663452149,6.943244457244873,9.145495796203612,10.675419293272776,-3.8117710635611277,-3.7496188795871728,-3.060852913546169,0,13519,13519,0,26343,26343,6.847240924835205,6.939208030700684,7.602963495254516,10.676896572450675
-5.646819962717274,5.664475220389867,right,pitch_up_56,img_f2a30da6a549712b99cdddf8,False,False,False,img_f2a30da6a549712b99cdddf8::pitch_up_56,,,,,,,,,,,,,,,,,,,,,,,,,,
-5.646819962717274,5.664475220389867,right,yaw_plus_35,img_f2a30da6a549712b99cdddf8,False,False,False,img_f2a30da6a549712b99cdddf8::yaw_plus_35,,,,,,,,,,,,,,,,,,,,,,,,,,
1.2236694969909796,6.006388715715569,right,pitch_down_56,img_f2e26c722981ec0176325e6b,False,False,False,img_f2e26c722981ec0176325e6b::pitch_down_56,,,,,,,,,,,,,,,,,,,,,,,,,,
1.2236694969909796,6.006388715715569,right,pitch_up_56,img_f2e26c722981ec0176325e6b,False,True,False,img_f2e26c722981ec0176325e6b::pitch_up_56,,,,,,,,,,,,,,,,,,,,,,,,,,
1.2236694969909796,6.006388715715569,right,yaw_minus_35,img_f2e26c722981ec0176325e6b,False,True,True,img_f2e26c722981ec0176325e6b::yaw_minus_35,-0.07071410728483016,0.5758420203912227,3.612470304031619,6417,0,8665,1392,17662,17662,5.527070140838623,6.487980365753174,9.745855522155761,5.977320195568759,-0.07505394462073357,0.5426346771958919,1.0832557714412594,5361,0,7609,1392,17662,17662,5.520749568939209,6.475720405578613,7.428273105621337,5.9727213626349585
1.2236694969909796,6.006388715715569,right,yaw_plus_35,img_f2e26c722981ec0176325e6b,False,False,False,img_f2e26c722981ec0176325e6b::yaw_plus_35,,,,,,,,,,,,,,,,,,,,,,,,,,
1.9041900569476808,7.50999935136354,right,pitch_up_56,img_f2e31727fc02a2394640f8b4,False,False,False,img_f2e31727fc02a2394640f8b4::pitch_up_56,,,,,,,,,,,,,,,,,,,,,,,,,,
1.9041900569476808,7.50999935136354,right,yaw_minus_35,img_f2e31727fc02a2394640f8b4,False,True,True,img_f2e31727fc02a2394640f8b4::yaw_minus_35,-0.05869622399330864,0.4699680649675866,3.068367542447528,4787,29,6675,1042,10472,10472,7.073890256881714,7.974857330322266,10.317418861389159,7.47757581076571,-0.06263829521397088,0.4513012937135885,0.9797326815293325,4071,29,5959,1042,10472,10472,7.0409688472747805,7.952882766723633,8.688397979736328,7.502903297469946
1.9041900569476808,7.50999935136354,right,yaw_plus_35,img_f2e31727fc02a2394640f8b4,False,False,False,img_f2e31727fc02a2394640f8b4::yaw_plus_35,,,,,,,,,,,,,,,,,,,,,,,,,,
-3.2431651962613373,7.73723317488585,right,pitch_up_56,img_f3d8c24aaa1e434fce0c84c9,False,False,False,img_f3d8c24aaa1e434fce0c84c9::pitch_up_56,,,,,,,,,,,,,,,,,,,,,,,,,,
-3.2431651962613373,7.73723317488585,right,yaw_minus_35,img_f3d8c24aaa1e434fce0c84c9,False,True,True,img_f3d8c24aaa1e434fce0c84c9::yaw_minus_35,-4.267123260391723,-2.3529304432322937,-0.2111522117945235,375,10346,11124,152,23834,23834,3.6765172123908996,5.270073890686035,7.787245535850526,7.714622584321027,-4.451514963796247,-4.017578984463496,-3.653943106378659,0,2577,2577,0,23834,23834,3.661960506439209,3.7009530067443848,3.7619555473327635,7.716081444272756
1.1770436564863602,6.015812408523298,right,pitch_down_56,img_f4bf71d79eb426e24a089014,False,False,False,img_f4bf71d79eb426e24a089014::pitch_down_56,,,,,,,,,,,,,,,,,,,,,,,,,,
1.1770436564863602,6.015812408523298,right,pitch_up_56,img_f4bf71d79eb426e24a089014,False,False,False,img_f4bf71d79eb426e24a089014::pitch_up_56,,,,,,,,,,,,,,,,,,,,,,,,,,
1.1770436564863602,6.015812408523298,right,yaw_minus_35,img_f4bf71d79eb426e24a089014,False,True,True,img_f4bf71d79eb426e24a089014::yaw_minus_35,-0.07505621782755928,0.5908106605802783,3.6284291724029547,6258,0,8538,1428,17451,17451,5.529431271553039,6.495729207992554,9.756711769104005,5.987204670250519,-0.07886450064999435,0.552864824941885,1.1201626740195276,5224,0,7504,1428,17451,17451,5.524863362312317,6.484233856201172,7.475456762313843,5.985926549941016
1.1770436564863602,6.015812408523298,right,yaw_plus_35,img_f4bf71d79eb426e24a089014,False,False,False,img_f4bf71d79eb426e24a089014::yaw_plus_35,,,,,,,,,,,,,,,,,,,,,,,,,,
2.8419143258598627,8.824045846755368,right,pitch_up_56,img_f4e71c9e7ff3353987c9c41a,False,False,False,img_f4e71c9e7ff3353987c9c41a::pitch_up_56,,,,,,,,,,,,,,,,,,,,,,,,,,
2.8419143258598627,8.824045846755368,right,yaw_minus_35,img_f4e71c9e7ff3353987c9c41a,False,True,True,img_f4e71c9e7ff3353987c9c41a::yaw_minus_35,-0.04574851564274772,0.3812770442855449,2.8122737038928785,4404,91,6153,870,11542,11542,8.401198959350586,9.297646522521973,11.40051918029785,8.797710233413056,-0.05144028085843652,0.37198010960540895,1.2378214959166043,3688,91,5344,831,11542,11538,8.360550451278687,9.286769390106201,9.796616411209106,8.817977465700046
2.8419143258598627,8.824045846755368,right,yaw_plus_35,img_f4e71c9e7ff3353987c9c41a,False,False,False,img_f4e71c9e7ff3353987c9c41a::yaw_plus_35,,,,,,,,,,,,,,,,,,,,,,,,,,
5.163821900567171,6.599477382470746,right,pitch_up_56,img_f5f133cabb2d110c4de5284e,False,False,False,img_f5f133cabb2d110c4de5284e::pitch_up_56,,,,,,,,,,,,,,,,,,,,,,,,,,
5.163821900567171,6.599477382470746,right,yaw_minus_35,img_f5f133cabb2d110c4de5284e,True,True,True,img_f5f133cabb2d110c4de5284e::yaw_minus_35,0.09597209385322303,0.738582551376636,4.525553979903354,13958,0,21778,4409,48817,48817,6.646380734443665,7.380281209945679,10.937759637832642,6.610599585428902,0.07169980023668998,0.336917432897887,2.4131874088666185,8211,0,16031,4409,48817,48650,6.599205255508423,7.095393657684326,8.863645076751709,6.659139422087403
5.163821900567171,6.599477382470746,right,yaw_plus_35,img_f5f133cabb2d110c4de5284e,False,False,False,img_f5f133cabb2d110c4de5284e::yaw_plus_35,,,,,,,,,,,,,,,,,,,,,,,,,,
-11.845373657807919,12.195928659519925,left,pitch_up_56,img_f62c18a51fe6eeab821492db,False,False,False,img_f62c18a51fe6eeab821492db::pitch_up_56,,,,,,,,,,,,,,,,,,,,,,,,,,
-11.845373657807919,12.195928659519925,left,yaw_plus_35,img_f62c18a51fe6eeab821492db,False,True,True,img_f62c18a51fe6eeab821492db::yaw_plus_35,-3.8234148282923246,-3.744916439119791,-2.7358006233581933,180,11063,11268,23,20104,20104,8.380520915985107,8.468835353851318,9.344685173034668,12.20572004574802,-3.823919950303246,-3.7469653049180813,-3.060674680775956,0,10854,10854,0,20104,20104,8.380023050308228,8.465738773345947,9.127657461166383,12.208975753191112
-8.948714082049879,9.57015029634898,left,pitch_up_56,img_f6a41d2296905ce621e12836,False,False,False,img_f6a41d2296905ce621e12836::pitch_up_56,,,,,,,,,,,,,,,,,,,,,,,,,,
-8.948714082049879,9.57015029634898,left,yaw_minus_35,img_f6a41d2296905ce621e12836,False,False,False,img_f6a41d2296905ce621e12836::yaw_minus_35,,,,,,,,,,,,,,,,,,,,,,,,,,
-8.948714082049879,9.57015029634898,left,yaw_plus_35,img_f6a41d2296905ce621e12836,False,False,False,img_f6a41d2296905ce621e12836::yaw_plus_35,,,,,,,,,,,,,,,,,,,,,,,,,,
-9.376943257283893,9.393685049517902,right,pitch_up_56,img_f7140eacb75d560d184fb31f,False,False,False,img_f7140eacb75d560d184fb31f::pitch_up_56,,,,,,,,,,,,,,,,,,,,,,,,,,
-9.376943257283893,9.393685049517902,right,yaw_minus_35,img_f7140eacb75d560d184fb31f,False,True,True,img_f7140eacb75d560d184fb31f::yaw_minus_35,-3.674536308283769,-0.11127521230673487,10.55405243448877,5331,3457,11224,2413,33262,32949,5.7223011493682865,9.342988014221191,19.957404708862306,9.412006757548733,-3.6793807992750227,-0.12500578979810228,2.1323854771228192,1907,3412,7470,2129,33262,32412,5.71427001953125,9.29502534866333,11.534874296188354,9.40891655677639
0.8452187352427072,5.171528126480316,left,yaw_plus_35,img_f7ab5b5375d058e24fa94d7a,False,True,False,img_f7ab5b5375d058e24fa94d7a::yaw_plus_35,,,,,,,,,,,,,,,,,,,,,,,,,,
-1.1373571861842016,1.2379073589519782,right,pitch_down_56,img_f7b75abef16041d243e1cb24,False,False,False,img_f7b75abef16041d243e1cb24::pitch_down_56,,,,,,,,,,,,,,,,,,,,,,,,,,
-1.1373571861842016,1.2379073589519782,right,pitch_up_56,img_f7b75abef16041d243e1cb24,False,False,False,img_f7b75abef16041d243e1cb24::pitch_up_56,,,,,,,,,,,,,,,,,,,,,,,,,,
-1.1373571861842016,1.2379073589519782,right,yaw_minus_35,img_f7b75abef16041d243e1cb24,False,False,False,img_f7b75abef16041d243e1cb24::yaw_minus_35,,,,,,,,,,,,,,,,,,,,,,,,,,
-1.1373571861842016,1.2379073589519782,right,yaw_plus_35,img_f7b75abef16041d243e1cb24,False,False,False,img_f7b75abef16041d243e1cb24::yaw_plus_35,,,,,,,,,,,,,,,,,,,,,,,,,,
-3.0382388535882567,3.044107535983062,right,pitch_down_56,img_f89e0e1434c5b600664c93cc,False,False,False,img_f89e0e1434c5b600664c93cc::pitch_down_56,,,,,,,,,,,,,,,,,,,,,,,,,,
-3.0382388535882567,3.044107535983062,right,yaw_plus_35,img_f89e0e1434c5b600664c93cc,False,False,False,img_f89e0e1434c5b600664c93cc::yaw_plus_35,,,,,,,,,,,,,,,,,,,,,,,,,,
-5.176568237007682,5.216428978041657,right,pitch_up_56,img_f8b73b376042c741c55a06cd,False,False,False,img_f8b73b376042c741c55a06cd::pitch_up_56,,,,,,,,,,,,,,,,,,,,,,,,,,
-5.176568237007682,5.216428978041657,right,yaw_minus_35,img_f8b73b376042c741c55a06cd,False,False,False,img_f8b73b376042c741c55a06cd::yaw_minus_35,,,,,,,,,,,,,,,,,,,,,,,,,,
-5.176568237007682,5.216428978041657,right,yaw_plus_35,img_f8b73b376042c741c55a06cd,False,True,True,img_f8b73b376042c741c55a06cd::yaw_plus_35,-0.12628920077769087,1.5837560220970825,21.026226829633966,21570,1,27123,5355,69588,53268,5.132708787918091,6.910590171813965,26.25676441192627,5.26464867145377,-0.13273456664356645,-0.1151315351288531,1.4466293392443117,3103,1,8430,5143,69588,50948,5.118056321144104,5.231440782546997,6.670046997070313,5.2642042629021
-4.133176298252845,7.881706740737542,left,pitch_up_56,img_f90a0e7c2348a7898510133c,False,False,False,img_f90a0e7c2348a7898510133c::pitch_up_56,,,,,,,,,,,,,,,,,,,,,,,,,,
-4.133176298252845,7.881706740737542,left,yaw_minus_35,img_f90a0e7c2348a7898510133c,False,False,False,img_f90a0e7c2348a7898510133c::yaw_minus_35,,,,,,,,,,,,,,,,,,,,,,,,,,
-4.133176298252845,7.881706740737542,left,yaw_plus_35,img_f90a0e7c2348a7898510133c,False,True,False,img_f90a0e7c2348a7898510133c::yaw_plus_35,,,,,,,,,,,,,,,,,,,,,,,,,,
-2.9363357143376785,7.5246325990460585,left,pitch_down_56,img_f9abc9581a5c24b6086035c3,False,False,False,img_f9abc9581a5c24b6086035c3::pitch_down_56,,,,,,,,,,,,,,,,,,,,,,,,,,
-2.9363357143376785,7.5246325990460585,left,pitch_up_56,img_f9abc9581a5c24b6086035c3,False,False,False,img_f9abc9581a5c24b6086035c3::pitch_up_56,,,,,,,,,,,,,,,,,,,,,,,,,,
-2.9363357143376785,7.5246325990460585,left,yaw_minus_35,img_f9abc9581a5c24b6086035c3,False,False,False,img_f9abc9581a5c24b6086035c3::yaw_minus_35,,,,,,,,,,,,,,,,,,,,,,,,,,
-2.9363357143376785,7.5246325990460585,left,yaw_plus_35,img_f9abc9581a5c24b6086035c3,False,True,True,img_f9abc9581a5c24b6086035c3::yaw_plus_35,-4.235634638040713,-1.7719350575779922,-0.30468425559693024,267,9795,10291,136,20092,20092,3.527889370918274,5.6379523277282715,7.249408721923828,7.513929966278672,-4.406942000653463,-3.9771620706214943,-3.614044281591512,0,2285,2285,0,20092,20092,3.5064292430877684,3.5454766750335693,3.593181610107422,7.531525512362867
-1.6594834356112211,1.9450604160945149,left,pitch_down_56,img_f9eb2cffff53e048735a99bc,False,False,False,img_f9eb2cffff53e048735a99bc::pitch_down_56,,,,,,,,,,,,,,,,,,,,,,,,,,
-1.6594834356112211,1.9450604160945149,left,pitch_up_56,img_f9eb2cffff53e048735a99bc,False,False,False,img_f9eb2cffff53e048735a99bc::pitch_up_56,,,,,,,,,,,,,,,,,,,,,,,,,,
-1.6594834356112211,1.9450604160945149,left,yaw_minus_35,img_f9eb2cffff53e048735a99bc,False,False,False,img_f9eb2cffff53e048735a99bc::yaw_minus_35,,,,,,,,,,,,,,,,,,,,,,,,,,
-1.6594834356112211,1.9450604160945149,left,yaw_plus_35,img_f9eb2cffff53e048735a99bc,False,False,False,img_f9eb2cffff53e048735a99bc::yaw_plus_35,,,,,,,,,,,,,,,,,,,,,,,,,,
-2.4656917338820517,2.5064279223295745,right,yaw_minus_35,img_fa406b2765880acfff439bb7,False,False,False,img_fa406b2765880acfff439bb7::yaw_minus_35,,,,,,,,,,,,,,,,,,,,,,,,,,
-10.015601575380998,10.018156527564564,right,pitch_up_56,img_fa65b3aa880c9101e305af46,False,False,False,img_fa65b3aa880c9101e305af46::pitch_up_56,,,,,,,,,,,,,,,,,,,,,,,,,,
-10.015601575380998,10.018156527564564,right,yaw_minus_35,img_fa65b3aa880c9101e305af46,False,True,True,img_fa65b3aa880c9101e305af46::yaw_minus_35,-6.867388171839091,-0.12155916248564402,9.48164500466873,3673,4321,10606,2457,24026,24026,3.1761175394058228,9.915948867797852,19.53098201751709,10.035036283169118,-6.87420603272145,-1.2946191697915328,1.5572041738286053,557,4318,6380,1494,24026,23888,3.172944390773773,8.732152462005615,11.604355955123902,10.033850936685754
-8.64003576069451,10.080365011055438,left,pitch_up_56,img_faa25ac6c422ab56ed53979a,False,False,False,img_faa25ac6c422ab56ed53979a::pitch_up_56,,,,,,,,,,,,,,,,,,,,,,,,,,
-8.64003576069451,10.080365011055438,left,yaw_minus_35,img_faa25ac6c422ab56ed53979a,False,False,False,img_faa25ac6c422ab56ed53979a::yaw_minus_35,,,,,,,,,,,,,,,,,,,,,,,,,,
-8.64003576069451,10.080365011055438,left,yaw_plus_35,img_faa25ac6c422ab56ed53979a,False,True,False,img_faa25ac6c422ab56ed53979a::yaw_plus_35,,,,,,,,,,,,,,,,,,,,,,,,,,
-1.3865155611502291,2.3987276514752565,left,pitch_down_56,img_fb8d4e5c370423a144a63ab7,False,False,False,img_fb8d4e5c370423a144a63ab7::pitch_down_56,,,,,,,,,,,,,,,,,,,,,,,,,,
-1.3865155611502291,2.3987276514752565,left,pitch_up_56,img_fb8d4e5c370423a144a63ab7,False,False,False,img_fb8d4e5c370423a144a63ab7::pitch_up_56,,,,,,,,,,,,,,,,,,,,,,,,,,
-1.3865155611502291,2.3987276514752565,left,yaw_minus_35,img_fb8d4e5c370423a144a63ab7,False,False,False,img_fb8d4e5c370423a144a63ab7::yaw_minus_35,,,,,,,,,,,,,,,,,,,,,,,,,,
-1.3865155611502291,2.3987276514752565,left,yaw_plus_35,img_fb8d4e5c370423a144a63ab7,False,True,True,img_fb8d4e5c370423a144a63ab7::yaw_plus_35,-1.2923363966244743,2.1162479742978477,12.863165696207309,54853,16507,80145,2395,231346,230973,1.0749574422836303,4.491301536560059,15.22671928405762,2.3661468967942922,-1.803014345184521,-1.041858218684757,-0.1615969267639823,279,9628,11021,235,231346,223746,0.8547787070274353,1.2260375022888184,2.053631544113159,2.3429785217774524
0.8168055935776597,5.238042685721039,right,pitch_down_56,img_fc66080d5ff5d4c012c31698,False,False,False,img_fc66080d5ff5d4c012c31698::pitch_down_56,,,,,,,,,,,,,,,,,,,,,,,,,,
0.8168055935776597,5.238042685721039,right,pitch_up_56,img_fc66080d5ff5d4c012c31698,False,False,False,img_fc66080d5ff5d4c012c31698::pitch_up_56,,,,,,,,,,,,,,,,,,,,,,,,,,
0.8168055935776597,5.238042685721039,right,yaw_minus_35,img_fc66080d5ff5d4c012c31698,False,True,True,img_fc66080d5ff5d4c012c31698::yaw_minus_35,-0.10109550103861861,0.6207788379892953,3.5805756705865317,5155,0,7388,1508,15643,15643,4.737247014045716,5.715484380722046,8.947407960891724,5.201734218401215,-0.10802807160971213,0.4587400508057522,1.2950272387576052,3705,0,5938,1508,15643,15643,4.732309651374817,5.697075366973877,6.7932250022888185,5.2319198044728985
0.8168055935776597,5.238042685721039,right,yaw_plus_35,img_fc66080d5ff5d4c012c31698,False,False,False,img_fc66080d5ff5d4c012c31698::yaw_plus_35,,,,,,,,,,,,,,,,,,,,,,,,,,
0.6799934206844437,0.7337206069496924,left,pitch_down_56,img_fce08d9c2de871a505cf83b2,False,False,False,img_fce08d9c2de871a505cf83b2::pitch_down_56,,,,,,,,,,,,,,,,,,,,,,,,,,
0.6799934206844437,0.7337206069496924,left,pitch_up_56,img_fce08d9c2de871a505cf83b2,False,False,False,img_fce08d9c2de871a505cf83b2::pitch_up_56,,,,,,,,,,,,,,,,,,,,,,,,,,
0.6799934206844437,0.7337206069496924,left,yaw_plus_35,img_fce08d9c2de871a505cf83b2,False,False,False,img_fce08d9c2de871a505cf83b2::yaw_plus_35,,,,,,,,,,,,,,,,,,,,,,,,,,
0.5871897227425091,1.4136589350959168,left,yaw_plus_35,img_fdf56b0a509ae739efc34a67,False,False,False,img_fdf56b0a509ae739efc34a67::yaw_plus_35,,,,,,,,,,,,,,,,,,,,,,,,,,
2.552685930910645,6.404951788644802,right,pitch_up_56,img_fe46c480df46c4db13c4fd6c,False,False,False,img_fe46c480df46c4db13c4fd6c::pitch_up_56,,,,,,,,,,,,,,,,,,,,,,,,,,
2.552685930910645,6.404951788644802,right,yaw_minus_35,img_fe46c480df46c4db13c4fd6c,False,True,True,img_fe46c480df46c4db13c4fd6c::yaw_minus_35,0.02516459896355552,0.4402597916739235,3.3059453488648436,9215,0,14848,1841,25403,25403,6.366239547729492,6.905220031738281,9.397948026657104,6.397064427291216,0.012876534686501807,0.31071042439534935,0.9271204024808032,6780,0,12413,1841,25403,25403,6.309453868865967,6.8801589012146,7.287750148773194,6.450353964708546
-1.7954891424293211,1.8194411025838317,left,pitch_down_56,img_ff02d8c153151283c2e34cd4,False,False,False,img_ff02d8c153151283c2e34cd4::pitch_down_56,,,,,,,,,,,,,,,,,,,,,,,,,,
-1.7954891424293211,1.8194411025838317,left,pitch_up_56,img_ff02d8c153151283c2e34cd4,False,False,False,img_ff02d8c153151283c2e34cd4::pitch_up_56,,,,,,,,,,,,,,,,,,,,,,,,,,
-1.7954891424293211,1.8194411025838317,left,yaw_minus_35,img_ff02d8c153151283c2e34cd4,False,False,False,img_ff02d8c153151283c2e34cd4::yaw_minus_35,,,,,,,,,,,,,,,,,,,,,,,,,,
-1.7954891424293211,1.8194411025838317,left,yaw_plus_35,img_ff02d8c153151283c2e34cd4,False,False,False,img_ff02d8c153151283c2e34cd4::yaw_plus_35,,,,,,,,,,,,,,,,,,,,,,,,,,
-1.7858263956695142,2.1402157761513334,right,pitch_down_56,img_ff7bb1d8e38e09e81058a33b,False,False,False,img_ff7bb1d8e38e09e81058a33b::pitch_down_56,,,,,,,,,,,,,,,,,,,,,,,,,,
-1.7858263956695142,2.1402157761513334,right,pitch_up_56,img_ff7bb1d8e38e09e81058a33b,False,False,False,img_ff7bb1d8e38e09e81058a33b::pitch_up_56,,,,,,,,,,,,,,,,,,,,,,,,,,
-1.7858263956695142,2.1402157761513334,right,yaw_minus_35,img_ff7bb1d8e38e09e81058a33b,False,True,True,img_ff7bb1d8e38e09e81058a33b::yaw_minus_35,-1.0460122497432047,2.4142347875703125,16.630291880272765,101271,11716,122891,5845,398736,397450,1.065151333808899,4.604581832885742,18.679491996765137,2.152064878802313,-1.2995988107429763,-0.14771099217532369,2.8222286608027463,9684,10880,23684,2050,398736,382480,0.8844562947750092,2.0499002933502197,5.117527961730954,2.2179662846897497
-1.7858263956695142,2.1402157761513334,right,yaw_plus_35,img_ff7bb1d8e38e09e81058a33b,False,False,False,img_ff7bb1d8e38e09e81058a33b::yaw_plus_35,,,,,,,,,,,,,,,,,,,,,,,,,,
-8.242729709787953,8.269517860473758,right,pitch_up_56,img_ffa390bbaefb6eec5a6f87fb,False,False,False,img_ffa390bbaefb6eec5a6f87fb::pitch_up_56,,,,,,,,,,,,,,,,,,,,,,,,,,
-8.242729709787953,8.269517860473758,right,yaw_minus_35,img_ffa390bbaefb6eec5a6f87fb,False,True,True,img_ffa390bbaefb6eec5a6f87fb::yaw_minus_35,-3.674113990720456,1.2112081771943322,20.74685232205808,8276,3655,16042,3796,39917,39917,4.592055988311768,9.5235276222229,29.040906715393067,8.29095327251081,-3.681707237010785,-0.1189003717289232,1.4829368964628435,2954,3062,9585,3289,39917,39383,4.582907009124756,8.192094802856445,9.773944473266601,8.289968827464524
